<?xml version="1.0" encoding="UTF-8"?>
<!DOCTYPE X3D PUBLIC "ISO//Web3D//DTD X3D 3.0//EN" "http://www.web3d.org/specifications/x3d-3.0.dtd">
<X3D version="3.0" profile="Immersive" xmlns:xsd="http://www.w3.org/2001/XMLSchema-instance" xsd:noNamespaceSchemaLocation="http://www.web3d.org/specifications/x3d-3.0.xsd">
	<head>
		<meta name="filename" content="azelf.x3d" />
		<meta name="generator" content="Blender 2.93.18" />
	</head>
	<Scene>
		<NavigationInfo headlight="true"
		                visibilityLimit="0.0"
		                type='"EXAMINE", "ANY"'
		                avatarSize="0.25, 1.75, 0.75"
		                />
		<Background DEF="WO_World"
		            groundColor="0.051 0.051 0.051"
		            skyColor="0.051 0.051 0.051"
		            />
		<Transform DEF="body_TRANSFORM"
		           translation="0.000000 0.191619 0.227736"
		           scale="1.000000 1.000000 1.000000"
		           rotation="0.000000 0.000000 1.000000 3.141593"
		           >
			<Transform DEF="body_ifs_TRANSFORM"
			           translation="0.000000 0.000000 0.000000"
			           scale="1.000000 1.000000 1.000000"
			           rotation="0.000000 1.000000 0.000000 0.000000"
			           >
				<Group DEF="group_ME_body">
					<Shape>
						<Appearance>
							<Material DEF="MA_Body"
							          diffuseColor="0.800 0.800 0.800"
							          specularColor="0.401 0.401 0.401"
							          emissiveColor="0.000 0.000 0.000"
							          ambientIntensity="0.000"
							          shininess="0.500"
							          transparency="0.0"
							          />
						</Appearance>
						<IndexedTriangleSet solid="false"
						                    normalPerVertex="true"
						                    index="0 1 2 0 2 3 4 5 6 4 6 7 8 9 10 8 10 11 12 13 14 12 14 15 4 16 17 4 17 15 18 5 14 18 14 19 "
						                    >
							<Coordinate point="-0.568680 -0.510970 0.091943 -0.568680 -0.333620 1.077565 -0.568680 0.688321 0.893679 -0.568680 0.510970 -0.091943 -0.568680 0.510970 -0.091943 -0.568680 0.688321 0.893679 0.568680 0.688321 0.893679 0.568680 0.510970 -0.091943 0.568680 0.510970 -0.091943 0.568680 0.688321 0.893679 0.568680 -0.333620 1.077565 0.568680 -0.510970 0.091943 0.568680 -0.510970 0.091943 0.568680 -0.333620 1.077565 -0.568680 -0.333620 1.077565 -0.568680 -0.510970 0.091943 0.568680 0.510970 -0.091943 0.568680 -0.510970 0.091943 0.568680 0.688321 0.893679 0.568680 -0.333620 1.077565 " />
							<Normal vector="-0.577349 -0.670461 -0.465957 -0.577349 -0.465957 0.670461 -0.577349 0.670461 0.465957 -0.577349 0.465957 -0.670461 -0.577349 0.465957 -0.670461 -0.577349 0.670461 0.465957 0.577349 0.670461 0.465957 0.577349 0.465957 -0.670461 0.577349 0.465957 -0.670461 0.577349 0.670461 0.465957 0.577349 -0.465957 0.670461 0.577349 -0.670461 -0.465957 0.577349 -0.670461 -0.465957 0.577349 -0.465957 0.670461 -0.577349 -0.465957 0.670461 -0.577349 -0.670461 -0.465957 0.577349 0.465957 -0.670461 0.577349 -0.670461 -0.465957 0.577349 0.670461 0.465957 0.577349 -0.465957 0.670461 " />
							<TextureCoordinate point="0.0354 0.5314 0.4686 0.5314 0.4686 0.9646 0.0354 0.9646 0.0354 0.5314 0.4686 0.5314 0.4686 0.9646 0.0354 0.9646 0.0354 0.5314 0.4686 0.5314 0.4686 0.9646 0.0354 0.9646 0.0354 0.5314 0.4686 0.5314 0.4686 0.9646 0.0354 0.9646 0.4686 0.5314 0.4686 0.9646 0.0354 0.5314 0.0354 0.9646 " />
						</IndexedTriangleSet>
					</Shape>
				</Group>
			</Transform>
			<Transform DEF="Cube_001_TRANSFORM"
			           translation="0.000000 0.160595 0.892504"
			           scale="1.000000 1.000000 1.000000"
			           rotation="0.000000 1.000000 0.000000 0.000000"
			           >
				<Transform DEF="Cube_001_ifs_TRANSFORM"
				           translation="0.000000 0.000000 0.000000"
				           scale="1.000000 1.000000 1.000000"
				           rotation="0.000000 1.000000 0.000000 0.000000"
				           >
					<Group DEF="group_ME_Cube_038">
						<Shape>
							<Appearance>
								<Material USE="MA_Body" />
							</Appearance>
							<IndexedTriangleSet solid="false"
							                    normalPerVertex="true"
							                    index="0 1 2 0 2 3 4 5 6 4 6 7 8 9 10 8 10 11 12 13 14 12 14 15 4 16 17 4 17 15 18 5 14 18 14 19 "
							                    >
								<Coordinate point="-0.379138 -0.401726 0.046612 -0.379138 -0.355338 0.446411 -0.379138 0.448114 0.353188 -0.379138 0.401726 -0.046612 -0.379138 0.401726 -0.046612 -0.379138 0.448114 0.353188 0.379138 0.448114 0.353188 0.379138 0.401726 -0.046612 0.379138 0.401726 -0.046612 0.379138 0.448114 0.353188 0.379138 -0.355338 0.446411 0.379138 -0.401726 0.046612 0.379138 -0.401726 0.046612 0.379138 -0.355338 0.446411 -0.379138 -0.355338 0.446411 -0.379138 -0.401726 0.046612 0.379138 0.401726 -0.046612 0.379138 -0.401726 0.046612 0.379138 0.448114 0.353188 0.379138 -0.355338 0.446411 " />
								<Normal vector="-0.577349 -0.640034 -0.506943 -0.577349 -0.506943 0.640034 -0.577349 0.640034 0.506943 -0.577349 0.506943 -0.640034 -0.577349 0.506943 -0.640034 -0.577349 0.640034 0.506943 0.577349 0.640034 0.506943 0.577349 0.506943 -0.640034 0.577349 0.506943 -0.640034 0.577349 0.640034 0.506943 0.577349 -0.506943 0.640034 0.577349 -0.640034 -0.506943 0.577349 -0.640034 -0.506943 0.577349 -0.506943 0.640034 -0.577349 -0.506943 0.640034 -0.577349 -0.640034 -0.506943 0.577349 0.506943 -0.640034 0.577349 -0.640034 -0.506943 0.577349 0.640034 0.506943 0.577349 -0.506943 0.640034 " />
								<TextureCoordinate point="0.0354 0.5314 0.4686 0.5314 0.4686 0.9646 0.0354 0.9646 0.0354 0.5314 0.4686 0.5314 0.4686 0.9646 0.0354 0.9646 0.0354 0.5314 0.4686 0.5314 0.4686 0.9646 0.0354 0.9646 0.0354 0.5314 0.4686 0.5314 0.4686 0.9646 0.0354 0.9646 0.4686 0.5314 0.4686 0.9646 0.0354 0.5314 0.0354 0.9646 " />
							</IndexedTriangleSet>
						</Shape>
					</Group>
				</Transform>
			</Transform>
			<Transform DEF="body1_TRANSFORM"
			           translation="0.000000 0.205473 1.230595"
			           scale="1.000000 1.000000 1.000000"
			           rotation="0.000000 1.000000 0.000000 0.000000"
			           >
				<Transform DEF="body1_ifs_TRANSFORM"
				           translation="0.000000 0.000000 0.000000"
				           scale="1.000000 1.000000 1.000000"
				           rotation="0.000000 1.000000 0.000000 0.000000"
				           >
					<Group DEF="group_ME_body1">
						<Shape>
							<Appearance>
								<Material USE="MA_Body" />
							</Appearance>
							<IndexedTriangleSet solid="false"
							                    normalPerVertex="true"
							                    index="0 1 2 0 2 3 4 5 6 4 6 7 8 9 10 8 10 11 12 13 14 12 14 15 4 16 17 4 17 15 18 5 14 18 14 19 "
							                    >
								<Coordinate point="-0.230374 -0.246951 0.015603 -0.230374 -0.224094 0.377352 -0.230374 0.269808 0.346145 -0.230374 0.246951 -0.015603 -0.230374 0.246951 -0.015603 -0.230374 0.269808 0.346145 0.230374 0.269808 0.346145 0.230374 0.246951 -0.015603 0.230374 0.246951 -0.015603 0.230374 0.269808 0.346145 0.230374 -0.224094 0.377352 0.230374 -0.246951 0.015603 0.230374 -0.246951 0.015603 0.230374 -0.224094 0.377352 -0.230374 -0.224094 0.377352 -0.230374 -0.246951 0.015603 0.230374 0.246951 -0.015603 0.230374 -0.246951 0.015603 0.230374 0.269808 0.346145 0.230374 -0.224094 0.377352 " />
								<Normal vector="-0.577349 -0.612598 -0.539781 -0.577349 -0.539781 0.612598 -0.577349 0.612598 0.539781 -0.577349 0.539781 -0.612598 -0.577349 0.539781 -0.612598 -0.577349 0.612598 0.539781 0.577349 0.612598 0.539781 0.577349 0.539781 -0.612598 0.577349 0.539781 -0.612598 0.577349 0.612598 0.539781 0.577349 -0.539781 0.612598 0.577349 -0.612598 -0.539781 0.577349 -0.612598 -0.539781 0.577349 -0.539781 0.612598 -0.577349 -0.539781 0.612598 -0.577349 -0.612598 -0.539781 0.577349 0.539781 -0.612598 0.577349 -0.612598 -0.539781 0.577349 0.612598 0.539781 0.577349 -0.539781 0.612598 " />
								<TextureCoordinate point="0.0354 0.5314 0.4686 0.5314 0.4686 0.9646 0.0354 0.9646 0.0354 0.5314 0.4686 0.5314 0.4686 0.9646 0.0354 0.9646 0.0354 0.5314 0.4686 0.5314 0.4686 0.9646 0.0354 0.9646 0.0354 0.5314 0.4686 0.5314 0.4686 0.9646 0.0354 0.9646 0.4686 0.5314 0.4686 0.9646 0.0354 0.5314 0.0354 0.9646 " />
							</IndexedTriangleSet>
						</Shape>
					</Group>
				</Transform>
				<Transform DEF="Cube_003_TRANSFORM"
				           translation="0.000000 0.024130 0.310724"
				           scale="1.000000 1.000000 1.000000"
				           rotation="0.000000 1.000000 0.000000 0.000000"
				           >
					<Transform DEF="Cube_003_ifs_TRANSFORM"
					           translation="0.000000 0.000000 0.000000"
					           scale="1.000000 1.000000 1.000000"
					           rotation="0.000000 1.000000 0.000000 0.000000"
					           >
						<Group DEF="group_ME_Cube_040">
							<Shape>
								<Appearance>
									<Material USE="MA_Body" />
								</Appearance>
								<IndexedTriangleSet solid="false"
								                    normalPerVertex="true"
								                    index="0 1 2 0 2 3 4 5 6 4 6 7 8 9 10 8 10 11 12 13 14 12 14 15 4 16 17 4 17 15 18 5 14 18 14 19 "
								                    >
									<Coordinate point="-0.158758 -0.173243 -0.005943 -0.158758 -0.184237 0.314530 -0.158758 0.162249 0.326416 -0.158758 0.173243 0.005943 -0.158758 0.173243 0.005943 -0.158758 0.162249 0.326416 0.158758 0.162249 0.326416 0.158758 0.173243 0.005943 0.158758 0.173243 0.005943 0.158758 0.162249 0.326416 0.158758 -0.184237 0.314530 0.158758 -0.173243 -0.005943 0.158758 -0.173243 -0.005943 0.158758 -0.184237 0.314530 -0.158758 -0.184237 0.314530 -0.158758 -0.173243 -0.005943 0.158758 0.173243 0.005943 0.158758 -0.173243 -0.005943 0.158758 0.162249 0.326416 0.158758 -0.184237 0.314530 " />
									<Normal vector="-0.577349 -0.557207 -0.596789 -0.577349 -0.596789 0.557207 -0.577349 0.557207 0.596789 -0.577349 0.596789 -0.557207 -0.577349 0.596789 -0.557207 -0.577349 0.557207 0.596789 0.577349 0.557207 0.596789 0.577349 0.596789 -0.557207 0.577349 0.596789 -0.557207 0.577349 0.557207 0.596789 0.577349 -0.596789 0.557207 0.577349 -0.557207 -0.596789 0.577349 -0.557207 -0.596789 0.577349 -0.596789 0.557207 -0.577349 -0.596789 0.557207 -0.577349 -0.557207 -0.596789 0.577349 0.596789 -0.557207 0.577349 -0.557207 -0.596789 0.577349 0.557207 0.596789 0.577349 -0.596789 0.557207 " />
									<TextureCoordinate point="0.0354 0.5314 0.4686 0.5314 0.4686 0.9646 0.0354 0.9646 0.0354 0.5314 0.4686 0.5314 0.4686 0.9646 0.0354 0.9646 0.0354 0.5314 0.4686 0.5314 0.4686 0.9646 0.0354 0.9646 0.0354 0.5314 0.4686 0.5314 0.4686 0.9646 0.0354 0.9646 0.4686 0.5314 0.4686 0.9646 0.0354 0.5314 0.0354 0.9646 " />
								</IndexedTriangleSet>
							</Shape>
						</Group>
					</Transform>
				</Transform>
				<Transform DEF="neck_TRANSFORM"
				           translation="0.000000 0.014451 0.592873"
				           scale="1.000000 1.000000 1.000000"
				           rotation="0.000000 1.000000 0.000000 0.000000"
				           >
					<Transform DEF="neck_ifs_TRANSFORM"
					           translation="0.000000 0.000000 0.000000"
					           scale="1.000000 1.000000 1.000000"
					           rotation="0.000000 1.000000 0.000000 0.000000"
					           >
						<Group DEF="group_ME_neck">
							<Shape>
								<Appearance>
									<Material USE="MA_Body" />
								</Appearance>
								<IndexedTriangleSet solid="false"
								                    normalPerVertex="true"
								                    index="0 1 2 0 2 3 4 5 6 4 6 7 8 9 10 8 10 11 12 13 14 12 14 15 4 16 17 4 17 15 18 5 14 18 14 19 "
								                    >
									<Coordinate point="-0.100235 -0.109381 -0.003752 -0.100235 -0.117782 0.241136 -0.100235 0.100980 0.248641 -0.100235 0.109381 0.003752 -0.100235 0.109381 0.003752 -0.100235 0.100980 0.248641 0.100235 0.100980 0.248641 0.100235 0.109381 0.003752 0.100235 0.109381 0.003752 0.100235 0.100980 0.248641 0.100235 -0.117782 0.241136 0.100235 -0.109381 -0.003752 0.100235 -0.109381 -0.003752 0.100235 -0.117782 0.241136 -0.100235 -0.117782 0.241136 -0.100235 -0.109381 -0.003752 0.100235 0.109381 0.003752 0.100235 -0.109381 -0.003752 0.100235 0.100980 0.248641 0.100235 -0.117782 0.241136 " />
									<Normal vector="-0.577349 -0.557207 -0.596789 -0.577349 -0.596789 0.557207 -0.577349 0.557207 0.596789 -0.577349 0.596789 -0.557207 -0.577349 0.596789 -0.557207 -0.577349 0.557207 0.596789 0.577349 0.557207 0.596789 0.577349 0.596789 -0.557207 0.577349 0.596789 -0.557207 0.577349 0.557207 0.596789 0.577349 -0.596789 0.557207 0.577349 -0.557207 -0.596789 0.577349 -0.557207 -0.596789 0.577349 -0.596789 0.557207 -0.577349 -0.596789 0.557207 -0.577349 -0.557207 -0.596789 0.577349 0.596789 -0.557207 0.577349 -0.557207 -0.596789 0.577349 0.557207 0.596789 0.577349 -0.596789 0.557207 " />
									<TextureCoordinate point="0.0354 0.5314 0.4686 0.5314 0.4686 0.9646 0.0354 0.9646 0.0354 0.5314 0.4686 0.5314 0.4686 0.9646 0.0354 0.9646 0.0354 0.5314 0.4686 0.5314 0.4686 0.9646 0.0354 0.9646 0.0354 0.5314 0.4686 0.5314 0.4686 0.9646 0.0354 0.9646 0.4686 0.5314 0.4686 0.9646 0.0354 0.5314 0.0354 0.9646 " />
								</IndexedTriangleSet>
							</Shape>
						</Group>
					</Transform>
					<Transform DEF="head_TRANSFORM"
					           translation="0.000000 -0.028305 0.089146"
					           scale="1.000000 1.000000 1.000000"
					           rotation="0.000000 1.000000 0.000000 0.000000"
					           >
						<Transform DEF="head_ifs_TRANSFORM"
						           translation="0.000000 0.000000 0.000000"
						           scale="1.000000 1.000000 1.000000"
						           rotation="0.000000 1.000000 0.000000 0.000000"
						           >
							<Group DEF="group_ME_head">
								<Shape>
									<Appearance>
										<Material USE="MA_Body" />
									</Appearance>
									<IndexedTriangleSet solid="false"
									                    normalPerVertex="true"
									                    index="0 1 2 0 2 3 4 5 6 4 6 7 8 9 10 8 10 11 12 13 14 12 14 15 16 17 18 16 18 19 20 21 14 20 14 22 23 5 24 23 24 25 26 27 28 26 28 29 30 31 32 30 32 33 34 35 36 34 36 37 38 39 24 38 24 40 41 42 28 41 28 43 44 21 45 44 45 46 47 27 48 47 48 49 34 50 51 34 51 52 30 53 54 30 54 55 56 57 58 56 58 59 60 61 62 60 62 19 63 64 65 63 65 33 66 67 68 66 68 69 16 70 71 16 71 72 73 74 75 73 75 76 "
									                    >
										<Coordinate point="-0.861809 -0.832827 0.826396 -0.861809 -0.826619 1.010299 -0.861809 0.892870 0.952253 -0.861809 0.886662 0.768351 0.551641 0.886662 0.768351 0.551641 0.892870 0.952253 0.861809 0.892870 0.952253 0.861809 0.886662 0.768351 0.861809 0.886662 0.768351 0.861809 0.892870 0.952253 0.861809 -0.826619 1.010299 0.861809 -0.832827 0.826396 -0.551641 -0.832827 0.826396 -0.551641 -0.826619 1.010299 -0.861809 -0.826619 1.010299 -0.861809 -0.832827 0.826396 0.551641 0.859745 -0.029023 0.861809 0.859745 -0.029023 0.861809 -0.859745 0.029023 0.551641 -0.859745 0.029023 -0.551641 0.892870 0.952253 -0.861809 0.892870 0.952253 -0.551641 -0.826619 1.010299 0.861809 0.892870 0.952253 0.551641 -0.826619 1.010299 0.861809 -0.826619 1.010299 0.551641 0.892870 0.952253 -0.551641 0.892870 0.952253 -0.551641 -0.826619 1.010299 0.551641 -0.826619 1.010299 -0.861809 0.859745 -0.029023 -0.551641 0.859745 -0.029023 -0.551641 -0.859745 0.029023 -0.861809 -0.859745 0.029023 -0.551641 0.859745 -0.029023 0.551641 0.859745 -0.029023 0.551641 -0.859745 0.029023 -0.551641 -0.859745 0.029023 0.861809 -0.832827 0.826396 0.861809 -0.826619 1.010299 0.551641 -0.832827 0.826396 0.551641 -0.832827 0.826396 0.551641 -0.826619 1.010299 -0.551641 -0.832827 0.826396 -0.861809 0.886662 0.768351 -0.551641 0.892870 0.952253 -0.551641 0.886662 0.768351 -0.551641 0.886662 0.768351 0.551641 0.892870 0.952253 0.551641 0.886662 0.768351 -0.551641 0.886662 0.768351 0.551641 0.886662 0.768351 0.551641 0.859745 -0.029023 -0.861809 0.886662 0.768351 -0.551641 0.886662 0.768351 -0.551641 0.859745 -0.029023 0.551641 -0.859745 0.029023 0.551641 -0.832827 0.826396 -0.551641 -0.832827 0.826396 -0.551641 -0.859745 0.029023 0.861809 -0.859745 0.029023 0.861809 -0.832827 0.826396 0.551641 -0.832827 0.826396 -0.551641 -0.859745 0.029023 -0.551641 -0.832827 0.826396 -0.861809 -0.832827 0.826396 0.861809 0.859745 -0.029023 0.861809 0.886662 0.768351 0.861809 -0.832827 0.826396 0.861809 -0.859745 0.029023 0.551641 0.886662 0.768351 0.861809 0.886662 0.768351 0.861809 0.859745 -0.029023 -0.861809 -0.859745 0.029023 -0.861809 -0.832827 0.826396 -0.861809 0.886662 0.768351 -0.861809 0.859745 -0.029023 " />
										<Normal vector="-0.707083 -0.706687 0.023835 -0.577349 -0.557543 0.596484 -0.577349 0.596484 0.557543 -0.707083 0.706687 -0.023835 0.000000 0.999420 -0.033723 0.000000 0.730552 0.682821 0.577349 0.596484 0.557543 0.707083 0.706687 -0.023835 0.707083 0.706687 -0.023835 0.577349 0.596484 0.557543 0.577349 -0.557543 0.596484 0.707083 -0.706687 0.023835 0.000000 -0.999420 0.033723 0.000000 -0.682821 0.730552 -0.577349 -0.557543 0.596484 -0.707083 -0.706687 0.023835 0.000000 0.682821 -0.730552 0.577349 0.557543 -0.596484 0.577349 -0.596484 -0.557543 0.000000 -0.730552 -0.682821 0.000000 0.730552 0.682821 -0.577349 0.596484 0.557543 0.000000 -0.682821 0.730552 0.577349 0.596484 0.557543 0.000000 -0.682821 0.730552 0.577349 -0.557543 0.596484 0.000000 0.730552 0.682821 0.000000 0.730552 0.682821 0.000000 -0.682821 0.730552 0.000000 -0.682821 0.730552 -0.577349 0.557543 -0.596484 0.000000 0.682821 -0.730552 0.000000 -0.730552 -0.682821 -0.577349 -0.596484 -0.557543 0.000000 0.682821 -0.730552 0.000000 0.682821 -0.730552 0.000000 -0.730552 -0.682821 0.000000 -0.730552 -0.682821 0.707083 -0.706687 0.023835 0.577349 -0.557543 0.596484 0.000000 -0.999420 0.033723 0.000000 -0.999420 0.033723 0.000000 -0.682821 0.730552 0.000000 -0.999420 0.033723 -0.707083 0.706687 -0.023835 0.000000 0.730552 0.682821 0.000000 0.999420 -0.033723 0.000000 0.999420 -0.033723 0.000000 0.730552 0.682821 0.000000 0.999420 -0.033723 0.000000 0.999420 -0.033723 0.000000 0.999420 -0.033723 0.000000 0.682821 -0.730552 -0.707083 0.706687 -0.023835 0.000000 0.999420 -0.033723 0.000000 0.682821 -0.730552 0.000000 -0.730552 -0.682821 0.000000 -0.999420 0.033723 0.000000 -0.999420 0.033723 0.000000 -0.730552 -0.682821 0.577349 -0.596484 -0.557543 0.707083 -0.706687 0.023835 0.000000 -0.999420 0.033723 0.000000 -0.730552 -0.682821 0.000000 -0.999420 0.033723 -0.707083 -0.706687 0.023835 0.577349 0.557543 -0.596484 0.707083 0.706687 -0.023835 0.707083 -0.706687 0.023835 0.577349 -0.596484 -0.557543 0.000000 0.999420 -0.033723 0.707083 0.706687 -0.023835 0.577349 0.557543 -0.596484 -0.577349 -0.596484 -0.557543 -0.707083 -0.706687 0.023835 -0.707083 0.706687 -0.023835 -0.577349 0.557543 -0.596484 " />
										<TextureCoordinate point="0.5374 0.0301 0.9706 0.0301 0.9706 0.9640 0.5374 0.9640 0.5374 0.0301 0.9706 0.0301 0.9706 0.9640 0.5374 0.9640 0.5374 0.0301 0.9706 0.0301 0.9706 0.9640 0.5374 0.9640 0.5374 0.0301 0.9706 0.0301 0.9706 0.9640 0.5374 0.9640 0.0354 0.5314 0.4686 0.5314 0.4686 0.9646 0.0354 0.9646 0.5374 0.0301 0.9706 0.0301 0.5374 0.9640 0.5374 0.0301 0.9706 0.9640 0.5374 0.9640 0.5374 0.0301 0.9706 0.0301 0.9706 0.9640 0.5374 0.9640 0.0354 0.5314 0.4686 0.5314 0.4686 0.9646 0.0354 0.9646 0.0354 0.5314 0.4686 0.5314 0.4686 0.9646 0.0354 0.9646 0.5374 0.0301 0.9706 0.0301 0.5374 0.9640 0.5374 0.0301 0.9706 0.0301 0.5374 0.9640 0.5374 0.0301 0.9706 0.9640 0.5374 0.9640 0.5374 0.0301 0.9706 0.9640 0.5374 0.9640 0.4686 0.5314 0.4686 0.9646 0.0354 0.9646 0.4686 0.5314 0.4686 0.9646 0.0354 0.9646 0.5374 0.0301 0.9706 0.0301 0.9706 0.9640 0.5374 0.9640 0.0354 0.5314 0.4686 0.5314 0.4686 0.9646 0.0354 0.5314 0.4686 0.5314 0.4686 0.9646 0.0354 0.5314 0.4686 0.5314 0.4686 0.9646 0.0354 0.9646 0.4686 0.5314 0.4686 0.9646 0.0354 0.9646 0.0354 0.5314 0.4686 0.5314 0.4686 0.9646 0.0354 0.9646 " />
									</IndexedTriangleSet>
								</Shape>
							</Group>
						</Transform>
						<Transform DEF="Cube_006_TRANSFORM"
						           translation="0.000000 -0.016205 0.725991"
						           scale="1.000000 1.000000 1.000000"
						           rotation="0.000000 1.000000 0.000000 0.000000"
						           >
							<Transform DEF="Cube_006_ifs_TRANSFORM"
							           translation="0.000000 0.000000 0.000000"
							           scale="1.000000 1.000000 1.000000"
							           rotation="0.000000 1.000000 0.000000 0.000000"
							           >
								<Group DEF="group_ME_Cube_043">
									<Shape>
										<Appearance>
											<Material USE="MA_Body" />
										</Appearance>
										<IndexedTriangleSet solid="false"
										                    normalPerVertex="true"
										                    index="0 1 2 0 2 3 4 5 6 4 6 7 8 9 10 8 10 11 12 13 14 12 14 15 4 16 17 4 17 15 18 5 14 18 14 19 "
										                    >
											<Coordinate point="-0.789868 -0.778731 0.241847 -0.789868 -0.608670 0.789431 -0.789868 0.948792 0.305737 -0.789868 0.778731 -0.241847 -0.789868 0.778731 -0.241847 -0.789868 0.948792 0.305737 0.789868 0.948792 0.305737 0.789868 0.778731 -0.241847 0.789868 0.778731 -0.241847 0.789868 0.948792 0.305737 0.789868 -0.608670 0.789431 0.789868 -0.778731 0.241847 0.789868 -0.778731 0.241847 0.789868 -0.608670 0.789431 -0.789868 -0.608670 0.789431 -0.789868 -0.778731 0.241847 0.789868 0.778731 -0.241847 0.789868 -0.778731 0.241847 0.789868 0.948792 0.305737 0.789868 -0.608670 0.789431 " />
											<Normal vector="-0.577349 -0.722587 -0.380108 -0.577349 -0.380108 0.722587 -0.577349 0.722587 0.380108 -0.577349 0.380108 -0.722587 -0.577349 0.380108 -0.722587 -0.577349 0.722587 0.380108 0.577349 0.722587 0.380108 0.577349 0.380108 -0.722587 0.577349 0.380108 -0.722587 0.577349 0.722587 0.380108 0.577349 -0.380108 0.722587 0.577349 -0.722587 -0.380108 0.577349 -0.722587 -0.380108 0.577349 -0.380108 0.722587 -0.577349 -0.380108 0.722587 -0.577349 -0.722587 -0.380108 0.577349 0.380108 -0.722587 0.577349 -0.722587 -0.380108 0.577349 0.722587 0.380108 0.577349 -0.380108 0.722587 " />
											<TextureCoordinate point="0.5376 0.0558 0.9708 0.0558 0.9708 0.9442 0.5376 0.9442 0.5376 0.0558 0.9708 0.0558 0.9708 0.9442 0.5376 0.9442 0.5376 0.0558 0.9708 0.0558 0.9708 0.9442 0.5376 0.9442 0.5376 0.0558 0.9708 0.0558 0.9708 0.9442 0.5376 0.9442 0.9708 0.0558 0.9708 0.9442 0.5376 0.0558 0.5376 0.9442 " />
										</IndexedTriangleSet>
									</Shape>
								</Group>
							</Transform>
							<Transform DEF="Cube_007_TRANSFORM"
							           translation="0.000000 0.040980 0.244826"
							           scale="1.000000 1.000000 1.000000"
							           rotation="0.000000 1.000000 0.000000 0.000000"
							           >
								<Transform DEF="Cube_007_ifs_TRANSFORM"
								           translation="0.000000 0.000000 0.000000"
								           scale="1.000000 1.000000 1.000000"
								           rotation="0.000000 1.000000 0.000000 0.000000"
								           >
									<Group DEF="group_ME_Cube_044">
										<Shape>
											<Appearance>
												<Material USE="MA_Body" />
											</Appearance>
											<IndexedTriangleSet solid="false"
											                    normalPerVertex="true"
											                    index="0 1 2 0 2 3 4 5 6 4 6 7 8 9 10 8 10 11 12 13 14 12 14 15 4 16 17 4 17 15 18 5 14 18 14 19 "
											                    >
												<Coordinate point="-0.699001 -0.548870 0.450836 -0.699001 0.005071 1.125231 -0.699001 1.102811 0.223559 -0.699001 0.548870 -0.450836 -0.699001 0.548870 -0.450836 -0.699001 1.102811 0.223559 0.699001 1.102811 0.223559 0.699001 0.548870 -0.450836 0.699001 0.548870 -0.450836 0.699001 1.102811 0.223559 0.699001 0.005071 1.125231 0.699001 -0.548870 0.450836 0.699001 -0.548870 0.450836 0.699001 0.005071 1.125231 -0.699001 0.005071 1.125231 -0.699001 -0.548870 0.450836 0.699001 0.548870 -0.450836 0.699001 -0.548870 0.450836 0.699001 1.102811 0.223559 0.699001 0.005071 1.125231 " />
												<Normal vector="-0.577349 -0.812586 -0.079684 -0.577349 -0.079684 0.812586 -0.577349 0.812586 0.079684 -0.577349 0.079684 -0.812586 -0.577349 0.079684 -0.812586 -0.577349 0.812586 0.079684 0.577349 0.812586 0.079684 0.577349 0.079684 -0.812586 0.577349 0.079684 -0.812586 0.577349 0.812586 0.079684 0.577349 -0.079684 0.812586 0.577349 -0.812586 -0.079684 0.577349 -0.812586 -0.079684 0.577349 -0.079684 0.812586 -0.577349 -0.079684 0.812586 -0.577349 -0.812586 -0.079684 0.577349 0.079684 -0.812586 0.577349 -0.812586 -0.079684 0.577349 0.812586 0.079684 0.577349 -0.079684 0.812586 " />
												<TextureCoordinate point="0.5376 0.0558 0.9708 0.0558 0.9708 0.9442 0.5376 0.9442 0.5376 0.0558 0.9708 0.0558 0.9708 0.9442 0.5376 0.9442 0.5376 0.0558 0.9708 0.0558 0.9708 0.9442 0.5376 0.9442 0.5376 0.0558 0.9708 0.0558 0.9708 0.9442 0.5376 0.9442 0.9708 0.0558 0.9708 0.9442 0.5376 0.0558 0.5376 0.9442 " />
											</IndexedTriangleSet>
										</Shape>
									</Group>
								</Transform>
								<Transform DEF="Cube_008_TRANSFORM"
								           translation="0.000000 0.565441 0.496608"
								           scale="1.000000 1.000000 1.000000"
								           rotation="0.000000 1.000000 0.000000 0.000000"
								           >
									<Transform DEF="Cube_008_ifs_TRANSFORM"
									           translation="0.000000 0.000000 0.000000"
									           scale="1.000000 1.000000 1.000000"
									           rotation="0.000000 1.000000 0.000000 0.000000"
									           >
										<Group DEF="group_ME_Cube_045">
											<Shape>
												<Appearance>
													<Material USE="MA_Body" />
												</Appearance>
												<IndexedTriangleSet solid="false"
												                    normalPerVertex="true"
												                    index="0 1 2 0 2 3 4 5 6 4 6 7 8 9 10 8 10 11 12 13 14 12 14 15 4 16 17 4 17 15 18 5 14 18 14 19 "
												                    >
													<Coordinate point="-0.486205 -0.354589 0.344034 -0.486205 0.247483 0.964579 -0.486205 0.956662 0.276512 -0.486205 0.354589 -0.344034 -0.486205 0.354589 -0.344034 -0.486205 0.956662 0.276512 0.486205 0.956662 0.276512 0.486205 0.354589 -0.344034 0.486205 0.354589 -0.344034 0.486205 0.956662 0.276512 0.486205 0.247483 0.964579 0.486205 -0.354589 0.344034 0.486205 -0.354589 0.344034 0.486205 0.247483 0.964579 -0.486205 0.247483 0.964579 -0.486205 -0.354589 0.344034 0.486205 0.354589 -0.344034 0.486205 -0.354589 0.344034 0.486205 0.956662 0.276512 0.486205 0.247483 0.964579 " />
													<Normal vector="-0.577349 -0.816401 -0.012329 -0.577349 -0.012329 0.816401 -0.577349 0.816401 0.012329 -0.577349 0.012329 -0.816401 -0.577349 0.012329 -0.816401 -0.577349 0.816401 0.012329 0.577349 0.816401 0.012329 0.577349 0.012329 -0.816401 0.577349 0.012329 -0.816401 0.577349 0.816401 0.012329 0.577349 -0.012329 0.816401 0.577349 -0.816401 -0.012329 0.577349 -0.816401 -0.012329 0.577349 -0.012329 0.816401 -0.577349 -0.012329 0.816401 -0.577349 -0.816401 -0.012329 0.577349 0.012329 -0.816401 0.577349 -0.816401 -0.012329 0.577349 0.816401 0.012329 0.577349 -0.012329 0.816401 " />
													<TextureCoordinate point="0.5376 0.0558 0.9708 0.0558 0.9708 0.9442 0.5376 0.9442 0.5376 0.0558 0.9708 0.0558 0.9708 0.9442 0.5376 0.9442 0.5376 0.0558 0.9708 0.0558 0.9708 0.9442 0.5376 0.9442 0.5376 0.0558 0.9708 0.0558 0.9708 0.9442 0.5376 0.9442 0.9708 0.0558 0.9708 0.9442 0.5376 0.0558 0.5376 0.9442 " />
												</IndexedTriangleSet>
											</Shape>
										</Group>
									</Transform>
								</Transform>
							</Transform>
						</Transform>
						<Transform DEF="Cube_009_TRANSFORM"
						           translation="0.668208 0.117181 0.546449"
						           scale="1.000000 1.000000 1.000000"
						           rotation="0.000000 1.000000 0.000000 0.000000"
						           >
							<Transform DEF="Cube_009_ifs_TRANSFORM"
							           translation="0.000000 0.000000 0.000000"
							           scale="1.000000 1.000000 1.000000"
							           rotation="0.000000 1.000000 0.000000 0.000000"
							           >
								<Group DEF="group_ME_Cube_046">
									<Shape>
										<Appearance>
											<Material USE="MA_Body" />
										</Appearance>
										<IndexedTriangleSet solid="false"
										                    normalPerVertex="true"
										                    index="0 1 2 0 2 3 4 5 6 4 6 7 8 9 10 8 10 11 12 13 14 12 14 15 4 16 17 4 17 15 18 19 20 18 20 21 "
										                    >
											<Coordinate point="-0.149966 -0.370121 -0.274078 0.149966 -0.370121 0.274078 0.149966 0.370121 0.274078 -0.149966 0.370121 -0.274078 -0.149966 0.370121 -0.274078 0.149966 0.370121 0.274078 0.946664 0.370121 -0.161848 0.646732 0.370121 -0.710004 0.646732 0.370121 -0.710004 0.946664 0.370121 -0.161848 0.946664 -0.370121 -0.161848 0.646732 -0.370121 -0.710004 0.646732 -0.370121 -0.710004 0.946664 -0.370121 -0.161848 0.149966 -0.370121 0.274078 -0.149966 -0.370121 -0.274078 0.646732 0.370121 -0.710004 0.646732 -0.370121 -0.710004 0.946664 0.370121 -0.161848 0.149966 0.370121 0.274078 0.149966 -0.370121 0.274078 0.946664 -0.370121 -0.161848 " />
											<Normal vector="-0.783593 -0.577349 -0.229347 -0.229347 -0.577349 0.783593 -0.229347 0.577349 0.783593 -0.783593 0.577349 -0.229347 -0.783593 0.577349 -0.229347 -0.229347 0.577349 0.783593 0.783593 0.577349 0.229347 0.229347 0.577349 -0.783593 0.229347 0.577349 -0.783593 0.783593 0.577349 0.229347 0.783593 -0.577349 0.229347 0.229347 -0.577349 -0.783593 0.229347 -0.577349 -0.783593 0.783593 -0.577349 0.229347 -0.229347 -0.577349 0.783593 -0.783593 -0.577349 -0.229347 0.229347 0.577349 -0.783593 0.229347 -0.577349 -0.783593 0.783593 0.577349 0.229347 -0.229347 0.577349 0.783593 -0.229347 -0.577349 0.783593 0.783593 -0.577349 0.229347 " />
											<TextureCoordinate point="0.5324 0.0257 0.9656 0.0257 0.9656 0.9683 0.5324 0.9683 0.0354 0.5314 0.4686 0.5314 0.4686 0.9646 0.0354 0.9646 0.5324 0.0257 0.9656 0.0257 0.9656 0.9683 0.5324 0.9683 0.0354 0.5314 0.4686 0.5314 0.4686 0.9646 0.0354 0.9646 0.4686 0.5314 0.4686 0.9646 0.5324 0.0257 0.9656 0.0257 0.9656 0.9683 0.5324 0.9683 " />
										</IndexedTriangleSet>
									</Shape>
								</Group>
							</Transform>
						</Transform>
						<Transform DEF="Cube_012_TRANSFORM"
						           translation="0.000000 -0.711734 1.064149"
						           scale="1.000000 1.000000 1.000000"
						           rotation="0.000000 1.000000 0.000000 0.000000"
						           >
							<Transform DEF="Cube_012_ifs_TRANSFORM"
							           translation="0.000000 0.000000 0.000000"
							           scale="1.000000 1.000000 1.000000"
							           rotation="0.000000 1.000000 0.000000 0.000000"
							           >
								<Group DEF="group_ME_Cube_049">
									<Shape>
										<Appearance>
											<Material DEF="MA_Glow"
											          diffuseColor="0.800 0.800 0.800"
											          specularColor="0.401 0.401 0.401"
											          emissiveColor="0.000 0.000 0.000"
											          ambientIntensity="0.000"
											          shininess="0.500"
											          transparency="0.0"
											          />
										</Appearance>
										<IndexedTriangleSet solid="false"
										                    normalPerVertex="true"
										                    index="0 1 2 0 2 3 4 5 6 4 6 7 8 9 10 8 10 11 12 13 14 12 14 15 4 16 17 4 17 15 18 5 14 18 14 19 "
										                    >
											<Coordinate point="-0.154800 -0.245001 -0.239968 -0.154800 -0.078700 0.333792 -0.154800 0.083151 0.286880 -0.154800 -0.083151 -0.286880 -0.154800 -0.083151 -0.286880 -0.154800 0.083151 0.286880 0.154800 0.083151 0.286880 0.154800 -0.083151 -0.286880 0.154800 -0.083151 -0.286880 0.154800 0.083151 0.286880 0.154800 -0.078700 0.333792 0.154800 -0.245001 -0.239968 0.154800 -0.245001 -0.239968 0.154800 -0.078700 0.333792 -0.154800 -0.078700 0.333792 -0.154800 -0.245001 -0.239968 0.154800 -0.083151 -0.286880 0.154800 -0.245001 -0.239968 0.154800 0.083151 0.286880 0.154800 -0.078700 0.333792 " />
											<Normal vector="-0.577349 -0.715232 -0.393780 -0.577349 -0.393780 0.715232 -0.577349 0.715232 0.393780 -0.577349 0.393780 -0.715232 -0.577349 0.393780 -0.715232 -0.577349 0.715232 0.393780 0.577349 0.715232 0.393780 0.577349 0.393780 -0.715232 0.577349 0.393780 -0.715232 0.577349 0.715232 0.393780 0.577349 -0.393780 0.715232 0.577349 -0.715232 -0.393780 0.577349 -0.715232 -0.393780 0.577349 -0.393780 0.715232 -0.577349 -0.393780 0.715232 -0.577349 -0.715232 -0.393780 0.577349 0.393780 -0.715232 0.577349 -0.715232 -0.393780 0.577349 0.715232 0.393780 0.577349 -0.393780 0.715232 " />
											<TextureCoordinate point="0.0354 0.0230 0.4686 0.0230 0.4686 0.4562 0.0354 0.4562 0.0354 0.0230 0.4686 0.0230 0.4686 0.4562 0.0354 0.4562 0.0354 0.0230 0.4686 0.0230 0.4686 0.4562 0.0354 0.4562 0.0354 0.0230 0.4686 0.0230 0.4686 0.4562 0.0354 0.4562 0.4686 0.0230 0.4686 0.4562 0.0354 0.0230 0.0354 0.4562 " />
										</IndexedTriangleSet>
									</Shape>
								</Group>
							</Transform>
						</Transform>
						<Transform DEF="Plane_TRANSFORM"
						           translation="0.000000 -0.845766 0.505857"
						           scale="1.000000 1.000000 1.000000"
						           rotation="0.000000 1.000000 0.000000 0.000000"
						           >
							<Transform DEF="Plane_ifs_TRANSFORM"
							           translation="0.000000 0.000000 0.000000"
							           scale="1.000000 1.000000 1.000000"
							           rotation="0.000000 1.000000 0.000000 0.000000"
							           >
								<Group DEF="group_ME_Plane">
									<Shape>
										<Appearance>
											<Material DEF="MA_Face"
											          diffuseColor="0.800 0.800 0.800"
											          specularColor="0.401 0.401 0.401"
											          emissiveColor="0.000 0.000 0.000"
											          ambientIntensity="0.000"
											          shininess="0.500"
											          transparency="0.0"
											          />
										</Appearance>
										<IndexedTriangleSet solid="false"
										                    normalPerVertex="true"
										                    index="0 1 2 0 2 3 "
										                    >
											<Coordinate point="0.162259 -0.009482 -0.280896 0.863364 -0.009482 -0.280896 0.863364 0.012591 0.372980 0.162259 0.012591 0.372980 " />
											<Normal vector="0.000000 -0.999420 0.033723 0.000000 -0.999420 0.033723 0.000000 -0.999420 0.033723 0.000000 -0.999420 0.033723 " />
											<TextureCoordinate point="0.5173 0.4901 0.0115 0.4901 0.0115 0.9936 0.5173 0.9936 " />
										</IndexedTriangleSet>
									</Shape>
								</Group>
							</Transform>
						</Transform>
						<Transform DEF="Plane_001_TRANSFORM"
						           translation="0.000000 -0.856970 0.173952"
						           scale="1.000000 1.000000 1.000000"
						           rotation="0.000000 1.000000 0.000000 0.000000"
						           >
							<Transform DEF="Plane_001_ifs_TRANSFORM"
							           translation="0.000000 0.000000 0.000000"
							           scale="1.000000 1.000000 1.000000"
							           rotation="0.000000 1.000000 0.000000 0.000000"
							           >
								<Group DEF="group_ME_Plane_001">
									<Shape>
										<Appearance>
											<Material USE="MA_Face" />
										</Appearance>
										<IndexedTriangleSet solid="false"
										                    normalPerVertex="true"
										                    index="0 1 2 0 2 3 "
										                    >
											<Coordinate point="-0.170280 -0.004741 -0.140457 0.170280 -0.004741 -0.140457 0.170280 0.004741 0.140457 -0.170280 0.004741 0.140457 " />
											<Normal vector="0.000000 -0.999420 0.033723 0.000000 -0.999420 0.033723 0.000000 -0.999420 0.033723 0.000000 -0.999420 0.033723 " />
											<TextureCoordinate point="0.9915 0.4851 0.5215 0.4851 0.5215 0.9887 0.9915 0.9887 " />
										</IndexedTriangleSet>
									</Shape>
								</Group>
							</Transform>
						</Transform>
						<Transform DEF="Cube_004_TRANSFORM"
						           translation="-0.668208 0.117181 0.546449"
						           scale="1.000000 1.000000 1.000000"
						           rotation="0.000000 1.000000 0.000000 0.000000"
						           >
							<Transform DEF="Cube_004_ifs_TRANSFORM"
							           translation="0.000000 0.000000 0.000000"
							           scale="1.000000 1.000000 1.000000"
							           rotation="0.000000 1.000000 0.000000 0.000000"
							           >
								<Group DEF="group_ME_Cube_013">
									<Shape>
										<Appearance>
											<Material USE="MA_Body" />
										</Appearance>
										<IndexedTriangleSet solid="false"
										                    normalPerVertex="true"
										                    index="0 1 2 0 2 3 4 5 6 4 6 7 8 9 10 8 10 11 12 13 14 12 14 15 4 13 16 4 16 17 18 19 20 18 20 21 "
										                    >
											<Coordinate point="0.149966 -0.370121 -0.274078 0.149966 0.370121 -0.274078 -0.149966 0.370121 0.274078 -0.149966 -0.370121 0.274078 0.149966 0.370121 -0.274078 -0.646732 0.370121 -0.710004 -0.946664 0.370121 -0.161848 -0.149966 0.370121 0.274078 -0.646732 0.370121 -0.710004 -0.646732 -0.370121 -0.710004 -0.946664 -0.370121 -0.161848 -0.946664 0.370121 -0.161848 -0.646732 -0.370121 -0.710004 0.149966 -0.370121 -0.274078 -0.149966 -0.370121 0.274078 -0.946664 -0.370121 -0.161848 -0.646732 -0.370121 -0.710004 -0.646732 0.370121 -0.710004 -0.946664 0.370121 -0.161848 -0.946664 -0.370121 -0.161848 -0.149966 -0.370121 0.274078 -0.149966 0.370121 0.274078 " />
											<Normal vector="0.783593 -0.577349 -0.229347 0.783593 0.577349 -0.229347 0.229347 0.577349 0.783593 0.229347 -0.577349 0.783593 0.783593 0.577349 -0.229347 -0.229347 0.577349 -0.783593 -0.783593 0.577349 0.229347 0.229347 0.577349 0.783593 -0.229347 0.577349 -0.783593 -0.229347 -0.577349 -0.783593 -0.783593 -0.577349 0.229347 -0.783593 0.577349 0.229347 -0.229347 -0.577349 -0.783593 0.783593 -0.577349 -0.229347 0.229347 -0.577349 0.783593 -0.783593 -0.577349 0.229347 -0.229347 -0.577349 -0.783593 -0.229347 0.577349 -0.783593 -0.783593 0.577349 0.229347 -0.783593 -0.577349 0.229347 0.229347 -0.577349 0.783593 0.229347 0.577349 0.783593 " />
											<TextureCoordinate point="0.5324 0.0257 0.5324 0.9683 0.9656 0.9683 0.9656 0.0257 0.0354 0.5314 0.0354 0.9646 0.4686 0.9646 0.4686 0.5314 0.5324 0.0257 0.5324 0.9683 0.9656 0.9683 0.9656 0.0257 0.0354 0.5314 0.0354 0.9646 0.4686 0.9646 0.4686 0.5314 0.4686 0.9646 0.4686 0.5314 0.5324 0.0257 0.5324 0.9683 0.9656 0.9683 0.9656 0.0257 " />
										</IndexedTriangleSet>
									</Shape>
								</Group>
							</Transform>
						</Transform>
						<Transform DEF="Plane_002_TRANSFORM"
						           translation="0.000000 -0.845766 0.505857"
						           scale="1.000000 1.000000 1.000000"
						           rotation="0.000000 1.000000 0.000000 0.000000"
						           >
							<Transform DEF="Plane_002_ifs_TRANSFORM"
							           translation="0.000000 0.000000 0.000000"
							           scale="1.000000 1.000000 1.000000"
							           rotation="0.000000 1.000000 0.000000 0.000000"
							           >
								<Group DEF="group_ME_Plane_002">
									<Shape>
										<Appearance>
											<Material USE="MA_Face" />
										</Appearance>
										<IndexedTriangleSet solid="false"
										                    normalPerVertex="true"
										                    index="0 1 2 0 2 3 "
										                    >
											<Coordinate point="-0.162259 -0.009482 -0.280896 -0.162259 0.012591 0.372980 -0.863364 0.012591 0.372980 -0.863364 -0.009482 -0.280896 " />
											<Normal vector="0.000000 -0.999420 0.033723 0.000000 -0.999420 0.033723 0.000000 -0.999420 0.033723 0.000000 -0.999420 0.033723 " />
											<TextureCoordinate point="0.5173 0.4901 0.5173 0.9936 0.0115 0.9936 0.0115 0.4901 " />
										</IndexedTriangleSet>
									</Shape>
								</Group>
							</Transform>
						</Transform>
					</Transform>
				</Transform>
				<Transform DEF="arm1_TRANSFORM"
				           translation="0.132057 0.020291 0.520676"
				           scale="1.000000 1.000000 1.000000"
				           rotation="0.000000 1.000000 0.000000 0.000000"
				           >
					<Transform DEF="arm1_ifs_TRANSFORM"
					           translation="0.000000 0.000000 0.000000"
					           scale="1.000000 1.000000 1.000000"
					           rotation="0.000000 1.000000 0.000000 0.000000"
					           >
						<Group DEF="group_ME_arm1">
							<Shape>
								<Appearance>
									<Material USE="MA_Body" />
								</Appearance>
								<IndexedTriangleSet solid="false"
								                    normalPerVertex="true"
								                    index="0 1 2 0 2 3 4 5 6 4 6 7 8 9 10 8 10 11 12 13 14 12 14 15 4 16 17 4 17 15 18 5 14 18 14 19 "
								                    >
									<Coordinate point="0.000000 -0.084118 -0.084118 0.000000 -0.084118 0.084118 0.000000 0.084118 0.084118 0.000000 0.084118 -0.084118 0.000000 0.084118 -0.084118 0.000000 0.084118 0.084118 0.206618 0.084118 0.084118 0.206618 0.084118 -0.084118 0.206618 0.084118 -0.084118 0.206618 0.084118 0.084118 0.206618 -0.084118 0.084118 0.206618 -0.084118 -0.084118 0.206618 -0.084118 -0.084118 0.206618 -0.084118 0.084118 0.000000 -0.084118 0.084118 0.000000 -0.084118 -0.084118 0.206618 0.084118 -0.084118 0.206618 -0.084118 -0.084118 0.206618 0.084118 0.084118 0.206618 -0.084118 0.084118 " />
									<Normal vector="-0.577349 -0.577349 -0.577349 -0.577349 -0.577349 0.577349 -0.577349 0.577349 0.577349 -0.577349 0.577349 -0.577349 -0.577349 0.577349 -0.577349 -0.577349 0.577349 0.577349 0.577349 0.577349 0.577349 0.577349 0.577349 -0.577349 0.577349 0.577349 -0.577349 0.577349 0.577349 0.577349 0.577349 -0.577349 0.577349 0.577349 -0.577349 -0.577349 0.577349 -0.577349 -0.577349 0.577349 -0.577349 0.577349 -0.577349 -0.577349 0.577349 -0.577349 -0.577349 -0.577349 0.577349 0.577349 -0.577349 0.577349 -0.577349 -0.577349 0.577349 0.577349 0.577349 0.577349 -0.577349 0.577349 " />
									<TextureCoordinate point="0.0354 0.5314 0.4686 0.5314 0.4686 0.9646 0.0354 0.9646 0.0354 0.5314 0.4686 0.5314 0.4686 0.9646 0.0354 0.9646 0.0354 0.5314 0.4686 0.5314 0.4686 0.9646 0.0354 0.9646 0.0354 0.5314 0.4686 0.5314 0.4686 0.9646 0.0354 0.9646 0.4686 0.5314 0.4686 0.9646 0.0354 0.5314 0.0354 0.9646 " />
								</IndexedTriangleSet>
							</Shape>
						</Group>
					</Transform>
					<Transform DEF="Cube_014_TRANSFORM"
					           translation="0.178073 0.000000 -0.023794"
					           scale="1.000000 1.000000 1.000000"
					           rotation="0.000000 1.000000 0.000000 0.000000"
					           >
						<Transform DEF="Cube_014_ifs_TRANSFORM"
						           translation="0.000000 0.000000 0.000000"
						           scale="1.000000 1.000000 1.000000"
						           rotation="0.000000 1.000000 0.000000 0.000000"
						           >
							<Group DEF="group_ME_Cube_051">
								<Shape>
									<Appearance>
										<Material USE="MA_Body" />
									</Appearance>
									<IndexedTriangleSet solid="false"
									                    normalPerVertex="true"
									                    index="0 1 2 0 2 3 4 5 6 4 6 7 8 9 10 8 10 11 12 13 14 12 14 15 4 16 17 4 17 15 18 5 14 18 14 19 "
									                    >
										<Coordinate point="0.000000 -0.133662 -0.139010 0.000000 -0.133662 0.130604 0.000000 0.133662 0.130604 0.000000 0.133662 -0.139010 0.000000 0.133662 -0.139010 0.000000 0.133662 0.130604 0.462521 0.133662 0.130604 0.462521 0.133662 -0.139010 0.462521 0.133662 -0.139010 0.462521 0.133662 0.130604 0.462521 -0.133662 0.130604 0.462521 -0.133662 -0.139010 0.462521 -0.133662 -0.139010 0.462521 -0.133662 0.130604 0.000000 -0.133662 0.130604 0.000000 -0.133662 -0.139010 0.462521 0.133662 -0.139010 0.462521 -0.133662 -0.139010 0.462521 0.133662 0.130604 0.462521 -0.133662 0.130604 " />
										<Normal vector="-0.577349 -0.577349 -0.577349 -0.577349 -0.577349 0.577349 -0.577349 0.577349 0.577349 -0.577349 0.577349 -0.577349 -0.577349 0.577349 -0.577349 -0.577349 0.577349 0.577349 0.577349 0.577349 0.577349 0.577349 0.577349 -0.577349 0.577349 0.577349 -0.577349 0.577349 0.577349 0.577349 0.577349 -0.577349 0.577349 0.577349 -0.577349 -0.577349 0.577349 -0.577349 -0.577349 0.577349 -0.577349 0.577349 -0.577349 -0.577349 0.577349 -0.577349 -0.577349 -0.577349 0.577349 0.577349 -0.577349 0.577349 -0.577349 -0.577349 0.577349 0.577349 0.577349 0.577349 -0.577349 0.577349 " />
										<TextureCoordinate point="0.0354 0.5314 0.4686 0.5314 0.4686 0.9646 0.0354 0.9646 0.0354 0.5314 0.4686 0.5314 0.4686 0.9646 0.0354 0.9646 0.0354 0.5314 0.4686 0.5314 0.4686 0.9646 0.0354 0.9646 0.0354 0.5314 0.4686 0.5314 0.4686 0.9646 0.0354 0.9646 0.4686 0.5314 0.4686 0.9646 0.0354 0.5314 0.0354 0.9646 " />
									</IndexedTriangleSet>
								</Shape>
							</Group>
						</Transform>
					</Transform>
					<Transform DEF="arm1_1_TRANSFORM"
					           translation="0.584160 0.000000 -0.018083"
					           scale="1.000000 1.000000 1.000000"
					           rotation="0.000000 1.000000 0.000000 0.000000"
					           >
						<Transform DEF="arm1_1_ifs_TRANSFORM"
						           translation="0.000000 0.000000 0.000000"
						           scale="1.000000 1.000000 1.000000"
						           rotation="0.000000 1.000000 0.000000 0.000000"
						           >
							<Group DEF="group_ME_arm1_1">
								<Shape>
									<Appearance>
										<Material USE="MA_Body" />
									</Appearance>
									<IndexedTriangleSet solid="false"
									                    normalPerVertex="true"
									                    index="0 1 2 0 2 3 4 5 6 4 6 7 8 9 10 8 10 11 12 13 14 12 14 15 4 16 17 4 17 15 18 5 14 18 14 19 "
									                    >
										<Coordinate point="0.000000 -0.172587 -0.185412 0.000000 -0.172587 0.137514 0.000000 0.172587 0.137514 0.000000 0.172587 -0.185412 0.000000 0.172587 -0.185412 0.000000 0.172587 0.137514 0.736073 0.172587 0.137514 0.736073 0.172587 -0.185412 0.736073 0.172587 -0.185412 0.736073 0.172587 0.137514 0.736073 -0.172587 0.137514 0.736073 -0.172587 -0.185412 0.736073 -0.172587 -0.185412 0.736073 -0.172587 0.137514 0.000000 -0.172587 0.137514 0.000000 -0.172587 -0.185412 0.736073 0.172587 -0.185412 0.736073 -0.172587 -0.185412 0.736073 0.172587 0.137514 0.736073 -0.172587 0.137514 " />
										<Normal vector="-0.577349 -0.577349 -0.577349 -0.577349 -0.577349 0.577349 -0.577349 0.577349 0.577349 -0.577349 0.577349 -0.577349 -0.577349 0.577349 -0.577349 -0.577349 0.577349 0.577349 0.577349 0.577349 0.577349 0.577349 0.577349 -0.577349 0.577349 0.577349 -0.577349 0.577349 0.577349 0.577349 0.577349 -0.577349 0.577349 0.577349 -0.577349 -0.577349 0.577349 -0.577349 -0.577349 0.577349 -0.577349 0.577349 -0.577349 -0.577349 0.577349 -0.577349 -0.577349 -0.577349 0.577349 0.577349 -0.577349 0.577349 -0.577349 -0.577349 0.577349 0.577349 0.577349 0.577349 -0.577349 0.577349 " />
										<TextureCoordinate point="0.0354 0.5314 0.4686 0.5314 0.4686 0.9646 0.0354 0.9646 0.0354 0.5314 0.4686 0.5314 0.4686 0.9646 0.0354 0.9646 0.0354 0.5314 0.4686 0.5314 0.4686 0.9646 0.0354 0.9646 0.0354 0.5314 0.4686 0.5314 0.4686 0.9646 0.0354 0.9646 0.4686 0.5314 0.4686 0.9646 0.0354 0.5314 0.0354 0.9646 " />
									</IndexedTriangleSet>
								</Shape>
							</Group>
						</Transform>
						<Transform DEF="hand1_TRANSFORM"
						           translation="0.691536 0.000000 -0.027357"
						           scale="1.000000 1.000000 1.000000"
						           rotation="0.000000 1.000000 0.000000 0.000000"
						           >
							<Transform DEF="hand1_ifs_TRANSFORM"
							           translation="0.000000 0.000000 0.000000"
							           scale="1.000000 1.000000 1.000000"
							           rotation="0.000000 1.000000 0.000000 0.000000"
							           >
								<Group DEF="group_ME_hand1">
									<Shape>
										<Appearance>
											<Material USE="MA_Body" />
										</Appearance>
										<IndexedTriangleSet solid="false"
										                    normalPerVertex="true"
										                    index="0 1 2 0 2 3 4 5 6 4 6 7 8 9 10 8 10 11 12 13 14 12 14 15 4 16 17 4 17 15 18 5 14 18 14 19 "
										                    >
											<Coordinate point="0.016972 -0.126160 -0.133250 -0.016972 -0.126160 0.133250 -0.016972 0.126160 0.133250 0.016972 0.126160 -0.133250 0.016972 0.126160 -0.133250 -0.016972 0.126160 0.133250 0.393626 0.126160 0.185546 0.427569 0.126160 -0.080954 0.427569 0.126160 -0.080954 0.393626 0.126160 0.185546 0.393626 -0.126160 0.185546 0.427569 -0.126160 -0.080954 0.427569 -0.126160 -0.080954 0.393626 -0.126160 0.185546 -0.016972 -0.126160 0.133250 0.016972 -0.126160 -0.133250 0.427569 0.126160 -0.080954 0.427569 -0.126160 -0.080954 0.393626 0.126160 0.185546 0.393626 -0.126160 0.185546 " />
											<Normal vector="-0.499771 -0.577349 -0.645650 -0.645650 -0.577349 0.499771 -0.645650 0.577349 0.499771 -0.499771 0.577349 -0.645650 -0.499771 0.577349 -0.645650 -0.645650 0.577349 0.499771 0.499771 0.577349 0.645650 0.645650 0.577349 -0.499771 0.645650 0.577349 -0.499771 0.499771 0.577349 0.645650 0.499771 -0.577349 0.645650 0.645650 -0.577349 -0.499771 0.645650 -0.577349 -0.499771 0.499771 -0.577349 0.645650 -0.645650 -0.577349 0.499771 -0.499771 -0.577349 -0.645650 0.645650 0.577349 -0.499771 0.645650 -0.577349 -0.499771 0.499771 0.577349 0.645650 0.499771 -0.577349 0.645650 " />
											<TextureCoordinate point="0.0354 0.5314 0.4686 0.5314 0.4686 0.9646 0.0354 0.9646 0.0354 0.5314 0.4686 0.5314 0.4686 0.9646 0.0354 0.9646 0.0354 0.5314 0.4686 0.5314 0.4686 0.9646 0.0354 0.9646 0.0354 0.5314 0.4686 0.5314 0.4686 0.9646 0.0354 0.9646 0.4686 0.5314 0.4686 0.9646 0.0354 0.5314 0.0354 0.9646 " />
										</IndexedTriangleSet>
									</Shape>
								</Group>
							</Transform>
							<Transform DEF="Cube_017_TRANSFORM"
							           translation="0.158121 -0.067854 -0.026623"
							           scale="1.000000 1.000000 1.000000"
							           rotation="0.000000 1.000000 0.000000 0.000000"
							           >
								<Transform DEF="Cube_017_ifs_TRANSFORM"
								           translation="0.000000 0.000000 0.000000"
								           scale="1.000000 1.000000 1.000000"
								           rotation="0.000000 1.000000 0.000000 0.000000"
								           >
									<Group DEF="group_ME_Cube_054">
										<Shape>
											<Appearance>
												<Material USE="MA_Body" />
											</Appearance>
											<IndexedTriangleSet solid="false"
											                    normalPerVertex="true"
											                    index="0 1 2 0 2 3 4 5 6 4 6 7 8 9 10 8 10 11 12 13 14 12 14 15 4 16 17 4 17 15 18 5 14 18 14 19 "
											                    >
												<Coordinate point="-0.025785 -0.061581 0.000085 0.026886 -0.035736 0.049570 0.025785 0.061581 -0.000085 -0.026886 0.035736 -0.049570 -0.026886 0.035736 -0.049570 0.025785 0.061581 -0.000085 0.159724 0.005343 -0.113275 0.107052 -0.020503 -0.162760 0.107052 -0.020503 -0.162760 0.159724 0.005343 -0.113275 0.160825 -0.091975 -0.063619 0.108154 -0.117820 -0.113104 0.108154 -0.117820 -0.113104 0.160825 -0.091975 -0.063619 0.026886 -0.035736 0.049570 -0.025785 -0.061581 0.000085 0.107052 -0.020503 -0.162760 0.108154 -0.117820 -0.113104 0.159724 0.005343 -0.113275 0.160825 -0.091975 -0.063619 " />
												<Normal vector="-0.810266 -0.532334 0.245003 -0.017884 -0.143498 0.989471 -0.029511 0.884945 0.464675 -0.821925 0.496139 -0.279763 -0.821925 0.496139 -0.279763 -0.029511 0.884945 0.464675 0.810266 0.532334 -0.245003 0.017884 0.143498 -0.989471 0.017884 0.143498 -0.989471 0.810266 0.532334 -0.245003 0.821925 -0.496139 0.279763 0.029511 -0.884945 -0.464675 0.029511 -0.884945 -0.464675 0.821925 -0.496139 0.279763 -0.017884 -0.143498 0.989471 -0.810266 -0.532334 0.245003 0.017884 0.143498 -0.989471 0.029511 -0.884945 -0.464675 0.810266 0.532334 -0.245003 0.821925 -0.496139 0.279763 " />
												<TextureCoordinate point="0.0354 0.5314 0.4686 0.5314 0.4686 0.9646 0.0354 0.9646 0.0354 0.5314 0.4686 0.5314 0.4686 0.9646 0.0354 0.9646 0.0354 0.5314 0.4686 0.5314 0.4686 0.9646 0.0354 0.9646 0.0354 0.5314 0.4686 0.5314 0.4686 0.9646 0.0354 0.9646 0.4686 0.5314 0.4686 0.9646 0.0354 0.5314 0.0354 0.9646 " />
											</IndexedTriangleSet>
										</Shape>
									</Group>
								</Transform>
							</Transform>
						</Transform>
					</Transform>
				</Transform>
				<Transform DEF="arm2_TRANSFORM"
				           translation="-0.132057 0.020291 0.520676"
				           scale="1.000000 1.000000 1.000000"
				           rotation="0.000000 1.000000 0.000000 0.000000"
				           >
					<Transform DEF="arm2_ifs_TRANSFORM"
					           translation="0.000000 0.000000 0.000000"
					           scale="1.000000 1.000000 1.000000"
					           rotation="0.000000 1.000000 0.000000 0.000000"
					           >
						<Group DEF="group_ME_arm2">
							<Shape>
								<Appearance>
									<Material USE="MA_Body" />
								</Appearance>
								<IndexedTriangleSet solid="false"
								                    normalPerVertex="true"
								                    index="0 1 2 0 2 3 4 5 6 4 6 7 8 9 10 8 10 11 12 13 14 12 14 15 4 13 16 4 16 17 18 19 14 18 14 7 "
								                    >
									<Coordinate point="0.000000 -0.084118 -0.084118 0.000000 0.084118 -0.084118 0.000000 0.084118 0.084118 0.000000 -0.084118 0.084118 0.000000 0.084118 -0.084118 -0.206618 0.084118 -0.084118 -0.206618 0.084118 0.084118 0.000000 0.084118 0.084118 -0.206618 0.084118 -0.084118 -0.206618 -0.084118 -0.084118 -0.206618 -0.084118 0.084118 -0.206618 0.084118 0.084118 -0.206618 -0.084118 -0.084118 0.000000 -0.084118 -0.084118 0.000000 -0.084118 0.084118 -0.206618 -0.084118 0.084118 -0.206618 -0.084118 -0.084118 -0.206618 0.084118 -0.084118 -0.206618 0.084118 0.084118 -0.206618 -0.084118 0.084118 " />
									<Normal vector="0.577349 -0.577349 -0.577349 0.577349 0.577349 -0.577349 0.577349 0.577349 0.577349 0.577349 -0.577349 0.577349 0.577349 0.577349 -0.577349 -0.577349 0.577349 -0.577349 -0.577349 0.577349 0.577349 0.577349 0.577349 0.577349 -0.577349 0.577349 -0.577349 -0.577349 -0.577349 -0.577349 -0.577349 -0.577349 0.577349 -0.577349 0.577349 0.577349 -0.577349 -0.577349 -0.577349 0.577349 -0.577349 -0.577349 0.577349 -0.577349 0.577349 -0.577349 -0.577349 0.577349 -0.577349 -0.577349 -0.577349 -0.577349 0.577349 -0.577349 -0.577349 0.577349 0.577349 -0.577349 -0.577349 0.577349 " />
									<TextureCoordinate point="0.0354 0.5314 0.0354 0.9646 0.4686 0.9646 0.4686 0.5314 0.0354 0.5314 0.0354 0.9646 0.4686 0.9646 0.4686 0.5314 0.0354 0.5314 0.0354 0.9646 0.4686 0.9646 0.4686 0.5314 0.0354 0.5314 0.0354 0.9646 0.4686 0.9646 0.4686 0.5314 0.4686 0.9646 0.4686 0.5314 0.0354 0.5314 0.0354 0.9646 " />
								</IndexedTriangleSet>
							</Shape>
						</Group>
					</Transform>
					<Transform DEF="Cube_010_TRANSFORM"
					           translation="-0.178073 0.000000 -0.023794"
					           scale="1.000000 1.000000 1.000000"
					           rotation="0.000000 1.000000 0.000000 0.000000"
					           >
						<Transform DEF="Cube_010_ifs_TRANSFORM"
						           translation="0.000000 0.000000 0.000000"
						           scale="1.000000 1.000000 1.000000"
						           rotation="0.000000 1.000000 0.000000 0.000000"
						           >
							<Group DEF="group_ME_Cube_015">
								<Shape>
									<Appearance>
										<Material USE="MA_Body" />
									</Appearance>
									<IndexedTriangleSet solid="false"
									                    normalPerVertex="true"
									                    index="0 1 2 0 2 3 4 5 6 4 6 7 8 9 10 8 10 11 12 13 14 12 14 15 4 13 16 4 16 17 18 19 14 18 14 7 "
									                    >
										<Coordinate point="0.000000 -0.133662 -0.139010 0.000000 0.133662 -0.139010 0.000000 0.133662 0.130604 0.000000 -0.133662 0.130604 0.000000 0.133662 -0.139010 -0.462521 0.133662 -0.139010 -0.462521 0.133662 0.130604 0.000000 0.133662 0.130604 -0.462521 0.133662 -0.139010 -0.462521 -0.133662 -0.139010 -0.462521 -0.133662 0.130604 -0.462521 0.133662 0.130604 -0.462521 -0.133662 -0.139010 0.000000 -0.133662 -0.139010 0.000000 -0.133662 0.130604 -0.462521 -0.133662 0.130604 -0.462521 -0.133662 -0.139010 -0.462521 0.133662 -0.139010 -0.462521 0.133662 0.130604 -0.462521 -0.133662 0.130604 " />
										<Normal vector="0.577349 -0.577349 -0.577349 0.577349 0.577349 -0.577349 0.577349 0.577349 0.577349 0.577349 -0.577349 0.577349 0.577349 0.577349 -0.577349 -0.577349 0.577349 -0.577349 -0.577349 0.577349 0.577349 0.577349 0.577349 0.577349 -0.577349 0.577349 -0.577349 -0.577349 -0.577349 -0.577349 -0.577349 -0.577349 0.577349 -0.577349 0.577349 0.577349 -0.577349 -0.577349 -0.577349 0.577349 -0.577349 -0.577349 0.577349 -0.577349 0.577349 -0.577349 -0.577349 0.577349 -0.577349 -0.577349 -0.577349 -0.577349 0.577349 -0.577349 -0.577349 0.577349 0.577349 -0.577349 -0.577349 0.577349 " />
										<TextureCoordinate point="0.0354 0.5314 0.0354 0.9646 0.4686 0.9646 0.4686 0.5314 0.0354 0.5314 0.0354 0.9646 0.4686 0.9646 0.4686 0.5314 0.0354 0.5314 0.0354 0.9646 0.4686 0.9646 0.4686 0.5314 0.0354 0.5314 0.0354 0.9646 0.4686 0.9646 0.4686 0.5314 0.4686 0.9646 0.4686 0.5314 0.0354 0.5314 0.0354 0.9646 " />
									</IndexedTriangleSet>
								</Shape>
							</Group>
						</Transform>
					</Transform>
					<Transform DEF="arm2_1_TRANSFORM"
					           translation="-0.584160 0.000000 -0.018083"
					           scale="1.000000 1.000000 1.000000"
					           rotation="0.000000 1.000000 0.000000 0.000000"
					           >
						<Transform DEF="arm2_1_ifs_TRANSFORM"
						           translation="0.000000 0.000000 0.000000"
						           scale="1.000000 1.000000 1.000000"
						           rotation="0.000000 1.000000 0.000000 0.000000"
						           >
							<Group DEF="group_ME_arm2_1">
								<Shape>
									<Appearance>
										<Material USE="MA_Body" />
									</Appearance>
									<IndexedTriangleSet solid="false"
									                    normalPerVertex="true"
									                    index="0 1 2 0 2 3 4 5 6 4 6 7 8 9 10 8 10 11 12 13 14 12 14 15 4 13 16 4 16 17 18 19 14 18 14 7 "
									                    >
										<Coordinate point="0.000000 -0.172587 -0.185412 0.000000 0.172587 -0.185412 0.000000 0.172587 0.137514 0.000000 -0.172587 0.137514 0.000000 0.172587 -0.185412 -0.736073 0.172587 -0.185412 -0.736073 0.172587 0.137514 0.000000 0.172587 0.137514 -0.736073 0.172587 -0.185412 -0.736073 -0.172587 -0.185412 -0.736073 -0.172587 0.137514 -0.736073 0.172587 0.137514 -0.736073 -0.172587 -0.185412 0.000000 -0.172587 -0.185412 0.000000 -0.172587 0.137514 -0.736073 -0.172587 0.137514 -0.736073 -0.172587 -0.185412 -0.736073 0.172587 -0.185412 -0.736073 0.172587 0.137514 -0.736073 -0.172587 0.137514 " />
										<Normal vector="0.577349 -0.577349 -0.577349 0.577349 0.577349 -0.577349 0.577349 0.577349 0.577349 0.577349 -0.577349 0.577349 0.577349 0.577349 -0.577349 -0.577349 0.577349 -0.577349 -0.577349 0.577349 0.577349 0.577349 0.577349 0.577349 -0.577349 0.577349 -0.577349 -0.577349 -0.577349 -0.577349 -0.577349 -0.577349 0.577349 -0.577349 0.577349 0.577349 -0.577349 -0.577349 -0.577349 0.577349 -0.577349 -0.577349 0.577349 -0.577349 0.577349 -0.577349 -0.577349 0.577349 -0.577349 -0.577349 -0.577349 -0.577349 0.577349 -0.577349 -0.577349 0.577349 0.577349 -0.577349 -0.577349 0.577349 " />
										<TextureCoordinate point="0.0354 0.5314 0.0354 0.9646 0.4686 0.9646 0.4686 0.5314 0.0354 0.5314 0.0354 0.9646 0.4686 0.9646 0.4686 0.5314 0.0354 0.5314 0.0354 0.9646 0.4686 0.9646 0.4686 0.5314 0.0354 0.5314 0.0354 0.9646 0.4686 0.9646 0.4686 0.5314 0.4686 0.9646 0.4686 0.5314 0.0354 0.5314 0.0354 0.9646 " />
									</IndexedTriangleSet>
								</Shape>
							</Group>
						</Transform>
						<Transform DEF="hand2_TRANSFORM"
						           translation="-0.691536 0.000000 -0.027357"
						           scale="1.000000 1.000000 1.000000"
						           rotation="0.000000 1.000000 0.000000 0.000000"
						           >
							<Transform DEF="hand2_ifs_TRANSFORM"
							           translation="0.000000 0.000000 0.000000"
							           scale="1.000000 1.000000 1.000000"
							           rotation="0.000000 1.000000 0.000000 0.000000"
							           >
								<Group DEF="group_ME_hand2">
									<Shape>
										<Appearance>
											<Material USE="MA_Body" />
										</Appearance>
										<IndexedTriangleSet solid="false"
										                    normalPerVertex="true"
										                    index="0 1 2 0 2 3 4 5 6 4 6 7 8 9 10 8 10 11 12 13 14 12 14 15 4 13 16 4 16 17 18 19 14 18 14 7 "
										                    >
											<Coordinate point="-0.016972 -0.126160 -0.133250 -0.016972 0.126160 -0.133250 0.016972 0.126160 0.133250 0.016972 -0.126160 0.133250 -0.016972 0.126160 -0.133250 -0.427569 0.126160 -0.080954 -0.393626 0.126160 0.185546 0.016972 0.126160 0.133250 -0.427569 0.126160 -0.080954 -0.427569 -0.126160 -0.080954 -0.393626 -0.126160 0.185546 -0.393626 0.126160 0.185546 -0.427569 -0.126160 -0.080954 -0.016972 -0.126160 -0.133250 0.016972 -0.126160 0.133250 -0.393626 -0.126160 0.185546 -0.427569 -0.126160 -0.080954 -0.427569 0.126160 -0.080954 -0.393626 0.126160 0.185546 -0.393626 -0.126160 0.185546 " />
											<Normal vector="0.499771 -0.577349 -0.645650 0.499771 0.577349 -0.645650 0.645650 0.577349 0.499771 0.645650 -0.577349 0.499771 0.499771 0.577349 -0.645650 -0.645650 0.577349 -0.499771 -0.499771 0.577349 0.645650 0.645650 0.577349 0.499771 -0.645650 0.577349 -0.499771 -0.645650 -0.577349 -0.499771 -0.499771 -0.577349 0.645650 -0.499771 0.577349 0.645650 -0.645650 -0.577349 -0.499771 0.499771 -0.577349 -0.645650 0.645650 -0.577349 0.499771 -0.499771 -0.577349 0.645650 -0.645650 -0.577349 -0.499771 -0.645650 0.577349 -0.499771 -0.499771 0.577349 0.645650 -0.499771 -0.577349 0.645650 " />
											<TextureCoordinate point="0.0354 0.5314 0.0354 0.9646 0.4686 0.9646 0.4686 0.5314 0.0354 0.5314 0.0354 0.9646 0.4686 0.9646 0.4686 0.5314 0.0354 0.5314 0.0354 0.9646 0.4686 0.9646 0.4686 0.5314 0.0354 0.5314 0.0354 0.9646 0.4686 0.9646 0.4686 0.5314 0.4686 0.9646 0.4686 0.5314 0.0354 0.5314 0.0354 0.9646 " />
										</IndexedTriangleSet>
									</Shape>
								</Group>
							</Transform>
							<Transform DEF="Cube_013_TRANSFORM"
							           translation="-0.158121 -0.067854 -0.026623"
							           scale="1.000000 1.000000 1.000000"
							           rotation="0.000000 1.000000 0.000000 0.000000"
							           >
								<Transform DEF="Cube_013_ifs_TRANSFORM"
								           translation="0.000000 0.000000 0.000000"
								           scale="1.000000 1.000000 1.000000"
								           rotation="0.000000 1.000000 0.000000 0.000000"
								           >
									<Group DEF="group_ME_Cube_016">
										<Shape>
											<Appearance>
												<Material USE="MA_Body" />
											</Appearance>
											<IndexedTriangleSet solid="false"
											                    normalPerVertex="true"
											                    index="0 1 2 0 2 3 4 5 6 4 6 7 8 9 10 8 10 11 12 13 14 12 14 15 4 13 16 4 16 17 18 19 14 18 14 7 "
											                    >
												<Coordinate point="0.025785 -0.061581 0.000085 0.026886 0.035736 -0.049570 -0.025785 0.061581 -0.000085 -0.026886 -0.035736 0.049570 0.026886 0.035736 -0.049570 -0.107052 -0.020503 -0.162760 -0.159724 0.005343 -0.113275 -0.025785 0.061581 -0.000085 -0.107052 -0.020503 -0.162760 -0.108154 -0.117820 -0.113104 -0.160825 -0.091975 -0.063619 -0.159724 0.005343 -0.113275 -0.108154 -0.117820 -0.113104 0.025785 -0.061581 0.000085 -0.026886 -0.035736 0.049570 -0.160825 -0.091975 -0.063619 -0.108154 -0.117820 -0.113104 -0.107052 -0.020503 -0.162760 -0.159724 0.005343 -0.113275 -0.160825 -0.091975 -0.063619 " />
												<Normal vector="0.810266 -0.532334 0.245003 0.821925 0.496139 -0.279763 0.029511 0.884945 0.464675 0.017884 -0.143498 0.989471 0.821925 0.496139 -0.279763 -0.017884 0.143498 -0.989471 -0.810266 0.532334 -0.245003 0.029511 0.884945 0.464675 -0.017884 0.143498 -0.989471 -0.029511 -0.884945 -0.464675 -0.821925 -0.496139 0.279763 -0.810266 0.532334 -0.245003 -0.029511 -0.884945 -0.464675 0.810266 -0.532334 0.245003 0.017884 -0.143498 0.989471 -0.821925 -0.496139 0.279763 -0.029511 -0.884945 -0.464675 -0.017884 0.143498 -0.989471 -0.810266 0.532334 -0.245003 -0.821925 -0.496139 0.279763 " />
												<TextureCoordinate point="0.0354 0.5314 0.0354 0.9646 0.4686 0.9646 0.4686 0.5314 0.0354 0.5314 0.0354 0.9646 0.4686 0.9646 0.4686 0.5314 0.0354 0.5314 0.0354 0.9646 0.4686 0.9646 0.4686 0.5314 0.0354 0.5314 0.0354 0.9646 0.4686 0.9646 0.4686 0.5314 0.4686 0.9646 0.4686 0.5314 0.0354 0.5314 0.0354 0.9646 " />
											</IndexedTriangleSet>
										</Shape>
									</Group>
								</Transform>
							</Transform>
						</Transform>
					</Transform>
				</Transform>
			</Transform>
			<Transform DEF="foot1_TRANSFORM"
			           translation="0.361671 -0.062691 0.168923"
			           scale="1.000000 1.000000 1.000000"
			           rotation="0.000000 1.000000 0.000000 0.000000"
			           >
				<Transform DEF="foot1_ifs_TRANSFORM"
				           translation="0.000000 0.000000 0.000000"
				           scale="1.000000 1.000000 1.000000"
				           rotation="0.000000 1.000000 0.000000 0.000000"
				           >
					<Group DEF="group_ME_foot1">
						<Shape>
							<Appearance>
								<Material USE="MA_Body" />
							</Appearance>
							<IndexedTriangleSet solid="false"
							                    normalPerVertex="true"
							                    index="0 1 2 0 2 3 4 5 6 4 6 7 8 9 10 8 10 11 12 13 14 12 14 15 4 16 17 4 17 15 18 5 14 18 14 19 "
							                    >
								<Coordinate point="-0.165671 -0.110266 -0.433295 -0.165671 -0.268020 -0.148423 -0.165671 0.078333 0.043379 -0.165671 0.236088 -0.241493 -0.165671 0.236088 -0.241493 -0.165671 0.078333 0.043379 0.165671 0.078333 0.043379 0.165671 0.236088 -0.241493 0.165671 0.236088 -0.241493 0.165671 0.078333 0.043379 0.165671 -0.268020 -0.148423 0.165671 -0.110266 -0.433295 0.165671 -0.110266 -0.433295 0.165671 -0.268020 -0.148423 -0.165671 -0.268020 -0.148423 -0.165671 -0.110266 -0.433295 0.165671 0.236088 -0.241493 0.165671 -0.110266 -0.433295 0.165671 0.078333 0.043379 0.165671 -0.268020 -0.148423 " />
								<Normal vector="-0.577349 -0.225349 -0.784753 -0.577349 -0.784753 0.225349 -0.577349 0.225349 0.784753 -0.577349 0.784753 -0.225349 -0.577349 0.784753 -0.225349 -0.577349 0.225349 0.784753 0.577349 0.225349 0.784753 0.577349 0.784753 -0.225349 0.577349 0.784753 -0.225349 0.577349 0.225349 0.784753 0.577349 -0.784753 0.225349 0.577349 -0.225349 -0.784753 0.577349 -0.225349 -0.784753 0.577349 -0.784753 0.225349 -0.577349 -0.784753 0.225349 -0.577349 -0.225349 -0.784753 0.577349 0.784753 -0.225349 0.577349 -0.225349 -0.784753 0.577349 0.225349 0.784753 0.577349 -0.784753 0.225349 " />
								<TextureCoordinate point="0.0354 0.5314 0.4686 0.5314 0.4686 0.9646 0.0354 0.9646 0.0354 0.5314 0.4686 0.5314 0.4686 0.9646 0.0354 0.9646 0.0354 0.5314 0.4686 0.5314 0.4686 0.9646 0.0354 0.9646 0.0354 0.5314 0.4686 0.5314 0.4686 0.9646 0.0354 0.9646 0.4686 0.5314 0.4686 0.9646 0.0354 0.5314 0.0354 0.9646 " />
							</IndexedTriangleSet>
						</Shape>
					</Group>
				</Transform>
				<Transform DEF="Cube_011_TRANSFORM"
				           translation="-0.002069 -0.122849 -0.250804"
				           scale="1.000000 1.000000 1.000000"
				           rotation="0.000000 1.000000 0.000000 0.000000"
				           >
					<Transform DEF="Cube_011_ifs_TRANSFORM"
					           translation="0.000000 0.000000 0.000000"
					           scale="1.000000 1.000000 1.000000"
					           rotation="0.000000 1.000000 0.000000 0.000000"
					           >
						<Group DEF="group_ME_Cube_048">
							<Shape>
								<Appearance>
									<Material USE="MA_Body" />
								</Appearance>
								<IndexedTriangleSet solid="false"
								                    normalPerVertex="true"
								                    index="0 1 2 0 2 3 4 5 6 4 6 7 8 9 10 8 10 11 12 13 14 12 14 15 4 16 17 4 17 15 18 5 14 18 14 19 "
								                    >
									<Coordinate point="-0.111932 -0.293847 -0.353771 -0.111581 -0.428664 -0.166809 -0.135032 -0.073401 0.089414 -0.135384 0.061416 -0.097547 -0.135384 0.061416 -0.097547 -0.135032 -0.073401 0.089414 0.135384 -0.061416 0.097547 0.135032 0.073401 -0.089414 0.135032 0.073401 -0.089414 0.135384 -0.061416 0.097547 0.158836 -0.416679 -0.158676 0.158484 -0.281862 -0.345637 0.158484 -0.281862 -0.345637 0.158836 -0.416679 -0.158676 -0.111581 -0.428664 -0.166809 -0.111932 -0.293847 -0.353771 0.135032 0.073401 -0.089414 0.158484 -0.281862 -0.345637 0.135384 -0.061416 0.097547 0.158836 -0.416679 -0.158676 " />
									<Normal vector="-0.546525 -0.155461 -0.822871 -0.544755 -0.830836 0.113712 -0.606494 0.104343 0.788171 -0.608264 0.779717 -0.148381 -0.608264 0.779717 -0.148381 -0.606494 0.104343 0.788171 0.546525 0.155461 0.822871 0.544755 0.830836 -0.113712 0.544755 0.830836 -0.113712 0.546525 0.155461 0.822871 0.608264 -0.779717 0.148381 0.606494 -0.104343 -0.788171 0.606494 -0.104343 -0.788171 0.608264 -0.779717 0.148381 -0.544755 -0.830836 0.113712 -0.546525 -0.155461 -0.822871 0.544755 0.830836 -0.113712 0.606494 -0.104343 -0.788171 0.546525 0.155461 0.822871 0.608264 -0.779717 0.148381 " />
									<TextureCoordinate point="0.0354 0.5314 0.4686 0.5314 0.4686 0.9646 0.0354 0.9646 0.0354 0.5314 0.4686 0.5314 0.4686 0.9646 0.0354 0.9646 0.0354 0.5314 0.4686 0.5314 0.4686 0.9646 0.0354 0.9646 0.0354 0.5314 0.4686 0.5314 0.4686 0.9646 0.0354 0.9646 0.4686 0.5314 0.4686 0.9646 0.0354 0.5314 0.0354 0.9646 " />
								</IndexedTriangleSet>
							</Shape>
						</Group>
					</Transform>
				</Transform>
			</Transform>
			<Transform DEF="tail1_1_TRANSFORM"
			           translation="0.225711 0.528247 0.300539"
			           scale="1.000000 1.000000 1.000000"
			           rotation="0.000000 1.000000 0.000000 0.000000"
			           >
				<Transform DEF="tail1_1_ifs_TRANSFORM"
				           translation="0.000000 0.000000 0.000000"
				           scale="1.000000 1.000000 1.000000"
				           rotation="0.000000 1.000000 0.000000 0.000000"
				           >
					<Group DEF="group_ME_tail1_1">
						<Shape>
							<Appearance>
								<Material USE="MA_Body" />
							</Appearance>
							<IndexedTriangleSet solid="false"
							                    normalPerVertex="true"
							                    index="0 1 2 0 2 3 4 5 6 4 6 7 8 9 10 8 10 11 12 13 14 12 14 15 4 16 17 4 17 15 18 5 14 18 14 19 "
							                    >
								<Coordinate point="-0.164155 0.000000 -0.053684 -0.164155 0.000000 0.053684 -0.164155 0.701687 0.053684 -0.164155 0.701687 -0.053684 -0.164155 0.701687 -0.053684 -0.164155 0.701687 0.053684 0.164155 0.701687 0.053684 0.164155 0.701687 -0.053684 0.164155 0.701687 -0.053684 0.164155 0.701687 0.053684 0.164155 0.000000 0.053684 0.164155 0.000000 -0.053684 0.164155 0.000000 -0.053684 0.164155 0.000000 0.053684 -0.164155 0.000000 0.053684 -0.164155 0.000000 -0.053684 0.164155 0.701687 -0.053684 0.164155 0.000000 -0.053684 0.164155 0.701687 0.053684 0.164155 0.000000 0.053684 " />
								<Normal vector="-0.577349 -0.577349 -0.577349 -0.577349 -0.577349 0.577349 -0.577349 0.577349 0.577349 -0.577349 0.577349 -0.577349 -0.577349 0.577349 -0.577349 -0.577349 0.577349 0.577349 0.577349 0.577349 0.577349 0.577349 0.577349 -0.577349 0.577349 0.577349 -0.577349 0.577349 0.577349 0.577349 0.577349 -0.577349 0.577349 0.577349 -0.577349 -0.577349 0.577349 -0.577349 -0.577349 0.577349 -0.577349 0.577349 -0.577349 -0.577349 0.577349 -0.577349 -0.577349 -0.577349 0.577349 0.577349 -0.577349 0.577349 -0.577349 -0.577349 0.577349 0.577349 0.577349 0.577349 -0.577349 0.577349 " />
								<TextureCoordinate point="0.0354 0.5314 0.4686 0.5314 0.4686 0.9646 0.0354 0.9646 0.0354 0.5314 0.4686 0.5314 0.4686 0.9646 0.0354 0.9646 0.0354 0.5314 0.4686 0.5314 0.4686 0.9646 0.0354 0.9646 0.0354 0.5314 0.4686 0.5314 0.4686 0.9646 0.0354 0.9646 0.4686 0.5314 0.4686 0.9646 0.0354 0.5314 0.0354 0.9646 " />
							</IndexedTriangleSet>
						</Shape>
					</Group>
				</Transform>
				<Transform DEF="tail1_2_TRANSFORM"
				           translation="0.000000 0.671672 0.000000"
				           scale="1.000000 1.000000 1.000000"
				           rotation="0.000000 1.000000 0.000000 0.000000"
				           >
					<Transform DEF="tail1_2_ifs_TRANSFORM"
					           translation="0.000000 0.000000 0.000000"
					           scale="1.000000 1.000000 1.000000"
					           rotation="0.000000 1.000000 0.000000 0.000000"
					           >
						<Group DEF="group_ME_tail1_2">
							<Shape>
								<Appearance>
									<Material USE="MA_Body" />
								</Appearance>
								<IndexedTriangleSet solid="false"
								                    normalPerVertex="true"
								                    index="0 1 2 0 2 3 4 5 6 4 6 7 8 9 10 8 10 11 12 13 14 12 14 15 4 16 17 4 17 15 18 5 14 18 14 19 "
								                    >
									<Coordinate point="-0.142859 0.000000 -0.043220 -0.142859 0.000000 0.043220 -0.142859 0.735694 0.043220 -0.142859 0.735694 -0.043220 -0.142859 0.735694 -0.043220 -0.142859 0.735694 0.043220 0.142859 0.735694 0.043220 0.142859 0.735694 -0.043220 0.142859 0.735694 -0.043220 0.142859 0.735694 0.043220 0.142859 0.000000 0.043220 0.142859 0.000000 -0.043220 0.142859 0.000000 -0.043220 0.142859 0.000000 0.043220 -0.142859 0.000000 0.043220 -0.142859 0.000000 -0.043220 0.142859 0.735694 -0.043220 0.142859 0.000000 -0.043220 0.142859 0.735694 0.043220 0.142859 0.000000 0.043220 " />
									<Normal vector="-0.577349 -0.577349 -0.577349 -0.577349 -0.577349 0.577349 -0.577349 0.577349 0.577349 -0.577349 0.577349 -0.577349 -0.577349 0.577349 -0.577349 -0.577349 0.577349 0.577349 0.577349 0.577349 0.577349 0.577349 0.577349 -0.577349 0.577349 0.577349 -0.577349 0.577349 0.577349 0.577349 0.577349 -0.577349 0.577349 0.577349 -0.577349 -0.577349 0.577349 -0.577349 -0.577349 0.577349 -0.577349 0.577349 -0.577349 -0.577349 0.577349 -0.577349 -0.577349 -0.577349 0.577349 0.577349 -0.577349 0.577349 -0.577349 -0.577349 0.577349 0.577349 0.577349 0.577349 -0.577349 0.577349 " />
									<TextureCoordinate point="0.0354 0.5314 0.4686 0.5314 0.4686 0.9646 0.0354 0.9646 0.0354 0.5314 0.4686 0.5314 0.4686 0.9646 0.0354 0.9646 0.0354 0.5314 0.4686 0.5314 0.4686 0.9646 0.0354 0.9646 0.0354 0.5314 0.4686 0.5314 0.4686 0.9646 0.0354 0.9646 0.4686 0.5314 0.4686 0.9646 0.0354 0.5314 0.0354 0.9646 " />
								</IndexedTriangleSet>
							</Shape>
						</Group>
					</Transform>
					<Transform DEF="tail1_3_TRANSFORM"
					           translation="0.000000 0.701913 -0.000000"
					           scale="1.000000 1.000000 1.000000"
					           rotation="0.000000 1.000000 0.000000 0.000000"
					           >
						<Transform DEF="tail1_3_ifs_TRANSFORM"
						           translation="0.000000 0.000000 0.000000"
						           scale="1.000000 1.000000 1.000000"
						           rotation="0.000000 1.000000 0.000000 0.000000"
						           >
							<Group DEF="group_ME_tail1_3">
								<Shape>
									<Appearance>
										<Material USE="MA_Body" />
									</Appearance>
									<IndexedTriangleSet solid="false"
									                    normalPerVertex="true"
									                    index="0 1 2 0 2 3 4 5 6 4 6 7 8 9 10 8 10 11 12 13 14 12 14 15 4 16 17 4 17 15 18 5 14 18 14 19 "
									                    >
										<Coordinate point="-0.124559 -0.000000 -0.037683 -0.124559 0.000000 0.037683 -0.124559 0.708762 0.037683 -0.124559 0.708762 -0.037683 -0.124559 0.708762 -0.037683 -0.124559 0.708762 0.037683 0.124559 0.708762 0.037683 0.124559 0.708762 -0.037683 0.124559 0.708762 -0.037683 0.124559 0.708762 0.037683 0.124559 0.000000 0.037683 0.124559 -0.000000 -0.037683 0.124559 -0.000000 -0.037683 0.124559 0.000000 0.037683 -0.124559 0.000000 0.037683 -0.124559 -0.000000 -0.037683 0.124559 0.708762 -0.037683 0.124559 -0.000000 -0.037683 0.124559 0.708762 0.037683 0.124559 0.000000 0.037683 " />
										<Normal vector="-0.577349 -0.577349 -0.577349 -0.577349 -0.577349 0.577349 -0.577349 0.577349 0.577349 -0.577349 0.577349 -0.577349 -0.577349 0.577349 -0.577349 -0.577349 0.577349 0.577349 0.577349 0.577349 0.577349 0.577349 0.577349 -0.577349 0.577349 0.577349 -0.577349 0.577349 0.577349 0.577349 0.577349 -0.577349 0.577349 0.577349 -0.577349 -0.577349 0.577349 -0.577349 -0.577349 0.577349 -0.577349 0.577349 -0.577349 -0.577349 0.577349 -0.577349 -0.577349 -0.577349 0.577349 0.577349 -0.577349 0.577349 -0.577349 -0.577349 0.577349 0.577349 0.577349 0.577349 -0.577349 0.577349 " />
										<TextureCoordinate point="0.0354 0.5314 0.4686 0.5314 0.4686 0.9646 0.0354 0.9646 0.0354 0.5314 0.4686 0.5314 0.4686 0.9646 0.0354 0.9646 0.0354 0.5314 0.4686 0.5314 0.4686 0.9646 0.0354 0.9646 0.0354 0.5314 0.4686 0.5314 0.4686 0.9646 0.0354 0.9646 0.4686 0.5314 0.4686 0.9646 0.0354 0.5314 0.0354 0.9646 " />
									</IndexedTriangleSet>
								</Shape>
							</Group>
						</Transform>
						<Transform DEF="tail1_4_TRANSFORM"
						           translation="0.000000 0.674712 -0.000000"
						           scale="1.000000 1.000000 1.000000"
						           rotation="0.000000 1.000000 0.000000 0.000000"
						           >
							<Transform DEF="tail1_4_ifs_TRANSFORM"
							           translation="0.000000 0.000000 0.000000"
							           scale="1.000000 1.000000 1.000000"
							           rotation="0.000000 1.000000 0.000000 0.000000"
							           >
								<Group DEF="group_ME_tail1_4">
									<Shape>
										<Appearance>
											<Material USE="MA_Body" />
										</Appearance>
										<IndexedTriangleSet solid="false"
										                    normalPerVertex="true"
										                    index="0 1 2 0 2 3 4 5 6 4 6 7 8 9 10 8 10 11 12 13 14 12 14 15 4 16 17 4 17 15 18 5 14 18 14 19 "
										                    >
											<Coordinate point="-0.096316 -0.000000 -0.034646 -0.096316 0.000000 0.034646 -0.096316 0.651213 0.034646 -0.096316 0.651213 -0.034646 -0.096316 0.651213 -0.034646 -0.096316 0.651213 0.034646 0.096316 0.651213 0.034646 0.096316 0.651213 -0.034646 0.096316 0.651213 -0.034646 0.096316 0.651213 0.034646 0.096316 0.000000 0.034646 0.096316 -0.000000 -0.034646 0.096316 -0.000000 -0.034646 0.096316 0.000000 0.034646 -0.096316 0.000000 0.034646 -0.096316 -0.000000 -0.034646 0.096316 0.651213 -0.034646 0.096316 -0.000000 -0.034646 0.096316 0.651213 0.034646 0.096316 0.000000 0.034646 " />
											<Normal vector="-0.577349 -0.577349 -0.577349 -0.577349 -0.577349 0.577349 -0.577349 0.577349 0.577349 -0.577349 0.577349 -0.577349 -0.577349 0.577349 -0.577349 -0.577349 0.577349 0.577349 0.577349 0.577349 0.577349 0.577349 0.577349 -0.577349 0.577349 0.577349 -0.577349 0.577349 0.577349 0.577349 0.577349 -0.577349 0.577349 0.577349 -0.577349 -0.577349 0.577349 -0.577349 -0.577349 0.577349 -0.577349 0.577349 -0.577349 -0.577349 0.577349 -0.577349 -0.577349 -0.577349 0.577349 0.577349 -0.577349 0.577349 -0.577349 -0.577349 0.577349 0.577349 0.577349 0.577349 -0.577349 0.577349 " />
											<TextureCoordinate point="0.0354 0.5314 0.4686 0.5314 0.4686 0.9646 0.0354 0.9646 0.0354 0.5314 0.4686 0.5314 0.4686 0.9646 0.0354 0.9646 0.0354 0.5314 0.4686 0.5314 0.4686 0.9646 0.0354 0.9646 0.0354 0.5314 0.4686 0.5314 0.4686 0.9646 0.0354 0.9646 0.4686 0.5314 0.4686 0.9646 0.0354 0.5314 0.0354 0.9646 " />
										</IndexedTriangleSet>
									</Shape>
								</Group>
							</Transform>
							<Transform DEF="tail1_5_TRANSFORM"
							           translation="0.000000 0.619792 -0.000000"
							           scale="1.000000 1.000000 1.000000"
							           rotation="0.000000 1.000000 0.000000 0.000000"
							           >
								<Transform DEF="tail1_5_ifs_TRANSFORM"
								           translation="0.000000 0.000000 0.000000"
								           scale="1.000000 1.000000 1.000000"
								           rotation="0.000000 1.000000 0.000000 0.000000"
								           >
									<Group DEF="group_ME_tail1_5">
										<Shape>
											<Appearance>
												<Material USE="MA_Body" />
											</Appearance>
											<IndexedTriangleSet solid="false"
											                    normalPerVertex="true"
											                    index="0 1 2 0 2 3 4 5 6 4 6 7 8 9 10 8 10 11 12 13 14 12 14 15 4 16 17 4 17 15 18 5 14 18 14 19 "
											                    >
												<Coordinate point="-0.074665 -0.000000 -0.029488 -0.074665 0.000000 0.029488 -0.074665 0.780078 0.029488 -0.074665 0.780078 -0.029488 -0.074665 0.780078 -0.029488 -0.074665 0.780078 0.029488 0.074665 0.780078 0.029488 0.074665 0.780078 -0.029488 0.074665 0.780078 -0.029488 0.074665 0.780078 0.029488 0.074665 0.000000 0.029488 0.074665 -0.000000 -0.029488 0.074665 -0.000000 -0.029488 0.074665 0.000000 0.029488 -0.074665 0.000000 0.029488 -0.074665 -0.000000 -0.029488 0.074665 0.780078 -0.029488 0.074665 -0.000000 -0.029488 0.074665 0.780078 0.029488 0.074665 0.000000 0.029488 " />
												<Normal vector="-0.577349 -0.577349 -0.577349 -0.577349 -0.577349 0.577349 -0.577349 0.577349 0.577349 -0.577349 0.577349 -0.577349 -0.577349 0.577349 -0.577349 -0.577349 0.577349 0.577349 0.577349 0.577349 0.577349 0.577349 0.577349 -0.577349 0.577349 0.577349 -0.577349 0.577349 0.577349 0.577349 0.577349 -0.577349 0.577349 0.577349 -0.577349 -0.577349 0.577349 -0.577349 -0.577349 0.577349 -0.577349 0.577349 -0.577349 -0.577349 0.577349 -0.577349 -0.577349 -0.577349 0.577349 0.577349 -0.577349 0.577349 -0.577349 -0.577349 0.577349 0.577349 0.577349 0.577349 -0.577349 0.577349 " />
												<TextureCoordinate point="0.0354 0.5314 0.4686 0.5314 0.4686 0.9646 0.0354 0.9646 0.0354 0.5314 0.4686 0.5314 0.4686 0.9646 0.0354 0.9646 0.0354 0.5314 0.4686 0.5314 0.4686 0.9646 0.0354 0.9646 0.0354 0.5314 0.4686 0.5314 0.4686 0.9646 0.0354 0.9646 0.4686 0.5314 0.4686 0.9646 0.0354 0.5314 0.0354 0.9646 " />
											</IndexedTriangleSet>
										</Shape>
									</Group>
								</Transform>
								<Transform DEF="tail1_6_TRANSFORM"
								           translation="0.000000 0.742709 0.000000"
								           scale="1.000000 1.000000 1.000000"
								           rotation="0.000000 1.000000 0.000000 0.000000"
								           >
									<Transform DEF="tail1_6_ifs_TRANSFORM"
									           translation="0.000000 0.000000 0.000000"
									           scale="1.000000 1.000000 1.000000"
									           rotation="0.000000 1.000000 0.000000 0.000000"
									           >
										<Group DEF="group_ME_tail1_6">
											<Shape>
												<Appearance>
													<Material USE="MA_Body" />
												</Appearance>
												<IndexedTriangleSet solid="false"
												                    normalPerVertex="true"
												                    index="0 1 2 0 2 3 4 5 6 4 6 7 8 9 10 8 10 11 12 13 14 12 14 15 4 16 17 4 17 15 18 5 14 18 14 19 "
												                    >
													<Coordinate point="-0.090530 0.000047 -0.028237 -0.090530 -0.000047 0.028237 -0.090530 0.406424 0.028907 -0.090530 0.406517 -0.027567 -0.090530 0.406517 -0.027567 -0.090530 0.406424 0.028907 0.090530 0.406424 0.028907 0.090530 0.406517 -0.027567 0.090530 0.406517 -0.027567 0.090530 0.406424 0.028907 0.090530 -0.000047 0.028237 0.090530 0.000047 -0.028237 0.090530 0.000047 -0.028237 0.090530 -0.000047 0.028237 -0.090530 -0.000047 0.028237 -0.090530 0.000047 -0.028237 0.090530 0.406517 -0.027567 0.090530 0.000047 -0.028237 0.090530 0.406424 0.028907 0.090530 -0.000047 0.028237 " />
													<Normal vector="-0.577349 -0.576373 -0.578295 -0.577349 -0.578295 0.576373 -0.577349 0.576373 0.578295 -0.577349 0.578295 -0.576373 -0.577349 0.578295 -0.576373 -0.577349 0.576373 0.578295 0.577349 0.576373 0.578295 0.577349 0.578295 -0.576373 0.577349 0.578295 -0.576373 0.577349 0.576373 0.578295 0.577349 -0.578295 0.576373 0.577349 -0.576373 -0.578295 0.577349 -0.576373 -0.578295 0.577349 -0.578295 0.576373 -0.577349 -0.578295 0.576373 -0.577349 -0.576373 -0.578295 0.577349 0.578295 -0.576373 0.577349 -0.576373 -0.578295 0.577349 0.576373 0.578295 0.577349 -0.578295 0.576373 " />
													<TextureCoordinate point="0.0354 0.5314 0.4686 0.5314 0.4686 0.9646 0.0354 0.9646 0.0354 0.5314 0.4686 0.5314 0.4686 0.9646 0.0354 0.9646 0.0354 0.5314 0.4686 0.5314 0.4686 0.9646 0.0354 0.9646 0.0354 0.5314 0.4686 0.5314 0.4686 0.9646 0.0354 0.9646 0.4686 0.5314 0.4686 0.9646 0.0354 0.5314 0.0354 0.9646 " />
												</IndexedTriangleSet>
											</Shape>
										</Group>
									</Transform>
									<Transform DEF="Cube_015_TRANSFORM"
									           translation="0.000000 0.398052 0.000656"
									           scale="1.000000 1.000000 1.000000"
									           rotation="0.000000 1.000000 0.000000 0.000000"
									           >
										<Transform DEF="Cube_015_ifs_TRANSFORM"
										           translation="0.000000 0.000000 0.000000"
										           scale="1.000000 1.000000 1.000000"
										           rotation="0.000000 1.000000 0.000000 0.000000"
										           >
											<Group DEF="group_ME_Cube_006">
												<Shape>
													<Appearance>
														<Material USE="MA_Body" />
													</Appearance>
													<IndexedTriangleSet solid="false"
													                    normalPerVertex="true"
													                    index="0 1 2 0 2 3 4 5 6 4 6 7 8 9 10 8 10 11 12 13 14 12 14 15 4 16 17 4 17 15 18 5 14 18 14 19 "
													                    >
														<Coordinate point="-0.282432 0.000051 -0.030890 -0.282432 -0.000051 0.030890 -0.282432 0.621299 0.031914 -0.282432 0.621400 -0.029867 -0.282432 0.621400 -0.029867 -0.282432 0.621299 0.031914 0.282432 0.621299 0.031914 0.282432 0.621400 -0.029867 0.282432 0.621400 -0.029867 0.282432 0.621299 0.031914 0.282432 -0.000051 0.030890 0.282432 0.000051 -0.030890 0.282432 0.000051 -0.030890 0.282432 -0.000051 0.030890 -0.282432 -0.000051 0.030890 -0.282432 0.000051 -0.030890 0.282432 0.621400 -0.029867 0.282432 0.000051 -0.030890 0.282432 0.621299 0.031914 0.282432 -0.000051 0.030890 " />
														<Normal vector="-0.577349 -0.576373 -0.578295 -0.577349 -0.578295 0.576373 -0.577349 0.576373 0.578295 -0.577349 0.578295 -0.576373 -0.577349 0.578295 -0.576373 -0.577349 0.576373 0.578295 0.577349 0.576373 0.578295 0.577349 0.578295 -0.576373 0.577349 0.578295 -0.576373 0.577349 0.576373 0.578295 0.577349 -0.578295 0.576373 0.577349 -0.576373 -0.578295 0.577349 -0.576373 -0.578295 0.577349 -0.578295 0.576373 -0.577349 -0.578295 0.576373 -0.577349 -0.576373 -0.578295 0.577349 0.578295 -0.576373 0.577349 -0.576373 -0.578295 0.577349 0.576373 0.578295 0.577349 -0.578295 0.576373 " />
														<TextureCoordinate point="0.0354 0.5314 0.4686 0.5314 0.4686 0.9646 0.0354 0.9646 0.0354 0.5314 0.4686 0.5314 0.4686 0.9646 0.0354 0.9646 0.0354 0.5314 0.4686 0.5314 0.4686 0.9646 0.0354 0.9646 0.0354 0.5314 0.4686 0.5314 0.4686 0.9646 0.0354 0.9646 0.4686 0.5314 0.4686 0.9646 0.0354 0.5314 0.0354 0.9646 " />
													</IndexedTriangleSet>
												</Shape>
											</Group>
										</Transform>
										<Transform DEF="Cube_016_TRANSFORM"
										           translation="-0.000000 0.599297 0.000987"
										           scale="1.000000 1.000000 1.000000"
										           rotation="0.000000 1.000000 0.000000 0.000000"
										           >
											<Transform DEF="Cube_016_ifs_TRANSFORM"
											           translation="0.000000 0.000000 0.000000"
											           scale="1.000000 1.000000 1.000000"
											           rotation="0.000000 1.000000 0.000000 0.000000"
											           >
												<Group DEF="group_ME_Cube_007">
													<Shape>
														<Appearance>
															<Material USE="MA_Body" />
														</Appearance>
														<IndexedTriangleSet solid="false"
														                    normalPerVertex="true"
														                    index="0 1 2 0 2 3 4 5 6 4 6 7 8 9 10 8 10 11 12 13 14 12 14 15 4 16 17 4 17 15 18 5 14 18 14 19 "
														                    >
															<Coordinate point="-0.245348 0.000037 -0.022426 -0.245348 -0.000037 0.022426 -0.245348 0.735830 0.023639 -0.245348 0.735904 -0.021214 -0.245348 0.735904 -0.021214 -0.245348 0.735830 0.023639 0.245348 0.735830 0.023639 0.245348 0.735904 -0.021214 0.245348 0.735904 -0.021214 0.245348 0.735830 0.023639 0.245348 -0.000037 0.022426 0.245348 0.000037 -0.022426 0.245348 0.000037 -0.022426 0.245348 -0.000037 0.022426 -0.245348 -0.000037 0.022426 -0.245348 0.000037 -0.022426 0.245348 0.735904 -0.021214 0.245348 0.000037 -0.022426 0.245348 0.735830 0.023639 0.245348 -0.000037 0.022426 " />
															<Normal vector="-0.577349 -0.576373 -0.578295 -0.577349 -0.578295 0.576373 -0.577349 0.576373 0.578295 -0.577349 0.578295 -0.576373 -0.577349 0.578295 -0.576373 -0.577349 0.576373 0.578295 0.577349 0.576373 0.578295 0.577349 0.578295 -0.576373 0.577349 0.578295 -0.576373 0.577349 0.576373 0.578295 0.577349 -0.578295 0.576373 0.577349 -0.576373 -0.578295 0.577349 -0.576373 -0.578295 0.577349 -0.578295 0.576373 -0.577349 -0.578295 0.576373 -0.577349 -0.576373 -0.578295 0.577349 0.578295 -0.576373 0.577349 -0.576373 -0.578295 0.577349 0.576373 0.578295 0.577349 -0.578295 0.576373 " />
															<TextureCoordinate point="0.0354 0.5314 0.4686 0.5314 0.4686 0.9646 0.0354 0.9646 0.0354 0.5314 0.4686 0.5314 0.4686 0.9646 0.0354 0.9646 0.0354 0.5314 0.4686 0.5314 0.4686 0.9646 0.0354 0.9646 0.0354 0.5314 0.4686 0.5314 0.4686 0.9646 0.0354 0.9646 0.4686 0.5314 0.4686 0.9646 0.0354 0.5314 0.0354 0.9646 " />
														</IndexedTriangleSet>
													</Shape>
												</Group>
											</Transform>
										</Transform>
										<Transform DEF="Cube_018_TRANSFORM"
										           translation="0.130045 0.224084 0.000369"
										           scale="1.000000 1.000000 1.000000"
										           rotation="0.000000 1.000000 0.000000 0.000000"
										           >
											<Transform DEF="Cube_018_ifs_TRANSFORM"
											           translation="0.000000 0.000000 0.000000"
											           scale="1.000000 1.000000 1.000000"
											           rotation="0.000000 1.000000 0.000000 0.000000"
											           >
												<Group DEF="group_ME_Cube_008">
													<Shape>
														<Appearance>
															<Material USE="MA_Body" />
														</Appearance>
														<IndexedTriangleSet solid="false"
														                    normalPerVertex="true"
														                    index="0 1 2 0 2 3 4 5 6 4 6 7 8 9 10 8 10 11 12 13 14 12 14 15 4 16 17 4 17 15 18 5 14 18 14 19 "
														                    >
															<Coordinate point="-0.126932 0.167388 -0.022151 -0.126932 0.167314 0.022702 0.520905 0.658682 0.023512 0.520905 0.658756 -0.021341 0.520905 0.658756 -0.021341 0.520905 0.658682 0.023512 0.774769 0.323980 0.022960 0.774769 0.324054 -0.021893 0.774769 0.324054 -0.021893 0.774769 0.323980 0.022960 0.126932 -0.167388 0.022151 0.126932 -0.167314 -0.022702 0.126932 -0.167314 -0.022702 0.126932 -0.167388 0.022151 -0.126932 0.167314 0.022702 -0.126932 0.167388 -0.022151 0.774769 0.324054 -0.021893 0.126932 -0.167314 -0.022702 0.774769 0.323980 0.022960 0.126932 -0.167388 0.022151 " />
															<Normal vector="-0.808893 0.112033 -0.577166 -0.808893 0.110141 0.577532 0.111087 0.807947 0.578661 0.111087 0.809839 -0.576006 0.111087 0.809839 -0.576006 0.111087 0.807947 0.578661 0.808893 -0.112033 0.577166 0.808893 -0.110141 -0.577532 0.808893 -0.110141 -0.577532 0.808893 -0.112033 0.577166 -0.111087 -0.809839 0.576006 -0.111087 -0.807947 -0.578661 -0.111087 -0.807947 -0.578661 -0.111087 -0.809839 0.576006 -0.808893 0.110141 0.577532 -0.808893 0.112033 -0.577166 0.808893 -0.110141 -0.577532 -0.111087 -0.807947 -0.578661 0.808893 -0.112033 0.577166 -0.111087 -0.809839 0.576006 " />
															<TextureCoordinate point="0.0354 0.5314 0.4686 0.5314 0.4686 0.9646 0.0354 0.9646 0.0354 0.5314 0.4686 0.5314 0.4686 0.9646 0.0354 0.9646 0.0354 0.5314 0.4686 0.5314 0.4686 0.9646 0.0354 0.9646 0.0354 0.5314 0.4686 0.5314 0.4686 0.9646 0.0354 0.9646 0.4686 0.5314 0.4686 0.9646 0.0354 0.5314 0.0354 0.9646 " />
														</IndexedTriangleSet>
													</Shape>
												</Group>
											</Transform>
										</Transform>
										<Transform DEF="Cube_019_TRANSFORM"
										           translation="-0.000000 0.109106 -0.000563"
										           scale="1.000000 1.000000 1.000000"
										           rotation="0.000000 1.000000 0.000000 0.000000"
										           >
											<Transform DEF="Cube_019_ifs_TRANSFORM"
											           translation="0.000000 0.000000 0.000000"
											           scale="1.000000 1.000000 1.000000"
											           rotation="0.000000 1.000000 0.000000 0.000000"
											           >
												<Group DEF="group_ME_Cube_009">
													<Shape>
														<Appearance>
															<Material USE="MA_Glow" />
														</Appearance>
														<IndexedTriangleSet solid="false"
														                    normalPerVertex="true"
														                    index="0 1 2 0 2 3 4 5 6 4 6 7 8 9 10 8 10 11 12 13 14 12 14 15 4 16 17 4 17 15 18 5 14 18 14 19 "
														                    >
															<Coordinate point="-0.095394 0.000147 -0.089335 -0.095394 -0.000147 0.089335 -0.095394 0.394834 0.089986 -0.095394 0.395128 -0.088684 -0.095394 0.395128 -0.088684 -0.095394 0.394834 0.089986 0.095394 0.394834 0.089986 0.095394 0.395128 -0.088684 0.095394 0.395128 -0.088684 0.095394 0.394834 0.089986 0.095394 -0.000147 0.089335 0.095394 0.000147 -0.089335 0.095394 0.000147 -0.089335 0.095394 -0.000147 0.089335 -0.095394 -0.000147 0.089335 -0.095394 0.000147 -0.089335 0.095394 0.395128 -0.088684 0.095394 0.000147 -0.089335 0.095394 0.394834 0.089986 0.095394 -0.000147 0.089335 " />
															<Normal vector="-0.577349 -0.576373 -0.578295 -0.577349 -0.578295 0.576373 -0.577349 0.576373 0.578295 -0.577349 0.578295 -0.576373 -0.577349 0.578295 -0.576373 -0.577349 0.576373 0.578295 0.577349 0.576373 0.578295 0.577349 0.578295 -0.576373 0.577349 0.578295 -0.576373 0.577349 0.576373 0.578295 0.577349 -0.578295 0.576373 0.577349 -0.576373 -0.578295 0.577349 -0.576373 -0.578295 0.577349 -0.578295 0.576373 -0.577349 -0.578295 0.576373 -0.577349 -0.576373 -0.578295 0.577349 0.578295 -0.576373 0.577349 -0.576373 -0.578295 0.577349 0.576373 0.578295 0.577349 -0.578295 0.576373 " />
															<TextureCoordinate point="0.0354 0.0230 0.4686 0.0230 0.4686 0.4562 0.0354 0.4562 0.0354 0.0230 0.4686 0.0230 0.4686 0.4562 0.0354 0.4562 0.0354 0.0230 0.4686 0.0230 0.4686 0.4562 0.0354 0.4562 0.0354 0.0230 0.4686 0.0230 0.4686 0.4562 0.0354 0.4562 0.4686 0.0230 0.4686 0.4562 0.0354 0.0230 0.0354 0.4562 " />
														</IndexedTriangleSet>
													</Shape>
												</Group>
											</Transform>
										</Transform>
										<Transform DEF="Cube_002_TRANSFORM"
										           translation="-0.127279 0.224084 0.000369"
										           scale="1.000000 1.000000 1.000000"
										           rotation="0.000000 1.000000 0.000000 0.000000"
										           >
											<Transform DEF="Cube_002_ifs_TRANSFORM"
											           translation="0.000000 0.000000 0.000000"
											           scale="1.000000 1.000000 1.000000"
											           rotation="0.000000 1.000000 0.000000 0.000000"
											           >
												<Group DEF="group_ME_Cube_012">
													<Shape>
														<Appearance>
															<Material USE="MA_Body" />
														</Appearance>
														<IndexedTriangleSet solid="false"
														                    normalPerVertex="true"
														                    index="0 1 2 0 2 3 4 5 6 4 6 7 8 9 10 8 10 11 12 13 14 12 14 15 4 13 16 4 16 17 18 19 14 18 14 7 "
														                    >
															<Coordinate point="0.126932 0.167388 -0.022151 -0.520905 0.658756 -0.021341 -0.520905 0.658682 0.023512 0.126932 0.167314 0.022702 -0.520905 0.658756 -0.021341 -0.774769 0.324054 -0.021893 -0.774769 0.323980 0.022960 -0.520905 0.658682 0.023512 -0.774769 0.324054 -0.021893 -0.126932 -0.167314 -0.022702 -0.126932 -0.167388 0.022151 -0.774769 0.323980 0.022960 -0.126932 -0.167314 -0.022702 0.126932 0.167388 -0.022151 0.126932 0.167314 0.022702 -0.126932 -0.167388 0.022151 -0.126932 -0.167314 -0.022702 -0.774769 0.324054 -0.021893 -0.774769 0.323980 0.022960 -0.126932 -0.167388 0.022151 " />
															<Normal vector="0.808893 0.112033 -0.577166 -0.111087 0.809839 -0.576006 -0.111087 0.807947 0.578661 0.808893 0.110141 0.577532 -0.111087 0.809839 -0.576006 -0.808893 -0.110141 -0.577532 -0.808893 -0.112033 0.577166 -0.111087 0.807947 0.578661 -0.808893 -0.110141 -0.577532 0.111087 -0.807947 -0.578661 0.111087 -0.809839 0.576006 -0.808893 -0.112033 0.577166 0.111087 -0.807947 -0.578661 0.808893 0.112033 -0.577166 0.808893 0.110141 0.577532 0.111087 -0.809839 0.576006 0.111087 -0.807947 -0.578661 -0.808893 -0.110141 -0.577532 -0.808893 -0.112033 0.577166 0.111087 -0.809839 0.576006 " />
															<TextureCoordinate point="0.0354 0.5314 0.0354 0.9646 0.4686 0.9646 0.4686 0.5314 0.0354 0.5314 0.0354 0.9646 0.4686 0.9646 0.4686 0.5314 0.0354 0.5314 0.0354 0.9646 0.4686 0.9646 0.4686 0.5314 0.0354 0.5314 0.0354 0.9646 0.4686 0.9646 0.4686 0.5314 0.4686 0.9646 0.4686 0.5314 0.0354 0.5314 0.0354 0.9646 " />
														</IndexedTriangleSet>
													</Shape>
												</Group>
											</Transform>
										</Transform>
									</Transform>
									<Transform DEF="Cube_020_TRANSFORM"
									           translation="0.000000 0.031703 0.000052"
									           scale="1.000000 1.000000 1.000000"
									           rotation="0.000000 1.000000 0.000000 0.000000"
									           >
										<Transform DEF="Cube_020_ifs_TRANSFORM"
										           translation="0.000000 0.000000 0.000000"
										           scale="1.000000 1.000000 1.000000"
										           rotation="0.000000 1.000000 0.000000 0.000000"
										           >
											<Group DEF="group_ME_Cube_010">
												<Shape>
													<Appearance>
														<Material USE="MA_Body" />
													</Appearance>
													<IndexedTriangleSet solid="false"
													                    normalPerVertex="true"
													                    index="0 1 2 0 2 3 4 5 6 4 6 7 8 9 10 8 10 11 12 13 14 12 14 15 4 16 17 4 17 15 18 5 14 18 14 19 "
													                    >
														<Coordinate point="-0.267645 0.000045 -0.027357 -0.267645 -0.000045 0.027357 -0.267645 0.162724 0.027625 -0.267645 0.162814 -0.027088 -0.267645 0.162814 -0.027088 -0.267645 0.162724 0.027625 0.267645 0.162724 0.027625 0.267645 0.162814 -0.027088 0.267645 0.162814 -0.027088 0.267645 0.162724 0.027625 0.267645 -0.000045 0.027357 0.267645 0.000045 -0.027357 0.267645 0.000045 -0.027357 0.267645 -0.000045 0.027357 -0.267645 -0.000045 0.027357 -0.267645 0.000045 -0.027357 0.267645 0.162814 -0.027088 0.267645 0.000045 -0.027357 0.267645 0.162724 0.027625 0.267645 -0.000045 0.027357 " />
														<Normal vector="-0.577349 -0.576373 -0.578295 -0.577349 -0.578295 0.576373 -0.577349 0.576373 0.578295 -0.577349 0.578295 -0.576373 -0.577349 0.578295 -0.576373 -0.577349 0.576373 0.578295 0.577349 0.576373 0.578295 0.577349 0.578295 -0.576373 0.577349 0.578295 -0.576373 0.577349 0.576373 0.578295 0.577349 -0.578295 0.576373 0.577349 -0.576373 -0.578295 0.577349 -0.576373 -0.578295 0.577349 -0.578295 0.576373 -0.577349 -0.578295 0.576373 -0.577349 -0.576373 -0.578295 0.577349 0.578295 -0.576373 0.577349 -0.576373 -0.578295 0.577349 0.576373 0.578295 0.577349 -0.578295 0.576373 " />
														<TextureCoordinate point="0.0354 0.5314 0.4686 0.5314 0.4686 0.9646 0.0354 0.9646 0.0354 0.5314 0.4686 0.5314 0.4686 0.9646 0.0354 0.9646 0.0354 0.5314 0.4686 0.5314 0.4686 0.9646 0.0354 0.9646 0.0354 0.5314 0.4686 0.5314 0.4686 0.9646 0.0354 0.9646 0.4686 0.5314 0.4686 0.9646 0.0354 0.5314 0.0354 0.9646 " />
													</IndexedTriangleSet>
												</Shape>
											</Group>
										</Transform>
									</Transform>
									<Transform DEF="Cube_021_TRANSFORM"
									           translation="0.000000 0.216057 0.000356"
									           scale="1.000000 1.000000 1.000000"
									           rotation="0.000000 1.000000 0.000000 0.000000"
									           >
										<Transform DEF="Cube_021_ifs_TRANSFORM"
										           translation="0.000000 0.000000 0.000000"
										           scale="1.000000 1.000000 1.000000"
										           rotation="0.000000 1.000000 0.000000 0.000000"
										           >
											<Group DEF="group_ME_Cube_011">
												<Shape>
													<Appearance>
														<Material USE="MA_Body" />
													</Appearance>
													<IndexedTriangleSet solid="false"
													                    normalPerVertex="true"
													                    index="0 1 2 0 2 3 4 5 6 4 6 7 8 9 10 8 10 11 12 13 14 12 14 15 4 16 17 4 17 15 18 5 14 18 14 19 "
													                    >
														<Coordinate point="-0.267645 0.000045 -0.027357 -0.267645 -0.000045 0.027357 -0.267645 0.162724 0.027625 -0.267645 0.162814 -0.027088 -0.267645 0.162814 -0.027088 -0.267645 0.162724 0.027625 0.267645 0.162724 0.027625 0.267645 0.162814 -0.027088 0.267645 0.162814 -0.027088 0.267645 0.162724 0.027625 0.267645 -0.000045 0.027357 0.267645 0.000045 -0.027357 0.267645 0.000045 -0.027357 0.267645 -0.000045 0.027357 -0.267645 -0.000045 0.027357 -0.267645 0.000045 -0.027357 0.267645 0.162814 -0.027088 0.267645 0.000045 -0.027357 0.267645 0.162724 0.027625 0.267645 -0.000045 0.027357 " />
														<Normal vector="-0.577349 -0.576373 -0.578295 -0.577349 -0.578295 0.576373 -0.577349 0.576373 0.578295 -0.577349 0.578295 -0.576373 -0.577349 0.578295 -0.576373 -0.577349 0.576373 0.578295 0.577349 0.576373 0.578295 0.577349 0.578295 -0.576373 0.577349 0.578295 -0.576373 0.577349 0.576373 0.578295 0.577349 -0.578295 0.576373 0.577349 -0.576373 -0.578295 0.577349 -0.576373 -0.578295 0.577349 -0.578295 0.576373 -0.577349 -0.578295 0.576373 -0.577349 -0.576373 -0.578295 0.577349 0.578295 -0.576373 0.577349 -0.576373 -0.578295 0.577349 0.576373 0.578295 0.577349 -0.578295 0.576373 " />
														<TextureCoordinate point="0.0354 0.5314 0.4686 0.5314 0.4686 0.9646 0.0354 0.9646 0.0354 0.5314 0.4686 0.5314 0.4686 0.9646 0.0354 0.9646 0.0354 0.5314 0.4686 0.5314 0.4686 0.9646 0.0354 0.9646 0.0354 0.5314 0.4686 0.5314 0.4686 0.9646 0.0354 0.9646 0.4686 0.5314 0.4686 0.9646 0.0354 0.5314 0.0354 0.9646 " />
													</IndexedTriangleSet>
												</Shape>
											</Group>
										</Transform>
									</Transform>
								</Transform>
							</Transform>
						</Transform>
					</Transform>
				</Transform>
			</Transform>
			<Transform DEF="foot2_TRANSFORM"
			           translation="-0.361671 -0.062691 0.168923"
			           scale="1.000000 1.000000 1.000000"
			           rotation="0.000000 1.000000 0.000000 0.000000"
			           >
				<Transform DEF="foot2_ifs_TRANSFORM"
				           translation="0.000000 0.000000 0.000000"
				           scale="1.000000 1.000000 1.000000"
				           rotation="0.000000 1.000000 0.000000 0.000000"
				           >
					<Group DEF="group_ME_foot2">
						<Shape>
							<Appearance>
								<Material USE="MA_Body" />
							</Appearance>
							<IndexedTriangleSet solid="false"
							                    normalPerVertex="true"
							                    index="0 1 2 0 2 3 4 5 6 4 6 7 8 9 10 8 10 11 12 13 14 12 14 15 4 13 16 4 16 17 18 19 14 18 14 7 "
							                    >
								<Coordinate point="0.165671 -0.110266 -0.433295 0.165671 0.236088 -0.241493 0.165671 0.078333 0.043379 0.165671 -0.268020 -0.148423 0.165671 0.236088 -0.241493 -0.165671 0.236088 -0.241493 -0.165671 0.078333 0.043379 0.165671 0.078333 0.043379 -0.165671 0.236088 -0.241493 -0.165671 -0.110266 -0.433295 -0.165671 -0.268020 -0.148423 -0.165671 0.078333 0.043379 -0.165671 -0.110266 -0.433295 0.165671 -0.110266 -0.433295 0.165671 -0.268020 -0.148423 -0.165671 -0.268020 -0.148423 -0.165671 -0.110266 -0.433295 -0.165671 0.236088 -0.241493 -0.165671 0.078333 0.043379 -0.165671 -0.268020 -0.148423 " />
								<Normal vector="0.577349 -0.225349 -0.784753 0.577349 0.784753 -0.225349 0.577349 0.225349 0.784753 0.577349 -0.784753 0.225349 0.577349 0.784753 -0.225349 -0.577349 0.784753 -0.225349 -0.577349 0.225349 0.784753 0.577349 0.225349 0.784753 -0.577349 0.784753 -0.225349 -0.577349 -0.225349 -0.784753 -0.577349 -0.784753 0.225349 -0.577349 0.225349 0.784753 -0.577349 -0.225349 -0.784753 0.577349 -0.225349 -0.784753 0.577349 -0.784753 0.225349 -0.577349 -0.784753 0.225349 -0.577349 -0.225349 -0.784753 -0.577349 0.784753 -0.225349 -0.577349 0.225349 0.784753 -0.577349 -0.784753 0.225349 " />
								<TextureCoordinate point="0.0354 0.5314 0.0354 0.9646 0.4686 0.9646 0.4686 0.5314 0.0354 0.5314 0.0354 0.9646 0.4686 0.9646 0.4686 0.5314 0.0354 0.5314 0.0354 0.9646 0.4686 0.9646 0.4686 0.5314 0.0354 0.5314 0.0354 0.9646 0.4686 0.9646 0.4686 0.5314 0.4686 0.9646 0.4686 0.5314 0.0354 0.5314 0.0354 0.9646 " />
							</IndexedTriangleSet>
						</Shape>
					</Group>
				</Transform>
				<Transform DEF="Cube_005_TRANSFORM"
				           translation="0.002069 -0.122849 -0.250804"
				           scale="1.000000 1.000000 1.000000"
				           rotation="0.000000 1.000000 0.000000 0.000000"
				           >
					<Transform DEF="Cube_005_ifs_TRANSFORM"
					           translation="0.000000 0.000000 0.000000"
					           scale="1.000000 1.000000 1.000000"
					           rotation="0.000000 1.000000 0.000000 0.000000"
					           >
						<Group DEF="group_ME_Cube_014">
							<Shape>
								<Appearance>
									<Material USE="MA_Body" />
								</Appearance>
								<IndexedTriangleSet solid="false"
								                    normalPerVertex="true"
								                    index="0 1 2 0 2 3 4 5 6 4 6 7 8 9 10 8 10 11 12 13 14 12 14 15 4 13 16 4 16 17 18 19 14 18 14 7 "
								                    >
									<Coordinate point="0.111932 -0.293847 -0.353771 0.135384 0.061416 -0.097547 0.135032 -0.073401 0.089414 0.111581 -0.428664 -0.166809 0.135384 0.061416 -0.097547 -0.135032 0.073401 -0.089414 -0.135384 -0.061416 0.097547 0.135032 -0.073401 0.089414 -0.135032 0.073401 -0.089414 -0.158484 -0.281862 -0.345637 -0.158836 -0.416679 -0.158676 -0.135384 -0.061416 0.097547 -0.158484 -0.281862 -0.345637 0.111932 -0.293847 -0.353771 0.111581 -0.428664 -0.166809 -0.158836 -0.416679 -0.158676 -0.158484 -0.281862 -0.345637 -0.135032 0.073401 -0.089414 -0.135384 -0.061416 0.097547 -0.158836 -0.416679 -0.158676 " />
									<Normal vector="0.546525 -0.155461 -0.822871 0.608264 0.779717 -0.148381 0.606494 0.104343 0.788171 0.544755 -0.830836 0.113712 0.608264 0.779717 -0.148381 -0.544755 0.830836 -0.113712 -0.546525 0.155461 0.822871 0.606494 0.104343 0.788171 -0.544755 0.830836 -0.113712 -0.606494 -0.104343 -0.788171 -0.608264 -0.779717 0.148381 -0.546525 0.155461 0.822871 -0.606494 -0.104343 -0.788171 0.546525 -0.155461 -0.822871 0.544755 -0.830836 0.113712 -0.608264 -0.779717 0.148381 -0.606494 -0.104343 -0.788171 -0.544755 0.830836 -0.113712 -0.546525 0.155461 0.822871 -0.608264 -0.779717 0.148381 " />
									<TextureCoordinate point="0.0354 0.5314 0.0354 0.9646 0.4686 0.9646 0.4686 0.5314 0.0354 0.5314 0.0354 0.9646 0.4686 0.9646 0.4686 0.5314 0.0354 0.5314 0.0354 0.9646 0.4686 0.9646 0.4686 0.5314 0.0354 0.5314 0.0354 0.9646 0.4686 0.9646 0.4686 0.5314 0.4686 0.9646 0.4686 0.5314 0.0354 0.5314 0.0354 0.9646 " />
								</IndexedTriangleSet>
							</Shape>
						</Group>
					</Transform>
				</Transform>
			</Transform>
			<Transform DEF="tail2_1_TRANSFORM"
			           translation="-0.225711 0.528247 0.300539"
			           scale="1.000000 1.000000 1.000000"
			           rotation="0.000000 1.000000 0.000000 0.000000"
			           >
				<Transform DEF="tail2_1_ifs_TRANSFORM"
				           translation="0.000000 0.000000 0.000000"
				           scale="1.000000 1.000000 1.000000"
				           rotation="0.000000 1.000000 0.000000 0.000000"
				           >
					<Group DEF="group_ME_tail2_1">
						<Shape>
							<Appearance>
								<Material USE="MA_Body" />
							</Appearance>
							<IndexedTriangleSet solid="false"
							                    normalPerVertex="true"
							                    index="0 1 2 0 2 3 4 5 6 4 6 7 8 9 10 8 10 11 12 13 14 12 14 15 4 13 16 4 16 17 18 19 14 18 14 7 "
							                    >
								<Coordinate point="0.164155 0.000000 -0.053684 0.164155 0.701687 -0.053684 0.164155 0.701687 0.053684 0.164155 0.000000 0.053684 0.164155 0.701687 -0.053684 -0.164155 0.701687 -0.053684 -0.164155 0.701687 0.053684 0.164155 0.701687 0.053684 -0.164155 0.701687 -0.053684 -0.164155 0.000000 -0.053684 -0.164155 0.000000 0.053684 -0.164155 0.701687 0.053684 -0.164155 0.000000 -0.053684 0.164155 0.000000 -0.053684 0.164155 0.000000 0.053684 -0.164155 0.000000 0.053684 -0.164155 0.000000 -0.053684 -0.164155 0.701687 -0.053684 -0.164155 0.701687 0.053684 -0.164155 0.000000 0.053684 " />
								<Normal vector="0.577349 -0.577349 -0.577349 0.577349 0.577349 -0.577349 0.577349 0.577349 0.577349 0.577349 -0.577349 0.577349 0.577349 0.577349 -0.577349 -0.577349 0.577349 -0.577349 -0.577349 0.577349 0.577349 0.577349 0.577349 0.577349 -0.577349 0.577349 -0.577349 -0.577349 -0.577349 -0.577349 -0.577349 -0.577349 0.577349 -0.577349 0.577349 0.577349 -0.577349 -0.577349 -0.577349 0.577349 -0.577349 -0.577349 0.577349 -0.577349 0.577349 -0.577349 -0.577349 0.577349 -0.577349 -0.577349 -0.577349 -0.577349 0.577349 -0.577349 -0.577349 0.577349 0.577349 -0.577349 -0.577349 0.577349 " />
								<TextureCoordinate point="0.0354 0.5314 0.0354 0.9646 0.4686 0.9646 0.4686 0.5314 0.0354 0.5314 0.0354 0.9646 0.4686 0.9646 0.4686 0.5314 0.0354 0.5314 0.0354 0.9646 0.4686 0.9646 0.4686 0.5314 0.0354 0.5314 0.0354 0.9646 0.4686 0.9646 0.4686 0.5314 0.4686 0.9646 0.4686 0.5314 0.0354 0.5314 0.0354 0.9646 " />
							</IndexedTriangleSet>
						</Shape>
					</Group>
				</Transform>
				<Transform DEF="tail2_2_TRANSFORM"
				           translation="0.000000 0.671672 0.000000"
				           scale="1.000000 1.000000 1.000000"
				           rotation="0.000000 1.000000 0.000000 0.000000"
				           >
					<Transform DEF="tail2_2_ifs_TRANSFORM"
					           translation="0.000000 0.000000 0.000000"
					           scale="1.000000 1.000000 1.000000"
					           rotation="0.000000 1.000000 0.000000 0.000000"
					           >
						<Group DEF="group_ME_tail2_2">
							<Shape>
								<Appearance>
									<Material USE="MA_Body" />
								</Appearance>
								<IndexedTriangleSet solid="false"
								                    normalPerVertex="true"
								                    index="0 1 2 0 2 3 4 5 6 4 6 7 8 9 10 8 10 11 12 13 14 12 14 15 4 13 16 4 16 17 18 19 14 18 14 7 "
								                    >
									<Coordinate point="0.142859 0.000000 -0.043220 0.142859 0.735694 -0.043220 0.142859 0.735694 0.043220 0.142859 -0.000000 0.043220 0.142859 0.735694 -0.043220 -0.142859 0.735694 -0.043220 -0.142859 0.735694 0.043220 0.142859 0.735694 0.043220 -0.142859 0.735694 -0.043220 -0.142859 0.000000 -0.043220 -0.142859 -0.000000 0.043220 -0.142859 0.735694 0.043220 -0.142859 0.000000 -0.043220 0.142859 0.000000 -0.043220 0.142859 -0.000000 0.043220 -0.142859 -0.000000 0.043220 -0.142859 0.000000 -0.043220 -0.142859 0.735694 -0.043220 -0.142859 0.735694 0.043220 -0.142859 -0.000000 0.043220 " />
									<Normal vector="0.577349 -0.577349 -0.577349 0.577349 0.577349 -0.577349 0.577349 0.577349 0.577349 0.577349 -0.577349 0.577349 0.577349 0.577349 -0.577349 -0.577349 0.577349 -0.577349 -0.577349 0.577349 0.577349 0.577349 0.577349 0.577349 -0.577349 0.577349 -0.577349 -0.577349 -0.577349 -0.577349 -0.577349 -0.577349 0.577349 -0.577349 0.577349 0.577349 -0.577349 -0.577349 -0.577349 0.577349 -0.577349 -0.577349 0.577349 -0.577349 0.577349 -0.577349 -0.577349 0.577349 -0.577349 -0.577349 -0.577349 -0.577349 0.577349 -0.577349 -0.577349 0.577349 0.577349 -0.577349 -0.577349 0.577349 " />
									<TextureCoordinate point="0.0354 0.5314 0.0354 0.9646 0.4686 0.9646 0.4686 0.5314 0.0354 0.5314 0.0354 0.9646 0.4686 0.9646 0.4686 0.5314 0.0354 0.5314 0.0354 0.9646 0.4686 0.9646 0.4686 0.5314 0.0354 0.5314 0.0354 0.9646 0.4686 0.9646 0.4686 0.5314 0.4686 0.9646 0.4686 0.5314 0.0354 0.5314 0.0354 0.9646 " />
								</IndexedTriangleSet>
							</Shape>
						</Group>
					</Transform>
					<Transform DEF="tail2_3_TRANSFORM"
					           translation="0.000000 0.701913 -0.000000"
					           scale="1.000000 1.000000 1.000000"
					           rotation="0.000000 1.000000 0.000000 0.000000"
					           >
						<Transform DEF="tail2_3_ifs_TRANSFORM"
						           translation="0.000000 0.000000 0.000000"
						           scale="1.000000 1.000000 1.000000"
						           rotation="0.000000 1.000000 0.000000 0.000000"
						           >
							<Group DEF="group_ME_tail2_3">
								<Shape>
									<Appearance>
										<Material USE="MA_Body" />
									</Appearance>
									<IndexedTriangleSet solid="false"
									                    normalPerVertex="true"
									                    index="0 1 2 0 2 3 4 5 6 4 6 7 8 9 10 8 10 11 12 13 14 12 14 15 4 13 16 4 16 17 18 19 14 18 14 7 "
									                    >
										<Coordinate point="0.124559 0.000000 -0.037683 0.124559 0.708762 -0.037683 0.124559 0.708762 0.037683 0.124559 -0.000000 0.037683 0.124559 0.708762 -0.037683 -0.124559 0.708762 -0.037683 -0.124559 0.708762 0.037683 0.124559 0.708762 0.037683 -0.124559 0.708762 -0.037683 -0.124559 0.000000 -0.037683 -0.124559 -0.000000 0.037683 -0.124559 0.708762 0.037683 -0.124559 0.000000 -0.037683 0.124559 0.000000 -0.037683 0.124559 -0.000000 0.037683 -0.124559 -0.000000 0.037683 -0.124559 0.000000 -0.037683 -0.124559 0.708762 -0.037683 -0.124559 0.708762 0.037683 -0.124559 -0.000000 0.037683 " />
										<Normal vector="0.577349 -0.577349 -0.577349 0.577349 0.577349 -0.577349 0.577349 0.577349 0.577349 0.577349 -0.577349 0.577349 0.577349 0.577349 -0.577349 -0.577349 0.577349 -0.577349 -0.577349 0.577349 0.577349 0.577349 0.577349 0.577349 -0.577349 0.577349 -0.577349 -0.577349 -0.577349 -0.577349 -0.577349 -0.577349 0.577349 -0.577349 0.577349 0.577349 -0.577349 -0.577349 -0.577349 0.577349 -0.577349 -0.577349 0.577349 -0.577349 0.577349 -0.577349 -0.577349 0.577349 -0.577349 -0.577349 -0.577349 -0.577349 0.577349 -0.577349 -0.577349 0.577349 0.577349 -0.577349 -0.577349 0.577349 " />
										<TextureCoordinate point="0.0354 0.5314 0.0354 0.9646 0.4686 0.9646 0.4686 0.5314 0.0354 0.5314 0.0354 0.9646 0.4686 0.9646 0.4686 0.5314 0.0354 0.5314 0.0354 0.9646 0.4686 0.9646 0.4686 0.5314 0.0354 0.5314 0.0354 0.9646 0.4686 0.9646 0.4686 0.5314 0.4686 0.9646 0.4686 0.5314 0.0354 0.5314 0.0354 0.9646 " />
									</IndexedTriangleSet>
								</Shape>
							</Group>
						</Transform>
						<Transform DEF="tail2_4_TRANSFORM"
						           translation="0.000000 0.674712 -0.000000"
						           scale="1.000000 1.000000 1.000000"
						           rotation="0.000000 1.000000 0.000000 0.000000"
						           >
							<Transform DEF="tail2_4_ifs_TRANSFORM"
							           translation="0.000000 0.000000 0.000000"
							           scale="1.000000 1.000000 1.000000"
							           rotation="0.000000 1.000000 0.000000 0.000000"
							           >
								<Group DEF="group_ME_tail2_4">
									<Shape>
										<Appearance>
											<Material USE="MA_Body" />
										</Appearance>
										<IndexedTriangleSet solid="false"
										                    normalPerVertex="true"
										                    index="0 1 2 0 2 3 4 5 6 4 6 7 8 9 10 8 10 11 12 13 14 12 14 15 4 13 16 4 16 17 18 19 14 18 14 7 "
										                    >
											<Coordinate point="0.096316 0.000000 -0.034646 0.096316 0.651213 -0.034646 0.096316 0.651213 0.034646 0.096316 -0.000000 0.034646 0.096316 0.651213 -0.034646 -0.096316 0.651213 -0.034646 -0.096316 0.651213 0.034646 0.096316 0.651213 0.034646 -0.096316 0.651213 -0.034646 -0.096316 0.000000 -0.034646 -0.096316 -0.000000 0.034646 -0.096316 0.651213 0.034646 -0.096316 0.000000 -0.034646 0.096316 0.000000 -0.034646 0.096316 -0.000000 0.034646 -0.096316 -0.000000 0.034646 -0.096316 0.000000 -0.034646 -0.096316 0.651213 -0.034646 -0.096316 0.651213 0.034646 -0.096316 -0.000000 0.034646 " />
											<Normal vector="0.577349 -0.577349 -0.577349 0.577349 0.577349 -0.577349 0.577349 0.577349 0.577349 0.577349 -0.577349 0.577349 0.577349 0.577349 -0.577349 -0.577349 0.577349 -0.577349 -0.577349 0.577349 0.577349 0.577349 0.577349 0.577349 -0.577349 0.577349 -0.577349 -0.577349 -0.577349 -0.577349 -0.577349 -0.577349 0.577349 -0.577349 0.577349 0.577349 -0.577349 -0.577349 -0.577349 0.577349 -0.577349 -0.577349 0.577349 -0.577349 0.577349 -0.577349 -0.577349 0.577349 -0.577349 -0.577349 -0.577349 -0.577349 0.577349 -0.577349 -0.577349 0.577349 0.577349 -0.577349 -0.577349 0.577349 " />
											<TextureCoordinate point="0.0354 0.5314 0.0354 0.9646 0.4686 0.9646 0.4686 0.5314 0.0354 0.5314 0.0354 0.9646 0.4686 0.9646 0.4686 0.5314 0.0354 0.5314 0.0354 0.9646 0.4686 0.9646 0.4686 0.5314 0.0354 0.5314 0.0354 0.9646 0.4686 0.9646 0.4686 0.5314 0.4686 0.9646 0.4686 0.5314 0.0354 0.5314 0.0354 0.9646 " />
										</IndexedTriangleSet>
									</Shape>
								</Group>
							</Transform>
							<Transform DEF="tail2_5_TRANSFORM"
							           translation="0.000000 0.619792 -0.000000"
							           scale="1.000000 1.000000 1.000000"
							           rotation="0.000000 1.000000 0.000000 0.000000"
							           >
								<Transform DEF="tail2_5_ifs_TRANSFORM"
								           translation="0.000000 0.000000 0.000000"
								           scale="1.000000 1.000000 1.000000"
								           rotation="0.000000 1.000000 0.000000 0.000000"
								           >
									<Group DEF="group_ME_tail2_5">
										<Shape>
											<Appearance>
												<Material USE="MA_Body" />
											</Appearance>
											<IndexedTriangleSet solid="false"
											                    normalPerVertex="true"
											                    index="0 1 2 0 2 3 4 5 6 4 6 7 8 9 10 8 10 11 12 13 14 12 14 15 4 13 16 4 16 17 18 19 14 18 14 7 "
											                    >
												<Coordinate point="0.074665 0.000000 -0.029488 0.074665 0.780078 -0.029488 0.074665 0.780078 0.029488 0.074665 -0.000000 0.029488 0.074665 0.780078 -0.029488 -0.074665 0.780078 -0.029488 -0.074665 0.780078 0.029488 0.074665 0.780078 0.029488 -0.074665 0.780078 -0.029488 -0.074665 0.000000 -0.029488 -0.074665 -0.000000 0.029488 -0.074665 0.780078 0.029488 -0.074665 0.000000 -0.029488 0.074665 0.000000 -0.029488 0.074665 -0.000000 0.029488 -0.074665 -0.000000 0.029488 -0.074665 0.000000 -0.029488 -0.074665 0.780078 -0.029488 -0.074665 0.780078 0.029488 -0.074665 -0.000000 0.029488 " />
												<Normal vector="0.577349 -0.577349 -0.577349 0.577349 0.577349 -0.577349 0.577349 0.577349 0.577349 0.577349 -0.577349 0.577349 0.577349 0.577349 -0.577349 -0.577349 0.577349 -0.577349 -0.577349 0.577349 0.577349 0.577349 0.577349 0.577349 -0.577349 0.577349 -0.577349 -0.577349 -0.577349 -0.577349 -0.577349 -0.577349 0.577349 -0.577349 0.577349 0.577349 -0.577349 -0.577349 -0.577349 0.577349 -0.577349 -0.577349 0.577349 -0.577349 0.577349 -0.577349 -0.577349 0.577349 -0.577349 -0.577349 -0.577349 -0.577349 0.577349 -0.577349 -0.577349 0.577349 0.577349 -0.577349 -0.577349 0.577349 " />
												<TextureCoordinate point="0.0354 0.5314 0.0354 0.9646 0.4686 0.9646 0.4686 0.5314 0.0354 0.5314 0.0354 0.9646 0.4686 0.9646 0.4686 0.5314 0.0354 0.5314 0.0354 0.9646 0.4686 0.9646 0.4686 0.5314 0.0354 0.5314 0.0354 0.9646 0.4686 0.9646 0.4686 0.5314 0.4686 0.9646 0.4686 0.5314 0.0354 0.5314 0.0354 0.9646 " />
											</IndexedTriangleSet>
										</Shape>
									</Group>
								</Transform>
								<Transform DEF="tail2_6_TRANSFORM"
								           translation="0.000000 0.742709 0.000000"
								           scale="1.000000 1.000000 1.000000"
								           rotation="0.000000 1.000000 0.000000 0.000000"
								           >
									<Transform DEF="tail2_6_ifs_TRANSFORM"
									           translation="0.000000 0.000000 0.000000"
									           scale="1.000000 1.000000 1.000000"
									           rotation="0.000000 1.000000 0.000000 0.000000"
									           >
										<Group DEF="group_ME_tail2_6">
											<Shape>
												<Appearance>
													<Material USE="MA_Body" />
												</Appearance>
												<IndexedTriangleSet solid="false"
												                    normalPerVertex="true"
												                    index="0 1 2 0 2 3 4 5 6 4 6 7 8 9 10 8 10 11 12 13 14 12 14 15 4 13 16 4 16 17 18 19 14 18 14 7 "
												                    >
													<Coordinate point="0.090530 0.000047 -0.028237 0.090530 0.406517 -0.027567 0.090530 0.406424 0.028907 0.090530 -0.000047 0.028237 0.090530 0.406517 -0.027567 -0.090530 0.406517 -0.027567 -0.090530 0.406424 0.028907 0.090530 0.406424 0.028907 -0.090530 0.406517 -0.027567 -0.090530 0.000047 -0.028237 -0.090530 -0.000047 0.028237 -0.090530 0.406424 0.028907 -0.090530 0.000047 -0.028237 0.090530 0.000047 -0.028237 0.090530 -0.000047 0.028237 -0.090530 -0.000047 0.028237 -0.090530 0.000047 -0.028237 -0.090530 0.406517 -0.027567 -0.090530 0.406424 0.028907 -0.090530 -0.000047 0.028237 " />
													<Normal vector="0.577349 -0.576373 -0.578295 0.577349 0.578295 -0.576373 0.577349 0.576373 0.578295 0.577349 -0.578295 0.576373 0.577349 0.578295 -0.576373 -0.577349 0.578295 -0.576373 -0.577349 0.576373 0.578295 0.577349 0.576373 0.578295 -0.577349 0.578295 -0.576373 -0.577349 -0.576373 -0.578295 -0.577349 -0.578295 0.576373 -0.577349 0.576373 0.578295 -0.577349 -0.576373 -0.578295 0.577349 -0.576373 -0.578295 0.577349 -0.578295 0.576373 -0.577349 -0.578295 0.576373 -0.577349 -0.576373 -0.578295 -0.577349 0.578295 -0.576373 -0.577349 0.576373 0.578295 -0.577349 -0.578295 0.576373 " />
													<TextureCoordinate point="0.0354 0.5314 0.0354 0.9646 0.4686 0.9646 0.4686 0.5314 0.0354 0.5314 0.0354 0.9646 0.4686 0.9646 0.4686 0.5314 0.0354 0.5314 0.0354 0.9646 0.4686 0.9646 0.4686 0.5314 0.0354 0.5314 0.0354 0.9646 0.4686 0.9646 0.4686 0.5314 0.4686 0.9646 0.4686 0.5314 0.0354 0.5314 0.0354 0.9646 " />
												</IndexedTriangleSet>
											</Shape>
										</Group>
									</Transform>
									<Transform DEF="Cube_022_TRANSFORM"
									           translation="-0.000000 0.398052 0.000656"
									           scale="1.000000 1.000000 1.000000"
									           rotation="0.000000 1.000000 0.000000 0.000000"
									           >
										<Transform DEF="Cube_022_ifs_TRANSFORM"
										           translation="0.000000 0.000000 0.000000"
										           scale="1.000000 1.000000 1.000000"
										           rotation="0.000000 1.000000 0.000000 0.000000"
										           >
											<Group DEF="group_ME_Cube_023">
												<Shape>
													<Appearance>
														<Material USE="MA_Body" />
													</Appearance>
													<IndexedTriangleSet solid="false"
													                    normalPerVertex="true"
													                    index="0 1 2 0 2 3 4 5 6 4 6 7 8 9 10 8 10 11 12 13 14 12 14 15 4 13 16 4 16 17 18 19 14 18 14 7 "
													                    >
														<Coordinate point="0.282432 0.000051 -0.030890 0.282432 0.621400 -0.029867 0.282432 0.621299 0.031914 0.282432 -0.000051 0.030890 0.282432 0.621400 -0.029867 -0.282432 0.621400 -0.029867 -0.282432 0.621299 0.031914 0.282432 0.621299 0.031914 -0.282432 0.621400 -0.029867 -0.282432 0.000051 -0.030890 -0.282432 -0.000051 0.030890 -0.282432 0.621299 0.031914 -0.282432 0.000051 -0.030890 0.282432 0.000051 -0.030890 0.282432 -0.000051 0.030890 -0.282432 -0.000051 0.030890 -0.282432 0.000051 -0.030890 -0.282432 0.621400 -0.029867 -0.282432 0.621299 0.031914 -0.282432 -0.000051 0.030890 " />
														<Normal vector="0.577349 -0.576373 -0.578295 0.577349 0.578295 -0.576373 0.577349 0.576373 0.578295 0.577349 -0.578295 0.576373 0.577349 0.578295 -0.576373 -0.577349 0.578295 -0.576373 -0.577349 0.576373 0.578295 0.577349 0.576373 0.578295 -0.577349 0.578295 -0.576373 -0.577349 -0.576373 -0.578295 -0.577349 -0.578295 0.576373 -0.577349 0.576373 0.578295 -0.577349 -0.576373 -0.578295 0.577349 -0.576373 -0.578295 0.577349 -0.578295 0.576373 -0.577349 -0.578295 0.576373 -0.577349 -0.576373 -0.578295 -0.577349 0.578295 -0.576373 -0.577349 0.576373 0.578295 -0.577349 -0.578295 0.576373 " />
														<TextureCoordinate point="0.0354 0.5314 0.0354 0.9646 0.4686 0.9646 0.4686 0.5314 0.0354 0.5314 0.0354 0.9646 0.4686 0.9646 0.4686 0.5314 0.0354 0.5314 0.0354 0.9646 0.4686 0.9646 0.4686 0.5314 0.0354 0.5314 0.0354 0.9646 0.4686 0.9646 0.4686 0.5314 0.4686 0.9646 0.4686 0.5314 0.0354 0.5314 0.0354 0.9646 " />
													</IndexedTriangleSet>
												</Shape>
											</Group>
										</Transform>
										<Transform DEF="Cube_023_TRANSFORM"
										           translation="0.000000 0.599297 0.000987"
										           scale="1.000000 1.000000 1.000000"
										           rotation="0.000000 1.000000 0.000000 0.000000"
										           >
											<Transform DEF="Cube_023_ifs_TRANSFORM"
											           translation="0.000000 0.000000 0.000000"
											           scale="1.000000 1.000000 1.000000"
											           rotation="0.000000 1.000000 0.000000 0.000000"
											           >
												<Group DEF="group_ME_Cube_024">
													<Shape>
														<Appearance>
															<Material USE="MA_Body" />
														</Appearance>
														<IndexedTriangleSet solid="false"
														                    normalPerVertex="true"
														                    index="0 1 2 0 2 3 4 5 6 4 6 7 8 9 10 8 10 11 12 13 14 12 14 15 4 13 16 4 16 17 18 19 14 18 14 7 "
														                    >
															<Coordinate point="0.245348 0.000037 -0.022426 0.245348 0.735904 -0.021214 0.245348 0.735830 0.023639 0.245348 -0.000037 0.022426 0.245348 0.735904 -0.021214 -0.245348 0.735904 -0.021214 -0.245348 0.735830 0.023639 0.245348 0.735830 0.023639 -0.245348 0.735904 -0.021214 -0.245348 0.000037 -0.022426 -0.245348 -0.000037 0.022426 -0.245348 0.735830 0.023639 -0.245348 0.000037 -0.022426 0.245348 0.000037 -0.022426 0.245348 -0.000037 0.022426 -0.245348 -0.000037 0.022426 -0.245348 0.000037 -0.022426 -0.245348 0.735904 -0.021214 -0.245348 0.735830 0.023639 -0.245348 -0.000037 0.022426 " />
															<Normal vector="0.577349 -0.576373 -0.578295 0.577349 0.578295 -0.576373 0.577349 0.576373 0.578295 0.577349 -0.578295 0.576373 0.577349 0.578295 -0.576373 -0.577349 0.578295 -0.576373 -0.577349 0.576373 0.578295 0.577349 0.576373 0.578295 -0.577349 0.578295 -0.576373 -0.577349 -0.576373 -0.578295 -0.577349 -0.578295 0.576373 -0.577349 0.576373 0.578295 -0.577349 -0.576373 -0.578295 0.577349 -0.576373 -0.578295 0.577349 -0.578295 0.576373 -0.577349 -0.578295 0.576373 -0.577349 -0.576373 -0.578295 -0.577349 0.578295 -0.576373 -0.577349 0.576373 0.578295 -0.577349 -0.578295 0.576373 " />
															<TextureCoordinate point="0.0354 0.5314 0.0354 0.9646 0.4686 0.9646 0.4686 0.5314 0.0354 0.5314 0.0354 0.9646 0.4686 0.9646 0.4686 0.5314 0.0354 0.5314 0.0354 0.9646 0.4686 0.9646 0.4686 0.5314 0.0354 0.5314 0.0354 0.9646 0.4686 0.9646 0.4686 0.5314 0.4686 0.9646 0.4686 0.5314 0.0354 0.5314 0.0354 0.9646 " />
														</IndexedTriangleSet>
													</Shape>
												</Group>
											</Transform>
										</Transform>
										<Transform DEF="Cube_024_TRANSFORM"
										           translation="-0.130045 0.224084 0.000369"
										           scale="1.000000 1.000000 1.000000"
										           rotation="0.000000 1.000000 0.000000 0.000000"
										           >
											<Transform DEF="Cube_024_ifs_TRANSFORM"
											           translation="0.000000 0.000000 0.000000"
											           scale="1.000000 1.000000 1.000000"
											           rotation="0.000000 1.000000 0.000000 0.000000"
											           >
												<Group DEF="group_ME_Cube_025">
													<Shape>
														<Appearance>
															<Material USE="MA_Body" />
														</Appearance>
														<IndexedTriangleSet solid="false"
														                    normalPerVertex="true"
														                    index="0 1 2 0 2 3 4 5 6 4 6 7 8 9 10 8 10 11 12 13 14 12 14 15 4 13 16 4 16 17 18 19 14 18 14 7 "
														                    >
															<Coordinate point="0.126932 0.167388 -0.022151 -0.520905 0.658756 -0.021341 -0.520905 0.658682 0.023512 0.126932 0.167314 0.022702 -0.520905 0.658756 -0.021341 -0.774769 0.324054 -0.021893 -0.774769 0.323980 0.022960 -0.520905 0.658682 0.023512 -0.774769 0.324054 -0.021893 -0.126932 -0.167314 -0.022702 -0.126932 -0.167388 0.022151 -0.774769 0.323980 0.022960 -0.126932 -0.167314 -0.022702 0.126932 0.167388 -0.022151 0.126932 0.167314 0.022702 -0.126932 -0.167388 0.022151 -0.126932 -0.167314 -0.022702 -0.774769 0.324054 -0.021893 -0.774769 0.323980 0.022960 -0.126932 -0.167388 0.022151 " />
															<Normal vector="0.808893 0.112033 -0.577166 -0.111087 0.809839 -0.576006 -0.111087 0.807947 0.578661 0.808893 0.110141 0.577532 -0.111087 0.809839 -0.576006 -0.808893 -0.110141 -0.577532 -0.808893 -0.112033 0.577166 -0.111087 0.807947 0.578661 -0.808893 -0.110141 -0.577532 0.111087 -0.807947 -0.578661 0.111087 -0.809839 0.576006 -0.808893 -0.112033 0.577166 0.111087 -0.807947 -0.578661 0.808893 0.112033 -0.577166 0.808893 0.110141 0.577532 0.111087 -0.809839 0.576006 0.111087 -0.807947 -0.578661 -0.808893 -0.110141 -0.577532 -0.808893 -0.112033 0.577166 0.111087 -0.809839 0.576006 " />
															<TextureCoordinate point="0.0354 0.5314 0.0354 0.9646 0.4686 0.9646 0.4686 0.5314 0.0354 0.5314 0.0354 0.9646 0.4686 0.9646 0.4686 0.5314 0.0354 0.5314 0.0354 0.9646 0.4686 0.9646 0.4686 0.5314 0.0354 0.5314 0.0354 0.9646 0.4686 0.9646 0.4686 0.5314 0.4686 0.9646 0.4686 0.5314 0.0354 0.5314 0.0354 0.9646 " />
														</IndexedTriangleSet>
													</Shape>
												</Group>
											</Transform>
										</Transform>
										<Transform DEF="Cube_025_TRANSFORM"
										           translation="0.000000 0.109106 -0.000563"
										           scale="1.000000 1.000000 1.000000"
										           rotation="0.000000 1.000000 0.000000 0.000000"
										           >
											<Transform DEF="Cube_025_ifs_TRANSFORM"
											           translation="0.000000 0.000000 0.000000"
											           scale="1.000000 1.000000 1.000000"
											           rotation="0.000000 1.000000 0.000000 0.000000"
											           >
												<Group DEF="group_ME_Cube_026">
													<Shape>
														<Appearance>
															<Material USE="MA_Glow" />
														</Appearance>
														<IndexedTriangleSet solid="false"
														                    normalPerVertex="true"
														                    index="0 1 2 0 2 3 4 5 6 4 6 7 8 9 10 8 10 11 12 13 14 12 14 15 4 13 16 4 16 17 18 19 14 18 14 7 "
														                    >
															<Coordinate point="0.095394 0.000147 -0.089335 0.095394 0.395128 -0.088684 0.095394 0.394834 0.089986 0.095394 -0.000147 0.089335 0.095394 0.395128 -0.088684 -0.095394 0.395128 -0.088684 -0.095394 0.394834 0.089986 0.095394 0.394834 0.089986 -0.095394 0.395128 -0.088684 -0.095394 0.000147 -0.089335 -0.095394 -0.000147 0.089335 -0.095394 0.394834 0.089986 -0.095394 0.000147 -0.089335 0.095394 0.000147 -0.089335 0.095394 -0.000147 0.089335 -0.095394 -0.000147 0.089335 -0.095394 0.000147 -0.089335 -0.095394 0.395128 -0.088684 -0.095394 0.394834 0.089986 -0.095394 -0.000147 0.089335 " />
															<Normal vector="0.577349 -0.576373 -0.578295 0.577349 0.578295 -0.576373 0.577349 0.576373 0.578295 0.577349 -0.578295 0.576373 0.577349 0.578295 -0.576373 -0.577349 0.578295 -0.576373 -0.577349 0.576373 0.578295 0.577349 0.576373 0.578295 -0.577349 0.578295 -0.576373 -0.577349 -0.576373 -0.578295 -0.577349 -0.578295 0.576373 -0.577349 0.576373 0.578295 -0.577349 -0.576373 -0.578295 0.577349 -0.576373 -0.578295 0.577349 -0.578295 0.576373 -0.577349 -0.578295 0.576373 -0.577349 -0.576373 -0.578295 -0.577349 0.578295 -0.576373 -0.577349 0.576373 0.578295 -0.577349 -0.578295 0.576373 " />
															<TextureCoordinate point="0.0354 0.0230 0.0354 0.4562 0.4686 0.4562 0.4686 0.0230 0.0354 0.0230 0.0354 0.4562 0.4686 0.4562 0.4686 0.0230 0.0354 0.0230 0.0354 0.4562 0.4686 0.4562 0.4686 0.0230 0.0354 0.0230 0.0354 0.4562 0.4686 0.4562 0.4686 0.0230 0.4686 0.4562 0.4686 0.0230 0.0354 0.0230 0.0354 0.4562 " />
														</IndexedTriangleSet>
													</Shape>
												</Group>
											</Transform>
										</Transform>
										<Transform DEF="Cube_028_TRANSFORM"
										           translation="0.127279 0.224084 0.000369"
										           scale="1.000000 1.000000 1.000000"
										           rotation="0.000000 1.000000 0.000000 0.000000"
										           >
											<Transform DEF="Cube_028_ifs_TRANSFORM"
											           translation="0.000000 0.000000 0.000000"
											           scale="1.000000 1.000000 1.000000"
											           rotation="0.000000 1.000000 0.000000 0.000000"
											           >
												<Group DEF="group_ME_Cube_029">
													<Shape>
														<Appearance>
															<Material USE="MA_Body" />
														</Appearance>
														<IndexedTriangleSet solid="false"
														                    normalPerVertex="true"
														                    index="0 1 2 0 2 3 4 5 6 4 6 7 8 9 10 8 10 11 12 13 14 12 14 15 4 16 17 4 17 15 18 5 14 18 14 19 "
														                    >
															<Coordinate point="-0.126932 0.167388 -0.022151 -0.126932 0.167314 0.022702 0.520905 0.658682 0.023512 0.520905 0.658756 -0.021341 0.520905 0.658756 -0.021341 0.520905 0.658682 0.023512 0.774769 0.323980 0.022960 0.774769 0.324054 -0.021893 0.774769 0.324054 -0.021893 0.774769 0.323980 0.022960 0.126932 -0.167388 0.022151 0.126932 -0.167314 -0.022702 0.126932 -0.167314 -0.022702 0.126932 -0.167388 0.022151 -0.126932 0.167314 0.022702 -0.126932 0.167388 -0.022151 0.774769 0.324054 -0.021893 0.126932 -0.167314 -0.022702 0.774769 0.323980 0.022960 0.126932 -0.167388 0.022151 " />
															<Normal vector="-0.808893 0.112033 -0.577166 -0.808893 0.110141 0.577532 0.111087 0.807947 0.578661 0.111087 0.809839 -0.576006 0.111087 0.809839 -0.576006 0.111087 0.807947 0.578661 0.808893 -0.112033 0.577166 0.808893 -0.110141 -0.577532 0.808893 -0.110141 -0.577532 0.808893 -0.112033 0.577166 -0.111087 -0.809839 0.576006 -0.111087 -0.807947 -0.578661 -0.111087 -0.807947 -0.578661 -0.111087 -0.809839 0.576006 -0.808893 0.110141 0.577532 -0.808893 0.112033 -0.577166 0.808893 -0.110141 -0.577532 -0.111087 -0.807947 -0.578661 0.808893 -0.112033 0.577166 -0.111087 -0.809839 0.576006 " />
															<TextureCoordinate point="0.0354 0.5314 0.4686 0.5314 0.4686 0.9646 0.0354 0.9646 0.0354 0.5314 0.4686 0.5314 0.4686 0.9646 0.0354 0.9646 0.0354 0.5314 0.4686 0.5314 0.4686 0.9646 0.0354 0.9646 0.0354 0.5314 0.4686 0.5314 0.4686 0.9646 0.0354 0.9646 0.4686 0.5314 0.4686 0.9646 0.0354 0.5314 0.0354 0.9646 " />
														</IndexedTriangleSet>
													</Shape>
												</Group>
											</Transform>
										</Transform>
									</Transform>
									<Transform DEF="Cube_026_TRANSFORM"
									           translation="-0.000000 0.031703 0.000052"
									           scale="1.000000 1.000000 1.000000"
									           rotation="0.000000 1.000000 0.000000 0.000000"
									           >
										<Transform DEF="Cube_026_ifs_TRANSFORM"
										           translation="0.000000 0.000000 0.000000"
										           scale="1.000000 1.000000 1.000000"
										           rotation="0.000000 1.000000 0.000000 0.000000"
										           >
											<Group DEF="group_ME_Cube_027">
												<Shape>
													<Appearance>
														<Material USE="MA_Body" />
													</Appearance>
													<IndexedTriangleSet solid="false"
													                    normalPerVertex="true"
													                    index="0 1 2 0 2 3 4 5 6 4 6 7 8 9 10 8 10 11 12 13 14 12 14 15 4 13 16 4 16 17 18 19 14 18 14 7 "
													                    >
														<Coordinate point="0.267645 0.000045 -0.027357 0.267645 0.162814 -0.027088 0.267645 0.162724 0.027625 0.267645 -0.000045 0.027357 0.267645 0.162814 -0.027088 -0.267645 0.162814 -0.027088 -0.267645 0.162724 0.027625 0.267645 0.162724 0.027625 -0.267645 0.162814 -0.027088 -0.267645 0.000045 -0.027357 -0.267645 -0.000045 0.027357 -0.267645 0.162724 0.027625 -0.267645 0.000045 -0.027357 0.267645 0.000045 -0.027357 0.267645 -0.000045 0.027357 -0.267645 -0.000045 0.027357 -0.267645 0.000045 -0.027357 -0.267645 0.162814 -0.027088 -0.267645 0.162724 0.027625 -0.267645 -0.000045 0.027357 " />
														<Normal vector="0.577349 -0.576373 -0.578295 0.577349 0.578295 -0.576373 0.577349 0.576373 0.578295 0.577349 -0.578295 0.576373 0.577349 0.578295 -0.576373 -0.577349 0.578295 -0.576373 -0.577349 0.576373 0.578295 0.577349 0.576373 0.578295 -0.577349 0.578295 -0.576373 -0.577349 -0.576373 -0.578295 -0.577349 -0.578295 0.576373 -0.577349 0.576373 0.578295 -0.577349 -0.576373 -0.578295 0.577349 -0.576373 -0.578295 0.577349 -0.578295 0.576373 -0.577349 -0.578295 0.576373 -0.577349 -0.576373 -0.578295 -0.577349 0.578295 -0.576373 -0.577349 0.576373 0.578295 -0.577349 -0.578295 0.576373 " />
														<TextureCoordinate point="0.0354 0.5314 0.0354 0.9646 0.4686 0.9646 0.4686 0.5314 0.0354 0.5314 0.0354 0.9646 0.4686 0.9646 0.4686 0.5314 0.0354 0.5314 0.0354 0.9646 0.4686 0.9646 0.4686 0.5314 0.0354 0.5314 0.0354 0.9646 0.4686 0.9646 0.4686 0.5314 0.4686 0.9646 0.4686 0.5314 0.0354 0.5314 0.0354 0.9646 " />
													</IndexedTriangleSet>
												</Shape>
											</Group>
										</Transform>
									</Transform>
									<Transform DEF="Cube_027_TRANSFORM"
									           translation="-0.000000 0.216057 0.000356"
									           scale="1.000000 1.000000 1.000000"
									           rotation="0.000000 1.000000 0.000000 0.000000"
									           >
										<Transform DEF="Cube_027_ifs_TRANSFORM"
										           translation="0.000000 0.000000 0.000000"
										           scale="1.000000 1.000000 1.000000"
										           rotation="0.000000 1.000000 0.000000 0.000000"
										           >
											<Group DEF="group_ME_Cube_028">
												<Shape>
													<Appearance>
														<Material USE="MA_Body" />
													</Appearance>
													<IndexedTriangleSet solid="false"
													                    normalPerVertex="true"
													                    index="0 1 2 0 2 3 4 5 6 4 6 7 8 9 10 8 10 11 12 13 14 12 14 15 4 13 16 4 16 17 18 19 14 18 14 7 "
													                    >
														<Coordinate point="0.267645 0.000045 -0.027357 0.267645 0.162814 -0.027088 0.267645 0.162724 0.027625 0.267645 -0.000045 0.027357 0.267645 0.162814 -0.027088 -0.267645 0.162814 -0.027088 -0.267645 0.162724 0.027625 0.267645 0.162724 0.027625 -0.267645 0.162814 -0.027088 -0.267645 0.000045 -0.027357 -0.267645 -0.000045 0.027357 -0.267645 0.162724 0.027625 -0.267645 0.000045 -0.027357 0.267645 0.000045 -0.027357 0.267645 -0.000045 0.027357 -0.267645 -0.000045 0.027357 -0.267645 0.000045 -0.027357 -0.267645 0.162814 -0.027088 -0.267645 0.162724 0.027625 -0.267645 -0.000045 0.027357 " />
														<Normal vector="0.577349 -0.576373 -0.578295 0.577349 0.578295 -0.576373 0.577349 0.576373 0.578295 0.577349 -0.578295 0.576373 0.577349 0.578295 -0.576373 -0.577349 0.578295 -0.576373 -0.577349 0.576373 0.578295 0.577349 0.576373 0.578295 -0.577349 0.578295 -0.576373 -0.577349 -0.576373 -0.578295 -0.577349 -0.578295 0.576373 -0.577349 0.576373 0.578295 -0.577349 -0.576373 -0.578295 0.577349 -0.576373 -0.578295 0.577349 -0.578295 0.576373 -0.577349 -0.578295 0.576373 -0.577349 -0.576373 -0.578295 -0.577349 0.578295 -0.576373 -0.577349 0.576373 0.578295 -0.577349 -0.578295 0.576373 " />
														<TextureCoordinate point="0.0354 0.5314 0.0354 0.9646 0.4686 0.9646 0.4686 0.5314 0.0354 0.5314 0.0354 0.9646 0.4686 0.9646 0.4686 0.5314 0.0354 0.5314 0.0354 0.9646 0.4686 0.9646 0.4686 0.5314 0.0354 0.5314 0.0354 0.9646 0.4686 0.9646 0.4686 0.5314 0.4686 0.9646 0.4686 0.5314 0.0354 0.5314 0.0354 0.9646 " />
													</IndexedTriangleSet>
												</Shape>
											</Group>
										</Transform>
									</Transform>
								</Transform>
							</Transform>
						</Transform>
					</Transform>
				</Transform>
			</Transform>
		</Transform>
	</Scene>
</X3D>