<?xml version="1.0" encoding="UTF-8"?>
<!DOCTYPE X3D PUBLIC "ISO//Web3D//DTD X3D 3.0//EN" "http://www.web3d.org/specifications/x3d-3.0.dtd">
<X3D version="3.0" profile="Immersive" xmlns:xsd="http://www.w3.org/2001/XMLSchema-instance" xsd:noNamespaceSchemaLocation="http://www.web3d.org/specifications/x3d-3.0.xsd">
	<head>
		<meta name="filename" content="brionne.x3d" />
		<meta name="generator" content="Blender 2.93.18" />
	</head>
	<Scene>
		<NavigationInfo headlight="true"
		                visibilityLimit="0.0"
		                type='"EXAMINE", "ANY"'
		                avatarSize="0.25, 1.75, 0.75"
		                />
		<Background DEF="WO_World"
		            groundColor="0.051 0.051 0.051"
		            skyColor="0.051 0.051 0.051"
		            />
		<Transform DEF="body_TRANSFORM"
		           translation="0.000000 0.061253 1.764166"
		           scale="1.000000 1.000000 1.000000"
		           rotation="0.000000 0.000000 1.000000 3.141593"
		           >
			<Transform DEF="body_ifs_TRANSFORM"
			           translation="0.000000 0.000000 0.000000"
			           scale="1.000000 1.000000 1.000000"
			           rotation="0.000000 1.000000 0.000000 0.000000"
			           >
				<Group DEF="group_ME_body">
					<Shape>
						<Appearance>
							<Material DEF="MA_Body"
							          diffuseColor="0.800 0.800 0.800"
							          specularColor="0.401 0.401 0.401"
							          emissiveColor="0.000 0.000 0.000"
							          ambientIntensity="0.000"
							          shininess="0.500"
							          transparency="0.0"
							          />
						</Appearance>
						<IndexedTriangleSet solid="false"
						                    normalPerVertex="true"
						                    index="0 1 2 0 2 3 4 5 6 4 6 7 8 9 10 8 10 11 12 13 14 12 14 15 4 16 17 4 17 15 18 5 14 18 14 19 "
						                    >
							<Coordinate point="-0.497633 -0.619875 -0.020087 -0.497633 -0.642263 0.670808 -0.497633 0.597486 0.710982 -0.497633 0.619875 0.020087 -0.497633 0.619875 0.020087 -0.497633 0.597486 0.710982 0.497633 0.597486 0.710982 0.497633 0.619875 0.020087 0.497633 0.619875 0.020087 0.497633 0.597486 0.710982 0.497633 -0.642263 0.670808 0.497633 -0.619875 -0.020087 0.497633 -0.619875 -0.020087 0.497633 -0.642263 0.670808 -0.497633 -0.642263 0.670808 -0.497633 -0.619875 -0.020087 0.497633 0.619875 0.020087 0.497633 -0.619875 -0.020087 0.497633 0.597486 0.710982 0.497633 -0.642263 0.670808 " />
							<Normal vector="-0.577349 -0.558336 -0.595721 -0.577349 -0.595721 0.558336 -0.577349 0.558336 0.595721 -0.577349 0.595721 -0.558336 -0.577349 0.595721 -0.558336 -0.577349 0.558336 0.595721 0.577349 0.558336 0.595721 0.577349 0.595721 -0.558336 0.577349 0.595721 -0.558336 0.577349 0.558336 0.595721 0.577349 -0.595721 0.558336 0.577349 -0.558336 -0.595721 0.577349 -0.558336 -0.595721 0.577349 -0.595721 0.558336 -0.577349 -0.595721 0.558336 -0.577349 -0.558336 -0.595721 0.577349 0.595721 -0.558336 0.577349 -0.558336 -0.595721 0.577349 0.558336 0.595721 0.577349 -0.595721 0.558336 " />
							<TextureCoordinate point="0.0414 0.5336 0.4664 0.5336 0.4664 0.9586 0.0414 0.9586 0.0414 0.5336 0.4664 0.5336 0.4664 0.9586 0.0414 0.9586 0.0414 0.5336 0.4664 0.5336 0.4664 0.9586 0.0414 0.9586 0.0414 0.5336 0.4664 0.5336 0.4664 0.9586 0.0414 0.9586 0.4664 0.5336 0.4664 0.9586 0.0414 0.5336 0.0414 0.9586 " />
						</IndexedTriangleSet>
					</Shape>
				</Group>
			</Transform>
			<Transform DEF="body1_TRANSFORM"
			           translation="0.000000 -0.017407 0.537169"
			           scale="1.000000 1.000000 1.000000"
			           rotation="0.000000 1.000000 0.000000 0.000000"
			           >
				<Transform DEF="body1_ifs_TRANSFORM"
				           translation="0.000000 0.000000 0.000000"
				           scale="1.000000 1.000000 1.000000"
				           rotation="0.000000 1.000000 0.000000 0.000000"
				           >
					<Group DEF="group_ME_body1">
						<Shape>
							<Appearance>
								<Material USE="MA_Body" />
							</Appearance>
							<IndexedTriangleSet solid="false"
							                    normalPerVertex="true"
							                    index="0 1 2 0 2 3 4 5 6 4 6 7 8 9 10 8 10 11 12 13 14 12 14 15 4 16 17 4 17 15 18 5 14 18 14 19 "
							                    >
								<Coordinate point="-0.481395 -0.599957 0.002320 -0.481395 -0.597149 0.728501 -0.481395 0.602765 0.723861 -0.481395 0.599957 -0.002320 -0.481395 0.599957 -0.002320 -0.481395 0.602765 0.723861 0.481395 0.602765 0.723861 0.481395 0.599957 -0.002320 0.481395 0.599957 -0.002320 0.481395 0.602765 0.723861 0.481395 -0.597149 0.728501 0.481395 -0.599957 0.002320 0.481395 -0.599957 0.002320 0.481395 -0.597149 0.728501 -0.481395 -0.597149 0.728501 -0.481395 -0.599957 0.002320 0.481395 0.599957 -0.002320 0.481395 -0.599957 0.002320 0.481395 0.602765 0.723861 0.481395 -0.597149 0.728501 " />
								<Normal vector="-0.577349 -0.579577 -0.575091 -0.577349 -0.575091 0.579577 -0.577349 0.579577 0.575091 -0.577349 0.575091 -0.579577 -0.577349 0.575091 -0.579577 -0.577349 0.579577 0.575091 0.577349 0.579577 0.575091 0.577349 0.575091 -0.579577 0.577349 0.575091 -0.579577 0.577349 0.579577 0.575091 0.577349 -0.575091 0.579577 0.577349 -0.579577 -0.575091 0.577349 -0.579577 -0.575091 0.577349 -0.575091 0.579577 -0.577349 -0.575091 0.579577 -0.577349 -0.579577 -0.575091 0.577349 0.575091 -0.579577 0.577349 -0.579577 -0.575091 0.577349 0.579577 0.575091 0.577349 -0.575091 0.579577 " />
								<TextureCoordinate point="0.0414 0.5336 0.4664 0.5336 0.4664 0.9586 0.0414 0.9586 0.0414 0.5336 0.4664 0.5336 0.4664 0.9586 0.0414 0.9586 0.0414 0.5336 0.4664 0.5336 0.4664 0.9586 0.0414 0.9586 0.0414 0.5336 0.4664 0.5336 0.4664 0.9586 0.0414 0.9586 0.4664 0.5336 0.4664 0.9586 0.0414 0.5336 0.0414 0.9586 " />
							</IndexedTriangleSet>
						</Shape>
					</Group>
				</Transform>
				<Transform DEF="body2_TRANSFORM"
				           translation="0.000000 0.002231 0.577039"
				           scale="1.000000 1.000000 1.000000"
				           rotation="0.000000 1.000000 0.000000 0.000000"
				           >
					<Transform DEF="body2_ifs_TRANSFORM"
					           translation="0.000000 0.000000 0.000000"
					           scale="1.000000 1.000000 1.000000"
					           rotation="0.000000 1.000000 0.000000 0.000000"
					           >
						<Group DEF="group_ME_body2">
							<Shape>
								<Appearance>
									<Material USE="MA_Body" />
								</Appearance>
								<IndexedTriangleSet solid="false"
								                    normalPerVertex="true"
								                    index="0 1 2 0 2 3 4 5 6 4 6 7 8 9 10 8 10 11 12 13 14 12 14 15 4 16 17 4 17 15 18 5 14 18 14 19 "
								                    >
									<Coordinate point="-0.537766 -0.549784 0.002126 -0.537766 -0.547081 0.701215 -0.537766 0.552487 0.696963 -0.537766 0.549784 -0.002126 -0.537766 0.549784 -0.002126 -0.537766 0.552487 0.696963 0.537766 0.552487 0.696963 0.537766 0.549784 -0.002126 0.537766 0.549784 -0.002126 0.537766 0.552487 0.696963 0.537766 -0.547081 0.701215 0.537766 -0.549784 0.002126 0.537766 -0.549784 0.002126 0.537766 -0.547081 0.701215 -0.537766 -0.547081 0.701215 -0.537766 -0.549784 0.002126 0.537766 0.549784 -0.002126 0.537766 -0.549784 0.002126 0.537766 0.552487 0.696963 0.537766 -0.547081 0.701215 " />
									<Normal vector="-0.577349 -0.579577 -0.575091 -0.577349 -0.575091 0.579577 -0.577349 0.579577 0.575091 -0.577349 0.575091 -0.579577 -0.577349 0.575091 -0.579577 -0.577349 0.579577 0.575091 0.577349 0.579577 0.575091 0.577349 0.575091 -0.579577 0.577349 0.575091 -0.579577 0.577349 0.579577 0.575091 0.577349 -0.575091 0.579577 0.577349 -0.579577 -0.575091 0.577349 -0.579577 -0.575091 0.577349 -0.575091 0.579577 -0.577349 -0.575091 0.579577 -0.577349 -0.579577 -0.575091 0.577349 0.575091 -0.579577 0.577349 -0.579577 -0.575091 0.577349 0.579577 0.575091 0.577349 -0.575091 0.579577 " />
									<TextureCoordinate point="0.5453 0.0414 0.9703 0.0414 0.9703 0.4664 0.5453 0.4664 0.5453 0.0414 0.9703 0.0414 0.9703 0.4664 0.5453 0.4664 0.5453 0.0414 0.9703 0.0414 0.9703 0.4664 0.5453 0.4664 0.5453 0.0414 0.9703 0.0414 0.9703 0.4664 0.5453 0.4664 0.9703 0.0414 0.9703 0.4664 0.5453 0.0414 0.5453 0.4664 " />
								</IndexedTriangleSet>
							</Shape>
						</Group>
					</Transform>
					<Transform DEF="neck_TRANSFORM"
					           translation="0.000000 0.002332 0.603126"
					           scale="1.000000 1.000000 1.000000"
					           rotation="0.000000 1.000000 0.000000 0.000000"
					           >
						<Transform DEF="neck_ifs_TRANSFORM"
						           translation="0.000000 0.000000 0.000000"
						           scale="1.000000 1.000000 1.000000"
						           rotation="0.000000 1.000000 0.000000 0.000000"
						           >
							<Group DEF="group_ME_neck">
								<Shape>
									<Appearance>
										<Material USE="MA_Body" />
									</Appearance>
									<IndexedTriangleSet solid="false"
									                    normalPerVertex="true"
									                    index="0 1 2 0 2 3 4 5 6 4 6 7 8 9 10 8 10 11 12 13 14 12 14 15 4 16 17 4 17 15 18 5 14 18 14 19 "
									                    >
										<Coordinate point="-0.481491 -0.502877 0.025109 -0.481491 -0.500942 0.525387 -0.481491 0.504990 0.521497 -0.481491 0.503056 0.021220 -0.481491 0.503056 0.021220 -0.481491 0.504990 0.521497 0.481491 0.504990 0.521497 0.481491 0.503056 0.021220 0.481491 0.503056 0.021220 0.481491 0.504990 0.521497 0.481491 -0.500942 0.525387 0.481491 -0.502877 0.025109 0.481491 -0.502877 0.025109 0.481491 -0.500942 0.525387 -0.481491 -0.500942 0.525387 -0.481491 -0.502877 0.025109 0.481491 0.503056 0.021220 0.481491 -0.502877 0.025109 0.481491 0.504990 0.521497 0.481491 -0.500942 0.525387 " />
										<Normal vector="-0.577349 -0.579577 -0.575091 -0.577349 -0.575091 0.579577 -0.577349 0.579577 0.575091 -0.577349 0.575091 -0.579577 -0.577349 0.575091 -0.579577 -0.577349 0.579577 0.575091 0.577349 0.579577 0.575091 0.577349 0.575091 -0.579577 0.577349 0.575091 -0.579577 0.577349 0.579577 0.575091 0.577349 -0.575091 0.579577 0.577349 -0.579577 -0.575091 0.577349 -0.579577 -0.575091 0.577349 -0.575091 0.579577 -0.577349 -0.575091 0.579577 -0.577349 -0.579577 -0.575091 0.577349 0.575091 -0.579577 0.577349 -0.579577 -0.575091 0.577349 0.579577 0.575091 0.577349 -0.575091 0.579577 " />
										<TextureCoordinate point="0.0414 0.5336 0.4664 0.5336 0.4664 0.9586 0.0414 0.9586 0.0414 0.5336 0.4664 0.5336 0.4664 0.9586 0.0414 0.9586 0.0414 0.5336 0.4664 0.5336 0.4664 0.9586 0.0414 0.9586 0.0414 0.5336 0.4664 0.5336 0.4664 0.9586 0.0414 0.9586 0.4664 0.5336 0.4664 0.9586 0.0414 0.5336 0.0414 0.9586 " />
									</IndexedTriangleSet>
								</Shape>
							</Group>
						</Transform>
						<Transform DEF="head_TRANSFORM"
						           translation="0.000000 -0.127283 0.457294"
						           scale="1.000000 1.000000 1.000000"
						           rotation="0.000000 1.000000 0.000000 0.000000"
						           >
							<Transform DEF="head_ifs_TRANSFORM"
							           translation="0.000000 0.000000 0.000000"
							           scale="1.000000 1.000000 1.000000"
							           rotation="0.000000 1.000000 0.000000 0.000000"
							           >
								<Group DEF="group_ME_head">
									<Shape>
										<Appearance>
											<Material USE="MA_Body" />
										</Appearance>
										<IndexedTriangleSet solid="false"
										                    normalPerVertex="true"
										                    index="0 1 2 0 2 3 4 5 6 4 6 7 8 9 10 8 10 11 12 13 14 12 14 15 16 17 18 16 18 19 20 21 14 20 14 22 23 24 25 23 25 26 27 28 29 27 29 30 31 32 33 31 33 34 35 36 37 35 37 38 24 12 15 24 15 25 28 8 11 28 11 29 32 4 7 32 7 33 36 0 3 36 3 37 39 40 41 39 41 42 43 44 4 43 4 32 45 46 47 45 47 48 49 39 42 49 42 50 51 43 32 51 32 31 52 45 48 52 48 53 54 55 24 54 24 23 56 57 58 56 58 59 60 20 22 60 22 61 49 62 63 49 63 26 64 16 19 64 19 65 46 66 67 46 67 47 68 69 13 68 13 12 40 21 70 40 70 41 44 71 5 44 5 4 41 70 72 41 72 73 73 72 71 73 71 44 47 67 74 47 74 75 75 74 69 75 69 68 62 76 77 62 77 63 76 64 65 76 65 77 57 78 79 57 79 58 78 60 61 78 61 79 53 48 80 53 80 81 81 80 55 81 55 54 50 42 82 50 82 83 83 82 43 83 43 51 80 75 68 80 68 55 42 41 73 42 73 82 82 73 44 82 44 43 "
										                    >
											<Coordinate point="-0.801873 -0.494356 1.297746 -0.801873 -0.405599 1.678741 -0.801873 1.105740 1.326658 -0.801873 1.016983 0.945663 0.772000 1.016984 0.945663 0.772000 1.105741 1.326658 0.801873 1.105740 1.326658 0.801873 1.016983 0.945663 0.801873 1.016983 0.945663 0.801873 1.105740 1.326658 0.801873 -0.405599 1.678741 0.801873 -0.494356 1.297746 -0.772000 -0.494356 1.297747 -0.772000 -0.405599 1.678741 -0.801873 -0.405599 1.678741 -0.801873 -0.494356 1.297746 0.772000 0.755670 -0.176042 0.801873 0.755670 -0.176042 0.801873 -0.755670 0.176042 0.772000 -0.755670 0.176042 -0.772000 1.105741 1.326658 -0.801873 1.105740 1.326658 -0.772000 -0.405599 1.678741 -0.772000 -0.755670 0.176042 -0.772000 -0.645039 0.650932 -0.801873 -0.645039 0.650932 -0.801873 -0.755670 0.176042 0.801873 0.755670 -0.176042 0.801873 0.866301 0.298849 0.801873 -0.645039 0.650932 0.801873 -0.755670 0.176042 0.772000 0.755670 -0.176042 0.772000 0.866301 0.298849 0.801873 0.866301 0.298849 0.801873 0.755670 -0.176042 -0.801873 -0.755670 0.176042 -0.801873 -0.645039 0.650932 -0.801873 0.866301 0.298849 -0.801873 0.755670 -0.176042 -0.801873 0.866301 0.298849 -0.801873 1.016983 0.945663 -0.772000 1.016984 0.945663 -0.772000 0.866301 0.298849 0.293697 0.866301 0.298849 0.293697 1.016984 0.945663 0.801873 -0.645039 0.650932 0.801873 -0.494356 1.297746 0.772000 -0.494356 1.297747 0.772000 -0.645039 0.650932 -0.801873 0.755670 -0.176042 -0.772000 0.755670 -0.176042 0.293697 0.755670 -0.176042 0.801873 -0.755670 0.176042 0.772000 -0.755670 0.176042 -0.293697 -0.755670 0.176041 -0.293697 -0.645039 0.650932 0.801873 1.105740 1.326658 0.772000 1.105741 1.326658 0.772000 -0.405599 1.678741 0.801873 -0.405599 1.678741 -0.293697 1.105741 1.326658 -0.293697 -0.405599 1.678741 -0.772000 0.755670 -0.176042 -0.772000 -0.755670 0.176042 0.293697 0.755670 -0.176042 0.293697 -0.755670 0.176041 0.801873 -0.405599 1.678741 0.772000 -0.405599 1.678741 -0.293697 -0.494356 1.297747 -0.293697 -0.405599 1.678741 -0.772000 1.105741 1.326658 0.293697 1.105741 1.326658 -0.293697 1.105741 1.326658 -0.293697 1.016984 0.945663 0.293697 -0.405599 1.678741 0.293697 -0.494356 1.297747 -0.293697 0.755670 -0.176042 -0.293697 -0.755670 0.176041 0.293697 1.105741 1.326658 0.293697 -0.405599 1.678741 0.293697 -0.645039 0.650932 0.293697 -0.755670 0.176041 -0.293697 0.866301 0.298849 -0.293697 0.755670 -0.176042 " />
											<Normal vector="-0.707083 -0.688650 0.160405 -0.577319 -0.431288 0.693258 -0.577349 0.693258 0.431288 -0.707083 0.688650 -0.160405 0.000000 0.973907 -0.226875 0.000000 0.849086 0.528214 0.577349 0.693258 0.431288 0.707083 0.688650 -0.160405 0.707083 0.688650 -0.160405 0.577349 0.693258 0.431288 0.577319 -0.431288 0.693258 0.707083 -0.688650 0.160405 0.000000 -0.973907 0.226875 0.000000 -0.528214 0.849086 -0.577319 -0.431288 0.693258 -0.707083 -0.688650 0.160405 0.000000 0.528214 -0.849086 0.577349 0.431288 -0.693258 0.577349 -0.693258 -0.431288 0.000000 -0.849086 -0.528214 0.000000 0.849086 0.528214 -0.577349 0.693258 0.431288 0.000000 -0.528214 0.849086 0.000000 -0.849086 -0.528214 0.000000 -0.973907 0.226875 -0.707083 -0.688650 0.160405 -0.577349 -0.693258 -0.431288 0.577349 0.431288 -0.693258 0.707083 0.688650 -0.160405 0.707083 -0.688650 0.160405 0.577349 -0.693258 -0.431288 0.000000 0.528214 -0.849086 0.000000 0.973907 -0.226875 0.707083 0.688650 -0.160405 0.577349 0.431288 -0.693258 -0.577349 -0.693258 -0.431288 -0.707083 -0.688650 0.160405 -0.707083 0.688650 -0.160405 -0.577349 0.431288 -0.693258 -0.707083 0.688650 -0.160405 -0.707083 0.688650 -0.160405 0.000000 0.973907 -0.226875 0.000000 0.973907 -0.226875 0.000000 0.973907 -0.226875 0.000000 0.973907 -0.226875 0.707083 -0.688650 0.160405 0.707083 -0.688650 0.160405 0.000000 -0.973907 0.226875 0.000000 -0.973907 0.226875 -0.577349 0.431288 -0.693258 0.000000 0.528214 -0.849086 0.000000 0.528214 -0.849086 0.577349 -0.693258 -0.431288 0.000000 -0.849086 -0.528214 0.000000 -0.849086 -0.528214 0.000000 -0.973907 0.226875 0.577349 0.693258 0.431288 0.000000 0.849086 0.528214 0.000000 -0.528214 0.849086 0.577319 -0.431288 0.693258 0.000000 0.849086 0.528214 0.000000 -0.528214 0.849086 0.000000 0.528214 -0.849086 0.000000 -0.849086 -0.528214 0.000000 0.528214 -0.849086 0.000000 -0.849086 -0.528214 0.577319 -0.431288 0.693258 0.000000 -0.528214 0.849086 0.000000 -0.973907 0.226875 0.000000 -0.528214 0.849086 0.000000 0.849086 0.528214 0.000000 0.849086 0.528214 0.000000 0.849086 0.528214 0.000000 0.973907 -0.226875 0.000000 -0.528214 0.849086 0.000000 -0.973907 0.226875 0.000000 0.528214 -0.849086 0.000000 -0.849086 -0.528214 0.000000 0.849086 0.528214 0.000000 -0.528214 0.849086 0.000000 -0.973907 0.226875 0.000000 -0.849086 -0.528214 0.000000 0.973907 -0.226875 0.000000 0.528214 -0.849086 " />
											<TextureCoordinate point="0.3602 0.5336 0.4664 0.5336 0.4664 0.9586 0.3602 0.9586 0.3602 0.8169 0.4664 0.8169 0.4664 0.9586 0.3602 0.9586 0.3602 0.5336 0.4664 0.5336 0.4664 0.9586 0.3602 0.9586 0.3602 0.8169 0.4664 0.8169 0.4664 0.9586 0.3602 0.9586 0.3247 0.5336 0.4664 0.5336 0.4664 0.9586 0.3247 0.9586 0.3247 0.5336 0.4664 0.5336 0.3247 0.9586 0.0414 0.8169 0.2539 0.8169 0.2539 0.9586 0.0414 0.9586 0.0414 0.5336 0.2539 0.5336 0.2539 0.9586 0.0414 0.9586 0.0414 0.8169 0.2539 0.8169 0.2539 0.9586 0.0414 0.9586 0.0414 0.5336 0.2539 0.5336 0.2539 0.9586 0.0414 0.9586 0.2539 0.5336 0.3602 0.5336 0.3602 0.6753 0.2539 0.6753 0.2539 0.7697 0.3602 0.7697 0.2539 0.5336 0.3602 0.5336 0.3602 0.6753 0.2539 0.6753 0.0414 0.5336 0.0414 0.6753 0.0414 0.7697 0.0414 0.5336 0.0414 0.6753 0.0414 0.7697 0.2539 0.7697 0.0414 0.5336 0.1831 0.5336 0.1831 0.9586 0.0414 0.9586 0.2775 0.5336 0.2775 0.9586 0.1831 0.5336 0.1831 0.9586 0.2775 0.5336 0.2775 0.9586 0.4664 0.5336 0.4664 0.6753 0.3602 0.7697 0.4664 0.7697 0.4664 0.6753 0.4664 0.7697 0.4664 0.7225 0.3602 0.7225 0.4664 0.7225 0.3602 0.7225 0.2303 0.5336 0.2303 0.9586 0.2303 0.5336 0.2303 0.9586 0.2539 0.7225 0.0414 0.7225 0.2539 0.7225 0.0414 0.7225 " />
										</IndexedTriangleSet>
									</Shape>
									<Shape>
										<Appearance>
											<Material DEF="MA_Face"
											          diffuseColor="0.800 0.800 0.800"
											          specularColor="0.401 0.401 0.401"
											          emissiveColor="0.000 0.000 0.000"
											          ambientIntensity="0.000"
											          shininess="0.500"
											          transparency="0.0"
											          />
										</Appearance>
										<IndexedTriangleSet solid="false"
										                    normalPerVertex="true"
										                    index="0 1 2 0 2 3 4 5 6 4 6 7 "
										                    >
											<Coordinate point="-0.293697 -0.645039 0.650932 -0.293697 -0.494356 1.297747 -0.772000 -0.494356 1.297747 -0.772000 -0.645039 0.650932 0.772000 -0.645039 0.650932 0.772000 -0.494356 1.297747 0.293697 -0.494356 1.297747 0.293697 -0.645039 0.650932 " />
											<Normal vector="0.000000 -0.973907 0.226875 0.000000 -0.973907 0.226875 0.000000 -0.973907 0.226875 0.000000 -0.973907 0.226875 0.000000 -0.973907 0.226875 0.000000 -0.973907 0.226875 0.000000 -0.973907 0.226875 0.000000 -0.973907 0.226875 " />
											<TextureCoordinate point="0.4279 0.4975 0.4279 0.9791 0.0643 0.9791 0.0643 0.4975 0.4279 0.4975 0.4279 0.9791 0.0643 0.9791 0.0643 0.4975 " />
										</IndexedTriangleSet>
									</Shape>
								</Group>
							</Transform>
							<Transform DEF="Cube_005_TRANSFORM"
							           translation="0.000000 -0.524069 0.783338"
							           scale="1.000000 1.000000 1.000000"
							           rotation="0.000000 1.000000 0.000000 0.000000"
							           >
								<Transform DEF="Cube_005_ifs_TRANSFORM"
								           translation="0.000000 0.000000 0.000000"
								           scale="1.000000 1.000000 1.000000"
								           rotation="0.000000 1.000000 0.000000 0.000000"
								           >
									<Group DEF="group_ME_Cube_007">
										<Shape>
											<Appearance>
												<Material USE="MA_Body" />
											</Appearance>
											<IndexedTriangleSet solid="false"
											                    normalPerVertex="true"
											                    index="0 1 2 0 2 3 4 5 6 4 6 7 8 9 10 8 10 11 12 13 14 12 14 15 16 17 18 16 18 19 20 21 14 20 14 22 23 24 25 23 25 26 24 20 22 24 22 25 27 28 29 27 29 15 28 16 19 28 19 29 30 31 32 30 32 33 33 32 13 33 13 12 34 35 36 34 36 37 37 36 5 37 5 4 38 39 40 38 40 41 34 38 41 34 41 0 42 43 44 42 44 45 46 42 45 46 45 47 43 35 1 43 1 44 39 48 49 39 49 40 50 51 52 50 52 53 54 55 1 54 1 0 56 57 55 56 55 54 0 41 28 0 28 27 45 44 20 45 20 24 47 45 24 47 24 23 44 1 21 44 21 20 40 49 17 40 17 16 53 52 9 53 9 8 "
											                    >
												<Coordinate point="-0.326002 -0.215919 -0.297046 -0.326002 0.004768 0.367199 -0.326002 0.110343 0.332123 -0.326002 -0.110343 -0.332123 0.282988 -0.110343 -0.332123 0.282988 0.110343 0.332123 0.326002 0.110343 0.332123 0.326002 -0.110343 -0.332123 0.326002 -0.426766 -0.226995 0.326002 -0.206079 0.437250 0.326002 -0.264244 0.456574 0.326002 -0.484931 -0.207671 -0.282988 -0.484931 -0.207671 -0.282988 -0.264244 0.456574 -0.326002 -0.264244 0.456574 -0.326002 -0.484931 -0.207671 0.282988 -0.426766 -0.226995 0.326002 -0.426766 -0.226995 0.326002 -0.484931 -0.207671 0.282988 -0.484931 -0.207671 -0.282988 -0.206079 0.437250 -0.326002 -0.206079 0.437250 -0.282988 -0.264244 0.456574 0.326002 -0.206079 0.437250 0.282988 -0.206079 0.437250 0.282988 -0.264244 0.456574 0.326002 -0.264244 0.456574 -0.326002 -0.426766 -0.226995 -0.282988 -0.426766 -0.226995 -0.282988 -0.484931 -0.207671 0.326002 -0.484931 -0.207671 0.326002 -0.264244 0.456574 0.282988 -0.264244 0.456574 0.282988 -0.484931 -0.207671 -0.326002 -0.110343 -0.332123 -0.326002 0.110343 0.332123 -0.282988 0.110343 0.332123 -0.282988 -0.110343 -0.332123 -0.282988 -0.110343 -0.332123 0.282988 -0.110343 -0.332123 0.282988 -0.215919 -0.297046 -0.282988 -0.215919 -0.297046 0.282988 0.110343 0.332123 -0.282988 0.110343 0.332123 -0.282988 0.004768 0.367199 0.282988 0.004768 0.367199 0.326002 0.110343 0.332123 0.326002 0.004768 0.367199 0.326002 -0.110343 -0.332123 0.326002 -0.215919 -0.297046 0.326002 -0.110343 -0.332123 0.326002 0.110343 0.332123 0.326002 0.004768 0.367199 0.326002 -0.215919 -0.297046 -0.326002 -0.426766 -0.226995 -0.326002 -0.206079 0.437250 -0.326002 -0.484931 -0.207671 -0.326002 -0.264244 0.456574 " />
												<Normal vector="-0.707083 -0.222938 -0.671010 -0.707083 0.222938 0.671010 -0.577349 0.729911 0.365856 -0.577349 0.365856 -0.729911 0.000000 0.448073 -0.893979 0.000000 0.893979 0.448073 0.577349 0.729911 0.365856 0.577349 0.365856 -0.729911 0.707083 -0.222938 -0.671010 0.707083 0.222938 0.671010 0.577349 -0.365856 0.729911 0.577349 -0.729911 -0.365856 0.000000 -0.893979 -0.448073 0.000000 -0.448073 0.893979 -0.577349 -0.365856 0.729911 -0.577349 -0.729911 -0.365856 0.000000 -0.315287 -0.948973 0.707083 -0.222938 -0.671010 0.577349 -0.729911 -0.365856 0.000000 -0.893979 -0.448073 0.000000 0.315287 0.948973 -0.707083 0.222938 0.671010 0.000000 -0.448073 0.893979 0.707083 0.222938 0.671010 0.000000 0.315287 0.948973 0.000000 -0.448073 0.893979 0.577349 -0.365856 0.729911 -0.707083 -0.222938 -0.671010 0.000000 -0.315287 -0.948973 0.000000 -0.893979 -0.448073 0.577349 -0.729911 -0.365856 0.577349 -0.365856 0.729911 0.000000 -0.448073 0.893979 0.000000 -0.893979 -0.448073 -0.577349 0.365856 -0.729911 -0.577349 0.729911 0.365856 0.000000 0.893979 0.448073 0.000000 0.448073 -0.893979 0.000000 0.448073 -0.893979 0.000000 0.448073 -0.893979 0.000000 -0.315287 -0.948973 0.000000 -0.315287 -0.948973 0.000000 0.893979 0.448073 0.000000 0.893979 0.448073 0.000000 0.315287 0.948973 0.000000 0.315287 0.948973 0.577349 0.729911 0.365856 0.707083 0.222938 0.671010 0.577349 0.365856 -0.729911 0.707083 -0.222938 -0.671010 0.577349 0.365856 -0.729911 0.577349 0.729911 0.365856 0.707083 0.222938 0.671010 0.707083 -0.222938 -0.671010 -0.707083 -0.222938 -0.671010 -0.707083 0.222938 0.671010 -0.577349 -0.729911 -0.365856 -0.577349 -0.365856 0.729911 " />
												<TextureCoordinate point="0.0414 0.7461 0.4664 0.7461 0.4664 0.9586 0.0414 0.9586 0.0414 0.8169 0.4664 0.8169 0.4664 0.9586 0.0414 0.9586 0.0414 0.8524 0.4664 0.8524 0.4664 0.9586 0.0414 0.9586 0.0414 0.8169 0.4664 0.8169 0.4664 0.9586 0.0414 0.9586 0.3247 0.8524 0.4664 0.8524 0.4664 0.9586 0.3247 0.9586 0.3247 0.8524 0.4664 0.8524 0.3247 0.9586 0.0414 0.8524 0.1831 0.8524 0.1831 0.9586 0.0414 0.9586 0.0414 0.8524 0.1831 0.8524 0.1831 0.9586 0.0414 0.5336 0.4664 0.5336 0.4664 0.6753 0.0414 0.6753 0.0414 0.5336 0.4664 0.5336 0.4664 0.6753 0.0414 0.6753 0.1831 0.5336 0.3247 0.5336 0.3247 0.7461 0.1831 0.7461 0.1831 0.5336 0.3247 0.5336 0.3247 0.7461 0.1831 0.7461 0.0414 0.5336 0.0414 0.7461 0.4664 0.5336 0.4664 0.7461 0.0414 0.5336 0.4664 0.5336 0.4664 0.7461 0.0414 0.7461 0.0414 0.6398 0.4664 0.6398 0.0414 0.5336 0.4664 0.5336 " />
											</IndexedTriangleSet>
										</Shape>
										<Shape>
											<Appearance>
												<Material USE="MA_Face" />
											</Appearance>
											<IndexedTriangleSet solid="false"
											                    normalPerVertex="true"
											                    index="0 1 2 0 2 3 "
											                    >
												<Coordinate point="-0.282988 -0.215919 -0.297046 0.282988 -0.215919 -0.297046 0.282988 -0.426766 -0.226995 -0.282988 -0.426766 -0.226995 " />
												<Normal vector="0.000000 -0.315287 -0.948973 0.000000 -0.315287 -0.948973 0.000000 -0.315287 -0.948973 0.000000 -0.315287 -0.948973 " />
												<TextureCoordinate point="0.0169 0.0771 0.4909 0.0771 0.4909 0.3885 0.0169 0.3885 " />
											</IndexedTriangleSet>
										</Shape>
									</Group>
								</Transform>
								<Transform DEF="Cube_006_TRANSFORM"
								           translation="0.000000 -0.314532 0.160963"
								           scale="1.000000 1.000000 1.000000"
								           rotation="0.000000 1.000000 0.000000 0.000000"
								           >
									<Transform DEF="Cube_006_ifs_TRANSFORM"
									           translation="0.000000 0.000000 0.000000"
									           scale="1.000000 1.000000 1.000000"
									           rotation="0.000000 1.000000 0.000000 0.000000"
									           >
										<Group DEF="group_ME_Cube_008">
											<Shape>
												<Appearance>
													<Material USE="MA_Body" />
												</Appearance>
												<IndexedTriangleSet solid="false"
												                    normalPerVertex="true"
												                    index="0 1 2 0 2 3 4 5 6 4 6 7 8 9 10 8 10 11 12 13 14 12 14 15 4 16 17 4 17 15 18 5 14 18 14 19 "
												                    >
													<Coordinate point="-0.210959 -0.332466 -0.105171 -0.210959 -0.173236 0.302628 -0.210959 0.079615 0.203899 -0.210959 -0.079615 -0.203899 -0.210959 -0.079615 -0.203899 -0.210959 0.079615 0.203899 0.210959 0.079615 0.203899 0.210959 -0.079615 -0.203899 0.210959 -0.079615 -0.203899 0.210959 0.079615 0.203899 0.210959 -0.173236 0.302628 0.210959 -0.332466 -0.105171 0.210959 -0.332466 -0.105171 0.210959 -0.173236 0.302628 -0.210959 -0.173236 0.302628 -0.210959 -0.332466 -0.105171 0.210959 -0.079615 -0.203899 0.210959 -0.332466 -0.105171 0.210959 0.079615 0.203899 0.210959 -0.173236 0.302628 " />
													<Normal vector="-0.577349 -0.747795 -0.327799 -0.577349 -0.327799 0.747795 -0.577349 0.747795 0.327799 -0.577349 0.327799 -0.747795 -0.577349 0.327799 -0.747795 -0.577349 0.747795 0.327799 0.577349 0.747795 0.327799 0.577349 0.327799 -0.747795 0.577349 0.327799 -0.747795 0.577349 0.747795 0.327799 0.577349 -0.327799 0.747795 0.577349 -0.747795 -0.327799 0.577349 -0.747795 -0.327799 0.577349 -0.327799 0.747795 -0.577349 -0.327799 0.747795 -0.577349 -0.747795 -0.327799 0.577349 0.327799 -0.747795 0.577349 -0.747795 -0.327799 0.577349 0.747795 0.327799 0.577349 -0.327799 0.747795 " />
													<TextureCoordinate point="0.5414 0.0336 0.9664 0.0336 0.9664 0.4586 0.5414 0.4586 0.5414 0.0336 0.9664 0.0336 0.9664 0.4586 0.5414 0.4586 0.5414 0.0336 0.9664 0.0336 0.9664 0.4586 0.5414 0.4586 0.5414 0.0336 0.9664 0.0336 0.9664 0.4586 0.5414 0.4586 0.9664 0.0336 0.9664 0.4586 0.5414 0.0336 0.5414 0.4586 " />
												</IndexedTriangleSet>
											</Shape>
										</Group>
									</Transform>
									<Transform DEF="Cube_007_TRANSFORM"
									           translation="0.000000 -0.190267 0.086119"
									           scale="1.000000 1.000000 1.000000"
									           rotation="0.000000 1.000000 0.000000 0.000000"
									           >
										<Transform DEF="Cube_007_ifs_TRANSFORM"
										           translation="0.000000 0.000000 0.000000"
										           scale="1.000000 1.000000 1.000000"
										           rotation="0.000000 1.000000 0.000000 0.000000"
										           >
											<Group DEF="group_ME_Cube_009">
												<Shape>
													<Appearance>
														<Material USE="MA_Body" />
													</Appearance>
													<IndexedTriangleSet solid="false"
													                    normalPerVertex="true"
													                    index="0 1 2 0 2 3 4 5 6 4 6 7 8 9 10 8 10 11 12 13 14 12 14 15 4 16 17 4 17 15 18 5 14 18 14 19 "
													                    >
														<Coordinate point="-0.129555 -0.196666 -0.032813 -0.129555 -0.108381 0.167355 -0.129555 0.044142 0.100084 -0.129555 -0.044142 -0.100084 -0.129555 -0.044142 -0.100084 -0.129555 0.044142 0.100084 0.129555 0.044142 0.100084 0.129555 -0.044142 -0.100084 0.129555 -0.044142 -0.100084 0.129555 0.044142 0.100084 0.129555 -0.108381 0.167355 0.129555 -0.196666 -0.032813 0.129555 -0.196666 -0.032813 0.129555 -0.108381 0.167355 -0.129555 -0.108381 0.167355 -0.129555 -0.196666 -0.032813 0.129555 -0.044142 -0.100084 0.129555 -0.196666 -0.032813 0.129555 0.044142 0.100084 0.129555 -0.108381 0.167355 " />
														<Normal vector="-0.577349 -0.761223 -0.295236 -0.577349 -0.295236 0.761223 -0.577349 0.761223 0.295236 -0.577349 0.295236 -0.761223 -0.577349 0.295236 -0.761223 -0.577349 0.761223 0.295236 0.577349 0.761223 0.295236 0.577349 0.295236 -0.761223 0.577349 0.295236 -0.761223 0.577349 0.761223 0.295236 0.577349 -0.295236 0.761223 0.577349 -0.761223 -0.295236 0.577349 -0.761223 -0.295236 0.577349 -0.295236 0.761223 -0.577349 -0.295236 0.761223 -0.577349 -0.761223 -0.295236 0.577349 0.295236 -0.761223 0.577349 -0.761223 -0.295236 0.577349 0.761223 0.295236 0.577349 -0.295236 0.761223 " />
														<TextureCoordinate point="0.5414 0.0336 0.9664 0.0336 0.9664 0.4586 0.5414 0.4586 0.5414 0.0336 0.9664 0.0336 0.9664 0.4586 0.5414 0.4586 0.5414 0.0336 0.9664 0.0336 0.9664 0.4586 0.5414 0.4586 0.5414 0.0336 0.9664 0.0336 0.9664 0.4586 0.5414 0.4586 0.9664 0.0336 0.9664 0.4586 0.5414 0.0336 0.5414 0.4586 " />
													</IndexedTriangleSet>
												</Shape>
											</Group>
										</Transform>
										<Transform DEF="Cube_008_TRANSFORM"
										           translation="0.000000 -0.108652 0.047921"
										           scale="1.000000 1.000000 1.000000"
										           rotation="0.000000 1.000000 0.000000 0.000000"
										           >
											<Transform DEF="Cube_008_ifs_TRANSFORM"
											           translation="0.000000 0.000000 0.000000"
											           scale="1.000000 1.000000 1.000000"
											           rotation="0.000000 1.000000 0.000000 0.000000"
											           >
												<Group DEF="group_ME_Cube_010">
													<Shape>
														<Appearance>
															<Material USE="MA_Body" />
														</Appearance>
														<IndexedTriangleSet solid="false"
														                    normalPerVertex="true"
														                    index="0 1 2 0 2 3 4 5 6 4 6 7 8 9 10 8 10 11 12 13 14 12 14 15 4 16 17 4 17 15 18 5 14 18 14 19 "
														                    >
															<Coordinate point="-0.236512 -0.484283 -0.045766 -0.236512 -0.292758 0.388481 -0.236512 0.095763 0.217123 -0.236512 -0.095763 -0.217123 -0.236512 -0.095763 -0.217123 -0.236512 0.095763 0.217123 0.236512 0.095763 0.217123 0.236512 -0.095763 -0.217123 0.236512 -0.095763 -0.217123 0.236512 0.095763 0.217123 0.236512 -0.292758 0.388481 0.236512 -0.484283 -0.045766 0.236512 -0.484283 -0.045766 0.236512 -0.292758 0.388481 -0.236512 -0.292758 0.388481 -0.236512 -0.484283 -0.045766 0.236512 -0.095763 -0.217123 0.236512 -0.484283 -0.045766 0.236512 0.095763 0.217123 0.236512 -0.292758 0.388481 " />
															<Normal vector="-0.577349 -0.761223 -0.295236 -0.577349 -0.295236 0.761223 -0.577349 0.761223 0.295236 -0.577349 0.295236 -0.761223 -0.577349 0.295236 -0.761223 -0.577349 0.761223 0.295236 0.577349 0.761223 0.295236 0.577349 0.295236 -0.761223 0.577349 0.295236 -0.761223 0.577349 0.761223 0.295236 0.577349 -0.295236 0.761223 0.577349 -0.761223 -0.295236 0.577349 -0.761223 -0.295236 0.577349 -0.295236 0.761223 -0.577349 -0.295236 0.761223 -0.577349 -0.761223 -0.295236 0.577349 0.295236 -0.761223 0.577349 -0.761223 -0.295236 0.577349 0.761223 0.295236 0.577349 -0.295236 0.761223 " />
															<TextureCoordinate point="0.0580 0.0619 0.4342 0.0619 0.4342 0.4381 0.0580 0.4381 0.0580 0.0619 0.4342 0.0619 0.4342 0.4381 0.0580 0.4381 0.0580 0.0619 0.4342 0.0619 0.4342 0.4381 0.0580 0.4381 0.0580 0.0619 0.4342 0.0619 0.4342 0.4381 0.0580 0.4381 0.4342 0.0619 0.4342 0.4381 0.0580 0.0619 0.0580 0.4381 " />
														</IndexedTriangleSet>
													</Shape>
												</Group>
											</Transform>
										</Transform>
									</Transform>
								</Transform>
							</Transform>
							<Transform DEF="orl1_TRANSFORM"
							           translation="0.689616 0.347416 1.261206"
							           scale="1.000000 1.000000 1.000000"
							           rotation="0.000000 1.000000 0.000000 0.000000"
							           >
								<Transform DEF="orl1_ifs_TRANSFORM"
								           translation="0.000000 0.000000 0.000000"
								           scale="1.000000 1.000000 1.000000"
								           rotation="0.000000 1.000000 0.000000 0.000000"
								           >
									<Group DEF="group_ME_orl1">
										<Shape>
											<Appearance>
												<Material USE="MA_Body" />
											</Appearance>
											<IndexedTriangleSet solid="false"
											                    normalPerVertex="true"
											                    index="0 1 2 0 2 3 4 5 6 4 6 7 8 9 10 8 10 11 12 13 14 12 14 15 4 16 17 4 17 15 18 5 14 18 14 19 "
											                    >
												<Coordinate point="0.138749 -0.207510 -0.079018 -0.094600 -0.133791 0.204221 -0.138749 0.207510 0.079018 0.094600 0.133791 -0.204221 0.094600 0.133791 -0.204221 -0.138749 0.207510 0.079018 0.173922 0.330691 0.304554 0.407271 0.256973 0.021316 0.407271 0.256973 0.021316 0.173922 0.330691 0.304554 0.218072 -0.010610 0.429757 0.451420 -0.084328 0.146519 0.451420 -0.084328 0.146519 0.218072 -0.010610 0.429757 -0.094600 -0.133791 0.204221 0.138749 -0.207510 -0.079018 0.407271 0.256973 0.021316 0.451420 -0.084328 0.146519 0.173922 0.330691 0.304554 0.218072 -0.010610 0.429757 " />
												<Normal vector="-0.016480 -0.827479 -0.561205 -0.736351 -0.600085 0.312510 -0.875546 0.476058 -0.082217 -0.155705 0.248634 -0.955992 -0.155705 0.248634 -0.955992 -0.875546 0.476058 -0.082217 0.016480 0.827479 0.561205 0.736351 0.600085 -0.312510 0.736351 0.600085 -0.312510 0.016480 0.827479 0.561205 0.155705 -0.248634 0.955992 0.875546 -0.476058 0.082217 0.875546 -0.476058 0.082217 0.155705 -0.248634 0.955992 -0.736351 -0.600085 0.312510 -0.016480 -0.827479 -0.561205 0.736351 0.600085 -0.312510 0.875546 -0.476058 0.082217 0.016480 0.827479 0.561205 0.155705 -0.248634 0.955992 " />
												<TextureCoordinate point="0.0414 0.5336 0.4664 0.5336 0.4664 0.9586 0.0414 0.9586 0.0414 0.5336 0.4664 0.5336 0.4664 0.9586 0.0414 0.9586 0.0414 0.5336 0.4664 0.5336 0.4664 0.9586 0.0414 0.9586 0.0414 0.5336 0.4664 0.5336 0.4664 0.9586 0.0414 0.9586 0.4664 0.5336 0.4664 0.9586 0.0414 0.5336 0.0414 0.9586 " />
											</IndexedTriangleSet>
										</Shape>
									</Group>
								</Transform>
								<Transform DEF="Cube_017_TRANSFORM"
								           translation="0.308720 0.121684 0.222847"
								           scale="1.000000 1.000000 1.000000"
								           rotation="0.000000 1.000000 0.000000 0.000000"
								           >
									<Transform DEF="Cube_017_ifs_TRANSFORM"
									           translation="0.000000 0.000000 0.000000"
									           scale="1.000000 1.000000 1.000000"
									           rotation="0.000000 1.000000 0.000000 0.000000"
									           >
										<Group DEF="group_ME_Cube_019">
											<Shape>
												<Appearance>
													<Material USE="MA_Body" />
												</Appearance>
												<IndexedTriangleSet solid="false"
												                    normalPerVertex="true"
												                    index="0 1 2 0 2 3 4 5 6 4 6 7 8 9 10 8 10 11 12 13 14 12 14 15 4 16 17 4 17 15 18 5 14 18 14 19 "
												                    >
													<Coordinate point="0.252847 -0.194640 -0.044648 -0.027288 -0.102948 0.304083 -0.252847 0.194640 0.044648 0.027288 0.102948 -0.304083 0.027288 0.102948 -0.304083 -0.252847 0.194640 0.044648 0.027908 0.527709 0.182604 0.308043 0.436017 -0.166127 0.308043 0.436017 -0.166127 0.027908 0.527709 0.182604 0.253466 0.230121 0.442039 0.533601 0.138429 0.093308 0.533601 0.138429 0.093308 0.253466 0.230121 0.442039 -0.027288 -0.102948 0.304083 0.252847 -0.194640 -0.044648 0.308043 0.436017 -0.166127 0.533601 0.138429 0.093308 0.027908 0.527709 0.182604 0.253466 0.230121 0.442039 " />
													<Normal vector="0.285867 -0.914640 -0.285806 -0.422529 -0.682760 0.596026 -0.995331 0.072939 -0.062777 -0.286935 -0.158879 -0.944670 -0.286935 -0.158879 -0.944670 -0.995331 0.072939 -0.062777 -0.285867 0.914640 0.285806 0.422529 0.682760 -0.596026 0.422529 0.682760 -0.596026 -0.285867 0.914640 0.285806 0.286935 0.158879 0.944670 0.995331 -0.072939 0.062777 0.995331 -0.072939 0.062777 0.286935 0.158879 0.944670 -0.422529 -0.682760 0.596026 0.285867 -0.914640 -0.285806 0.422529 0.682760 -0.596026 0.995331 -0.072939 0.062777 -0.285867 0.914640 0.285806 0.286935 0.158879 0.944670 " />
													<TextureCoordinate point="0.5414 0.5414 0.9664 0.5414 0.9664 0.9664 0.5414 0.9664 0.5414 0.5414 0.9664 0.5414 0.9664 0.9664 0.5414 0.9664 0.5414 0.5414 0.9664 0.5414 0.9664 0.9664 0.5414 0.9664 0.5414 0.5414 0.9664 0.5414 0.9664 0.9664 0.5414 0.9664 0.9664 0.5414 0.9664 0.9664 0.5414 0.5414 0.5414 0.9664 " />
												</IndexedTriangleSet>
											</Shape>
										</Group>
									</Transform>
									<Transform DEF="Cube_018_TRANSFORM"
									           translation="0.262829 0.324526 0.143741"
									           scale="1.000000 1.000000 1.000000"
									           rotation="0.000000 1.000000 0.000000 0.000000"
									           >
										<Transform DEF="Cube_018_ifs_TRANSFORM"
										           translation="0.000000 0.000000 0.000000"
										           scale="1.000000 1.000000 1.000000"
										           rotation="0.000000 1.000000 0.000000 0.000000"
										           >
											<Group DEF="group_ME_Cube_020">
												<Shape>
													<Appearance>
														<Material USE="MA_Body" />
													</Appearance>
													<IndexedTriangleSet solid="false"
													                    normalPerVertex="true"
													                    index="0 1 2 0 2 3 4 5 6 4 6 7 8 9 10 8 10 11 12 13 14 12 14 15 4 16 17 4 17 15 18 5 14 18 14 19 "
													                    >
														<Coordinate point="0.456580 -0.124744 -0.030620 0.011304 -0.022643 0.473628 -0.456580 0.124744 0.030620 -0.011304 0.022643 -0.473628 -0.011304 0.022643 -0.473628 -0.456580 0.124744 0.030620 -0.280568 0.762519 0.056910 0.164708 0.660418 -0.447338 0.164708 0.660418 -0.447338 -0.280568 0.762519 0.056910 0.187316 0.615131 0.499918 0.632592 0.513030 -0.004330 0.632592 0.513030 -0.004330 0.187316 0.615131 0.499918 0.011304 -0.022643 0.473628 0.456580 -0.124744 -0.030620 0.164708 0.660418 -0.447338 0.632592 0.513030 -0.004330 -0.280568 0.762519 0.056910 0.187316 0.615131 0.499918 " />
														<Normal vector="0.633015 -0.771477 -0.063814 -0.122593 -0.598193 0.791894 -0.939970 -0.340709 0.017975 -0.184301 -0.513993 -0.837733 -0.184301 -0.513993 -0.837733 -0.939970 -0.340709 0.017975 -0.633015 0.771477 0.063814 0.122593 0.598193 -0.791894 0.122593 0.598193 -0.791894 -0.633015 0.771477 0.063814 0.184301 0.513993 0.837733 0.939970 0.340709 -0.017975 0.939970 0.340709 -0.017975 0.184301 0.513993 0.837733 -0.122593 -0.598193 0.791894 0.633015 -0.771477 -0.063814 0.122593 0.598193 -0.791894 0.939970 0.340709 -0.017975 -0.633015 0.771477 0.063814 0.184301 0.513993 0.837733 " />
														<TextureCoordinate point="0.5453 0.0375 0.9703 0.0375 0.9703 0.4625 0.5453 0.4625 0.5453 0.0375 0.9703 0.0375 0.9703 0.4625 0.5453 0.4625 0.5453 0.0375 0.9703 0.0375 0.9703 0.4625 0.5453 0.4625 0.5453 0.0375 0.9703 0.0375 0.9703 0.4625 0.5453 0.4625 0.9703 0.0375 0.9703 0.4625 0.5453 0.0375 0.5453 0.4625 " />
													</IndexedTriangleSet>
												</Shape>
											</Group>
										</Transform>
									</Transform>
								</Transform>
							</Transform>
							<Transform DEF="orl2_TRANSFORM"
							           translation="-0.689616 0.347416 1.261206"
							           scale="1.000000 1.000000 1.000000"
							           rotation="0.000000 1.000000 0.000000 0.000000"
							           >
								<Transform DEF="orl2_ifs_TRANSFORM"
								           translation="0.000000 0.000000 0.000000"
								           scale="1.000000 1.000000 1.000000"
								           rotation="0.000000 1.000000 0.000000 0.000000"
								           >
									<Group DEF="group_ME_orl2">
										<Shape>
											<Appearance>
												<Material USE="MA_Body" />
											</Appearance>
											<IndexedTriangleSet solid="false"
											                    normalPerVertex="true"
											                    index="0 1 2 0 2 3 4 5 6 4 6 7 8 9 10 8 10 11 12 13 14 12 14 15 4 13 16 4 16 17 18 19 14 18 14 7 "
											                    >
												<Coordinate point="-0.138749 -0.207510 -0.079018 -0.094600 0.133791 -0.204221 0.138749 0.207510 0.079018 0.094600 -0.133791 0.204221 -0.094600 0.133791 -0.204221 -0.407271 0.256973 0.021316 -0.173922 0.330691 0.304554 0.138749 0.207510 0.079018 -0.407271 0.256973 0.021316 -0.451420 -0.084328 0.146519 -0.218072 -0.010610 0.429757 -0.173922 0.330691 0.304554 -0.451420 -0.084328 0.146519 -0.138749 -0.207510 -0.079018 0.094600 -0.133791 0.204221 -0.218072 -0.010610 0.429757 -0.451420 -0.084328 0.146519 -0.407271 0.256973 0.021316 -0.173922 0.330691 0.304554 -0.218072 -0.010610 0.429757 " />
												<Normal vector="0.016480 -0.827479 -0.561205 0.155705 0.248634 -0.955992 0.875546 0.476058 -0.082217 0.736351 -0.600085 0.312510 0.155705 0.248634 -0.955992 -0.736351 0.600085 -0.312510 -0.016480 0.827479 0.561205 0.875546 0.476058 -0.082217 -0.736351 0.600085 -0.312510 -0.875546 -0.476058 0.082217 -0.155705 -0.248634 0.955992 -0.016480 0.827479 0.561205 -0.875546 -0.476058 0.082217 0.016480 -0.827479 -0.561205 0.736351 -0.600085 0.312510 -0.155705 -0.248634 0.955992 -0.875546 -0.476058 0.082217 -0.736351 0.600085 -0.312510 -0.016480 0.827479 0.561205 -0.155705 -0.248634 0.955992 " />
												<TextureCoordinate point="0.0414 0.5336 0.0414 0.9586 0.4664 0.9586 0.4664 0.5336 0.0414 0.5336 0.0414 0.9586 0.4664 0.9586 0.4664 0.5336 0.0414 0.5336 0.0414 0.9586 0.4664 0.9586 0.4664 0.5336 0.0414 0.5336 0.0414 0.9586 0.4664 0.9586 0.4664 0.5336 0.4664 0.9586 0.4664 0.5336 0.0414 0.5336 0.0414 0.9586 " />
											</IndexedTriangleSet>
										</Shape>
									</Group>
								</Transform>
								<Transform DEF="Cube_003_TRANSFORM"
								           translation="-0.308720 0.121684 0.222847"
								           scale="1.000000 1.000000 1.000000"
								           rotation="0.000000 1.000000 0.000000 0.000000"
								           >
									<Transform DEF="Cube_003_ifs_TRANSFORM"
									           translation="0.000000 0.000000 0.000000"
									           scale="1.000000 1.000000 1.000000"
									           rotation="0.000000 1.000000 0.000000 0.000000"
									           >
										<Group DEF="group_ME_Cube_003">
											<Shape>
												<Appearance>
													<Material USE="MA_Body" />
												</Appearance>
												<IndexedTriangleSet solid="false"
												                    normalPerVertex="true"
												                    index="0 1 2 0 2 3 4 5 6 4 6 7 8 9 10 8 10 11 12 13 14 12 14 15 4 13 16 4 16 17 18 19 14 18 14 7 "
												                    >
													<Coordinate point="-0.252847 -0.194640 -0.044648 -0.027288 0.102948 -0.304083 0.252847 0.194640 0.044648 0.027288 -0.102948 0.304083 -0.027288 0.102948 -0.304083 -0.308043 0.436017 -0.166127 -0.027908 0.527709 0.182604 0.252847 0.194640 0.044648 -0.308043 0.436017 -0.166127 -0.533601 0.138429 0.093308 -0.253466 0.230121 0.442039 -0.027908 0.527709 0.182604 -0.533601 0.138429 0.093308 -0.252847 -0.194640 -0.044648 0.027288 -0.102948 0.304083 -0.253466 0.230121 0.442039 -0.533601 0.138429 0.093308 -0.308043 0.436017 -0.166127 -0.027908 0.527709 0.182604 -0.253466 0.230121 0.442039 " />
													<Normal vector="-0.285867 -0.914640 -0.285806 0.286935 -0.158879 -0.944670 0.995331 0.072939 -0.062777 0.422529 -0.682760 0.596026 0.286935 -0.158879 -0.944670 -0.422529 0.682760 -0.596026 0.285867 0.914640 0.285806 0.995331 0.072939 -0.062777 -0.422529 0.682760 -0.596026 -0.995331 -0.072939 0.062777 -0.286935 0.158879 0.944670 0.285867 0.914640 0.285806 -0.995331 -0.072939 0.062777 -0.285867 -0.914640 -0.285806 0.422529 -0.682760 0.596026 -0.286935 0.158879 0.944670 -0.995331 -0.072939 0.062777 -0.422529 0.682760 -0.596026 0.285867 0.914640 0.285806 -0.286935 0.158879 0.944670 " />
													<TextureCoordinate point="0.5414 0.5414 0.5414 0.9664 0.9664 0.9664 0.9664 0.5414 0.5414 0.5414 0.5414 0.9664 0.9664 0.9664 0.9664 0.5414 0.5414 0.5414 0.5414 0.9664 0.9664 0.9664 0.9664 0.5414 0.5414 0.5414 0.5414 0.9664 0.9664 0.9664 0.9664 0.5414 0.9664 0.9664 0.9664 0.5414 0.5414 0.5414 0.5414 0.9664 " />
												</IndexedTriangleSet>
											</Shape>
										</Group>
									</Transform>
									<Transform DEF="Cube_004_TRANSFORM"
									           translation="-0.262829 0.324526 0.143741"
									           scale="1.000000 1.000000 1.000000"
									           rotation="0.000000 1.000000 0.000000 0.000000"
									           >
										<Transform DEF="Cube_004_ifs_TRANSFORM"
										           translation="0.000000 0.000000 0.000000"
										           scale="1.000000 1.000000 1.000000"
										           rotation="0.000000 1.000000 0.000000 0.000000"
										           >
											<Group DEF="group_ME_Cube_004">
												<Shape>
													<Appearance>
														<Material USE="MA_Body" />
													</Appearance>
													<IndexedTriangleSet solid="false"
													                    normalPerVertex="true"
													                    index="0 1 2 0 2 3 4 5 6 4 6 7 8 9 10 8 10 11 12 13 14 12 14 15 4 13 16 4 16 17 18 19 14 18 14 7 "
													                    >
														<Coordinate point="-0.456580 -0.124744 -0.030620 0.011304 0.022643 -0.473628 0.456580 0.124744 0.030620 -0.011304 -0.022643 0.473628 0.011304 0.022643 -0.473628 -0.164708 0.660418 -0.447338 0.280568 0.762519 0.056910 0.456580 0.124744 0.030620 -0.164708 0.660418 -0.447338 -0.632592 0.513030 -0.004330 -0.187316 0.615131 0.499918 0.280568 0.762519 0.056910 -0.632592 0.513030 -0.004330 -0.456580 -0.124744 -0.030620 -0.011304 -0.022643 0.473628 -0.187316 0.615131 0.499918 -0.632592 0.513030 -0.004330 -0.164708 0.660418 -0.447338 0.280568 0.762519 0.056910 -0.187316 0.615131 0.499918 " />
														<Normal vector="-0.633015 -0.771477 -0.063814 0.184301 -0.513993 -0.837733 0.939970 -0.340709 0.017975 0.122593 -0.598193 0.791894 0.184301 -0.513993 -0.837733 -0.122593 0.598193 -0.791894 0.633015 0.771477 0.063814 0.939970 -0.340709 0.017975 -0.122593 0.598193 -0.791894 -0.939970 0.340709 -0.017975 -0.184301 0.513993 0.837733 0.633015 0.771477 0.063814 -0.939970 0.340709 -0.017975 -0.633015 -0.771477 -0.063814 0.122593 -0.598193 0.791894 -0.184301 0.513993 0.837733 -0.939970 0.340709 -0.017975 -0.122593 0.598193 -0.791894 0.633015 0.771477 0.063814 -0.184301 0.513993 0.837733 " />
														<TextureCoordinate point="0.5453 0.0375 0.5453 0.4625 0.9703 0.4625 0.9703 0.0375 0.5453 0.0375 0.5453 0.4625 0.9703 0.4625 0.9703 0.0375 0.5453 0.0375 0.5453 0.4625 0.9703 0.4625 0.9703 0.0375 0.5453 0.0375 0.5453 0.4625 0.9703 0.4625 0.9703 0.0375 0.9703 0.4625 0.9703 0.0375 0.5453 0.0375 0.5453 0.4625 " />
													</IndexedTriangleSet>
												</Shape>
											</Group>
										</Transform>
									</Transform>
								</Transform>
							</Transform>
						</Transform>
					</Transform>
					<Transform DEF="arm1_TRANSFORM"
					           translation="0.263162 -0.134522 0.922849"
					           scale="1.000000 1.000000 1.000000"
					           rotation="0.000000 1.000000 0.000000 0.000000"
					           >
						<Transform DEF="arm1_ifs_TRANSFORM"
						           translation="0.000000 0.000000 0.000000"
						           scale="1.000000 1.000000 1.000000"
						           rotation="0.000000 1.000000 0.000000 0.000000"
						           >
							<Group DEF="group_ME_arm1">
								<Shape>
									<Appearance>
										<Material USE="MA_Body" />
									</Appearance>
									<IndexedTriangleSet solid="false"
									                    normalPerVertex="true"
									                    index="0 1 2 0 2 3 4 5 6 4 6 7 8 9 10 8 10 11 12 13 14 12 14 15 4 16 17 4 17 15 18 5 14 18 14 19 "
									                    >
										<Coordinate point="-0.122537 -0.201856 -0.113482 -0.122537 -0.201856 0.113482 0.122537 0.201856 0.113482 0.122537 0.201856 -0.113482 0.122537 0.201856 -0.113482 0.122537 0.201856 0.113482 1.144797 -0.418705 0.113482 1.144797 -0.418705 -0.113482 1.144797 -0.418705 -0.113482 1.144797 -0.418705 0.113482 0.899724 -0.822418 0.113482 0.899724 -0.822418 -0.113482 0.899724 -0.822418 -0.113482 0.899724 -0.822418 0.113482 -0.122537 -0.201856 0.113482 -0.122537 -0.201856 -0.113482 1.144797 -0.418705 -0.113482 0.899724 -0.822418 -0.113482 1.144797 -0.418705 0.113482 0.899724 -0.822418 0.113482 " />
										<Normal vector="-0.793115 -0.193915 -0.577349 -0.793115 -0.193915 0.577349 -0.193915 0.793115 0.577349 -0.193915 0.793115 -0.577349 -0.193915 0.793115 -0.577349 -0.193915 0.793115 0.577349 0.793115 0.193915 0.577349 0.793115 0.193915 -0.577349 0.793115 0.193915 -0.577349 0.793115 0.193915 0.577349 0.193915 -0.793115 0.577349 0.193915 -0.793115 -0.577349 0.193915 -0.793115 -0.577349 0.193915 -0.793115 0.577349 -0.793115 -0.193915 0.577349 -0.793115 -0.193915 -0.577349 0.793115 0.193915 -0.577349 0.193915 -0.793115 -0.577349 0.793115 0.193915 0.577349 0.193915 -0.793115 0.577349 " />
										<TextureCoordinate point="0.0414 0.5336 0.4664 0.5336 0.4664 0.9586 0.0414 0.9586 0.0414 0.5336 0.4664 0.5336 0.4664 0.9586 0.0414 0.9586 0.0414 0.5336 0.4664 0.5336 0.4664 0.9586 0.0414 0.9586 0.0414 0.5336 0.4664 0.5336 0.4664 0.9586 0.0414 0.9586 0.4664 0.5336 0.4664 0.9586 0.0414 0.5336 0.0414 0.9586 " />
									</IndexedTriangleSet>
								</Shape>
							</Group>
						</Transform>
						<Transform DEF="arm1_1_TRANSFORM"
						           translation="0.947994 -0.558958 -0.000000"
						           scale="1.000000 1.000000 1.000000"
						           rotation="0.000000 1.000000 0.000000 0.000000"
						           >
							<Transform DEF="arm1_1_ifs_TRANSFORM"
							           translation="0.000000 0.000000 0.000000"
							           scale="1.000000 1.000000 1.000000"
							           rotation="0.000000 1.000000 0.000000 0.000000"
							           >
								<Group DEF="group_ME_arm1_1">
									<Shape>
										<Appearance>
											<Material USE="MA_Body" />
										</Appearance>
										<IndexedTriangleSet solid="false"
										                    normalPerVertex="true"
										                    index="0 1 2 0 2 3 4 5 6 4 6 7 8 9 10 8 10 11 12 13 14 12 14 15 4 16 17 4 17 15 18 5 14 18 14 19 "
										                    >
											<Coordinate point="-0.190315 -0.298184 -0.132064 -0.190315 -0.298184 0.132064 0.190315 0.298184 0.132064 0.190315 0.298184 -0.132064 0.190315 0.298184 -0.132064 0.190315 0.298184 0.132064 0.933083 -0.175886 0.132064 0.933083 -0.175886 -0.132064 0.933083 -0.175886 -0.132064 0.933083 -0.175886 0.132064 0.552453 -0.772254 0.132064 0.552453 -0.772254 -0.132064 0.552453 -0.772254 -0.132064 0.552453 -0.772254 0.132064 -0.190315 -0.298184 0.132064 -0.190315 -0.298184 -0.132064 0.933083 -0.175886 -0.132064 0.552453 -0.772254 -0.132064 0.933083 -0.175886 0.132064 0.552453 -0.772254 0.132064 " />
											<Normal vector="-0.797266 -0.176031 -0.577349 -0.797266 -0.176031 0.577349 -0.176031 0.797266 0.577349 -0.176031 0.797266 -0.577349 -0.176031 0.797266 -0.577349 -0.176031 0.797266 0.577349 0.797266 0.176031 0.577349 0.797266 0.176031 -0.577349 0.797266 0.176031 -0.577349 0.797266 0.176031 0.577349 0.176031 -0.797266 0.577349 0.176031 -0.797266 -0.577349 0.176031 -0.797266 -0.577349 0.176031 -0.797266 0.577349 -0.797266 -0.176031 0.577349 -0.797266 -0.176031 -0.577349 0.797266 0.176031 -0.577349 0.176031 -0.797266 -0.577349 0.797266 0.176031 0.577349 0.176031 -0.797266 0.577349 " />
											<TextureCoordinate point="0.0414 0.5336 0.4664 0.5336 0.4664 0.9586 0.0414 0.9586 0.0414 0.5336 0.4664 0.5336 0.4664 0.9586 0.0414 0.9586 0.0414 0.5336 0.4664 0.5336 0.4664 0.9586 0.0414 0.9586 0.0414 0.5336 0.4664 0.5336 0.4664 0.9586 0.0414 0.9586 0.4664 0.5336 0.4664 0.9586 0.0414 0.5336 0.0414 0.9586 " />
										</IndexedTriangleSet>
									</Shape>
								</Group>
							</Transform>
							<Transform DEF="hand1_TRANSFORM"
							           translation="0.724356 -0.462319 0.000000"
							           scale="1.000000 1.000000 1.000000"
							           rotation="0.000000 1.000000 0.000000 0.000000"
							           >
								<Transform DEF="hand1_ifs_TRANSFORM"
								           translation="0.000000 0.000000 0.000000"
								           scale="1.000000 1.000000 1.000000"
								           rotation="0.000000 1.000000 0.000000 0.000000"
								           >
									<Group DEF="group_ME_hand1">
										<Shape>
											<Appearance>
												<Material USE="MA_Body" />
											</Appearance>
											<IndexedTriangleSet solid="false"
											                    normalPerVertex="true"
											                    index="0 1 2 0 2 3 4 5 6 4 6 7 8 9 10 8 10 11 12 13 14 12 14 15 4 16 17 4 17 15 18 5 14 18 14 19 "
											                    >
												<Coordinate point="-0.208750 -0.327067 -0.118243 -0.208750 -0.327067 0.118243 0.208750 0.327067 0.118243 0.208750 0.327067 -0.118243 0.208750 0.327067 -0.118243 0.208750 0.327067 0.118243 0.910254 -0.120667 0.118243 0.910254 -0.120667 -0.118243 0.910254 -0.120667 -0.118243 0.910254 -0.120667 0.118243 0.492755 -0.774800 0.118243 0.492755 -0.774800 -0.118243 0.492755 -0.774800 -0.118243 0.492755 -0.774800 0.118243 -0.208750 -0.327067 0.118243 -0.208750 -0.327067 -0.118243 0.910254 -0.120667 -0.118243 0.492755 -0.774800 -0.118243 0.910254 -0.120667 0.118243 0.492755 -0.774800 0.118243 " />
												<Normal vector="-0.797266 -0.176031 -0.577349 -0.797266 -0.176031 0.577349 -0.176031 0.797266 0.577349 -0.176031 0.797266 -0.577349 -0.176031 0.797266 -0.577349 -0.176031 0.797266 0.577349 0.797266 0.176031 0.577349 0.797266 0.176031 -0.577349 0.797266 0.176031 -0.577349 0.797266 0.176031 0.577349 0.176031 -0.797266 0.577349 0.176031 -0.797266 -0.577349 0.176031 -0.797266 -0.577349 0.176031 -0.797266 0.577349 -0.797266 -0.176031 0.577349 -0.797266 -0.176031 -0.577349 0.797266 0.176031 -0.577349 0.176031 -0.797266 -0.577349 0.797266 0.176031 0.577349 0.176031 -0.797266 0.577349 " />
												<TextureCoordinate point="0.5453 0.0375 0.9703 0.0375 0.9703 0.4625 0.5453 0.4625 0.5453 0.0375 0.9703 0.0375 0.9703 0.4625 0.5453 0.4625 0.5453 0.0375 0.9703 0.0375 0.9703 0.4625 0.5453 0.4625 0.5453 0.0375 0.9703 0.0375 0.9703 0.4625 0.5453 0.4625 0.9703 0.0375 0.9703 0.4625 0.5453 0.0375 0.5453 0.4625 " />
											</IndexedTriangleSet>
										</Shape>
									</Group>
								</Transform>
							</Transform>
						</Transform>
					</Transform>
					<Transform DEF="Plane_001_TRANSFORM"
					           translation="0.000000 0.459488 0.824531"
					           scale="1.000000 1.000000 1.000000"
					           rotation="0.000000 1.000000 0.000000 0.000000"
					           >
						<Transform DEF="Plane_001_ifs_TRANSFORM"
						           translation="0.000000 0.000000 0.000000"
						           scale="1.000000 1.000000 1.000000"
						           rotation="0.000000 1.000000 0.000000 0.000000"
						           >
							<Group DEF="group_ME_Plane_001">
								<Shape>
									<Appearance>
										<Material USE="MA_Body" />
									</Appearance>
									<IndexedTriangleSet solid="false"
									                    normalPerVertex="true"
									                    index="0 1 2 0 2 3 "
									                    >
										<Coordinate point="0.433708 0.612154 -0.652800 -0.433710 0.612153 -0.652799 -0.433709 -0.000000 0.000000 0.433709 0.000000 -0.000000 " />
										<Normal vector="0.000000 0.729423 0.684011 0.000000 0.729423 0.684011 0.000000 0.729423 0.684011 0.000000 0.729423 0.684011 " />
										<TextureCoordinate point="0.5453 0.0375 0.9703 0.0375 0.9703 0.4625 0.5453 0.4625 " />
									</IndexedTriangleSet>
								</Shape>
							</Group>
						</Transform>
						<Transform DEF="Plane_TRANSFORM"
						           translation="0.180584 -0.614119 -0.009067"
						           scale="1.000000 1.000000 1.000000"
						           rotation="0.000000 1.000000 0.000000 0.000000"
						           >
							<Transform DEF="Plane_ifs_TRANSFORM"
							           translation="0.000000 0.000000 0.000000"
							           scale="1.000000 1.000000 1.000000"
							           rotation="0.000000 1.000000 0.000000 0.000000"
							           >
								<Group DEF="group_ME_Plane">
									<Shape>
										<Appearance>
											<Material USE="MA_Body" />
										</Appearance>
										<IndexedTriangleSet solid="false"
										                    normalPerVertex="true"
										                    index="0 1 2 0 2 3 "
										                    >
											<Coordinate point="0.143046 -1.063667 -0.635411 0.969468 -0.442556 -0.647975 0.413211 0.310555 -0.006282 -0.413211 -0.310555 0.006282 " />
											<Normal vector="0.347667 -0.445936 0.824763 0.347667 -0.445936 0.824763 0.347667 -0.445936 0.824763 0.347667 -0.445936 0.824763 " />
											<TextureCoordinate point="0.5453 0.0375 0.9703 0.0375 0.9703 0.4625 0.5453 0.4625 " />
										</IndexedTriangleSet>
									</Shape>
								</Group>
							</Transform>
						</Transform>
						<Transform DEF="Plane_002_TRANSFORM"
						           translation="0.180584 -0.321630 -0.009067"
						           scale="1.000000 1.000000 1.000000"
						           rotation="0.000000 1.000000 0.000000 0.000000"
						           >
							<Transform DEF="Plane_002_ifs_TRANSFORM"
							           translation="0.000000 0.000000 0.000000"
							           scale="1.000000 1.000000 1.000000"
							           rotation="0.000000 1.000000 0.000000 0.000000"
							           >
								<Group DEF="group_ME_Plane_002">
									<Shape>
										<Appearance>
											<Material USE="MA_Body" />
										</Appearance>
										<IndexedTriangleSet solid="false"
										                    normalPerVertex="true"
										                    index="0 1 2 0 2 3 "
										                    >
											<Coordinate point="0.988485 -0.249076 -0.592949 0.689643 0.740593 -0.605513 -0.149421 0.494835 -0.006282 0.149421 -0.494835 0.006282 " />
											<Normal vector="0.538316 0.173009 0.824763 0.538316 0.173009 0.824763 0.538316 0.173009 0.824763 0.538316 0.173009 0.824763 " />
											<TextureCoordinate point="0.5453 0.0375 0.9703 0.0375 0.9703 0.4625 0.5453 0.4625 " />
										</IndexedTriangleSet>
									</Shape>
								</Group>
							</Transform>
						</Transform>
						<Transform DEF="Plane_009_TRANSFORM"
						           translation="-0.180584 -0.614119 -0.009067"
						           scale="1.000000 1.000000 1.000000"
						           rotation="0.000000 1.000000 0.000000 0.000000"
						           >
							<Transform DEF="Plane_009_ifs_TRANSFORM"
							           translation="0.000000 0.000000 0.000000"
							           scale="1.000000 1.000000 1.000000"
							           rotation="0.000000 1.000000 0.000000 0.000000"
							           >
								<Group DEF="group_ME_Plane_003">
									<Shape>
										<Appearance>
											<Material USE="MA_Body" />
										</Appearance>
										<IndexedTriangleSet solid="false"
										                    normalPerVertex="true"
										                    index="0 1 2 0 2 3 "
										                    >
											<Coordinate point="-0.143046 -1.063667 -0.635411 0.413211 -0.310555 0.006282 -0.413211 0.310555 -0.006282 -0.969468 -0.442556 -0.647975 " />
											<Normal vector="-0.347667 -0.445936 0.824763 -0.347667 -0.445936 0.824763 -0.347667 -0.445936 0.824763 -0.347667 -0.445936 0.824763 " />
											<TextureCoordinate point="0.5453 0.0375 0.5453 0.4625 0.9703 0.4625 0.9703 0.0375 " />
										</IndexedTriangleSet>
									</Shape>
								</Group>
							</Transform>
						</Transform>
						<Transform DEF="Plane_010_TRANSFORM"
						           translation="-0.180584 -0.321630 -0.009067"
						           scale="1.000000 1.000000 1.000000"
						           rotation="0.000000 1.000000 0.000000 0.000000"
						           >
							<Transform DEF="Plane_010_ifs_TRANSFORM"
							           translation="0.000000 0.000000 0.000000"
							           scale="1.000000 1.000000 1.000000"
							           rotation="0.000000 1.000000 0.000000 0.000000"
							           >
								<Group DEF="group_ME_Plane_004">
									<Shape>
										<Appearance>
											<Material USE="MA_Body" />
										</Appearance>
										<IndexedTriangleSet solid="false"
										                    normalPerVertex="true"
										                    index="0 1 2 0 2 3 "
										                    >
											<Coordinate point="-0.988485 -0.249076 -0.592949 -0.149421 -0.494835 0.006282 0.149421 0.494835 -0.006282 -0.689643 0.740593 -0.605513 " />
											<Normal vector="-0.538316 0.173009 0.824763 -0.538316 0.173009 0.824763 -0.538316 0.173009 0.824763 -0.538316 0.173009 0.824763 " />
											<TextureCoordinate point="0.5453 0.0375 0.5453 0.4625 0.9703 0.4625 0.9703 0.0375 " />
										</IndexedTriangleSet>
									</Shape>
								</Group>
							</Transform>
						</Transform>
					</Transform>
					<Transform DEF="arm2_TRANSFORM"
					           translation="-0.263162 -0.134522 0.922849"
					           scale="1.000000 1.000000 1.000000"
					           rotation="0.000000 1.000000 0.000000 0.000000"
					           >
						<Transform DEF="arm2_ifs_TRANSFORM"
						           translation="0.000000 0.000000 0.000000"
						           scale="1.000000 1.000000 1.000000"
						           rotation="0.000000 1.000000 0.000000 0.000000"
						           >
							<Group DEF="group_ME_arm2">
								<Shape>
									<Appearance>
										<Material USE="MA_Body" />
									</Appearance>
									<IndexedTriangleSet solid="false"
									                    normalPerVertex="true"
									                    index="0 1 2 0 2 3 4 5 6 4 6 7 8 9 10 8 10 11 12 13 14 12 14 15 4 13 16 4 16 17 18 19 14 18 14 7 "
									                    >
										<Coordinate point="0.122537 -0.201856 -0.113482 -0.122537 0.201856 -0.113482 -0.122537 0.201856 0.113482 0.122537 -0.201856 0.113482 -0.122537 0.201856 -0.113482 -1.144797 -0.418705 -0.113482 -1.144797 -0.418705 0.113482 -0.122537 0.201856 0.113482 -1.144797 -0.418705 -0.113482 -0.899724 -0.822418 -0.113482 -0.899724 -0.822418 0.113482 -1.144797 -0.418705 0.113482 -0.899724 -0.822418 -0.113482 0.122537 -0.201856 -0.113482 0.122537 -0.201856 0.113482 -0.899724 -0.822418 0.113482 -0.899724 -0.822418 -0.113482 -1.144797 -0.418705 -0.113482 -1.144797 -0.418705 0.113482 -0.899724 -0.822418 0.113482 " />
										<Normal vector="0.793115 -0.193915 -0.577349 0.193915 0.793115 -0.577349 0.193915 0.793115 0.577349 0.793115 -0.193915 0.577349 0.193915 0.793115 -0.577349 -0.793115 0.193915 -0.577349 -0.793115 0.193915 0.577349 0.193915 0.793115 0.577349 -0.793115 0.193915 -0.577349 -0.193915 -0.793115 -0.577349 -0.193915 -0.793115 0.577349 -0.793115 0.193915 0.577349 -0.193915 -0.793115 -0.577349 0.793115 -0.193915 -0.577349 0.793115 -0.193915 0.577349 -0.193915 -0.793115 0.577349 -0.193915 -0.793115 -0.577349 -0.793115 0.193915 -0.577349 -0.793115 0.193915 0.577349 -0.193915 -0.793115 0.577349 " />
										<TextureCoordinate point="0.0414 0.5336 0.0414 0.9586 0.4664 0.9586 0.4664 0.5336 0.0414 0.5336 0.0414 0.9586 0.4664 0.9586 0.4664 0.5336 0.0414 0.5336 0.0414 0.9586 0.4664 0.9586 0.4664 0.5336 0.0414 0.5336 0.0414 0.9586 0.4664 0.9586 0.4664 0.5336 0.4664 0.9586 0.4664 0.5336 0.0414 0.5336 0.0414 0.9586 " />
									</IndexedTriangleSet>
								</Shape>
							</Group>
						</Transform>
						<Transform DEF="arm2_1_TRANSFORM"
						           translation="-0.947994 -0.558958 -0.000000"
						           scale="1.000000 1.000000 1.000000"
						           rotation="0.000000 1.000000 0.000000 0.000000"
						           >
							<Transform DEF="arm2_1_ifs_TRANSFORM"
							           translation="0.000000 0.000000 0.000000"
							           scale="1.000000 1.000000 1.000000"
							           rotation="0.000000 1.000000 0.000000 0.000000"
							           >
								<Group DEF="group_ME_arm2_1">
									<Shape>
										<Appearance>
											<Material USE="MA_Body" />
										</Appearance>
										<IndexedTriangleSet solid="false"
										                    normalPerVertex="true"
										                    index="0 1 2 0 2 3 4 5 6 4 6 7 8 9 10 8 10 11 12 13 14 12 14 15 4 13 16 4 16 17 18 19 14 18 14 7 "
										                    >
											<Coordinate point="0.190315 -0.298184 -0.132064 -0.190315 0.298184 -0.132063 -0.190315 0.298184 0.132064 0.190315 -0.298184 0.132063 -0.190315 0.298184 -0.132063 -0.933083 -0.175886 -0.132064 -0.933083 -0.175886 0.132064 -0.190315 0.298184 0.132064 -0.933083 -0.175886 -0.132064 -0.552453 -0.772254 -0.132064 -0.552453 -0.772254 0.132063 -0.933083 -0.175886 0.132064 -0.552453 -0.772254 -0.132064 0.190315 -0.298184 -0.132064 0.190315 -0.298184 0.132063 -0.552453 -0.772254 0.132063 -0.552453 -0.772254 -0.132064 -0.933083 -0.175886 -0.132064 -0.933083 -0.175886 0.132064 -0.552453 -0.772254 0.132063 " />
											<Normal vector="0.797266 -0.176031 -0.577349 0.176031 0.797266 -0.577349 0.176031 0.797266 0.577349 0.797266 -0.176031 0.577349 0.176031 0.797266 -0.577349 -0.797266 0.176031 -0.577349 -0.797266 0.176031 0.577349 0.176031 0.797266 0.577349 -0.797266 0.176031 -0.577349 -0.176031 -0.797266 -0.577349 -0.176031 -0.797266 0.577349 -0.797266 0.176031 0.577349 -0.176031 -0.797266 -0.577349 0.797266 -0.176031 -0.577349 0.797266 -0.176031 0.577349 -0.176031 -0.797266 0.577349 -0.176031 -0.797266 -0.577349 -0.797266 0.176031 -0.577349 -0.797266 0.176031 0.577349 -0.176031 -0.797266 0.577349 " />
											<TextureCoordinate point="0.0414 0.5336 0.0414 0.9586 0.4664 0.9586 0.4664 0.5336 0.0414 0.5336 0.0414 0.9586 0.4664 0.9586 0.4664 0.5336 0.0414 0.5336 0.0414 0.9586 0.4664 0.9586 0.4664 0.5336 0.0414 0.5336 0.0414 0.9586 0.4664 0.9586 0.4664 0.5336 0.4664 0.9586 0.4664 0.5336 0.0414 0.5336 0.0414 0.9586 " />
										</IndexedTriangleSet>
									</Shape>
								</Group>
							</Transform>
							<Transform DEF="hand2_TRANSFORM"
							           translation="-0.724356 -0.462319 0.000000"
							           scale="1.000000 1.000000 1.000000"
							           rotation="0.000000 1.000000 0.000000 0.000000"
							           >
								<Transform DEF="hand2_ifs_TRANSFORM"
								           translation="0.000000 0.000000 0.000000"
								           scale="1.000000 1.000000 1.000000"
								           rotation="0.000000 1.000000 0.000000 0.000000"
								           >
									<Group DEF="group_ME_hand2">
										<Shape>
											<Appearance>
												<Material USE="MA_Body" />
											</Appearance>
											<IndexedTriangleSet solid="false"
											                    normalPerVertex="true"
											                    index="0 1 2 0 2 3 4 5 6 4 6 7 8 9 10 8 10 11 12 13 14 12 14 15 4 13 16 4 16 17 18 19 14 18 14 7 "
											                    >
												<Coordinate point="0.208750 -0.327067 -0.118243 -0.208750 0.327067 -0.118243 -0.208750 0.327067 0.118243 0.208750 -0.327067 0.118243 -0.208750 0.327067 -0.118243 -0.910254 -0.120667 -0.118243 -0.910254 -0.120667 0.118243 -0.208750 0.327067 0.118243 -0.910254 -0.120667 -0.118243 -0.492755 -0.774800 -0.118243 -0.492755 -0.774800 0.118243 -0.910254 -0.120667 0.118243 -0.492755 -0.774800 -0.118243 0.208750 -0.327067 -0.118243 0.208750 -0.327067 0.118243 -0.492755 -0.774800 0.118243 -0.492755 -0.774800 -0.118243 -0.910254 -0.120667 -0.118243 -0.910254 -0.120667 0.118243 -0.492755 -0.774800 0.118243 " />
												<Normal vector="0.797266 -0.176031 -0.577349 0.176031 0.797266 -0.577349 0.176031 0.797266 0.577349 0.797266 -0.176031 0.577349 0.176031 0.797266 -0.577349 -0.797266 0.176031 -0.577349 -0.797266 0.176031 0.577349 0.176031 0.797266 0.577349 -0.797266 0.176031 -0.577349 -0.176031 -0.797266 -0.577349 -0.176031 -0.797266 0.577349 -0.797266 0.176031 0.577349 -0.176031 -0.797266 -0.577349 0.797266 -0.176031 -0.577349 0.797266 -0.176031 0.577349 -0.176031 -0.797266 0.577349 -0.176031 -0.797266 -0.577349 -0.797266 0.176031 -0.577349 -0.797266 0.176031 0.577349 -0.176031 -0.797266 0.577349 " />
												<TextureCoordinate point="0.5453 0.0375 0.5453 0.4625 0.9703 0.4625 0.9703 0.0375 0.5453 0.0375 0.5453 0.4625 0.9703 0.4625 0.9703 0.0375 0.5453 0.0375 0.5453 0.4625 0.9703 0.4625 0.9703 0.0375 0.5453 0.0375 0.5453 0.4625 0.9703 0.4625 0.9703 0.0375 0.9703 0.4625 0.9703 0.0375 0.5453 0.0375 0.5453 0.4625 " />
											</IndexedTriangleSet>
										</Shape>
									</Group>
								</Transform>
							</Transform>
						</Transform>
					</Transform>
				</Transform>
				<Transform DEF="Object_001_TRANSFORM"
				           translation="0.000000 0.004563 0.964259"
				           scale="1.000000 1.000000 1.000000"
				           rotation="0.000000 1.000000 0.000000 0.000000"
				           >
					<Transform DEF="Object_001_ifs_TRANSFORM"
					           translation="0.000000 0.000000 0.000000"
					           scale="1.000000 1.000000 1.000000"
					           rotation="0.000000 1.000000 0.000000 0.000000"
					           >
						<Group DEF="group_ME_Cube_024">
							<Shape>
								<Appearance>
									<Material USE="MA_Body" />
								</Appearance>
								<IndexedTriangleSet solid="false"
								                    normalPerVertex="true"
								                    index="0 1 2 0 2 3 4 5 6 4 6 7 8 9 10 8 10 11 12 13 14 12 14 15 4 16 17 4 17 15 18 5 14 18 14 19 "
								                    >
									<Coordinate point="-0.641412 0.624643 -0.002415 -0.641412 0.623061 -0.411577 -0.641412 -0.626225 -0.406746 -0.641412 -0.624643 0.002415 -0.641412 -0.624643 0.002415 -0.641412 -0.626225 -0.406746 0.641412 -0.626225 -0.406746 0.641412 -0.624643 0.002415 0.641412 -0.624643 0.002415 0.641412 -0.626225 -0.406746 0.641412 0.623061 -0.411577 0.641412 0.624643 -0.002415 0.641412 0.624643 -0.002415 0.641412 0.623061 -0.411577 -0.641412 0.623061 -0.411577 -0.641412 0.624643 -0.002415 0.641412 -0.624643 0.002415 0.641412 0.624643 -0.002415 0.641412 -0.626225 -0.406746 0.641412 0.623061 -0.411577 " />
									<Normal vector="-0.577349 0.579577 0.575091 -0.577349 0.575091 -0.579577 -0.577349 -0.579577 -0.575091 -0.577349 -0.575091 0.579577 -0.577349 -0.575091 0.579577 -0.577349 -0.579577 -0.575091 0.577349 -0.579577 -0.575091 0.577349 -0.575091 0.579577 0.577349 -0.575091 0.579577 0.577349 -0.579577 -0.575091 0.577349 0.575091 -0.579577 0.577349 0.579577 0.575091 0.577349 0.579577 0.575091 0.577349 0.575091 -0.579577 -0.577349 0.575091 -0.579577 -0.577349 0.579577 0.575091 0.577349 -0.575091 0.579577 0.577349 0.579577 0.575091 0.577349 -0.579577 -0.575091 0.577349 0.575091 -0.579577 " />
									<TextureCoordinate point="0.5414 0.5414 0.9664 0.5414 0.9664 0.9664 0.5414 0.9664 0.5414 0.5414 0.9664 0.5414 0.9664 0.9664 0.5414 0.9664 0.5414 0.5414 0.9664 0.5414 0.9664 0.9664 0.5414 0.9664 0.5414 0.5414 0.9664 0.5414 0.9664 0.9664 0.5414 0.9664 0.9664 0.5414 0.9664 0.9664 0.5414 0.5414 0.5414 0.9664 " />
								</IndexedTriangleSet>
							</Shape>
						</Group>
					</Transform>
					<Transform DEF="Plane_003_TRANSFORM"
					           translation="0.180584 -0.156963 -0.018190"
					           scale="1.000000 1.000000 1.000000"
					           rotation="0.000000 1.000000 0.000000 0.000000"
					           >
						<Transform DEF="Plane_003_ifs_TRANSFORM"
						           translation="0.000000 0.000000 0.000000"
						           scale="1.000000 1.000000 1.000000"
						           rotation="0.000000 1.000000 0.000000 0.000000"
						           >
							<Group DEF="group_ME_Plane_006">
								<Shape>
									<Appearance>
										<Material USE="MA_Body" />
									</Appearance>
									<IndexedTriangleSet solid="false"
									                    normalPerVertex="true"
									                    index="0 1 2 0 2 3 "
									                    >
										<Coordinate point="0.273562 -1.240371 -0.785973 1.099984 -0.619260 -0.798537 0.413211 0.310555 -0.006282 -0.413211 -0.310555 0.006282 " />
										<Normal vector="0.347667 -0.445936 0.824763 0.347667 -0.445936 0.824763 0.347667 -0.445936 0.824763 0.347667 -0.445936 0.824763 " />
										<TextureCoordinate point="0.5414 0.5414 0.9664 0.5414 0.9664 0.9664 0.5414 0.9664 " />
									</IndexedTriangleSet>
								</Shape>
							</Group>
						</Transform>
					</Transform>
					<Transform DEF="Plane_004_TRANSFORM"
					           translation="0.000000 0.457156 -0.009123"
					           scale="1.000000 1.000000 1.000000"
					           rotation="0.000000 1.000000 0.000000 0.000000"
					           >
						<Transform DEF="Plane_004_ifs_TRANSFORM"
						           translation="0.000000 0.000000 0.000000"
						           scale="1.000000 1.000000 1.000000"
						           rotation="0.000000 1.000000 0.000000 0.000000"
						           >
							<Group DEF="group_ME_Plane_007">
								<Shape>
									<Appearance>
										<Material USE="MA_Body" />
									</Appearance>
									<IndexedTriangleSet solid="false"
									                    normalPerVertex="true"
									                    index="0 1 2 0 2 3 "
									                    >
										<Coordinate point="0.433708 0.755785 -0.805968 -0.433710 0.755784 -0.805967 -0.433709 -0.000000 0.000000 0.433709 0.000000 -0.000000 " />
										<Normal vector="0.000000 0.729423 0.684011 0.000000 0.729423 0.684011 0.000000 0.729423 0.684011 0.000000 0.729423 0.684011 " />
										<TextureCoordinate point="0.5414 0.5414 0.9664 0.5414 0.9664 0.9664 0.5414 0.9664 " />
									</IndexedTriangleSet>
								</Shape>
							</Group>
						</Transform>
					</Transform>
					<Transform DEF="Plane_005_TRANSFORM"
					           translation="0.180584 0.135526 -0.018190"
					           scale="1.000000 1.000000 1.000000"
					           rotation="0.000000 1.000000 0.000000 0.000000"
					           >
						<Transform DEF="Plane_005_ifs_TRANSFORM"
						           translation="0.000000 0.000000 0.000000"
						           scale="1.000000 1.000000 1.000000"
						           rotation="0.000000 1.000000 0.000000 0.000000"
						           >
							<Group DEF="group_ME_Plane_008">
								<Shape>
									<Appearance>
										<Material USE="MA_Body" />
									</Appearance>
									<IndexedTriangleSet solid="false"
									                    normalPerVertex="true"
									                    index="0 1 2 0 2 3 "
									                    >
										<Coordinate point="1.185356 -0.191414 -0.733548 0.886514 0.798255 -0.746112 -0.149421 0.494835 -0.006282 0.149421 -0.494835 0.006282 " />
										<Normal vector="0.538316 0.173009 0.824763 0.538316 0.173009 0.824763 0.538316 0.173009 0.824763 0.538316 0.173009 0.824763 " />
										<TextureCoordinate point="0.5414 0.5414 0.9664 0.5414 0.9664 0.9664 0.5414 0.9664 " />
									</IndexedTriangleSet>
								</Shape>
							</Group>
						</Transform>
					</Transform>
					<Transform DEF="Plane_011_TRANSFORM"
					           translation="-0.180584 -0.156963 -0.018190"
					           scale="1.000000 1.000000 1.000000"
					           rotation="0.000000 1.000000 0.000000 0.000000"
					           >
						<Transform DEF="Plane_011_ifs_TRANSFORM"
						           translation="0.000000 0.000000 0.000000"
						           scale="1.000000 1.000000 1.000000"
						           rotation="0.000000 1.000000 0.000000 0.000000"
						           >
							<Group DEF="group_ME_Plane_005">
								<Shape>
									<Appearance>
										<Material USE="MA_Body" />
									</Appearance>
									<IndexedTriangleSet solid="false"
									                    normalPerVertex="true"
									                    index="0 1 2 0 2 3 "
									                    >
										<Coordinate point="-0.273562 -1.240371 -0.785973 0.413211 -0.310555 0.006282 -0.413211 0.310555 -0.006282 -1.099984 -0.619260 -0.798537 " />
										<Normal vector="-0.347667 -0.445936 0.824763 -0.347667 -0.445936 0.824763 -0.347667 -0.445936 0.824763 -0.347667 -0.445936 0.824763 " />
										<TextureCoordinate point="0.5414 0.5414 0.5414 0.9664 0.9664 0.9664 0.9664 0.5414 " />
									</IndexedTriangleSet>
								</Shape>
							</Group>
						</Transform>
					</Transform>
					<Transform DEF="Plane_012_TRANSFORM"
					           translation="-0.180584 0.135526 -0.018190"
					           scale="1.000000 1.000000 1.000000"
					           rotation="0.000000 1.000000 0.000000 0.000000"
					           >
						<Transform DEF="Plane_012_ifs_TRANSFORM"
						           translation="0.000000 0.000000 0.000000"
						           scale="1.000000 1.000000 1.000000"
						           rotation="0.000000 1.000000 0.000000 0.000000"
						           >
							<Group DEF="group_ME_Plane_012">
								<Shape>
									<Appearance>
										<Material USE="MA_Body" />
									</Appearance>
									<IndexedTriangleSet solid="false"
									                    normalPerVertex="true"
									                    index="0 1 2 0 2 3 "
									                    >
										<Coordinate point="-1.185356 -0.191414 -0.733548 -0.149421 -0.494835 0.006282 0.149421 0.494835 -0.006282 -0.886514 0.798255 -0.746112 " />
										<Normal vector="-0.538316 0.173009 0.824763 -0.538316 0.173009 0.824763 -0.538316 0.173009 0.824763 -0.538316 0.173009 0.824763 " />
										<TextureCoordinate point="0.5414 0.5414 0.5414 0.9664 0.9664 0.9664 0.9664 0.5414 " />
									</IndexedTriangleSet>
								</Shape>
							</Group>
						</Transform>
					</Transform>
				</Transform>
			</Transform>
			<Transform DEF="tail_TRANSFORM"
			           translation="0.000000 0.027062 0.072482"
			           scale="1.000000 1.000000 1.000000"
			           rotation="0.000000 1.000000 0.000000 0.000000"
			           >
				<Transform DEF="tail_ifs_TRANSFORM"
				           translation="0.000000 0.000000 0.000000"
				           scale="1.000000 1.000000 1.000000"
				           rotation="0.000000 1.000000 0.000000 0.000000"
				           >
					<Group DEF="group_ME_tail">
						<Shape>
							<Appearance>
								<Material USE="MA_Body" />
							</Appearance>
							<IndexedTriangleSet solid="false"
							                    normalPerVertex="true"
							                    index="0 1 2 0 2 3 4 5 6 4 6 7 8 9 10 8 10 11 12 13 14 12 14 15 4 16 17 4 17 15 18 5 14 18 14 19 "
							                    >
								<Coordinate point="-0.354813 -0.398839 -0.479578 -0.354813 -0.428842 -0.028526 -0.354813 0.428842 0.028526 -0.354813 0.458845 -0.422526 -0.354813 0.458845 -0.422526 -0.354813 0.428842 0.028526 0.354813 0.428842 0.028526 0.354813 0.458845 -0.422526 0.354813 0.458845 -0.422526 0.354813 0.428842 0.028526 0.354813 -0.428842 -0.028526 0.354813 -0.398839 -0.479578 0.354813 -0.398839 -0.479578 0.354813 -0.428842 -0.028526 -0.354813 -0.428842 -0.028526 -0.354813 -0.398839 -0.479578 0.354813 0.458845 -0.422526 0.354813 -0.398839 -0.479578 0.354813 0.428842 0.028526 0.354813 -0.428842 -0.028526 " />
								<Normal vector="-0.577349 -0.537736 -0.614368 -0.577349 -0.614368 0.537736 -0.577349 0.537736 0.614368 -0.577349 0.614368 -0.537736 -0.577349 0.614368 -0.537736 -0.577349 0.537736 0.614368 0.577349 0.537736 0.614368 0.577349 0.614368 -0.537736 0.577349 0.614368 -0.537736 0.577349 0.537736 0.614368 0.577349 -0.614368 0.537736 0.577349 -0.537736 -0.614368 0.577349 -0.537736 -0.614368 0.577349 -0.614368 0.537736 -0.577349 -0.614368 0.537736 -0.577349 -0.537736 -0.614368 0.577349 0.614368 -0.537736 0.577349 -0.537736 -0.614368 0.577349 0.537736 0.614368 0.577349 -0.614368 0.537736 " />
								<TextureCoordinate point="0.0414 0.5336 0.4664 0.5336 0.4664 0.9586 0.0414 0.9586 0.0414 0.5336 0.4664 0.5336 0.4664 0.9586 0.0414 0.9586 0.0414 0.5336 0.4664 0.5336 0.4664 0.9586 0.0414 0.9586 0.0414 0.5336 0.4664 0.5336 0.4664 0.9586 0.0414 0.9586 0.4664 0.5336 0.4664 0.9586 0.0414 0.5336 0.0414 0.9586 " />
							</IndexedTriangleSet>
						</Shape>
					</Group>
				</Transform>
				<Transform DEF="tail1_TRANSFORM"
				           translation="0.000000 0.026620 -0.400187"
				           scale="1.000000 1.000000 1.000000"
				           rotation="0.000000 1.000000 0.000000 0.000000"
				           >
					<Transform DEF="tail1_ifs_TRANSFORM"
					           translation="0.000000 0.000000 0.000000"
					           scale="1.000000 1.000000 1.000000"
					           rotation="0.000000 1.000000 0.000000 0.000000"
					           >
						<Group DEF="group_ME_tail1">
							<Shape>
								<Appearance>
									<Material USE="MA_Body" />
								</Appearance>
								<IndexedTriangleSet solid="false"
								                    normalPerVertex="true"
								                    index="0 1 2 0 2 3 4 5 6 4 6 7 8 9 10 8 10 11 12 13 14 12 14 15 4 16 17 4 17 15 18 5 14 18 14 19 "
								                    >
									<Coordinate point="-0.205100 -0.222385 -0.401145 -0.205100 -0.236078 -0.008227 -0.205100 0.236078 0.008227 -0.205100 0.249772 -0.384690 -0.205100 0.249772 -0.384690 -0.205100 0.236078 0.008227 0.205100 0.236078 0.008227 0.205100 0.249772 -0.384690 0.205100 0.249772 -0.384690 0.205100 0.236078 0.008227 0.205100 -0.236078 -0.008227 0.205100 -0.222385 -0.401145 0.205100 -0.222385 -0.401145 0.205100 -0.236078 -0.008227 -0.205100 -0.236078 -0.008227 -0.205100 -0.222385 -0.401145 0.205100 0.249772 -0.384690 0.205100 -0.222385 -0.401145 0.205100 0.236078 0.008227 0.205100 -0.236078 -0.008227 " />
									<Normal vector="-0.577349 -0.556871 -0.597095 -0.577349 -0.597095 0.556871 -0.577349 0.556871 0.597095 -0.577349 0.597095 -0.556871 -0.577349 0.597095 -0.556871 -0.577349 0.556871 0.597095 0.577349 0.556871 0.597095 0.577349 0.597095 -0.556871 0.577349 0.597095 -0.556871 0.577349 0.556871 0.597095 0.577349 -0.597095 0.556871 0.577349 -0.556871 -0.597095 0.577349 -0.556871 -0.597095 0.577349 -0.597095 0.556871 -0.577349 -0.597095 0.556871 -0.577349 -0.556871 -0.597095 0.577349 0.597095 -0.556871 0.577349 -0.556871 -0.597095 0.577349 0.556871 0.597095 0.577349 -0.597095 0.556871 " />
									<TextureCoordinate point="0.0414 0.5336 0.4664 0.5336 0.4664 0.9586 0.0414 0.9586 0.0414 0.5336 0.4664 0.5336 0.4664 0.9586 0.0414 0.9586 0.0414 0.5336 0.4664 0.5336 0.4664 0.9586 0.0414 0.9586 0.0414 0.5336 0.4664 0.5336 0.4664 0.9586 0.0414 0.9586 0.4664 0.5336 0.4664 0.9586 0.0414 0.5336 0.0414 0.9586 " />
								</IndexedTriangleSet>
							</Shape>
						</Group>
					</Transform>
					<Transform DEF="Cube_011_TRANSFORM"
					           translation="0.031127 0.007572 -0.304714"
					           scale="1.000000 1.000000 1.000000"
					           rotation="0.000000 1.000000 0.000000 0.000000"
					           >
						<Transform DEF="Cube_011_ifs_TRANSFORM"
						           translation="0.000000 0.000000 0.000000"
						           scale="1.000000 1.000000 1.000000"
						           rotation="0.000000 1.000000 0.000000 0.000000"
						           >
							<Group DEF="group_ME_Cube_013">
								<Shape>
									<Appearance>
										<Material USE="MA_Body" />
									</Appearance>
									<IndexedTriangleSet solid="false"
									                    normalPerVertex="true"
									                    index="0 1 2 0 2 3 4 5 6 4 6 7 8 9 10 8 10 11 12 13 14 12 14 15 4 16 17 4 17 15 18 5 14 18 14 19 "
									                    >
										<Coordinate point="0.274191 -0.126146 -0.550014 -0.136215 -0.126146 -0.134559 -0.136215 0.126146 -0.134559 0.274191 0.126146 -0.550014 0.274191 0.126146 -0.550014 -0.136215 0.126146 -0.134559 0.136215 0.126146 0.134559 0.546620 0.126146 -0.280896 0.546620 0.126146 -0.280896 0.136215 0.126146 0.134559 0.136215 -0.126146 0.134559 0.546620 -0.126146 -0.280896 0.546620 -0.126146 -0.280896 0.136215 -0.126146 0.134559 -0.136215 -0.126146 -0.134559 0.274191 -0.126146 -0.550014 0.546620 0.126146 -0.280896 0.546620 -0.126146 -0.280896 0.136215 0.126146 0.134559 0.136215 -0.126146 0.134559 " />
										<Normal vector="-0.004975 -0.577349 -0.816462 -0.816462 -0.577349 0.004975 -0.816462 0.577349 0.004975 -0.004975 0.577349 -0.816462 -0.004975 0.577349 -0.816462 -0.816462 0.577349 0.004975 0.004975 0.577349 0.816462 0.816462 0.577349 -0.004975 0.816462 0.577349 -0.004975 0.004975 0.577349 0.816462 0.004975 -0.577349 0.816462 0.816462 -0.577349 -0.004975 0.816462 -0.577349 -0.004975 0.004975 -0.577349 0.816462 -0.816462 -0.577349 0.004975 -0.004975 -0.577349 -0.816462 0.816462 0.577349 -0.004975 0.816462 -0.577349 -0.004975 0.004975 0.577349 0.816462 0.004975 -0.577349 0.816462 " />
										<TextureCoordinate point="0.0414 0.5336 0.4664 0.5336 0.4664 0.9586 0.0414 0.9586 0.0414 0.5336 0.4664 0.5336 0.4664 0.9586 0.0414 0.9586 0.0414 0.5336 0.4664 0.5336 0.4664 0.9586 0.0414 0.9586 0.0414 0.5336 0.4664 0.5336 0.4664 0.9586 0.0414 0.9586 0.4664 0.5336 0.4664 0.9586 0.0414 0.5336 0.0414 0.9586 " />
									</IndexedTriangleSet>
								</Shape>
							</Group>
						</Transform>
						<Transform DEF="Cube_012_TRANSFORM"
						           translation="0.260523 0.000000 -0.263729"
						           scale="1.000000 1.000000 1.000000"
						           rotation="0.000000 1.000000 0.000000 0.000000"
						           >
							<Transform DEF="Cube_012_ifs_TRANSFORM"
							           translation="0.000000 0.000000 0.000000"
							           scale="1.000000 1.000000 1.000000"
							           rotation="0.000000 1.000000 0.000000 0.000000"
							           >
								<Group DEF="group_ME_Cube_014">
									<Shape>
										<Appearance>
											<Material USE="MA_Body" />
										</Appearance>
										<IndexedTriangleSet solid="false"
										                    normalPerVertex="true"
										                    index="0 1 2 0 2 3 4 5 6 4 6 7 8 9 10 8 10 11 12 13 14 12 14 15 16 17 18 16 18 19 20 5 14 20 14 21 22 23 24 22 24 19 25 26 27 25 27 28 16 29 30 16 30 31 32 33 34 32 34 35 36 12 15 36 15 37 26 38 39 26 39 27 40 4 7 40 7 41 33 42 43 33 43 34 "
										                    >
											<Coordinate point="0.001339 -0.188711 -0.542354 -0.270479 -0.188711 -0.267192 -0.270479 0.188711 -0.267192 0.001339 0.188711 -0.542354 0.001339 0.188711 -0.542354 -0.270479 0.188711 -0.267192 0.270479 0.188711 0.267192 0.542297 0.188711 -0.007970 0.542297 0.188711 -0.007970 0.270479 0.188711 0.267192 0.270479 -0.188711 0.267192 0.542297 -0.188711 -0.007970 0.542297 -0.188711 -0.007970 0.270479 -0.188711 0.267192 -0.270479 -0.188711 -0.267192 0.001339 -0.188711 -0.542354 0.518119 0.188711 -1.065493 1.059078 0.188711 -0.531109 1.059078 -0.188711 -0.531109 0.518119 -0.188711 -1.065493 0.270479 0.188711 0.267192 0.270479 -0.188711 0.267192 1.059078 -0.188711 -0.531109 0.710275 -0.188711 -0.178014 0.169316 -0.188711 -0.712398 1.059078 0.188711 -0.531109 0.710275 0.188711 -0.178014 0.710275 -0.188711 -0.178014 1.059078 -0.188711 -0.531109 0.169316 0.188711 -0.712398 0.710275 0.188711 -0.178014 1.059078 0.188711 -0.531109 0.518119 -0.188711 -1.065493 0.169316 -0.188711 -0.712398 0.169316 0.188711 -0.712398 0.518119 0.188711 -1.065493 0.710275 -0.188711 -0.178014 0.169316 -0.188711 -0.712398 0.542297 0.188711 -0.007970 0.542297 -0.188711 -0.007970 0.169316 0.188711 -0.712398 0.710275 0.188711 -0.178014 0.001339 -0.188711 -0.542354 0.001339 0.188711 -0.542354 " />
											<Normal vector="-0.503037 -0.707083 -0.496933 -0.816462 -0.577349 0.004975 -0.816462 0.577349 0.004975 -0.503037 0.707083 -0.496933 -0.503037 0.707083 -0.496933 -0.816462 0.577349 0.004975 0.004975 0.577349 0.816462 0.503037 0.707083 0.496933 0.503037 0.707083 0.496933 0.004975 0.577349 0.816462 0.004975 -0.577349 0.816462 0.503037 -0.707083 0.496933 0.503037 -0.707083 0.496933 0.004975 -0.577349 0.816462 -0.816462 -0.577349 0.004975 -0.503037 -0.707083 -0.496933 -0.004975 0.577349 -0.816462 0.816462 0.577349 -0.004975 0.816462 -0.577349 -0.004975 -0.004975 -0.577349 -0.816462 0.004975 0.577349 0.816462 0.004975 -0.577349 0.816462 0.816462 -0.577349 -0.004975 0.503037 -0.707083 0.496933 -0.503037 -0.707083 -0.496933 0.816462 0.577349 -0.004975 0.503037 0.707083 0.496933 0.503037 -0.707083 0.496933 0.816462 -0.577349 -0.004975 -0.503037 0.707083 -0.496933 0.503037 0.707083 0.496933 0.816462 0.577349 -0.004975 -0.004975 -0.577349 -0.816462 -0.503037 -0.707083 -0.496933 -0.503037 0.707083 -0.496933 -0.004975 0.577349 -0.816462 0.503037 -0.707083 0.496933 -0.503037 -0.707083 -0.496933 0.503037 0.707083 0.496933 0.503037 -0.707083 0.496933 -0.503037 0.707083 -0.496933 0.503037 0.707083 0.496933 -0.503037 -0.707083 -0.496933 -0.503037 0.707083 -0.496933 " />
											<TextureCoordinate point="0.3602 0.5336 0.4664 0.5336 0.4664 0.9586 0.3602 0.9586 0.3602 0.5336 0.4664 0.5336 0.4664 0.9586 0.3602 0.9586 0.3602 0.5336 0.4664 0.5336 0.4664 0.9586 0.3602 0.9586 0.3602 0.5336 0.4664 0.5336 0.4664 0.9586 0.3602 0.9586 0.5375 0.0531 0.9625 0.0531 0.9625 0.4781 0.5375 0.4781 0.0414 0.5336 0.0414 0.9586 0.5375 0.0531 0.7500 0.0531 0.7500 0.4781 0.5375 0.0531 0.7500 0.0531 0.7500 0.4781 0.5375 0.4781 0.7500 0.0531 0.7500 0.4781 0.5375 0.4781 0.5375 0.0531 0.7500 0.0531 0.7500 0.4781 0.5375 0.4781 0.2539 0.5336 0.2539 0.9586 0.8563 0.0531 0.8563 0.4781 0.2539 0.5336 0.2539 0.9586 0.8563 0.0531 0.8563 0.4781 " />
										</IndexedTriangleSet>
									</Shape>
								</Group>
							</Transform>
						</Transform>
					</Transform>
					<Transform DEF="Cube_001_TRANSFORM"
					           translation="-0.031127 0.007572 -0.304714"
					           scale="1.000000 1.000000 1.000000"
					           rotation="0.000000 1.000000 0.000000 0.000000"
					           >
						<Transform DEF="Cube_001_ifs_TRANSFORM"
						           translation="0.000000 0.000000 0.000000"
						           scale="1.000000 1.000000 1.000000"
						           rotation="0.000000 1.000000 0.000000 0.000000"
						           >
							<Group DEF="group_ME_Cube_001">
								<Shape>
									<Appearance>
										<Material USE="MA_Body" />
									</Appearance>
									<IndexedTriangleSet solid="false"
									                    normalPerVertex="true"
									                    index="0 1 2 0 2 3 4 5 6 4 6 7 8 9 10 8 10 11 12 13 14 12 14 15 4 13 16 4 16 17 18 19 14 18 14 7 "
									                    >
										<Coordinate point="-0.274191 -0.126146 -0.550014 -0.274191 0.126146 -0.550014 0.136215 0.126146 -0.134559 0.136215 -0.126146 -0.134559 -0.274191 0.126146 -0.550014 -0.546620 0.126146 -0.280896 -0.136215 0.126146 0.134559 0.136215 0.126146 -0.134559 -0.546620 0.126146 -0.280896 -0.546620 -0.126146 -0.280896 -0.136215 -0.126146 0.134559 -0.136215 0.126146 0.134559 -0.546620 -0.126146 -0.280896 -0.274191 -0.126146 -0.550014 0.136215 -0.126146 -0.134559 -0.136215 -0.126146 0.134559 -0.546620 -0.126146 -0.280896 -0.546620 0.126146 -0.280896 -0.136215 0.126146 0.134559 -0.136215 -0.126146 0.134559 " />
										<Normal vector="0.004975 -0.577349 -0.816462 0.004975 0.577349 -0.816462 0.816462 0.577349 0.004975 0.816462 -0.577349 0.004975 0.004975 0.577349 -0.816462 -0.816462 0.577349 -0.004975 -0.004975 0.577349 0.816462 0.816462 0.577349 0.004975 -0.816462 0.577349 -0.004975 -0.816462 -0.577349 -0.004975 -0.004975 -0.577349 0.816462 -0.004975 0.577349 0.816462 -0.816462 -0.577349 -0.004975 0.004975 -0.577349 -0.816462 0.816462 -0.577349 0.004975 -0.004975 -0.577349 0.816462 -0.816462 -0.577349 -0.004975 -0.816462 0.577349 -0.004975 -0.004975 0.577349 0.816462 -0.004975 -0.577349 0.816462 " />
										<TextureCoordinate point="0.0414 0.5336 0.0414 0.9586 0.4664 0.9586 0.4664 0.5336 0.0414 0.5336 0.0414 0.9586 0.4664 0.9586 0.4664 0.5336 0.0414 0.5336 0.0414 0.9586 0.4664 0.9586 0.4664 0.5336 0.0414 0.5336 0.0414 0.9586 0.4664 0.9586 0.4664 0.5336 0.4664 0.9586 0.4664 0.5336 0.0414 0.5336 0.0414 0.9586 " />
									</IndexedTriangleSet>
								</Shape>
							</Group>
						</Transform>
						<Transform DEF="Cube_002_TRANSFORM"
						           translation="-0.260523 0.000000 -0.263729"
						           scale="1.000000 1.000000 1.000000"
						           rotation="0.000000 1.000000 0.000000 0.000000"
						           >
							<Transform DEF="Cube_002_ifs_TRANSFORM"
							           translation="0.000000 0.000000 0.000000"
							           scale="1.000000 1.000000 1.000000"
							           rotation="0.000000 1.000000 0.000000 0.000000"
							           >
								<Group DEF="group_ME_Cube_002">
									<Shape>
										<Appearance>
											<Material USE="MA_Body" />
										</Appearance>
										<IndexedTriangleSet solid="false"
										                    normalPerVertex="true"
										                    index="0 1 2 0 2 3 4 5 6 4 6 7 8 9 10 8 10 11 12 13 14 12 14 15 16 17 18 16 18 19 20 21 14 20 14 7 22 17 23 22 23 24 25 26 27 25 27 28 16 29 30 16 30 31 32 33 34 32 34 35 36 37 13 36 13 12 28 27 38 28 38 39 40 41 5 40 5 4 35 34 42 35 42 43 "
										                    >
											<Coordinate point="-0.001339 -0.188711 -0.542354 -0.001339 0.188711 -0.542354 0.270479 0.188711 -0.267192 0.270479 -0.188711 -0.267192 -0.001339 0.188711 -0.542354 -0.542297 0.188711 -0.007970 -0.270479 0.188711 0.267192 0.270479 0.188711 -0.267192 -0.542297 0.188711 -0.007970 -0.542297 -0.188711 -0.007970 -0.270479 -0.188711 0.267192 -0.270479 0.188711 0.267192 -0.542297 -0.188711 -0.007970 -0.001339 -0.188711 -0.542354 0.270479 -0.188711 -0.267192 -0.270479 -0.188711 0.267192 -0.518119 0.188711 -1.065493 -0.518119 -0.188711 -1.065493 -1.059078 -0.188711 -0.531109 -1.059078 0.188711 -0.531109 -0.270479 0.188711 0.267192 -0.270479 -0.188711 0.267192 -1.059078 -0.188711 -0.531109 -0.169316 -0.188711 -0.712398 -0.710275 -0.188711 -0.178014 -1.059078 0.188711 -0.531109 -1.059078 -0.188711 -0.531109 -0.710275 -0.188711 -0.178014 -0.710275 0.188711 -0.178014 -1.059078 0.188711 -0.531109 -0.710275 0.188711 -0.178014 -0.169316 0.188711 -0.712398 -0.518119 -0.188711 -1.065493 -0.518119 0.188711 -1.065493 -0.169316 0.188711 -0.712398 -0.169316 -0.188711 -0.712398 -0.710275 -0.188711 -0.178014 -0.169316 -0.188711 -0.712398 -0.542297 -0.188711 -0.007970 -0.542297 0.188711 -0.007970 -0.169316 0.188711 -0.712398 -0.710275 0.188711 -0.178014 -0.001339 0.188711 -0.542354 -0.001339 -0.188711 -0.542354 " />
											<Normal vector="0.503037 -0.707083 -0.496933 0.503037 0.707083 -0.496933 0.816462 0.577349 0.004975 0.816462 -0.577349 0.004975 0.503037 0.707083 -0.496933 -0.503037 0.707083 0.496933 -0.004975 0.577349 0.816462 0.816462 0.577349 0.004975 -0.503037 0.707083 0.496933 -0.503037 -0.707083 0.496933 -0.004975 -0.577349 0.816462 -0.004975 0.577349 0.816462 -0.503037 -0.707083 0.496933 0.503037 -0.707083 -0.496933 0.816462 -0.577349 0.004975 -0.004975 -0.577349 0.816462 0.004975 0.577349 -0.816462 0.004975 -0.577349 -0.816462 -0.816462 -0.577349 -0.004975 -0.816462 0.577349 -0.004975 -0.004975 0.577349 0.816462 -0.004975 -0.577349 0.816462 -0.816462 -0.577349 -0.004975 0.503037 -0.707083 -0.496933 -0.503037 -0.707083 0.496933 -0.816462 0.577349 -0.004975 -0.816462 -0.577349 -0.004975 -0.503037 -0.707083 0.496933 -0.503037 0.707083 0.496933 -0.816462 0.577349 -0.004975 -0.503037 0.707083 0.496933 0.503037 0.707083 -0.496933 0.004975 -0.577349 -0.816462 0.004975 0.577349 -0.816462 0.503037 0.707083 -0.496933 0.503037 -0.707083 -0.496933 -0.503037 -0.707083 0.496933 0.503037 -0.707083 -0.496933 -0.503037 -0.707083 0.496933 -0.503037 0.707083 0.496933 0.503037 0.707083 -0.496933 -0.503037 0.707083 0.496933 0.503037 0.707083 -0.496933 0.503037 -0.707083 -0.496933 " />
											<TextureCoordinate point="0.3602 0.5336 0.3602 0.9586 0.4664 0.9586 0.4664 0.5336 0.3602 0.5336 0.3602 0.9586 0.4664 0.9586 0.4664 0.5336 0.3602 0.5336 0.3602 0.9586 0.4664 0.9586 0.4664 0.5336 0.3602 0.5336 0.3602 0.9586 0.4664 0.9586 0.4664 0.5336 0.5375 0.0531 0.5375 0.4781 0.9625 0.4781 0.9625 0.0531 0.0414 0.5336 0.0414 0.9586 0.5375 0.0531 0.7500 0.4781 0.7500 0.0531 0.5375 0.0531 0.5375 0.4781 0.7500 0.4781 0.7500 0.0531 0.5375 0.4781 0.7500 0.4781 0.7500 0.0531 0.5375 0.0531 0.5375 0.4781 0.7500 0.4781 0.7500 0.0531 0.2539 0.5336 0.2539 0.9586 0.8563 0.4781 0.8563 0.0531 0.2539 0.5336 0.2539 0.9586 0.8563 0.4781 0.8563 0.0531 " />
										</IndexedTriangleSet>
									</Shape>
								</Group>
							</Transform>
						</Transform>
					</Transform>
				</Transform>
			</Transform>
			<Transform DEF="Object_TRANSFORM"
			           translation="0.000000 -0.012844 1.090913"
			           scale="1.000000 1.000000 1.000000"
			           rotation="0.000000 1.000000 0.000000 0.000000"
			           >
				<Transform DEF="Object_ifs_TRANSFORM"
				           translation="0.000000 0.000000 0.000000"
				           scale="1.000000 1.000000 1.000000"
				           rotation="0.000000 1.000000 0.000000 0.000000"
				           >
					<Group DEF="group_ME_Cube_025">
						<Shape>
							<Appearance>
								<Material USE="MA_Body" />
							</Appearance>
							<IndexedTriangleSet solid="false"
							                    normalPerVertex="true"
							                    index="0 1 2 0 2 3 4 5 6 4 6 7 8 9 10 8 10 11 12 13 14 12 14 15 4 16 17 4 17 15 18 5 14 18 14 19 "
							                    >
								<Coordinate point="-0.546288 0.645893 -0.002415 -0.546288 0.643948 -0.489108 -0.546288 -0.647775 -0.484278 -0.546288 -0.645829 0.002415 -0.546288 -0.645829 0.002415 -0.546288 -0.647775 -0.484278 0.546288 -0.647775 -0.484278 0.546288 -0.645829 0.002415 0.546288 -0.645829 0.002415 0.546288 -0.647775 -0.484278 0.546288 0.643948 -0.489108 0.546288 0.645893 -0.002415 0.546288 0.645893 -0.002415 0.546288 0.643948 -0.489108 -0.546288 0.643948 -0.489108 -0.546288 0.645893 -0.002415 0.546288 -0.645829 0.002415 0.546288 0.645893 -0.002415 0.546288 -0.647775 -0.484278 0.546288 0.643948 -0.489108 " />
								<Normal vector="-0.577319 0.579577 0.575091 -0.577349 0.575091 -0.579547 -0.577319 -0.579577 -0.575091 -0.577349 -0.575091 0.579547 -0.577349 -0.575091 0.579547 -0.577319 -0.579577 -0.575091 0.577319 -0.579577 -0.575091 0.577349 -0.575091 0.579547 0.577349 -0.575091 0.579547 0.577319 -0.579577 -0.575091 0.577349 0.575091 -0.579547 0.577319 0.579577 0.575091 0.577319 0.579577 0.575091 0.577349 0.575091 -0.579547 -0.577349 0.575091 -0.579547 -0.577319 0.579577 0.575091 0.577349 -0.575091 0.579547 0.577319 0.579577 0.575091 0.577319 -0.579577 -0.575091 0.577349 0.575091 -0.579547 " />
								<TextureCoordinate point="0.5414 0.0375 0.9664 0.0375 0.9664 0.4625 0.5414 0.4625 0.5414 0.0375 0.9664 0.0375 0.9664 0.4625 0.5414 0.4625 0.5414 0.0375 0.9664 0.0375 0.9664 0.4625 0.5414 0.4625 0.5414 0.0375 0.9664 0.0375 0.9664 0.4625 0.5414 0.4625 0.9664 0.0375 0.9664 0.4625 0.5414 0.0375 0.5414 0.4625 " />
							</IndexedTriangleSet>
						</Shape>
					</Group>
				</Transform>
				<Transform DEF="Plane_006_TRANSFORM"
				           translation="0.180584 -0.156963 -0.090030"
				           scale="1.000000 1.000000 1.000000"
				           rotation="0.000000 1.000000 0.000000 0.000000"
				           >
					<Transform DEF="Plane_006_ifs_TRANSFORM"
					           translation="0.000000 0.000000 0.000000"
					           scale="1.000000 1.000000 1.000000"
					           rotation="0.000000 1.000000 0.000000 0.000000"
					           >
						<Group DEF="group_ME_Plane_009">
							<Shape>
								<Appearance>
									<Material USE="MA_Body" />
								</Appearance>
								<IndexedTriangleSet solid="false"
								                    normalPerVertex="true"
								                    index="0 1 2 0 2 3 "
								                    >
									<Coordinate point="0.273562 -1.240371 -0.785973 1.099984 -0.619260 -0.798537 0.413211 0.310555 -0.006282 -0.413211 -0.310555 0.006282 " />
									<Normal vector="0.347667 -0.445936 0.824763 0.347667 -0.445936 0.824763 0.347667 -0.445936 0.824763 0.347667 -0.445936 0.824763 " />
									<TextureCoordinate point="0.5453 0.0375 0.9703 0.0375 0.9703 0.4625 0.5453 0.4625 " />
								</IndexedTriangleSet>
							</Shape>
						</Group>
					</Transform>
				</Transform>
				<Transform DEF="Plane_007_TRANSFORM"
				           translation="0.000000 0.457156 -0.080963"
				           scale="1.000000 1.000000 1.000000"
				           rotation="0.000000 1.000000 0.000000 0.000000"
				           >
					<Transform DEF="Plane_007_ifs_TRANSFORM"
					           translation="0.000000 0.000000 0.000000"
					           scale="1.000000 1.000000 1.000000"
					           rotation="0.000000 1.000000 0.000000 0.000000"
					           >
						<Group DEF="group_ME_Plane_010">
							<Shape>
								<Appearance>
									<Material USE="MA_Body" />
								</Appearance>
								<IndexedTriangleSet solid="false"
								                    normalPerVertex="true"
								                    index="0 1 2 0 2 3 "
								                    >
									<Coordinate point="0.433708 0.755785 -0.805968 -0.433710 0.755784 -0.805968 -0.433709 -0.000000 0.000000 0.433709 0.000000 -0.000000 " />
									<Normal vector="0.000000 0.729423 0.684011 0.000000 0.729423 0.684011 0.000000 0.729423 0.684011 0.000000 0.729423 0.684011 " />
									<TextureCoordinate point="0.5453 0.0375 0.9703 0.0375 0.9703 0.4625 0.5453 0.4625 " />
								</IndexedTriangleSet>
							</Shape>
						</Group>
					</Transform>
				</Transform>
				<Transform DEF="Plane_008_TRANSFORM"
				           translation="0.180584 0.135526 -0.090030"
				           scale="1.000000 1.000000 1.000000"
				           rotation="0.000000 1.000000 0.000000 0.000000"
				           >
					<Transform DEF="Plane_008_ifs_TRANSFORM"
					           translation="0.000000 0.000000 0.000000"
					           scale="1.000000 1.000000 1.000000"
					           rotation="0.000000 1.000000 0.000000 0.000000"
					           >
						<Group DEF="group_ME_Plane_011">
							<Shape>
								<Appearance>
									<Material USE="MA_Body" />
								</Appearance>
								<IndexedTriangleSet solid="false"
								                    normalPerVertex="true"
								                    index="0 1 2 0 2 3 "
								                    >
									<Coordinate point="1.185357 -0.191414 -0.733548 0.886514 0.798255 -0.746112 -0.149421 0.494835 -0.006282 0.149421 -0.494835 0.006282 " />
									<Normal vector="0.538316 0.173009 0.824763 0.538316 0.173009 0.824763 0.538316 0.173009 0.824763 0.538316 0.173009 0.824763 " />
									<TextureCoordinate point="0.5453 0.0375 0.9703 0.0375 0.9703 0.4625 0.5453 0.4625 " />
								</IndexedTriangleSet>
							</Shape>
						</Group>
					</Transform>
				</Transform>
				<Transform DEF="Plane_013_TRANSFORM"
				           translation="-0.180584 -0.156963 -0.090030"
				           scale="1.000000 1.000000 1.000000"
				           rotation="0.000000 1.000000 0.000000 0.000000"
				           >
					<Transform DEF="Plane_013_ifs_TRANSFORM"
					           translation="0.000000 0.000000 0.000000"
					           scale="1.000000 1.000000 1.000000"
					           rotation="0.000000 1.000000 0.000000 0.000000"
					           >
						<Group DEF="group_ME_Plane_013">
							<Shape>
								<Appearance>
									<Material USE="MA_Body" />
								</Appearance>
								<IndexedTriangleSet solid="false"
								                    normalPerVertex="true"
								                    index="0 1 2 0 2 3 "
								                    >
									<Coordinate point="-0.273562 -1.240371 -0.785973 0.413211 -0.310555 0.006282 -0.413211 0.310555 -0.006282 -1.099984 -0.619260 -0.798537 " />
									<Normal vector="-0.347667 -0.445936 0.824763 -0.347667 -0.445936 0.824763 -0.347667 -0.445936 0.824763 -0.347667 -0.445936 0.824763 " />
									<TextureCoordinate point="0.5453 0.0375 0.5453 0.4625 0.9703 0.4625 0.9703 0.0375 " />
								</IndexedTriangleSet>
							</Shape>
						</Group>
					</Transform>
				</Transform>
				<Transform DEF="Plane_014_TRANSFORM"
				           translation="-0.180584 0.135526 -0.090030"
				           scale="1.000000 1.000000 1.000000"
				           rotation="0.000000 1.000000 0.000000 0.000000"
				           >
					<Transform DEF="Plane_014_ifs_TRANSFORM"
					           translation="0.000000 0.000000 0.000000"
					           scale="1.000000 1.000000 1.000000"
					           rotation="0.000000 1.000000 0.000000 0.000000"
					           >
						<Group DEF="group_ME_Plane_014">
							<Shape>
								<Appearance>
									<Material USE="MA_Body" />
								</Appearance>
								<IndexedTriangleSet solid="false"
								                    normalPerVertex="true"
								                    index="0 1 2 0 2 3 "
								                    >
									<Coordinate point="-1.185357 -0.191414 -0.733548 -0.149421 -0.494835 0.006282 0.149421 0.494835 -0.006282 -0.886514 0.798255 -0.746112 " />
									<Normal vector="-0.538316 0.173009 0.824763 -0.538316 0.173009 0.824763 -0.538316 0.173009 0.824763 -0.538316 0.173009 0.824763 " />
									<TextureCoordinate point="0.5453 0.0375 0.5453 0.4625 0.9703 0.4625 0.9703 0.0375 " />
								</IndexedTriangleSet>
							</Shape>
						</Group>
					</Transform>
				</Transform>
			</Transform>
		</Transform>
	</Scene>
</X3D>