<?xml version="1.0" encoding="UTF-8"?>
<!DOCTYPE X3D PUBLIC "ISO//Web3D//DTD X3D 3.0//EN" "http://www.web3d.org/specifications/x3d-3.0.dtd">
<X3D version="3.0" profile="Immersive" xmlns:xsd="http://www.w3.org/2001/XMLSchema-instance" xsd:noNamespaceSchemaLocation="http://www.web3d.org/specifications/x3d-3.0.xsd">
	<head>
		<meta name="filename" content="bulbasaur.x3d" />
		<meta name="generator" content="Blender 2.93.18" />
	</head>
	<Scene>
		<NavigationInfo headlight="true"
		                visibilityLimit="0.0"
		                type='"EXAMINE", "ANY"'
		                avatarSize="0.25, 1.75, 0.75"
		                />
		<Background DEF="WO_World"
		            groundColor="0.051 0.051 0.051"
		            skyColor="0.051 0.051 0.051"
		            />
		<Transform DEF="body_TRANSFORM"
		           translation="0.000000 -1.865441 1.078010"
		           scale="1.000000 1.000000 1.000000"
		           rotation="0.000000 0.000000 1.000000 3.141593"
		           >
			<Transform DEF="body_ifs_TRANSFORM"
			           translation="0.000000 0.000000 0.000000"
			           scale="1.000000 1.000000 1.000000"
			           rotation="0.000000 1.000000 0.000000 0.000000"
			           >
				<Group DEF="group_ME_body">
					<Shape>
						<Appearance>
							<Material DEF="MA_Body"
							          diffuseColor="0.800 0.800 0.800"
							          specularColor="0.401 0.401 0.401"
							          emissiveColor="0.000 0.000 0.000"
							          ambientIntensity="0.000"
							          shininess="0.500"
							          transparency="0.0"
							          />
						</Appearance>
						<IndexedTriangleSet solid="false"
						                    normalPerVertex="true"
						                    index="0 1 2 0 2 3 4 5 6 4 6 7 8 9 10 8 10 11 12 13 14 12 14 15 16 17 18 16 18 19 20 21 22 20 22 23 24 25 26 24 26 27 28 17 29 28 29 30 31 5 32 31 32 33 34 35 36 34 36 37 38 39 40 38 40 41 34 42 43 34 43 44 24 45 46 24 46 47 48 49 50 48 50 51 12 52 53 12 53 54 55 56 57 55 57 58 "
						                    >
							<Coordinate point="-1.295469 -1.321007 -0.123595 -1.295469 -1.225119 0.922708 -1.295469 0.077564 0.803324 -1.295469 -0.018324 -0.242979 0.215439 -0.018324 -0.242979 0.215439 0.077564 0.803324 1.295469 0.077564 0.803324 1.295469 -0.018324 -0.242979 1.295469 -0.018324 -0.242979 1.295469 0.077564 0.803324 1.295469 -1.225119 0.922708 1.295469 -1.321007 -0.123595 0.215439 -0.069743 -0.804040 1.295469 -0.069743 -0.804040 1.295469 -1.372425 -0.684656 0.215439 -1.372425 -0.684656 -0.805970 0.077564 0.803324 -1.295469 0.077564 0.803324 -1.295469 -1.225119 0.922708 -0.805970 -1.225119 0.922708 0.215439 0.077564 0.803324 -0.805970 0.077564 0.803324 -0.805970 -1.225119 0.922708 0.215439 -1.225119 0.922708 -1.295469 -0.069743 -0.804040 -0.805970 -0.069743 -0.804040 -0.805970 -1.372425 -0.684656 -1.295469 -1.372425 -0.684656 -1.295469 -0.018324 -0.242979 -0.805970 0.077564 0.803324 -0.805970 -0.018324 -0.242979 1.295469 0.077564 0.803324 0.215439 -1.225119 0.922708 1.295469 -1.225119 0.922708 -0.805970 -0.069743 -0.804040 0.215439 -0.069743 -0.804040 0.215439 -1.372425 -0.684656 -0.805970 -1.372425 -0.684656 -0.805970 -0.018324 -0.242979 -0.805970 0.077564 0.803324 0.215439 0.077564 0.803324 0.215439 -0.018324 -0.242979 -0.805970 -0.018324 -0.242979 0.215439 -0.018324 -0.242979 0.215439 -0.069743 -0.804040 -1.295469 -0.018324 -0.242979 -0.805970 -0.018324 -0.242979 -0.805970 -0.069743 -0.804040 1.295469 -0.069743 -0.804040 1.295469 -0.018324 -0.242979 1.295469 -1.321007 -0.123595 1.295469 -1.372425 -0.684656 0.215439 -0.018324 -0.242979 1.295469 -0.018324 -0.242979 1.295469 -0.069743 -0.804040 -1.295469 -1.372425 -0.684656 -1.295469 -1.321007 -0.123595 -1.295469 -0.018324 -0.242979 -1.295469 -0.069743 -0.804040 " />
							<Normal vector="-1.000000 0.000000 0.000000 -0.707083 0.064516 0.704154 -0.577349 0.627613 0.522233 -0.707083 0.704154 -0.064516 0.000000 0.995819 -0.091250 0.000000 0.768670 0.639607 0.577349 0.627613 0.522233 0.707083 0.704154 -0.064516 0.707083 0.704154 -0.064516 0.577349 0.627613 0.522233 0.707083 0.064516 0.704154 1.000000 0.000000 0.000000 0.000000 0.639607 -0.768670 0.577349 0.522233 -0.627613 0.707083 -0.064516 -0.704154 0.000000 -0.091250 -0.995819 0.000000 0.768670 0.639607 -0.577349 0.627613 0.522233 -0.707083 0.064516 0.704154 0.000000 0.091250 0.995819 0.000000 0.768670 0.639607 0.000000 0.768670 0.639607 0.000000 0.091250 0.995819 0.000000 0.091250 0.995819 -0.577349 0.522233 -0.627613 0.000000 0.639607 -0.768670 0.000000 -0.091250 -0.995819 -0.707083 -0.064516 -0.704154 -0.707083 0.704154 -0.064516 0.000000 0.768670 0.639607 0.000000 0.995819 -0.091250 0.577349 0.627613 0.522233 0.000000 0.091250 0.995819 0.707083 0.064516 0.704154 0.000000 0.639607 -0.768670 0.000000 0.639607 -0.768670 0.000000 -0.091250 -0.995819 0.000000 -0.091250 -0.995819 0.000000 0.995819 -0.091250 0.000000 0.768670 0.639607 0.000000 0.768670 0.639607 0.000000 0.995819 -0.091250 0.000000 0.995819 -0.091250 0.000000 0.995819 -0.091250 0.000000 0.639607 -0.768670 -0.707083 0.704154 -0.064516 0.000000 0.995819 -0.091250 0.000000 0.639607 -0.768670 0.577349 0.522233 -0.627613 0.707083 0.704154 -0.064516 1.000000 0.000000 0.000000 0.707083 -0.064516 -0.704154 0.000000 0.995819 -0.091250 0.707083 0.704154 -0.064516 0.577349 0.522233 -0.627613 -0.707083 -0.064516 -0.704154 -1.000000 0.000000 0.000000 -0.707083 0.704154 -0.064516 -0.577349 0.522233 -0.627613 " />
							<TextureCoordinate point="0.1235 0.8110 0.2671 0.8110 0.2671 0.9546 0.1235 0.9546 0.1235 0.8110 0.2671 0.8110 0.2671 0.9546 0.1235 0.9546 0.1235 0.8110 0.2671 0.8110 0.2671 0.9546 0.1235 0.9546 0.1235 0.8110 0.2671 0.8110 0.2671 0.9546 0.1235 0.9546 0.1235 0.8110 0.2671 0.8110 0.2671 0.9546 0.1235 0.9546 0.1235 0.8110 0.2671 0.8110 0.2671 0.9546 0.1235 0.9546 0.1235 0.8110 0.2671 0.8110 0.2671 0.9546 0.1235 0.9546 0.1235 0.8110 0.2671 0.9546 0.1235 0.9546 0.1235 0.8110 0.2671 0.9546 0.1235 0.9546 0.1235 0.8110 0.2671 0.8110 0.2671 0.9546 0.1235 0.9546 0.4938 0.7358 0.4938 0.9897 0.7694 0.9897 0.7694 0.7358 0.2671 0.8110 0.2671 0.9546 0.1235 0.9546 0.2671 0.8110 0.2671 0.9546 0.1235 0.9546 0.1235 0.8110 0.2671 0.8110 0.2671 0.9546 0.1235 0.9546 0.2671 0.8110 0.2671 0.9546 0.1235 0.9546 0.1235 0.8110 0.2671 0.8110 0.2671 0.9546 0.1235 0.9546 " />
						</IndexedTriangleSet>
					</Shape>
				</Group>
			</Transform>
			<Transform DEF="leg2_TRANSFORM"
			           translation="-1.211133 -2.758327 0.350744"
			           scale="1.000000 1.000000 1.000000"
			           rotation="0.000000 1.000000 0.000000 0.000000"
			           >
				<Transform DEF="leg2_ifs_TRANSFORM"
				           translation="0.000000 0.000000 0.000000"
				           scale="1.000000 1.000000 1.000000"
				           rotation="0.000000 1.000000 0.000000 0.000000"
				           >
					<Group DEF="group_ME_leg2">
						<Shape>
							<Appearance>
								<Material USE="MA_Body" />
							</Appearance>
							<IndexedTriangleSet solid="false"
							                    normalPerVertex="true"
							                    index="0 1 2 0 2 3 4 5 6 4 6 7 8 9 10 8 10 11 12 13 14 12 14 15 16 17 18 16 18 19 20 21 14 20 14 22 23 24 25 23 25 26 27 28 29 27 29 30 31 32 33 31 33 34 35 36 37 35 37 38 39 40 41 39 41 42 43 17 44 43 44 45 46 47 48 46 48 49 50 24 51 50 51 52 53 54 48 53 48 55 56 57 58 56 58 59 39 35 60 39 60 61 62 63 64 62 64 7 65 35 38 65 38 66 67 68 69 67 69 70 71 72 3 71 3 59 31 73 74 31 74 75 76 77 78 76 78 79 80 0 3 80 3 81 82 80 81 82 81 83 84 65 66 84 66 85 35 50 52 35 52 60 63 46 49 63 49 64 86 87 88 86 88 89 72 20 22 72 22 3 90 91 87 90 87 86 77 8 11 77 11 78 "
							                    >
								<Coordinate point="0.493689 0.161363 -0.555496 0.493689 0.389818 -0.598450 0.493689 0.486138 -0.086170 0.493689 0.257683 -0.043215 -0.379361 0.389818 -0.598450 -0.493689 0.389818 -0.598450 -0.493689 0.486138 -0.086170 -0.379361 0.486138 -0.086170 -0.493689 -0.457756 -0.439088 -0.493689 -0.580557 -0.415999 -0.493689 -0.484236 0.096282 -0.493689 -0.361436 0.073193 -0.379361 -0.580557 -0.415999 0.493689 -0.580557 -0.415999 0.493689 -0.484236 0.096282 -0.379361 -0.484236 0.096282 -0.379361 -0.510432 -0.719248 -0.379361 -0.633233 -0.696159 -0.493689 -0.633233 -0.696159 -0.493689 -0.510432 -0.719248 -0.379361 -0.361436 0.073193 -0.379361 -0.484236 0.096282 0.493689 -0.361436 0.073193 -0.379361 -0.633233 -0.696159 0.493689 -0.633233 -0.696159 0.493689 -0.580557 -0.415999 -0.379361 -0.580557 -0.415999 -0.493689 -0.510432 -0.719248 -0.493689 -0.633233 -0.696159 -0.493689 -0.580557 -0.415999 -0.493689 -0.457756 -0.439088 -0.379361 0.337141 -0.878611 -0.493689 0.337141 -0.878611 -0.493689 0.389818 -0.598450 -0.379361 0.389818 -0.598450 0.493689 0.108687 -0.835656 0.493689 0.337141 -0.878611 0.493689 0.389818 -0.598450 0.493689 0.161363 -0.555496 0.493689 0.337141 -0.878611 -0.379361 0.337141 -0.878611 -0.379361 0.389818 -0.598450 0.493689 0.389818 -0.598450 -0.493689 -0.633233 -0.696159 -0.379361 -0.580557 -0.415999 -0.493689 -0.580557 -0.415999 -0.493689 -0.361436 0.073193 -0.493689 -0.484236 0.096282 -0.379361 -0.484236 0.096282 -0.379361 -0.361436 0.073193 0.493689 -0.510432 -0.719248 -0.379361 -0.633233 -0.696159 -0.379361 -0.510432 -0.719248 -0.493689 -0.580557 -0.415999 -0.379361 -0.580557 -0.415999 -0.493689 -0.484236 0.096282 0.493689 0.389818 -0.598450 -0.379361 0.389818 -0.598450 -0.379361 0.486138 -0.086170 0.493689 0.486138 -0.086170 -0.379361 0.108687 -0.835656 -0.379361 0.337141 -0.878611 -0.493689 0.486138 -0.086170 -0.493689 0.257683 -0.043215 -0.379361 0.257683 -0.043215 0.493689 -0.510432 -0.719248 0.493689 -0.457756 -0.439088 -0.493689 0.337141 -0.878611 -0.493689 0.108687 -0.835656 -0.493689 0.161363 -0.555496 -0.493689 0.389818 -0.598450 -0.379361 0.486138 -0.086170 -0.379361 0.257683 -0.043215 -0.379361 0.108687 -0.835656 -0.493689 0.108687 -0.835656 -0.493689 0.337141 -0.878611 -0.493689 0.389818 -0.598450 -0.493689 0.161363 -0.555496 -0.493689 0.257683 -0.043215 -0.493689 0.486138 -0.086170 0.493689 -0.457756 -0.439088 0.493689 -0.361436 0.073193 0.493689 -0.580557 -0.415999 0.493689 -0.484236 0.096282 0.493689 -0.633233 -0.696159 0.493689 -0.580557 -0.415999 -0.493689 0.108687 -0.835656 -0.493689 -0.510432 -0.719248 -0.493689 -0.457756 -0.439088 -0.493689 0.161363 -0.555496 -0.379361 0.108687 -0.835656 -0.379361 -0.510432 -0.719248 " />
								<Normal vector="1.000000 0.000000 0.000000 0.707083 0.694906 -0.130650 0.577349 0.674093 0.460707 0.707083 0.130650 0.694906 0.000000 0.982757 -0.184759 -0.707083 0.694906 -0.130650 -0.577349 0.674093 0.460707 0.000000 0.825587 0.564257 -1.000000 0.000000 0.000000 -0.707083 -0.694906 0.130650 -0.577349 -0.460707 0.674093 -0.707083 0.130650 0.694906 0.000000 -0.982757 0.184759 0.707083 -0.694906 0.130650 0.577349 -0.460707 0.674093 0.000000 -0.564257 0.825587 0.000000 -0.184759 -0.982757 0.000000 -0.825587 -0.564257 -0.577349 -0.674093 -0.460707 -0.707083 -0.130650 -0.694906 0.000000 0.184759 0.982757 0.000000 -0.564257 0.825587 0.707083 0.130650 0.694906 0.000000 -0.825587 -0.564257 0.577349 -0.674093 -0.460707 0.707083 -0.694906 0.130650 0.000000 -0.982757 0.184759 -0.707083 -0.130650 -0.694906 -0.577349 -0.674093 -0.460707 -0.707083 -0.694906 0.130650 -1.000000 0.000000 0.000000 0.000000 0.564257 -0.825587 -0.577349 0.460707 -0.674093 -0.707083 0.694906 -0.130650 0.000000 0.982757 -0.184759 0.707083 -0.130650 -0.694906 0.577349 0.460707 -0.674093 0.707083 0.694906 -0.130650 1.000000 0.000000 0.000000 0.577349 0.460707 -0.674093 0.000000 0.564257 -0.825587 0.000000 0.982757 -0.184759 0.707083 0.694906 -0.130650 -0.577349 -0.674093 -0.460707 0.000000 -0.982757 0.184759 -0.707083 -0.694906 0.130650 -0.707083 0.130650 0.694906 -0.577349 -0.460707 0.674093 0.000000 -0.564257 0.825587 0.000000 0.184759 0.982757 0.707083 -0.130650 -0.694906 0.000000 -0.825587 -0.564257 0.000000 -0.184759 -0.982757 -0.707083 -0.694906 0.130650 0.000000 -0.982757 0.184759 -0.577349 -0.460707 0.674093 0.707083 0.694906 -0.130650 0.000000 0.982757 -0.184759 0.000000 0.825587 0.564257 0.577349 0.674093 0.460707 0.000000 -0.184759 -0.982757 0.000000 0.564257 -0.825587 -0.577349 0.674093 0.460707 -0.707083 0.130650 0.694906 0.000000 0.184759 0.982757 0.707083 -0.130650 -0.694906 1.000000 0.000000 0.000000 -0.577349 0.460707 -0.674093 -0.707083 -0.130650 -0.694906 -1.000000 0.000000 0.000000 -0.707083 0.694906 -0.130650 0.000000 0.825587 0.564257 0.000000 0.184759 0.982757 0.000000 -0.184759 -0.982757 -0.707083 -0.130650 -0.694906 -0.577349 0.460707 -0.674093 -0.707083 0.694906 -0.130650 -1.000000 0.000000 0.000000 -0.707083 0.130650 0.694906 -0.577349 0.674093 0.460707 1.000000 0.000000 0.000000 0.707083 0.130650 0.694906 0.707083 -0.694906 0.130650 0.577349 -0.460707 0.674093 0.577349 -0.674093 -0.460707 0.707083 -0.694906 0.130650 -0.707083 -0.130650 -0.694906 -0.707083 -0.130650 -0.694906 -1.000000 0.000000 0.000000 -1.000000 0.000000 0.000000 0.000000 -0.184759 -0.982757 0.000000 -0.184759 -0.982757 " />
								<TextureCoordinate point="0.1830 0.8472 0.1830 0.8976 0.2837 0.8976 0.2837 0.8472 0.1830 0.7969 0.1830 0.8976 0.2837 0.8976 0.2837 0.7969 0.1830 0.8724 0.1830 0.8976 0.2837 0.8976 0.2837 0.8724 0.1830 0.7969 0.1830 0.8976 0.2837 0.8976 0.2837 0.7969 0.1830 0.8724 0.1830 0.8976 0.2837 0.8976 0.2837 0.8724 0.1830 0.8724 0.1830 0.8976 0.2837 0.8724 0.1830 0.7969 0.1830 0.8976 0.2837 0.8976 0.2837 0.7969 0.1830 0.8724 0.1830 0.8976 0.2837 0.8976 0.2837 0.8724 0.1830 0.7969 0.1830 0.8976 0.2837 0.8976 0.2837 0.7969 0.1830 0.8472 0.1830 0.8976 0.2837 0.8976 0.2837 0.8472 0.1830 0.7969 0.1830 0.8976 0.2837 0.8976 0.2837 0.7969 0.1830 0.7969 0.2837 0.8976 0.2837 0.7969 0.1830 0.8724 0.1830 0.8976 0.2837 0.8976 0.2837 0.8724 0.1830 0.8724 0.2837 0.8976 0.2837 0.8724 0.1830 0.7969 0.1830 0.8976 0.2837 0.7969 0.1830 0.7969 0.1830 0.8976 0.2837 0.8976 0.2837 0.7969 0.2837 0.8472 0.2837 0.7969 0.1830 0.7969 0.1830 0.8472 0.2837 0.8472 0.1830 0.8221 0.2837 0.8221 0.1830 0.7969 0.1830 0.8472 0.2837 0.8472 0.2837 0.7969 0.1830 0.7969 0.1830 0.8472 0.1830 0.8472 0.2837 0.8472 0.2837 0.7969 0.1830 0.7969 0.1830 0.8472 0.2837 0.8472 0.2837 0.7969 0.1830 0.8221 0.2837 0.8221 0.1830 0.7969 0.2837 0.7969 0.1830 0.7969 0.2837 0.7969 0.9716 0.8519 0.7850 0.8519 0.7850 0.9693 0.9716 0.9693 0.9716 0.8301 0.7850 0.8301 " />
							</IndexedTriangleSet>
						</Shape>
					</Group>
				</Transform>
				<Transform DEF="Cube_003_TRANSFORM"
				           translation="0.000000 -0.159314 -0.713765"
				           scale="1.000000 1.000000 1.000000"
				           rotation="0.000000 1.000000 0.000000 0.000000"
				           >
					<Transform DEF="Cube_003_ifs_TRANSFORM"
					           translation="0.000000 0.000000 0.000000"
					           scale="1.000000 1.000000 1.000000"
					           rotation="0.000000 1.000000 0.000000 0.000000"
					           >
						<Group DEF="group_ME_Cube_027">
							<Shape>
								<Appearance>
									<Material USE="MA_Body" />
								</Appearance>
								<IndexedTriangleSet solid="false"
								                    normalPerVertex="true"
								                    index="0 1 2 0 2 3 4 5 6 4 6 7 8 9 10 8 10 11 12 13 14 12 14 15 16 17 18 16 18 19 20 21 22 20 22 23 24 25 26 24 26 27 28 29 30 28 30 31 32 33 34 32 34 35 36 37 38 36 38 39 40 41 42 40 42 43 44 17 45 44 45 46 47 48 49 47 49 50 51 52 53 51 53 54 55 21 56 55 56 57 58 59 60 58 60 61 62 63 53 62 53 64 65 66 67 65 67 68 69 70 71 69 71 72 73 74 75 73 75 76 77 78 79 77 79 80 81 82 83 81 83 84 85 86 87 85 87 88 89 90 91 89 91 92 93 94 95 93 95 96 97 98 99 97 99 100 101 102 87 101 87 103 104 105 106 104 106 107 108 109 110 108 110 111 112 113 114 112 114 115 116 117 118 116 118 119 120 121 122 120 122 123 124 125 126 124 126 127 128 98 129 128 129 130 131 132 133 131 133 134 135 109 136 135 136 137 138 139 140 138 140 141 142 143 144 142 144 145 146 147 148 146 148 149 150 151 152 150 152 153 154 155 156 154 156 157 158 159 160 158 160 161 162 163 164 162 164 165 166 167 168 166 168 169 170 171 172 170 172 173 174 175 176 174 176 177 178 179 180 178 180 181 32 182 183 32 183 184 185 186 187 185 187 188 189 182 190 189 190 191 192 193 194 192 194 195 196 197 198 196 198 199 200 201 202 200 202 203 204 205 206 204 206 207 208 209 205 208 205 204 210 211 212 210 212 213 214 215 155 214 155 154 216 217 151 216 151 150 218 219 147 218 147 146 220 221 143 220 143 142 222 223 90 222 90 89 224 225 86 224 86 85 226 227 82 226 82 81 228 229 78 228 78 77 230 231 74 230 74 73 232 233 70 232 70 69 234 235 66 234 66 65 236 237 63 236 63 62 238 239 13 238 13 12 240 241 9 240 9 8 242 243 5 242 5 4 244 245 1 244 1 0 246 244 0 246 0 247 248 210 213 248 213 249 249 213 250 249 250 251 28 196 199 28 199 252 253 192 195 253 195 254 255 185 188 255 188 7 36 32 184 36 184 256 40 178 181 40 181 257 112 174 177 112 177 258 116 170 173 116 173 259 260 166 169 260 169 76 120 162 165 120 165 261 124 158 161 124 161 262 55 32 35 55 35 263 247 0 3 247 3 264 "
								                    >
									<Coordinate point="0.427988 0.207768 -0.320047 0.427988 0.403437 -0.322171 0.427988 0.406935 0.000170 0.427988 0.211266 0.002293 -0.273599 0.403437 -0.322171 -0.427988 0.403437 -0.322171 -0.427988 0.406935 0.000170 -0.273599 0.406935 0.000170 -0.427988 -0.323520 -0.314281 -0.427988 -0.410334 -0.313339 -0.427988 -0.406836 0.009002 -0.427988 -0.320021 0.008059 0.273599 -0.410334 -0.313339 0.427988 -0.410334 -0.313339 0.427988 -0.406836 0.009002 0.273599 -0.406836 0.009002 -0.273599 -0.327821 -0.710620 -0.273599 -0.414635 -0.709678 -0.427988 -0.414635 -0.709678 -0.427988 -0.327821 -0.710620 0.273599 -0.414635 -0.709678 0.427988 -0.414635 -0.709678 0.427988 -0.413638 -0.617771 0.273599 -0.413638 -0.617771 -0.427988 -0.327821 -0.710620 -0.427988 -0.414635 -0.709678 -0.427988 -0.413638 -0.617771 -0.427988 -0.326824 -0.618714 -0.273599 0.399135 -0.718509 -0.427988 0.399135 -0.718509 -0.427988 0.400133 -0.626603 -0.273599 0.400133 -0.626603 0.427988 0.203467 -0.716386 0.427988 0.399135 -0.718509 0.427988 0.400133 -0.626603 0.427988 0.204464 -0.624480 0.427988 0.399135 -0.718509 0.273599 0.399135 -0.718509 0.273599 0.400133 -0.626603 0.427988 0.400133 -0.626603 -0.168314 0.399135 -0.718509 -0.273599 0.399135 -0.718509 -0.273599 0.400133 -0.626603 -0.168314 0.400133 -0.626603 -0.427988 -0.414635 -0.709678 -0.273599 -0.413638 -0.617771 -0.427988 -0.413638 -0.617771 0.168314 -0.414635 -0.709678 0.273599 -0.414635 -0.709678 0.273599 -0.413638 -0.617771 0.168314 -0.413638 -0.617771 -0.427988 -0.320021 0.008059 -0.427988 -0.406836 0.009002 -0.273599 -0.406836 0.009002 -0.273599 -0.320021 0.008059 0.427988 -0.327821 -0.710620 0.273599 -0.414635 -0.709678 0.273599 -0.327821 -0.710620 -0.168314 -0.327821 -0.710620 -0.168314 -0.414635 -0.709678 -0.273599 -0.414635 -0.709678 -0.273599 -0.327821 -0.710620 -0.427988 -0.410334 -0.313339 -0.273599 -0.410334 -0.313339 -0.427988 -0.406836 0.009002 0.168314 -0.410334 -0.313339 0.273599 -0.410334 -0.313339 0.273599 -0.406836 0.009002 0.168314 -0.406836 0.009002 0.427988 0.403437 -0.322171 0.273599 0.403437 -0.322171 0.273599 0.406935 0.000170 0.427988 0.406935 0.000170 -0.168314 0.403437 -0.322171 -0.273599 0.403437 -0.322171 -0.273599 0.406935 0.000170 -0.168314 0.406935 0.000170 0.273599 0.403437 -0.322171 0.168314 0.403437 -0.322171 0.168314 0.406935 0.000170 0.273599 0.406935 0.000170 -0.056105 0.403437 -0.322171 -0.168314 0.403437 -0.322171 -0.168314 0.406935 0.000170 -0.056105 0.406935 0.000170 -0.273599 -0.410334 -0.313339 -0.168314 -0.410334 -0.313339 -0.168314 -0.406836 0.009002 -0.273599 -0.406836 0.009002 0.056105 -0.410334 -0.313339 0.168314 -0.410334 -0.313339 0.168314 -0.406836 0.009002 0.056105 -0.406836 0.009002 0.273599 -0.327821 -0.710620 0.273599 -0.414635 -0.709678 0.168314 -0.414635 -0.709678 0.168314 -0.327821 -0.710620 -0.056105 -0.327821 -0.710620 -0.056105 -0.414635 -0.709678 -0.168314 -0.414635 -0.709678 -0.168314 -0.327821 -0.710620 -0.273599 -0.320021 0.008059 -0.273599 -0.406836 0.009002 -0.168314 -0.320021 0.008059 -0.273599 -0.414635 -0.709678 -0.168314 -0.414635 -0.709678 -0.168314 -0.413638 -0.617771 -0.273599 -0.413638 -0.617771 0.056105 -0.414635 -0.709678 0.168314 -0.414635 -0.709678 0.168314 -0.413638 -0.617771 0.056105 -0.413638 -0.617771 0.273599 0.399135 -0.718509 0.168314 0.399135 -0.718509 0.168314 0.400133 -0.626603 0.273599 0.400133 -0.626603 -0.056105 0.399135 -0.718509 -0.168314 0.399135 -0.718509 -0.168314 0.400133 -0.626603 -0.056105 0.400133 -0.626603 0.168314 0.399135 -0.718509 0.056105 0.399135 -0.718509 0.056105 0.400133 -0.626603 0.168314 0.400133 -0.626603 0.056105 0.399135 -0.718509 -0.056105 0.399135 -0.718509 -0.056105 0.400133 -0.626603 0.056105 0.400133 -0.626603 -0.168314 -0.414635 -0.709678 -0.056105 -0.413638 -0.617771 -0.168314 -0.413638 -0.617771 -0.056105 -0.414635 -0.709678 0.056105 -0.414635 -0.709678 0.056105 -0.413638 -0.617771 -0.056105 -0.413638 -0.617771 0.168314 -0.327821 -0.710620 0.056105 -0.414635 -0.709678 0.056105 -0.327821 -0.710620 0.056105 -0.327821 -0.710620 0.056105 -0.414635 -0.709678 -0.056105 -0.414635 -0.709678 -0.056105 -0.327821 -0.710620 -0.168314 -0.410334 -0.313339 -0.056105 -0.410334 -0.313339 -0.056105 -0.406836 0.009002 -0.168314 -0.406836 0.009002 -0.056105 -0.410334 -0.313339 0.056105 -0.410334 -0.313339 0.056105 -0.406836 0.009002 -0.056105 -0.406836 0.009002 0.168314 0.403437 -0.322171 0.056105 0.403437 -0.322171 0.056105 0.406935 0.000170 0.168314 0.406935 0.000170 0.056105 0.403437 -0.322171 -0.056105 0.403437 -0.322171 -0.056105 0.406935 0.000170 0.056105 0.406935 0.000170 0.056105 0.203467 -0.716386 0.056105 -0.327821 -0.710620 -0.056105 -0.327821 -0.710620 -0.056105 0.203467 -0.716386 0.168314 0.203467 -0.716386 0.168314 -0.327821 -0.710620 0.056105 -0.327821 -0.710620 0.056105 0.203467 -0.716386 -0.273599 0.211266 0.002293 -0.273599 -0.320021 0.008059 -0.168314 -0.320021 0.008059 -0.168314 0.211266 0.002293 -0.056105 0.203467 -0.716386 -0.056105 -0.327821 -0.710620 -0.168314 -0.327821 -0.710620 -0.168314 0.203467 -0.716386 0.273599 0.203467 -0.716386 0.273599 -0.327821 -0.710620 0.168314 -0.327821 -0.710620 0.168314 0.203467 -0.716386 -0.168314 0.203467 -0.716386 -0.168314 -0.327821 -0.710620 -0.273599 -0.327821 -0.710620 -0.273599 0.203467 -0.716386 0.427988 -0.327821 -0.710620 0.273599 -0.327821 -0.710620 0.273599 0.203467 -0.716386 -0.427988 0.211266 0.002293 -0.427988 -0.320021 0.008059 -0.273599 -0.320021 0.008059 -0.273599 0.211266 0.002293 0.427988 -0.414635 -0.709678 0.427988 -0.326824 -0.618714 0.427988 -0.413638 -0.617771 -0.427988 0.203467 -0.716386 -0.427988 -0.327821 -0.710620 -0.427988 -0.326824 -0.618714 -0.427988 0.204464 -0.624480 -0.273599 0.203467 -0.716386 -0.273599 -0.327821 -0.710620 -0.427988 -0.327821 -0.710620 -0.427988 0.203467 -0.716386 -0.427988 0.207768 -0.320047 -0.427988 -0.323520 -0.314281 -0.427988 -0.320021 0.008059 -0.427988 0.211266 0.002293 0.427988 -0.410334 -0.313339 0.427988 -0.323520 -0.314281 0.427988 -0.320021 0.008059 0.427988 -0.406836 0.009002 0.427988 -0.413638 -0.617771 0.427988 -0.326824 -0.618714 -0.427988 0.204464 -0.624480 -0.427988 -0.326824 -0.618714 -0.427988 -0.323520 -0.314281 -0.427988 0.207768 -0.320047 0.056105 0.400133 -0.626603 -0.056105 0.400133 -0.626603 0.168314 0.400133 -0.626603 0.056105 0.400133 -0.626603 -0.056105 -0.413638 -0.617771 0.056105 -0.413638 -0.617771 -0.168314 -0.413638 -0.617771 -0.056105 -0.413638 -0.617771 0.056105 -0.413638 -0.617771 0.168314 -0.413638 -0.617771 -0.273599 -0.413638 -0.617771 -0.168314 -0.413638 -0.617771 -0.056105 0.400133 -0.626603 -0.168314 0.400133 -0.626603 0.273599 0.400133 -0.626603 0.168314 0.400133 -0.626603 -0.168314 0.400133 -0.626603 -0.273599 0.400133 -0.626603 0.427988 0.400133 -0.626603 0.273599 0.400133 -0.626603 0.168314 -0.413638 -0.617771 0.273599 -0.413638 -0.617771 -0.427988 -0.413638 -0.617771 -0.273599 -0.413638 -0.617771 0.273599 -0.413638 -0.617771 0.427988 -0.413638 -0.617771 -0.427988 -0.326824 -0.618714 -0.427988 -0.413638 -0.617771 -0.273599 0.400133 -0.626603 -0.427988 0.400133 -0.626603 0.427988 0.204464 -0.624480 0.427988 0.400133 -0.626603 0.427988 -0.326824 -0.618714 0.427988 -0.323520 -0.314281 -0.427988 0.400133 -0.626603 -0.427988 0.403437 -0.322171 -0.427988 0.211266 0.002293 -0.427988 0.406935 0.000170 -0.427988 0.399135 -0.718509 -0.427988 0.399135 -0.718509 -0.427988 0.400133 -0.626603 -0.427988 0.406935 0.000170 0.273599 0.399135 -0.718509 -0.273599 0.399135 -0.718509 0.168314 0.399135 -0.718509 -0.168314 0.399135 -0.718509 -0.273599 0.406935 0.000170 0.056105 0.399135 -0.718509 -0.056105 0.399135 -0.718509 0.427988 -0.326824 -0.618714 0.427988 -0.320021 0.008059 " />
									<Normal vector="1.000000 0.000000 0.000000 0.707083 0.707053 -0.007660 0.707083 0.707053 -0.007660 1.000000 0.000000 0.000000 0.000000 0.999939 -0.010834 -0.707083 0.707053 -0.007660 -0.577349 0.583575 0.571032 0.000000 0.714713 0.699362 -1.000000 0.000000 0.000000 -0.707083 -0.707053 0.007660 -0.577349 -0.571032 0.583575 -0.707083 0.007660 0.707053 0.000000 -0.999939 0.010834 0.707083 -0.707053 0.007660 0.707083 -0.707053 0.007660 0.000000 -0.999939 0.010834 0.000000 -0.010834 -0.999939 0.000000 -0.714713 -0.699362 -0.577349 -0.583575 -0.571032 -0.707083 -0.007660 -0.707053 0.000000 -0.714713 -0.699362 0.577349 -0.583575 -0.571032 0.707083 -0.707053 0.007660 0.000000 -0.999939 0.010834 -0.707083 -0.007660 -0.707053 -0.577349 -0.583575 -0.571032 -0.707083 -0.707053 0.007660 -1.000000 0.000000 0.000000 0.000000 0.699362 -0.714713 -0.577349 0.571032 -0.583575 -0.707083 0.707053 -0.007660 0.000000 0.999939 -0.010834 0.707083 -0.007660 -0.707053 0.577349 0.571032 -0.583575 0.707083 0.707053 -0.007660 1.000000 0.000000 0.000000 0.577349 0.571032 -0.583575 0.000000 0.699362 -0.714713 0.000000 0.999939 -0.010834 0.707083 0.707053 -0.007660 0.000000 0.699362 -0.714713 0.000000 0.699362 -0.714713 0.000000 0.999939 -0.010834 0.000000 0.999939 -0.010834 -0.577349 -0.583575 -0.571032 0.000000 -0.999939 0.010834 -0.707083 -0.707053 0.007660 0.000000 -0.714713 -0.699362 0.000000 -0.714713 -0.699362 0.000000 -0.999939 0.010834 0.000000 -0.999939 0.010834 -0.707083 0.007660 0.707053 -0.577349 -0.571032 0.583575 0.000000 -0.699362 0.714713 0.000000 0.010834 0.999939 0.707083 -0.007660 -0.707053 0.000000 -0.714713 -0.699362 0.000000 -0.010834 -0.999939 0.000000 -0.010834 -0.999939 0.000000 -0.714713 -0.699362 0.000000 -0.714713 -0.699362 0.000000 -0.010834 -0.999939 -0.707083 -0.707053 0.007660 0.000000 -0.999939 0.010834 -0.577349 -0.571032 0.583575 0.000000 -0.999939 0.010834 0.000000 -0.999939 0.010834 0.000000 -0.999939 0.010834 0.000000 -0.999939 0.010834 0.707083 0.707053 -0.007660 0.000000 0.999939 -0.010834 0.000000 0.999939 -0.010834 0.707083 0.707053 -0.007660 0.000000 0.999939 -0.010834 0.000000 0.999939 -0.010834 0.000000 0.714713 0.699362 0.000000 0.899228 0.437452 0.000000 0.999939 -0.010834 0.000000 0.999939 -0.010834 0.000000 0.999939 -0.010834 0.000000 0.999939 -0.010834 0.000000 0.999939 -0.010834 0.000000 0.999939 -0.010834 0.000000 0.899228 0.437452 0.000000 0.999939 -0.010834 0.000000 -0.999939 0.010834 0.000000 -0.999939 0.010834 0.000000 -0.889492 0.456893 0.000000 -0.699362 0.714713 0.000000 -0.999939 0.010834 0.000000 -0.999939 0.010834 0.000000 -0.999939 0.010834 0.000000 -0.999939 0.010834 0.000000 -0.010834 -0.999939 0.000000 -0.714713 -0.699362 0.000000 -0.714713 -0.699362 0.000000 -0.010834 -0.999939 0.000000 -0.010834 -0.999939 0.000000 -0.714713 -0.699362 0.000000 -0.714713 -0.699362 0.000000 -0.010834 -0.999939 0.000000 0.010834 0.999939 0.000000 -0.699362 0.714713 0.000000 0.010834 0.999939 0.000000 -0.714713 -0.699362 0.000000 -0.714713 -0.699362 0.000000 -0.999939 0.010834 0.000000 -0.999939 0.010834 0.000000 -0.714713 -0.699362 0.000000 -0.714713 -0.699362 0.000000 -0.999939 0.010834 0.000000 -0.999939 0.010834 0.000000 0.699362 -0.714713 0.000000 0.699362 -0.714713 0.000000 0.999939 -0.010834 0.000000 0.999939 -0.010834 0.000000 0.699362 -0.714713 0.000000 0.699362 -0.714713 0.000000 0.999939 -0.010834 0.000000 0.999939 -0.010834 0.000000 0.699362 -0.714713 0.000000 0.699362 -0.714713 0.000000 0.999939 -0.010834 0.000000 0.999939 -0.010834 0.000000 0.699362 -0.714713 0.000000 0.699362 -0.714713 0.000000 0.999939 -0.010834 0.000000 0.999939 -0.010834 0.000000 -0.714713 -0.699362 0.000000 -0.999939 0.010834 0.000000 -0.999939 0.010834 0.000000 -0.714713 -0.699362 0.000000 -0.714713 -0.699362 0.000000 -0.999939 0.010834 0.000000 -0.999939 0.010834 0.000000 -0.010834 -0.999939 0.000000 -0.714713 -0.699362 0.000000 -0.010834 -0.999939 0.000000 -0.010834 -0.999939 0.000000 -0.714713 -0.699362 0.000000 -0.714713 -0.699362 0.000000 -0.010834 -0.999939 0.000000 -0.999939 0.010834 0.000000 -0.999939 0.010834 0.000000 -0.999939 0.010834 0.000000 -0.889492 0.456893 0.000000 -0.999939 0.010834 0.000000 -0.999939 0.010834 0.000000 -0.999939 0.010834 0.000000 -0.999939 0.010834 0.000000 0.999939 -0.010834 0.000000 0.999939 -0.010834 0.000000 0.999939 -0.010834 0.000000 0.999939 -0.010834 0.000000 0.999939 -0.010834 0.000000 0.999939 -0.010834 0.000000 0.999939 -0.010834 0.000000 0.999939 -0.010834 0.000000 -0.010834 -0.999939 0.000000 -0.010834 -0.999939 0.000000 -0.010834 -0.999939 0.000000 -0.010834 -0.999939 0.000000 -0.010834 -0.999939 0.000000 -0.010834 -0.999939 0.000000 -0.010834 -0.999939 0.000000 -0.010834 -0.999939 0.000000 0.010834 0.999939 0.000000 0.010834 0.999939 0.000000 0.010834 0.999939 0.000000 0.010834 0.999939 0.000000 -0.010834 -0.999939 0.000000 -0.010834 -0.999939 0.000000 -0.010834 -0.999939 0.000000 -0.010834 -0.999939 0.000000 -0.010834 -0.999939 0.000000 -0.010834 -0.999939 0.000000 -0.010834 -0.999939 0.000000 -0.010834 -0.999939 0.000000 -0.010834 -0.999939 0.000000 -0.010834 -0.999939 0.000000 -0.010834 -0.999939 0.000000 -0.010834 -0.999939 0.707083 -0.007660 -0.707053 0.000000 -0.010834 -0.999939 0.000000 -0.010834 -0.999939 -0.707083 0.007660 0.707053 -0.707083 0.007660 0.707053 0.000000 0.010834 0.999939 0.000000 0.010834 0.999939 0.577349 -0.583575 -0.571032 1.000000 0.000000 0.000000 0.707083 -0.707053 0.007660 -0.707083 -0.007660 -0.707053 -0.707083 -0.007660 -0.707053 -1.000000 0.000000 0.000000 -1.000000 0.000000 0.000000 0.000000 -0.010834 -0.999939 0.000000 -0.010834 -0.999939 -0.707083 -0.007660 -0.707053 -0.707083 -0.007660 -0.707053 -1.000000 0.000000 0.000000 -1.000000 0.000000 0.000000 -0.707083 0.007660 0.707053 -0.707083 0.007660 0.707053 0.707083 -0.707053 0.007660 1.000000 0.000000 0.000000 1.000000 0.000000 0.000000 0.707083 -0.707053 0.007660 0.707083 -0.707053 0.007660 1.000000 0.000000 0.000000 -1.000000 0.000000 0.000000 -1.000000 0.000000 0.000000 -1.000000 0.000000 0.000000 -1.000000 0.000000 0.000000 0.000000 0.999939 -0.010834 0.000000 0.999939 -0.010834 0.000000 0.999939 -0.010834 0.000000 0.999939 -0.010834 0.000000 -0.999939 0.010834 0.000000 -0.999939 0.010834 0.000000 -0.999939 0.010834 0.000000 -0.999939 0.010834 0.000000 -0.999939 0.010834 0.000000 -0.999939 0.010834 0.000000 -0.999939 0.010834 0.000000 -0.999939 0.010834 0.000000 0.999939 -0.010834 0.000000 0.999939 -0.010834 0.000000 0.999939 -0.010834 0.000000 0.999939 -0.010834 0.000000 0.999939 -0.010834 0.000000 0.999939 -0.010834 0.707083 0.707053 -0.007660 0.000000 0.999939 -0.010834 0.000000 -0.999939 0.010834 0.000000 -0.999939 0.010834 -0.707083 -0.707053 0.007660 0.000000 -0.999939 0.010834 0.000000 -0.999939 0.010834 0.707083 -0.707053 0.007660 -1.000000 0.000000 0.000000 -0.707083 -0.707053 0.007660 0.000000 0.999939 -0.010834 -0.707083 0.707053 -0.007660 1.000000 0.000000 0.000000 0.707083 0.707053 -0.007660 1.000000 0.000000 0.000000 1.000000 0.000000 0.000000 -0.707083 0.707053 -0.007660 -0.707083 0.707053 -0.007660 -0.707083 0.007660 0.707053 -0.577349 0.583575 0.571032 -0.577349 0.571032 -0.583575 -0.577349 0.571032 -0.583575 -0.707083 0.707053 -0.007660 -0.577349 0.583575 0.571032 0.000000 0.699362 -0.714713 0.000000 0.699362 -0.714713 0.000000 0.699362 -0.714713 0.000000 0.699362 -0.714713 0.000000 0.714713 0.699362 0.000000 0.699362 -0.714713 0.000000 0.699362 -0.714713 1.000000 0.000000 0.000000 1.000000 0.000000 0.000000 " />
									<TextureCoordinate point="0.2334 0.8534 0.2334 0.9013 0.2813 0.9013 0.2813 0.8534 0.2334 0.8055 0.2334 0.9013 0.2813 0.9013 0.2813 0.8055 0.2334 0.8055 0.2334 0.9013 0.2813 0.9013 0.2813 0.8055 0.2334 0.8055 0.2334 0.9013 0.2813 0.9013 0.2813 0.8055 0.1855 0.8055 0.1855 0.9013 0.2813 0.9013 0.2813 0.8055 0.1855 0.8055 0.1855 0.9013 0.2813 0.9013 0.2813 0.8055 0.1855 0.8055 0.1855 0.9013 0.2813 0.9013 0.2813 0.8055 0.1855 0.8055 0.1855 0.9013 0.2813 0.9013 0.2813 0.8055 0.1855 0.8534 0.1855 0.9013 0.2813 0.9013 0.2813 0.8534 0.1855 0.8055 0.1855 0.9013 0.2813 0.9013 0.2813 0.8055 0.1855 0.8055 0.1855 0.9013 0.2813 0.9013 0.2813 0.8055 0.1855 0.8055 0.2813 0.9013 0.2813 0.8055 0.0448 0.2343 0.3362 0.2343 0.3362 0.2919 0.0448 0.2919 0.1855 0.8055 0.1855 0.9013 0.2813 0.9013 0.2813 0.8055 0.1855 0.8055 0.2813 0.9013 0.2813 0.8055 0.0645 0.2262 0.3843 0.2262 0.3843 0.2915 0.0645 0.2915 0.2334 0.8055 0.2334 0.9013 0.2813 0.8055 0.2334 0.8055 0.2334 0.9013 0.2813 0.9013 0.2813 0.8055 0.2334 0.8055 0.2334 0.9013 0.2813 0.9013 0.2813 0.8055 0.2334 0.8055 0.2334 0.9013 0.2813 0.9013 0.2813 0.8055 0.2334 0.8055 0.2334 0.9013 0.2813 0.9013 0.2813 0.8055 0.2334 0.8055 0.2334 0.9013 0.2813 0.9013 0.2813 0.8055 0.2334 0.8055 0.2334 0.9013 0.2813 0.9013 0.2813 0.8055 0.2334 0.8055 0.2334 0.9013 0.2813 0.9013 0.2813 0.8055 0.0645 0.2262 0.3843 0.2262 0.3843 0.2915 0.0645 0.2915 0.1855 0.8055 0.1855 0.9013 0.2813 0.9013 0.2813 0.8055 0.1855 0.8055 0.1855 0.9013 0.2813 0.8055 0.0448 0.2343 0.3362 0.2343 0.3362 0.2919 0.0448 0.2919 0.1855 0.8055 0.1855 0.9013 0.2813 0.9013 0.2813 0.8055 0.1855 0.8055 0.1855 0.9013 0.2813 0.9013 0.2813 0.8055 0.1855 0.8055 0.1855 0.9013 0.2813 0.9013 0.2813 0.8055 0.1855 0.8055 0.1855 0.9013 0.2813 0.9013 0.2813 0.8055 0.1855 0.8055 0.1855 0.9013 0.2813 0.9013 0.2813 0.8055 0.1855 0.8055 0.2813 0.9013 0.2813 0.8055 0.0448 0.2343 0.3362 0.2343 0.3362 0.2919 0.0448 0.2919 0.1855 0.8055 0.2813 0.9013 0.2813 0.8055 0.0645 0.2262 0.3843 0.2262 0.3843 0.2915 0.0645 0.2915 0.2334 0.8055 0.2334 0.9013 0.2813 0.9013 0.2813 0.8055 0.2334 0.8055 0.2334 0.9013 0.2813 0.9013 0.2813 0.8055 0.2334 0.8055 0.2334 0.9013 0.2813 0.9013 0.2813 0.8055 0.2334 0.8055 0.2334 0.9013 0.2813 0.9013 0.2813 0.8055 0.1855 0.8534 0.1855 0.9013 0.2813 0.9013 0.2813 0.8534 0.1855 0.8534 0.1855 0.9013 0.2813 0.9013 0.2813 0.8534 0.1855 0.8534 0.1855 0.9013 0.2813 0.9013 0.2813 0.8534 0.1855 0.8534 0.1855 0.9013 0.2813 0.9013 0.2813 0.8534 0.1855 0.8534 0.1855 0.9013 0.2813 0.9013 0.2813 0.8534 0.1855 0.8534 0.1855 0.9013 0.2813 0.9013 0.2813 0.8534 0.1855 0.9013 0.2813 0.9013 0.2813 0.8534 0.1855 0.8534 0.1855 0.9013 0.2813 0.9013 0.2813 0.8534 0.1855 0.8055 0.2813 0.9013 0.2813 0.8055 0.1855 0.8534 0.1855 0.9013 0.2813 0.9013 0.2813 0.8534 0.1855 0.8534 0.1855 0.9013 0.2813 0.9013 0.2813 0.8534 0.9962 0.6418 0.7680 0.6418 0.7680 0.8130 0.9962 0.8130 0.2334 0.8055 0.2334 0.9013 0.2813 0.9013 0.2813 0.8055 0.1855 0.8055 0.1855 0.9013 0.1855 0.8534 0.1855 0.9013 0.2334 0.9013 0.2334 0.8534 0.1855 0.8055 0.1855 0.9013 0.1855 0.8055 0.1855 0.9013 0.1855 0.8055 0.1855 0.9013 0.1855 0.8055 0.1855 0.9013 0.1855 0.8055 0.1855 0.9013 0.1855 0.8055 0.1855 0.9013 0.1855 0.8055 0.1855 0.9013 0.1855 0.8055 0.1855 0.9013 0.1855 0.8055 0.1855 0.9013 0.1855 0.8055 0.1855 0.9013 0.1855 0.8055 0.1855 0.9013 0.1855 0.8055 0.1855 0.9013 0.1855 0.8055 0.1855 0.9013 0.1855 0.8055 0.1855 0.9013 0.1855 0.8055 0.1855 0.9013 0.1855 0.8534 0.1855 0.9013 0.1855 0.8055 0.2334 0.8055 0.1855 0.8055 0.2334 0.8055 0.2813 0.8534 0.2813 0.8055 0.2813 0.8055 0.1855 0.8055 0.2813 0.8055 0.1855 0.8055 0.2813 0.8055 0.2813 0.8055 0.2813 0.8055 0.2813 0.8055 0.1855 0.8055 0.2813 0.8055 0.2813 0.8055 0.2813 0.8055 0.2813 0.8055 " />
								</IndexedTriangleSet>
							</Shape>
						</Group>
					</Transform>
				</Transform>
			</Transform>
			<Transform DEF="leg1_TRANSFORM"
			           translation="1.216704 -2.758327 0.350744"
			           scale="1.000000 1.000000 1.000000"
			           rotation="0.000000 1.000000 0.000000 0.000000"
			           >
				<Transform DEF="leg1_ifs_TRANSFORM"
				           translation="0.000000 0.000000 0.000000"
				           scale="1.000000 1.000000 1.000000"
				           rotation="0.000000 1.000000 0.000000 0.000000"
				           >
					<Group DEF="group_ME_leg1">
						<Shape>
							<Appearance>
								<Material USE="MA_Body" />
							</Appearance>
							<IndexedTriangleSet solid="false"
							                    normalPerVertex="true"
							                    index="0 1 2 0 2 3 4 5 6 4 6 7 8 9 10 8 10 11 12 13 14 12 14 15 16 17 18 16 18 19 20 21 14 20 14 22 23 24 25 23 25 26 27 28 29 27 29 30 31 32 33 31 33 34 35 36 37 35 37 38 39 40 41 39 41 42 43 44 45 43 45 19 46 47 48 46 48 49 50 51 52 50 52 26 53 54 48 53 48 55 56 57 58 56 58 59 39 60 61 39 61 35 62 5 63 62 63 64 65 66 36 65 36 35 67 68 69 67 69 70 71 57 1 71 1 72 31 73 74 31 74 75 76 77 78 76 78 79 80 81 1 80 1 0 82 83 81 82 81 80 84 85 66 84 66 65 35 61 51 35 51 50 64 63 47 64 47 46 86 87 88 86 88 89 72 1 21 72 21 20 90 86 89 90 89 91 79 78 9 79 9 8 "
							                    >
								<Coordinate point="-0.493689 0.161363 -0.555496 -0.493689 0.257683 -0.043215 -0.493689 0.486138 -0.086170 -0.493689 0.389818 -0.598450 0.379361 0.389818 -0.598450 0.379361 0.486138 -0.086170 0.493689 0.486138 -0.086170 0.493689 0.389818 -0.598450 0.493689 -0.457756 -0.439088 0.493689 -0.361436 0.073193 0.493689 -0.484236 0.096282 0.493689 -0.580557 -0.415999 0.379361 -0.580557 -0.415999 0.379361 -0.484236 0.096282 -0.493689 -0.484236 0.096282 -0.493689 -0.580557 -0.415999 0.379361 -0.510432 -0.719248 0.493689 -0.510432 -0.719248 0.493689 -0.633233 -0.696159 0.379361 -0.633233 -0.696159 0.379361 -0.361436 0.073193 -0.493689 -0.361436 0.073193 0.379361 -0.484236 0.096282 0.379361 -0.633233 -0.696159 0.379361 -0.580557 -0.415999 -0.493689 -0.580557 -0.415999 -0.493689 -0.633233 -0.696159 0.493689 -0.510432 -0.719248 0.493689 -0.457756 -0.439088 0.493689 -0.580557 -0.415999 0.493689 -0.633233 -0.696159 0.379361 0.337141 -0.878611 0.379361 0.389818 -0.598450 0.493689 0.389818 -0.598450 0.493689 0.337141 -0.878611 -0.493689 0.108687 -0.835656 -0.493689 0.161363 -0.555496 -0.493689 0.389818 -0.598450 -0.493689 0.337141 -0.878611 -0.493689 0.337141 -0.878611 -0.493689 0.389818 -0.598450 0.379361 0.389818 -0.598450 0.379361 0.337141 -0.878611 0.493689 -0.633233 -0.696159 0.493689 -0.580557 -0.415999 0.379361 -0.580557 -0.415999 0.493689 -0.361436 0.073193 0.379361 -0.361436 0.073193 0.379361 -0.484236 0.096282 0.493689 -0.484236 0.096282 -0.493689 -0.510432 -0.719248 0.379361 -0.510432 -0.719248 0.379361 -0.633233 -0.696159 0.493689 -0.580557 -0.415999 0.493689 -0.484236 0.096282 0.379361 -0.580557 -0.415999 -0.493689 0.389818 -0.598450 -0.493689 0.486138 -0.086170 0.379361 0.486138 -0.086170 0.379361 0.389818 -0.598450 0.379361 0.337141 -0.878611 0.379361 0.108687 -0.835656 0.493689 0.486138 -0.086170 0.379361 0.257683 -0.043215 0.493689 0.257683 -0.043215 -0.493689 -0.510432 -0.719248 -0.493689 -0.457756 -0.439088 0.493689 0.337141 -0.878611 0.493689 0.389818 -0.598450 0.493689 0.161363 -0.555496 0.493689 0.108687 -0.835656 0.379361 0.486138 -0.086170 0.379361 0.257683 -0.043215 0.493689 0.337141 -0.878611 0.493689 0.108687 -0.835656 0.379361 0.108687 -0.835656 0.493689 0.389818 -0.598450 0.493689 0.486138 -0.086170 0.493689 0.257683 -0.043215 0.493689 0.161363 -0.555496 -0.493689 -0.457756 -0.439088 -0.493689 -0.361436 0.073193 -0.493689 -0.580557 -0.415999 -0.493689 -0.484236 0.096282 -0.493689 -0.633233 -0.696159 -0.493689 -0.580557 -0.415999 0.493689 0.108687 -0.835656 0.493689 0.161363 -0.555496 0.493689 -0.457756 -0.439088 0.493689 -0.510432 -0.719248 0.379361 0.108687 -0.835656 0.379361 -0.510432 -0.719248 " />
								<Normal vector="-1.000000 0.000000 0.000000 -0.707083 0.130650 0.694906 -0.577349 0.674093 0.460707 -0.707083 0.694906 -0.130650 0.000000 0.982757 -0.184759 0.000000 0.825587 0.564257 0.577349 0.674093 0.460707 0.707083 0.694906 -0.130650 1.000000 0.000000 0.000000 0.707083 0.130650 0.694906 0.577349 -0.460707 0.674093 0.707083 -0.694906 0.130650 0.000000 -0.982757 0.184759 0.000000 -0.564257 0.825587 -0.577349 -0.460707 0.674093 -0.707083 -0.694906 0.130650 0.000000 -0.184759 -0.982757 0.707083 -0.130650 -0.694906 0.577349 -0.674093 -0.460707 0.000000 -0.825587 -0.564257 0.000000 0.184759 0.982757 -0.707083 0.130650 0.694906 0.000000 -0.564257 0.825587 0.000000 -0.825587 -0.564257 0.000000 -0.982757 0.184759 -0.707083 -0.694906 0.130650 -0.577349 -0.674093 -0.460707 0.707083 -0.130650 -0.694906 1.000000 0.000000 0.000000 0.707083 -0.694906 0.130650 0.577349 -0.674093 -0.460707 0.000000 0.564257 -0.825587 0.000000 0.982757 -0.184759 0.707083 0.694906 -0.130650 0.577349 0.460707 -0.674093 -0.707083 -0.130650 -0.694906 -1.000000 0.000000 0.000000 -0.707083 0.694906 -0.130650 -0.577349 0.460707 -0.674093 -0.577349 0.460707 -0.674093 -0.707083 0.694906 -0.130650 0.000000 0.982757 -0.184759 0.000000 0.564257 -0.825587 0.577349 -0.674093 -0.460707 0.707083 -0.694906 0.130650 0.000000 -0.982757 0.184759 0.707083 0.130650 0.694906 0.000000 0.184759 0.982757 0.000000 -0.564257 0.825587 0.577349 -0.460707 0.674093 -0.707083 -0.130650 -0.694906 0.000000 -0.184759 -0.982757 0.000000 -0.825587 -0.564257 0.707083 -0.694906 0.130650 0.577349 -0.460707 0.674093 0.000000 -0.982757 0.184759 -0.707083 0.694906 -0.130650 -0.577349 0.674093 0.460707 0.000000 0.825587 0.564257 0.000000 0.982757 -0.184759 0.000000 0.564257 -0.825587 0.000000 -0.184759 -0.982757 0.577349 0.674093 0.460707 0.000000 0.184759 0.982757 0.707083 0.130650 0.694906 -0.707083 -0.130650 -0.694906 -1.000000 0.000000 0.000000 0.577349 0.460707 -0.674093 0.707083 0.694906 -0.130650 1.000000 0.000000 0.000000 0.707083 -0.130650 -0.694906 0.000000 0.825587 0.564257 0.000000 0.184759 0.982757 0.577349 0.460707 -0.674093 0.707083 -0.130650 -0.694906 0.000000 -0.184759 -0.982757 0.707083 0.694906 -0.130650 0.577349 0.674093 0.460707 0.707083 0.130650 0.694906 1.000000 0.000000 0.000000 -1.000000 0.000000 0.000000 -0.707083 0.130650 0.694906 -0.707083 -0.694906 0.130650 -0.577349 -0.460707 0.674093 -0.577349 -0.674093 -0.460707 -0.707083 -0.694906 0.130650 0.707083 -0.130650 -0.694906 1.000000 0.000000 0.000000 1.000000 0.000000 0.000000 0.707083 -0.130650 -0.694906 0.000000 -0.184759 -0.982757 0.000000 -0.184759 -0.982757 " />
								<TextureCoordinate point="0.1830 0.8472 0.2837 0.8472 0.2837 0.8976 0.1830 0.8976 0.1830 0.7969 0.2837 0.7969 0.2837 0.8976 0.1830 0.8976 0.1830 0.8724 0.2837 0.8724 0.2837 0.8976 0.1830 0.8976 0.1830 0.7969 0.2837 0.7969 0.2837 0.8976 0.1830 0.8976 0.1830 0.8724 0.2837 0.8724 0.2837 0.8976 0.1830 0.8976 0.1830 0.8724 0.2837 0.8724 0.1830 0.8976 0.1830 0.7969 0.2837 0.7969 0.2837 0.8976 0.1830 0.8976 0.1830 0.8724 0.2837 0.8724 0.2837 0.8976 0.1830 0.8976 0.1830 0.7969 0.2837 0.7969 0.2837 0.8976 0.1830 0.8976 0.1830 0.8472 0.2837 0.8472 0.2837 0.8976 0.1830 0.8976 0.1830 0.7969 0.2837 0.7969 0.2837 0.8976 0.1830 0.8976 0.1830 0.7969 0.2837 0.7969 0.2837 0.8976 0.1830 0.8724 0.2837 0.8724 0.2837 0.8976 0.1830 0.8976 0.1830 0.8724 0.2837 0.8724 0.2837 0.8976 0.1830 0.7969 0.2837 0.7969 0.1830 0.8976 0.1830 0.7969 0.2837 0.7969 0.2837 0.8976 0.1830 0.8976 0.2837 0.7969 0.2837 0.8472 0.1830 0.7969 0.2837 0.8472 0.1830 0.8472 0.1830 0.8221 0.2837 0.8221 0.1830 0.7969 0.2837 0.7969 0.2837 0.8472 0.1830 0.8472 0.1830 0.7969 0.1830 0.8472 0.2837 0.7969 0.2837 0.8472 0.1830 0.8472 0.1830 0.7969 0.2837 0.7969 0.2837 0.8472 0.1830 0.8472 0.1830 0.8221 0.2837 0.8221 0.1830 0.7969 0.2837 0.7969 0.1830 0.7969 0.2837 0.7969 0.9635 0.8686 0.9635 0.9625 0.7874 0.9625 0.7874 0.8686 0.9635 0.8309 0.7874 0.8309 " />
							</IndexedTriangleSet>
						</Shape>
					</Group>
				</Transform>
				<Transform DEF="Cube_012_TRANSFORM"
				           translation="-0.000000 -0.159314 -0.713764"
				           scale="1.000000 1.000000 1.000000"
				           rotation="0.000000 1.000000 0.000000 0.000000"
				           >
					<Transform DEF="Cube_012_ifs_TRANSFORM"
					           translation="0.000000 0.000000 0.000000"
					           scale="1.000000 1.000000 1.000000"
					           rotation="0.000000 1.000000 0.000000 0.000000"
					           >
						<Group DEF="group_ME_Cube_013">
							<Shape>
								<Appearance>
									<Material USE="MA_Body" />
								</Appearance>
								<IndexedTriangleSet solid="false"
								                    normalPerVertex="true"
								                    index="0 1 2 0 2 3 4 5 6 4 6 7 8 9 10 8 10 11 12 13 14 12 14 15 16 17 18 16 18 19 20 21 22 20 22 23 24 25 26 24 26 27 28 29 30 28 30 31 32 33 34 32 34 35 36 37 38 36 38 39 40 41 42 40 42 43 44 45 46 44 46 19 47 48 49 47 49 50 51 52 53 51 53 23 54 55 56 54 56 57 58 59 60 58 60 61 62 63 64 62 64 65 66 67 68 66 68 69 70 71 72 70 72 73 74 75 76 74 76 77 78 79 80 78 80 81 82 83 84 82 84 85 86 87 88 86 88 89 90 91 92 90 92 93 94 95 96 94 96 97 98 99 100 98 100 101 102 103 104 102 104 105 106 107 108 106 108 109 110 111 112 110 112 113 114 115 116 114 116 117 118 119 120 118 120 121 122 123 124 122 124 97 125 126 127 125 127 128 129 130 131 129 131 105 132 133 134 132 134 135 136 137 138 136 138 139 140 141 142 140 142 143 144 145 146 144 146 147 148 149 150 148 150 151 152 153 154 152 154 155 156 157 158 156 158 159 160 161 162 160 162 163 164 165 166 164 166 167 168 169 170 168 170 171 32 172 173 32 173 174 175 176 177 175 177 174 178 179 180 178 180 181 182 183 184 182 184 185 186 187 188 186 188 189 190 191 192 190 192 193 194 190 193 194 193 195 196 197 198 196 198 199 200 148 151 200 151 201 202 144 147 202 147 203 204 140 143 204 143 205 206 136 139 206 139 207 208 86 89 208 89 209 210 82 85 210 85 211 212 78 81 212 81 213 214 74 77 214 77 215 216 70 73 216 73 217 218 66 69 218 69 219 220 62 65 220 65 221 222 58 61 222 61 223 224 12 15 224 15 225 226 8 11 226 11 227 228 4 7 228 7 229 230 0 3 230 3 231 232 233 0 232 0 230 234 235 197 234 197 196 235 236 237 235 237 197 28 238 183 28 183 182 239 240 179 239 179 178 36 241 172 36 172 32 40 242 169 40 169 168 106 243 165 106 165 164 110 244 161 110 161 160 114 245 157 114 157 156 118 246 153 118 153 152 51 247 33 51 33 32 233 248 1 233 1 0 "
								                    >
									<Coordinate point="-0.427988 0.207768 -0.320047 -0.427988 0.211266 0.002293 -0.427988 0.406935 0.000170 -0.427988 0.403437 -0.322171 0.273599 0.403437 -0.322171 0.273599 0.406935 0.000170 0.427988 0.406935 0.000170 0.427988 0.403437 -0.322171 0.427988 -0.323520 -0.314281 0.427988 -0.320021 0.008059 0.427988 -0.406836 0.009002 0.427988 -0.410334 -0.313339 -0.273599 -0.410334 -0.313339 -0.273599 -0.406836 0.009002 -0.427988 -0.406836 0.009002 -0.427988 -0.410334 -0.313339 0.273598 -0.327821 -0.710620 0.427988 -0.327821 -0.710620 0.427988 -0.414636 -0.709678 0.273598 -0.414636 -0.709678 -0.273599 -0.414636 -0.709678 -0.273599 -0.413638 -0.617771 -0.427988 -0.413638 -0.617771 -0.427988 -0.414636 -0.709678 0.427988 -0.327821 -0.710620 0.427988 -0.326824 -0.618714 0.427988 -0.413638 -0.617771 0.427988 -0.414636 -0.709678 0.273598 0.399135 -0.718509 0.273598 0.400133 -0.626603 0.427988 0.400133 -0.626603 0.427988 0.399135 -0.718509 -0.427988 0.203466 -0.716386 -0.427988 0.204464 -0.624480 -0.427988 0.400133 -0.626603 -0.427988 0.399135 -0.718509 -0.427988 0.399135 -0.718509 -0.427988 0.400133 -0.626603 -0.273599 0.400133 -0.626603 -0.273599 0.399135 -0.718509 0.168314 0.399135 -0.718509 0.168314 0.400133 -0.626603 0.273598 0.400133 -0.626603 0.273598 0.399135 -0.718509 0.427988 -0.414636 -0.709678 0.427988 -0.413638 -0.617771 0.273598 -0.413638 -0.617771 -0.168314 -0.414635 -0.709678 -0.168314 -0.413638 -0.617771 -0.273599 -0.413638 -0.617771 -0.273599 -0.414636 -0.709678 -0.427988 -0.327821 -0.710620 -0.273599 -0.327821 -0.710620 -0.273599 -0.414636 -0.709678 0.168314 -0.327821 -0.710620 0.273598 -0.327821 -0.710620 0.273598 -0.414636 -0.709678 0.168314 -0.414635 -0.709678 0.427988 -0.410334 -0.313339 0.427988 -0.406836 0.009002 0.273599 -0.406836 0.009002 0.273599 -0.410334 -0.313339 -0.168314 -0.410334 -0.313339 -0.168314 -0.406836 0.009002 -0.273599 -0.406836 0.009002 -0.273599 -0.410334 -0.313339 -0.427988 0.403437 -0.322171 -0.427988 0.406935 0.000170 -0.273599 0.406935 0.000170 -0.273599 0.403437 -0.322171 0.168314 0.403437 -0.322171 0.168314 0.406935 0.000170 0.273599 0.406935 0.000170 0.273599 0.403437 -0.322171 -0.273599 0.403437 -0.322171 -0.273599 0.406935 0.000170 -0.168314 0.406935 0.000170 -0.168314 0.403437 -0.322171 0.056105 0.403437 -0.322171 0.056105 0.406935 0.000170 0.168314 0.406935 0.000170 0.168314 0.403437 -0.322171 0.273599 -0.410334 -0.313339 0.273599 -0.406836 0.009002 0.168314 -0.406836 0.009002 0.168314 -0.410334 -0.313339 -0.056105 -0.410334 -0.313339 -0.056105 -0.406836 0.009002 -0.168314 -0.406836 0.009002 -0.168314 -0.410334 -0.313339 -0.273599 -0.327821 -0.710620 -0.168314 -0.327821 -0.710620 -0.168314 -0.414635 -0.709678 -0.273599 -0.414636 -0.709678 0.056105 -0.327821 -0.710620 0.168314 -0.327821 -0.710620 0.168314 -0.414635 -0.709678 0.056105 -0.414635 -0.709678 0.273598 -0.414636 -0.709678 0.273598 -0.413638 -0.617771 0.168314 -0.413638 -0.617771 0.168314 -0.414635 -0.709678 -0.056105 -0.414635 -0.709678 -0.056105 -0.413638 -0.617771 -0.168314 -0.413638 -0.617771 -0.168314 -0.414635 -0.709678 -0.273599 0.399135 -0.718509 -0.273599 0.400133 -0.626603 -0.168314 0.400133 -0.626603 -0.168314 0.399135 -0.718509 0.056105 0.399135 -0.718509 0.056105 0.400133 -0.626603 0.168314 0.400133 -0.626603 0.168314 0.399135 -0.718509 -0.168314 0.399135 -0.718509 -0.168314 0.400133 -0.626603 -0.056105 0.400133 -0.626603 -0.056105 0.399135 -0.718509 -0.056105 0.399135 -0.718509 -0.056105 0.400133 -0.626603 0.056105 0.400133 -0.626603 0.056105 0.399135 -0.718509 0.168314 -0.414635 -0.709678 0.168314 -0.413638 -0.617771 0.056105 -0.413638 -0.617771 0.056105 -0.414635 -0.709678 0.056105 -0.413638 -0.617771 -0.056105 -0.413638 -0.617771 -0.056105 -0.414635 -0.709678 -0.168314 -0.327821 -0.710620 -0.056105 -0.327821 -0.710620 -0.056105 -0.414635 -0.709678 -0.056105 -0.327821 -0.710620 0.056105 -0.327821 -0.710620 0.056105 -0.414635 -0.709678 -0.056105 -0.414635 -0.709678 0.168314 -0.410334 -0.313339 0.168314 -0.406836 0.009002 0.056105 -0.406836 0.009002 0.056105 -0.410334 -0.313339 0.056105 -0.410334 -0.313339 0.056105 -0.406836 0.009002 -0.056105 -0.406836 0.009002 -0.056105 -0.410334 -0.313339 -0.168314 0.403437 -0.322171 -0.168314 0.406935 0.000170 -0.056105 0.406935 0.000170 -0.056105 0.403437 -0.322171 -0.056105 0.403437 -0.322171 -0.056105 0.406935 0.000170 0.056105 0.406935 0.000170 0.056105 0.403437 -0.322171 -0.056105 0.203467 -0.716386 0.056105 0.203467 -0.716386 0.056105 -0.327821 -0.710620 -0.056105 -0.327821 -0.710620 -0.168314 0.203467 -0.716386 -0.056105 0.203467 -0.716386 -0.056105 -0.327821 -0.710620 -0.168314 -0.327821 -0.710620 0.056105 0.203467 -0.716386 0.168314 0.203467 -0.716386 0.168314 -0.327821 -0.710620 0.056105 -0.327821 -0.710620 -0.273599 0.203466 -0.716386 -0.168314 0.203467 -0.716386 -0.168314 -0.327821 -0.710620 -0.273599 -0.327821 -0.710620 0.168314 0.203467 -0.716386 0.273598 0.203467 -0.716386 0.273598 -0.327821 -0.710620 0.168314 -0.327821 -0.710620 -0.273599 0.203466 -0.716386 -0.273599 -0.327821 -0.710620 -0.427988 -0.327821 -0.710620 -0.427988 -0.414636 -0.709678 -0.427988 -0.413638 -0.617771 -0.427988 -0.326824 -0.618714 0.427988 0.203467 -0.716386 0.427988 0.204464 -0.624480 0.427988 -0.326824 -0.618714 0.427988 -0.327821 -0.710620 0.273598 0.203467 -0.716386 0.427988 0.203467 -0.716386 0.427988 -0.327821 -0.710620 0.273598 -0.327821 -0.710620 0.427988 0.207768 -0.320047 0.427988 0.211266 0.002293 0.427988 -0.320021 0.008059 0.427988 -0.323520 -0.314281 -0.427988 -0.410334 -0.313339 -0.427988 -0.406836 0.009002 -0.427988 -0.320021 0.008059 -0.427988 -0.323520 -0.314281 -0.427988 -0.413638 -0.617771 -0.427988 -0.326824 -0.618714 0.427988 0.204464 -0.624480 0.427988 0.207768 -0.320047 0.427988 -0.323520 -0.314281 0.427988 -0.326824 -0.618714 -0.056105 0.400133 -0.626603 0.056105 0.400133 -0.626603 -0.168314 0.400133 -0.626603 -0.056105 0.400133 -0.626603 0.056105 -0.413638 -0.617771 -0.056105 -0.413638 -0.617771 0.168314 -0.413638 -0.617771 0.056105 -0.413638 -0.617771 -0.056105 -0.413638 -0.617771 -0.168314 -0.413638 -0.617771 0.273598 -0.413638 -0.617771 0.168314 -0.413638 -0.617771 0.056105 0.400133 -0.626603 0.168314 0.400133 -0.626603 -0.273599 0.400133 -0.626603 -0.168314 0.400133 -0.626603 0.168314 0.400133 -0.626603 0.273598 0.400133 -0.626603 -0.427988 0.400133 -0.626603 -0.273599 0.400133 -0.626603 -0.168314 -0.413638 -0.617771 -0.273599 -0.413638 -0.617771 0.427988 -0.413638 -0.617771 0.273598 -0.413638 -0.617771 -0.273599 -0.413638 -0.617771 -0.427988 -0.413638 -0.617771 0.427988 -0.326824 -0.618714 0.427988 -0.413638 -0.617771 0.273598 0.400133 -0.626603 0.427988 0.400133 -0.626603 -0.427988 0.204464 -0.624480 -0.427988 0.400133 -0.626603 -0.427988 -0.326824 -0.618714 -0.427988 -0.323520 -0.314281 0.427988 0.400133 -0.626603 0.427988 0.403437 -0.322171 0.427988 0.406935 0.000170 0.427988 0.211266 0.002293 0.427988 0.399135 -0.718509 0.427988 0.399135 -0.718509 0.427988 0.400133 -0.626603 -0.273599 0.399135 -0.718509 0.273598 0.399135 -0.718509 -0.168314 0.399135 -0.718509 0.168314 0.399135 -0.718509 -0.056105 0.399135 -0.718509 0.056105 0.399135 -0.718509 -0.427988 -0.326824 -0.618714 -0.427988 -0.320021 0.008059 " />
									<Normal vector="-1.000000 0.000000 0.000000 -1.000000 0.000000 0.000000 -0.707083 0.707053 -0.007660 -0.707083 0.707053 -0.007660 0.000000 0.999939 -0.010834 0.000000 0.999939 -0.010834 0.707083 0.707053 -0.007660 0.707083 0.707053 -0.007660 1.000000 0.000000 0.000000 1.000000 0.000000 0.000000 0.707083 -0.707053 0.007660 0.707083 -0.707053 0.007660 0.000000 -0.999939 0.010834 0.000000 -0.999939 0.010834 -0.707083 -0.707053 0.007660 -0.707083 -0.707053 0.007660 0.000000 -0.010834 -0.999939 0.707083 -0.007660 -0.707053 0.577349 -0.583575 -0.571032 0.000000 -0.714713 -0.699362 0.000000 -0.714713 -0.699362 0.000000 -0.999939 0.010834 -0.707083 -0.707053 0.007660 -0.577349 -0.583575 -0.571032 0.707083 -0.007660 -0.707053 1.000000 0.000000 0.000000 0.707083 -0.707053 0.007660 0.577349 -0.583575 -0.571032 0.000000 0.699362 -0.714713 0.000000 0.999939 -0.010834 0.707083 0.707053 -0.007660 0.577349 0.571032 -0.583575 -0.707083 -0.007660 -0.707053 -1.000000 0.000000 0.000000 -0.707083 0.707053 -0.007660 -0.577349 0.571032 -0.583575 -0.577349 0.571032 -0.583575 -0.707083 0.707053 -0.007660 0.000000 0.999939 -0.010834 0.000000 0.699362 -0.714713 0.000000 0.699362 -0.714713 0.000000 0.999939 -0.010834 0.000000 0.999939 -0.010834 0.000000 0.699362 -0.714713 0.577349 -0.583575 -0.571032 0.707083 -0.707053 0.007660 0.000000 -0.999939 0.010834 0.000000 -0.714713 -0.699362 0.000000 -0.999939 0.010834 0.000000 -0.999939 0.010834 0.000000 -0.714713 -0.699362 -0.707083 -0.007660 -0.707053 0.000000 -0.010834 -0.999939 0.000000 -0.714713 -0.699362 0.000000 -0.010834 -0.999939 0.000000 -0.010834 -0.999939 0.000000 -0.714713 -0.699362 0.000000 -0.714713 -0.699362 0.707083 -0.707053 0.007660 0.707083 -0.707053 0.007660 0.000000 -0.999939 0.010834 0.000000 -0.999939 0.010834 0.000000 -0.999939 0.010834 0.000000 -0.999939 0.010834 0.000000 -0.999939 0.010834 0.000000 -0.999939 0.010834 -0.707083 0.707053 -0.007660 -0.707083 0.707053 -0.007660 0.000000 0.999939 -0.010834 0.000000 0.999939 -0.010834 0.000000 0.999939 -0.010834 0.000000 0.999939 -0.010834 0.000000 0.999939 -0.010834 0.000000 0.999939 -0.010834 0.000000 0.999939 -0.010834 0.000000 0.999939 -0.010834 0.000000 0.999939 -0.010834 0.000000 0.999939 -0.010834 0.000000 0.999939 -0.010834 0.000000 0.999939 -0.010834 0.000000 0.999939 -0.010834 0.000000 0.999939 -0.010834 0.000000 -0.999939 0.010834 0.000000 -0.999939 0.010834 0.000000 -0.999939 0.010834 0.000000 -0.999939 0.010834 0.000000 -0.999939 0.010834 0.000000 -0.999939 0.010834 0.000000 -0.999939 0.010834 0.000000 -0.999939 0.010834 0.000000 -0.010834 -0.999939 0.000000 -0.010834 -0.999939 0.000000 -0.714713 -0.699362 0.000000 -0.714713 -0.699362 0.000000 -0.010834 -0.999939 0.000000 -0.010834 -0.999939 0.000000 -0.714713 -0.699362 0.000000 -0.714713 -0.699362 0.000000 -0.714713 -0.699362 0.000000 -0.999939 0.010834 0.000000 -0.999939 0.010834 0.000000 -0.714713 -0.699362 0.000000 -0.714713 -0.699362 0.000000 -0.999939 0.010834 0.000000 -0.999939 0.010834 0.000000 -0.714713 -0.699362 0.000000 0.699362 -0.714713 0.000000 0.999939 -0.010834 0.000000 0.999939 -0.010834 0.000000 0.699362 -0.714713 0.000000 0.699362 -0.714713 0.000000 0.999939 -0.010834 0.000000 0.999939 -0.010834 0.000000 0.699362 -0.714713 0.000000 0.699362 -0.714713 0.000000 0.999939 -0.010834 0.000000 0.999939 -0.010834 0.000000 0.699362 -0.714713 0.000000 0.699362 -0.714713 0.000000 0.999939 -0.010834 0.000000 0.999939 -0.010834 0.000000 0.699362 -0.714713 0.000000 -0.714713 -0.699362 0.000000 -0.999939 0.010834 0.000000 -0.999939 0.010834 0.000000 -0.714713 -0.699362 0.000000 -0.999939 0.010834 0.000000 -0.999939 0.010834 0.000000 -0.714713 -0.699362 0.000000 -0.010834 -0.999939 0.000000 -0.010834 -0.999939 0.000000 -0.714713 -0.699362 0.000000 -0.010834 -0.999939 0.000000 -0.010834 -0.999939 0.000000 -0.714713 -0.699362 0.000000 -0.714713 -0.699362 0.000000 -0.999939 0.010834 0.000000 -0.999939 0.010834 0.000000 -0.999939 0.010834 0.000000 -0.999939 0.010834 0.000000 -0.999939 0.010834 0.000000 -0.999939 0.010834 0.000000 -0.999939 0.010834 0.000000 -0.999939 0.010834 0.000000 0.999939 -0.010834 0.000000 0.999939 -0.010834 0.000000 0.999939 -0.010834 0.000000 0.999939 -0.010834 0.000000 0.999939 -0.010834 0.000000 0.999939 -0.010834 0.000000 0.999939 -0.010834 0.000000 0.999939 -0.010834 0.000000 -0.010834 -0.999939 0.000000 -0.010834 -0.999939 0.000000 -0.010834 -0.999939 0.000000 -0.010834 -0.999939 0.000000 -0.010834 -0.999939 0.000000 -0.010834 -0.999939 0.000000 -0.010834 -0.999939 0.000000 -0.010834 -0.999939 0.000000 -0.010834 -0.999939 0.000000 -0.010834 -0.999939 0.000000 -0.010834 -0.999939 0.000000 -0.010834 -0.999939 0.000000 -0.010834 -0.999939 0.000000 -0.010834 -0.999939 0.000000 -0.010834 -0.999939 0.000000 -0.010834 -0.999939 0.000000 -0.010834 -0.999939 0.000000 -0.010834 -0.999939 0.000000 -0.010834 -0.999939 0.000000 -0.010834 -0.999939 0.000000 -0.010834 -0.999939 0.000000 -0.010834 -0.999939 -0.707083 -0.007660 -0.707053 -0.577349 -0.583575 -0.571032 -0.707083 -0.707053 0.007660 -1.000000 0.000000 0.000000 0.707083 -0.007660 -0.707053 1.000000 0.000000 0.000000 1.000000 0.000000 0.000000 0.707083 -0.007660 -0.707053 0.000000 -0.010834 -0.999939 0.707083 -0.007660 -0.707053 0.707083 -0.007660 -0.707053 0.000000 -0.010834 -0.999939 1.000000 0.000000 0.000000 1.000000 0.000000 0.000000 1.000000 0.000000 0.000000 1.000000 0.000000 0.000000 -0.707083 -0.707053 0.007660 -0.707083 -0.707053 0.007660 -1.000000 0.000000 0.000000 -1.000000 0.000000 0.000000 -0.707083 -0.707053 0.007660 -1.000000 0.000000 0.000000 1.000000 0.000000 0.000000 1.000000 0.000000 0.000000 1.000000 0.000000 0.000000 1.000000 0.000000 0.000000 0.000000 0.999939 -0.010834 0.000000 0.999939 -0.010834 0.000000 0.999939 -0.010834 0.000000 0.999939 -0.010834 0.000000 -0.999939 0.010834 0.000000 -0.999939 0.010834 0.000000 -0.999939 0.010834 0.000000 -0.999939 0.010834 0.000000 -0.999939 0.010834 0.000000 -0.999939 0.010834 0.000000 -0.999939 0.010834 0.000000 -0.999939 0.010834 0.000000 0.999939 -0.010834 0.000000 0.999939 -0.010834 0.000000 0.999939 -0.010834 0.000000 0.999939 -0.010834 0.000000 0.999939 -0.010834 0.000000 0.999939 -0.010834 -0.707083 0.707053 -0.007660 0.000000 0.999939 -0.010834 0.000000 -0.999939 0.010834 0.000000 -0.999939 0.010834 0.707083 -0.707053 0.007660 0.000000 -0.999939 0.010834 0.000000 -0.999939 0.010834 -0.707083 -0.707053 0.007660 1.000000 0.000000 0.000000 0.707083 -0.707053 0.007660 0.000000 0.999939 -0.010834 0.707083 0.707053 -0.007660 -1.000000 0.000000 0.000000 -0.707083 0.707053 -0.007660 -1.000000 0.000000 0.000000 -1.000000 0.000000 0.000000 0.707083 0.707053 -0.007660 0.707083 0.707053 -0.007660 0.707083 0.707053 -0.007660 1.000000 0.000000 0.000000 0.577349 0.571032 -0.583575 0.577349 0.571032 -0.583575 0.707083 0.707053 -0.007660 0.000000 0.699362 -0.714713 0.000000 0.699362 -0.714713 0.000000 0.699362 -0.714713 0.000000 0.699362 -0.714713 0.000000 0.699362 -0.714713 0.000000 0.699362 -0.714713 -1.000000 0.000000 0.000000 -1.000000 0.000000 0.000000 " />
									<TextureCoordinate point="0.2334 0.8534 0.2813 0.8534 0.2813 0.9013 0.2334 0.9013 0.2334 0.8055 0.2813 0.8055 0.2813 0.9013 0.2334 0.9013 0.2334 0.8055 0.2813 0.8055 0.2813 0.9013 0.2334 0.9013 0.2334 0.8055 0.2813 0.8055 0.2813 0.9013 0.2334 0.9013 0.1855 0.8055 0.2813 0.8055 0.2813 0.9013 0.1855 0.9013 0.1855 0.8055 0.2813 0.8055 0.2813 0.9013 0.1855 0.9013 0.1855 0.8055 0.2813 0.8055 0.2813 0.9013 0.1855 0.9013 0.1855 0.8055 0.2813 0.8055 0.2813 0.9013 0.1855 0.9013 0.1855 0.8534 0.2813 0.8534 0.2813 0.9013 0.1855 0.9013 0.1855 0.8055 0.2813 0.8055 0.2813 0.9013 0.1855 0.9013 0.1855 0.8055 0.2813 0.8055 0.2813 0.9013 0.1855 0.9013 0.1855 0.8055 0.2813 0.8055 0.2813 0.9013 0.0448 0.2343 0.3362 0.2343 0.3362 0.2919 0.0448 0.2919 0.1855 0.8055 0.2813 0.8055 0.2813 0.9013 0.0645 0.2262 0.3843 0.2262 0.3843 0.2915 0.0645 0.2915 0.2334 0.8055 0.2813 0.8055 0.2813 0.9013 0.2334 0.9013 0.2334 0.8055 0.2813 0.8055 0.2813 0.9013 0.2334 0.9013 0.2334 0.8055 0.2813 0.8055 0.2813 0.9013 0.2334 0.9013 0.2334 0.8055 0.2813 0.8055 0.2813 0.9013 0.2334 0.9013 0.2334 0.8055 0.2813 0.8055 0.2813 0.9013 0.2334 0.9013 0.2334 0.8055 0.2813 0.8055 0.2813 0.9013 0.2334 0.9013 0.2334 0.8055 0.2813 0.8055 0.2813 0.9013 0.2334 0.9013 0.2334 0.8055 0.2813 0.8055 0.2813 0.9013 0.2334 0.9013 0.0645 0.2262 0.3843 0.2262 0.3843 0.2915 0.0645 0.2915 0.1855 0.8055 0.2813 0.8055 0.2813 0.9013 0.1855 0.9013 0.0448 0.2343 0.3362 0.2343 0.3362 0.2919 0.0448 0.2919 0.1855 0.8055 0.2813 0.8055 0.2813 0.9013 0.1855 0.9013 0.1855 0.8055 0.2813 0.8055 0.2813 0.9013 0.1855 0.9013 0.1855 0.8055 0.2813 0.8055 0.2813 0.9013 0.1855 0.9013 0.1855 0.8055 0.2813 0.8055 0.2813 0.9013 0.1855 0.9013 0.1855 0.8055 0.2813 0.8055 0.2813 0.9013 0.1855 0.9013 0.1855 0.8055 0.2813 0.8055 0.2813 0.9013 0.0448 0.2343 0.3362 0.2343 0.3362 0.2919 0.0448 0.2919 0.1855 0.8055 0.2813 0.8055 0.2813 0.9013 0.0645 0.2262 0.3843 0.2262 0.3843 0.2915 0.0645 0.2915 0.2334 0.8055 0.2813 0.8055 0.2813 0.9013 0.2334 0.9013 0.2334 0.8055 0.2813 0.8055 0.2813 0.9013 0.2334 0.9013 0.2334 0.8055 0.2813 0.8055 0.2813 0.9013 0.2334 0.9013 0.2334 0.8055 0.2813 0.8055 0.2813 0.9013 0.2334 0.9013 0.1855 0.8534 0.2813 0.8534 0.2813 0.9013 0.1855 0.9013 0.1855 0.8534 0.2813 0.8534 0.2813 0.9013 0.1855 0.9013 0.1855 0.8534 0.2813 0.8534 0.2813 0.9013 0.1855 0.9013 0.1855 0.8534 0.2813 0.8534 0.2813 0.9013 0.1855 0.9013 0.1855 0.8534 0.2813 0.8534 0.2813 0.9013 0.1855 0.9013 0.2813 0.8534 0.2813 0.9013 0.1855 0.9013 0.1855 0.8055 0.2813 0.8055 0.2813 0.9013 0.1855 0.8534 0.2813 0.8534 0.2813 0.9013 0.1855 0.9013 0.1855 0.8534 0.2813 0.8534 0.2813 0.9013 0.1855 0.9013 0.9931 0.6583 0.9931 0.8183 0.7271 0.8183 0.7271 0.6583 0.2334 0.8055 0.2813 0.8055 0.2813 0.9013 0.2334 0.9013 0.1855 0.8055 0.1855 0.9013 0.1855 0.8534 0.2334 0.8534 0.2334 0.9013 0.1855 0.9013 0.1855 0.8055 0.1855 0.9013 0.1855 0.8055 0.1855 0.9013 0.1855 0.8055 0.1855 0.9013 0.1855 0.8055 0.1855 0.9013 0.1855 0.8055 0.1855 0.9013 0.1855 0.8055 0.1855 0.9013 0.1855 0.8055 0.1855 0.9013 0.1855 0.8055 0.1855 0.9013 0.1855 0.8055 0.1855 0.9013 0.1855 0.8055 0.1855 0.9013 0.1855 0.8055 0.1855 0.9013 0.1855 0.8055 0.1855 0.9013 0.1855 0.8055 0.1855 0.9013 0.1855 0.8055 0.1855 0.9013 0.1855 0.8055 0.1855 0.9013 0.1855 0.8534 0.1855 0.9013 0.1855 0.8055 0.2334 0.8055 0.1855 0.8055 0.2334 0.8055 0.2813 0.8055 0.2813 0.8534 0.2813 0.8055 0.1855 0.8055 0.2813 0.8055 0.2813 0.8055 0.2813 0.8055 0.2813 0.8055 0.2813 0.8055 0.2813 0.8055 0.2813 0.8055 0.2813 0.8055 0.2813 0.8055 " />
								</IndexedTriangleSet>
							</Shape>
						</Group>
					</Transform>
				</Transform>
			</Transform>
			<Transform DEF="leg4_TRANSFORM"
			           translation="1.083117 -0.611926 0.125273"
			           scale="1.000000 1.000000 1.000000"
			           rotation="0.000000 1.000000 0.000000 0.000000"
			           >
				<Transform DEF="leg4_ifs_TRANSFORM"
				           translation="0.000000 0.000000 0.000000"
				           scale="1.000000 1.000000 1.000000"
				           rotation="0.000000 1.000000 0.000000 0.000000"
				           >
					<Group DEF="group_ME_leg4">
						<Shape>
							<Appearance>
								<Material USE="MA_Body" />
							</Appearance>
							<IndexedTriangleSet solid="false"
							                    normalPerVertex="true"
							                    index="0 1 2 0 2 3 4 5 6 4 6 7 8 9 10 8 10 11 12 13 14 12 14 15 16 17 18 16 18 19 20 1 14 20 14 21 22 23 24 22 24 19 25 26 27 25 27 28 29 30 31 29 31 32 16 33 34 16 34 35 36 37 38 36 38 39 40 41 42 40 42 43 44 45 46 44 46 47 48 49 50 48 50 51 52 53 54 52 54 55 56 57 58 56 58 59 60 61 62 60 62 63 64 65 66 64 66 67 68 5 69 68 69 70 29 71 72 29 72 63 73 74 75 73 75 76 77 78 69 77 69 79 "
							                    >
								<Coordinate point="-0.415578 0.036645 -0.312542 -0.415578 0.036645 0.001299 -0.415578 0.519136 0.001299 -0.415578 0.519136 -0.312542 -0.415578 0.519136 -0.312542 -0.415578 0.519136 0.001299 0.415578 0.519136 0.001299 0.415578 0.519136 -0.312542 0.415578 0.036645 -0.312542 0.415578 0.036645 0.001299 0.415578 -0.519136 0.001299 0.415578 -0.519136 -0.312542 0.415578 -0.519136 -0.312542 0.415578 -0.519136 0.001299 -0.415578 -0.519136 0.001299 -0.415578 -0.519136 -0.312542 -0.415578 0.036645 -0.851957 0.415578 0.036645 -0.851957 0.415578 -0.519136 -0.851957 -0.415578 -0.519136 -0.851957 0.415578 0.036645 0.001299 0.415578 -0.519136 0.001299 0.415578 -0.519136 -0.851957 0.415578 -0.519136 -0.802330 -0.415578 -0.519136 -0.802330 0.415578 0.036645 -0.851957 0.415578 0.036645 -0.802330 0.415578 -0.519136 -0.802330 0.415578 -0.519136 -0.851957 -0.415578 0.519136 -0.851957 -0.415578 0.519136 -0.802330 0.415578 0.519136 -0.802330 0.415578 0.519136 -0.851957 -0.415578 0.036645 -0.802330 -0.415578 0.519136 -0.802330 -0.415578 0.519136 -0.851957 0.415578 -0.519136 -0.802330 0.415578 -0.519136 -0.312542 -0.415578 -0.519136 -0.312542 -0.415578 -0.519136 -0.802330 0.415578 0.036645 -0.802330 0.415578 0.036645 -0.312542 0.415578 -0.519136 -0.312542 0.415578 -0.519136 -0.802330 -0.415578 0.519136 -0.802330 -0.415578 0.519136 -0.312542 0.415578 0.519136 -0.312542 0.415578 0.519136 -0.802330 -0.415578 0.036645 -0.802330 -0.415578 0.036645 -0.312542 -0.415578 0.519136 -0.312542 -0.415578 0.519136 -0.802330 -0.415578 -0.519136 -0.802330 -0.415578 -0.519136 -0.312542 -0.415578 0.036645 -0.312542 -0.415578 0.036645 -0.802330 0.415578 0.519136 -0.802330 0.415578 0.519136 -0.312542 0.415578 0.036645 -0.312542 0.415578 0.036645 -0.802330 -0.415578 -0.519136 -0.851957 -0.415578 -0.519136 -0.802330 -0.415578 0.036645 -0.802330 -0.415578 0.036645 -0.851957 0.415578 0.519136 -0.851957 0.415578 0.519136 -0.802330 0.415578 0.036645 -0.802330 0.415578 0.036645 -0.851957 0.415578 0.519136 0.001299 -0.415578 0.036645 0.001299 0.415578 0.036645 0.001299 0.415578 0.519136 -0.851957 0.415578 0.036645 -0.851957 0.415578 0.519136 -0.312542 0.415578 0.519136 0.001299 0.415578 0.036645 0.001299 0.415578 0.036645 -0.312542 -0.415578 -0.519136 -0.312542 -0.415578 -0.519136 0.001299 -0.415578 0.036645 -0.312542 " />
								<Normal vector="-1.000000 0.000000 0.000000 -0.707083 0.000000 0.707083 -0.577349 0.577349 0.577349 -0.707083 0.707083 0.000000 -0.707083 0.707083 0.000000 -0.577349 0.577349 0.577349 0.577349 0.577349 0.577349 0.707083 0.707083 0.000000 1.000000 0.000000 0.000000 0.707083 0.000000 0.707083 0.577349 -0.577349 0.577349 0.707083 -0.707083 0.000000 0.707083 -0.707083 0.000000 0.577349 -0.577349 0.577349 -0.577349 -0.577349 0.577349 -0.707083 -0.707083 0.000000 -0.707083 0.000000 -0.707083 0.707083 0.000000 -0.707083 0.577349 -0.577349 -0.577349 -0.577349 -0.577349 -0.577349 0.707083 0.000000 0.707083 0.577349 -0.577349 0.577349 0.577349 -0.577349 -0.577349 0.707083 -0.707083 0.000000 -0.707083 -0.707083 0.000000 0.707083 0.000000 -0.707083 1.000000 0.000000 0.000000 0.707083 -0.707083 0.000000 0.577349 -0.577349 -0.577349 -0.577349 0.577349 -0.577349 -0.707083 0.707083 0.000000 0.707083 0.707083 0.000000 0.577349 0.577349 -0.577349 -1.000000 0.000000 0.000000 -0.707083 0.707083 0.000000 -0.577349 0.577349 -0.577349 0.707083 -0.707083 0.000000 0.707083 -0.707083 0.000000 -0.707083 -0.707083 0.000000 -0.707083 -0.707083 0.000000 1.000000 0.000000 0.000000 1.000000 0.000000 0.000000 0.707083 -0.707083 0.000000 0.707083 -0.707083 0.000000 -0.707083 0.707083 0.000000 -0.707083 0.707083 0.000000 0.707083 0.707083 0.000000 0.707083 0.707083 0.000000 -1.000000 0.000000 0.000000 -1.000000 0.000000 0.000000 -0.707083 0.707083 0.000000 -0.707083 0.707083 0.000000 -0.707083 -0.707083 0.000000 -0.707083 -0.707083 0.000000 -1.000000 0.000000 0.000000 -1.000000 0.000000 0.000000 0.707083 0.707083 0.000000 0.707083 0.707083 0.000000 1.000000 0.000000 0.000000 1.000000 0.000000 0.000000 -0.577349 -0.577349 -0.577349 -0.707083 -0.707083 0.000000 -1.000000 0.000000 0.000000 -0.707083 0.000000 -0.707083 0.577349 0.577349 -0.577349 0.707083 0.707083 0.000000 1.000000 0.000000 0.000000 0.707083 0.000000 -0.707083 0.577349 0.577349 0.577349 -0.707083 0.000000 0.707083 0.707083 0.000000 0.707083 0.577349 0.577349 -0.577349 0.707083 0.000000 -0.707083 0.707083 0.707083 0.000000 0.577349 0.577349 0.577349 0.707083 0.000000 0.707083 1.000000 0.000000 0.000000 -0.707083 -0.707083 0.000000 -0.577349 -0.577349 0.577349 -1.000000 0.000000 0.000000 " />
								<TextureCoordinate point="0.1538 0.8111 0.2757 0.8111 0.2757 0.9330 0.1538 0.9330 0.1538 0.8111 0.2757 0.8111 0.2757 0.9330 0.1538 0.9330 0.1538 0.8111 0.2757 0.8111 0.2757 0.9330 0.1538 0.9330 0.1538 0.8111 0.2757 0.8111 0.2757 0.9330 0.1538 0.9330 0.1538 0.8111 0.2757 0.8111 0.2757 0.9330 0.1538 0.9330 0.1538 0.8111 0.1538 0.9330 0.1538 0.8111 0.2757 0.8111 0.2757 0.9330 0.1538 0.8111 0.2757 0.8111 0.2757 0.9330 0.1538 0.9330 0.1538 0.8111 0.2757 0.8111 0.2757 0.9330 0.1538 0.9330 0.2757 0.8111 0.2757 0.9330 0.1538 0.9330 0.1538 0.8111 0.2757 0.8111 0.2757 0.9330 0.1538 0.9330 0.7595 0.5006 0.7595 0.7119 0.5083 0.7119 0.5083 0.5006 0.1538 0.8111 0.2757 0.8111 0.2757 0.9330 0.1538 0.9330 0.1538 0.8111 0.2757 0.8111 0.2757 0.9330 0.1538 0.9330 0.1538 0.8111 0.2757 0.8111 0.2757 0.9330 0.1538 0.9330 0.1538 0.8111 0.2757 0.8111 0.2757 0.9330 0.1538 0.9330 0.1538 0.8111 0.2757 0.8111 0.2757 0.9330 0.1538 0.9330 0.1538 0.8111 0.2757 0.8111 0.2757 0.9330 0.1538 0.9330 0.1538 0.8111 0.2757 0.9330 0.1538 0.9330 0.2757 0.8111 0.2757 0.9330 0.1538 0.8111 0.2757 0.8111 0.2757 0.9330 0.1538 0.9330 0.1538 0.8111 0.2757 0.8111 0.1538 0.9330 " />
							</IndexedTriangleSet>
						</Shape>
					</Group>
				</Transform>
				<Transform DEF="Cube_014_TRANSFORM"
				           translation="0.000000 0.000000 -0.807820"
				           scale="1.000000 1.000000 1.000000"
				           rotation="0.000000 1.000000 0.000000 0.000000"
				           >
					<Transform DEF="Cube_014_ifs_TRANSFORM"
					           translation="0.000000 0.000000 0.000000"
					           scale="1.000000 1.000000 1.000000"
					           rotation="0.000000 1.000000 0.000000 0.000000"
					           >
						<Group DEF="group_ME_Cube_015">
							<Shape>
								<Appearance>
									<Material USE="MA_Body" />
								</Appearance>
								<IndexedTriangleSet solid="false"
								                    normalPerVertex="true"
								                    index="0 1 2 0 2 3 4 5 6 4 6 7 8 9 10 8 10 11 12 13 14 12 14 15 16 17 18 16 18 19 20 12 15 20 15 21 22 8 11 22 11 23 24 4 7 24 7 25 26 0 3 26 3 27 28 29 30 28 30 31 32 33 4 32 4 24 34 35 36 34 36 37 38 39 40 38 40 41 42 43 44 42 44 45 26 46 47 26 47 21 48 49 50 48 50 51 35 52 53 35 53 36 54 55 13 54 13 12 29 56 57 29 57 30 33 58 5 33 5 4 30 57 59 30 59 60 61 62 58 61 58 33 36 53 63 36 63 64 65 66 55 65 55 54 67 68 69 67 69 70 71 72 73 71 73 74 43 75 76 43 76 44 77 78 79 77 79 80 81 65 54 81 54 82 31 30 60 31 60 83 84 61 33 84 33 32 83 60 85 83 85 86 86 85 61 86 61 84 87 64 88 87 88 89 90 91 92 90 92 93 75 94 95 75 95 76 94 96 97 94 97 95 98 99 100 98 100 101 102 103 104 102 104 105 64 63 106 64 106 88 88 106 66 88 66 65 60 59 107 60 107 85 85 107 62 85 62 61 108 109 71 108 71 99 110 108 99 110 99 98 111 112 96 111 96 94 113 111 94 113 94 75 114 113 75 114 75 43 109 115 72 109 72 71 116 110 98 116 98 46 115 117 16 115 16 72 28 116 46 28 46 26 118 114 43 118 43 42 119 120 0 119 0 26 121 122 8 121 8 22 117 123 17 117 17 16 122 124 9 122 9 8 120 125 1 120 1 0 "
								                    >
									<Coordinate point="-0.347153 -0.351833 -0.290175 -0.347153 -0.351833 0.000603 -0.347153 0.433660 0.000603 -0.347153 0.433660 -0.290175 0.257102 0.433660 -0.290174 0.257102 0.433660 0.000603 0.347153 0.433660 0.000603 0.347153 0.433660 -0.290174 0.347153 -0.351833 -0.290175 0.347153 -0.351833 0.000603 0.347153 -0.433660 0.000603 0.347153 -0.433660 -0.290175 -0.257102 -0.433660 -0.290175 -0.257102 -0.433660 0.000603 -0.347153 -0.433660 0.000603 -0.347153 -0.433660 -0.290175 0.257102 -0.351833 -0.395305 0.347153 -0.351833 -0.395305 0.347153 -0.433660 -0.395305 0.257102 -0.433660 -0.395305 -0.257102 -0.433660 -0.395305 -0.347153 -0.433660 -0.395305 0.347153 -0.351833 -0.395305 0.347153 -0.433660 -0.395305 0.257102 0.433660 -0.395305 0.347153 0.433660 -0.395305 -0.347153 -0.351833 -0.395305 -0.347153 0.433660 -0.395305 -0.347153 0.433660 -0.395305 -0.347153 0.433660 -0.290175 -0.257102 0.433660 -0.290175 -0.257102 0.433660 -0.395305 0.162884 0.433660 -0.395305 0.162884 0.433660 -0.290174 0.347153 -0.433660 -0.395305 0.347153 -0.433660 -0.290175 0.257102 -0.433660 -0.290175 0.257102 -0.433660 -0.395305 -0.162884 -0.433660 -0.395305 -0.162884 -0.433660 -0.290175 -0.257102 -0.433660 -0.290175 -0.257102 -0.433660 -0.395305 0.347153 -0.351833 0.000603 0.257102 -0.351833 0.000603 0.257102 -0.433660 0.000603 0.347153 -0.433660 0.000603 -0.257102 -0.351833 -0.395305 -0.257102 -0.433660 -0.395305 0.162884 -0.351833 -0.395305 0.257102 -0.351833 -0.395305 0.257102 -0.433660 -0.395305 0.162884 -0.433660 -0.395305 0.347153 -0.433660 0.000603 0.257102 -0.433660 0.000603 -0.162884 -0.433660 -0.290175 -0.162884 -0.433660 0.000603 -0.347153 0.433660 0.000603 -0.257102 0.433660 0.000603 0.162884 0.433660 0.000603 -0.162884 0.433660 0.000603 -0.162884 0.433660 -0.290175 0.054295 0.433660 -0.290174 0.054295 0.433660 0.000603 0.162884 -0.433660 0.000603 0.162884 -0.433660 -0.290175 -0.054295 -0.433660 -0.290175 -0.054295 -0.433660 0.000603 -0.257102 -0.351833 -0.395305 -0.162884 -0.351833 -0.395305 -0.162884 -0.433660 -0.395305 -0.257102 -0.433660 -0.395305 0.054295 -0.351833 -0.395305 0.162884 -0.351833 -0.395305 0.162884 -0.433660 -0.395305 0.054295 -0.433660 -0.395305 0.162884 -0.351833 0.000603 0.162884 -0.433660 0.000603 0.257102 -0.433660 -0.395305 0.257102 -0.433660 -0.290175 0.162884 -0.433660 -0.290175 0.162884 -0.433660 -0.395305 -0.054294 -0.433660 -0.395305 -0.162884 -0.433660 -0.395305 -0.162884 0.433660 -0.395305 0.054295 0.433660 -0.395305 -0.054295 0.433660 -0.290175 -0.054295 0.433660 -0.395305 0.162884 -0.433660 -0.395305 0.054295 -0.433660 -0.290175 0.054295 -0.433660 -0.395305 0.054295 -0.433660 -0.395305 0.054295 -0.433660 -0.290175 -0.054295 -0.433660 -0.290175 -0.054294 -0.433660 -0.395305 0.054295 -0.351833 0.000603 0.054295 -0.433660 0.000603 -0.054295 -0.351833 0.000603 -0.054295 -0.433660 0.000603 -0.162884 -0.351833 -0.395305 -0.054294 -0.351833 -0.395305 -0.054294 -0.433660 -0.395305 -0.162884 -0.433660 -0.395305 -0.054294 -0.351833 -0.395305 0.054295 -0.351833 -0.395305 0.054295 -0.433660 -0.395305 -0.054294 -0.433660 -0.395305 0.054295 -0.433660 0.000603 -0.054295 0.433660 0.000603 -0.054295 0.433660 -0.395305 0.054295 0.433660 -0.395305 -0.162884 0.433660 -0.395305 0.054295 0.433660 0.000603 -0.054295 0.433660 0.000603 0.162884 0.433660 0.000603 0.257102 0.433660 0.000603 0.162884 0.433660 -0.395305 -0.257102 0.433660 -0.395305 0.257102 0.433660 -0.395305 0.347153 0.433660 0.000603 -0.347153 -0.433660 -0.395305 -0.347153 -0.433660 -0.290175 0.347153 0.433660 -0.395305 0.347153 0.433660 -0.290174 0.347153 0.433660 -0.395305 0.347153 0.433660 0.000603 -0.347153 -0.433660 0.000603 " />
									<Normal vector="-1.000000 0.000000 0.000000 -1.000000 0.000000 0.000000 -0.707083 0.707083 0.000000 -0.707083 0.707083 0.000000 0.000000 1.000000 0.000000 0.000000 0.707083 0.707083 0.577349 0.577349 0.577349 0.707083 0.707083 0.000000 1.000000 0.000000 0.000000 0.707083 0.000000 0.707083 0.577349 -0.577349 0.577349 0.707083 -0.707083 0.000000 0.000000 -1.000000 0.000000 0.000000 -1.000000 0.000000 -0.707083 -0.707083 0.000000 -0.707083 -0.707083 0.000000 0.000000 0.000000 -1.000000 0.707083 0.000000 -0.707083 0.577349 -0.577349 -0.577349 0.000000 -0.707083 -0.707083 0.000000 -0.707083 -0.707083 -0.577349 -0.577349 -0.577349 0.707083 0.000000 -0.707083 0.577349 -0.577349 -0.577349 0.000000 0.707083 -0.707083 0.577349 0.577349 -0.577349 -0.707083 0.000000 -0.707083 -0.577349 0.577349 -0.577349 -0.577349 0.577349 -0.577349 -0.707083 0.707083 0.000000 0.000000 1.000000 0.000000 0.000000 0.707083 -0.707083 0.000000 0.707083 -0.707083 0.000000 1.000000 0.000000 0.577349 -0.577349 -0.577349 0.707083 -0.707083 0.000000 0.000000 -1.000000 0.000000 0.000000 -0.707083 -0.707083 0.000000 -0.707083 -0.707083 0.000000 -1.000000 0.000000 0.000000 -1.000000 0.000000 0.000000 -0.707083 -0.707083 0.707083 0.000000 0.707083 0.000000 0.000000 1.000000 0.000000 -0.707083 0.707083 0.577349 -0.577349 0.577349 0.000000 0.000000 -1.000000 0.000000 -0.707083 -0.707083 0.000000 0.000000 -1.000000 0.000000 0.000000 -1.000000 0.000000 -0.707083 -0.707083 0.000000 -0.707083 -0.707083 0.577349 -0.577349 0.577349 0.000000 -0.707083 0.707083 0.000000 -1.000000 0.000000 0.000000 -1.000000 0.000000 -0.707083 0.707083 0.000000 0.000000 1.000000 0.000000 0.000000 0.707083 0.707083 0.000000 1.000000 0.000000 0.000000 1.000000 0.000000 0.000000 1.000000 0.000000 0.000000 0.707083 0.707083 0.000000 -0.707083 0.707083 0.000000 -1.000000 0.000000 0.000000 -1.000000 0.000000 0.000000 -0.894406 0.447188 0.000000 0.000000 -1.000000 0.000000 0.000000 -1.000000 0.000000 -0.707083 -0.707083 0.000000 -0.707083 -0.707083 0.000000 0.000000 -1.000000 0.000000 0.000000 -1.000000 0.000000 -0.707083 -0.707083 0.000000 -0.707083 -0.707083 0.000000 0.000000 1.000000 0.000000 -0.707083 0.707083 0.000000 -0.707083 -0.707083 0.000000 -1.000000 0.000000 0.000000 -1.000000 0.000000 0.000000 -0.707083 -0.707083 0.000000 -0.707083 -0.707083 0.000000 -0.707083 -0.707083 0.000000 0.707083 -0.707083 0.000000 0.707083 -0.707083 0.000000 1.000000 0.000000 0.000000 0.707083 -0.707083 0.000000 -0.707083 -0.707083 0.000000 -1.000000 0.000000 0.000000 -0.707083 -0.707083 0.000000 -0.707083 -0.707083 0.000000 -1.000000 0.000000 0.000000 -1.000000 0.000000 0.000000 -0.707083 -0.707083 0.000000 0.000000 1.000000 0.000000 -0.707083 0.707083 0.000000 0.000000 1.000000 0.000000 -0.894406 0.447188 0.000000 0.000000 -1.000000 0.000000 0.000000 -1.000000 0.000000 -0.707083 -0.707083 0.000000 -0.707083 -0.707083 0.000000 0.000000 -1.000000 0.000000 0.000000 -1.000000 0.000000 -0.707083 -0.707083 0.000000 -0.707083 -0.707083 0.000000 -0.707083 0.707083 0.000000 0.894406 0.447188 0.000000 0.707083 -0.707083 0.000000 0.707083 -0.707083 0.000000 0.707083 -0.707083 0.000000 0.707083 0.707083 0.000000 0.894406 0.447188 0.000000 0.707083 0.707083 0.000000 0.707083 0.707083 0.000000 0.707083 -0.707083 0.000000 0.707083 -0.707083 0.000000 0.707083 -0.707083 0.577349 0.577349 0.577349 -0.577349 -0.577349 -0.577349 -0.707083 -0.707083 0.000000 0.577349 0.577349 -0.577349 0.707083 0.707083 0.000000 0.577349 0.577349 -0.577349 0.577349 0.577349 0.577349 -0.707083 -0.707083 0.000000 " />
									<TextureCoordinate point="0.2024 0.8597 0.2556 0.8597 0.2556 0.9129 0.2024 0.9129 0.2024 0.8774 0.2556 0.8774 0.2556 0.9129 0.2024 0.9129 0.2024 0.8597 0.2556 0.8597 0.2556 0.9129 0.2024 0.9129 0.2024 0.8774 0.2556 0.8774 0.2556 0.9129 0.2024 0.9129 0.2201 0.8597 0.2556 0.8597 0.2556 0.9129 0.2201 0.9129 0.1491 0.8774 0.1491 0.9129 0.1491 0.8597 0.1491 0.9129 0.1491 0.8774 0.1491 0.9129 0.1491 0.8597 0.1491 0.9129 0.1491 0.8064 0.2024 0.8064 0.2024 0.8419 0.1491 0.8419 0.1491 0.8656 0.2024 0.8656 0.1491 0.8064 0.2024 0.8064 0.2024 0.8419 0.1491 0.8419 0.0448 0.2343 0.3362 0.2343 0.3362 0.2919 0.0448 0.2919 0.1491 0.8597 0.1846 0.8597 0.1846 0.9129 0.1491 0.9129 0.1846 0.8597 0.1846 0.9129 0.0645 0.2262 0.3843 0.2262 0.3843 0.2915 0.0645 0.2915 0.2556 0.8064 0.2556 0.8419 0.2024 0.8656 0.2556 0.8656 0.2556 0.8064 0.2556 0.8419 0.2556 0.8656 0.2556 0.8537 0.2024 0.8537 0.2024 0.8616 0.2556 0.8616 0.2556 0.8537 0.2024 0.8537 0.2024 0.8616 0.2556 0.8616 0.0645 0.2262 0.3843 0.2262 0.3843 0.2915 0.0645 0.2915 0.2043 0.8597 0.2083 0.8597 0.2083 0.9129 0.2043 0.9129 0.1965 0.8597 0.1965 0.9129 0.0448 0.2343 0.3362 0.2343 0.3362 0.2919 0.0448 0.2919 0.1491 0.8616 0.1491 0.8656 0.1491 0.8537 0.1491 0.8616 0.2024 0.8577 0.1491 0.8577 0.1491 0.8537 0.2024 0.8577 0.1491 0.8577 0.0448 0.2343 0.3362 0.2343 0.3362 0.2919 0.0448 0.2919 0.2004 0.8597 0.2004 0.9129 0.2043 0.8597 0.2043 0.9129 0.1965 0.8597 0.2004 0.8597 0.2004 0.9129 0.1965 0.9129 0.0645 0.2262 0.3843 0.2262 0.3843 0.2915 0.0645 0.2915 0.2556 0.8577 0.2556 0.8577 0.2004 0.8064 0.2043 0.8064 0.1965 0.8064 0.2004 0.8064 0.2043 0.8064 0.1965 0.8064 0.1846 0.8064 0.2083 0.8064 0.1846 0.8064 0.2201 0.8064 0.1491 0.8064 0.1491 0.8064 0.2024 0.8064 0.1491 0.8064 0.2024 0.8064 0.2556 0.8064 0.2556 0.8064 0.2556 0.8064 " />
								</IndexedTriangleSet>
							</Shape>
						</Group>
					</Transform>
				</Transform>
			</Transform>
			<Transform DEF="leg3_TRANSFORM"
			           translation="-1.077547 -0.611926 0.125273"
			           scale="1.000000 1.000000 1.000000"
			           rotation="0.000000 1.000000 0.000000 0.000000"
			           >
				<Transform DEF="leg3_ifs_TRANSFORM"
				           translation="0.000000 0.000000 0.000000"
				           scale="1.000000 1.000000 1.000000"
				           rotation="0.000000 1.000000 0.000000 0.000000"
				           >
					<Group DEF="group_ME_leg3">
						<Shape>
							<Appearance>
								<Material USE="MA_Body" />
							</Appearance>
							<IndexedTriangleSet solid="false"
							                    normalPerVertex="true"
							                    index="0 1 2 0 2 3 4 5 6 4 6 7 8 9 10 8 10 11 12 13 14 12 14 15 16 17 18 16 18 19 20 21 14 20 14 3 22 17 23 22 23 24 25 26 27 25 27 28 29 30 31 29 31 32 16 33 34 16 34 35 36 37 38 36 38 39 40 41 42 40 42 43 44 45 46 44 46 47 48 49 50 48 50 51 52 53 54 52 54 55 56 57 58 56 58 59 60 61 62 60 62 63 64 65 66 64 66 67 68 69 70 68 70 7 29 61 71 29 71 72 73 74 75 73 75 76 77 78 70 77 70 79 "
							                    >
								<Coordinate point="0.415578 0.036645 -0.312542 0.415578 0.519136 -0.312542 0.415578 0.519136 0.001299 0.415578 0.036645 0.001299 0.415578 0.519136 -0.312542 -0.415578 0.519136 -0.312542 -0.415578 0.519136 0.001299 0.415578 0.519136 0.001299 -0.415578 0.036645 -0.312542 -0.415578 -0.519136 -0.312542 -0.415578 -0.519136 0.001299 -0.415578 0.036645 0.001299 -0.415578 -0.519136 -0.312542 0.415578 -0.519136 -0.312542 0.415578 -0.519136 0.001299 -0.415578 -0.519136 0.001299 0.415578 0.036645 -0.851957 0.415578 -0.519136 -0.851957 -0.415578 -0.519136 -0.851957 -0.415578 0.036645 -0.851957 -0.415578 0.036645 0.001299 -0.415578 -0.519136 0.001299 -0.415578 -0.519136 -0.851957 0.415578 -0.519136 -0.802330 -0.415578 -0.519136 -0.802330 -0.415578 0.036645 -0.851957 -0.415578 -0.519136 -0.851957 -0.415578 -0.519136 -0.802330 -0.415578 0.036645 -0.802330 0.415578 0.519136 -0.851957 -0.415578 0.519136 -0.851957 -0.415578 0.519136 -0.802330 0.415578 0.519136 -0.802330 0.415578 0.519136 -0.851957 0.415578 0.519136 -0.802330 0.415578 0.036645 -0.802330 -0.415578 -0.519136 -0.802330 0.415578 -0.519136 -0.802330 0.415578 -0.519136 -0.312542 -0.415578 -0.519136 -0.312542 -0.415578 0.036645 -0.802330 -0.415578 -0.519136 -0.802330 -0.415578 -0.519136 -0.312542 -0.415578 0.036645 -0.312542 0.415578 0.519136 -0.802330 -0.415578 0.519136 -0.802330 -0.415578 0.519136 -0.312542 0.415578 0.519136 -0.312542 0.415578 0.036645 -0.802330 0.415578 0.519136 -0.802330 0.415578 0.519136 -0.312542 0.415578 0.036645 -0.312542 0.415578 -0.519136 -0.802330 0.415578 0.036645 -0.802330 0.415578 0.036645 -0.312542 0.415578 -0.519136 -0.312542 -0.415578 0.519136 -0.802330 -0.415578 0.036645 -0.802330 -0.415578 0.036645 -0.312542 -0.415578 0.519136 -0.312542 0.415578 -0.519136 -0.851957 0.415578 0.036645 -0.851957 0.415578 0.036645 -0.802330 0.415578 -0.519136 -0.802330 -0.415578 0.519136 -0.851957 -0.415578 0.036645 -0.851957 -0.415578 0.036645 -0.802330 -0.415578 0.519136 -0.802330 -0.415578 0.519136 0.001299 -0.415578 0.036645 0.001299 0.415578 0.036645 0.001299 -0.415578 0.036645 -0.851957 -0.415578 0.519136 -0.851957 -0.415578 0.519136 -0.312542 -0.415578 0.036645 -0.312542 -0.415578 0.036645 0.001299 -0.415578 0.519136 0.001299 0.415578 -0.519136 -0.312542 0.415578 0.036645 -0.312542 0.415578 -0.519136 0.001299 " />
								<Normal vector="1.000000 0.000000 0.000000 0.707083 0.707083 0.000000 0.577349 0.577349 0.577349 0.707083 0.000000 0.707083 0.707083 0.707083 0.000000 -0.707083 0.707083 0.000000 -0.577349 0.577349 0.577349 0.577349 0.577349 0.577349 -1.000000 0.000000 0.000000 -0.707083 -0.707083 0.000000 -0.577349 -0.577349 0.577349 -0.707083 0.000000 0.707083 -0.707083 -0.707083 0.000000 0.707083 -0.707083 0.000000 0.577349 -0.577349 0.577349 -0.577349 -0.577349 0.577349 0.707083 0.000000 -0.707083 0.577349 -0.577349 -0.577349 -0.577349 -0.577349 -0.577349 -0.707083 0.000000 -0.707083 -0.707083 0.000000 0.707083 -0.577349 -0.577349 0.577349 -0.577349 -0.577349 -0.577349 0.707083 -0.707083 0.000000 -0.707083 -0.707083 0.000000 -0.707083 0.000000 -0.707083 -0.577349 -0.577349 -0.577349 -0.707083 -0.707083 0.000000 -1.000000 0.000000 0.000000 0.577349 0.577349 -0.577349 -0.577349 0.577349 -0.577349 -0.707083 0.707083 0.000000 0.707083 0.707083 0.000000 0.577349 0.577349 -0.577349 0.707083 0.707083 0.000000 1.000000 0.000000 0.000000 -0.707083 -0.707083 0.000000 0.707083 -0.707083 0.000000 0.707083 -0.707083 0.000000 -0.707083 -0.707083 0.000000 -1.000000 0.000000 0.000000 -0.707083 -0.707083 0.000000 -0.707083 -0.707083 0.000000 -1.000000 0.000000 0.000000 0.707083 0.707083 0.000000 -0.707083 0.707083 0.000000 -0.707083 0.707083 0.000000 0.707083 0.707083 0.000000 1.000000 0.000000 0.000000 0.707083 0.707083 0.000000 0.707083 0.707083 0.000000 1.000000 0.000000 0.000000 0.707083 -0.707083 0.000000 1.000000 0.000000 0.000000 1.000000 0.000000 0.000000 0.707083 -0.707083 0.000000 -0.707083 0.707083 0.000000 -1.000000 0.000000 0.000000 -1.000000 0.000000 0.000000 -0.707083 0.707083 0.000000 0.577349 -0.577349 -0.577349 0.707083 0.000000 -0.707083 1.000000 0.000000 0.000000 0.707083 -0.707083 0.000000 -0.577349 0.577349 -0.577349 -0.707083 0.000000 -0.707083 -1.000000 0.000000 0.000000 -0.707083 0.707083 0.000000 -0.577349 0.577349 0.577349 -0.707083 0.000000 0.707083 0.707083 0.000000 0.707083 -0.707083 0.000000 -0.707083 -0.577349 0.577349 -0.577349 -0.707083 0.707083 0.000000 -1.000000 0.000000 0.000000 -0.707083 0.000000 0.707083 -0.577349 0.577349 0.577349 0.707083 -0.707083 0.000000 1.000000 0.000000 0.000000 0.577349 -0.577349 0.577349 " />
								<TextureCoordinate point="0.1538 0.8111 0.1538 0.9330 0.2757 0.9330 0.2757 0.8111 0.1538 0.8111 0.1538 0.9330 0.2757 0.9330 0.2757 0.8111 0.1538 0.8111 0.1538 0.9330 0.2757 0.9330 0.2757 0.8111 0.1538 0.8111 0.1538 0.9330 0.2757 0.9330 0.2757 0.8111 0.1538 0.8111 0.1538 0.9330 0.2757 0.9330 0.2757 0.8111 0.1538 0.8111 0.1538 0.9330 0.1538 0.8111 0.2757 0.9330 0.2757 0.8111 0.1538 0.8111 0.1538 0.9330 0.2757 0.9330 0.2757 0.8111 0.1538 0.8111 0.1538 0.9330 0.2757 0.9330 0.2757 0.8111 0.1538 0.9330 0.2757 0.9330 0.2757 0.8111 0.1538 0.8111 0.1538 0.9330 0.2757 0.9330 0.2757 0.8111 0.7634 0.4888 0.5067 0.4888 0.5067 0.7159 0.7634 0.7159 0.1538 0.8111 0.1538 0.9330 0.2757 0.9330 0.2757 0.8111 0.1538 0.8111 0.1538 0.9330 0.2757 0.9330 0.2757 0.8111 0.1538 0.8111 0.1538 0.9330 0.2757 0.9330 0.2757 0.8111 0.1538 0.8111 0.1538 0.9330 0.2757 0.9330 0.2757 0.8111 0.1538 0.8111 0.1538 0.9330 0.2757 0.9330 0.2757 0.8111 0.1538 0.8111 0.1538 0.9330 0.2757 0.9330 0.2757 0.8111 0.1538 0.8111 0.1538 0.9330 0.2757 0.9330 0.2757 0.9330 0.2757 0.8111 0.1538 0.8111 0.1538 0.9330 0.2757 0.9330 0.2757 0.8111 0.1538 0.8111 0.1538 0.9330 0.2757 0.8111 " />
							</IndexedTriangleSet>
						</Shape>
					</Group>
				</Transform>
				<Transform DEF="Cube_000_TRANSFORM"
				           translation="0.000000 -0.000000 -0.807820"
				           scale="1.000000 1.000000 1.000000"
				           rotation="0.000000 1.000000 0.000000 0.000000"
				           >
					<Transform DEF="Cube_000_ifs_TRANSFORM"
					           translation="0.000000 0.000000 0.000000"
					           scale="1.000000 1.000000 1.000000"
					           rotation="0.000000 1.000000 0.000000 0.000000"
					           >
						<Group DEF="group_ME_Cube_025">
							<Shape>
								<Appearance>
									<Material USE="MA_Body" />
								</Appearance>
								<IndexedTriangleSet solid="false"
								                    normalPerVertex="true"
								                    index="0 1 2 0 2 3 4 5 6 4 6 7 8 9 10 8 10 11 12 13 14 12 14 15 16 17 18 16 18 19 20 21 13 20 13 12 22 23 9 22 9 8 24 25 5 24 5 4 26 27 1 26 1 0 28 29 30 28 30 31 32 24 4 32 4 33 34 35 36 34 36 37 38 39 40 38 40 41 42 43 44 42 44 45 26 21 46 26 46 47 48 49 50 48 50 51 37 36 52 37 52 53 54 12 15 54 15 55 31 30 56 31 56 57 33 4 7 33 7 58 30 59 60 30 60 56 61 33 58 61 58 62 36 63 64 36 64 52 65 54 55 65 55 66 67 68 69 67 69 70 71 72 73 71 73 74 45 44 75 45 75 76 77 78 79 77 79 80 81 82 54 81 54 65 29 83 59 29 59 30 84 32 33 84 33 61 83 85 86 83 86 59 85 84 61 85 61 86 87 88 89 87 89 63 90 91 92 90 92 93 76 75 94 76 94 95 96 97 98 96 98 99 100 101 102 100 102 103 63 89 104 63 104 64 89 65 66 89 66 104 59 86 105 59 105 60 86 61 62 86 62 105 106 99 71 106 71 107 108 96 99 108 99 106 109 76 95 109 95 110 111 45 76 111 76 109 107 71 74 107 74 112 113 47 96 113 96 108 112 74 16 112 16 114 28 26 47 28 47 113 115 42 45 115 45 111 116 26 0 116 0 117 118 22 8 118 8 119 114 16 19 114 19 120 119 8 11 119 11 121 117 0 3 117 3 122 "
								                    >
									<Coordinate point="0.347153 -0.351833 -0.290174 0.347153 0.433660 -0.290175 0.347153 0.433660 0.000603 0.347153 -0.351833 0.000603 -0.257102 0.433660 -0.290175 -0.347153 0.433660 -0.290175 -0.347153 0.433660 0.000603 -0.257102 0.433660 0.000603 -0.347153 -0.351833 -0.290174 -0.347153 -0.433660 -0.290174 -0.347153 -0.433660 0.000603 -0.347153 -0.351833 0.000603 0.257102 -0.433660 -0.290174 0.347153 -0.433660 -0.290174 0.347153 -0.433660 0.000603 0.257102 -0.433660 0.000603 -0.257101 -0.351833 -0.395305 -0.257101 -0.433660 -0.395305 -0.347153 -0.433660 -0.395305 -0.347153 -0.351833 -0.395305 0.257102 -0.433660 -0.395305 0.347153 -0.433660 -0.395305 -0.347153 -0.351833 -0.395305 -0.347153 -0.433660 -0.395305 -0.257102 0.433660 -0.395305 -0.347153 0.433660 -0.395305 0.347153 -0.351833 -0.395305 0.347153 0.433660 -0.395305 0.347153 0.433660 -0.395305 0.257101 0.433660 -0.395305 0.257101 0.433660 -0.290175 0.347153 0.433660 -0.290175 -0.162884 0.433660 -0.395305 -0.162884 0.433660 -0.290175 -0.347153 -0.433660 -0.395305 -0.257101 -0.433660 -0.395305 -0.257101 -0.433660 -0.290174 -0.347153 -0.433660 -0.290174 0.162884 -0.433660 -0.395305 0.257102 -0.433660 -0.395305 0.257102 -0.433660 -0.290174 0.162884 -0.433660 -0.290174 -0.347153 -0.351833 0.000603 -0.347153 -0.433660 0.000603 -0.257101 -0.433660 0.000603 -0.257101 -0.351833 0.000603 0.257102 -0.433660 -0.395305 0.257101 -0.351833 -0.395305 -0.162884 -0.351833 -0.395305 -0.162884 -0.433660 -0.395305 -0.257101 -0.433660 -0.395305 -0.257101 -0.351833 -0.395305 -0.257101 -0.433660 0.000603 -0.347153 -0.433660 0.000603 0.162884 -0.433660 -0.290174 0.162884 -0.433660 0.000603 0.257101 0.433660 0.000603 0.347153 0.433660 0.000603 -0.162884 0.433660 0.000603 0.162884 0.433660 -0.290175 0.162884 0.433660 0.000603 -0.054295 0.433660 -0.290175 -0.054295 0.433660 0.000603 -0.162884 -0.433660 -0.290174 -0.162884 -0.433660 0.000603 0.054295 -0.433660 -0.290174 0.054295 -0.433660 0.000603 0.257101 -0.351833 -0.395305 0.257102 -0.433660 -0.395305 0.162884 -0.433660 -0.395305 0.162884 -0.351833 -0.395305 -0.054295 -0.351833 -0.395305 -0.054295 -0.433660 -0.395305 -0.162884 -0.433660 -0.395305 -0.162884 -0.351833 -0.395305 -0.162884 -0.433660 0.000603 -0.162884 -0.351833 0.000603 -0.257101 -0.433660 -0.395305 -0.162884 -0.433660 -0.395305 -0.162884 -0.433660 -0.290174 -0.257101 -0.433660 -0.290174 0.054295 -0.433660 -0.395305 0.162884 -0.433660 -0.395305 0.162884 0.433660 -0.395305 -0.054295 0.433660 -0.395305 0.054294 0.433660 -0.395305 0.054295 0.433660 -0.290175 -0.162884 -0.433660 -0.395305 -0.054295 -0.433660 -0.395305 -0.054295 -0.433660 -0.290174 -0.054295 -0.433660 -0.395305 0.054295 -0.433660 -0.395305 0.054295 -0.433660 -0.290174 -0.054295 -0.433660 -0.290174 -0.054294 -0.433660 0.000603 -0.054294 -0.351833 0.000603 0.162884 -0.351833 -0.395305 0.162884 -0.433660 -0.395305 0.054295 -0.433660 -0.395305 0.054295 -0.351833 -0.395305 0.054295 -0.351833 -0.395305 0.054295 -0.433660 -0.395305 -0.054295 -0.433660 -0.395305 -0.054295 -0.351833 -0.395305 -0.054294 -0.433660 0.000603 0.054295 0.433660 0.000603 0.054294 0.433660 -0.395305 -0.054295 0.433660 -0.395305 0.162884 0.433660 -0.395305 -0.162884 0.433660 0.000603 -0.054295 0.433660 0.000603 -0.257102 0.433660 0.000603 -0.162884 0.433660 -0.395305 0.257101 0.433660 -0.395305 -0.257102 0.433660 -0.395305 -0.347153 0.433660 0.000603 0.347153 -0.433660 -0.395305 0.347153 -0.433660 -0.290174 -0.347153 0.433660 -0.395305 -0.347153 0.433660 -0.290175 -0.347153 0.433660 -0.395305 -0.347153 0.433660 0.000603 0.347153 -0.433660 0.000603 " />
									<Normal vector="1.000000 0.000000 0.000000 0.707083 0.707083 0.000000 0.707083 0.707083 0.000000 1.000000 0.000000 0.000000 0.000000 1.000000 0.000000 -0.707083 0.707083 0.000000 -0.577349 0.577349 0.577349 0.000000 0.707083 0.707083 -1.000000 0.000000 0.000000 -0.707083 -0.707083 0.000000 -0.577349 -0.577349 0.577349 -0.707083 0.000000 0.707083 0.000000 -1.000000 0.000000 0.707083 -0.707083 0.000000 0.707083 -0.707083 0.000000 0.000000 -1.000000 0.000000 0.000000 0.000000 -1.000000 0.000000 -0.707083 -0.707083 -0.577349 -0.577349 -0.577349 -0.707083 0.000000 -0.707083 0.000000 -0.707083 -0.707083 0.577349 -0.577349 -0.577349 -0.707083 0.000000 -0.707083 -0.577349 -0.577349 -0.577349 0.000000 0.707083 -0.707083 -0.577349 0.577349 -0.577349 0.707083 0.000000 -0.707083 0.577349 0.577349 -0.577349 0.577349 0.577349 -0.577349 0.000000 0.707083 -0.707083 0.000000 1.000000 0.000000 0.707083 0.707083 0.000000 0.000000 0.707083 -0.707083 0.000000 1.000000 0.000000 -0.577349 -0.577349 -0.577349 0.000000 -0.707083 -0.707083 0.000000 -1.000000 0.000000 -0.707083 -0.707083 0.000000 0.000000 -0.707083 -0.707083 0.000000 -0.707083 -0.707083 0.000000 -1.000000 0.000000 0.000000 -1.000000 0.000000 -0.707083 0.000000 0.707083 -0.577349 -0.577349 0.577349 0.000000 -0.707083 0.707083 0.000000 0.000000 1.000000 0.000000 -0.707083 -0.707083 0.000000 0.000000 -1.000000 0.000000 0.000000 -1.000000 0.000000 -0.707083 -0.707083 0.000000 -0.707083 -0.707083 0.000000 0.000000 -1.000000 0.000000 -0.707083 0.707083 -0.577349 -0.577349 0.577349 0.000000 -1.000000 0.000000 0.000000 -1.000000 0.000000 0.000000 1.000000 0.000000 0.707083 0.707083 0.000000 0.000000 0.707083 0.707083 0.000000 1.000000 0.000000 0.000000 1.000000 0.000000 0.000000 1.000000 0.000000 0.000000 0.894406 0.447188 0.000000 -1.000000 0.000000 0.000000 -0.707083 0.707083 0.000000 -1.000000 0.000000 0.000000 -1.000000 0.000000 0.000000 0.000000 -1.000000 0.000000 -0.707083 -0.707083 0.000000 -0.707083 -0.707083 0.000000 0.000000 -1.000000 0.000000 0.000000 -1.000000 0.000000 -0.707083 -0.707083 0.000000 -0.707083 -0.707083 0.000000 0.000000 -1.000000 0.000000 -0.707083 0.707083 0.000000 0.000000 1.000000 0.000000 -0.707083 -0.707083 0.000000 -0.707083 -0.707083 0.000000 -1.000000 0.000000 0.000000 -1.000000 0.000000 0.000000 -0.707083 -0.707083 0.000000 -0.707083 -0.707083 0.000000 0.707083 -0.707083 0.000000 0.707083 -0.707083 0.000000 0.707083 -0.707083 0.000000 1.000000 0.000000 0.000000 -0.707083 -0.707083 0.000000 -0.707083 -0.707083 0.000000 -1.000000 0.000000 0.000000 -0.707083 -0.707083 0.000000 -0.707083 -0.707083 0.000000 -1.000000 0.000000 0.000000 -1.000000 0.000000 0.000000 -0.894406 0.447188 0.000000 0.000000 1.000000 0.000000 0.000000 -1.000000 0.000000 -0.707083 -0.707083 0.000000 -0.707083 -0.707083 0.000000 0.000000 -1.000000 0.000000 0.000000 -1.000000 0.000000 -0.707083 -0.707083 0.000000 -0.707083 -0.707083 0.000000 0.000000 -1.000000 0.000000 -0.894406 0.447188 0.000000 1.000000 0.000000 0.000000 0.707083 -0.707083 0.000000 0.707083 -0.707083 0.000000 0.707083 -0.707083 0.000000 0.707083 0.707083 0.000000 0.894406 0.447188 0.000000 0.707083 0.707083 0.000000 0.707083 -0.707083 0.000000 0.707083 -0.707083 0.000000 0.707083 -0.707083 -0.577349 0.577349 0.577349 0.577349 -0.577349 -0.577349 0.707083 -0.707083 0.000000 -0.577349 0.577349 -0.577349 -0.707083 0.707083 0.000000 -0.577349 0.577349 -0.577349 -0.577349 0.577349 0.577349 0.707083 -0.707083 0.000000 " />
									<TextureCoordinate point="0.2024 0.8597 0.2024 0.9129 0.2556 0.9129 0.2556 0.8597 0.2024 0.8774 0.2024 0.9129 0.2556 0.9129 0.2556 0.8774 0.2024 0.8597 0.2024 0.9129 0.2556 0.9129 0.2556 0.8597 0.2024 0.8774 0.2024 0.9129 0.2556 0.9129 0.2556 0.8774 0.2201 0.8597 0.2201 0.9129 0.2556 0.9129 0.2556 0.8597 0.1491 0.8774 0.1491 0.9129 0.1491 0.8597 0.1491 0.9129 0.1491 0.8774 0.1491 0.9129 0.1491 0.8597 0.1491 0.9129 0.1491 0.8064 0.1491 0.8419 0.2024 0.8419 0.2024 0.8064 0.1491 0.8656 0.2024 0.8656 0.1491 0.8064 0.1491 0.8419 0.2024 0.8419 0.2024 0.8064 0.0448 0.2343 0.3362 0.2343 0.3362 0.2919 0.0448 0.2919 0.1491 0.8597 0.1491 0.9129 0.1846 0.9129 0.1846 0.8597 0.1846 0.9129 0.1846 0.8597 0.0645 0.2262 0.3843 0.2262 0.3843 0.2915 0.0645 0.2915 0.2556 0.8419 0.2556 0.8064 0.2024 0.8656 0.2556 0.8656 0.2556 0.8419 0.2556 0.8064 0.2556 0.8656 0.2024 0.8537 0.2556 0.8537 0.2024 0.8616 0.2556 0.8616 0.2024 0.8537 0.2556 0.8537 0.2024 0.8616 0.2556 0.8616 0.0645 0.2262 0.3843 0.2262 0.3843 0.2915 0.0645 0.2915 0.2043 0.8597 0.2043 0.9129 0.2083 0.9129 0.2083 0.8597 0.1965 0.9129 0.1965 0.8597 0.0448 0.2343 0.3362 0.2343 0.3362 0.2919 0.0448 0.2919 0.1491 0.8616 0.1491 0.8656 0.1491 0.8537 0.1491 0.8616 0.1491 0.8577 0.2024 0.8577 0.1491 0.8537 0.1491 0.8577 0.2024 0.8577 0.0448 0.2343 0.3362 0.2343 0.3362 0.2919 0.0448 0.2919 0.2004 0.9129 0.2004 0.8597 0.1965 0.8597 0.1965 0.9129 0.2004 0.9129 0.2004 0.8597 0.0645 0.2262 0.3843 0.2262 0.3843 0.2915 0.0645 0.2915 0.2556 0.8577 0.2556 0.8577 0.2004 0.8064 0.2043 0.8064 0.1965 0.8064 0.1965 0.8064 0.2004 0.8064 0.1846 0.8064 0.2083 0.8064 0.1846 0.8064 0.2201 0.8064 0.1491 0.8064 0.1491 0.8064 0.2024 0.8064 0.1491 0.8064 0.2024 0.8064 0.2556 0.8064 0.2556 0.8064 0.2556 0.8064 " />
								</IndexedTriangleSet>
							</Shape>
						</Group>
					</Transform>
				</Transform>
			</Transform>
			<Transform DEF="head_TRANSFORM"
			           translation="0.000000 -2.817492 1.219539"
			           scale="1.000000 1.000000 1.000000"
			           rotation="0.000000 1.000000 0.000000 0.000000"
			           >
				<Transform DEF="head_ifs_TRANSFORM"
				           translation="0.000000 0.000000 0.000000"
				           scale="1.000000 1.000000 1.000000"
				           rotation="0.000000 1.000000 0.000000 0.000000"
				           >
					<Group DEF="group_ME_head">
						<Shape>
							<Appearance>
								<Material USE="MA_Body" />
							</Appearance>
							<IndexedTriangleSet solid="false"
							                    normalPerVertex="true"
							                    index="0 1 2 0 2 3 4 5 6 4 6 7 8 9 10 8 10 11 12 13 14 12 14 15 4 16 17 4 17 15 18 5 14 18 14 19 "
							                    >
								<Coordinate point="-1.579952 -0.967319 -0.906711 -1.579952 -1.161735 0.638907 -1.579952 -0.091515 0.773525 -1.579952 0.102901 -0.772093 -1.579952 0.102901 -0.772093 -1.579952 -0.091515 0.773525 1.579952 -0.091515 0.773525 1.579952 0.102901 -0.772093 1.579952 0.102901 -0.772093 1.579952 -0.091515 0.773525 1.579952 -1.161735 0.638907 1.579952 -0.967319 -0.906711 1.579952 -0.967319 -0.906711 1.579952 -1.161735 0.638907 -1.579952 -1.161735 0.638907 -1.579952 -0.967319 -0.906711 1.579952 0.102901 -0.772093 1.579952 -0.967319 -0.906711 1.579952 -0.091515 0.773525 1.579952 -1.161735 0.638907 " />
								<Normal vector="-0.577349 -0.500778 -0.644887 -0.577349 -0.644887 0.500778 -0.577349 0.500778 0.644887 -0.577349 0.644887 -0.500778 -0.577349 0.644887 -0.500778 -0.577349 0.500778 0.644887 0.577349 0.500778 0.644887 0.577349 0.644887 -0.500778 0.577349 0.644887 -0.500778 0.577349 0.500778 0.644887 0.577349 -0.644887 0.500778 0.577349 -0.500778 -0.644887 0.577349 -0.500778 -0.644887 0.577349 -0.644887 0.500778 -0.577349 -0.644887 0.500778 -0.577349 -0.500778 -0.644887 0.577349 0.644887 -0.500778 0.577349 -0.500778 -0.644887 0.577349 0.500778 0.644887 0.577349 -0.644887 0.500778 " />
								<TextureCoordinate point="0.2002 0.8330 0.2685 0.8330 0.2685 0.9013 0.2002 0.9013 0.2002 0.8330 0.2685 0.8330 0.2685 0.9013 0.2002 0.9013 0.2002 0.8330 0.2685 0.8330 0.2685 0.9013 0.2002 0.9013 0.2002 0.8330 0.2685 0.8330 0.2685 0.9013 0.2002 0.9013 0.2685 0.8330 0.2685 0.9013 0.2002 0.8330 0.2002 0.9013 " />
							</IndexedTriangleSet>
						</Shape>
					</Group>
				</Transform>
				<Transform DEF="Cube_006_TRANSFORM"
				           translation="0.000000 -0.952583 0.042063"
				           scale="1.000000 1.000000 1.000000"
				           rotation="0.000000 1.000000 0.000000 0.000000"
				           >
					<Transform DEF="Cube_006_ifs_TRANSFORM"
					           translation="0.000000 0.000000 0.000000"
					           scale="1.000000 1.000000 1.000000"
					           rotation="0.000000 1.000000 0.000000 0.000000"
					           >
						<Group DEF="group_ME_Cube_004">
							<Shape>
								<Appearance>
									<Material USE="MA_Body" />
								</Appearance>
								<IndexedTriangleSet solid="false"
								                    normalPerVertex="true"
								                    index="0 1 2 0 2 3 4 5 6 4 6 7 8 9 10 8 10 11 12 13 14 12 14 15 16 17 10 16 10 18 19 20 21 19 21 22 23 24 25 23 25 26 27 28 29 27 29 30 31 32 33 31 33 34 35 36 21 35 21 37 38 39 25 38 25 40 41 42 43 41 43 34 44 45 46 44 46 15 47 48 49 47 49 30 50 51 52 50 52 53 54 55 56 54 56 57 58 59 60 58 60 61 62 63 64 62 64 65 66 67 68 66 68 69 "
								                    >
									<Coordinate point="-1.452319 -0.844113 0.301262 -1.452319 -0.858120 0.362429 -1.452319 -0.114401 0.532735 -1.452319 -0.100394 0.471568 1.452319 -0.100394 0.471568 1.452319 -0.114401 0.532735 1.452319 -0.858120 0.362429 1.452319 -0.844113 0.301262 -0.477257 -0.844113 0.301262 -0.477257 -0.858120 0.362429 -1.452319 -0.858120 0.362429 -1.452319 -0.844113 0.301262 0.477257 0.128828 -0.529432 1.452319 0.128828 -0.529432 1.452319 -0.614891 -0.699738 0.477257 -0.614891 -0.699738 -0.477257 -0.114401 0.532735 -1.452319 -0.114401 0.532735 -0.477257 -0.858120 0.362429 1.452319 -0.114401 0.532735 0.477257 -0.114401 0.532735 0.477257 -0.858120 0.362429 1.452319 -0.858120 0.362429 0.477257 -0.114401 0.532735 -0.477257 -0.114401 0.532735 -0.477257 -0.858120 0.362429 0.477257 -0.858120 0.362429 -1.452319 0.128828 -0.529432 -0.477257 0.128828 -0.529432 -0.477257 -0.614891 -0.699738 -1.452319 -0.614891 -0.699738 -0.477257 0.128828 -0.529432 0.477257 0.128828 -0.529432 0.477257 -0.614891 -0.699738 -0.477257 -0.614891 -0.699738 1.452319 -0.844113 0.301262 1.452319 -0.858120 0.362429 0.477257 -0.844113 0.301262 0.477257 -0.844113 0.301262 0.477257 -0.858120 0.362429 -0.477257 -0.844113 0.301262 0.477257 -0.614891 -0.699738 0.477257 -0.631917 -0.625387 -0.477257 -0.631917 -0.625387 1.452319 -0.614891 -0.699738 1.452319 -0.631917 -0.625387 0.477257 -0.631917 -0.625387 -0.477257 -0.614891 -0.699738 -0.477257 -0.631917 -0.625387 -1.452319 -0.631917 -0.625387 1.452319 0.128828 -0.529432 1.452319 0.111802 -0.455080 1.452319 -0.631917 -0.625387 1.452319 -0.614891 -0.699738 -1.452319 -0.614891 -0.699738 -1.452319 -0.631917 -0.625387 -1.452319 0.111802 -0.455080 -1.452319 0.128828 -0.529432 0.477257 -0.631917 -0.625387 0.477257 -0.844113 0.301262 -0.477257 -0.844113 0.301262 -0.477257 -0.631917 -0.625387 1.452319 0.111802 -0.455080 1.452319 -0.100394 0.471568 1.452319 -0.844113 0.301262 1.452319 -0.631917 -0.625387 -1.452319 -0.631917 -0.625387 -1.452319 -0.844113 0.301262 -1.452319 -0.100394 0.471568 -1.452319 0.111802 -0.455080 " />
									<Normal vector="-0.707083 -0.689261 -0.157811 -0.577349 -0.691641 0.433882 -0.707083 -0.157811 0.689261 -1.000000 0.000000 0.000000 1.000000 0.000000 0.000000 0.707083 -0.157811 0.689261 0.577349 -0.691641 0.433882 0.707083 -0.689261 -0.157811 0.000000 -0.974761 -0.223212 0.000000 -0.847102 0.531419 -0.577349 -0.691641 0.433882 -0.707083 -0.689261 -0.157811 0.000000 0.223212 -0.974761 0.707083 0.157811 -0.689261 0.577349 -0.433882 -0.691641 0.000000 -0.531419 -0.847102 0.000000 -0.223212 0.974761 -0.707083 -0.157811 0.689261 0.000000 -0.847102 0.531419 0.707083 -0.157811 0.689261 0.000000 -0.223212 0.974761 0.000000 -0.847102 0.531419 0.577349 -0.691641 0.433882 0.000000 -0.223212 0.974761 0.000000 -0.223212 0.974761 0.000000 -0.847102 0.531419 0.000000 -0.847102 0.531419 -0.707083 0.157811 -0.689261 0.000000 0.223212 -0.974761 0.000000 -0.531419 -0.847102 -0.577349 -0.433882 -0.691641 0.000000 0.223212 -0.974761 0.000000 0.223212 -0.974761 0.000000 -0.531419 -0.847102 0.000000 -0.531419 -0.847102 0.707083 -0.689261 -0.157811 0.577349 -0.691641 0.433882 0.000000 -0.974761 -0.223212 0.000000 -0.974761 -0.223212 0.000000 -0.847102 0.531419 0.000000 -0.974761 -0.223212 0.000000 -0.531419 -0.847102 0.000000 -0.974761 -0.223212 0.000000 -0.974761 -0.223212 0.577349 -0.433882 -0.691641 0.707083 -0.689261 -0.157811 0.000000 -0.974761 -0.223212 0.000000 -0.531419 -0.847102 0.000000 -0.974761 -0.223212 -0.707083 -0.689261 -0.157811 0.707083 0.157811 -0.689261 1.000000 0.000000 0.000000 0.707083 -0.689261 -0.157811 0.577349 -0.433882 -0.691641 -0.577349 -0.433882 -0.691641 -0.707083 -0.689261 -0.157811 -1.000000 0.000000 0.000000 -0.707083 0.157811 -0.689261 0.000000 -0.974761 -0.223212 0.000000 -0.974761 -0.223212 0.000000 -0.974761 -0.223212 0.000000 -0.974761 -0.223212 1.000000 0.000000 0.000000 1.000000 0.000000 0.000000 0.707083 -0.689261 -0.157811 0.707083 -0.689261 -0.157811 -0.707083 -0.689261 -0.157811 -0.707083 -0.689261 -0.157811 -1.000000 0.000000 0.000000 -1.000000 0.000000 0.000000 " />
									<TextureCoordinate point="0.2087 0.8189 0.2992 0.8189 0.2992 0.9095 0.2087 0.9095 0.2087 0.8189 0.2992 0.8189 0.2992 0.9095 0.2087 0.9095 0.2087 0.8189 0.2992 0.8189 0.2992 0.9095 0.2087 0.9095 0.2087 0.8189 0.2992 0.8189 0.2992 0.9095 0.2087 0.9095 0.2087 0.8189 0.2992 0.8189 0.2087 0.9095 0.2087 0.8189 0.2992 0.8189 0.2992 0.9095 0.2087 0.9095 0.2087 0.8189 0.2992 0.8189 0.2992 0.9095 0.2087 0.9095 0.2087 0.8189 0.2992 0.8189 0.2992 0.9095 0.2087 0.9095 0.2087 0.8189 0.2992 0.8189 0.2992 0.9095 0.2087 0.9095 0.2087 0.8189 0.2992 0.8189 0.2087 0.9095 0.2087 0.8189 0.2992 0.8189 0.2087 0.9095 0.2087 0.8189 0.2992 0.8189 0.2992 0.9095 0.2087 0.8189 0.2992 0.8189 0.2992 0.9095 0.2087 0.8189 0.2992 0.8189 0.2992 0.9095 0.2087 0.8189 0.2992 0.8189 0.2992 0.9095 0.2087 0.9095 0.2087 0.8189 0.2992 0.8189 0.2992 0.9095 0.2087 0.9095 0.2087 0.8189 0.2992 0.8189 0.2992 0.9095 0.2087 0.9095 0.2087 0.8189 0.2992 0.8189 0.2992 0.9095 0.2087 0.9095 0.2087 0.8189 0.2992 0.8189 0.2992 0.9095 0.2087 0.9095 " />
								</IndexedTriangleSet>
							</Shape>
							<Shape>
								<Appearance>
									<Material DEF="MA_Eye"
									          diffuseColor="0.800 0.800 0.800"
									          specularColor="0.401 0.401 0.401"
									          emissiveColor="0.000 0.000 0.000"
									          ambientIntensity="0.000"
									          shininess="0.500"
									          transparency="0.0"
									          />
								</Appearance>
								<IndexedTriangleSet solid="false"
								                    normalPerVertex="true"
								                    index="0 1 2 0 2 3 4 5 6 4 6 7 "
								                    >
									<Coordinate point="1.452319 -0.631917 -0.625387 1.452319 -0.844113 0.301262 0.477257 -0.844113 0.301262 0.477257 -0.631917 -0.625387 -0.477257 -0.631917 -0.625387 -0.477257 -0.844113 0.301262 -1.452319 -0.844113 0.301262 -1.452319 -0.631917 -0.625387 " />
									<Normal vector="0.707083 -0.689261 -0.157811 0.707083 -0.689261 -0.157811 0.000000 -0.974761 -0.223212 0.000000 -0.974761 -0.223212 0.000000 -0.974761 -0.223212 0.000000 -0.974761 -0.223212 -0.707083 -0.689261 -0.157811 -0.707083 -0.689261 -0.157811 " />
									<TextureCoordinate point="0.0045 0.5191 0.0045 0.9485 0.9887 0.9485 0.9887 0.5191 0.9887 0.5191 0.9887 0.9485 0.0045 0.9485 0.0045 0.5191 " />
								</IndexedTriangleSet>
							</Shape>
						</Group>
					</Transform>
				</Transform>
				<Transform DEF="Cube_TRANSFORM"
				           translation="0.000000 -0.928359 -0.679181"
				           scale="1.000000 1.000000 1.000000"
				           rotation="0.000000 1.000000 0.000000 0.000000"
				           >
					<Transform DEF="Cube_ifs_TRANSFORM"
					           translation="0.000000 0.000000 0.000000"
					           scale="1.000000 1.000000 1.000000"
					           rotation="0.000000 1.000000 0.000000 0.000000"
					           >
						<Group DEF="group_ME_Cube">
							<Shape>
								<Appearance>
									<Material USE="MA_Body" />
								</Appearance>
								<IndexedTriangleSet solid="false"
								                    normalPerVertex="true"
								                    index="0 1 2 0 2 3 4 5 6 4 6 7 8 9 10 8 10 11 12 13 14 12 14 15 16 1 10 16 10 17 18 19 20 18 20 21 22 23 24 22 24 25 0 26 27 0 27 11 28 29 30 28 30 31 32 33 20 32 20 15 34 35 24 34 24 36 37 38 39 37 39 40 41 42 43 41 43 44 45 46 47 45 47 48 49 50 51 49 51 52 53 54 55 53 55 56 57 58 59 57 59 60 61 62 63 61 63 64 65 66 55 65 55 44 67 68 69 67 69 70 71 72 73 71 73 74 75 76 77 75 77 78 79 80 81 79 81 82 83 84 85 83 85 31 86 87 88 86 88 89 90 91 92 90 92 36 93 94 95 93 95 89 96 97 85 96 85 98 99 100 101 99 101 102 "
								                    >
									<Coordinate point="-1.504844 -0.479091 -0.289699 -1.504844 -0.556356 0.062624 -1.504844 -0.033776 0.177226 -1.504844 0.043489 -0.175096 1.504844 -0.479091 -0.289699 1.504844 -0.556356 0.062624 1.504844 -0.679131 0.035699 1.504844 -0.601866 -0.316623 -1.221148 -0.601866 -0.316623 -1.221148 -0.679131 0.035699 -1.504844 -0.679131 0.035699 -1.504844 -0.601866 -0.316623 1.221148 -0.479091 -0.289699 1.504844 -0.479091 -0.289699 1.504844 -0.601866 -0.316623 1.221148 -0.601866 -0.316623 -1.221148 -0.556356 0.062624 -1.221148 -0.679131 0.035699 1.504844 -0.556356 0.062624 1.221148 -0.556356 0.062624 1.221148 -0.679131 0.035699 1.504844 -0.679131 0.035699 -0.914078 -0.556356 0.062624 -1.221148 -0.556356 0.062624 -1.221148 -0.679131 0.035699 -0.914078 -0.679131 0.035699 -1.221148 -0.479091 -0.289699 -1.221148 -0.601866 -0.316623 0.914078 -0.479091 -0.289699 1.221148 -0.479091 -0.289699 1.221148 -0.601866 -0.316623 0.914078 -0.601866 -0.316623 1.504844 -0.601866 -0.316623 1.504844 -0.679131 0.035699 -0.914078 -0.601866 -0.316623 -0.914078 -0.679131 0.035699 -1.221148 -0.601866 -0.316623 0.914078 0.043489 -0.175096 1.221148 0.043489 -0.175096 1.221148 -0.479091 -0.289699 0.914078 -0.479091 -0.289699 -1.504844 0.043489 -0.175096 -1.221148 0.043489 -0.175096 -1.221148 -0.479091 -0.289699 -1.504844 -0.479091 -0.289699 -0.914078 -0.033776 0.177226 -1.221148 -0.033776 0.177226 -1.221148 -0.556356 0.062624 -0.914078 -0.556356 0.062624 1.504844 -0.033776 0.177226 1.221148 -0.033776 0.177226 1.221148 -0.556356 0.062624 1.504844 -0.556356 0.062624 -1.221148 -0.033776 0.177226 -1.504844 -0.033776 0.177226 -1.504844 -0.556356 0.062624 -1.221148 -0.556356 0.062624 1.221148 0.043489 -0.175096 1.504844 0.043489 -0.175096 1.504844 -0.479091 -0.289699 1.221148 -0.479091 -0.289699 1.504844 0.043489 -0.175096 1.504844 -0.033776 0.177226 1.504844 -0.556356 0.062624 1.504844 -0.479091 -0.289699 -1.504844 -0.601866 -0.316623 -1.504844 -0.679131 0.035699 1.221148 -0.033776 0.177226 0.914078 -0.033776 0.177226 0.914078 -0.556356 0.062624 1.221148 -0.556356 0.062624 0.914078 -0.033776 0.177226 -0.914078 -0.033776 0.177226 -0.914078 -0.556356 0.062624 0.914078 -0.556356 0.062624 -1.221148 0.043489 -0.175096 -0.914078 0.043489 -0.175096 -0.914078 -0.479091 -0.289699 -1.221148 -0.479091 -0.289699 -0.914078 0.043489 -0.175096 0.914078 0.043489 -0.175096 0.914078 -0.479091 -0.289699 -0.914078 -0.479091 -0.289699 1.221148 -0.601866 -0.316623 1.221148 -0.679131 0.035699 0.914078 -0.679131 0.035699 0.914078 -0.601866 -0.316623 0.914078 -0.679131 0.035699 -0.914078 -0.679131 0.035699 -0.914078 -0.601866 -0.316623 -1.221148 -0.479091 -0.289699 -0.914078 -0.479091 -0.289699 -0.914078 -0.601866 -0.316623 -0.914078 -0.479091 -0.289699 0.914078 -0.479091 -0.289699 0.914078 -0.601866 -0.316623 1.221148 -0.556356 0.062624 0.914078 -0.556356 0.062624 1.221148 -0.679131 0.035699 0.914078 -0.556356 0.062624 -0.914078 -0.556356 0.062624 -0.914078 -0.679131 0.035699 0.914078 -0.679131 0.035699 " />
									<Normal vector="-0.707083 0.151463 -0.690664 -0.707083 -0.151463 0.690664 -0.707083 -0.151463 0.690664 -0.707083 0.151463 -0.690664 0.707083 0.151463 -0.690664 0.707083 -0.151463 0.690664 0.577349 -0.687613 0.440260 0.577349 -0.440260 -0.687613 0.000000 -0.539201 -0.842158 0.000000 -0.842158 0.539201 -0.577349 -0.687613 0.440260 -0.577349 -0.440260 -0.687613 0.000000 0.214209 -0.976775 0.707083 0.151463 -0.690664 0.577349 -0.440260 -0.687613 0.000000 -0.539201 -0.842158 0.000000 -0.214209 0.976775 0.000000 -0.842158 0.539201 0.707083 -0.151463 0.690664 0.000000 -0.214209 0.976775 0.000000 -0.842158 0.539201 0.577349 -0.687613 0.440260 0.000000 -0.214209 0.976775 0.000000 -0.214209 0.976775 0.000000 -0.842158 0.539201 0.000000 -0.842158 0.539201 0.000000 0.214209 -0.976775 0.000000 -0.539201 -0.842158 0.000000 0.214209 -0.976775 0.000000 0.214209 -0.976775 0.000000 -0.539201 -0.842158 0.000000 -0.539201 -0.842158 0.577349 -0.440260 -0.687613 0.577349 -0.687613 0.440260 0.000000 -0.539201 -0.842158 0.000000 -0.842158 0.539201 0.000000 -0.539201 -0.842158 0.000000 0.214209 -0.976775 0.000000 0.214209 -0.976775 0.000000 0.214209 -0.976775 0.000000 0.214209 -0.976775 -0.707083 0.151463 -0.690664 0.000000 0.214209 -0.976775 0.000000 0.214209 -0.976775 -0.707083 0.151463 -0.690664 0.000000 -0.214209 0.976775 0.000000 -0.214209 0.976775 0.000000 -0.214209 0.976775 0.000000 -0.214209 0.976775 0.707083 -0.151463 0.690664 0.000000 -0.214209 0.976775 0.000000 -0.214209 0.976775 0.707083 -0.151463 0.690664 0.000000 -0.214209 0.976775 -0.707083 -0.151463 0.690664 -0.707083 -0.151463 0.690664 0.000000 -0.214209 0.976775 0.000000 0.214209 -0.976775 0.707083 0.151463 -0.690664 0.707083 0.151463 -0.690664 0.000000 0.214209 -0.976775 0.707083 0.151463 -0.690664 0.707083 -0.151463 0.690664 0.707083 -0.151463 0.690664 0.707083 0.151463 -0.690664 -0.577349 -0.440260 -0.687613 -0.577349 -0.687613 0.440260 0.000000 -0.214209 0.976775 0.000000 -0.214209 0.976775 0.000000 -0.214209 0.976775 0.000000 -0.214209 0.976775 0.000000 -0.214209 0.976775 0.000000 -0.214209 0.976775 0.000000 -0.214209 0.976775 0.000000 -0.214209 0.976775 0.000000 0.214209 -0.976775 0.000000 0.214209 -0.976775 0.000000 0.214209 -0.976775 0.000000 0.214209 -0.976775 0.000000 0.214209 -0.976775 0.000000 0.214209 -0.976775 0.000000 0.214209 -0.976775 0.000000 0.214209 -0.976775 0.000000 -0.539201 -0.842158 0.000000 -0.842158 0.539201 0.000000 -0.842158 0.539201 0.000000 -0.539201 -0.842158 0.000000 -0.842158 0.539201 0.000000 -0.842158 0.539201 0.000000 -0.539201 -0.842158 0.000000 0.214209 -0.976775 0.000000 0.214209 -0.976775 0.000000 -0.539201 -0.842158 0.000000 0.214209 -0.976775 0.000000 0.214209 -0.976775 0.000000 -0.539201 -0.842158 0.000000 -0.214209 0.976775 0.000000 -0.214209 0.976775 0.000000 -0.842158 0.539201 0.000000 -0.214209 0.976775 0.000000 -0.214209 0.976775 0.000000 -0.842158 0.539201 0.000000 -0.842158 0.539201 " />
									<TextureCoordinate point="0.2194 0.7858 0.3275 0.7858 0.3275 0.8939 0.2194 0.8939 0.2194 0.7858 0.3275 0.7858 0.3275 0.8939 0.2194 0.8939 0.2194 0.7858 0.3275 0.7858 0.3275 0.8939 0.2194 0.8939 0.2194 0.7858 0.3275 0.7858 0.3275 0.8939 0.2194 0.8939 0.2194 0.7858 0.2194 0.8939 0.2194 0.7858 0.3275 0.7858 0.3275 0.8939 0.2194 0.8939 0.2194 0.7858 0.3275 0.7858 0.3275 0.8939 0.2194 0.8939 0.3275 0.7858 0.3275 0.8939 0.2194 0.7858 0.3275 0.7858 0.3275 0.8939 0.2194 0.8939 0.2194 0.7858 0.3275 0.7858 0.2194 0.7858 0.3275 0.7858 0.2194 0.8939 0.2766 0.3631 0.3846 0.3631 0.3846 0.4712 0.2766 0.4712 0.2194 0.7858 0.3275 0.7858 0.3275 0.8939 0.2194 0.8939 0.2194 0.7858 0.3275 0.7858 0.3275 0.8939 0.2194 0.8939 0.2194 0.7858 0.3275 0.7858 0.3275 0.8939 0.2194 0.8939 0.2194 0.7858 0.3275 0.7858 0.3275 0.8939 0.2194 0.8939 0.2194 0.7858 0.3275 0.7858 0.3275 0.8939 0.2194 0.8939 0.2194 0.7858 0.3275 0.7858 0.3275 0.8939 0.2194 0.8939 0.2194 0.7858 0.3275 0.7858 0.2194 0.7858 0.3275 0.7858 0.3275 0.8939 0.2194 0.8939 0.2194 0.7858 0.3275 0.7858 0.3275 0.8939 0.2194 0.8939 0.2785 0.3576 0.3865 0.3576 0.3865 0.4657 0.2785 0.4657 0.2785 0.3576 0.3865 0.3576 0.3865 0.4657 0.2785 0.4657 0.2194 0.7858 0.3275 0.7858 0.3275 0.8939 0.2785 0.3576 0.3865 0.3576 0.3865 0.4657 0.2785 0.4657 0.2194 0.7858 0.3275 0.7858 0.3275 0.8939 0.2785 0.3576 0.3865 0.3576 0.3865 0.4657 0.2194 0.7858 0.3275 0.7858 0.2194 0.8939 0.2194 0.7858 0.3275 0.7858 0.3275 0.8939 0.2194 0.8939 " />
								</IndexedTriangleSet>
							</Shape>
						</Group>
					</Transform>
					<Transform DEF="Cube_004_TRANSFORM"
					           translation="0.000000 -0.494716 -0.108492"
					           scale="1.000000 1.000000 1.000000"
					           rotation="0.000000 1.000000 0.000000 0.000000"
					           >
						<Transform DEF="Cube_004_ifs_TRANSFORM"
						           translation="0.000000 0.000000 0.000000"
						           scale="1.000000 1.000000 1.000000"
						           rotation="0.000000 1.000000 0.000000 0.000000"
						           >
							<Group DEF="group_ME_Cube_003">
								<Shape>
									<Appearance>
										<Material USE="MA_Body" />
									</Appearance>
									<IndexedTriangleSet solid="false"
									                    normalPerVertex="true"
									                    index="0 1 2 0 2 3 4 5 6 4 6 7 8 9 10 8 10 11 12 13 14 12 14 15 16 17 18 16 18 19 20 1 14 20 14 21 22 23 24 22 24 25 4 26 27 4 27 28 29 30 31 29 31 32 33 34 24 33 24 35 36 37 38 36 38 35 39 40 41 39 41 42 43 5 44 43 44 45 46 47 48 46 48 49 50 51 52 50 52 53 54 55 56 54 56 57 0 58 59 0 59 15 60 61 62 60 62 63 64 65 52 64 52 19 66 67 56 66 56 63 36 23 68 36 68 69 70 47 71 70 71 72 "
									                    >
										<Coordinate point="-1.265613 -0.409149 -0.249347 -1.265613 -0.484272 0.093210 -1.265613 -0.037926 0.191095 -1.265613 0.037197 -0.151463 0.842676 0.037197 -0.151463 0.842676 -0.037926 0.191095 1.265613 -0.037926 0.191095 1.265613 0.037197 -0.151463 1.265613 -0.409149 -0.249347 1.265613 -0.484272 0.093210 1.265613 -0.542690 0.080399 1.265613 -0.467567 -0.262158 -0.842676 -0.467567 -0.262158 -0.842676 -0.542690 0.080399 -1.265613 -0.542690 0.080399 -1.265613 -0.467567 -0.262158 0.842676 -0.409149 -0.249347 1.265613 -0.409149 -0.249347 1.265613 -0.467567 -0.262158 0.842676 -0.467567 -0.262158 -0.842676 -0.484272 0.093210 -0.842676 -0.542690 0.080399 -0.842676 -0.037926 0.191095 -1.265613 -0.037926 0.191095 -1.265613 -0.484272 0.093210 -0.842676 -0.484272 0.093210 1.265613 0.037197 -0.151463 1.265613 -0.409149 -0.249347 0.842676 -0.409149 -0.249347 1.265613 0.037197 -0.151463 1.265613 -0.037926 0.191095 1.265613 -0.484272 0.093210 1.265613 -0.409149 -0.249347 -1.265613 -0.467567 -0.262158 -1.265613 -0.542690 0.080399 -1.265613 -0.409149 -0.249347 -1.265613 0.037197 -0.151463 -0.842676 0.037197 -0.151463 -0.842676 -0.409149 -0.249347 -0.842676 0.037197 -0.151463 0.842676 0.037197 -0.151463 0.842676 -0.409149 -0.249347 -0.842676 -0.409149 -0.249347 1.265613 -0.037926 0.191095 0.842676 -0.484272 0.093210 1.265613 -0.484272 0.093210 0.842676 -0.037926 0.191095 -0.842676 -0.037926 0.191095 -0.842676 -0.484272 0.093210 0.842676 -0.484272 0.093210 1.265613 -0.484272 0.093210 0.842676 -0.484272 0.093210 0.842676 -0.542690 0.080399 1.265613 -0.542690 0.080399 0.842676 -0.484272 0.093210 -0.842676 -0.484272 0.093210 -0.842676 -0.542690 0.080399 0.842676 -0.542690 0.080399 -0.842676 -0.409149 -0.249347 -0.842676 -0.467567 -0.262158 -0.842676 -0.409149 -0.249347 0.842676 -0.409149 -0.249347 0.842676 -0.467567 -0.262158 -0.842676 -0.467567 -0.262158 1.265613 -0.467567 -0.262158 1.265613 -0.542690 0.080399 0.842676 -0.467567 -0.262158 0.842676 -0.542690 0.080399 -0.842676 -0.037926 0.191095 -0.842676 0.037197 -0.151463 -0.842676 0.037197 -0.151463 0.842676 -0.037926 0.191095 0.842676 0.037197 -0.151463 " />
										<Normal vector="-0.707083 0.151463 -0.690664 -0.707083 -0.151463 0.690664 -0.577349 0.440260 0.687613 -0.577349 0.687613 -0.440260 0.000000 0.842158 -0.539201 0.000000 0.539201 0.842158 0.577349 0.440260 0.687613 0.577349 0.687613 -0.440260 0.707083 0.151463 -0.690664 0.707083 -0.151463 0.690664 0.577349 -0.687613 0.440260 0.577349 -0.440260 -0.687613 0.000000 -0.539201 -0.842158 0.000000 -0.842158 0.539201 -0.577349 -0.687613 0.440260 -0.577349 -0.440260 -0.687613 0.000000 0.214209 -0.976775 0.707083 0.151463 -0.690664 0.577349 -0.440260 -0.687613 0.000000 -0.539201 -0.842158 0.000000 -0.214209 0.976775 0.000000 -0.842158 0.539201 0.000000 0.539201 0.842158 -0.577349 0.440260 0.687613 -0.707083 -0.151463 0.690664 0.000000 -0.214209 0.976775 0.577349 0.687613 -0.440260 0.707083 0.151463 -0.690664 0.000000 0.214209 -0.976775 0.577349 0.687613 -0.440260 0.577349 0.440260 0.687613 0.707083 -0.151463 0.690664 0.707083 0.151463 -0.690664 -0.577349 -0.440260 -0.687613 -0.577349 -0.687613 0.440260 -0.707083 0.151463 -0.690664 -0.577349 0.687613 -0.440260 0.000000 0.842158 -0.539201 0.000000 0.214209 -0.976775 0.000000 0.842158 -0.539201 0.000000 0.842158 -0.539201 0.000000 0.214209 -0.976775 0.000000 0.214209 -0.976775 0.577349 0.440260 0.687613 0.000000 -0.214209 0.976775 0.707083 -0.151463 0.690664 0.000000 0.539201 0.842158 0.000000 0.539201 0.842158 0.000000 -0.214209 0.976775 0.000000 -0.214209 0.976775 0.707083 -0.151463 0.690664 0.000000 -0.214209 0.976775 0.000000 -0.842158 0.539201 0.577349 -0.687613 0.440260 0.000000 -0.214209 0.976775 0.000000 -0.214209 0.976775 0.000000 -0.842158 0.539201 0.000000 -0.842158 0.539201 0.000000 0.214209 -0.976775 0.000000 -0.539201 -0.842158 0.000000 0.214209 -0.976775 0.000000 0.214209 -0.976775 0.000000 -0.539201 -0.842158 0.000000 -0.539201 -0.842158 0.577349 -0.440260 -0.687613 0.577349 -0.687613 0.440260 0.000000 -0.539201 -0.842158 0.000000 -0.842158 0.539201 0.000000 0.539201 0.842158 0.000000 0.842158 -0.539201 0.000000 0.842158 -0.539201 0.000000 0.539201 0.842158 0.000000 0.842158 -0.539201 " />
										<TextureCoordinate point="0.2258 0.7922 0.2977 0.7922 0.2977 0.8641 0.2258 0.8641 0.2258 0.7922 0.2977 0.7922 0.2977 0.8641 0.2258 0.8641 0.2258 0.7922 0.2977 0.7922 0.2977 0.8641 0.2258 0.8641 0.2258 0.7922 0.2977 0.7922 0.2977 0.8641 0.2258 0.8641 0.2258 0.7922 0.2977 0.7922 0.2977 0.8641 0.2258 0.8641 0.2258 0.7922 0.2258 0.8641 0.2258 0.7922 0.2977 0.7922 0.2977 0.8641 0.2258 0.8641 0.2977 0.7922 0.2977 0.8641 0.2258 0.8641 0.2258 0.7922 0.2977 0.7922 0.2977 0.8641 0.2258 0.8641 0.2258 0.7922 0.2977 0.7922 0.2258 0.8641 0.2258 0.7922 0.2977 0.7922 0.2977 0.8641 0.3074 0.3622 0.3793 0.3622 0.3793 0.4342 0.3074 0.4342 0.2258 0.7922 0.2977 0.8641 0.2258 0.8641 0.2258 0.7922 0.2977 0.7922 0.2977 0.8641 0.2258 0.8641 0.2258 0.7922 0.2977 0.7922 0.2977 0.8641 0.2258 0.8641 0.2258 0.7922 0.2977 0.7922 0.2977 0.8641 0.2258 0.8641 0.2977 0.7922 0.2977 0.8641 0.2258 0.7922 0.2977 0.7922 0.2977 0.8641 0.2258 0.8641 0.2258 0.7922 0.2977 0.7922 0.2258 0.7922 0.2977 0.7922 0.2977 0.8641 0.2258 0.8641 0.2258 0.7922 0.2977 0.8641 0.2258 0.8641 " />
									</IndexedTriangleSet>
								</Shape>
							</Group>
						</Transform>
					</Transform>
				</Transform>
				<Transform DEF="mouth_TRANSFORM"
				           translation="0.000000 -0.298275 -1.069671"
				           scale="1.000000 1.000000 1.000000"
				           rotation="0.000000 1.000000 0.000000 0.000000"
				           >
					<Transform DEF="mouth_ifs_TRANSFORM"
					           translation="0.000000 0.000000 0.000000"
					           scale="1.000000 1.000000 1.000000"
					           rotation="0.000000 1.000000 0.000000 0.000000"
					           >
						<Group DEF="group_ME_mouth">
							<Shape>
								<Appearance>
									<Material USE="MA_Body" />
								</Appearance>
								<IndexedTriangleSet solid="false"
								                    normalPerVertex="true"
								                    index="0 1 2 0 2 3 4 5 6 4 6 7 8 9 10 8 10 11 12 13 14 12 14 15 16 17 18 16 18 19 20 1 14 20 14 21 22 23 24 22 24 25 26 27 28 26 28 29 30 31 32 30 32 33 34 35 36 34 36 37 38 39 40 38 40 41 42 43 44 42 44 45 46 47 48 46 48 49 50 51 52 50 52 53 54 55 56 54 56 57 58 59 60 58 60 61 62 63 64 62 64 65 66 67 68 66 68 69 70 71 56 70 56 72 73 74 60 73 60 75 76 77 78 76 78 79 80 81 82 80 82 83 42 84 85 42 85 86 38 87 88 38 88 89 90 91 92 90 92 69 93 94 95 93 95 19 96 97 98 96 98 41 99 100 101 99 101 102 103 104 105 103 105 65 106 107 108 106 108 109 26 110 111 26 111 112 62 113 114 62 114 115 "
								                    >
									<Coordinate point="-1.324363 -1.042812 0.168927 -1.324363 -1.046220 0.236353 -1.324363 -0.007754 0.288842 -1.324363 -0.004346 0.221416 0.867546 -0.004346 0.221416 0.867546 -0.007754 0.288843 1.324363 -0.007754 0.288842 1.324363 -0.004346 0.221416 1.324363 -1.042812 0.168927 1.324363 -1.046220 0.236353 1.324363 -1.156967 0.230756 1.324363 -1.153559 0.163329 -0.867546 -1.153559 0.163329 -0.867546 -1.156967 0.230756 -1.324363 -1.156967 0.230756 -1.324363 -1.153559 0.163329 0.867546 -1.017056 -0.340641 1.324363 -1.017056 -0.340641 1.324363 -1.127803 -0.346239 0.867546 -1.127803 -0.346239 -0.867546 -1.046220 0.236353 -0.867546 -1.156967 0.230756 -0.867546 -0.007754 0.288843 -1.324363 -0.007754 0.288842 -1.324363 -1.046220 0.236353 -0.867546 -1.046220 0.236353 0.867546 0.021410 -0.288152 1.324363 0.021410 -0.288152 1.324363 -1.017056 -0.340641 0.867546 -1.017056 -0.340641 1.324363 -0.004346 0.221416 1.324363 -0.007754 0.288842 1.324363 -1.046220 0.236353 1.324363 -1.042812 0.168927 -1.324363 -1.153559 0.163329 -1.324363 -1.156967 0.230756 -1.324363 -1.046220 0.236353 -1.324363 -1.042812 0.168927 -1.324363 0.021410 -0.288152 -0.867546 0.021410 -0.288152 -0.867546 -1.017056 -0.340641 -1.324363 -1.017056 -0.340641 -0.867546 0.021410 -0.288152 0.867546 0.021410 -0.288152 0.867546 -1.017056 -0.340641 -0.867546 -1.017056 -0.340641 1.324363 -0.007754 0.288842 0.867546 -0.007754 0.288843 0.867546 -1.046220 0.236353 1.324363 -1.046220 0.236353 0.867546 -0.007754 0.288843 -0.867546 -0.007754 0.288843 -0.867546 -1.046220 0.236353 0.867546 -1.046220 0.236353 1.324363 -1.046220 0.236353 0.867546 -1.046220 0.236353 0.867546 -1.156967 0.230756 1.324363 -1.156967 0.230756 0.867546 -1.046220 0.236353 -0.867546 -1.046220 0.236353 -0.867546 -1.156967 0.230756 0.867546 -1.156967 0.230756 -1.324363 -1.017056 -0.340641 -0.867546 -1.017056 -0.340641 -0.867546 -1.127803 -0.346239 -1.324363 -1.127803 -0.346239 -0.867546 -1.017056 -0.340641 0.867546 -1.017056 -0.340641 0.867546 -1.127803 -0.346239 -0.867546 -1.127803 -0.346239 1.324363 -1.153559 0.163329 1.324363 -1.156967 0.230756 0.867546 -1.153559 0.163329 0.867546 -1.153559 0.163329 0.867546 -1.156967 0.230756 -0.867546 -1.153559 0.163329 -1.324363 -0.004346 0.221416 -1.324363 -0.007754 0.288842 -0.867546 -0.007754 0.288843 -0.867546 -0.004346 0.221416 -0.867546 -0.004346 0.221416 -0.867546 -0.007754 0.288843 0.867546 -0.007754 0.288843 0.867546 -0.004346 0.221416 -0.867546 -0.004346 0.221416 0.867546 -0.004346 0.221416 0.867546 0.021410 -0.288152 -1.324363 -0.004346 0.221416 -0.867546 -0.004346 0.221416 -0.867546 0.021410 -0.288152 0.867546 -1.127803 -0.346239 0.867546 -1.153559 0.163329 -0.867546 -1.153559 0.163329 1.324363 -1.127803 -0.346239 1.324363 -1.153559 0.163329 0.867546 -1.153559 0.163329 -1.324363 -1.127803 -0.346239 -1.324363 -1.153559 0.163329 -1.324363 -1.042812 0.168927 1.324363 0.021410 -0.288152 1.324363 -0.004346 0.221416 1.324363 -1.042812 0.168927 1.324363 -1.017056 -0.340641 -0.867546 -1.127803 -0.346239 -0.867546 -1.153559 0.163329 -1.324363 -1.153559 0.163329 1.324363 -1.017056 -0.340641 1.324363 -1.042812 0.168927 1.324363 -1.153559 0.163329 1.324363 -1.127803 -0.346239 0.867546 -0.004346 0.221416 1.324363 -0.004346 0.221416 1.324363 0.021410 -0.288152 -1.324363 -1.042812 0.168927 -1.324363 -0.004346 0.221416 -1.324363 0.021410 -0.288152 " />
									<Normal vector="-1.000000 0.000000 0.000000 -0.707083 -0.035676 0.706198 -0.577349 0.547441 0.605731 -0.707083 0.706198 0.035676 0.000000 0.998718 0.050478 0.000000 0.670492 0.741874 0.577349 0.547441 0.605731 0.707083 0.706198 0.035676 1.000000 0.000000 0.000000 0.707083 -0.035676 0.706198 0.577349 -0.605731 0.547441 0.707083 -0.706198 -0.035676 0.000000 -0.998718 -0.050478 0.000000 -0.741874 0.670492 -0.577349 -0.605731 0.547441 -0.707083 -0.706198 -0.035676 0.000000 0.050478 -0.998718 0.707083 0.035676 -0.706198 0.577349 -0.547441 -0.605731 0.000000 -0.670492 -0.741874 0.000000 -0.050478 0.998718 0.000000 -0.741874 0.670492 0.000000 0.670492 0.741874 -0.577349 0.547441 0.605731 -0.707083 -0.035676 0.706198 0.000000 -0.050478 0.998718 0.000000 0.741874 -0.670492 0.577349 0.605731 -0.547441 0.707083 0.035676 -0.706198 0.000000 0.050478 -0.998718 0.707083 0.706198 0.035676 0.577349 0.547441 0.605731 0.707083 -0.035676 0.706198 1.000000 0.000000 0.000000 -0.707083 -0.706198 -0.035676 -0.577349 -0.605731 0.547441 -0.707083 -0.035676 0.706198 -1.000000 0.000000 0.000000 -0.577349 0.605731 -0.547441 0.000000 0.741874 -0.670492 0.000000 0.050478 -0.998718 -0.707083 0.035676 -0.706198 0.000000 0.741874 -0.670492 0.000000 0.741874 -0.670492 0.000000 0.050478 -0.998718 0.000000 0.050478 -0.998718 0.577349 0.547441 0.605731 0.000000 0.670492 0.741874 0.000000 -0.050478 0.998718 0.707083 -0.035676 0.706198 0.000000 0.670492 0.741874 0.000000 0.670492 0.741874 0.000000 -0.050478 0.998718 0.000000 -0.050478 0.998718 0.707083 -0.035676 0.706198 0.000000 -0.050478 0.998718 0.000000 -0.741874 0.670492 0.577349 -0.605731 0.547441 0.000000 -0.050478 0.998718 0.000000 -0.050478 0.998718 0.000000 -0.741874 0.670492 0.000000 -0.741874 0.670492 -0.707083 0.035676 -0.706198 0.000000 0.050478 -0.998718 0.000000 -0.670492 -0.741874 -0.577349 -0.547441 -0.605731 0.000000 0.050478 -0.998718 0.000000 0.050478 -0.998718 0.000000 -0.670492 -0.741874 0.000000 -0.670492 -0.741874 0.707083 -0.706198 -0.035676 0.577349 -0.605731 0.547441 0.000000 -0.998718 -0.050478 0.000000 -0.998718 -0.050478 0.000000 -0.741874 0.670492 0.000000 -0.998718 -0.050478 -0.707083 0.706198 0.035676 -0.577349 0.547441 0.605731 0.000000 0.670492 0.741874 0.000000 0.998718 0.050478 0.000000 0.998718 0.050478 0.000000 0.670492 0.741874 0.000000 0.670492 0.741874 0.000000 0.998718 0.050478 0.000000 0.998718 0.050478 0.000000 0.998718 0.050478 0.000000 0.741874 -0.670492 -0.707083 0.706198 0.035676 0.000000 0.998718 0.050478 0.000000 0.741874 -0.670492 0.000000 -0.670492 -0.741874 0.000000 -0.998718 -0.050478 0.000000 -0.998718 -0.050478 0.577349 -0.547441 -0.605731 0.707083 -0.706198 -0.035676 0.000000 -0.998718 -0.050478 -0.577349 -0.547441 -0.605731 -0.707083 -0.706198 -0.035676 -1.000000 0.000000 0.000000 0.577349 0.605731 -0.547441 0.707083 0.706198 0.035676 1.000000 0.000000 0.000000 0.707083 0.035676 -0.706198 0.000000 -0.670492 -0.741874 0.000000 -0.998718 -0.050478 -0.707083 -0.706198 -0.035676 0.707083 0.035676 -0.706198 1.000000 0.000000 0.000000 0.707083 -0.706198 -0.035676 0.577349 -0.547441 -0.605731 0.000000 0.998718 0.050478 0.707083 0.706198 0.035676 0.577349 0.605731 -0.547441 -1.000000 0.000000 0.000000 -0.707083 0.706198 0.035676 -0.577349 0.605731 -0.547441 " />
									<TextureCoordinate point="0.1998 0.8405 0.2689 0.8405 0.2689 0.9095 0.1998 0.9095 0.1998 0.8405 0.2689 0.8405 0.2689 0.9095 0.1998 0.9095 0.1998 0.8405 0.2689 0.8405 0.2689 0.9095 0.1998 0.9095 0.1998 0.8405 0.2689 0.8405 0.2689 0.9095 0.1998 0.9095 0.1998 0.8405 0.2689 0.8405 0.2689 0.9095 0.1998 0.9095 0.1998 0.8405 0.1998 0.9095 0.2631 0.5249 0.3923 0.5249 0.3923 0.6541 0.2631 0.6541 0.1998 0.8405 0.2689 0.8405 0.2689 0.9095 0.1998 0.9095 0.1998 0.8405 0.2689 0.8405 0.2689 0.9095 0.1998 0.9095 0.1998 0.8405 0.2689 0.8405 0.2689 0.9095 0.1998 0.9095 0.1998 0.8405 0.2689 0.8405 0.2689 0.9095 0.1998 0.9095 0.1998 0.8405 0.2689 0.8405 0.2689 0.9095 0.1998 0.9095 0.2631 0.5249 0.3923 0.5249 0.3923 0.6541 0.2631 0.6541 0.2631 0.5249 0.3923 0.5249 0.3923 0.6541 0.2631 0.6541 0.1998 0.8405 0.2689 0.8405 0.2689 0.9095 0.1998 0.9095 0.2631 0.5249 0.3923 0.5249 0.3923 0.6541 0.2631 0.6541 0.1998 0.8405 0.2689 0.8405 0.2689 0.9095 0.1998 0.9095 0.1998 0.8405 0.2689 0.8405 0.2689 0.9095 0.1998 0.9095 0.1998 0.8405 0.2689 0.8405 0.1998 0.9095 0.2631 0.5249 0.3923 0.5249 0.2631 0.6541 0.1998 0.8405 0.2689 0.8405 0.2689 0.9095 0.1998 0.9095 0.1998 0.8405 0.2689 0.8405 0.2689 0.9095 0.1998 0.9095 0.2689 0.8405 0.2689 0.9095 0.1998 0.9095 0.2689 0.8405 0.2689 0.9095 0.1998 0.9095 0.1998 0.8405 0.2689 0.8405 0.2689 0.9095 0.1998 0.8405 0.2689 0.8405 0.2689 0.9095 0.1998 0.8405 0.2689 0.8405 0.2689 0.9095 0.1998 0.8405 0.2689 0.8405 0.2689 0.9095 0.1998 0.9095 0.1998 0.8405 0.2689 0.8405 0.2689 0.9095 0.1998 0.8405 0.2689 0.8405 0.2689 0.9095 0.1998 0.9095 0.2689 0.8405 0.2689 0.9095 0.1998 0.9095 0.2689 0.8405 0.2689 0.9095 0.1998 0.9095 " />
								</IndexedTriangleSet>
							</Shape>
						</Group>
					</Transform>
					<Transform DEF="Cube_007_TRANSFORM"
					           translation="0.000000 -1.093383 -0.059588"
					           scale="1.000000 1.000000 1.000000"
					           rotation="0.000000 1.000000 0.000000 0.000000"
					           >
						<Transform DEF="Cube_007_ifs_TRANSFORM"
						           translation="0.000000 0.000000 0.000000"
						           scale="1.000000 1.000000 1.000000"
						           rotation="0.000000 1.000000 0.000000 0.000000"
						           >
							<Group DEF="group_ME_Cube_007">
								<Shape>
									<Appearance>
										<Material USE="MA_Body" />
									</Appearance>
									<IndexedTriangleSet solid="false"
									                    normalPerVertex="true"
									                    index="0 1 2 0 2 3 4 5 6 4 6 7 8 9 10 8 10 11 12 13 14 12 14 15 16 1 10 16 10 17 18 19 20 18 20 21 22 23 24 22 24 25 0 26 27 0 27 11 28 29 30 28 30 31 32 33 20 32 20 15 34 35 24 34 24 31 36 37 38 36 38 39 40 41 42 40 42 43 44 45 46 44 46 47 48 49 50 48 50 51 52 53 54 52 54 55 56 57 58 56 58 59 60 61 62 60 62 63 64 65 54 64 54 43 "
									                    >
										<Coordinate point="-0.950747 -0.410412 -0.223103 -0.950747 -0.368994 0.270212 -0.950747 0.022590 0.246543 -0.950747 -0.018828 -0.246771 0.950747 -0.410412 -0.223103 0.950747 -0.368994 0.270212 0.950747 -0.455874 0.275463 0.950747 -0.497291 -0.217852 -0.864131 -0.497291 -0.217852 -0.864131 -0.455874 0.275463 -0.950747 -0.455874 0.275463 -0.950747 -0.497291 -0.217852 0.864131 -0.410412 -0.223103 0.950747 -0.410412 -0.223103 0.950747 -0.497291 -0.217852 0.864131 -0.497291 -0.217852 -0.864131 -0.368994 0.270212 -0.864131 -0.455874 0.275463 0.950747 -0.368994 0.270212 0.864131 -0.368994 0.270212 0.864131 -0.455874 0.275463 0.950747 -0.455874 0.275463 0.864131 -0.368994 0.270212 -0.864131 -0.368994 0.270212 -0.864131 -0.455874 0.275463 0.864131 -0.455874 0.275463 -0.864131 -0.410412 -0.223103 -0.864131 -0.497291 -0.217852 -0.864131 -0.410412 -0.223103 0.864131 -0.410412 -0.223103 0.864131 -0.497291 -0.217852 -0.864131 -0.497291 -0.217852 0.950747 -0.497291 -0.217852 0.950747 -0.455874 0.275463 0.864131 -0.497291 -0.217852 0.864131 -0.455874 0.275463 -0.864131 -0.018828 -0.246771 0.864131 -0.018828 -0.246771 0.864131 -0.410412 -0.223103 -0.864131 -0.410412 -0.223103 -0.950747 -0.018828 -0.246771 -0.864131 -0.018828 -0.246771 -0.864131 -0.410412 -0.223103 -0.950747 -0.410412 -0.223103 0.864131 0.022590 0.246543 -0.864131 0.022590 0.246543 -0.864131 -0.368994 0.270212 0.864131 -0.368994 0.270212 0.950747 0.022590 0.246543 0.864131 0.022590 0.246543 0.864131 -0.368994 0.270212 0.950747 -0.368994 0.270212 -0.864131 0.022590 0.246543 -0.950747 0.022590 0.246543 -0.950747 -0.368994 0.270212 -0.864131 -0.368994 0.270212 0.864131 -0.018828 -0.246771 0.950747 -0.018828 -0.246771 0.950747 -0.410412 -0.223103 0.864131 -0.410412 -0.223103 0.950747 -0.018828 -0.246771 0.950747 0.022590 0.246543 0.950747 -0.368994 0.270212 0.950747 -0.410412 -0.223103 -0.950747 -0.497291 -0.217852 -0.950747 -0.455874 0.275463 " />
										<Normal vector="-0.707083 -0.042634 -0.705802 -0.707083 0.042634 0.705802 -0.701773 0.042970 0.711081 -0.712302 -0.042329 -0.700552 0.707083 -0.042634 -0.705802 0.707083 0.042634 0.705802 0.578570 -0.533677 0.616749 0.576128 -0.618061 -0.534837 0.000000 -0.756157 -0.654347 0.000000 -0.654347 0.756157 -0.578570 -0.533677 0.616749 -0.576128 -0.618061 -0.534837 0.000000 -0.060305 -0.998169 0.707083 -0.042634 -0.705802 0.576128 -0.618061 -0.534837 0.000000 -0.756157 -0.654347 0.000000 0.060305 0.998169 0.000000 -0.654347 0.756157 0.707083 0.042634 0.705802 0.000000 0.060305 0.998169 0.000000 -0.654347 0.756157 0.578570 -0.533677 0.616749 0.000000 0.060305 0.998169 0.000000 0.060305 0.998169 0.000000 -0.654347 0.756157 0.000000 -0.654347 0.756157 0.000000 -0.060305 -0.998169 0.000000 -0.756157 -0.654347 0.000000 -0.060305 -0.998169 0.000000 -0.060305 -0.998169 0.000000 -0.756157 -0.654347 0.000000 -0.756157 -0.654347 0.576128 -0.618061 -0.534837 0.578570 -0.533677 0.616749 0.000000 -0.756157 -0.654347 0.000000 -0.654347 0.756157 0.000000 -0.060305 -0.998169 0.000000 -0.060305 -0.998169 0.000000 -0.060305 -0.998169 0.000000 -0.060305 -0.998169 -0.712302 -0.042329 -0.700552 0.000000 -0.060305 -0.998169 0.000000 -0.060305 -0.998169 -0.707083 -0.042634 -0.705802 0.000000 0.060305 0.998169 0.000000 0.060305 0.998169 0.000000 0.060305 0.998169 0.000000 0.060305 0.998169 0.701773 0.042970 0.711081 0.000000 0.060305 0.998169 0.000000 0.060305 0.998169 0.707083 0.042634 0.705802 0.000000 0.060305 0.998169 -0.701773 0.042970 0.711081 -0.707083 0.042634 0.705802 0.000000 0.060305 0.998169 0.000000 -0.060305 -0.998169 0.712302 -0.042329 -0.700552 0.707083 -0.042634 -0.705802 0.000000 -0.060305 -0.998169 0.712302 -0.042329 -0.700552 0.701773 0.042970 0.711081 0.707083 0.042634 0.705802 0.707083 -0.042634 -0.705802 -0.576128 -0.618061 -0.534837 -0.578570 -0.533677 0.616749 " />
										<TextureCoordinate point="0.1437 0.8078 0.2625 0.8078 0.2625 0.9266 0.1437 0.9266 0.1437 0.8078 0.2625 0.8078 0.2625 0.9266 0.1437 0.9266 0.1437 0.8078 0.2625 0.8078 0.2625 0.9266 0.1437 0.9266 0.1437 0.8078 0.2625 0.8078 0.2625 0.9266 0.1437 0.9266 0.1437 0.8078 0.1437 0.9266 0.1437 0.8078 0.2625 0.8078 0.2625 0.9266 0.1437 0.9266 0.1437 0.8078 0.2625 0.8078 0.2625 0.9266 0.1437 0.9266 0.2625 0.8078 0.2625 0.9266 0.1437 0.8078 0.2625 0.8078 0.2625 0.9266 0.1437 0.9266 0.1437 0.8078 0.2625 0.8078 0.1437 0.8078 0.2625 0.8078 0.1437 0.8078 0.2625 0.8078 0.2625 0.9266 0.1437 0.9266 0.1437 0.8078 0.2625 0.8078 0.2625 0.9266 0.1437 0.9266 0.2728 0.5413 0.3917 0.5413 0.3917 0.6601 0.2728 0.6601 0.1437 0.8078 0.2625 0.8078 0.2625 0.9266 0.1437 0.9266 0.1437 0.8078 0.2625 0.8078 0.2625 0.9266 0.1437 0.9266 0.1437 0.8078 0.2625 0.8078 0.2625 0.9266 0.1437 0.9266 0.1437 0.8078 0.2625 0.8078 0.2625 0.9266 0.1437 0.9266 0.1437 0.8078 0.2625 0.8078 " />
									</IndexedTriangleSet>
								</Shape>
							</Group>
						</Transform>
					</Transform>
				</Transform>
				<Transform DEF="Cube_009_TRANSFORM"
				           translation="0.000000 -0.985637 0.025602"
				           scale="1.000000 1.000000 1.000000"
				           rotation="0.000000 1.000000 0.000000 0.000000"
				           >
					<Transform DEF="Cube_009_ifs_TRANSFORM"
					           translation="0.000000 0.000000 0.000000"
					           scale="1.000000 1.000000 1.000000"
					           rotation="0.000000 1.000000 0.000000 0.000000"
					           >
						<Group DEF="group_ME_Cube_009">
							<Shape>
								<Appearance>
									<Material USE="MA_Body" />
								</Appearance>
								<IndexedTriangleSet solid="false"
								                    normalPerVertex="true"
								                    index="0 1 2 0 2 3 4 5 6 4 6 7 8 9 10 8 10 11 12 13 14 12 14 15 16 17 10 16 10 9 18 19 20 18 20 21 22 4 7 22 7 23 12 0 3 12 3 24 25 26 0 25 0 12 27 28 4 27 4 22 29 30 1 29 1 31 32 33 13 32 13 12 28 34 5 28 5 4 26 35 1 26 1 0 "
								                    >
									<Coordinate point="-0.461962 -0.316538 -0.203907 -0.461962 -0.493589 0.490119 -0.461962 -0.141678 0.579893 -0.461962 0.035373 -0.114133 0.461962 -0.316538 -0.203907 0.461962 -0.493589 0.490119 0.461962 -1.013248 0.357550 0.461962 -0.781479 -0.550966 0.461962 -0.781479 -0.550966 0.461962 -1.013248 0.357550 -0.461962 -1.013248 0.357550 -0.461962 -0.781479 -0.550966 -0.461962 -0.198484 -0.666671 0.461962 -0.198484 -0.666671 0.461962 -0.718143 -0.799239 -0.461962 -0.718143 -0.799239 0.461962 -0.493589 0.490119 -0.461962 -0.493589 0.490119 0.461962 -0.718143 -0.799239 0.461962 -0.781479 -0.550966 -0.461962 -0.781479 -0.550966 -0.461962 -0.718143 -0.799239 0.461962 -0.198484 -0.666671 0.461962 -0.718143 -0.799239 -0.461962 0.153427 -0.576896 -0.461962 -0.718143 -0.799239 -0.461962 -0.781479 -0.550966 0.461962 0.153427 -0.576896 0.461962 0.035373 -0.114133 0.461962 -0.141678 0.579893 -0.461962 -0.141678 0.579893 0.461962 -0.493589 0.490119 -0.461962 0.153427 -0.576896 0.461962 0.153427 -0.576896 0.461962 -0.141678 0.579893 -0.461962 -1.013248 0.357550 " />
									<Normal vector="-1.000000 0.000000 0.000000 -0.707083 -0.174780 0.685141 -0.707083 -0.174780 0.685141 -1.000000 0.000000 0.000000 1.000000 0.000000 0.000000 0.707083 -0.174780 0.685141 0.577349 -0.702139 0.416700 0.707083 -0.685141 -0.174780 0.707083 -0.685141 -0.174780 0.577349 -0.702139 0.416700 -0.577349 -0.702139 0.416700 -0.707083 -0.685141 -0.174780 -0.707083 0.174780 -0.685141 0.707083 0.174780 -0.685141 0.577349 -0.416700 -0.702139 -0.577349 -0.416700 -0.702139 0.707083 -0.174780 0.685141 -0.707083 -0.174780 0.685141 0.577349 -0.416700 -0.702139 0.707083 -0.685141 -0.174780 -0.707083 -0.685141 -0.174780 -0.577349 -0.416700 -0.702139 0.707083 0.174780 -0.685141 0.577349 -0.416700 -0.702139 -0.707083 0.174780 -0.685141 -0.577349 -0.416700 -0.702139 -0.707083 -0.685141 -0.174780 0.707083 0.174780 -0.685141 1.000000 0.000000 0.000000 0.707083 -0.174780 0.685141 -0.707083 -0.174780 0.685141 0.707083 -0.174780 0.685141 -0.707083 0.174780 -0.685141 0.707083 0.174780 -0.685141 0.707083 -0.174780 0.685141 -0.577349 -0.702139 0.416700 " />
									<TextureCoordinate point="0.2422 0.8594 0.2947 0.8594 0.2947 0.9119 0.2422 0.9119 0.2422 0.8594 0.2947 0.8594 0.2947 0.9119 0.2422 0.9119 0.5255 0.0067 0.5255 0.2554 0.8430 0.2554 0.8430 0.0067 0.1897 0.8594 0.2947 0.8594 0.2947 0.9119 0.1897 0.9119 0.5255 0.3495 0.8430 0.3495 0.2863 0.8068 0.2863 0.9245 0.1200 0.9245 0.1200 0.8068 0.1897 0.8594 0.1897 0.9119 0.1897 0.9119 0.1897 0.8068 0.2422 0.8068 0.1897 0.8068 0.2422 0.8068 0.1897 0.8068 0.2947 0.8068 0.1897 0.8594 0.1897 0.8068 0.2947 0.8068 0.2947 0.8068 0.2947 0.8068 " />
								</IndexedTriangleSet>
							</Shape>
						</Group>
					</Transform>
				</Transform>
				<Transform DEF="Cube_016_TRANSFORM"
				           translation="0.000000 -1.651743 -0.694208"
				           scale="1.000000 1.000000 1.000000"
				           rotation="0.000000 1.000000 0.000000 0.000000"
				           >
					<Transform DEF="Cube_016_ifs_TRANSFORM"
					           translation="0.000000 0.000000 0.000000"
					           scale="1.000000 1.000000 1.000000"
					           rotation="0.000000 1.000000 0.000000 0.000000"
					           >
						<Group DEF="group_ME_Cube_012">
							<Shape>
								<Appearance>
									<Material USE="MA_Body" />
								</Appearance>
								<IndexedTriangleSet solid="false"
								                    normalPerVertex="true"
								                    index="0 1 2 0 2 3 4 5 6 4 6 7 8 9 10 8 10 11 12 13 14 12 14 15 16 17 18 16 18 19 20 21 14 20 14 22 23 5 24 23 24 25 26 27 28 26 28 29 30 31 32 30 32 33 34 35 36 34 36 37 38 39 24 38 24 40 41 42 28 41 28 43 44 21 45 44 45 46 47 27 48 47 48 49 34 50 51 34 51 52 53 54 55 53 55 56 30 57 58 30 58 59 60 61 62 60 62 63 64 65 66 64 66 37 67 68 69 67 69 70 71 72 73 71 73 19 74 75 76 74 76 77 78 79 80 78 80 33 81 82 83 81 83 84 85 86 87 85 87 88 89 90 91 89 91 92 16 93 94 16 94 95 96 97 98 96 98 99 100 101 102 100 102 103 104 105 106 104 106 107 "
								                    >
									<Coordinate point="-0.422442 -0.442215 -0.011696 -0.422442 -0.476637 0.095800 -0.422442 -0.072151 0.225322 -0.422442 -0.037729 0.117826 0.113762 -0.037729 0.117826 0.113762 -0.072151 0.225322 0.422442 -0.072151 0.225322 0.422442 -0.037729 0.117826 0.422442 -0.037729 0.117826 0.422442 -0.072151 0.225322 0.422442 -0.476637 0.095800 0.422442 -0.442215 -0.011696 -0.113762 -0.442215 -0.011696 -0.113762 -0.476637 0.095800 -0.422442 -0.476637 0.095800 -0.422442 -0.442215 -0.011696 0.113762 0.072151 -0.225322 0.422442 0.072151 -0.225322 0.422442 -0.332334 -0.354844 0.113762 -0.332334 -0.354844 -0.113762 -0.072151 0.225322 -0.422442 -0.072151 0.225322 -0.113762 -0.476637 0.095800 0.422442 -0.072151 0.225322 0.113762 -0.476637 0.095800 0.422442 -0.476637 0.095800 0.113762 -0.072151 0.225322 -0.113762 -0.072151 0.225322 -0.113762 -0.476637 0.095800 0.113762 -0.476637 0.095800 -0.422442 0.072151 -0.225322 -0.113762 0.072151 -0.225322 -0.113762 -0.332334 -0.354844 -0.422442 -0.332334 -0.354844 -0.113762 0.072151 -0.225322 0.113762 0.072151 -0.225322 0.113762 -0.332334 -0.354844 -0.113762 -0.332334 -0.354844 0.422442 -0.442215 -0.011696 0.422442 -0.476637 0.095800 0.113762 -0.442215 -0.011696 0.113762 -0.442215 -0.011696 0.113762 -0.476637 0.095800 -0.113762 -0.442215 -0.011696 -0.422442 -0.037729 0.117826 -0.113762 -0.072151 0.225322 -0.113762 -0.037729 0.117826 -0.113762 -0.037729 0.117826 0.113762 -0.072151 0.225322 0.113762 -0.037729 0.117826 -0.113762 0.037730 -0.117826 0.113762 0.037730 -0.117826 0.113762 0.072151 -0.225322 -0.113762 0.037730 -0.117826 -0.113762 -0.037729 0.117826 0.113762 -0.037729 0.117826 0.113762 0.037730 -0.117826 -0.422442 0.037730 -0.117826 -0.113762 0.037730 -0.117826 -0.113762 0.072151 -0.225322 -0.422442 0.037730 -0.117826 -0.422442 -0.037729 0.117826 -0.113762 -0.037729 0.117826 -0.113762 0.037730 -0.117826 0.113762 -0.332334 -0.354844 0.113762 -0.366756 -0.247348 -0.113762 -0.366756 -0.247348 0.113762 -0.366756 -0.247348 0.113762 -0.442215 -0.011696 -0.113762 -0.442215 -0.011696 -0.113762 -0.366756 -0.247348 0.422442 -0.332334 -0.354844 0.422442 -0.366756 -0.247348 0.113762 -0.366756 -0.247348 0.422442 -0.366756 -0.247348 0.422442 -0.442215 -0.011696 0.113762 -0.442215 -0.011696 0.113762 -0.366756 -0.247348 -0.113762 -0.332334 -0.354844 -0.113762 -0.366756 -0.247348 -0.422442 -0.366756 -0.247348 -0.113762 -0.366756 -0.247348 -0.113762 -0.442215 -0.011696 -0.422442 -0.442215 -0.011696 -0.422442 -0.366756 -0.247348 0.422442 0.072151 -0.225322 0.422442 0.037730 -0.117826 0.422442 -0.366756 -0.247348 0.422442 -0.332334 -0.354844 0.422442 0.037730 -0.117826 0.422442 -0.037729 0.117826 0.422442 -0.442215 -0.011696 0.422442 -0.366756 -0.247348 0.113762 0.037730 -0.117826 0.422442 0.037730 -0.117826 0.422442 0.072151 -0.225322 0.113762 0.037730 -0.117826 0.113762 -0.037729 0.117826 0.422442 -0.037729 0.117826 0.422442 0.037730 -0.117826 -0.422442 -0.332334 -0.354844 -0.422442 -0.366756 -0.247348 -0.422442 0.037730 -0.117826 -0.422442 0.072151 -0.225322 -0.422442 -0.366756 -0.247348 -0.422442 -0.442215 -0.011696 -0.422442 -0.037729 0.117826 -0.422442 0.037730 -0.117826 " />
									<Normal vector="-0.707083 -0.673421 -0.215613 -0.577349 -0.725913 0.373760 -0.577349 0.373760 0.725913 -0.707083 0.673421 0.215613 0.000000 0.952361 0.304941 0.000000 0.457778 0.889035 0.577349 0.373760 0.725913 0.707083 0.673421 0.215613 0.707083 0.673421 0.215613 0.577349 0.373760 0.725913 0.577349 -0.725913 0.373760 0.707083 -0.673421 -0.215613 0.000000 -0.952361 -0.304941 0.000000 -0.889035 0.457778 -0.577349 -0.725913 0.373760 -0.707083 -0.673421 -0.215613 0.000000 0.889035 -0.457778 0.577349 0.725913 -0.373760 0.577349 -0.373760 -0.725913 0.000000 -0.457778 -0.889035 0.000000 0.457778 0.889035 -0.577349 0.373760 0.725913 0.000000 -0.889035 0.457778 0.577349 0.373760 0.725913 0.000000 -0.889035 0.457778 0.577349 -0.725913 0.373760 0.000000 0.457778 0.889035 0.000000 0.457778 0.889035 0.000000 -0.889035 0.457778 0.000000 -0.889035 0.457778 -0.577349 0.725913 -0.373760 0.000000 0.889035 -0.457778 0.000000 -0.457778 -0.889035 -0.577349 -0.373760 -0.725913 0.000000 0.889035 -0.457778 0.000000 0.889035 -0.457778 0.000000 -0.457778 -0.889035 0.000000 -0.457778 -0.889035 0.707083 -0.673421 -0.215613 0.577349 -0.725913 0.373760 0.000000 -0.952361 -0.304941 0.000000 -0.952361 -0.304941 0.000000 -0.889035 0.457778 0.000000 -0.952361 -0.304941 -0.707083 0.673421 0.215613 0.000000 0.457778 0.889035 0.000000 0.952361 0.304941 0.000000 0.952361 0.304941 0.000000 0.457778 0.889035 0.000000 0.952361 0.304941 0.000000 0.952361 0.304941 0.000000 0.952361 0.304941 0.000000 0.889035 -0.457778 0.000000 0.952361 0.304941 0.000000 0.952361 0.304941 0.000000 0.952361 0.304941 0.000000 0.952361 0.304941 -0.707083 0.673421 0.215613 0.000000 0.952361 0.304941 0.000000 0.889035 -0.457778 -0.707083 0.673421 0.215613 -0.707083 0.673421 0.215613 0.000000 0.952361 0.304941 0.000000 0.952361 0.304941 0.000000 -0.457778 -0.889035 0.000000 -0.952361 -0.304941 0.000000 -0.952361 -0.304941 0.000000 -0.952361 -0.304941 0.000000 -0.952361 -0.304941 0.000000 -0.952361 -0.304941 0.000000 -0.952361 -0.304941 0.577349 -0.373760 -0.725913 0.707083 -0.673421 -0.215613 0.000000 -0.952361 -0.304941 0.707083 -0.673421 -0.215613 0.707083 -0.673421 -0.215613 0.000000 -0.952361 -0.304941 0.000000 -0.952361 -0.304941 0.000000 -0.457778 -0.889035 0.000000 -0.952361 -0.304941 -0.707083 -0.673421 -0.215613 0.000000 -0.952361 -0.304941 0.000000 -0.952361 -0.304941 -0.707083 -0.673421 -0.215613 -0.707083 -0.673421 -0.215613 0.577349 0.725913 -0.373760 0.707083 0.673421 0.215613 0.707083 -0.673421 -0.215613 0.577349 -0.373760 -0.725913 0.707083 0.673421 0.215613 0.707083 0.673421 0.215613 0.707083 -0.673421 -0.215613 0.707083 -0.673421 -0.215613 0.000000 0.952361 0.304941 0.707083 0.673421 0.215613 0.577349 0.725913 -0.373760 0.000000 0.952361 0.304941 0.000000 0.952361 0.304941 0.707083 0.673421 0.215613 0.707083 0.673421 0.215613 -0.577349 -0.373760 -0.725913 -0.707083 -0.673421 -0.215613 -0.707083 0.673421 0.215613 -0.577349 0.725913 -0.373760 -0.707083 -0.673421 -0.215613 -0.707083 -0.673421 -0.215613 -0.707083 0.673421 0.215613 -0.707083 0.673421 0.215613 " />
									<TextureCoordinate point="0.0832 0.7270 0.3853 0.7270 0.3853 0.9620 0.0832 0.9620 0.0832 0.7270 0.3853 0.7270 0.3853 0.9620 0.0832 0.9620 0.0832 0.7270 0.3853 0.7270 0.3853 0.9620 0.0832 0.9620 0.0832 0.7270 0.3853 0.7270 0.3853 0.9620 0.0832 0.9620 0.0832 0.7270 0.3853 0.7270 0.3853 0.9620 0.0832 0.9620 0.0832 0.7270 0.3853 0.7270 0.0832 0.9620 0.0832 0.7270 0.3853 0.9620 0.0832 0.9620 0.0832 0.7270 0.3853 0.7270 0.3853 0.9620 0.0832 0.9620 0.0832 0.7270 0.3853 0.7270 0.3853 0.9620 0.0832 0.9620 0.0832 0.7270 0.3853 0.7270 0.3853 0.9620 0.0832 0.9620 0.0832 0.7270 0.3853 0.7270 0.0832 0.9620 0.0832 0.7270 0.3853 0.7270 0.0832 0.9620 0.0832 0.7270 0.3853 0.9620 0.0832 0.9620 0.0832 0.7270 0.3853 0.9620 0.0832 0.9620 0.3853 0.7270 0.3853 0.9620 0.0832 0.9620 0.0832 0.7270 0.3853 0.7270 0.3853 0.9620 0.0832 0.9620 0.3853 0.7270 0.3853 0.9620 0.0832 0.9620 0.0832 0.7270 0.3853 0.7270 0.3853 0.9620 0.0832 0.9620 0.0832 0.7270 0.3853 0.7270 0.3853 0.9620 0.0832 0.7270 0.3853 0.7270 0.3853 0.9620 0.0832 0.9620 0.0832 0.7270 0.3853 0.7270 0.3853 0.9620 0.0906 0.0196 0.0906 0.1805 0.3261 0.1805 0.3261 0.0196 0.0832 0.7270 0.3853 0.7270 0.3853 0.9620 0.3261 0.0196 0.3261 0.1805 0.0906 0.1805 0.0906 0.0196 0.0832 0.7270 0.3853 0.7270 0.3853 0.9620 0.0832 0.9620 0.0832 0.7270 0.3853 0.7270 0.3853 0.9620 0.0832 0.9620 0.3853 0.7270 0.3853 0.9620 0.0832 0.9620 0.0832 0.7270 0.3853 0.7270 0.3853 0.9620 0.0832 0.9620 0.0832 0.7270 0.3853 0.7270 0.3853 0.9620 0.0832 0.9620 0.0832 0.7270 0.3853 0.7270 0.3853 0.9620 0.0832 0.9620 " />
								</IndexedTriangleSet>
							</Shape>
						</Group>
					</Transform>
				</Transform>
				<Transform DEF="Cube_017_TRANSFORM"
				           translation="1.046960 -0.596278 0.458172"
				           scale="1.000000 1.000000 1.000000"
				           rotation="0.000000 1.000000 0.000000 0.000000"
				           >
					<Transform DEF="Cube_017_ifs_TRANSFORM"
					           translation="0.000000 0.000000 0.000000"
					           scale="1.000000 1.000000 1.000000"
					           rotation="0.000000 1.000000 0.000000 0.000000"
					           >
						<Group DEF="group_ME_Cube_014">
							<Shape>
								<Appearance>
									<Material USE="MA_Body" />
								</Appearance>
								<IndexedTriangleSet solid="false"
								                    normalPerVertex="true"
								                    index="0 1 2 0 2 3 4 5 6 4 6 7 8 9 10 8 10 11 12 13 14 12 14 15 4 16 17 4 17 15 18 5 14 18 14 19 "
								                    >
									<Coordinate point="0.102013 -0.334453 0.835361 0.129827 0.167577 0.880429 -0.285558 0.251015 0.207346 -0.313372 -0.251015 0.162277 -0.313372 -0.251015 0.162277 -0.285558 0.251015 0.207346 0.313372 0.251015 -0.162277 0.285558 -0.251015 -0.207346 0.285558 -0.251015 -0.207346 0.313372 0.251015 -0.162277 0.728757 0.167577 0.510807 0.700943 -0.334453 0.465738 0.700943 -0.334453 0.465738 0.728757 0.167577 0.510807 0.129827 0.167577 0.880429 0.102013 -0.334453 0.835361 0.285558 -0.251015 -0.207346 0.700943 -0.334453 0.465738 0.313372 0.251015 -0.162277 0.728757 0.167577 0.510807 " />
									<Normal vector="-0.221564 -0.634724 0.740257 -0.157964 0.513565 0.843349 -0.761040 0.634724 -0.133824 -0.824641 -0.513565 -0.236915 -0.824641 -0.513565 -0.236915 -0.761040 0.634724 -0.133824 0.221564 0.634724 -0.740257 0.157964 -0.513565 -0.843349 0.157964 -0.513565 -0.843349 0.221564 0.634724 -0.740257 0.824641 0.513565 0.236915 0.761040 -0.634724 0.133824 0.761040 -0.634724 0.133824 0.824641 0.513565 0.236915 -0.157964 0.513565 0.843349 -0.221564 -0.634724 0.740257 0.157964 -0.513565 -0.843349 0.761040 -0.634724 0.133824 0.221564 0.634724 -0.740257 0.824641 0.513565 0.236915 " />
									<TextureCoordinate point="0.1167 0.7244 0.3004 0.7244 0.3004 0.9081 0.1167 0.9081 0.1167 0.7244 0.3004 0.7244 0.3004 0.9081 0.1167 0.9081 0.1167 0.7244 0.3004 0.7244 0.3004 0.9081 0.1167 0.9081 0.1167 0.7244 0.3004 0.7244 0.3004 0.9081 0.1167 0.9081 0.3004 0.7244 0.3004 0.9081 0.1167 0.7244 0.1167 0.9081 " />
								</IndexedTriangleSet>
							</Shape>
						</Group>
					</Transform>
				</Transform>
				<Transform DEF="Cube_018_TRANSFORM"
				           translation="1.007180 -1.318006 -0.900582"
				           scale="1.000000 1.000000 1.000000"
				           rotation="0.000000 1.000000 0.000000 0.000000"
				           >
					<Transform DEF="Cube_018_ifs_TRANSFORM"
					           translation="0.000000 0.000000 0.000000"
					           scale="1.000000 1.000000 1.000000"
					           rotation="0.000000 1.000000 0.000000 0.000000"
					           >
						<Group DEF="group_ME_Cube_016">
							<Shape>
								<Appearance>
									<Material USE="MA_Body" />
								</Appearance>
								<IndexedTriangleSet solid="false"
								                    normalPerVertex="true"
								                    index="0 1 2 0 2 3 4 5 6 4 6 7 8 9 10 8 10 11 12 13 14 12 14 15 4 16 17 4 17 15 18 5 14 18 14 19 "
								                    >
									<Coordinate point="-0.107373 0.135118 -0.177447 -0.107373 -0.035715 -0.220156 -0.059473 -0.088586 -0.008677 -0.059473 0.082247 0.034033 -0.059473 0.082247 0.034033 -0.059473 -0.088586 -0.008677 0.059473 -0.082247 -0.034033 0.059473 0.088586 0.008677 0.059473 0.088586 0.008677 0.059473 -0.082247 -0.034033 0.011573 -0.029376 -0.245512 0.011573 0.141458 -0.202803 0.011573 0.141458 -0.202803 0.011573 -0.029376 -0.245512 -0.107373 -0.035715 -0.220156 -0.107373 0.135118 -0.177447 0.059473 0.088586 0.008677 0.011573 0.141458 -0.202803 0.059473 -0.082247 -0.034033 0.011573 -0.029376 -0.245512 " />
									<Normal vector="-0.687796 0.666799 -0.286813 -0.687796 -0.453383 -0.566881 -0.439985 -0.726920 0.527207 -0.439985 0.393262 0.807276 -0.439985 0.393262 0.807276 -0.439985 -0.726920 0.527207 0.687796 -0.666799 0.286813 0.687796 0.453383 0.566881 0.687796 0.453383 0.566881 0.687796 -0.666799 0.286813 0.439985 -0.393262 -0.807276 0.439985 0.726920 -0.527207 0.439985 0.726920 -0.527207 0.439985 -0.393262 -0.807276 -0.687796 -0.453383 -0.566881 -0.687796 0.666799 -0.286813 0.687796 0.453383 0.566881 0.439985 0.726920 -0.527207 0.687796 -0.666799 0.286813 0.439985 -0.393262 -0.807276 " />
									<TextureCoordinate point="0.0660 0.2277 0.3827 0.2277 0.3827 0.2999 0.0660 0.2999 0.0660 0.2277 0.3827 0.2277 0.3827 0.2999 0.0660 0.2999 0.0660 0.2277 0.3827 0.2277 0.3827 0.2999 0.0660 0.2999 0.0660 0.2277 0.3827 0.2277 0.3827 0.2999 0.0660 0.2999 0.3827 0.2277 0.3827 0.2999 0.0660 0.2277 0.0660 0.2999 " />
								</IndexedTriangleSet>
							</Shape>
						</Group>
					</Transform>
				</Transform>
				<Transform DEF="Cube_008_TRANSFORM"
				           translation="-1.046960 -0.596277 0.458172"
				           scale="1.000000 1.000000 1.000000"
				           rotation="0.000000 1.000000 0.000000 0.000000"
				           >
					<Transform DEF="Cube_008_ifs_TRANSFORM"
					           translation="0.000000 0.000000 0.000000"
					           scale="1.000000 1.000000 1.000000"
					           rotation="0.000000 1.000000 0.000000 0.000000"
					           >
						<Group DEF="group_ME_Cube_005">
							<Shape>
								<Appearance>
									<Material USE="MA_Body" />
								</Appearance>
								<IndexedTriangleSet solid="false"
								                    normalPerVertex="true"
								                    index="0 1 2 0 2 3 4 5 6 4 6 7 8 9 10 8 10 11 12 13 14 12 14 15 4 13 16 4 16 17 18 19 14 18 14 7 "
								                    >
									<Coordinate point="-0.102013 -0.334453 0.835361 0.313372 -0.251015 0.162277 0.285558 0.251015 0.207346 -0.129827 0.167577 0.880429 0.313372 -0.251015 0.162277 -0.285558 -0.251015 -0.207346 -0.313372 0.251015 -0.162277 0.285558 0.251015 0.207346 -0.285558 -0.251015 -0.207346 -0.700943 -0.334453 0.465738 -0.728757 0.167577 0.510807 -0.313372 0.251015 -0.162277 -0.700943 -0.334453 0.465738 -0.102013 -0.334453 0.835361 -0.129827 0.167577 0.880429 -0.728757 0.167577 0.510807 -0.700943 -0.334453 0.465738 -0.285558 -0.251015 -0.207346 -0.313372 0.251015 -0.162277 -0.728757 0.167577 0.510807 " />
									<Normal vector="0.221564 -0.634724 0.740257 0.824641 -0.513565 -0.236915 0.761040 0.634724 -0.133824 0.157964 0.513565 0.843349 0.824641 -0.513565 -0.236915 -0.157964 -0.513565 -0.843349 -0.221564 0.634724 -0.740257 0.761040 0.634724 -0.133824 -0.157964 -0.513565 -0.843349 -0.761040 -0.634724 0.133824 -0.824641 0.513565 0.236915 -0.221564 0.634724 -0.740257 -0.761040 -0.634724 0.133824 0.221564 -0.634724 0.740257 0.157964 0.513565 0.843349 -0.824641 0.513565 0.236915 -0.761040 -0.634724 0.133824 -0.157964 -0.513565 -0.843349 -0.221564 0.634724 -0.740257 -0.824641 0.513565 0.236915 " />
									<TextureCoordinate point="0.1167 0.7244 0.1167 0.9081 0.3004 0.9081 0.3004 0.7244 0.1167 0.7244 0.1167 0.9081 0.3004 0.9081 0.3004 0.7244 0.1167 0.7244 0.1167 0.9081 0.3004 0.9081 0.3004 0.7244 0.1167 0.7244 0.1167 0.9081 0.3004 0.9081 0.3004 0.7244 0.3004 0.9081 0.3004 0.7244 0.1167 0.7244 0.1167 0.9081 " />
								</IndexedTriangleSet>
							</Shape>
						</Group>
					</Transform>
				</Transform>
				<Transform DEF="Cube_010_TRANSFORM"
				           translation="-1.007180 -1.318006 -0.900582"
				           scale="1.000000 1.000000 1.000000"
				           rotation="0.000000 1.000000 0.000000 0.000000"
				           >
					<Transform DEF="Cube_010_ifs_TRANSFORM"
					           translation="0.000000 0.000000 0.000000"
					           scale="1.000000 1.000000 1.000000"
					           rotation="0.000000 1.000000 0.000000 0.000000"
					           >
						<Group DEF="group_ME_Cube_017">
							<Shape>
								<Appearance>
									<Material USE="MA_Body" />
								</Appearance>
								<IndexedTriangleSet solid="false"
								                    normalPerVertex="true"
								                    index="0 1 2 0 2 3 4 5 6 4 6 7 8 9 10 8 10 11 12 13 14 12 14 15 4 13 16 4 16 17 18 19 14 18 14 7 "
								                    >
									<Coordinate point="0.107373 0.135118 -0.177447 0.059473 0.082247 0.034033 0.059473 -0.088586 -0.008677 0.107373 -0.035715 -0.220156 0.059473 0.082247 0.034033 -0.059473 0.088586 0.008677 -0.059473 -0.082247 -0.034033 0.059473 -0.088586 -0.008677 -0.059473 0.088586 0.008677 -0.011573 0.141458 -0.202803 -0.011573 -0.029376 -0.245512 -0.059473 -0.082247 -0.034033 -0.011573 0.141458 -0.202803 0.107373 0.135118 -0.177447 0.107373 -0.035715 -0.220156 -0.011573 -0.029376 -0.245512 -0.011573 0.141458 -0.202803 -0.059473 0.088586 0.008677 -0.059473 -0.082247 -0.034033 -0.011573 -0.029376 -0.245512 " />
									<Normal vector="0.687796 0.666799 -0.286813 0.439985 0.393262 0.807276 0.439985 -0.726920 0.527207 0.687796 -0.453383 -0.566881 0.439985 0.393262 0.807276 -0.687796 0.453383 0.566881 -0.687796 -0.666799 0.286813 0.439985 -0.726920 0.527207 -0.687796 0.453383 0.566881 -0.439985 0.726920 -0.527207 -0.439985 -0.393262 -0.807276 -0.687796 -0.666799 0.286813 -0.439985 0.726920 -0.527207 0.687796 0.666799 -0.286813 0.687796 -0.453383 -0.566881 -0.439985 -0.393262 -0.807276 -0.439985 0.726920 -0.527207 -0.687796 0.453383 0.566881 -0.687796 -0.666799 0.286813 -0.439985 -0.393262 -0.807276 " />
									<TextureCoordinate point="0.0660 0.2277 0.0660 0.2999 0.3827 0.2999 0.3827 0.2277 0.0660 0.2277 0.0660 0.2999 0.3827 0.2999 0.3827 0.2277 0.0660 0.2277 0.0660 0.2999 0.3827 0.2999 0.3827 0.2277 0.0660 0.2277 0.0660 0.2999 0.3827 0.2999 0.3827 0.2277 0.3827 0.2999 0.3827 0.2277 0.0660 0.2277 0.0660 0.2999 " />
								</IndexedTriangleSet>
							</Shape>
						</Group>
					</Transform>
				</Transform>
			</Transform>
			<Transform DEF="Cube_001_TRANSFORM"
			           translation="0.000000 -1.125273 0.187854"
			           scale="1.000000 1.000000 1.000000"
			           rotation="0.000000 1.000000 0.000000 0.000000"
			           >
				<Transform DEF="Cube_001_ifs_TRANSFORM"
				           translation="0.000000 0.000000 0.000000"
				           scale="1.000000 1.000000 1.000000"
				           rotation="0.000000 1.000000 0.000000 0.000000"
				           >
					<Group DEF="group_ME_Cube_001">
						<Shape>
							<Appearance>
								<Material USE="MA_Body" />
							</Appearance>
							<IndexedTriangleSet solid="false"
							                    normalPerVertex="true"
							                    index="0 1 2 0 2 3 4 5 6 4 6 7 8 9 10 8 10 11 12 13 14 12 14 15 16 17 18 16 18 19 20 1 14 20 14 21 22 23 24 22 24 25 26 27 28 26 28 29 30 31 32 30 32 33 34 35 36 34 36 37 16 38 39 16 39 40 41 42 43 41 43 44 45 46 47 45 47 48 49 50 51 49 51 19 52 53 54 52 54 55 56 57 58 56 58 59 60 61 62 60 62 63 64 65 66 64 66 67 68 5 69 68 69 70 41 71 72 41 72 59 73 74 75 73 75 76 77 78 69 77 69 79 "
							                    >
								<Coordinate point="-1.489346 -0.828052 0.802885 -1.489346 -0.806789 1.034899 -1.489346 0.091081 0.952614 -1.489346 0.069818 0.720600 -1.489346 0.069818 0.720600 -1.489346 0.091081 0.952614 1.489346 0.091081 0.952614 1.489346 0.069818 0.720600 1.489346 -0.828052 0.802885 1.489346 -0.806789 1.034899 1.489346 -1.157111 1.067004 1.489346 -1.178374 0.834990 1.489346 -1.178374 0.834990 1.489346 -1.157111 1.067004 -1.489346 -1.157111 1.067004 -1.489346 -1.178374 0.834990 -1.489346 -0.981457 -0.871015 1.489346 -0.981457 -0.871015 1.489346 -1.331778 -0.838910 -1.489346 -1.331778 -0.838910 1.489346 -0.806789 1.034899 1.489346 -1.157111 1.067004 1.489346 -1.235150 0.215459 1.489346 -1.178374 0.834990 -1.489346 -1.178374 0.834990 -1.489346 -1.235150 0.215459 1.489346 -0.884829 0.183354 1.489346 -0.828052 0.802885 1.489346 -1.178374 0.834990 1.489346 -1.235150 0.215459 -1.489346 0.013041 0.101069 -1.489346 0.069818 0.720600 1.489346 0.069818 0.720600 1.489346 0.013041 0.101069 -1.489346 -0.884829 0.183354 -1.489346 -0.828052 0.802885 -1.489346 0.069818 0.720600 -1.489346 0.013041 0.101069 -1.489346 -0.884829 0.183354 -1.489346 0.013041 0.101069 -1.489346 -0.083586 -0.953301 -1.489346 -0.083586 -0.953301 -1.489346 0.013041 0.101069 1.489346 0.013041 0.101069 1.489346 -0.083586 -0.953301 1.489346 -0.981457 -0.871015 1.489346 -0.884829 0.183354 1.489346 -1.235150 0.215459 1.489346 -1.331778 -0.838910 1.489346 -1.331778 -0.838910 1.489346 -1.235150 0.215459 -1.489346 -1.235150 0.215459 1.489346 -0.083586 -0.953301 1.489346 0.013041 0.101069 1.489346 -0.884829 0.183354 1.489346 -0.981457 -0.871015 -1.489346 -1.331778 -0.838910 -1.489346 -1.235150 0.215459 -1.489346 -0.884829 0.183354 -1.489346 -0.981457 -0.871015 -1.489346 -1.235150 0.215459 -1.489346 -1.178374 0.834990 -1.489346 -0.828052 0.802885 -1.489346 -0.884829 0.183354 1.489346 0.013041 0.101069 1.489346 0.069818 0.720600 1.489346 -0.828052 0.802885 1.489346 -0.884829 0.183354 1.489346 0.091081 0.952614 -1.489346 -0.806789 1.034899 1.489346 -0.806789 1.034899 1.489346 -0.083586 -0.953301 1.489346 -0.981457 -0.871015 1.489346 0.069818 0.720600 1.489346 0.091081 0.952614 1.489346 -0.806789 1.034899 1.489346 -0.828052 0.802885 -1.489346 -1.178374 0.834990 -1.489346 -1.157111 1.067004 -1.489346 -0.828052 0.802885 " />
								<Normal vector="-1.000000 0.000000 0.000000 -0.707083 0.064516 0.704154 -0.577349 0.627613 0.522233 -0.707083 0.704154 -0.064516 -0.707083 0.704154 -0.064516 -0.577349 0.627613 0.522233 0.577349 0.627613 0.522233 0.707083 0.704154 -0.064516 1.000000 0.000000 0.000000 0.707083 0.064516 0.704154 0.577349 -0.522233 0.627613 0.707083 -0.704154 0.064516 0.707083 -0.704154 0.064516 0.577349 -0.522233 0.627613 -0.577349 -0.522233 0.627613 -0.707083 -0.704154 0.064516 -0.707083 -0.064516 -0.704154 0.707083 -0.064516 -0.704154 0.577349 -0.627613 -0.522233 -0.577349 -0.627613 -0.522233 0.707083 0.064516 0.704154 0.577349 -0.522233 0.627613 0.707083 -0.704154 0.064516 0.707083 -0.704154 0.064516 -0.707083 -0.704154 0.064516 -0.707083 -0.704154 0.064516 1.000000 0.000000 0.000000 1.000000 0.000000 0.000000 0.707083 -0.704154 0.064516 0.707083 -0.704154 0.064516 -0.707083 0.704154 -0.064516 -0.707083 0.704154 -0.064516 0.707083 0.704154 -0.064516 0.707083 0.704154 -0.064516 -1.000000 0.000000 0.000000 -1.000000 0.000000 0.000000 -0.707083 0.704154 -0.064516 -0.707083 0.704154 -0.064516 -1.000000 0.000000 0.000000 -0.707083 0.704154 -0.064516 -0.577349 0.522233 -0.627613 -0.577349 0.522233 -0.627613 -0.707083 0.704154 -0.064516 0.707083 0.704154 -0.064516 0.577349 0.522233 -0.627613 0.707083 -0.064516 -0.704154 1.000000 0.000000 0.000000 0.707083 -0.704154 0.064516 0.577349 -0.627613 -0.522233 0.577349 -0.627613 -0.522233 0.707083 -0.704154 0.064516 -0.707083 -0.704154 0.064516 0.577349 0.522233 -0.627613 0.707083 0.704154 -0.064516 1.000000 0.000000 0.000000 0.707083 -0.064516 -0.704154 -0.577349 -0.627613 -0.522233 -0.707083 -0.704154 0.064516 -1.000000 0.000000 0.000000 -0.707083 -0.064516 -0.704154 -0.707083 -0.704154 0.064516 -0.707083 -0.704154 0.064516 -1.000000 0.000000 0.000000 -1.000000 0.000000 0.000000 0.707083 0.704154 -0.064516 0.707083 0.704154 -0.064516 1.000000 0.000000 0.000000 1.000000 0.000000 0.000000 0.577349 0.627613 0.522233 -0.707083 0.064516 0.704154 0.707083 0.064516 0.704154 0.577349 0.522233 -0.627613 0.707083 -0.064516 -0.704154 0.707083 0.704154 -0.064516 0.577349 0.627613 0.522233 0.707083 0.064516 0.704154 1.000000 0.000000 0.000000 -0.707083 -0.704154 0.064516 -0.577349 -0.522233 0.627613 -1.000000 0.000000 0.000000 " />
								<TextureCoordinate point="0.1814 0.7860 0.2977 0.7860 0.2977 0.9023 0.1814 0.9023 0.1814 0.7860 0.2977 0.7860 0.2977 0.9023 0.1814 0.9023 0.1814 0.7860 0.2977 0.7860 0.2977 0.9023 0.1814 0.9023 0.1814 0.7860 0.2977 0.7860 0.2977 0.9023 0.1814 0.9023 0.1814 0.7860 0.2977 0.7860 0.2977 0.9023 0.1814 0.9023 0.1814 0.7860 0.1814 0.9023 0.1814 0.7860 0.2977 0.7860 0.2977 0.9023 0.1814 0.9023 0.1814 0.7860 0.2977 0.7860 0.2977 0.9023 0.1814 0.9023 0.1814 0.7860 0.2977 0.7860 0.2977 0.9023 0.1814 0.9023 0.7708 0.5991 0.9957 0.5991 0.9957 0.2848 0.7708 0.2848 0.2977 0.7860 0.2977 0.9023 0.1814 0.9023 0.1814 0.7860 0.2977 0.7860 0.2977 0.9023 0.1814 0.9023 0.1814 0.7860 0.2977 0.7860 0.2977 0.9023 0.1814 0.9023 0.1814 0.7860 0.2977 0.7860 0.2977 0.9023 0.1814 0.7860 0.2977 0.7860 0.2977 0.9023 0.1814 0.9023 0.1814 0.7860 0.2977 0.7860 0.2977 0.9023 0.1814 0.9023 0.1814 0.7860 0.2977 0.7860 0.2977 0.9023 0.1814 0.9023 0.7707 0.2848 0.9958 0.2848 0.9958 0.5991 0.7707 0.5991 0.1814 0.7860 0.2977 0.9023 0.1814 0.9023 0.2977 0.7860 0.2977 0.9023 0.1814 0.7860 0.2977 0.7860 0.2977 0.9023 0.1814 0.9023 0.1814 0.7860 0.2977 0.7860 0.1814 0.9023 " />
							</IndexedTriangleSet>
						</Shape>
					</Group>
				</Transform>
				<Transform DEF="Cube_002_TRANSFORM"
				           translation="0.000000 -1.063107 0.094901"
				           scale="1.000000 1.000000 1.000000"
				           rotation="0.000000 1.000000 0.000000 0.000000"
				           >
					<Transform DEF="Cube_002_ifs_TRANSFORM"
					           translation="0.000000 0.000000 0.000000"
					           scale="1.000000 1.000000 1.000000"
					           rotation="0.000000 1.000000 0.000000 0.000000"
					           >
						<Group DEF="group_ME_Cube_002">
							<Shape>
								<Appearance>
									<Material USE="MA_Body" />
								</Appearance>
								<IndexedTriangleSet solid="false"
								                    normalPerVertex="true"
								                    index="0 1 2 0 2 3 4 5 6 4 6 7 8 9 10 8 10 11 12 13 14 12 14 11 15 16 10 15 10 17 "
								                    >
									<Coordinate point="-1.359707 -1.186324 -0.573185 -1.359707 -0.580525 1.182749 -1.359707 0.305559 0.877049 -1.359707 -0.300239 -0.878885 1.359707 -0.300239 -0.878885 1.359707 0.305559 0.877049 1.359707 -0.580525 1.182749 1.359707 -1.186324 -0.573185 1.359707 -1.186324 -0.573185 1.359707 -0.580525 1.182749 -1.359707 -0.580525 1.182749 -1.359707 -1.186324 -0.573185 -1.359707 -0.300239 -0.878885 1.359707 -0.300239 -0.878885 1.359707 -1.186324 -0.573185 1.359707 0.305559 0.877049 -1.359707 0.305559 0.877049 1.359707 -0.580525 1.182749 " />
									<Normal vector="-0.577349 -0.734062 -0.357463 -0.577349 -0.357463 0.734062 -0.707083 0.230598 0.668416 -0.707083 -0.230598 -0.668416 0.707083 -0.230598 -0.668416 0.707083 0.230598 0.668416 0.577349 -0.357463 0.734062 0.577349 -0.734062 -0.357463 0.577349 -0.734062 -0.357463 0.577349 -0.357463 0.734062 -0.577349 -0.357463 0.734062 -0.577349 -0.734062 -0.357463 -0.707083 -0.230598 -0.668416 0.707083 -0.230598 -0.668416 0.577349 -0.734062 -0.357463 0.707083 0.230598 0.668416 -0.707083 0.230598 0.668416 0.577349 -0.357463 0.734062 " />
									<TextureCoordinate point="0.1900 0.8071 0.3100 0.8071 0.3100 0.9272 0.1900 0.9272 0.1900 0.8071 0.3100 0.8071 0.3100 0.9272 0.1900 0.9272 0.1900 0.8071 0.3100 0.8071 0.3100 0.9272 0.1900 0.9272 0.1900 0.8071 0.3100 0.8071 0.3100 0.9272 0.1900 0.8071 0.3100 0.8071 0.1900 0.9272 " />
								</IndexedTriangleSet>
							</Shape>
						</Group>
					</Transform>
				</Transform>
			</Transform>
			<Transform DEF="back_TRANSFORM"
			           translation="0.000000 -1.279999 0.984295"
			           scale="1.000000 1.000000 1.000000"
			           rotation="0.000000 1.000000 0.000000 0.000000"
			           >
				<Transform DEF="back_ifs_TRANSFORM"
				           translation="0.000000 0.000000 0.000000"
				           scale="1.000000 1.000000 1.000000"
				           rotation="0.000000 1.000000 0.000000 0.000000"
				           >
					<Group DEF="group_ME_back">
						<Shape>
							<Appearance>
								<Material USE="MA_Body" />
							</Appearance>
							<IndexedTriangleSet solid="false"
							                    normalPerVertex="true"
							                    index="0 1 2 0 2 3 4 5 6 4 6 7 8 9 10 8 10 11 12 13 14 12 14 15 4 16 17 4 17 15 18 5 14 18 14 19 "
							                    >
								<Coordinate point="-1.486805 -1.542285 0.351208 -1.486805 -1.145938 2.091715 -1.486805 1.938632 1.389299 -1.486805 1.542285 -0.351208 -1.486805 1.542285 -0.351208 -1.486805 1.938632 1.389299 1.486805 1.938632 1.389299 1.486805 1.542285 -0.351208 1.486805 1.542285 -0.351208 1.486805 1.938632 1.389299 1.486805 -1.145938 2.091715 1.486805 -1.542285 0.351208 1.486805 -1.542285 0.351208 1.486805 -1.145938 2.091715 -1.486805 -1.145938 2.091715 -1.486805 -1.542285 0.351208 1.486805 1.542285 -0.351208 1.486805 -1.542285 0.351208 1.486805 1.938632 1.389299 1.486805 -1.145938 2.091715 " />
								<Normal vector="-0.577349 -0.691122 -0.434736 -0.577349 -0.434736 0.691122 -0.577349 0.691122 0.434736 -0.577349 0.434736 -0.691122 -0.577349 0.434736 -0.691122 -0.577349 0.691122 0.434736 0.577349 0.691122 0.434736 0.577349 0.434736 -0.691122 0.577349 0.434736 -0.691122 0.577349 0.691122 0.434736 0.577349 -0.434736 0.691122 0.577349 -0.691122 -0.434736 0.577349 -0.691122 -0.434736 0.577349 -0.434736 0.691122 -0.577349 -0.434736 0.691122 -0.577349 -0.691122 -0.434736 0.577349 0.434736 -0.691122 0.577349 -0.691122 -0.434736 0.577349 0.691122 0.434736 0.577349 -0.434736 0.691122 " />
								<TextureCoordinate point="0.0261 0.5189 0.1988 0.5189 0.1988 0.6610 0.0261 0.6610 0.0261 0.5189 0.1988 0.5189 0.1988 0.6610 0.0261 0.6610 0.0261 0.5189 0.1988 0.5189 0.1988 0.6610 0.0261 0.6610 0.0261 0.5189 0.1988 0.5189 0.1988 0.6610 0.0261 0.6610 0.1988 0.5189 0.1988 0.6610 0.0261 0.5189 0.0261 0.6610 " />
							</IndexedTriangleSet>
						</Shape>
					</Group>
				</Transform>
				<Transform DEF="Cube_013_TRANSFORM"
				           translation="0.000000 0.393446 1.727767"
				           scale="1.000000 1.000000 1.000000"
				           rotation="0.000000 1.000000 0.000000 0.000000"
				           >
					<Transform DEF="Cube_013_ifs_TRANSFORM"
					           translation="0.000000 0.000000 0.000000"
					           scale="1.000000 1.000000 1.000000"
					           rotation="0.000000 1.000000 0.000000 0.000000"
					           >
						<Group DEF="group_ME_Cube_008">
							<Shape>
								<Appearance>
									<Material USE="MA_Body" />
								</Appearance>
								<IndexedTriangleSet solid="false"
								                    normalPerVertex="true"
								                    index="0 1 2 0 2 3 4 5 6 4 6 7 8 9 10 8 10 11 12 13 14 12 14 15 4 16 17 4 17 15 18 5 14 18 14 19 "
								                    >
									<Coordinate point="-0.929076 -0.982165 0.223658 -0.929076 -0.894978 0.606529 -0.929076 1.069352 0.159213 -0.929076 0.982165 -0.223658 -0.929076 0.982165 -0.223658 -0.929076 1.069352 0.159213 0.929076 1.069352 0.159213 0.929076 0.982165 -0.223658 0.929076 0.982165 -0.223658 0.929076 1.069352 0.159213 0.929076 -0.894978 0.606529 0.929076 -0.982165 0.223658 0.929076 -0.982165 0.223658 0.929076 -0.894978 0.606529 -0.929076 -0.894978 0.606529 -0.929076 -0.982165 0.223658 0.929076 0.982165 -0.223658 0.929076 -0.982165 0.223658 0.929076 1.069352 0.159213 0.929076 -0.894978 0.606529 " />
									<Normal vector="-0.577349 -0.691122 -0.434736 -0.577349 -0.434736 0.691122 -0.577349 0.691122 0.434736 -0.577349 0.434736 -0.691122 -0.577349 0.434736 -0.691122 -0.577349 0.691122 0.434736 0.577349 0.691122 0.434736 0.577349 0.434736 -0.691122 0.577349 0.434736 -0.691122 0.577349 0.691122 0.434736 0.577349 -0.434736 0.691122 0.577349 -0.691122 -0.434736 0.577349 -0.691122 -0.434736 0.577349 -0.434736 0.691122 -0.577349 -0.434736 0.691122 -0.577349 -0.691122 -0.434736 0.577349 0.434736 -0.691122 0.577349 -0.691122 -0.434736 0.577349 0.691122 0.434736 0.577349 -0.434736 0.691122 " />
									<TextureCoordinate point="0.0261 0.5189 0.1988 0.5189 0.1988 0.6610 0.0261 0.6610 0.0261 0.5189 0.1988 0.5189 0.1988 0.6610 0.0261 0.6610 0.0261 0.5189 0.1988 0.5189 0.1988 0.6610 0.0261 0.6610 0.0261 0.5189 0.1988 0.5189 0.1988 0.6610 0.0261 0.6610 0.1988 0.5189 0.1988 0.6610 0.0261 0.5189 0.0261 0.6610 " />
								</IndexedTriangleSet>
							</Shape>
						</Group>
					</Transform>
					<Transform DEF="Cube_015_TRANSFORM"
					           translation="0.000000 0.081266 0.356869"
					           scale="1.000000 1.000000 1.000000"
					           rotation="0.000000 1.000000 0.000000 0.000000"
					           >
						<Transform DEF="Cube_015_ifs_TRANSFORM"
						           translation="0.000000 0.000000 0.000000"
						           scale="1.000000 1.000000 1.000000"
						           rotation="0.000000 1.000000 0.000000 0.000000"
						           >
							<Group DEF="group_ME_Cube_010">
								<Shape>
									<Appearance>
										<Material USE="MA_Body" />
									</Appearance>
									<IndexedTriangleSet solid="false"
									                    normalPerVertex="true"
									                    index="0 1 2 0 2 3 4 5 6 4 6 7 8 9 10 8 10 11 12 13 14 12 14 15 4 16 17 4 17 15 18 5 14 18 14 19 "
									                    >
										<Coordinate point="-0.534048 -0.486464 0.110777 -0.534048 -0.355025 0.687974 -0.534048 0.617903 0.466420 -0.534048 0.486464 -0.110777 -0.534048 0.486464 -0.110777 -0.534048 0.617903 0.466420 0.534048 0.617903 0.466420 0.534048 0.486464 -0.110777 0.534048 0.486464 -0.110777 0.534048 0.617903 0.466420 0.534048 -0.355025 0.687974 0.534048 -0.486464 0.110777 0.534048 -0.486464 0.110777 0.534048 -0.355025 0.687974 -0.534048 -0.355025 0.687974 -0.534048 -0.486464 0.110777 0.534048 0.486464 -0.110777 0.534048 -0.486464 0.110777 0.534048 0.617903 0.466420 0.534048 -0.355025 0.687974 " />
										<Normal vector="-0.577349 -0.691122 -0.434736 -0.577349 -0.434736 0.691122 -0.577349 0.691122 0.434736 -0.577349 0.434736 -0.691122 -0.577349 0.434736 -0.691122 -0.577349 0.691122 0.434736 0.577349 0.691122 0.434736 0.577349 0.434736 -0.691122 0.577349 0.434736 -0.691122 0.577349 0.691122 0.434736 0.577349 -0.434736 0.691122 0.577349 -0.691122 -0.434736 0.577349 -0.691122 -0.434736 0.577349 -0.434736 0.691122 -0.577349 -0.434736 0.691122 -0.577349 -0.691122 -0.434736 0.577349 0.434736 -0.691122 0.577349 -0.691122 -0.434736 0.577349 0.691122 0.434736 0.577349 -0.434736 0.691122 " />
										<TextureCoordinate point="0.0261 0.5189 0.1988 0.5189 0.1988 0.6610 0.0261 0.6610 0.0261 0.5189 0.1988 0.5189 0.1988 0.6610 0.0261 0.6610 0.0261 0.5189 0.1988 0.5189 0.1988 0.6610 0.0261 0.6610 0.0261 0.5189 0.1988 0.5189 0.1988 0.6610 0.0261 0.6610 0.1988 0.5189 0.1988 0.6610 0.0261 0.5189 0.0261 0.6610 " />
									</IndexedTriangleSet>
								</Shape>
							</Group>
						</Transform>
					</Transform>
				</Transform>
			</Transform>
		</Transform>
	</Scene>
</X3D>