<?xml version="1.0" encoding="UTF-8"?>
<!DOCTYPE X3D PUBLIC "ISO//Web3D//DTD X3D 3.0//EN" "http://www.web3d.org/specifications/x3d-3.0.dtd">
<X3D version="3.0" profile="Immersive" xmlns:xsd="http://www.w3.org/2001/XMLSchema-instance" xsd:noNamespaceSchemaLocation="http://www.web3d.org/specifications/x3d-3.0.xsd">
	<head>
		<meta name="filename" content="cinccino.x3d" />
		<meta name="generator" content="Blender 2.93.18" />
	</head>
	<Scene>
		<NavigationInfo headlight="true"
		                visibilityLimit="0.0"
		                type='"EXAMINE", "ANY"'
		                avatarSize="0.25, 1.75, 0.75"
		                />
		<Background DEF="WO_World"
		            groundColor="0.051 0.051 0.051"
		            skyColor="0.051 0.051 0.051"
		            />
		<Transform DEF="body_TRANSFORM"
		           translation="0.000000 -0.070062 0.310272"
		           scale="1.000000 1.000000 1.000000"
		           rotation="0.000000 0.000000 1.000000 3.141593"
		           >
			<Transform DEF="body_ifs_TRANSFORM"
			           translation="0.000000 0.000000 0.000000"
			           scale="1.000000 1.000000 1.000000"
			           rotation="0.000000 1.000000 0.000000 0.000000"
			           >
				<Group DEF="group_ME_body">
					<Shape>
						<Appearance>
							<Material DEF="MA_Body"
							          diffuseColor="0.800 0.800 0.800"
							          specularColor="0.401 0.401 0.401"
							          emissiveColor="0.000 0.000 0.000"
							          ambientIntensity="0.000"
							          shininess="0.500"
							          transparency="0.0"
							          />
						</Appearance>
						<IndexedTriangleSet solid="false"
						                    normalPerVertex="true"
						                    index="0 1 2 0 2 3 4 5 6 4 6 7 8 9 10 8 10 11 12 13 14 12 14 15 4 16 17 4 17 15 18 5 14 18 14 19 "
						                    >
							<Coordinate point="-1.150650 -1.094337 0.000000 -1.150650 -1.094337 1.236333 -1.150650 1.094337 1.236333 -1.150650 1.094337 0.000000 -1.150650 1.094337 0.000000 -1.150650 1.094337 1.236333 1.150650 1.094337 1.236333 1.150650 1.094337 0.000000 1.150650 1.094337 0.000000 1.150650 1.094337 1.236333 1.150650 -1.094337 1.236333 1.150650 -1.094337 0.000000 1.150650 -1.094337 0.000000 1.150650 -1.094337 1.236333 -1.150650 -1.094337 1.236333 -1.150650 -1.094337 0.000000 1.150650 1.094337 0.000000 1.150650 -1.094337 0.000000 1.150650 1.094337 1.236333 1.150650 -1.094337 1.236333 " />
							<Normal vector="-0.577349 -0.577349 -0.577349 -0.577349 -0.577349 0.577349 -0.577349 0.577349 0.577349 -0.577349 0.577349 -0.577349 -0.577349 0.577349 -0.577349 -0.577349 0.577349 0.577349 0.577349 0.577349 0.577349 0.577349 0.577349 -0.577349 0.577349 0.577349 -0.577349 0.577349 0.577349 0.577349 0.577349 -0.577349 0.577349 0.577349 -0.577349 -0.577349 0.577349 -0.577349 -0.577349 0.577349 -0.577349 0.577349 -0.577349 -0.577349 0.577349 -0.577349 -0.577349 -0.577349 0.577349 0.577349 -0.577349 0.577349 -0.577349 -0.577349 0.577349 0.577349 0.577349 0.577349 -0.577349 0.577349 " />
							<TextureCoordinate point="0.0186 0.5225 0.4814 0.5225 0.4814 0.9853 0.0186 0.9853 0.0186 0.5225 0.4814 0.5225 0.4814 0.9853 0.0186 0.9853 0.0186 0.5225 0.4814 0.5225 0.4814 0.9853 0.0186 0.9853 0.0186 0.5225 0.4814 0.5225 0.4814 0.9853 0.0186 0.9853 0.4814 0.5225 0.4814 0.9853 0.0186 0.5225 0.0186 0.9853 " />
						</IndexedTriangleSet>
					</Shape>
				</Group>
			</Transform>
			<Transform DEF="body1_TRANSFORM"
			           translation="0.000000 -0.036201 1.063797"
			           scale="1.000000 1.000000 1.000000"
			           rotation="0.000000 1.000000 0.000000 0.000000"
			           >
				<Transform DEF="body1_ifs_TRANSFORM"
				           translation="0.000000 0.000000 0.000000"
				           scale="1.000000 1.000000 1.000000"
				           rotation="0.000000 1.000000 0.000000 0.000000"
				           >
					<Group DEF="group_ME_body1">
						<Shape>
							<Appearance>
								<Material USE="MA_Body" />
							</Appearance>
							<IndexedTriangleSet solid="false"
							                    normalPerVertex="true"
							                    index="0 1 2 0 2 3 4 5 6 4 6 7 8 9 10 8 10 11 12 13 14 12 14 15 4 16 17 4 17 15 18 5 14 18 14 19 "
							                    >
								<Coordinate point="-1.099652 -0.976113 0.077269 -1.099652 -0.909044 0.924528 -1.099652 1.043181 0.769990 -1.099652 0.976113 -0.077269 -1.099652 0.976113 -0.077269 -1.099652 1.043181 0.769990 1.099652 1.043181 0.769990 1.099652 0.976113 -0.077269 1.099652 0.976113 -0.077269 1.099652 1.043181 0.769990 1.099652 -0.909044 0.924528 1.099652 -0.976113 0.077269 1.099652 -0.976113 0.077269 1.099652 -0.909044 0.924528 -1.099652 -0.909044 0.924528 -1.099652 -0.976113 0.077269 1.099652 0.976113 -0.077269 1.099652 -0.976113 0.077269 1.099652 1.043181 0.769990 1.099652 -0.909044 0.924528 " />
								<Normal vector="-0.577349 -0.621082 -0.529984 -0.577349 -0.529984 0.621082 -0.577349 0.621082 0.529984 -0.577349 0.529984 -0.621082 -0.577349 0.529984 -0.621082 -0.577349 0.621082 0.529984 0.577349 0.621082 0.529984 0.577349 0.529984 -0.621082 0.577349 0.529984 -0.621082 0.577349 0.621082 0.529984 0.577349 -0.529984 0.621082 0.577349 -0.621082 -0.529984 0.577349 -0.621082 -0.529984 0.577349 -0.529984 0.621082 -0.577349 -0.529984 0.621082 -0.577349 -0.621082 -0.529984 0.577349 0.529984 -0.621082 0.577349 -0.621082 -0.529984 0.577349 0.621082 0.529984 0.577349 -0.529984 0.621082 " />
								<TextureCoordinate point="0.0186 0.5225 0.4814 0.5225 0.4814 0.9853 0.0186 0.9853 0.0186 0.5225 0.4814 0.5225 0.4814 0.9853 0.0186 0.9853 0.0186 0.5225 0.4814 0.5225 0.4814 0.9853 0.0186 0.9853 0.0186 0.5225 0.4814 0.5225 0.4814 0.9853 0.0186 0.9853 0.4814 0.5225 0.4814 0.9853 0.0186 0.5225 0.0186 0.9853 " />
							</IndexedTriangleSet>
						</Shape>
					</Group>
				</Transform>
				<Transform DEF="Cube_002_TRANSFORM"
				           translation="0.000000 0.056936 0.669451"
				           scale="1.000000 1.000000 1.000000"
				           rotation="0.000000 1.000000 0.000000 0.000000"
				           >
					<Transform DEF="Cube_002_ifs_TRANSFORM"
					           translation="0.000000 0.000000 0.000000"
					           scale="1.000000 1.000000 1.000000"
					           rotation="0.000000 1.000000 0.000000 0.000000"
					           >
						<Group DEF="group_ME_Cube_020">
							<Shape>
								<Appearance>
									<Material USE="MA_Body" />
								</Appearance>
								<IndexedTriangleSet solid="false"
								                    normalPerVertex="true"
								                    index="0 1 2 0 2 3 4 5 6 4 6 7 8 9 10 8 10 11 12 13 14 12 14 15 4 16 17 4 17 15 18 5 14 18 14 19 "
								                    >
									<Coordinate point="-1.024114 -0.790630 0.018067 -1.024114 -0.769325 0.950383 -1.024114 0.811936 0.914248 -1.024114 0.790630 -0.018067 -1.024114 0.790630 -0.018067 -1.024114 0.811936 0.914248 1.024114 0.811936 0.914248 1.024114 0.790630 -0.018067 1.024114 0.790630 -0.018067 1.024114 0.811936 0.914248 1.024114 -0.769325 0.950383 1.024114 -0.790630 0.018067 1.024114 -0.790630 0.018067 1.024114 -0.769325 0.950383 -1.024114 -0.769325 0.950383 -1.024114 -0.790630 0.018067 1.024114 0.790630 -0.018067 1.024114 -0.790630 0.018067 1.024114 0.811936 0.914248 1.024114 -0.769325 0.950383 " />
									<Normal vector="-0.577349 -0.590381 -0.563982 -0.577349 -0.563982 0.590381 -0.577349 0.590381 0.563982 -0.577349 0.563982 -0.590381 -0.577349 0.563982 -0.590381 -0.577349 0.590381 0.563982 0.577349 0.590381 0.563982 0.577349 0.563982 -0.590381 0.577349 0.563982 -0.590381 0.577349 0.590381 0.563982 0.577349 -0.563982 0.590381 0.577349 -0.590381 -0.563982 0.577349 -0.590381 -0.563982 0.577349 -0.563982 0.590381 -0.577349 -0.563982 0.590381 -0.577349 -0.590381 -0.563982 0.577349 0.563982 -0.590381 0.577349 -0.590381 -0.563982 0.577349 0.590381 0.563982 0.577349 -0.563982 0.590381 " />
									<TextureCoordinate point="0.0186 0.5225 0.4814 0.5225 0.4814 0.9853 0.0186 0.9853 0.0186 0.5225 0.4814 0.5225 0.4814 0.9853 0.0186 0.9853 0.0186 0.5225 0.4814 0.5225 0.4814 0.9853 0.0186 0.9853 0.0186 0.5225 0.4814 0.5225 0.4814 0.9853 0.0186 0.9853 0.4814 0.5225 0.4814 0.9853 0.0186 0.5225 0.0186 0.9853 " />
								</IndexedTriangleSet>
							</Shape>
						</Group>
					</Transform>
				</Transform>
				<Transform DEF="arm1_TRANSFORM"
				           translation="0.879708 -0.033861 1.032727"
				           scale="1.000000 1.000000 1.000000"
				           rotation="0.000000 1.000000 0.000000 0.000000"
				           >
					<Transform DEF="arm1_ifs_TRANSFORM"
					           translation="0.000000 0.000000 0.000000"
					           scale="1.000000 1.000000 1.000000"
					           rotation="0.000000 1.000000 0.000000 0.000000"
					           >
						<Group DEF="group_ME_arm1">
							<Shape>
								<Appearance>
									<Material USE="MA_Body" />
								</Appearance>
								<IndexedTriangleSet solid="false"
								                    normalPerVertex="true"
								                    index="0 1 2 0 2 3 4 5 6 4 6 7 8 9 10 8 10 11 12 13 14 12 14 15 4 16 17 4 17 15 18 5 14 18 14 19 "
								                    >
									<Coordinate point="0.013531 -0.357616 -0.365136 -0.013531 -0.357616 0.365136 -0.013531 0.357616 0.365136 0.013531 0.357616 -0.365136 0.013531 0.357616 -0.365136 -0.013531 0.357616 0.365136 0.788133 0.357616 0.394844 0.815196 0.357616 -0.335428 0.815196 0.357616 -0.335428 0.788133 0.357616 0.394844 0.788133 -0.357616 0.394844 0.815196 -0.357616 -0.335428 0.815196 -0.357616 -0.335428 0.788133 -0.357616 0.394844 -0.013531 -0.357616 0.365136 0.013531 -0.357616 -0.365136 0.815196 0.357616 -0.335428 0.815196 -0.357616 -0.335428 0.788133 0.357616 0.394844 0.788133 -0.357616 0.394844 " />
									<Normal vector="-0.555559 -0.577349 -0.598315 -0.598315 -0.577349 0.555559 -0.598315 0.577349 0.555559 -0.555559 0.577349 -0.598315 -0.555559 0.577349 -0.598315 -0.598315 0.577349 0.555559 0.555559 0.577349 0.598315 0.598315 0.577349 -0.555559 0.598315 0.577349 -0.555559 0.555559 0.577349 0.598315 0.555559 -0.577349 0.598315 0.598315 -0.577349 -0.555559 0.598315 -0.577349 -0.555559 0.555559 -0.577349 0.598315 -0.598315 -0.577349 0.555559 -0.555559 -0.577349 -0.598315 0.598315 0.577349 -0.555559 0.598315 -0.577349 -0.555559 0.555559 0.577349 0.598315 0.555559 -0.577349 0.598315 " />
									<TextureCoordinate point="0.0186 0.5225 0.4814 0.5225 0.4814 0.9853 0.0186 0.9853 0.0186 0.5225 0.4814 0.5225 0.4814 0.9853 0.0186 0.9853 0.0186 0.5225 0.4814 0.5225 0.4814 0.9853 0.0186 0.9853 0.0186 0.5225 0.4814 0.5225 0.4814 0.9853 0.0186 0.9853 0.4814 0.5225 0.4814 0.9853 0.0186 0.5225 0.0186 0.9853 " />
								</IndexedTriangleSet>
							</Shape>
						</Group>
					</Transform>
					<Transform DEF="arm1_1_TRANSFORM"
					           translation="0.747918 0.000000 0.047024"
					           scale="1.000000 1.000000 1.000000"
					           rotation="0.000000 1.000000 0.000000 0.000000"
					           >
						<Transform DEF="arm1_1_ifs_TRANSFORM"
						           translation="0.000000 0.000000 0.000000"
						           scale="1.000000 1.000000 1.000000"
						           rotation="0.000000 1.000000 0.000000 0.000000"
						           >
							<Group DEF="group_ME_arm1_1">
								<Shape>
									<Appearance>
										<Material USE="MA_Body" />
									</Appearance>
									<IndexedTriangleSet solid="false"
									                    normalPerVertex="true"
									                    index="0 1 2 0 2 3 4 5 6 4 6 7 8 9 10 8 10 11 12 13 14 12 14 15 16 17 18 16 18 19 20 21 14 20 14 22 23 24 25 23 25 26 27 16 19 27 19 28 29 30 31 29 31 32 33 34 5 33 5 4 35 36 34 35 34 33 37 27 28 37 28 15 24 20 22 24 22 25 32 31 13 32 13 12 38 39 40 38 40 41 41 40 20 41 20 24 35 42 43 35 43 44 44 43 27 44 27 37 42 45 46 42 46 43 47 48 49 47 49 50 51 38 41 51 41 52 52 41 24 52 24 23 39 36 53 39 53 40 40 53 21 40 21 20 45 54 55 45 55 46 46 55 17 46 17 16 56 57 58 56 58 59 59 58 9 59 9 8 60 61 62 60 62 63 63 62 1 63 1 0 "
									                    >
										<Coordinate point="0.010347 0.100183 -0.279220 -0.010347 0.100183 0.279220 -0.010347 0.300550 0.279220 0.010347 0.300550 -0.279220 0.816459 0.300550 -0.249347 0.795764 0.300550 0.309093 0.880617 0.300550 0.312238 0.901312 0.300550 -0.246203 0.901312 -0.100183 -0.246203 0.880617 -0.100183 0.312238 0.880617 -0.300550 0.312238 0.901312 -0.300550 -0.246203 0.617232 -0.300550 -0.256730 0.596537 -0.300550 0.301710 -0.010347 -0.300550 0.279220 0.010347 -0.300550 -0.279220 0.816459 -0.100183 -0.249347 0.901312 -0.100183 -0.246203 0.901312 -0.300550 -0.246203 0.816459 -0.300550 -0.249347 0.596537 -0.100183 0.301710 -0.010347 -0.100183 0.279220 0.596537 -0.300550 0.301710 0.880617 -0.100183 0.312238 0.795764 -0.100183 0.309093 0.795764 -0.300550 0.309093 0.880617 -0.300550 0.312238 0.617232 -0.100183 -0.256730 0.617232 -0.300550 -0.256730 0.901312 -0.300550 -0.246203 0.880617 -0.300550 0.312238 0.795764 -0.300550 0.309093 0.816459 -0.300550 -0.249347 0.617232 0.300550 -0.256730 0.596537 0.300550 0.301710 0.010347 0.300550 -0.279220 -0.010347 0.300550 0.279220 0.010347 -0.100183 -0.279220 0.795764 0.300550 0.309093 0.596537 0.300550 0.301710 0.596537 0.100183 0.301710 0.795764 0.100183 0.309093 0.617232 0.300550 -0.256730 0.617232 0.100183 -0.256730 0.010347 0.100183 -0.279220 0.816459 0.300550 -0.249347 0.816459 0.100183 -0.249347 0.617232 0.100183 -0.256730 0.816459 0.100183 -0.249347 0.816459 -0.100183 -0.249347 0.617232 -0.100183 -0.256730 0.880617 0.300550 0.312238 0.880617 0.100183 0.312238 -0.010347 0.100183 0.279220 0.901312 0.300550 -0.246203 0.901312 0.100183 -0.246203 0.901312 0.300550 -0.246203 0.880617 0.300550 0.312238 0.880617 0.100183 0.312238 0.901312 0.100183 -0.246203 0.010347 -0.300550 -0.279220 -0.010347 -0.300550 0.279220 -0.010347 -0.100183 0.279220 0.010347 -0.100183 -0.279220 " />
										<Normal vector="-0.680410 0.000000 -0.732780 -0.732780 0.000000 0.680410 -0.598315 0.577349 0.555559 -0.555559 0.577349 -0.598315 0.026185 0.707083 -0.706595 -0.026185 0.707083 0.706595 0.555559 0.577349 0.598315 0.598315 0.577349 -0.555559 0.732780 0.000000 -0.680410 0.680410 0.000000 0.732780 0.555559 -0.577349 0.598315 0.598315 -0.577349 -0.555559 0.026185 -0.707083 -0.706595 -0.026185 -0.707083 0.706595 -0.598315 -0.577349 0.555559 -0.555559 -0.577349 -0.598315 0.037019 0.000000 -0.999298 0.732780 0.000000 -0.680410 0.598315 -0.577349 -0.555559 0.026185 -0.707083 -0.706595 -0.037019 0.000000 0.999298 -0.732780 0.000000 0.680410 -0.026185 -0.707083 0.706595 0.680410 0.000000 0.732780 -0.037019 0.000000 0.999298 -0.026185 -0.707083 0.706595 0.555559 -0.577349 0.598315 0.037019 0.000000 -0.999298 0.026185 -0.707083 -0.706595 0.598315 -0.577349 -0.555559 0.555559 -0.577349 0.598315 -0.026185 -0.707083 0.706595 0.026185 -0.707083 -0.706595 0.026185 0.707083 -0.706595 -0.026185 0.707083 0.706595 -0.555559 0.577349 -0.598315 -0.598315 0.577349 0.555559 -0.680410 0.000000 -0.732780 -0.026185 0.707083 0.706595 -0.026185 0.707083 0.706595 -0.037019 0.000000 0.999298 -0.037019 0.000000 0.999298 0.026185 0.707083 -0.706595 0.037019 0.000000 -0.999298 -0.680410 0.000000 -0.732780 0.026185 0.707083 -0.706595 0.037019 0.000000 -0.999298 0.037019 0.000000 -0.999298 0.037019 0.000000 -0.999298 0.037019 0.000000 -0.999298 0.037019 0.000000 -0.999298 0.555559 0.577349 0.598315 0.680410 0.000000 0.732780 -0.732780 0.000000 0.680410 0.598315 0.577349 -0.555559 0.732780 0.000000 -0.680410 0.598315 0.577349 -0.555559 0.555559 0.577349 0.598315 0.680410 0.000000 0.732780 0.732780 0.000000 -0.680410 -0.555559 -0.577349 -0.598315 -0.598315 -0.577349 0.555559 -0.732780 0.000000 0.680410 -0.680410 0.000000 -0.732780 " />
										<TextureCoordinate point="0.0186 0.8310 0.4814 0.8310 0.4814 0.9853 0.0186 0.9853 0.0186 0.7539 0.4814 0.7539 0.4814 0.9853 0.0186 0.9853 0.0186 0.8310 0.4814 0.8310 0.4814 0.9853 0.0186 0.9853 0.0186 0.8696 0.4814 0.8696 0.4814 0.9853 0.0186 0.9853 0.2500 0.8310 0.4814 0.8310 0.4814 0.9853 0.2500 0.9853 0.3657 0.8310 0.4814 0.8310 0.3657 0.9853 0.0186 0.8310 0.2500 0.8310 0.2500 0.9853 0.0186 0.9853 0.1343 0.8310 0.1343 0.9853 0.0186 0.5225 0.4814 0.5225 0.4814 0.7539 0.0186 0.7539 0.0186 0.6382 0.4814 0.6382 0.0186 0.5225 0.4814 0.5225 0.0186 0.8310 0.2500 0.5225 0.3657 0.5225 0.3657 0.6768 0.2500 0.6768 0.1343 0.5225 0.1343 0.6768 0.0186 0.6768 0.2500 0.5225 0.2500 0.6768 0.5368 0.5359 0.9725 0.5359 0.9725 0.9719 0.5368 0.9719 0.0186 0.5225 0.0186 0.6768 0.4814 0.6768 0.4814 0.5225 0.4814 0.6768 0.0186 0.5225 0.4814 0.5225 0.4814 0.6768 0.0186 0.6768 0.0186 0.5225 0.4814 0.5225 0.4814 0.6768 0.0186 0.6768 " />
									</IndexedTriangleSet>
								</Shape>
							</Group>
						</Transform>
					</Transform>
				</Transform>
				<Transform DEF="Cube_001_TRANSFORM"
				           translation="0.000000 -0.033861 1.448409"
				           scale="1.000000 1.000000 1.000000"
				           rotation="0.000000 1.000000 0.000000 0.000000"
				           >
					<Transform DEF="Cube_001_ifs_TRANSFORM"
					           translation="0.000000 0.000000 0.000000"
					           scale="1.000000 1.000000 1.000000"
					           rotation="0.000000 1.000000 0.000000 0.000000"
					           >
						<Group DEF="group_ME_Cube_002">
							<Shape>
								<Appearance>
									<Material USE="MA_Body" />
								</Appearance>
								<IndexedTriangleSet solid="false"
								                    normalPerVertex="true"
								                    index="0 1 2 0 2 3 4 5 6 4 6 7 8 9 10 8 10 11 12 13 14 12 14 15 4 16 17 4 17 15 18 5 14 18 14 19 "
								                    >
									<Coordinate point="-1.219435 -0.068367 -0.307137 -1.219435 0.068367 0.307137 -1.219435 1.072947 0.083522 -1.219435 0.936212 -0.530752 -1.219435 0.936212 -0.530752 -1.219435 1.072947 0.083522 1.219435 1.072947 0.083522 1.219435 0.936212 -0.530752 1.219435 0.936212 -0.530752 1.219435 1.072947 0.083522 1.219435 0.068367 0.307137 1.219435 -0.068367 -0.307137 1.219435 -0.068367 -0.307137 1.219435 0.068367 0.307137 -1.219435 0.068367 0.307137 -1.219435 -0.068367 -0.307137 1.219435 0.936212 -0.530752 1.219435 -0.068367 -0.307137 1.219435 1.072947 0.083522 1.219435 0.068367 0.307137 " />
									<Normal vector="-0.577349 -0.688986 -0.438093 -0.577349 -0.438093 0.688986 -0.577349 0.688986 0.438093 -0.577349 0.438093 -0.688986 -0.577349 0.438093 -0.688986 -0.577349 0.688986 0.438093 0.577349 0.688986 0.438093 0.577349 0.438093 -0.688986 0.577349 0.438093 -0.688986 0.577349 0.688986 0.438093 0.577349 -0.438093 0.688986 0.577349 -0.688986 -0.438093 0.577349 -0.688986 -0.438093 0.577349 -0.438093 0.688986 -0.577349 -0.438093 0.688986 -0.577349 -0.688986 -0.438093 0.577349 0.438093 -0.688986 0.577349 -0.688986 -0.438093 0.577349 0.688986 0.438093 0.577349 -0.438093 0.688986 " />
									<TextureCoordinate point="0.0256 0.0225 0.9666 0.0225 0.9666 0.4853 0.0256 0.4853 0.0256 0.0225 0.9666 0.0225 0.9666 0.4853 0.0256 0.4853 0.0256 0.0225 0.9666 0.0225 0.9666 0.4853 0.0256 0.4853 0.0256 0.0225 0.9666 0.0225 0.9666 0.4853 0.0256 0.4853 0.9666 0.0225 0.9666 0.4853 0.0256 0.0225 0.0256 0.4853 " />
								</IndexedTriangleSet>
							</Shape>
						</Group>
					</Transform>
					<Transform DEF="Cube_004_TRANSFORM"
					           translation="0.000000 0.000000 0.000000"
					           scale="1.000000 1.000000 1.000000"
					           rotation="0.000000 1.000000 0.000000 0.000000"
					           >
						<Transform DEF="Cube_004_ifs_TRANSFORM"
						           translation="0.000000 0.000000 0.000000"
						           scale="1.000000 1.000000 1.000000"
						           rotation="0.000000 1.000000 0.000000 0.000000"
						           >
							<Group DEF="group_ME_Cube_001">
								<Shape>
									<Appearance>
										<Material USE="MA_Body" />
									</Appearance>
									<IndexedTriangleSet solid="false"
									                    normalPerVertex="true"
									                    index="0 1 2 0 2 3 4 5 6 4 6 7 8 9 10 8 10 11 12 13 14 12 14 15 4 16 17 4 17 15 18 5 14 18 14 19 "
									                    >
										<Coordinate point="-0.983098 -0.120722 -0.380543 -0.983098 0.120722 0.380543 -0.983098 1.339870 -0.006214 -0.983098 1.098426 -0.767300 -0.983098 1.098426 -0.767300 -0.983098 1.339870 -0.006214 0.983098 1.339870 -0.006214 0.983098 1.098426 -0.767300 0.983098 1.098426 -0.767300 0.983098 1.339870 -0.006214 0.983098 0.120722 0.380543 0.983098 -0.120722 -0.380543 0.983098 -0.120722 -0.380543 0.983098 0.120722 0.380543 -0.983098 0.120722 0.380543 -0.983098 -0.120722 -0.380543 0.983098 1.098426 -0.767300 0.983098 -0.120722 -0.380543 0.983098 1.339870 -0.006214 0.983098 0.120722 0.380543 " />
										<Normal vector="-0.577349 -0.724876 -0.375713 -0.577349 -0.375713 0.724876 -0.577349 0.724876 0.375713 -0.577349 0.375713 -0.724876 -0.577349 0.375713 -0.724876 -0.577349 0.724876 0.375713 0.577349 0.724876 0.375713 0.577349 0.375713 -0.724876 0.577349 0.375713 -0.724876 0.577349 0.724876 0.375713 0.577349 -0.375713 0.724876 0.577349 -0.724876 -0.375713 0.577349 -0.724876 -0.375713 0.577349 -0.375713 0.724876 -0.577349 -0.375713 0.724876 -0.577349 -0.724876 -0.375713 0.577349 0.375713 -0.724876 0.577349 -0.724876 -0.375713 0.577349 0.724876 0.375713 0.577349 -0.375713 0.724876 " />
										<TextureCoordinate point="0.0256 0.0225 0.9666 0.0225 0.9666 0.4853 0.0256 0.4853 0.0256 0.0225 0.9666 0.0225 0.9666 0.4853 0.0256 0.4853 0.0256 0.0225 0.9666 0.0225 0.9666 0.4853 0.0256 0.4853 0.0256 0.0225 0.9666 0.0225 0.9666 0.4853 0.0256 0.4853 0.9666 0.0225 0.9666 0.4853 0.0256 0.0225 0.0256 0.4853 " />
									</IndexedTriangleSet>
								</Shape>
							</Group>
						</Transform>
					</Transform>
					<Transform DEF="Cube_003_TRANSFORM"
					           translation="0.802711 0.132550 0.114679"
					           scale="1.000000 1.000000 1.000000"
					           rotation="0.000000 1.000000 0.000000 0.000000"
					           >
						<Transform DEF="Cube_003_ifs_TRANSFORM"
						           translation="0.000000 0.000000 0.000000"
						           scale="1.000000 1.000000 1.000000"
						           rotation="0.000000 1.000000 0.000000 0.000000"
						           >
							<Group DEF="group_ME_Cube_003">
								<Shape>
									<Appearance>
										<Material USE="MA_Body" />
									</Appearance>
									<IndexedTriangleSet solid="false"
									                    normalPerVertex="true"
									                    index="0 1 2 0 2 3 4 5 6 4 6 7 8 9 10 8 10 11 12 13 14 12 14 15 4 16 17 4 17 15 18 5 14 18 14 19 "
									                    >
										<Coordinate point="-0.514990 0.034598 0.457495 -0.578111 0.350396 -0.136836 -1.143074 -0.796218 -0.686089 -1.079953 -1.112017 -0.091757 -1.079953 -1.112017 -0.091757 -1.143074 -0.796218 -0.686089 -0.049973 -1.181212 -1.006748 0.013148 -1.497010 -0.412417 0.013148 -1.497010 -0.412417 -0.049973 -1.181212 -1.006748 0.514990 -0.034598 -0.457495 0.578111 -0.350396 0.136836 0.578111 -0.350396 0.136836 0.514990 -0.034598 -0.457495 -0.578111 0.350396 -0.136836 -0.514990 0.034598 0.457495 0.013148 -1.497010 -0.412417 0.578111 -0.350396 0.136836 -0.049973 -1.181212 -1.006748 0.514990 -0.034598 -0.457495 " />
										<Normal vector="-0.236457 0.390942 0.889492 -0.344279 0.930387 -0.125706 -0.813196 -0.021241 -0.581561 -0.705374 -0.560686 0.433637 -0.705374 -0.560686 0.433637 -0.813196 -0.021241 -0.581561 0.236457 -0.390942 -0.889492 0.344279 -0.930387 0.125706 0.344279 -0.930387 0.125706 0.236457 -0.390942 -0.889492 0.705374 0.560686 -0.433637 0.813196 0.021241 0.581561 0.813196 0.021241 0.581561 0.705374 0.560686 -0.433637 -0.344279 0.930387 -0.125706 -0.236457 0.390942 0.889492 0.344279 -0.930387 0.125706 0.813196 0.021241 0.581561 0.236457 -0.390942 -0.889492 0.705374 0.560686 -0.433637 " />
										<TextureCoordinate point="0.0256 0.0225 0.9666 0.0225 0.9666 0.4853 0.0256 0.4853 0.0256 0.0225 0.9666 0.0225 0.9666 0.4853 0.0256 0.4853 0.0256 0.0225 0.9666 0.0225 0.9666 0.4853 0.0256 0.4853 0.0256 0.0225 0.9666 0.0225 0.9666 0.4853 0.0256 0.4853 0.9666 0.0225 0.9666 0.4853 0.0256 0.0225 0.0256 0.4853 " />
									</IndexedTriangleSet>
								</Shape>
							</Group>
						</Transform>
					</Transform>
				</Transform>
				<Transform DEF="c_TRANSFORM"
				           translation="-1.074944 0.165893 1.455880"
				           scale="1.000000 1.000000 1.000000"
				           rotation="0.000000 1.000000 0.000000 0.000000"
				           >
					<Transform DEF="c_ifs_TRANSFORM"
					           translation="0.000000 0.000000 0.000000"
					           scale="1.000000 1.000000 1.000000"
					           rotation="0.000000 1.000000 0.000000 0.000000"
					           >
						<Group DEF="group_ME_c">
							<Shape>
								<Appearance>
									<Material USE="MA_Body" />
								</Appearance>
								<IndexedTriangleSet solid="false"
								                    normalPerVertex="true"
								                    index="0 1 2 0 2 3 4 5 6 4 6 7 8 9 10 8 10 11 12 13 14 12 14 15 4 16 17 4 17 15 18 5 14 18 14 19 "
								                    >
									<Coordinate point="-0.485418 -0.954823 -0.451656 -0.485418 -0.985528 0.380021 -0.485418 -0.015352 0.415839 -0.485418 0.015352 -0.415839 -0.485418 0.015352 -0.415839 -0.485418 -0.015352 0.415839 0.485418 -0.015352 0.415839 0.485418 0.015352 -0.415839 0.485418 0.015352 -0.415839 0.485418 -0.015352 0.415839 0.485418 -0.985528 0.380021 0.485418 -0.954823 -0.451656 0.485418 -0.954823 -0.451656 0.485418 -0.985528 0.380021 -0.485418 -0.985528 0.380021 -0.485418 -0.954823 -0.451656 0.485418 0.015352 -0.415839 0.485418 -0.954823 -0.451656 0.485418 -0.015352 0.415839 0.485418 -0.985528 0.380021 " />
									<Normal vector="-0.577349 -0.555650 -0.598254 -0.577349 -0.598254 0.555650 -0.577349 0.555650 0.598254 -0.577349 0.598254 -0.555650 -0.577349 0.598254 -0.555650 -0.577349 0.555650 0.598254 0.577349 0.555650 0.598254 0.577349 0.598254 -0.555650 0.577349 0.598254 -0.555650 0.577349 0.555650 0.598254 0.577349 -0.598254 0.555650 0.577349 -0.555650 -0.598254 0.577349 -0.555650 -0.598254 0.577349 -0.598254 0.555650 -0.577349 -0.598254 0.555650 -0.577349 -0.555650 -0.598254 0.577349 0.598254 -0.555650 0.577349 -0.555650 -0.598254 0.577349 0.555650 0.598254 0.577349 -0.598254 0.555650 " />
									<TextureCoordinate point="0.0256 0.0225 0.9666 0.0225 0.9666 0.4853 0.0256 0.4853 0.0256 0.0225 0.9666 0.0225 0.9666 0.4853 0.0256 0.4853 0.0256 0.0225 0.9666 0.0225 0.9666 0.4853 0.0256 0.4853 0.0256 0.0225 0.9666 0.0225 0.9666 0.4853 0.0256 0.4853 0.9666 0.0225 0.9666 0.4853 0.0256 0.0225 0.0256 0.4853 " />
								</IndexedTriangleSet>
							</Shape>
						</Group>
					</Transform>
					<Transform DEF="c1_TRANSFORM"
					           translation="0.000000 -0.811110 -0.048840"
					           scale="1.000000 1.000000 1.000000"
					           rotation="0.000000 1.000000 0.000000 0.000000"
					           >
						<Transform DEF="c1_ifs_TRANSFORM"
						           translation="0.000000 0.000000 0.000000"
						           scale="1.000000 1.000000 1.000000"
						           rotation="0.000000 1.000000 0.000000 0.000000"
						           >
							<Group DEF="group_ME_c1">
								<Shape>
									<Appearance>
										<Material USE="MA_Body" />
									</Appearance>
									<IndexedTriangleSet solid="false"
									                    normalPerVertex="true"
									                    index="0 1 2 0 2 3 4 5 6 4 6 7 8 9 10 8 10 11 12 13 14 12 14 15 4 16 17 4 17 15 18 5 14 18 14 19 "
									                    >
										<Coordinate point="-0.553252 -1.181201 -0.568122 -0.553252 -1.219877 0.479477 -0.553252 -0.019338 0.523800 -0.553252 0.019338 -0.523800 -0.553252 0.019338 -0.523800 -0.553252 -0.019338 0.523800 0.553252 -0.019338 0.523800 0.553252 0.019338 -0.523800 0.553252 0.019338 -0.523800 0.553252 -0.019338 0.523800 0.553252 -1.219877 0.479477 0.553252 -1.181201 -0.568122 0.553252 -1.181201 -0.568122 0.553252 -1.219877 0.479477 -0.553252 -1.219877 0.479477 -0.553252 -1.181201 -0.568122 0.553252 0.019338 -0.523800 0.553252 -1.181201 -0.568122 0.553252 -0.019338 0.523800 0.553252 -1.219877 0.479477 " />
										<Normal vector="-0.577349 -0.555650 -0.598254 -0.577349 -0.598254 0.555650 -0.577349 0.555650 0.598254 -0.577349 0.598254 -0.555650 -0.577349 0.598254 -0.555650 -0.577349 0.555650 0.598254 0.577349 0.555650 0.598254 0.577349 0.598254 -0.555650 0.577349 0.598254 -0.555650 0.577349 0.555650 0.598254 0.577349 -0.598254 0.555650 0.577349 -0.555650 -0.598254 0.577349 -0.555650 -0.598254 0.577349 -0.598254 0.555650 -0.577349 -0.598254 0.555650 -0.577349 -0.555650 -0.598254 0.577349 0.598254 -0.555650 0.577349 -0.555650 -0.598254 0.577349 0.555650 0.598254 0.577349 -0.598254 0.555650 " />
										<TextureCoordinate point="0.0256 0.0225 0.9666 0.0225 0.9666 0.4853 0.0256 0.4853 0.0256 0.0225 0.9666 0.0225 0.9666 0.4853 0.0256 0.4853 0.0256 0.0225 0.9666 0.0225 0.9666 0.4853 0.0256 0.4853 0.0256 0.0225 0.9666 0.0225 0.9666 0.4853 0.0256 0.4853 0.9666 0.0225 0.9666 0.4853 0.0256 0.0225 0.0256 0.4853 " />
									</IndexedTriangleSet>
								</Shape>
							</Group>
						</Transform>
						<Transform DEF="c2_TRANSFORM"
						           translation="-0.000000 -1.144978 -0.042271"
						           scale="1.000000 1.000000 1.000000"
						           rotation="0.000000 1.000000 0.000000 0.000000"
						           >
							<Transform DEF="c2_ifs_TRANSFORM"
							           translation="0.000000 0.000000 0.000000"
							           scale="1.000000 1.000000 1.000000"
							           rotation="0.000000 1.000000 0.000000 0.000000"
							           >
								<Group DEF="group_ME_c2">
									<Shape>
										<Appearance>
											<Material USE="MA_Body" />
										</Appearance>
										<IndexedTriangleSet solid="false"
										                    normalPerVertex="true"
										                    index="0 1 2 0 2 3 4 5 6 4 6 7 8 9 10 8 10 11 12 13 14 12 14 15 4 16 17 4 17 15 18 5 14 18 14 19 "
										                    >
											<Coordinate point="-0.595198 -1.495009 -0.538422 -0.595198 -1.505077 0.509600 -0.595198 -0.005034 0.524011 -0.595198 0.005034 -0.524011 -0.595198 0.005034 -0.524011 -0.595198 -0.005034 0.524011 0.595198 -0.005034 0.524011 0.595198 0.005034 -0.524011 0.595198 0.005034 -0.524011 0.595198 -0.005034 0.524011 0.595198 -1.505077 0.509600 0.595198 -1.495009 -0.538422 0.595198 -1.495009 -0.538422 0.595198 -1.505077 0.509600 -0.595198 -1.505077 0.509600 -0.595198 -1.495009 -0.538422 0.595198 0.005034 -0.524011 0.595198 -1.495009 -0.538422 0.595198 -0.005034 0.524011 0.595198 -1.505077 0.509600 " />
											<Normal vector="-0.577349 -0.571764 -0.582842 -0.577349 -0.582842 0.571764 -0.577349 0.571764 0.582842 -0.577349 0.582842 -0.571764 -0.577349 0.582842 -0.571764 -0.577349 0.571764 0.582842 0.577349 0.571764 0.582842 0.577349 0.582842 -0.571764 0.577349 0.582842 -0.571764 0.577349 0.571764 0.582842 0.577349 -0.582842 0.571764 0.577349 -0.571764 -0.582842 0.577349 -0.571764 -0.582842 0.577349 -0.582842 0.571764 -0.577349 -0.582842 0.571764 -0.577349 -0.571764 -0.582842 0.577349 0.582842 -0.571764 0.577349 -0.571764 -0.582842 0.577349 0.571764 0.582842 0.577349 -0.582842 0.571764 " />
											<TextureCoordinate point="0.0256 0.0225 0.9666 0.0225 0.9666 0.4853 0.0256 0.4853 0.0256 0.0225 0.9666 0.0225 0.9666 0.4853 0.0256 0.4853 0.0256 0.0225 0.9666 0.0225 0.9666 0.4853 0.0256 0.4853 0.0256 0.0225 0.9666 0.0225 0.9666 0.4853 0.0256 0.4853 0.9666 0.0225 0.9666 0.4853 0.0256 0.0225 0.0256 0.4853 " />
										</IndexedTriangleSet>
									</Shape>
								</Group>
							</Transform>
							<Transform DEF="c3_TRANSFORM"
							           translation="0.000000 -1.335192 -0.012827"
							           scale="1.000000 1.000000 1.000000"
							           rotation="0.000000 1.000000 0.000000 0.000000"
							           >
								<Transform DEF="c3_ifs_TRANSFORM"
								           translation="0.000000 0.000000 0.000000"
								           scale="1.000000 1.000000 1.000000"
								           rotation="0.000000 1.000000 0.000000 0.000000"
								           >
									<Group DEF="group_ME_c3">
										<Shape>
											<Appearance>
												<Material USE="MA_Body" />
											</Appearance>
											<IndexedTriangleSet solid="false"
											                    normalPerVertex="true"
											                    index="0 1 2 0 2 3 4 5 6 4 6 7 8 9 10 8 10 11 12 13 14 12 14 15 4 16 17 4 17 15 18 5 14 18 14 19 "
											                    >
												<Coordinate point="-0.520213 -0.935210 -0.445617 -0.520213 -0.910849 0.493505 -0.520213 0.012181 0.469561 -0.520213 -0.012181 -0.469561 -0.520213 -0.012181 -0.469561 -0.520213 0.012181 0.469561 0.520213 0.012181 0.469561 0.520213 -0.012181 -0.469561 0.520213 -0.012181 -0.469561 0.520213 0.012181 0.469561 0.520213 -0.910849 0.493505 0.520213 -0.935210 -0.445617 0.520213 -0.935210 -0.445617 0.520213 -0.910849 0.493505 -0.520213 -0.910849 0.493505 -0.520213 -0.935210 -0.445617 0.520213 -0.012181 -0.469561 0.520213 -0.935210 -0.445617 0.520213 0.012181 0.469561 0.520213 -0.910849 0.493505 " />
												<Normal vector="-0.577349 -0.592120 -0.562181 -0.577349 -0.562181 0.592120 -0.577349 0.592120 0.562181 -0.577349 0.562181 -0.592120 -0.577349 0.562181 -0.592120 -0.577349 0.592120 0.562181 0.577349 0.592120 0.562181 0.577349 0.562181 -0.592120 0.577349 0.562181 -0.592120 0.577349 0.592120 0.562181 0.577349 -0.562181 0.592120 0.577349 -0.592120 -0.562181 0.577349 -0.592120 -0.562181 0.577349 -0.562181 0.592120 -0.577349 -0.562181 0.592120 -0.577349 -0.592120 -0.562181 0.577349 0.562181 -0.592120 0.577349 -0.592120 -0.562181 0.577349 0.592120 0.562181 0.577349 -0.562181 0.592120 " />
												<TextureCoordinate point="0.0256 0.0225 0.9666 0.0225 0.9666 0.4853 0.0256 0.4853 0.0256 0.0225 0.9666 0.0225 0.9666 0.4853 0.0256 0.4853 0.0256 0.0225 0.9666 0.0225 0.9666 0.4853 0.0256 0.4853 0.0256 0.0225 0.9666 0.0225 0.9666 0.4853 0.0256 0.4853 0.9666 0.0225 0.9666 0.4853 0.0256 0.0225 0.0256 0.4853 " />
											</IndexedTriangleSet>
										</Shape>
									</Group>
								</Transform>
								<Transform DEF="c4_TRANSFORM"
								           translation="0.000000 -0.738440 0.044330"
								           scale="1.000000 1.000000 1.000000"
								           rotation="0.000000 1.000000 0.000000 0.000000"
								           >
									<Transform DEF="c4_ifs_TRANSFORM"
									           translation="0.000000 0.000000 0.000000"
									           scale="1.000000 1.000000 1.000000"
									           rotation="0.000000 1.000000 0.000000 0.000000"
									           >
										<Group DEF="group_ME_c4">
											<Shape>
												<Appearance>
													<Material USE="MA_Body" />
												</Appearance>
												<IndexedTriangleSet solid="false"
												                    normalPerVertex="true"
												                    index="0 1 2 0 2 3 4 5 6 4 6 7 8 9 10 8 10 11 12 13 14 12 14 15 4 16 17 4 17 15 18 5 14 18 14 19 "
												                    >
													<Coordinate point="-0.283967 -0.802761 -0.570093 -0.283967 -0.980558 -0.089093 -0.283967 -0.088898 0.240500 -0.283967 0.088898 -0.240500 -0.283967 0.088898 -0.240500 -0.283967 -0.088898 0.240500 0.283967 -0.088898 0.240500 0.283967 0.088898 -0.240500 0.283967 0.088898 -0.240500 0.283967 -0.088898 0.240500 0.283967 -0.980558 -0.089093 0.283967 -0.802761 -0.570093 0.283967 -0.802761 -0.570093 0.283967 -0.980558 -0.089093 -0.283967 -0.980558 -0.089093 -0.283967 -0.802761 -0.570093 0.283967 0.088898 -0.240500 0.283967 -0.802761 -0.570093 0.283967 -0.088898 0.240500 0.283967 -0.980558 -0.089093 " />
													<Normal vector="-0.577349 -0.341350 -0.741691 -0.577349 -0.741691 0.341350 -0.577349 0.341350 0.741691 -0.577349 0.741691 -0.341350 -0.577349 0.741691 -0.341350 -0.577349 0.341350 0.741691 0.577349 0.341350 0.741691 0.577349 0.741691 -0.341350 0.577349 0.741691 -0.341350 0.577349 0.341350 0.741691 0.577349 -0.741691 0.341350 0.577349 -0.341350 -0.741691 0.577349 -0.341350 -0.741691 0.577349 -0.741691 0.341350 -0.577349 -0.741691 0.341350 -0.577349 -0.341350 -0.741691 0.577349 0.741691 -0.341350 0.577349 -0.341350 -0.741691 0.577349 0.341350 0.741691 0.577349 -0.741691 0.341350 " />
													<TextureCoordinate point="0.0256 0.0225 0.9666 0.0225 0.9666 0.4853 0.0256 0.4853 0.0256 0.0225 0.9666 0.0225 0.9666 0.4853 0.0256 0.4853 0.0256 0.0225 0.9666 0.0225 0.9666 0.4853 0.0256 0.4853 0.0256 0.0225 0.9666 0.0225 0.9666 0.4853 0.0256 0.4853 0.9666 0.0225 0.9666 0.4853 0.0256 0.0225 0.0256 0.4853 " />
												</IndexedTriangleSet>
											</Shape>
										</Group>
									</Transform>
								</Transform>
							</Transform>
						</Transform>
					</Transform>
				</Transform>
				<Transform DEF="head_TRANSFORM"
				           translation="0.000000 -0.033861 1.503698"
				           scale="1.000000 1.000000 1.000000"
				           rotation="0.000000 1.000000 0.000000 0.000000"
				           >
					<Transform DEF="head_ifs_TRANSFORM"
					           translation="0.000000 0.000000 0.000000"
					           scale="1.000000 1.000000 1.000000"
					           rotation="0.000000 1.000000 0.000000 0.000000"
					           >
						<Group DEF="group_ME_head">
							<Shape>
								<Appearance>
									<Material USE="MA_Body" />
								</Appearance>
								<IndexedTriangleSet solid="false"
								                    normalPerVertex="true"
								                    index="0 1 2 0 2 3 4 5 6 4 6 7 8 9 10 8 10 11 12 13 14 12 14 15 16 17 18 16 18 19 20 21 14 20 14 22 23 24 25 23 25 26 24 27 28 24 28 25 27 20 22 27 22 28 29 30 31 29 31 32 30 33 34 30 34 31 33 16 19 33 19 34 35 36 37 35 37 38 38 37 39 38 39 40 40 39 13 40 13 12 41 21 42 41 42 43 43 42 44 43 44 45 45 44 5 45 5 4 46 47 48 46 48 49 50 51 47 50 47 46 29 52 51 29 51 50 53 54 55 53 55 56 57 58 54 57 54 53 59 60 58 59 58 57 56 55 61 56 61 32 62 63 64 62 64 65 49 48 66 49 66 67 68 69 70 68 70 71 47 45 4 47 4 48 51 43 45 51 45 47 52 41 43 52 43 51 60 35 38 60 38 58 55 12 15 55 15 61 63 8 11 63 11 64 48 4 7 48 7 66 69 0 3 69 3 70 "
								                    >
									<Coordinate point="-1.643886 -1.571155 2.101886 -1.643886 -1.571155 2.749967 -1.643886 1.571155 2.749967 -1.643886 1.571155 2.101886 1.395928 1.571155 2.101886 1.395928 1.571155 2.749967 1.643886 1.571155 2.749967 1.643886 1.571155 2.101886 1.643886 1.571155 2.101886 1.643886 1.571155 2.749967 1.643886 -1.571155 2.749967 1.643886 -1.571155 2.101886 -1.395928 -1.571155 2.101886 -1.395928 -1.571155 2.749967 -1.643886 -1.571155 2.749967 -1.643886 -1.571155 2.101886 1.395928 1.571155 0.000000 1.643886 1.571155 0.000000 1.643886 -1.571155 0.000000 1.395928 -1.571155 0.000000 -1.395928 1.571155 2.749967 -1.643886 1.571155 2.749967 -1.395928 -1.571155 2.749967 1.643886 1.571155 2.749967 1.395928 1.571155 2.749967 1.395928 -1.571155 2.749967 1.643886 -1.571155 2.749967 0.000000 1.571155 2.749967 0.000000 -1.571155 2.749967 -1.643886 1.571155 0.000000 -1.395928 1.571155 0.000000 -1.395928 -1.571155 0.000000 -1.643886 -1.571155 0.000000 0.000000 1.571155 0.000000 0.000000 -1.571155 0.000000 1.643886 -1.571155 2.101886 1.643886 -1.571155 2.749967 1.395928 -1.571155 2.749967 1.395928 -1.571155 2.101886 0.000000 -1.571155 2.749967 0.000000 -1.571155 2.101886 -1.643886 1.571155 2.101886 -1.395928 1.571155 2.749967 -1.395928 1.571155 2.101886 0.000000 1.571155 2.749967 0.000000 1.571155 2.101886 0.000000 1.571155 0.000000 0.000000 1.571155 0.262736 1.395928 1.571155 0.262736 1.395928 1.571155 0.000000 -1.395928 1.571155 0.000000 -1.395928 1.571155 0.262736 -1.643886 1.571155 0.262736 0.000000 -1.571155 0.000000 0.000000 -1.571155 0.262736 -1.395928 -1.571155 0.262736 -1.395928 -1.571155 0.000000 1.395928 -1.571155 0.000000 1.395928 -1.571155 0.262736 1.643886 -1.571155 0.000000 1.643886 -1.571155 0.262736 -1.643886 -1.571155 0.262736 1.643886 1.571155 0.000000 1.643886 1.571155 0.262736 1.643886 -1.571155 0.262736 1.643886 -1.571155 0.000000 1.643886 1.571155 0.262736 1.643886 1.571155 0.000000 -1.643886 -1.571155 0.000000 -1.643886 -1.571155 0.262736 -1.643886 1.571155 0.262736 -1.643886 1.571155 0.000000 " />
									<Normal vector="-0.707083 -0.707083 0.000000 -0.577349 -0.577349 0.577349 -0.577349 0.577349 0.577349 -0.707083 0.707083 0.000000 0.000000 1.000000 0.000000 0.000000 0.707083 0.707083 0.577349 0.577349 0.577349 0.707083 0.707083 0.000000 0.707083 0.707083 0.000000 0.577349 0.577349 0.577349 0.577349 -0.577349 0.577349 0.707083 -0.707083 0.000000 0.000000 -1.000000 0.000000 0.000000 -0.707083 0.707083 -0.577349 -0.577349 0.577349 -0.707083 -0.707083 0.000000 0.000000 0.707083 -0.707083 0.577349 0.577349 -0.577349 0.577349 -0.577349 -0.577349 0.000000 -0.707083 -0.707083 0.000000 0.707083 0.707083 -0.577349 0.577349 0.577349 0.000000 -0.707083 0.707083 0.577349 0.577349 0.577349 0.000000 0.707083 0.707083 0.000000 -0.707083 0.707083 0.577349 -0.577349 0.577349 0.000000 0.707083 0.707083 0.000000 -0.707083 0.707083 -0.577349 0.577349 -0.577349 0.000000 0.707083 -0.707083 0.000000 -0.707083 -0.707083 -0.577349 -0.577349 -0.577349 0.000000 0.707083 -0.707083 0.000000 -0.707083 -0.707083 0.707083 -0.707083 0.000000 0.577349 -0.577349 0.577349 0.000000 -0.707083 0.707083 0.000000 -1.000000 0.000000 0.000000 -0.707083 0.707083 0.000000 -1.000000 0.000000 -0.707083 0.707083 0.000000 0.000000 0.707083 0.707083 0.000000 1.000000 0.000000 0.000000 0.707083 0.707083 0.000000 1.000000 0.000000 0.000000 0.707083 -0.707083 0.000000 1.000000 0.000000 0.000000 1.000000 0.000000 0.000000 0.707083 -0.707083 0.000000 0.707083 -0.707083 0.000000 1.000000 0.000000 -0.707083 0.707083 0.000000 0.000000 -0.707083 -0.707083 0.000000 -1.000000 0.000000 0.000000 -1.000000 0.000000 0.000000 -0.707083 -0.707083 0.000000 -0.707083 -0.707083 0.000000 -1.000000 0.000000 0.577349 -0.577349 -0.577349 0.707083 -0.707083 0.000000 -0.707083 -0.707083 0.000000 0.577349 0.577349 -0.577349 0.707083 0.707083 0.000000 0.707083 -0.707083 0.000000 0.577349 -0.577349 -0.577349 0.707083 0.707083 0.000000 0.577349 0.577349 -0.577349 -0.577349 -0.577349 -0.577349 -0.707083 -0.707083 0.000000 -0.707083 0.707083 0.000000 -0.577349 0.577349 -0.577349 " />
									<TextureCoordinate point="0.3575 0.5340 0.4660 0.5340 0.4660 0.9680 0.3575 0.9680 0.3575 0.8595 0.4660 0.8595 0.4660 0.9680 0.3575 0.9680 0.3575 0.5340 0.4660 0.5340 0.4660 0.9680 0.3575 0.9680 0.3575 0.8595 0.4660 0.8595 0.4660 0.9680 0.3575 0.9680 0.3575 0.5340 0.4660 0.5340 0.4660 0.9680 0.3575 0.9680 0.3575 0.5340 0.4660 0.5340 0.3575 0.9680 0.0320 0.5340 0.1405 0.5340 0.1405 0.9680 0.0320 0.9680 0.2490 0.5340 0.2490 0.9680 0.0320 0.5340 0.1405 0.5340 0.1405 0.9680 0.0320 0.9680 0.2490 0.5340 0.2490 0.9680 0.3575 0.5340 0.4660 0.5340 0.4660 0.6425 0.3575 0.6425 0.4660 0.7510 0.3575 0.7510 0.3575 0.5340 0.4660 0.6425 0.3575 0.6425 0.4660 0.7510 0.3575 0.7510 0.0320 0.7510 0.2490 0.7510 0.2490 0.8595 0.0320 0.8595 0.0320 0.6425 0.2490 0.6425 0.2490 0.5340 0.0320 0.7510 0.2490 0.7510 0.2490 0.8595 0.0320 0.8595 0.0320 0.6425 0.2490 0.6425 0.0320 0.5340 0.2490 0.5340 0.2490 0.9680 0.0320 0.5340 0.2490 0.5340 0.2490 0.9680 0.0320 0.9680 0.2490 0.9680 0.0320 0.9680 0.0320 0.5340 0.2490 0.5340 0.2490 0.9680 0.0320 0.9680 " />
								</IndexedTriangleSet>
							</Shape>
							<Shape>
								<Appearance>
									<Material DEF="MA_Face"
									          diffuseColor="0.800 0.800 0.800"
									          specularColor="0.401 0.401 0.401"
									          emissiveColor="0.000 0.000 0.000"
									          ambientIntensity="0.000"
									          shininess="0.500"
									          transparency="0.0"
									          />
								</Appearance>
								<IndexedTriangleSet solid="false"
								                    normalPerVertex="true"
								                    index="0 1 2 0 2 3 4 5 1 4 1 0 "
								                    >
									<Coordinate point="0.000000 -1.571155 0.262736 0.000000 -1.571155 2.101886 -1.395928 -1.571155 2.101886 -1.395928 -1.571155 0.262736 1.395928 -1.571155 0.262736 1.395928 -1.571155 2.101886 " />
									<Normal vector="0.000000 -1.000000 0.000000 0.000000 -1.000000 0.000000 0.000000 -1.000000 0.000000 0.000000 -1.000000 0.000000 0.000000 -1.000000 0.000000 0.000000 -1.000000 0.000000 " />
									<TextureCoordinate point="0.9840 0.4941 0.9840 0.9941 0.1019 0.9941 0.1019 0.4941 0.1019 0.4941 0.1019 0.9941 " />
								</IndexedTriangleSet>
							</Shape>
						</Group>
					</Transform>
					<Transform DEF="orl1_TRANSFORM"
					           translation="1.234630 0.343881 1.637664"
					           scale="1.000000 1.000000 1.000000"
					           rotation="0.000000 1.000000 0.000000 0.000000"
					           >
						<Transform DEF="orl1_ifs_TRANSFORM"
						           translation="0.000000 0.000000 0.000000"
						           scale="1.000000 1.000000 1.000000"
						           rotation="0.000000 1.000000 0.000000 0.000000"
						           >
							<Group DEF="group_ME_orl1">
								<Shape>
									<Appearance>
										<Material USE="MA_Body" />
									</Appearance>
									<IndexedTriangleSet solid="false"
									                    normalPerVertex="true"
									                    index="0 1 2 0 2 3 4 5 6 4 6 7 8 9 10 8 10 11 12 13 14 12 14 15 16 17 18 16 18 19 20 21 14 20 14 22 23 24 25 23 25 26 24 20 22 24 22 25 27 28 29 27 29 30 28 16 19 28 19 29 31 32 33 31 33 34 34 33 13 34 13 12 35 21 36 35 36 37 37 36 5 37 5 4 38 37 4 38 4 39 40 35 37 40 37 38 41 42 43 41 43 44 45 31 34 45 34 46 47 12 15 47 15 48 49 8 11 49 11 50 39 4 7 39 7 51 52 0 3 52 3 53 54 52 53 54 53 55 56 39 51 56 51 57 58 49 50 58 50 59 60 47 48 60 48 30 61 45 46 61 46 62 62 46 47 62 47 60 27 40 38 27 38 63 63 38 39 63 39 56 "
									                    >
										<Coordinate point="0.691287 -0.520792 2.374681 1.288749 -0.416484 3.051385 1.034846 0.513121 3.132265 0.437384 0.408813 2.455561 1.716385 0.862478 1.256401 2.313847 0.966787 1.933105 2.750557 1.121689 1.523656 2.153095 1.017381 0.846953 2.153095 1.017381 0.846953 2.750557 1.121689 1.523656 3.004460 0.192085 1.442776 2.406998 0.087776 0.766073 1.180227 -0.347363 1.916263 1.777689 -0.243055 2.592967 1.288749 -0.416484 3.051385 0.691287 -0.520792 2.374681 0.294194 0.614184 -0.354415 0.730904 0.769087 -0.763864 0.984807 -0.160518 -0.844744 0.548097 -0.315421 -0.435295 1.523786 0.686549 2.673847 1.034846 0.513121 3.132265 1.777689 -0.243055 2.592967 2.750557 1.121689 1.523656 2.313847 0.966787 1.933105 2.567750 0.037182 1.852225 3.004460 0.192085 1.442776 -0.984807 0.160518 0.844744 -0.495867 0.333947 0.386326 -0.241965 -0.595658 0.305446 -0.730904 -0.769087 0.763864 2.406998 0.087776 0.766073 3.004460 0.192085 1.442776 2.567750 0.037182 1.852225 1.970288 -0.067126 1.175521 0.437384 0.408813 2.455561 1.523786 0.686549 2.673847 0.926324 0.582241 1.997143 -0.425537 0.346225 0.465985 0.364524 0.626463 -0.274757 -0.914477 0.172797 0.924403 0.618427 -0.303142 -0.355637 1.970288 -0.067126 1.175521 1.180227 -0.347363 1.916263 -0.171634 -0.583379 0.385105 1.055138 -0.148239 -0.765086 0.618427 -0.303142 -0.355637 -0.171634 -0.583379 0.385105 -0.660574 -0.756808 0.843523 0.801235 0.781365 -0.684206 1.055138 -0.148239 -0.765086 0.801235 0.781365 -0.684206 -0.660574 -0.756808 0.843523 -0.914477 0.172797 0.924403 -0.730904 -0.769087 0.763864 -0.984807 0.160518 0.844744 0.294194 0.614184 -0.354415 0.730904 0.769087 -0.763864 0.730904 0.769087 -0.763864 0.984807 -0.160518 -0.844744 -0.241965 -0.595658 0.305446 0.984807 -0.160518 -0.844744 0.548097 -0.315421 -0.435295 -0.495867 0.333947 0.386326 " />
										<Normal vector="-0.313730 -0.856838 0.409070 0.123417 -0.633351 0.763939 -0.179724 0.476638 0.860500 -0.685018 0.502579 0.527329 -0.262551 0.961272 0.083621 0.279244 0.760888 0.585681 0.635731 0.765893 0.095920 0.313730 0.856838 -0.409070 0.313730 0.856838 -0.409070 0.635731 0.765893 0.095920 0.938932 -0.344066 -0.000641 0.685018 -0.502579 -0.527329 0.262551 -0.961272 -0.083621 0.650533 -0.598559 0.467422 0.123417 -0.633351 0.763939 -0.313730 -0.856838 0.409070 -0.650533 0.598559 -0.467422 -0.123417 0.633351 -0.763939 0.179724 -0.476638 -0.860500 -0.279244 -0.760888 -0.585681 0.279244 0.760888 0.585681 -0.179724 0.476638 0.860500 0.650533 -0.598559 0.467422 0.635731 0.765893 0.095920 0.279244 0.760888 0.585681 0.650533 -0.598559 0.467422 0.938932 -0.344066 -0.000641 -0.938932 0.344066 0.000641 -0.650533 0.598559 -0.467422 -0.279244 -0.760888 -0.585681 -0.635731 -0.765893 -0.095920 0.685018 -0.502579 -0.527329 0.938932 -0.344066 -0.000641 0.650533 -0.598559 0.467422 0.262551 -0.961272 -0.083621 -0.685018 0.502579 0.527329 0.279244 0.760888 0.585681 -0.262551 0.961272 0.083621 -0.262551 0.961272 0.083621 -0.262551 0.961272 0.083621 -0.685018 0.502579 0.527329 0.262551 -0.961272 -0.083621 0.262551 -0.961272 -0.083621 0.262551 -0.961272 -0.083621 0.262551 -0.961272 -0.083621 0.685018 -0.502579 -0.527329 0.262551 -0.961272 -0.083621 0.262551 -0.961272 -0.083621 -0.313730 -0.856838 0.409070 0.313730 0.856838 -0.409070 0.685018 -0.502579 -0.527329 0.313730 0.856838 -0.409070 -0.313730 -0.856838 0.409070 -0.685018 0.502579 0.527329 -0.635731 -0.765893 -0.095920 -0.938932 0.344066 0.000641 -0.650533 0.598559 -0.467422 -0.123417 0.633351 -0.763939 -0.123417 0.633351 -0.763939 0.179724 -0.476638 -0.860500 -0.279244 -0.760888 -0.585681 0.179724 -0.476638 -0.860500 -0.279244 -0.760888 -0.585681 -0.650533 0.598559 -0.467422 " />
										<TextureCoordinate point="0.2500 0.5225 0.4814 0.5225 0.4814 0.9853 0.2500 0.9853 0.2500 0.8310 0.4814 0.8310 0.4814 0.9853 0.2500 0.9853 0.2500 0.5225 0.4814 0.5225 0.4814 0.9853 0.2500 0.9853 0.2500 0.8310 0.4814 0.8310 0.4814 0.9853 0.2500 0.9853 0.3271 0.5225 0.4814 0.5225 0.4814 0.9853 0.3271 0.9853 0.3271 0.5225 0.4814 0.5225 0.3271 0.9853 0.0186 0.5225 0.1729 0.5225 0.1729 0.9853 0.0186 0.9853 0.0186 0.5225 0.1729 0.5225 0.1729 0.9853 0.0186 0.9853 0.2500 0.5225 0.4814 0.5225 0.4814 0.6768 0.2500 0.6768 0.2500 0.5225 0.4814 0.6768 0.2500 0.6768 0.1343 0.6768 0.1343 0.8310 0.1343 0.5225 0.5332 0.5340 0.9605 0.5340 0.9605 0.9660 0.5332 0.9660 0.1343 0.5225 0.1343 0.6768 0.1343 0.8310 0.1343 0.9853 0.1343 0.5225 0.1343 0.9853 0.1343 0.9853 0.1343 0.5225 0.1343 0.9853 0.0186 0.5225 0.0186 0.9853 0.0186 0.8310 0.0186 0.9853 0.0186 0.5225 0.0186 0.9853 0.0186 0.8310 0.0186 0.5225 0.0186 0.6768 0.0186 0.6768 " />
									</IndexedTriangleSet>
								</Shape>
							</Group>
						</Transform>
					</Transform>
					<Transform DEF="Cube_006_TRANSFORM"
					           translation="1.341580 -0.184562 1.547908"
					           scale="1.000000 1.000000 1.000000"
					           rotation="0.000000 1.000000 0.000000 0.000000"
					           >
						<Transform DEF="Cube_006_ifs_TRANSFORM"
						           translation="0.000000 0.000000 0.000000"
						           scale="1.000000 1.000000 1.000000"
						           rotation="0.000000 1.000000 0.000000 0.000000"
						           >
							<Group DEF="group_ME_Cube_024">
								<Shape>
									<Appearance>
										<Material USE="MA_Body" />
									</Appearance>
									<IndexedTriangleSet solid="false"
									                    normalPerVertex="true"
									                    index="0 1 2 0 2 3 4 5 6 4 6 7 8 9 10 8 10 11 12 13 14 12 14 15 4 16 17 4 17 15 18 5 14 18 14 19 "
									                    >
										<Coordinate point="-0.067358 -0.111612 0.175068 0.748644 0.024726 0.575949 0.719047 0.141851 0.596361 -0.096955 0.005514 0.195479 -0.096955 0.005514 0.195479 0.719047 0.141851 0.596361 0.883361 0.247949 0.225814 0.067358 0.111612 -0.175068 0.067358 0.111612 -0.175068 0.883361 0.247949 0.225814 0.912958 0.130823 0.205402 0.096955 -0.005514 -0.195479 0.096955 -0.005514 -0.195479 0.912958 0.130823 0.205402 0.748644 0.024726 0.575949 -0.067358 -0.111612 0.175068 0.067358 0.111612 -0.175068 0.096955 -0.005514 -0.195479 0.883361 0.247949 0.225814 0.912958 0.130823 0.205402 " />
										<Normal vector="-0.599384 -0.783746 0.162633 0.425520 -0.612476 0.666158 0.146580 0.491348 0.858516 -0.878323 0.320109 0.354991 -0.878323 0.320109 0.354991 0.146580 0.491348 0.858516 0.599384 0.783746 -0.162633 -0.425520 0.612476 -0.666158 -0.425520 0.612476 -0.666158 0.599384 0.783746 -0.162633 0.878323 -0.320109 -0.354991 -0.146580 -0.491348 -0.858516 -0.146580 -0.491348 -0.858516 0.878323 -0.320109 -0.354991 0.425520 -0.612476 0.666158 -0.599384 -0.783746 0.162633 -0.425520 0.612476 -0.666158 -0.146580 -0.491348 -0.858516 0.599384 0.783746 -0.162633 0.878323 -0.320109 -0.354991 " />
										<TextureCoordinate point="0.0186 0.5225 0.4814 0.5225 0.4814 0.9853 0.0186 0.9853 0.0186 0.5225 0.4814 0.5225 0.4814 0.9853 0.0186 0.9853 0.0186 0.5225 0.4814 0.5225 0.4814 0.9853 0.0186 0.9853 0.0186 0.5225 0.4814 0.5225 0.4814 0.9853 0.0186 0.9853 0.4814 0.5225 0.4814 0.9853 0.0186 0.5225 0.0186 0.9853 " />
									</IndexedTriangleSet>
								</Shape>
							</Group>
						</Transform>
					</Transform>
					<Transform DEF="Cube_007_TRANSFORM"
					           translation="1.352930 -0.292838 2.114449"
					           scale="1.000000 1.000000 1.000000"
					           rotation="0.000000 1.000000 0.000000 0.000000"
					           >
						<Transform DEF="Cube_007_ifs_TRANSFORM"
						           translation="0.000000 0.000000 0.000000"
						           scale="1.000000 1.000000 1.000000"
						           rotation="0.000000 1.000000 0.000000 0.000000"
						           >
							<Group DEF="group_ME_Cube_025">
								<Shape>
									<Appearance>
										<Material USE="MA_Body" />
									</Appearance>
									<IndexedTriangleSet solid="false"
									                    normalPerVertex="true"
									                    index="0 1 2 0 2 3 4 5 6 4 6 7 8 9 10 8 10 11 12 13 14 12 14 15 4 16 17 4 17 15 18 5 14 18 14 19 "
									                    >
										<Coordinate point="-0.188092 -0.159753 0.197531 0.512440 -0.082070 0.927417 0.472213 0.083360 0.948418 -0.228319 0.005677 0.218533 -0.228319 0.005677 0.218533 0.472213 0.083360 0.948418 0.888625 0.237437 0.532355 0.188092 0.159753 -0.197531 0.188092 0.159753 -0.197531 0.888625 0.237437 0.532355 0.928851 0.072007 0.511353 0.228319 -0.005677 -0.218533 0.228319 -0.005677 -0.218533 0.928851 0.072007 0.511353 0.512440 -0.082070 0.927417 -0.188092 -0.159753 0.197531 0.188092 0.159753 -0.197531 0.228319 -0.005677 -0.218533 0.888625 0.237437 0.532355 0.928851 0.072007 0.511353 " />
										<Normal vector="-0.658315 -0.747154 -0.091220 0.138890 -0.658773 0.739402 -0.131870 0.454787 0.880764 -0.929106 0.366375 0.050142 -0.929106 0.366375 0.050142 -0.131870 0.454787 0.880764 0.658315 0.747154 0.091220 -0.138890 0.658773 -0.739402 -0.138890 0.658773 -0.739402 0.658315 0.747154 0.091220 0.929106 -0.366375 -0.050142 0.131870 -0.454787 -0.880764 0.131870 -0.454787 -0.880764 0.929106 -0.366375 -0.050142 0.138890 -0.658773 0.739402 -0.658315 -0.747154 -0.091220 -0.138890 0.658773 -0.739402 0.131870 -0.454787 -0.880764 0.658315 0.747154 0.091220 0.929106 -0.366375 -0.050142 " />
										<TextureCoordinate point="0.0186 0.5225 0.4814 0.5225 0.4814 0.9853 0.0186 0.9853 0.0186 0.5225 0.4814 0.5225 0.4814 0.9853 0.0186 0.9853 0.0186 0.5225 0.4814 0.5225 0.4814 0.9853 0.0186 0.9853 0.0186 0.5225 0.4814 0.5225 0.4814 0.9853 0.0186 0.9853 0.4814 0.5225 0.4814 0.9853 0.0186 0.5225 0.0186 0.9853 " />
									</IndexedTriangleSet>
								</Shape>
							</Group>
						</Transform>
					</Transform>
					<Transform DEF="Cube_008_TRANSFORM"
					           translation="1.516240 -0.036413 1.437045"
					           scale="1.000000 1.000000 1.000000"
					           rotation="0.000000 1.000000 0.000000 0.000000"
					           >
						<Transform DEF="Cube_008_ifs_TRANSFORM"
						           translation="0.000000 0.000000 0.000000"
						           scale="1.000000 1.000000 1.000000"
						           rotation="0.000000 1.000000 0.000000 0.000000"
						           >
							<Group DEF="group_ME_Cube_026">
								<Shape>
									<Appearance>
										<Material USE="MA_Body" />
									</Appearance>
									<IndexedTriangleSet solid="false"
									                    normalPerVertex="true"
									                    index="0 1 2 0 2 3 4 5 6 4 6 7 8 9 10 8 10 11 12 13 14 12 14 15 4 16 17 4 17 15 18 5 14 18 14 19 "
									                    >
										<Coordinate point="0.012898 -0.042550 0.129397 0.544793 0.038100 0.102901 0.531548 0.125413 0.102796 -0.000347 0.044764 0.129293 -0.000347 0.044764 0.129293 0.531548 0.125413 0.102796 0.518997 0.123199 -0.155894 -0.012898 0.042550 -0.129397 -0.012898 0.042550 -0.129397 0.518997 0.123199 -0.155894 0.532242 0.035886 -0.155789 0.000347 -0.044764 -0.129293 0.000347 -0.044764 -0.129293 0.532242 0.035886 -0.155789 0.544793 0.038100 0.102901 0.012898 -0.042550 0.129397 -0.012898 0.042550 -0.129397 0.000347 -0.044764 -0.129293 0.518997 0.123199 -0.155894 0.532242 0.035886 -0.155789 " />
										<Normal vector="-0.455550 -0.652303 0.605731 0.684683 -0.479415 0.548906 0.511521 0.662191 0.547563 -0.628742 0.489303 0.604358 -0.628742 0.489303 0.604358 0.511521 0.662191 0.547563 0.455550 0.652303 -0.605731 -0.684683 0.479415 -0.548906 -0.684683 0.479415 -0.548906 0.455550 0.652303 -0.605731 0.628742 -0.489303 -0.604358 -0.511521 -0.662191 -0.547563 -0.511521 -0.662191 -0.547563 0.628742 -0.489303 -0.604358 0.684683 -0.479415 0.548906 -0.455550 -0.652303 0.605731 -0.684683 0.479415 -0.548906 -0.511521 -0.662191 -0.547563 0.455550 0.652303 -0.605731 0.628742 -0.489303 -0.604358 " />
										<TextureCoordinate point="0.0186 0.5225 0.4814 0.5225 0.4814 0.9853 0.0186 0.9853 0.0186 0.5225 0.4814 0.5225 0.4814 0.9853 0.0186 0.9853 0.0186 0.5225 0.4814 0.5225 0.4814 0.9853 0.0186 0.9853 0.0186 0.5225 0.4814 0.5225 0.4814 0.9853 0.0186 0.9853 0.4814 0.5225 0.4814 0.9853 0.0186 0.5225 0.0186 0.9853 " />
									</IndexedTriangleSet>
								</Shape>
							</Group>
						</Transform>
					</Transform>
					<Transform DEF="h1_TRANSFORM"
					           translation="0.302799 -0.336839 2.294932"
					           scale="1.000000 1.000000 1.000000"
					           rotation="0.000000 1.000000 0.000000 0.000000"
					           >
						<Transform DEF="h1_ifs_TRANSFORM"
						           translation="0.000000 0.000000 0.000000"
						           scale="1.000000 1.000000 1.000000"
						           rotation="0.000000 1.000000 0.000000 0.000000"
						           >
							<Group DEF="group_ME_h1">
								<Shape>
									<Appearance>
										<Material USE="MA_Body" />
									</Appearance>
									<IndexedTriangleSet solid="false"
									                    normalPerVertex="true"
									                    index="0 1 2 0 2 3 4 5 6 4 6 7 8 9 10 8 10 11 12 13 14 12 14 15 4 16 17 4 17 15 18 5 14 18 14 19 "
									                    >
										<Coordinate point="-0.464261 -0.637306 0.484607 -0.196338 -0.104285 1.442257 -0.196338 1.280717 0.671375 -0.464261 0.747696 -0.286275 -0.464261 0.747696 -0.286275 -0.196338 1.280717 0.671375 0.732185 1.170327 0.473043 0.464261 0.637306 -0.484607 0.464261 0.637306 -0.484607 0.732185 1.170327 0.473043 0.732185 -0.214675 1.243925 0.464261 -0.747696 0.286275 0.464261 -0.747696 0.286275 0.732185 -0.214675 1.243925 -0.196338 -0.104285 1.442257 -0.464261 -0.637306 0.484607 0.464261 0.637306 -0.484607 0.464261 -0.747696 0.286275 0.732185 1.170327 0.473043 0.732185 -0.214675 1.243925 " />
										<Normal vector="-0.697928 -0.710532 -0.089450 -0.423719 -0.165014 0.890622 -0.423719 0.843898 0.329051 -0.697928 0.298379 -0.651021 -0.697928 0.298379 -0.651021 -0.423719 0.843898 0.329051 0.697928 0.710532 0.089450 0.423719 0.165014 -0.890622 0.423719 0.165014 -0.890622 0.697928 0.710532 0.089450 0.697928 -0.298379 0.651021 0.423719 -0.843898 -0.329051 0.423719 -0.843898 -0.329051 0.697928 -0.298379 0.651021 -0.423719 -0.165014 0.890622 -0.697928 -0.710532 -0.089450 0.423719 0.165014 -0.890622 0.423719 -0.843898 -0.329051 0.697928 0.710532 0.089450 0.697928 -0.298379 0.651021 " />
										<TextureCoordinate point="0.0256 0.0225 0.9666 0.0225 0.9666 0.4853 0.0256 0.4853 0.0256 0.0225 0.9666 0.0225 0.9666 0.4853 0.0256 0.4853 0.0256 0.0225 0.9666 0.0225 0.9666 0.4853 0.0256 0.4853 0.0256 0.0225 0.9666 0.0225 0.9666 0.4853 0.0256 0.4853 0.9666 0.0225 0.9666 0.4853 0.0256 0.0225 0.0256 0.4853 " />
									</IndexedTriangleSet>
								</Shape>
							</Group>
						</Transform>
						<Transform DEF="h1_1_TRANSFORM"
						           translation="0.172085 0.434444 0.777760"
						           scale="1.000000 1.000000 1.000000"
						           rotation="0.000000 1.000000 0.000000 0.000000"
						           >
							<Transform DEF="h1_1_ifs_TRANSFORM"
							           translation="0.000000 0.000000 0.000000"
							           scale="1.000000 1.000000 1.000000"
							           rotation="0.000000 1.000000 0.000000 0.000000"
							           >
								<Group DEF="group_ME_h1_1">
									<Shape>
										<Appearance>
											<Material USE="MA_Body" />
										</Appearance>
										<IndexedTriangleSet solid="false"
										                    normalPerVertex="true"
										                    index="0 1 2 0 2 3 4 5 6 4 6 7 8 9 10 8 10 11 12 13 14 12 14 15 4 16 17 4 17 15 18 5 14 18 14 19 "
										                    >
											<Coordinate point="-0.525003 -0.512451 0.745751 -0.082664 0.244394 1.577229 -0.169238 1.520711 0.461529 -0.611577 0.763866 -0.369949 -0.611577 0.763866 -0.369949 -0.169238 1.520711 0.461529 0.967342 1.269297 0.085726 0.525003 0.512451 -0.745751 0.525003 0.512451 -0.745751 0.967342 1.269297 0.085726 1.053916 -0.007020 1.201426 0.611577 -0.763866 0.369949 0.611577 -0.763866 0.369949 1.053916 -0.007020 1.201426 -0.082664 0.244394 1.577229 -0.525003 -0.512451 0.745751 0.525003 0.512451 -0.745751 0.611577 -0.763866 0.369949 0.967342 1.269297 0.085726 1.053916 -0.007020 1.201426 " />
											<Normal vector="-0.718375 -0.677084 0.159520 -0.295633 0.046205 0.954161 -0.354534 0.914426 0.195196 -0.777276 0.191107 -0.599414 -0.777276 0.191107 -0.599414 -0.354534 0.914426 0.195196 0.718375 0.677084 -0.159520 0.295633 -0.046205 -0.954161 0.295633 -0.046205 -0.954161 0.718375 0.677084 -0.159520 0.777276 -0.191107 0.599414 0.354534 -0.914426 -0.195196 0.354534 -0.914426 -0.195196 0.777276 -0.191107 0.599414 -0.295633 0.046205 0.954161 -0.718375 -0.677084 0.159520 0.295633 -0.046205 -0.954161 0.354534 -0.914426 -0.195196 0.718375 0.677084 -0.159520 0.777276 -0.191107 0.599414 " />
											<TextureCoordinate point="0.0256 0.0225 0.9666 0.0225 0.9666 0.4853 0.0256 0.4853 0.0256 0.0225 0.9666 0.0225 0.9666 0.4853 0.0256 0.4853 0.0256 0.0225 0.9666 0.0225 0.9666 0.4853 0.0256 0.4853 0.0256 0.0225 0.9666 0.0225 0.9666 0.4853 0.0256 0.4853 0.9666 0.0225 0.9666 0.4853 0.0256 0.0225 0.0256 0.4853 " />
										</IndexedTriangleSet>
									</Shape>
								</Group>
							</Transform>
							<Transform DEF="h1_2_TRANSFORM"
							           translation="0.243376 0.401453 0.679590"
							           scale="1.000000 1.000000 1.000000"
							           rotation="0.000000 1.000000 0.000000 0.000000"
							           >
								<Transform DEF="h1_2_ifs_TRANSFORM"
								           translation="0.000000 0.000000 0.000000"
								           scale="1.000000 1.000000 1.000000"
								           rotation="0.000000 1.000000 0.000000 0.000000"
								           >
									<Group DEF="group_ME_h1_2">
										<Shape>
											<Appearance>
												<Material USE="MA_Body" />
											</Appearance>
											<IndexedTriangleSet solid="false"
											                    normalPerVertex="true"
											                    index="0 1 2 0 2 3 4 5 6 4 6 7 8 9 10 8 10 11 12 13 14 12 14 15 4 16 17 4 17 15 18 5 14 18 14 19 "
											                    >
												<Coordinate point="-0.423142 -0.098643 1.145769 0.322467 1.245192 1.536824 -0.226271 1.991163 0.019598 -0.971880 0.647329 -0.371457 -0.971880 0.647329 -0.371457 -0.226271 1.991163 0.019598 1.168751 1.442478 -0.754713 0.423142 0.098643 -1.145769 0.423142 0.098643 -1.145769 1.168751 1.442478 -0.754713 1.717489 0.696506 0.762512 0.971880 -0.647329 0.371457 0.971880 -0.647329 0.371457 1.717489 0.696506 0.762512 0.322467 1.245192 1.536824 -0.423142 -0.098643 1.145769 0.423142 0.098643 -1.145769 0.971880 -0.647329 0.371457 1.168751 1.442478 -0.754713 1.717489 0.696506 0.762512 " />
												<Normal vector="-0.570574 -0.543779 0.615375 -0.027650 0.434706 0.900113 -0.384136 0.919309 -0.085452 -0.927030 -0.059175 -0.370190 -0.927030 -0.059175 -0.370190 -0.384136 0.919309 -0.085452 0.570574 0.543779 -0.615375 0.027650 -0.434706 -0.900113 0.027650 -0.434706 -0.900113 0.570574 0.543779 -0.615375 0.927030 0.059175 0.370190 0.384136 -0.919309 0.085452 0.384136 -0.919309 0.085452 0.927030 0.059175 0.370190 -0.027650 0.434706 0.900113 -0.570574 -0.543779 0.615375 0.027650 -0.434706 -0.900113 0.384136 -0.919309 0.085452 0.570574 0.543779 -0.615375 0.927030 0.059175 0.370190 " />
												<TextureCoordinate point="0.0256 0.0225 0.9666 0.0225 0.9666 0.4853 0.0256 0.4853 0.0256 0.0225 0.9666 0.0225 0.9666 0.4853 0.0256 0.4853 0.0256 0.0225 0.9666 0.0225 0.9666 0.4853 0.0256 0.4853 0.0256 0.0225 0.9666 0.0225 0.9666 0.4853 0.0256 0.4853 0.9666 0.0225 0.9666 0.4853 0.0256 0.0225 0.0256 0.4853 " />
											</IndexedTriangleSet>
										</Shape>
									</Group>
								</Transform>
								<Transform DEF="h1_3_TRANSFORM"
								           translation="0.728137 1.147969 0.312036"
								           scale="1.000000 1.000000 1.000000"
								           rotation="0.000000 1.000000 0.000000 0.000000"
								           >
									<Transform DEF="h1_3_ifs_TRANSFORM"
									           translation="0.000000 0.000000 0.000000"
									           scale="1.000000 1.000000 1.000000"
									           rotation="0.000000 1.000000 0.000000 0.000000"
									           >
										<Group DEF="group_ME_h1_3">
											<Shape>
												<Appearance>
													<Material USE="MA_Body" />
												</Appearance>
												<IndexedTriangleSet solid="false"
												                    normalPerVertex="true"
												                    index="0 1 2 0 2 3 4 5 6 4 6 7 8 9 10 8 10 11 12 13 14 12 14 15 4 16 17 4 17 15 18 5 14 18 14 19 "
												                    >
													<Coordinate point="-0.465703 0.052454 1.316952 0.362599 2.291390 1.520681 -0.415664 2.735536 -0.196186 -1.243966 0.496599 -0.399915 -1.243966 0.496599 -0.399915 -0.415664 2.735536 -0.196186 1.294005 2.186482 -1.113224 0.465703 -0.052454 -1.316952 0.465703 -0.052454 -1.316952 1.294005 2.186482 -1.113224 2.072268 1.742337 0.603644 1.243966 -0.496599 0.399915 1.243966 -0.496599 0.399915 2.072268 1.742337 0.603644 0.362599 2.291390 1.520681 -0.465703 0.052454 1.316952 0.465703 -0.052454 -1.316952 1.243966 -0.496599 0.399915 1.294005 2.186482 -1.113224 2.072268 1.742337 0.603644 " />
													<Normal vector="-0.457137 -0.514695 0.725303 -0.057924 0.564318 0.823511 -0.521958 0.829127 -0.200140 -0.921140 -0.249886 -0.298318 -0.921140 -0.249886 -0.298318 -0.521958 0.829127 -0.200140 0.457137 0.514695 -0.725303 0.057924 -0.564318 -0.823511 0.057924 -0.564318 -0.823511 0.457137 0.514695 -0.725303 0.921140 0.249886 0.298318 0.521958 -0.829127 0.200140 0.521958 -0.829127 0.200140 0.921140 0.249886 0.298318 -0.057924 0.564318 0.823511 -0.457137 -0.514695 0.725303 0.057924 -0.564318 -0.823511 0.521958 -0.829127 0.200140 0.457137 0.514695 -0.725303 0.921140 0.249886 0.298318 " />
													<TextureCoordinate point="0.0256 0.0225 0.9666 0.0225 0.9666 0.4853 0.0256 0.4853 0.0256 0.0225 0.9666 0.0225 0.9666 0.4853 0.0256 0.4853 0.0256 0.0225 0.9666 0.0225 0.9666 0.4853 0.0256 0.4853 0.0256 0.0225 0.9666 0.0225 0.9666 0.4853 0.0256 0.4853 0.9666 0.0225 0.9666 0.4853 0.0256 0.0225 0.0256 0.4853 " />
												</IndexedTriangleSet>
											</Shape>
										</Group>
									</Transform>
									<Transform DEF="h1_4_TRANSFORM"
									           translation="0.735110 1.747811 0.193359"
									           scale="1.000000 1.000000 1.000000"
									           rotation="0.000000 1.000000 0.000000 0.000000"
									           >
										<Transform DEF="h1_4_ifs_TRANSFORM"
										           translation="0.000000 0.000000 0.000000"
										           scale="1.000000 1.000000 1.000000"
										           rotation="0.000000 1.000000 0.000000 0.000000"
										           >
											<Group DEF="group_ME_h1_4">
												<Shape>
													<Appearance>
														<Material USE="MA_Body" />
													</Appearance>
													<IndexedTriangleSet solid="false"
													                    normalPerVertex="true"
													                    index="0 1 2 0 2 3 4 5 6 4 6 7 8 9 10 8 10 11 12 13 14 12 14 15 4 16 17 4 17 15 18 5 14 18 14 19 "
													                    >
														<Coordinate point="-0.479262 0.060907 1.110969 -0.359212 2.285893 1.040777 -1.061543 2.280488 -0.331749 -1.181593 0.055502 -0.261557 -1.181593 0.055502 -0.261557 -1.061543 2.280488 -0.331749 0.599312 2.164080 -1.181161 0.479262 -0.060907 -1.110969 0.479262 -0.060907 -1.110969 0.599312 2.164080 -1.181161 1.301643 2.169484 0.191365 1.181593 -0.055502 0.261557 1.181593 -0.055502 0.261557 1.301643 2.169484 0.191365 -0.359212 2.285893 1.040777 -0.479262 0.060907 1.110969 0.479262 -0.060907 -1.110969 1.181593 -0.055502 0.261557 0.599312 2.164080 -1.181161 1.301643 2.169484 0.191365 " />
														<Normal vector="-0.281106 -0.538224 0.794519 -0.218909 0.614185 0.758141 -0.744926 0.610157 -0.269753 -0.807092 -0.542283 -0.233406 -0.807092 -0.542283 -0.233406 -0.744926 0.610157 -0.269753 0.281106 0.538224 -0.794519 0.218909 -0.614185 -0.758141 0.218909 -0.614185 -0.758141 0.281106 0.538224 -0.794519 0.807092 0.542283 0.233406 0.744926 -0.610157 0.269753 0.744926 -0.610157 0.269753 0.807092 0.542283 0.233406 -0.218909 0.614185 0.758141 -0.281106 -0.538224 0.794519 0.218909 -0.614185 -0.758141 0.744926 -0.610157 0.269753 0.281106 0.538224 -0.794519 0.807092 0.542283 0.233406 " />
														<TextureCoordinate point="0.0256 0.0225 0.9666 0.0225 0.9666 0.4853 0.0256 0.4853 0.0256 0.0225 0.9666 0.0225 0.9666 0.4853 0.0256 0.4853 0.0256 0.0225 0.9666 0.0225 0.9666 0.4853 0.0256 0.4853 0.0256 0.0225 0.9666 0.0225 0.9666 0.4853 0.0256 0.4853 0.9666 0.0225 0.9666 0.4853 0.0256 0.0225 0.0256 0.4853 " />
													</IndexedTriangleSet>
												</Shape>
											</Group>
										</Transform>
										<Transform DEF="h1_5_TRANSFORM"
										           translation="0.111316 2.063120 -0.065084"
										           scale="1.000000 1.000000 1.000000"
										           rotation="0.000000 1.000000 0.000000 0.000000"
										           >
											<Transform DEF="h1_5_ifs_TRANSFORM"
											           translation="0.000000 0.000000 0.000000"
											           scale="1.000000 1.000000 1.000000"
											           rotation="0.000000 1.000000 0.000000 0.000000"
											           >
												<Group DEF="group_ME_h1_5">
													<Shape>
														<Appearance>
															<Material USE="MA_Body" />
														</Appearance>
														<IndexedTriangleSet solid="false"
														                    normalPerVertex="true"
														                    index="0 1 2 0 2 3 4 5 6 4 6 7 8 9 10 8 10 11 12 13 14 12 14 15 4 16 17 4 17 15 18 5 14 18 14 19 "
														                    >
															<Coordinate point="-0.615345 -0.017985 0.806043 -0.653854 1.852580 0.818383 -1.009511 1.852505 -0.280079 -0.971001 -0.018061 -0.292419 -0.971001 -0.018061 -0.292419 -1.009511 1.852505 -0.280079 0.576835 1.888551 -0.793704 0.615345 0.017985 -0.806043 0.615345 0.017985 -0.806043 0.576835 1.888551 -0.793704 0.932491 1.888627 0.304758 0.971001 0.018061 0.292419 0.971001 0.018061 0.292419 0.932491 1.888627 0.304758 -0.653854 1.852580 0.818383 -0.615345 -0.017985 0.806043 0.615345 0.017985 -0.806043 0.971001 0.018061 0.292419 0.576835 1.888551 -0.793704 0.932491 1.888627 0.304758 " />
															<Normal vector="-0.359416 -0.589648 0.723258 -0.383160 0.564745 0.730857 -0.738853 0.564684 -0.367656 -0.715079 -0.589709 -0.375256 -0.715079 -0.589709 -0.375256 -0.738853 0.564684 -0.367656 0.359416 0.589648 -0.723258 0.383160 -0.564745 -0.730857 0.383160 -0.564745 -0.730857 0.359416 0.589648 -0.723258 0.715079 0.589709 0.375256 0.738853 -0.564684 0.367656 0.738853 -0.564684 0.367656 0.715079 0.589709 0.375256 -0.383160 0.564745 0.730857 -0.359416 -0.589648 0.723258 0.383160 -0.564745 -0.730857 0.738853 -0.564684 0.367656 0.359416 0.589648 -0.723258 0.715079 0.589709 0.375256 " />
															<TextureCoordinate point="0.0256 0.0225 0.9666 0.0225 0.9666 0.4853 0.0256 0.4853 0.0256 0.0225 0.9666 0.0225 0.9666 0.4853 0.0256 0.4853 0.0256 0.0225 0.9666 0.0225 0.9666 0.4853 0.0256 0.4853 0.0256 0.0225 0.9666 0.0225 0.9666 0.4853 0.0256 0.4853 0.9666 0.0225 0.9666 0.4853 0.0256 0.0225 0.0256 0.4853 " />
														</IndexedTriangleSet>
													</Shape>
												</Group>
											</Transform>
											<Transform DEF="h1_6_TRANSFORM"
											           translation="-0.035513 1.724993 0.011379"
											           scale="1.000000 1.000000 1.000000"
											           rotation="0.000000 1.000000 0.000000 0.000000"
											           >
												<Transform DEF="h1_6_ifs_TRANSFORM"
												           translation="0.000000 0.000000 0.000000"
												           scale="1.000000 1.000000 1.000000"
												           rotation="0.000000 1.000000 0.000000 0.000000"
												           >
													<Group DEF="group_ME_h1_6">
														<Shape>
															<Appearance>
																<Material USE="MA_Body" />
															</Appearance>
															<IndexedTriangleSet solid="false"
															                    normalPerVertex="true"
															                    index="0 1 2 0 2 3 4 5 6 4 6 7 8 9 10 8 10 11 12 13 14 12 14 15 4 16 17 4 17 15 18 5 14 18 14 19 "
															                    >
																<Coordinate point="-0.738248 -0.018315 0.472442 -0.771777 1.610358 0.483187 -0.851360 1.613917 -0.304663 -0.817830 -0.014756 -0.315408 -0.817830 -0.014756 -0.315408 -0.851360 1.613917 -0.304663 0.704718 1.646988 -0.461698 0.738248 0.018315 -0.472442 0.738248 0.018315 -0.472442 0.704718 1.646988 -0.461698 0.784301 1.643429 0.326152 0.817830 0.014756 0.315408 0.817830 0.014756 0.315408 0.784301 1.643429 0.326152 -0.771777 1.610358 0.483187 -0.738248 -0.018315 0.472442 0.738248 0.018315 -0.472442 0.817830 0.014756 0.315408 0.704718 1.646988 -0.461698 0.784301 1.643429 0.326152 " />
																<Normal vector="-0.504379 -0.591998 0.628559 -0.528153 0.562395 0.636158 -0.644185 0.567583 -0.512650 -0.620441 -0.586810 -0.520249 -0.620441 -0.586810 -0.520249 -0.644185 0.567583 -0.512650 0.504379 0.591998 -0.628559 0.528153 -0.562395 -0.636158 0.528153 -0.562395 -0.636158 0.504379 0.591998 -0.628559 0.620441 0.586810 0.520249 0.644185 -0.567583 0.512650 0.644185 -0.567583 0.512650 0.620441 0.586810 0.520249 -0.528153 0.562395 0.636158 -0.504379 -0.591998 0.628559 0.528153 -0.562395 -0.636158 0.644185 -0.567583 0.512650 0.504379 0.591998 -0.628559 0.620441 0.586810 0.520249 " />
																<TextureCoordinate point="0.0256 0.0225 0.9666 0.0225 0.9666 0.4853 0.0256 0.4853 0.0256 0.0225 0.9666 0.0225 0.9666 0.4853 0.0256 0.4853 0.0256 0.0225 0.9666 0.0225 0.9666 0.4853 0.0256 0.4853 0.0256 0.0225 0.9666 0.0225 0.9666 0.4853 0.0256 0.4853 0.9666 0.0225 0.9666 0.4853 0.0256 0.0225 0.0256 0.4853 " />
															</IndexedTriangleSet>
														</Shape>
													</Group>
												</Transform>
												<Transform DEF="h1_7_TRANSFORM"
												           translation="-0.021355 1.453107 0.008721"
												           scale="1.000000 1.000000 1.000000"
												           rotation="0.000000 1.000000 0.000000 0.000000"
												           >
													<Transform DEF="h1_7_ifs_TRANSFORM"
													           translation="0.000000 0.000000 0.000000"
													           scale="1.000000 1.000000 1.000000"
													           rotation="0.000000 1.000000 0.000000 0.000000"
													           >
														<Group DEF="group_ME_h1_7">
															<Shape>
																<Appearance>
																	<Material USE="MA_Body" />
																</Appearance>
																<IndexedTriangleSet solid="false"
																                    normalPerVertex="true"
																                    index="0 1 2 0 2 3 4 5 6 4 6 7 8 9 10 8 10 11 12 13 14 12 14 15 4 16 17 4 17 15 18 5 14 18 14 19 "
																                    >
																	<Coordinate point="-0.635789 0.013455 0.311834 -0.596868 1.760852 0.315796 -0.646373 1.763065 -0.174294 -0.685295 0.015669 -0.178256 -0.685295 0.015669 -0.178256 -0.646373 1.763065 -0.174294 0.674711 1.733942 -0.307872 0.635789 -0.013455 -0.311834 0.635789 -0.013455 -0.311834 0.674711 1.733942 -0.307872 0.724216 1.731728 0.182218 0.685295 -0.015669 0.178256 0.685295 -0.015669 0.178256 0.724216 1.731728 0.182218 -0.596868 1.760852 0.315796 -0.635789 0.013455 0.311834 0.635789 -0.013455 -0.311834 0.685295 -0.015669 0.178256 0.674711 1.733942 -0.307872 0.724216 1.731728 0.182218 " />
																	<Normal vector="-0.529099 -0.567125 0.631153 -0.503372 0.587268 0.633778 -0.619434 0.592456 -0.515030 -0.645161 -0.561937 -0.517655 -0.645161 -0.561937 -0.517655 -0.619434 0.592456 -0.515030 0.529099 0.567125 -0.631153 0.503372 -0.587268 -0.633778 0.503372 -0.587268 -0.633778 0.529099 0.567125 -0.631153 0.645161 0.561937 0.517655 0.619434 -0.592456 0.515030 0.619434 -0.592456 0.515030 0.645161 0.561937 0.517655 -0.503372 0.587268 0.633778 -0.529099 -0.567125 0.631153 0.503372 -0.587268 -0.633778 0.619434 -0.592456 0.515030 0.529099 0.567125 -0.631153 0.645161 0.561937 0.517655 " />
																	<TextureCoordinate point="0.0256 0.0225 0.9666 0.0225 0.9666 0.4853 0.0256 0.4853 0.0256 0.0225 0.9666 0.0225 0.9666 0.4853 0.0256 0.4853 0.0256 0.0225 0.9666 0.0225 0.9666 0.4853 0.0256 0.4853 0.0256 0.0225 0.9666 0.0225 0.9666 0.4853 0.0256 0.4853 0.9666 0.0225 0.9666 0.4853 0.0256 0.0225 0.0256 0.4853 " />
																</IndexedTriangleSet>
															</Shape>
														</Group>
													</Transform>
													<Transform DEF="h1_8_TRANSFORM"
													           translation="0.035484 1.636450 -0.005845"
													           scale="1.000000 1.000000 1.000000"
													           rotation="0.000000 1.000000 0.000000 0.000000"
													           >
														<Transform DEF="h1_8_ifs_TRANSFORM"
														           translation="0.000000 0.000000 0.000000"
														           scale="1.000000 1.000000 1.000000"
														           rotation="0.000000 1.000000 0.000000 0.000000"
														           >
															<Group DEF="group_ME_h1_8">
																<Shape>
																	<Appearance>
																		<Material USE="MA_Body" />
																	</Appearance>
																	<IndexedTriangleSet solid="false"
																	                    normalPerVertex="true"
																	                    index="0 1 2 0 2 3 4 5 6 4 6 7 8 9 10 8 10 11 12 13 14 12 14 15 4 16 17 4 17 15 18 5 14 18 14 19 "
																	                    >
																		<Coordinate point="-0.519986 -0.000002 0.247115 -0.516370 1.767551 0.254735 -0.555285 1.769291 -0.130507 -0.558900 0.001739 -0.138126 -0.558900 0.001739 -0.138126 -0.555285 1.769291 -0.130507 0.523602 1.767554 -0.239496 0.519986 0.000002 -0.247115 0.519986 0.000002 -0.247115 0.523602 1.767554 -0.239496 0.562516 1.765814 0.145745 0.558900 -0.001739 0.138126 0.558900 -0.001739 0.138126 0.562516 1.765814 0.145745 -0.516370 1.767551 0.254735 -0.519986 -0.000002 0.247115 0.519986 0.000002 -0.247115 0.558900 -0.001739 0.138126 0.523602 1.767554 -0.239496 0.562516 1.765814 0.145745 " />
																		<Normal vector="-0.517563 -0.578997 0.629933 -0.515213 0.575671 0.634938 -0.631245 0.580859 -0.513901 -0.633625 -0.573809 -0.518876 -0.633625 -0.573809 -0.518876 -0.631245 0.580859 -0.513901 0.517563 0.578997 -0.629933 0.515213 -0.575671 -0.634938 0.515213 -0.575671 -0.634938 0.517563 0.578997 -0.629933 0.633625 0.573809 0.518876 0.631245 -0.580859 0.513901 0.631245 -0.580859 0.513901 0.633625 0.573809 0.518876 -0.515213 0.575671 0.634938 -0.517563 -0.578997 0.629933 0.515213 -0.575671 -0.634938 0.631245 -0.580859 0.513901 0.517563 0.578997 -0.629933 0.633625 0.573809 0.518876 " />
																		<TextureCoordinate point="0.0256 0.0225 0.9666 0.0225 0.9666 0.4853 0.0256 0.4853 0.0256 0.0225 0.9666 0.0225 0.9666 0.4853 0.0256 0.4853 0.0256 0.0225 0.9666 0.0225 0.9666 0.4853 0.0256 0.4853 0.0256 0.0225 0.9666 0.0225 0.9666 0.4853 0.0256 0.4853 0.9666 0.0225 0.9666 0.4853 0.0256 0.0225 0.0256 0.4853 " />
																	</IndexedTriangleSet>
																</Shape>
															</Group>
														</Transform>
														<Transform DEF="h1_9_TRANSFORM"
														           translation="-0.047724 1.680810 -0.027994"
														           scale="1.000000 1.000000 1.000000"
														           rotation="0.000000 1.000000 0.000000 0.000000"
														           >
															<Transform DEF="h1_9_ifs_TRANSFORM"
															           translation="0.000000 0.000000 0.000000"
															           scale="1.000000 1.000000 1.000000"
															           rotation="0.000000 1.000000 0.000000 0.000000"
															           >
																<Group DEF="group_ME_h1_9">
																	<Shape>
																		<Appearance>
																			<Material USE="MA_Body" />
																		</Appearance>
																		<IndexedTriangleSet solid="false"
																		                    normalPerVertex="true"
																		                    index="0 1 2 0 2 3 4 5 6 4 6 7 8 9 10 8 10 11 12 13 14 12 14 15 4 16 17 4 17 15 18 5 14 18 14 19 "
																		                    >
																			<Coordinate point="-0.405997 -0.013887 0.169132 -0.393270 0.959417 0.279600 -0.418848 0.988540 0.025946 -0.431574 0.015236 -0.084521 -0.431574 0.015236 -0.084521 -0.418848 0.988540 0.025946 0.418724 0.987192 -0.058665 0.405997 0.013887 -0.169132 0.405997 0.013887 -0.169132 0.418724 0.987192 -0.058665 0.444301 0.958068 0.194988 0.431574 -0.015236 0.084521 0.431574 -0.015236 0.084521 0.444301 0.958068 0.194988 -0.393270 0.959417 0.279600 -0.405997 -0.013887 0.169132 0.405997 0.013887 -0.169132 0.431574 -0.015236 0.084521 0.418724 0.987192 -0.058665 0.444301 0.958068 0.194988 " />
																			<Normal vector="-0.524369 -0.638203 0.563646 -0.509354 0.508988 0.693838 -0.624470 0.640065 -0.447584 -0.639454 -0.507157 -0.577776 -0.639454 -0.507157 -0.577776 -0.624470 0.640065 -0.447584 0.524369 0.638203 -0.563646 0.509354 -0.508988 -0.693838 0.509354 -0.508988 -0.693838 0.524369 0.638203 -0.563646 0.639454 0.507157 0.577776 0.624470 -0.640065 0.447584 0.624470 -0.640065 0.447584 0.639454 0.507157 0.577776 -0.509354 0.508988 0.693838 -0.524369 -0.638203 0.563646 0.509354 -0.508988 -0.693838 0.624470 -0.640065 0.447584 0.524369 0.638203 -0.563646 0.639454 0.507157 0.577776 " />
																			<TextureCoordinate point="0.0256 0.0225 0.9666 0.0225 0.9666 0.4853 0.0256 0.4853 0.0256 0.0225 0.9666 0.0225 0.9666 0.4853 0.0256 0.4853 0.0256 0.0225 0.9666 0.0225 0.9666 0.4853 0.0256 0.4853 0.0256 0.0225 0.9666 0.0225 0.9666 0.4853 0.0256 0.4853 0.9666 0.0225 0.9666 0.4853 0.0256 0.0225 0.0256 0.4853 " />
																		</IndexedTriangleSet>
																	</Shape>
																</Group>
															</Transform>
															<Transform DEF="Cube_034_TRANSFORM"
															           translation="0.011481 0.878056 0.099657"
															           scale="1.000000 1.000000 1.000000"
															           rotation="0.000000 1.000000 0.000000 0.000000"
															           >
																<Transform DEF="Cube_034_ifs_TRANSFORM"
																           translation="0.000000 0.000000 0.000000"
																           scale="1.000000 1.000000 1.000000"
																           rotation="0.000000 1.000000 0.000000 0.000000"
																           >
																	<Group DEF="group_ME_Cube_039">
																		<Shape>
																			<Appearance>
																				<Material USE="MA_Body" />
																			</Appearance>
																			<IndexedTriangleSet solid="false"
																			                    normalPerVertex="true"
																			                    index="0 1 2 0 2 3 4 5 6 4 6 7 8 9 10 8 10 11 12 13 14 12 14 15 4 16 17 4 17 15 18 5 14 18 14 19 "
																			                    >
																				<Coordinate point="-0.210753 -0.088420 0.072536 -0.203926 0.373084 0.654937 -0.216338 0.531506 0.529547 -0.223165 0.070001 -0.052854 -0.223165 0.070001 -0.052854 -0.216338 0.531506 0.529547 0.217580 0.549924 0.509866 0.210753 0.088420 -0.072536 0.210753 0.088420 -0.072536 0.217580 0.549924 0.509866 0.229992 0.391503 0.635256 0.223165 -0.070001 0.052854 0.223165 -0.070001 0.052854 0.229992 0.391503 0.635256 -0.203926 0.373084 0.654937 -0.210753 -0.088420 0.072536 0.210753 0.088420 -0.072536 0.223165 -0.070001 0.052854 0.217580 0.549924 0.509866 0.229992 0.391503 0.635256 " />
																				<Normal vector="-0.546129 -0.834864 -0.068697 -0.535508 -0.117740 0.836238 -0.606311 0.785943 0.120975 -0.616932 0.068819 -0.783990 -0.616932 0.068819 -0.783990 -0.606311 0.785943 0.120975 0.546129 0.834864 0.068697 0.535508 0.117740 -0.836238 0.535508 0.117740 -0.836238 0.546129 0.834864 0.068697 0.616932 -0.068819 0.783959 0.606311 -0.785943 -0.120975 0.606311 -0.785943 -0.120975 0.616932 -0.068819 0.783959 -0.535508 -0.117740 0.836238 -0.546129 -0.834864 -0.068697 0.535508 0.117740 -0.836238 0.606311 -0.785943 -0.120975 0.546129 0.834864 0.068697 0.616932 -0.068819 0.783959 " />
																				<TextureCoordinate point="0.0256 0.0225 0.9666 0.0225 0.9666 0.4853 0.0256 0.4853 0.0256 0.0225 0.9666 0.0225 0.9666 0.4853 0.0256 0.4853 0.0256 0.0225 0.9666 0.0225 0.9666 0.4853 0.0256 0.4853 0.0256 0.0225 0.9666 0.0225 0.9666 0.4853 0.0256 0.4853 0.9666 0.0225 0.9666 0.4853 0.0256 0.0225 0.0256 0.4853 " />
																			</IndexedTriangleSet>
																		</Shape>
																	</Group>
																</Transform>
															</Transform>
														</Transform>
													</Transform>
												</Transform>
											</Transform>
										</Transform>
									</Transform>
								</Transform>
							</Transform>
						</Transform>
					</Transform>
					<Transform DEF="orl2_TRANSFORM"
					           translation="-1.234630 0.343881 1.637664"
					           scale="1.000000 1.000000 1.000000"
					           rotation="0.000000 1.000000 0.000000 0.000000"
					           >
						<Transform DEF="orl2_ifs_TRANSFORM"
						           translation="0.000000 0.000000 0.000000"
						           scale="1.000000 1.000000 1.000000"
						           rotation="0.000000 1.000000 0.000000 0.000000"
						           >
							<Group DEF="group_ME_orl2">
								<Shape>
									<Appearance>
										<Material USE="MA_Body" />
									</Appearance>
									<IndexedTriangleSet solid="false"
									                    normalPerVertex="true"
									                    index="0 1 2 0 2 3 4 5 6 4 6 7 8 9 10 8 10 11 12 13 14 12 14 15 16 17 18 16 18 19 20 21 14 20 14 22 23 24 25 23 25 26 26 25 21 26 21 20 27 28 29 27 29 30 30 29 17 30 17 16 31 32 33 31 33 34 32 12 15 32 15 33 35 36 37 35 37 22 36 4 7 36 7 37 38 39 4 38 4 36 40 38 36 40 36 35 41 42 43 41 43 44 45 46 32 45 32 31 47 48 13 47 13 12 49 50 9 49 9 8 39 51 5 39 5 4 52 53 1 52 1 0 54 55 53 54 53 52 56 57 51 56 51 39 58 59 50 58 50 49 60 28 48 60 48 47 61 62 46 61 46 45 62 60 47 62 47 46 27 63 38 27 38 40 63 56 39 63 39 38 "
									                    >
										<Coordinate point="-0.691287 -0.520792 2.374681 -0.437384 0.408812 2.455561 -1.034846 0.513121 3.132265 -1.288749 -0.416484 3.051385 -1.716385 0.862478 1.256401 -2.153095 1.017381 0.846953 -2.750557 1.121689 1.523656 -2.313847 0.966786 1.933105 -2.153095 1.017381 0.846953 -2.406998 0.087776 0.766073 -3.004460 0.192085 1.442776 -2.750557 1.121689 1.523656 -1.180227 -0.347364 1.916263 -0.691287 -0.520792 2.374681 -1.288749 -0.416484 3.051385 -1.777689 -0.243055 2.592967 -0.294194 0.614184 -0.354415 -0.548097 -0.315421 -0.435295 -0.984807 -0.160518 -0.844744 -0.730904 0.769087 -0.763864 -1.523786 0.686549 2.673847 -1.777689 -0.243055 2.592967 -1.034846 0.513121 3.132265 -2.750557 1.121689 1.523656 -3.004460 0.192085 1.442776 -2.567750 0.037182 1.852225 -2.313847 0.966786 1.933105 0.984807 0.160518 0.844744 0.730904 -0.769087 0.763864 0.241965 -0.595658 0.305446 0.495867 0.333947 0.386326 -2.406998 0.087776 0.766073 -1.970288 -0.067126 1.175521 -2.567750 0.037182 1.852225 -3.004460 0.192085 1.442776 -0.437384 0.408812 2.455561 -0.926324 0.582241 1.997143 -1.523786 0.686549 2.673847 0.425537 0.346225 0.465985 -0.364524 0.626463 -0.274757 0.914477 0.172797 0.924403 -0.618427 -0.303142 -0.355637 0.171634 -0.583379 0.385105 -1.180227 -0.347364 1.916263 -1.970288 -0.067126 1.175521 -1.055138 -0.148239 -0.765086 -0.618427 -0.303142 -0.355637 0.171634 -0.583379 0.385105 0.660574 -0.756808 0.843523 -0.801235 0.781365 -0.684206 -1.055138 -0.148239 -0.765086 -0.801235 0.781365 -0.684206 0.660574 -0.756808 0.843523 0.914477 0.172797 0.924403 0.730904 -0.769087 0.763864 0.984807 0.160518 0.844744 -0.294194 0.614184 -0.354415 -0.730904 0.769087 -0.763864 -0.730904 0.769087 -0.763864 -0.984807 -0.160518 -0.844744 0.241965 -0.595658 0.305446 -0.984807 -0.160518 -0.844744 -0.548097 -0.315421 -0.435295 0.495867 0.333947 0.386326 " />
										<Normal vector="0.313730 -0.856838 0.409070 0.685018 0.502579 0.527329 0.179724 0.476638 0.860500 -0.123417 -0.633351 0.763939 0.262551 0.961272 0.083621 -0.313730 0.856838 -0.409070 -0.635731 0.765893 0.095920 -0.279244 0.760888 0.585681 -0.313730 0.856838 -0.409070 -0.685018 -0.502579 -0.527329 -0.938932 -0.344066 -0.000641 -0.635731 0.765893 0.095920 -0.262551 -0.961272 -0.083621 0.313730 -0.856838 0.409070 -0.123417 -0.633351 0.763939 -0.650533 -0.598559 0.467422 0.650533 0.598559 -0.467422 0.279244 -0.760888 -0.585681 -0.179724 -0.476638 -0.860500 0.123417 0.633351 -0.763939 -0.279244 0.760888 0.585681 -0.650533 -0.598559 0.467422 0.179724 0.476638 0.860500 -0.635731 0.765893 0.095920 -0.938932 -0.344066 -0.000641 -0.650533 -0.598559 0.467422 -0.279244 0.760888 0.585681 0.938932 0.344066 0.000641 0.635731 -0.765893 -0.095920 0.279244 -0.760888 -0.585681 0.650533 0.598559 -0.467422 -0.685018 -0.502579 -0.527329 -0.262551 -0.961272 -0.083621 -0.650533 -0.598559 0.467422 -0.938932 -0.344066 -0.000641 0.685018 0.502579 0.527329 0.262551 0.961272 0.083621 -0.279244 0.760888 0.585681 0.262551 0.961272 0.083621 0.262551 0.961272 0.083621 0.685018 0.502579 0.527329 -0.262551 -0.961272 -0.083621 -0.262551 -0.961272 -0.083621 -0.262551 -0.961272 -0.083621 -0.262551 -0.961272 -0.083621 -0.685018 -0.502579 -0.527329 -0.262551 -0.961272 -0.083621 -0.262551 -0.961272 -0.083621 0.313730 -0.856838 0.409070 -0.313730 0.856838 -0.409070 -0.685018 -0.502579 -0.527329 -0.313730 0.856838 -0.409070 0.313730 -0.856838 0.409070 0.685018 0.502579 0.527329 0.635731 -0.765893 -0.095920 0.938932 0.344066 0.000641 0.650533 0.598559 -0.467422 0.123417 0.633351 -0.763939 0.123417 0.633351 -0.763939 -0.179724 -0.476638 -0.860500 0.279244 -0.760888 -0.585681 -0.179724 -0.476638 -0.860500 0.279244 -0.760888 -0.585681 0.650533 0.598559 -0.467422 " />
										<TextureCoordinate point="0.2500 0.5225 0.2500 0.9853 0.4814 0.9853 0.4814 0.5225 0.2500 0.8310 0.2500 0.9853 0.4814 0.9853 0.4814 0.8310 0.2500 0.5225 0.2500 0.9853 0.4814 0.9853 0.4814 0.5225 0.2500 0.8310 0.2500 0.9853 0.4814 0.9853 0.4814 0.8310 0.3271 0.5225 0.3271 0.9853 0.4814 0.9853 0.4814 0.5225 0.3271 0.5225 0.3271 0.9853 0.4814 0.5225 0.0186 0.5225 0.0186 0.9853 0.1729 0.9853 0.1729 0.5225 0.0186 0.5225 0.0186 0.9853 0.1729 0.9853 0.1729 0.5225 0.2500 0.5225 0.2500 0.6768 0.4814 0.6768 0.4814 0.5225 0.2500 0.5225 0.2500 0.6768 0.4814 0.6768 0.1343 0.6768 0.1343 0.8310 0.1343 0.5225 0.5332 0.5340 0.5332 0.9660 0.9605 0.9660 0.9605 0.5340 0.1343 0.5225 0.1343 0.6768 0.1343 0.8310 0.1343 0.9853 0.1343 0.5225 0.1343 0.9853 0.1343 0.9853 0.1343 0.5225 0.1343 0.9853 0.0186 0.5225 0.0186 0.9853 0.0186 0.8310 0.0186 0.9853 0.0186 0.5225 0.0186 0.9853 0.0186 0.8310 0.0186 0.5225 0.0186 0.6768 0.0186 0.6768 " />
									</IndexedTriangleSet>
								</Shape>
							</Group>
						</Transform>
					</Transform>
					<Transform DEF="Cube_005_TRANSFORM"
					           translation="-1.341580 -0.184562 1.547908"
					           scale="1.000000 1.000000 1.000000"
					           rotation="0.000000 1.000000 0.000000 0.000000"
					           >
						<Transform DEF="Cube_005_ifs_TRANSFORM"
						           translation="0.000000 0.000000 0.000000"
						           scale="1.000000 1.000000 1.000000"
						           rotation="0.000000 1.000000 0.000000 0.000000"
						           >
							<Group DEF="group_ME_Cube_004">
								<Shape>
									<Appearance>
										<Material USE="MA_Body" />
									</Appearance>
									<IndexedTriangleSet solid="false"
									                    normalPerVertex="true"
									                    index="0 1 2 0 2 3 4 5 6 4 6 7 8 9 10 8 10 11 12 13 14 12 14 15 4 13 16 4 16 17 18 19 14 18 14 7 "
									                    >
										<Coordinate point="0.067358 -0.111612 0.175068 0.096955 0.005514 0.195479 -0.719047 0.141851 0.596361 -0.748644 0.024726 0.575949 0.096955 0.005514 0.195479 -0.067358 0.111612 -0.175068 -0.883361 0.247949 0.225814 -0.719047 0.141851 0.596361 -0.067358 0.111612 -0.175068 -0.096955 -0.005514 -0.195479 -0.912958 0.130823 0.205402 -0.883361 0.247949 0.225814 -0.096955 -0.005514 -0.195479 0.067358 -0.111612 0.175068 -0.748644 0.024726 0.575949 -0.912958 0.130823 0.205402 -0.096955 -0.005514 -0.195479 -0.067358 0.111612 -0.175068 -0.883361 0.247949 0.225814 -0.912958 0.130823 0.205402 " />
										<Normal vector="0.599384 -0.783746 0.162633 0.878323 0.320109 0.354991 -0.146580 0.491348 0.858516 -0.425520 -0.612476 0.666158 0.878323 0.320109 0.354991 0.425520 0.612476 -0.666158 -0.599384 0.783746 -0.162633 -0.146580 0.491348 0.858516 0.425520 0.612476 -0.666158 0.146580 -0.491348 -0.858516 -0.878323 -0.320109 -0.354991 -0.599384 0.783746 -0.162633 0.146580 -0.491348 -0.858516 0.599384 -0.783746 0.162633 -0.425520 -0.612476 0.666158 -0.878323 -0.320109 -0.354991 0.146580 -0.491348 -0.858516 0.425520 0.612476 -0.666158 -0.599384 0.783746 -0.162633 -0.878323 -0.320109 -0.354991 " />
										<TextureCoordinate point="0.0186 0.5225 0.0186 0.9853 0.4814 0.9853 0.4814 0.5225 0.0186 0.5225 0.0186 0.9853 0.4814 0.9853 0.4814 0.5225 0.0186 0.5225 0.0186 0.9853 0.4814 0.9853 0.4814 0.5225 0.0186 0.5225 0.0186 0.9853 0.4814 0.9853 0.4814 0.5225 0.4814 0.9853 0.4814 0.5225 0.0186 0.5225 0.0186 0.9853 " />
									</IndexedTriangleSet>
								</Shape>
							</Group>
						</Transform>
					</Transform>
					<Transform DEF="Cube_009_TRANSFORM"
					           translation="-1.352930 -0.292838 2.114449"
					           scale="1.000000 1.000000 1.000000"
					           rotation="0.000000 1.000000 0.000000 0.000000"
					           >
						<Transform DEF="Cube_009_ifs_TRANSFORM"
						           translation="0.000000 0.000000 0.000000"
						           scale="1.000000 1.000000 1.000000"
						           rotation="0.000000 1.000000 0.000000 0.000000"
						           >
							<Group DEF="group_ME_Cube_005">
								<Shape>
									<Appearance>
										<Material USE="MA_Body" />
									</Appearance>
									<IndexedTriangleSet solid="false"
									                    normalPerVertex="true"
									                    index="0 1 2 0 2 3 4 5 6 4 6 7 8 9 10 8 10 11 12 13 14 12 14 15 4 13 16 4 16 17 18 19 14 18 14 7 "
									                    >
										<Coordinate point="0.188092 -0.159754 0.197531 0.228319 0.005677 0.218533 -0.472213 0.083360 0.948418 -0.512440 -0.082070 0.927417 0.228319 0.005677 0.218533 -0.188092 0.159754 -0.197531 -0.888625 0.237437 0.532355 -0.472213 0.083360 0.948418 -0.188092 0.159754 -0.197531 -0.228319 -0.005677 -0.218533 -0.928851 0.072007 0.511353 -0.888625 0.237437 0.532355 -0.228319 -0.005677 -0.218533 0.188092 -0.159754 0.197531 -0.512440 -0.082070 0.927417 -0.928851 0.072007 0.511353 -0.228319 -0.005677 -0.218533 -0.188092 0.159754 -0.197531 -0.888625 0.237437 0.532355 -0.928851 0.072007 0.511353 " />
										<Normal vector="0.658315 -0.747154 -0.091220 0.929106 0.366375 0.050142 0.131870 0.454787 0.880764 -0.138890 -0.658773 0.739402 0.929106 0.366375 0.050142 0.138890 0.658773 -0.739402 -0.658315 0.747154 0.091220 0.131870 0.454787 0.880764 0.138890 0.658773 -0.739402 -0.131870 -0.454787 -0.880764 -0.929106 -0.366375 -0.050142 -0.658315 0.747154 0.091220 -0.131870 -0.454787 -0.880764 0.658315 -0.747154 -0.091220 -0.138890 -0.658773 0.739402 -0.929106 -0.366375 -0.050142 -0.131870 -0.454787 -0.880764 0.138890 0.658773 -0.739402 -0.658315 0.747154 0.091220 -0.929106 -0.366375 -0.050142 " />
										<TextureCoordinate point="0.0186 0.5225 0.0186 0.9853 0.4814 0.9853 0.4814 0.5225 0.0186 0.5225 0.0186 0.9853 0.4814 0.9853 0.4814 0.5225 0.0186 0.5225 0.0186 0.9853 0.4814 0.9853 0.4814 0.5225 0.0186 0.5225 0.0186 0.9853 0.4814 0.9853 0.4814 0.5225 0.4814 0.9853 0.4814 0.5225 0.0186 0.5225 0.0186 0.9853 " />
									</IndexedTriangleSet>
								</Shape>
							</Group>
						</Transform>
					</Transform>
					<Transform DEF="Cube_010_TRANSFORM"
					           translation="-1.516240 -0.036413 1.437045"
					           scale="1.000000 1.000000 1.000000"
					           rotation="0.000000 1.000000 0.000000 0.000000"
					           >
						<Transform DEF="Cube_010_ifs_TRANSFORM"
						           translation="0.000000 0.000000 0.000000"
						           scale="1.000000 1.000000 1.000000"
						           rotation="0.000000 1.000000 0.000000 0.000000"
						           >
							<Group DEF="group_ME_Cube_006">
								<Shape>
									<Appearance>
										<Material USE="MA_Body" />
									</Appearance>
									<IndexedTriangleSet solid="false"
									                    normalPerVertex="true"
									                    index="0 1 2 0 2 3 4 5 6 4 6 7 8 9 10 8 10 11 12 13 14 12 14 15 4 13 16 4 16 17 18 19 14 18 14 7 "
									                    >
										<Coordinate point="-0.012898 -0.042550 0.129397 0.000347 0.044764 0.129293 -0.531548 0.125413 0.102796 -0.544793 0.038100 0.102901 0.000347 0.044764 0.129293 0.012898 0.042550 -0.129397 -0.518997 0.123199 -0.155894 -0.531548 0.125413 0.102796 0.012898 0.042550 -0.129397 -0.000347 -0.044764 -0.129293 -0.532242 0.035886 -0.155789 -0.518997 0.123199 -0.155894 -0.000347 -0.044764 -0.129293 -0.012898 -0.042550 0.129397 -0.544793 0.038100 0.102901 -0.532242 0.035886 -0.155789 -0.000347 -0.044764 -0.129293 0.012898 0.042550 -0.129397 -0.518997 0.123199 -0.155894 -0.532242 0.035886 -0.155789 " />
										<Normal vector="0.455550 -0.652303 0.605731 0.628742 0.489303 0.604358 -0.511521 0.662191 0.547563 -0.684683 -0.479415 0.548906 0.628742 0.489303 0.604358 0.684683 0.479415 -0.548906 -0.455550 0.652303 -0.605731 -0.511521 0.662191 0.547563 0.684683 0.479415 -0.548906 0.511521 -0.662191 -0.547563 -0.628742 -0.489303 -0.604358 -0.455550 0.652303 -0.605731 0.511521 -0.662191 -0.547563 0.455550 -0.652303 0.605731 -0.684683 -0.479415 0.548906 -0.628742 -0.489303 -0.604358 0.511521 -0.662191 -0.547563 0.684683 0.479415 -0.548906 -0.455550 0.652303 -0.605731 -0.628742 -0.489303 -0.604358 " />
										<TextureCoordinate point="0.0186 0.5225 0.0186 0.9853 0.4814 0.9853 0.4814 0.5225 0.0186 0.5225 0.0186 0.9853 0.4814 0.9853 0.4814 0.5225 0.0186 0.5225 0.0186 0.9853 0.4814 0.9853 0.4814 0.5225 0.0186 0.5225 0.0186 0.9853 0.4814 0.9853 0.4814 0.5225 0.4814 0.9853 0.4814 0.5225 0.0186 0.5225 0.0186 0.9853 " />
									</IndexedTriangleSet>
								</Shape>
							</Group>
						</Transform>
					</Transform>
					<Transform DEF="h2_TRANSFORM"
					           translation="-0.302799 -0.336839 2.294932"
					           scale="1.000000 1.000000 1.000000"
					           rotation="0.000000 1.000000 0.000000 0.000000"
					           >
						<Transform DEF="h2_ifs_TRANSFORM"
						           translation="0.000000 0.000000 0.000000"
						           scale="1.000000 1.000000 1.000000"
						           rotation="0.000000 1.000000 0.000000 0.000000"
						           >
							<Group DEF="group_ME_h2">
								<Shape>
									<Appearance>
										<Material USE="MA_Body" />
									</Appearance>
									<IndexedTriangleSet solid="false"
									                    normalPerVertex="true"
									                    index="0 1 2 0 2 3 4 5 6 4 6 7 8 9 10 8 10 11 12 13 14 12 14 15 4 13 16 4 16 17 18 19 14 18 14 7 "
									                    >
										<Coordinate point="0.464261 -0.637306 0.484607 0.464261 0.747696 -0.286275 0.196338 1.280717 0.671375 0.196338 -0.104285 1.442257 0.464261 0.747696 -0.286275 -0.464261 0.637306 -0.484607 -0.732185 1.170327 0.473043 0.196338 1.280717 0.671375 -0.464261 0.637306 -0.484607 -0.464261 -0.747696 0.286275 -0.732185 -0.214675 1.243925 -0.732185 1.170327 0.473043 -0.464261 -0.747696 0.286275 0.464261 -0.637306 0.484607 0.196338 -0.104285 1.442257 -0.732185 -0.214675 1.243925 -0.464261 -0.747696 0.286275 -0.464261 0.637306 -0.484607 -0.732185 1.170327 0.473043 -0.732185 -0.214675 1.243925 " />
										<Normal vector="0.697928 -0.710532 -0.089450 0.697928 0.298379 -0.651021 0.423719 0.843898 0.329051 0.423719 -0.165014 0.890622 0.697928 0.298379 -0.651021 -0.423719 0.165014 -0.890622 -0.697928 0.710532 0.089450 0.423719 0.843898 0.329051 -0.423719 0.165014 -0.890622 -0.423719 -0.843898 -0.329051 -0.697928 -0.298379 0.651021 -0.697928 0.710532 0.089450 -0.423719 -0.843898 -0.329051 0.697928 -0.710532 -0.089450 0.423719 -0.165014 0.890622 -0.697928 -0.298379 0.651021 -0.423719 -0.843898 -0.329051 -0.423719 0.165014 -0.890622 -0.697928 0.710532 0.089450 -0.697928 -0.298379 0.651021 " />
										<TextureCoordinate point="0.0256 0.0225 0.0256 0.4853 0.9666 0.4853 0.9666 0.0225 0.0256 0.0225 0.0256 0.4853 0.9666 0.4853 0.9666 0.0225 0.0256 0.0225 0.0256 0.4853 0.9666 0.4853 0.9666 0.0225 0.0256 0.0225 0.0256 0.4853 0.9666 0.4853 0.9666 0.0225 0.9666 0.4853 0.9666 0.0225 0.0256 0.0225 0.0256 0.4853 " />
									</IndexedTriangleSet>
								</Shape>
							</Group>
						</Transform>
						<Transform DEF="h2_1_TRANSFORM"
						           translation="-0.172086 0.434444 0.777760"
						           scale="1.000000 1.000000 1.000000"
						           rotation="0.000000 1.000000 0.000000 0.000000"
						           >
							<Transform DEF="h2_1_ifs_TRANSFORM"
							           translation="0.000000 0.000000 0.000000"
							           scale="1.000000 1.000000 1.000000"
							           rotation="0.000000 1.000000 0.000000 0.000000"
							           >
								<Group DEF="group_ME_h2_1">
									<Shape>
										<Appearance>
											<Material USE="MA_Body" />
										</Appearance>
										<IndexedTriangleSet solid="false"
										                    normalPerVertex="true"
										                    index="0 1 2 0 2 3 4 5 6 4 6 7 8 9 10 8 10 11 12 13 14 12 14 15 4 13 16 4 16 17 18 19 14 18 14 7 "
										                    >
											<Coordinate point="0.525003 -0.512451 0.745751 0.611577 0.763866 -0.369949 0.169238 1.520711 0.461529 0.082664 0.244394 1.577229 0.611577 0.763866 -0.369949 -0.525003 0.512451 -0.745751 -0.967342 1.269297 0.085726 0.169238 1.520711 0.461529 -0.525003 0.512451 -0.745751 -0.611577 -0.763866 0.369949 -1.053916 -0.007020 1.201426 -0.967342 1.269297 0.085726 -0.611577 -0.763866 0.369949 0.525003 -0.512451 0.745751 0.082664 0.244394 1.577229 -1.053916 -0.007020 1.201426 -0.611577 -0.763866 0.369949 -0.525003 0.512451 -0.745751 -0.967342 1.269297 0.085726 -1.053916 -0.007020 1.201426 " />
											<Normal vector="0.718375 -0.677084 0.159520 0.777276 0.191107 -0.599414 0.354534 0.914426 0.195196 0.295633 0.046205 0.954161 0.777276 0.191107 -0.599414 -0.295633 -0.046205 -0.954161 -0.718375 0.677084 -0.159520 0.354534 0.914426 0.195196 -0.295633 -0.046205 -0.954161 -0.354534 -0.914426 -0.195196 -0.777276 -0.191107 0.599414 -0.718375 0.677084 -0.159520 -0.354534 -0.914426 -0.195196 0.718375 -0.677084 0.159520 0.295633 0.046205 0.954161 -0.777276 -0.191107 0.599414 -0.354534 -0.914426 -0.195196 -0.295633 -0.046205 -0.954161 -0.718375 0.677084 -0.159520 -0.777276 -0.191107 0.599414 " />
											<TextureCoordinate point="0.0256 0.0225 0.0256 0.4853 0.9666 0.4853 0.9666 0.0225 0.0256 0.0225 0.0256 0.4853 0.9666 0.4853 0.9666 0.0225 0.0256 0.0225 0.0256 0.4853 0.9666 0.4853 0.9666 0.0225 0.0256 0.0225 0.0256 0.4853 0.9666 0.4853 0.9666 0.0225 0.9666 0.4853 0.9666 0.0225 0.0256 0.0225 0.0256 0.4853 " />
										</IndexedTriangleSet>
									</Shape>
								</Group>
							</Transform>
							<Transform DEF="h2_2_TRANSFORM"
							           translation="-0.243376 0.401453 0.679590"
							           scale="1.000000 1.000000 1.000000"
							           rotation="0.000000 1.000000 0.000000 0.000000"
							           >
								<Transform DEF="h2_2_ifs_TRANSFORM"
								           translation="0.000000 0.000000 0.000000"
								           scale="1.000000 1.000000 1.000000"
								           rotation="0.000000 1.000000 0.000000 0.000000"
								           >
									<Group DEF="group_ME_h2_2">
										<Shape>
											<Appearance>
												<Material USE="MA_Body" />
											</Appearance>
											<IndexedTriangleSet solid="false"
											                    normalPerVertex="true"
											                    index="0 1 2 0 2 3 4 5 6 4 6 7 8 9 10 8 10 11 12 13 14 12 14 15 4 13 16 4 16 17 18 19 14 18 14 7 "
											                    >
												<Coordinate point="0.423142 -0.098643 1.145769 0.971880 0.647329 -0.371457 0.226271 1.991163 0.019598 -0.322467 1.245191 1.536824 0.971880 0.647329 -0.371457 -0.423142 0.098643 -1.145769 -1.168751 1.442478 -0.754713 0.226271 1.991163 0.019598 -0.423142 0.098643 -1.145769 -0.971880 -0.647329 0.371457 -1.717489 0.696506 0.762513 -1.168751 1.442478 -0.754713 -0.971880 -0.647329 0.371457 0.423142 -0.098643 1.145769 -0.322467 1.245191 1.536824 -1.717489 0.696506 0.762513 -0.971880 -0.647329 0.371457 -0.423142 0.098643 -1.145769 -1.168751 1.442478 -0.754713 -1.717489 0.696506 0.762513 " />
												<Normal vector="0.570574 -0.543779 0.615375 0.927030 -0.059175 -0.370190 0.384136 0.919309 -0.085452 0.027650 0.434706 0.900113 0.927030 -0.059175 -0.370190 -0.027650 -0.434706 -0.900113 -0.570574 0.543779 -0.615375 0.384136 0.919309 -0.085452 -0.027650 -0.434706 -0.900113 -0.384136 -0.919309 0.085452 -0.927030 0.059175 0.370190 -0.570574 0.543779 -0.615375 -0.384136 -0.919309 0.085452 0.570574 -0.543779 0.615375 0.027650 0.434706 0.900113 -0.927030 0.059175 0.370190 -0.384136 -0.919309 0.085452 -0.027650 -0.434706 -0.900113 -0.570574 0.543779 -0.615375 -0.927030 0.059175 0.370190 " />
												<TextureCoordinate point="0.0256 0.0225 0.0256 0.4853 0.9666 0.4853 0.9666 0.0225 0.0256 0.0225 0.0256 0.4853 0.9666 0.4853 0.9666 0.0225 0.0256 0.0225 0.0256 0.4853 0.9666 0.4853 0.9666 0.0225 0.0256 0.0225 0.0256 0.4853 0.9666 0.4853 0.9666 0.0225 0.9666 0.4853 0.9666 0.0225 0.0256 0.0225 0.0256 0.4853 " />
											</IndexedTriangleSet>
										</Shape>
									</Group>
								</Transform>
								<Transform DEF="h2_3_TRANSFORM"
								           translation="-0.728137 1.147969 0.312036"
								           scale="1.000000 1.000000 1.000000"
								           rotation="0.000000 1.000000 0.000000 0.000000"
								           >
									<Transform DEF="h2_3_ifs_TRANSFORM"
									           translation="0.000000 0.000000 0.000000"
									           scale="1.000000 1.000000 1.000000"
									           rotation="0.000000 1.000000 0.000000 0.000000"
									           >
										<Group DEF="group_ME_h2_3">
											<Shape>
												<Appearance>
													<Material USE="MA_Body" />
												</Appearance>
												<IndexedTriangleSet solid="false"
												                    normalPerVertex="true"
												                    index="0 1 2 0 2 3 4 5 6 4 6 7 8 9 10 8 10 11 12 13 14 12 14 15 4 13 16 4 16 17 18 19 14 18 14 7 "
												                    >
													<Coordinate point="0.465703 0.052454 1.316952 1.243966 0.496599 -0.399915 0.415664 2.735536 -0.196186 -0.362599 2.291390 1.520682 1.243966 0.496599 -0.399915 -0.465703 -0.052454 -1.316952 -1.294005 2.186482 -1.113223 0.415664 2.735536 -0.196186 -0.465703 -0.052454 -1.316952 -1.243966 -0.496599 0.399915 -2.072268 1.742337 0.603644 -1.294005 2.186482 -1.113223 -1.243966 -0.496599 0.399915 0.465703 0.052454 1.316952 -0.362599 2.291390 1.520682 -2.072268 1.742337 0.603644 -1.243966 -0.496599 0.399915 -0.465703 -0.052454 -1.316952 -1.294005 2.186482 -1.113223 -2.072268 1.742337 0.603644 " />
													<Normal vector="0.457137 -0.514695 0.725303 0.921140 -0.249886 -0.298318 0.521958 0.829127 -0.200140 0.057924 0.564318 0.823511 0.921140 -0.249886 -0.298318 -0.057924 -0.564318 -0.823511 -0.457137 0.514695 -0.725303 0.521958 0.829127 -0.200140 -0.057924 -0.564318 -0.823511 -0.521958 -0.829127 0.200140 -0.921140 0.249886 0.298318 -0.457137 0.514695 -0.725303 -0.521958 -0.829127 0.200140 0.457137 -0.514695 0.725303 0.057924 0.564318 0.823511 -0.921140 0.249886 0.298318 -0.521958 -0.829127 0.200140 -0.057924 -0.564318 -0.823511 -0.457137 0.514695 -0.725303 -0.921140 0.249886 0.298318 " />
													<TextureCoordinate point="0.0256 0.0225 0.0256 0.4853 0.9666 0.4853 0.9666 0.0225 0.0256 0.0225 0.0256 0.4853 0.9666 0.4853 0.9666 0.0225 0.0256 0.0225 0.0256 0.4853 0.9666 0.4853 0.9666 0.0225 0.0256 0.0225 0.0256 0.4853 0.9666 0.4853 0.9666 0.0225 0.9666 0.4853 0.9666 0.0225 0.0256 0.0225 0.0256 0.4853 " />
												</IndexedTriangleSet>
											</Shape>
										</Group>
									</Transform>
									<Transform DEF="h2_4_TRANSFORM"
									           translation="-0.735110 1.747811 0.193359"
									           scale="1.000000 1.000000 1.000000"
									           rotation="0.000000 1.000000 0.000000 0.000000"
									           >
										<Transform DEF="h2_4_ifs_TRANSFORM"
										           translation="0.000000 0.000000 0.000000"
										           scale="1.000000 1.000000 1.000000"
										           rotation="0.000000 1.000000 0.000000 0.000000"
										           >
											<Group DEF="group_ME_h2_4">
												<Shape>
													<Appearance>
														<Material USE="MA_Body" />
													</Appearance>
													<IndexedTriangleSet solid="false"
													                    normalPerVertex="true"
													                    index="0 1 2 0 2 3 4 5 6 4 6 7 8 9 10 8 10 11 12 13 14 12 14 15 4 13 16 4 16 17 18 19 14 18 14 7 "
													                    >
														<Coordinate point="0.479262 0.060906 1.110969 1.181593 0.055502 -0.261557 1.061543 2.280488 -0.331748 0.359212 2.285893 1.040778 1.181593 0.055502 -0.261557 -0.479262 -0.060906 -1.110969 -0.599312 2.164080 -1.181161 1.061543 2.280488 -0.331748 -0.479262 -0.060906 -1.110969 -1.181593 -0.055502 0.261557 -1.301643 2.169484 0.191365 -0.599312 2.164080 -1.181161 -1.181593 -0.055502 0.261557 0.479262 0.060906 1.110969 0.359212 2.285893 1.040778 -1.301643 2.169484 0.191365 -1.181593 -0.055502 0.261557 -0.479262 -0.060906 -1.110969 -0.599312 2.164080 -1.181161 -1.301643 2.169484 0.191365 " />
														<Normal vector="0.281106 -0.538224 0.794519 0.807092 -0.542283 -0.233406 0.744926 0.610157 -0.269753 0.218909 0.614185 0.758141 0.807092 -0.542283 -0.233406 -0.218909 -0.614185 -0.758141 -0.281106 0.538224 -0.794519 0.744926 0.610157 -0.269753 -0.218909 -0.614185 -0.758141 -0.744926 -0.610157 0.269753 -0.807092 0.542283 0.233406 -0.281106 0.538224 -0.794519 -0.744926 -0.610157 0.269753 0.281106 -0.538224 0.794519 0.218909 0.614185 0.758141 -0.807092 0.542283 0.233406 -0.744926 -0.610157 0.269753 -0.218909 -0.614185 -0.758141 -0.281106 0.538224 -0.794519 -0.807092 0.542283 0.233406 " />
														<TextureCoordinate point="0.0256 0.0225 0.0256 0.4853 0.9666 0.4853 0.9666 0.0225 0.0256 0.0225 0.0256 0.4853 0.9666 0.4853 0.9666 0.0225 0.0256 0.0225 0.0256 0.4853 0.9666 0.4853 0.9666 0.0225 0.0256 0.0225 0.0256 0.4853 0.9666 0.4853 0.9666 0.0225 0.9666 0.4853 0.9666 0.0225 0.0256 0.0225 0.0256 0.4853 " />
													</IndexedTriangleSet>
												</Shape>
											</Group>
										</Transform>
										<Transform DEF="h2_5_TRANSFORM"
										           translation="-0.111316 2.063120 -0.065084"
										           scale="1.000000 1.000000 1.000000"
										           rotation="0.000000 1.000000 0.000000 0.000000"
										           >
											<Transform DEF="h2_5_ifs_TRANSFORM"
											           translation="0.000000 0.000000 0.000000"
											           scale="1.000000 1.000000 1.000000"
											           rotation="0.000000 1.000000 0.000000 0.000000"
											           >
												<Group DEF="group_ME_h2_5">
													<Shape>
														<Appearance>
															<Material USE="MA_Body" />
														</Appearance>
														<IndexedTriangleSet solid="false"
														                    normalPerVertex="true"
														                    index="0 1 2 0 2 3 4 5 6 4 6 7 8 9 10 8 10 11 12 13 14 12 14 15 4 13 16 4 16 17 18 19 14 18 14 7 "
														                    >
															<Coordinate point="0.615345 -0.017986 0.806043 0.971001 -0.018061 -0.292419 1.009511 1.852505 -0.280079 0.653854 1.852580 0.818383 0.971001 -0.018061 -0.292419 -0.615345 0.017986 -0.806043 -0.576835 1.888551 -0.793704 1.009511 1.852505 -0.280079 -0.615345 0.017986 -0.806043 -0.971001 0.018061 0.292419 -0.932491 1.888627 0.304758 -0.576835 1.888551 -0.793704 -0.971001 0.018061 0.292419 0.615345 -0.017986 0.806043 0.653854 1.852580 0.818383 -0.932491 1.888627 0.304758 -0.971001 0.018061 0.292419 -0.615345 0.017986 -0.806043 -0.576835 1.888551 -0.793704 -0.932491 1.888627 0.304758 " />
															<Normal vector="0.359416 -0.589648 0.723258 0.715079 -0.589709 -0.375256 0.738853 0.564684 -0.367656 0.383160 0.564745 0.730857 0.715079 -0.589709 -0.375256 -0.383160 -0.564745 -0.730857 -0.359416 0.589648 -0.723258 0.738853 0.564684 -0.367656 -0.383160 -0.564745 -0.730857 -0.738853 -0.564684 0.367656 -0.715079 0.589709 0.375256 -0.359416 0.589648 -0.723258 -0.738853 -0.564684 0.367656 0.359416 -0.589648 0.723258 0.383160 0.564745 0.730857 -0.715079 0.589709 0.375256 -0.738853 -0.564684 0.367656 -0.383160 -0.564745 -0.730857 -0.359416 0.589648 -0.723258 -0.715079 0.589709 0.375256 " />
															<TextureCoordinate point="0.0256 0.0225 0.0256 0.4853 0.9666 0.4853 0.9666 0.0225 0.0256 0.0225 0.0256 0.4853 0.9666 0.4853 0.9666 0.0225 0.0256 0.0225 0.0256 0.4853 0.9666 0.4853 0.9666 0.0225 0.0256 0.0225 0.0256 0.4853 0.9666 0.4853 0.9666 0.0225 0.9666 0.4853 0.9666 0.0225 0.0256 0.0225 0.0256 0.4853 " />
														</IndexedTriangleSet>
													</Shape>
												</Group>
											</Transform>
											<Transform DEF="h2_6_TRANSFORM"
											           translation="0.035513 1.724993 0.011379"
											           scale="1.000000 1.000000 1.000000"
											           rotation="0.000000 1.000000 0.000000 0.000000"
											           >
												<Transform DEF="h2_6_ifs_TRANSFORM"
												           translation="0.000000 0.000000 0.000000"
												           scale="1.000000 1.000000 1.000000"
												           rotation="0.000000 1.000000 0.000000 0.000000"
												           >
													<Group DEF="group_ME_h2_6">
														<Shape>
															<Appearance>
																<Material USE="MA_Body" />
															</Appearance>
															<IndexedTriangleSet solid="false"
															                    normalPerVertex="true"
															                    index="0 1 2 0 2 3 4 5 6 4 6 7 8 9 10 8 10 11 12 13 14 12 14 15 4 13 16 4 16 17 18 19 14 18 14 7 "
															                    >
																<Coordinate point="0.738248 -0.018315 0.472442 0.817830 -0.014756 -0.315408 0.851360 1.613917 -0.304663 0.771777 1.610358 0.483187 0.817830 -0.014756 -0.315408 -0.738248 0.018315 -0.472442 -0.704718 1.646988 -0.461698 0.851360 1.613917 -0.304663 -0.738248 0.018315 -0.472442 -0.817830 0.014756 0.315408 -0.784301 1.643429 0.326152 -0.704718 1.646988 -0.461698 -0.817830 0.014756 0.315408 0.738248 -0.018315 0.472442 0.771777 1.610358 0.483187 -0.784301 1.643429 0.326152 -0.817830 0.014756 0.315408 -0.738248 0.018315 -0.472442 -0.704718 1.646988 -0.461698 -0.784301 1.643429 0.326152 " />
																<Normal vector="0.504379 -0.591998 0.628559 0.620441 -0.586810 -0.520249 0.644185 0.567583 -0.512650 0.528153 0.562395 0.636158 0.620441 -0.586810 -0.520249 -0.528153 -0.562395 -0.636158 -0.504379 0.591998 -0.628559 0.644185 0.567583 -0.512650 -0.528153 -0.562395 -0.636158 -0.644185 -0.567583 0.512650 -0.620441 0.586810 0.520249 -0.504379 0.591998 -0.628559 -0.644185 -0.567583 0.512650 0.504379 -0.591998 0.628559 0.528153 0.562395 0.636158 -0.620441 0.586810 0.520249 -0.644185 -0.567583 0.512650 -0.528153 -0.562395 -0.636158 -0.504379 0.591998 -0.628559 -0.620441 0.586810 0.520249 " />
																<TextureCoordinate point="0.0256 0.0225 0.0256 0.4853 0.9666 0.4853 0.9666 0.0225 0.0256 0.0225 0.0256 0.4853 0.9666 0.4853 0.9666 0.0225 0.0256 0.0225 0.0256 0.4853 0.9666 0.4853 0.9666 0.0225 0.0256 0.0225 0.0256 0.4853 0.9666 0.4853 0.9666 0.0225 0.9666 0.4853 0.9666 0.0225 0.0256 0.0225 0.0256 0.4853 " />
															</IndexedTriangleSet>
														</Shape>
													</Group>
												</Transform>
												<Transform DEF="h2_7_TRANSFORM"
												           translation="0.021355 1.453107 0.008721"
												           scale="1.000000 1.000000 1.000000"
												           rotation="0.000000 1.000000 0.000000 0.000000"
												           >
													<Transform DEF="h2_7_ifs_TRANSFORM"
													           translation="0.000000 0.000000 0.000000"
													           scale="1.000000 1.000000 1.000000"
													           rotation="0.000000 1.000000 0.000000 0.000000"
													           >
														<Group DEF="group_ME_h2_7">
															<Shape>
																<Appearance>
																	<Material USE="MA_Body" />
																</Appearance>
																<IndexedTriangleSet solid="false"
																                    normalPerVertex="true"
																                    index="0 1 2 0 2 3 4 5 6 4 6 7 8 9 10 8 10 11 12 13 14 12 14 15 4 13 16 4 16 17 18 19 14 18 14 7 "
																                    >
																	<Coordinate point="0.635789 0.013455 0.311834 0.685295 0.015669 -0.178256 0.646373 1.763065 -0.174294 0.596868 1.760852 0.315796 0.685295 0.015669 -0.178256 -0.635789 -0.013455 -0.311834 -0.674711 1.733942 -0.307872 0.646373 1.763065 -0.174294 -0.635789 -0.013455 -0.311834 -0.685295 -0.015669 0.178256 -0.724216 1.731728 0.182218 -0.674711 1.733942 -0.307872 -0.685295 -0.015669 0.178256 0.635789 0.013455 0.311834 0.596868 1.760852 0.315796 -0.724216 1.731728 0.182218 -0.685295 -0.015669 0.178256 -0.635789 -0.013455 -0.311834 -0.674711 1.733942 -0.307872 -0.724216 1.731728 0.182218 " />
																	<Normal vector="0.529099 -0.567125 0.631153 0.645161 -0.561937 -0.517655 0.619434 0.592456 -0.515030 0.503372 0.587268 0.633778 0.645161 -0.561937 -0.517655 -0.503372 -0.587268 -0.633778 -0.529099 0.567125 -0.631153 0.619434 0.592456 -0.515030 -0.503372 -0.587268 -0.633778 -0.619434 -0.592456 0.515030 -0.645161 0.561937 0.517655 -0.529099 0.567125 -0.631153 -0.619434 -0.592456 0.515030 0.529099 -0.567125 0.631153 0.503372 0.587268 0.633778 -0.645161 0.561937 0.517655 -0.619434 -0.592456 0.515030 -0.503372 -0.587268 -0.633778 -0.529099 0.567125 -0.631153 -0.645161 0.561937 0.517655 " />
																	<TextureCoordinate point="0.0256 0.0225 0.0256 0.4853 0.9666 0.4853 0.9666 0.0225 0.0256 0.0225 0.0256 0.4853 0.9666 0.4853 0.9666 0.0225 0.0256 0.0225 0.0256 0.4853 0.9666 0.4853 0.9666 0.0225 0.0256 0.0225 0.0256 0.4853 0.9666 0.4853 0.9666 0.0225 0.9666 0.4853 0.9666 0.0225 0.0256 0.0225 0.0256 0.4853 " />
																</IndexedTriangleSet>
															</Shape>
														</Group>
													</Transform>
													<Transform DEF="h2_8_TRANSFORM"
													           translation="-0.035484 1.636450 -0.005845"
													           scale="1.000000 1.000000 1.000000"
													           rotation="0.000000 1.000000 0.000000 0.000000"
													           >
														<Transform DEF="h2_8_ifs_TRANSFORM"
														           translation="0.000000 0.000000 0.000000"
														           scale="1.000000 1.000000 1.000000"
														           rotation="0.000000 1.000000 0.000000 0.000000"
														           >
															<Group DEF="group_ME_h2_8">
																<Shape>
																	<Appearance>
																		<Material USE="MA_Body" />
																	</Appearance>
																	<IndexedTriangleSet solid="false"
																	                    normalPerVertex="true"
																	                    index="0 1 2 0 2 3 4 5 6 4 6 7 8 9 10 8 10 11 12 13 14 12 14 15 4 13 16 4 16 17 18 19 14 18 14 7 "
																	                    >
																		<Coordinate point="0.519986 -0.000002 0.247115 0.558900 0.001739 -0.138126 0.555285 1.769291 -0.130506 0.516370 1.767551 0.254735 0.558900 0.001739 -0.138126 -0.519986 0.000002 -0.247115 -0.523602 1.767554 -0.239496 0.555285 1.769291 -0.130506 -0.519986 0.000002 -0.247115 -0.558900 -0.001739 0.138126 -0.562516 1.765814 0.145746 -0.523602 1.767554 -0.239496 -0.558900 -0.001739 0.138126 0.519986 -0.000002 0.247115 0.516370 1.767551 0.254735 -0.562516 1.765814 0.145746 -0.558900 -0.001739 0.138126 -0.519986 0.000002 -0.247115 -0.523602 1.767554 -0.239496 -0.562516 1.765814 0.145746 " />
																		<Normal vector="0.517563 -0.578997 0.629933 0.633625 -0.573809 -0.518876 0.631245 0.580859 -0.513901 0.515213 0.575671 0.634938 0.633625 -0.573809 -0.518876 -0.515213 -0.575671 -0.634938 -0.517563 0.578997 -0.629933 0.631245 0.580859 -0.513901 -0.515213 -0.575671 -0.634938 -0.631245 -0.580859 0.513901 -0.633625 0.573809 0.518876 -0.517563 0.578997 -0.629933 -0.631245 -0.580859 0.513901 0.517563 -0.578997 0.629933 0.515213 0.575671 0.634938 -0.633625 0.573809 0.518876 -0.631245 -0.580859 0.513901 -0.515213 -0.575671 -0.634938 -0.517563 0.578997 -0.629933 -0.633625 0.573809 0.518876 " />
																		<TextureCoordinate point="0.0256 0.0225 0.0256 0.4853 0.9666 0.4853 0.9666 0.0225 0.0256 0.0225 0.0256 0.4853 0.9666 0.4853 0.9666 0.0225 0.0256 0.0225 0.0256 0.4853 0.9666 0.4853 0.9666 0.0225 0.0256 0.0225 0.0256 0.4853 0.9666 0.4853 0.9666 0.0225 0.9666 0.4853 0.9666 0.0225 0.0256 0.0225 0.0256 0.4853 " />
																	</IndexedTriangleSet>
																</Shape>
															</Group>
														</Transform>
														<Transform DEF="h2_9_TRANSFORM"
														           translation="0.047724 1.680810 -0.027994"
														           scale="1.000000 1.000000 1.000000"
														           rotation="0.000000 1.000000 0.000000 0.000000"
														           >
															<Transform DEF="h2_9_ifs_TRANSFORM"
															           translation="0.000000 0.000000 0.000000"
															           scale="1.000000 1.000000 1.000000"
															           rotation="0.000000 1.000000 0.000000 0.000000"
															           >
																<Group DEF="group_ME_h2_9">
																	<Shape>
																		<Appearance>
																			<Material USE="MA_Body" />
																		</Appearance>
																		<IndexedTriangleSet solid="false"
																		                    normalPerVertex="true"
																		                    index="0 1 2 0 2 3 4 5 6 4 6 7 8 9 10 8 10 11 12 13 14 12 14 15 4 13 16 4 16 17 18 19 14 18 14 7 "
																		                    >
																			<Coordinate point="0.405997 -0.013887 0.169132 0.431574 0.015236 -0.084521 0.418848 0.988540 0.025947 0.393270 0.959417 0.279600 0.431574 0.015236 -0.084521 -0.405997 0.013887 -0.169132 -0.418724 0.987192 -0.058665 0.418848 0.988540 0.025947 -0.405997 0.013887 -0.169132 -0.431574 -0.015236 0.084521 -0.444301 0.958068 0.194988 -0.418724 0.987192 -0.058665 -0.431574 -0.015236 0.084521 0.405997 -0.013887 0.169132 0.393270 0.959417 0.279600 -0.444301 0.958068 0.194988 -0.431574 -0.015236 0.084521 -0.405997 0.013887 -0.169132 -0.418724 0.987192 -0.058665 -0.444301 0.958068 0.194988 " />
																			<Normal vector="0.524369 -0.638203 0.563646 0.639454 -0.507157 -0.577776 0.624470 0.640065 -0.447584 0.509354 0.508988 0.693838 0.639454 -0.507157 -0.577776 -0.509354 -0.508988 -0.693838 -0.524369 0.638203 -0.563646 0.624470 0.640065 -0.447584 -0.509354 -0.508988 -0.693838 -0.624470 -0.640065 0.447584 -0.639454 0.507157 0.577776 -0.524369 0.638203 -0.563646 -0.624470 -0.640065 0.447584 0.524369 -0.638203 0.563646 0.509354 0.508988 0.693838 -0.639454 0.507157 0.577776 -0.624470 -0.640065 0.447584 -0.509354 -0.508988 -0.693838 -0.524369 0.638203 -0.563646 -0.639454 0.507157 0.577776 " />
																			<TextureCoordinate point="0.0256 0.0225 0.0256 0.4853 0.9666 0.4853 0.9666 0.0225 0.0256 0.0225 0.0256 0.4853 0.9666 0.4853 0.9666 0.0225 0.0256 0.0225 0.0256 0.4853 0.9666 0.4853 0.9666 0.0225 0.0256 0.0225 0.0256 0.4853 0.9666 0.4853 0.9666 0.0225 0.9666 0.4853 0.9666 0.0225 0.0256 0.0225 0.0256 0.4853 " />
																		</IndexedTriangleSet>
																	</Shape>
																</Group>
															</Transform>
															<Transform DEF="Cube_011_TRANSFORM"
															           translation="-0.011481 0.878056 0.099657"
															           scale="1.000000 1.000000 1.000000"
															           rotation="0.000000 1.000000 0.000000 0.000000"
															           >
																<Transform DEF="Cube_011_ifs_TRANSFORM"
																           translation="0.000000 0.000000 0.000000"
																           scale="1.000000 1.000000 1.000000"
																           rotation="0.000000 1.000000 0.000000 0.000000"
																           >
																	<Group DEF="group_ME_Cube_007">
																		<Shape>
																			<Appearance>
																				<Material USE="MA_Body" />
																			</Appearance>
																			<IndexedTriangleSet solid="false"
																			                    normalPerVertex="true"
																			                    index="0 1 2 0 2 3 4 5 6 4 6 7 8 9 10 8 10 11 12 13 14 12 14 15 4 13 16 4 16 17 18 19 14 18 14 7 "
																			                    >
																				<Coordinate point="0.210753 -0.088420 0.072536 0.223165 0.070001 -0.052854 0.216338 0.531506 0.529547 0.203926 0.373084 0.654937 0.223165 0.070001 -0.052854 -0.210753 0.088420 -0.072536 -0.217580 0.549924 0.509866 0.216338 0.531506 0.529547 -0.210753 0.088420 -0.072536 -0.223165 -0.070001 0.052854 -0.229992 0.391503 0.635256 -0.217580 0.549924 0.509866 -0.223165 -0.070001 0.052854 0.210753 -0.088420 0.072536 0.203926 0.373084 0.654937 -0.229992 0.391503 0.635256 -0.223165 -0.070001 0.052854 -0.210753 0.088420 -0.072536 -0.217580 0.549924 0.509866 -0.229992 0.391503 0.635256 " />
																				<Normal vector="0.546129 -0.834864 -0.068697 0.616932 0.068819 -0.783990 0.606311 0.785943 0.120975 0.535508 -0.117740 0.836238 0.616932 0.068819 -0.783990 -0.535508 0.117740 -0.836238 -0.546129 0.834864 0.068697 0.606311 0.785943 0.120975 -0.535508 0.117740 -0.836238 -0.606311 -0.785943 -0.120975 -0.616932 -0.068819 0.783990 -0.546129 0.834864 0.068697 -0.606311 -0.785943 -0.120975 0.546129 -0.834864 -0.068697 0.535508 -0.117740 0.836238 -0.616932 -0.068819 0.783990 -0.606311 -0.785943 -0.120975 -0.535508 0.117740 -0.836238 -0.546129 0.834864 0.068697 -0.616932 -0.068819 0.783990 " />
																				<TextureCoordinate point="0.0256 0.0225 0.0256 0.4853 0.9666 0.4853 0.9666 0.0225 0.0256 0.0225 0.0256 0.4853 0.9666 0.4853 0.9666 0.0225 0.0256 0.0225 0.0256 0.4853 0.9666 0.4853 0.9666 0.0225 0.0256 0.0225 0.0256 0.4853 0.9666 0.4853 0.9666 0.0225 0.9666 0.4853 0.9666 0.0225 0.0256 0.0225 0.0256 0.4853 " />
																			</IndexedTriangleSet>
																		</Shape>
																	</Group>
																</Transform>
															</Transform>
														</Transform>
													</Transform>
												</Transform>
											</Transform>
										</Transform>
									</Transform>
								</Transform>
							</Transform>
						</Transform>
					</Transform>
				</Transform>
				<Transform DEF="arm2_TRANSFORM"
				           translation="-0.879708 -0.033861 1.032727"
				           scale="1.000000 1.000000 1.000000"
				           rotation="0.000000 1.000000 0.000000 0.000000"
				           >
					<Transform DEF="arm2_ifs_TRANSFORM"
					           translation="0.000000 0.000000 0.000000"
					           scale="1.000000 1.000000 1.000000"
					           rotation="0.000000 1.000000 0.000000 0.000000"
					           >
						<Group DEF="group_ME_arm2">
							<Shape>
								<Appearance>
									<Material USE="MA_Body" />
								</Appearance>
								<IndexedTriangleSet solid="false"
								                    normalPerVertex="true"
								                    index="0 1 2 0 2 3 4 5 6 4 6 7 8 9 10 8 10 11 12 13 14 12 14 15 4 13 16 4 16 17 18 19 14 18 14 7 "
								                    >
									<Coordinate point="-0.013531 -0.357616 -0.365136 -0.013531 0.357616 -0.365136 0.013531 0.357616 0.365136 0.013531 -0.357616 0.365136 -0.013531 0.357616 -0.365136 -0.815196 0.357616 -0.335428 -0.788133 0.357616 0.394844 0.013531 0.357616 0.365136 -0.815196 0.357616 -0.335428 -0.815196 -0.357616 -0.335428 -0.788133 -0.357616 0.394844 -0.788133 0.357616 0.394844 -0.815196 -0.357616 -0.335428 -0.013531 -0.357616 -0.365136 0.013531 -0.357616 0.365136 -0.788133 -0.357616 0.394844 -0.815196 -0.357616 -0.335428 -0.815196 0.357616 -0.335428 -0.788133 0.357616 0.394844 -0.788133 -0.357616 0.394844 " />
									<Normal vector="0.555559 -0.577349 -0.598315 0.555559 0.577349 -0.598315 0.598315 0.577349 0.555559 0.598315 -0.577349 0.555559 0.555559 0.577349 -0.598315 -0.598315 0.577349 -0.555559 -0.555559 0.577349 0.598315 0.598315 0.577349 0.555559 -0.598315 0.577349 -0.555559 -0.598315 -0.577349 -0.555559 -0.555559 -0.577349 0.598315 -0.555559 0.577349 0.598315 -0.598315 -0.577349 -0.555559 0.555559 -0.577349 -0.598315 0.598315 -0.577349 0.555559 -0.555559 -0.577349 0.598315 -0.598315 -0.577349 -0.555559 -0.598315 0.577349 -0.555559 -0.555559 0.577349 0.598315 -0.555559 -0.577349 0.598315 " />
									<TextureCoordinate point="0.0186 0.5225 0.0186 0.9853 0.4814 0.9853 0.4814 0.5225 0.0186 0.5225 0.0186 0.9853 0.4814 0.9853 0.4814 0.5225 0.0186 0.5225 0.0186 0.9853 0.4814 0.9853 0.4814 0.5225 0.0186 0.5225 0.0186 0.9853 0.4814 0.9853 0.4814 0.5225 0.4814 0.9853 0.4814 0.5225 0.0186 0.5225 0.0186 0.9853 " />
								</IndexedTriangleSet>
							</Shape>
						</Group>
					</Transform>
					<Transform DEF="arm2_1_TRANSFORM"
					           translation="-0.747918 0.000000 0.047024"
					           scale="1.000000 1.000000 1.000000"
					           rotation="0.000000 1.000000 0.000000 0.000000"
					           >
						<Transform DEF="arm2_1_ifs_TRANSFORM"
						           translation="0.000000 0.000000 0.000000"
						           scale="1.000000 1.000000 1.000000"
						           rotation="0.000000 1.000000 0.000000 0.000000"
						           >
							<Group DEF="group_ME_arm2_1">
								<Shape>
									<Appearance>
										<Material USE="MA_Body" />
									</Appearance>
									<IndexedTriangleSet solid="false"
									                    normalPerVertex="true"
									                    index="0 1 2 0 2 3 4 5 6 4 6 7 8 9 10 8 10 11 12 13 14 12 14 15 16 17 18 16 18 19 20 21 14 20 14 22 23 24 25 23 25 26 27 28 17 27 17 16 29 30 31 29 31 32 33 4 7 33 7 34 35 33 34 35 34 36 37 13 28 37 28 27 26 25 21 26 21 20 30 12 15 30 15 31 38 39 40 38 40 41 39 26 20 39 20 40 35 42 43 35 43 44 42 37 27 42 27 43 44 43 45 44 45 46 47 48 49 47 49 50 51 52 39 51 39 38 52 23 26 52 26 39 41 40 53 41 53 36 40 20 22 40 22 53 46 45 54 46 54 55 45 16 19 45 19 54 56 57 58 56 58 59 57 8 11 57 11 58 60 61 62 60 62 63 61 0 3 61 3 62 "
									                    >
										<Coordinate point="-0.010347 0.100183 -0.279220 -0.010347 0.300550 -0.279220 0.010347 0.300550 0.279220 0.010347 0.100183 0.279220 -0.816459 0.300550 -0.249347 -0.901312 0.300550 -0.246203 -0.880617 0.300550 0.312238 -0.795764 0.300550 0.309093 -0.901312 -0.100183 -0.246203 -0.901312 -0.300550 -0.246203 -0.880617 -0.300550 0.312238 -0.880617 -0.100183 0.312238 -0.617232 -0.300550 -0.256730 -0.010347 -0.300550 -0.279220 0.010347 -0.300550 0.279220 -0.596537 -0.300550 0.301710 -0.816459 -0.100183 -0.249347 -0.816459 -0.300550 -0.249347 -0.901312 -0.300550 -0.246203 -0.901312 -0.100183 -0.246203 -0.596537 -0.100183 0.301710 -0.596537 -0.300550 0.301710 0.010347 -0.100183 0.279220 -0.880617 -0.100183 0.312238 -0.880617 -0.300550 0.312238 -0.795764 -0.300550 0.309093 -0.795764 -0.100183 0.309093 -0.617232 -0.100183 -0.256730 -0.617232 -0.300550 -0.256730 -0.901312 -0.300550 -0.246203 -0.816459 -0.300550 -0.249347 -0.795764 -0.300550 0.309093 -0.880617 -0.300550 0.312238 -0.617232 0.300550 -0.256730 -0.596537 0.300550 0.301710 -0.010347 0.300550 -0.279220 0.010347 0.300550 0.279220 -0.010347 -0.100183 -0.279220 -0.795764 0.300550 0.309093 -0.795764 0.100183 0.309093 -0.596537 0.100183 0.301710 -0.596537 0.300550 0.301710 -0.010347 0.100183 -0.279220 -0.617232 0.100183 -0.256730 -0.617232 0.300550 -0.256730 -0.816459 0.100183 -0.249347 -0.816459 0.300550 -0.249347 -0.617232 0.100183 -0.256730 -0.617232 -0.100183 -0.256730 -0.816459 -0.100183 -0.249347 -0.816459 0.100183 -0.249347 -0.880617 0.300550 0.312238 -0.880617 0.100183 0.312238 0.010347 0.100183 0.279220 -0.901312 0.100183 -0.246203 -0.901312 0.300550 -0.246203 -0.901312 0.300550 -0.246203 -0.901312 0.100183 -0.246203 -0.880617 0.100183 0.312238 -0.880617 0.300550 0.312238 -0.010347 -0.300550 -0.279220 -0.010347 -0.100183 -0.279220 0.010347 -0.100183 0.279220 0.010347 -0.300550 0.279220 " />
										<Normal vector="0.680410 0.000000 -0.732780 0.555559 0.577349 -0.598315 0.598315 0.577349 0.555559 0.732780 0.000000 0.680410 -0.026185 0.707083 -0.706595 -0.598315 0.577349 -0.555559 -0.555559 0.577349 0.598315 0.026185 0.707083 0.706595 -0.732780 0.000000 -0.680410 -0.598315 -0.577349 -0.555559 -0.555559 -0.577349 0.598315 -0.680410 0.000000 0.732780 -0.026185 -0.707083 -0.706595 0.555559 -0.577349 -0.598315 0.598315 -0.577349 0.555559 0.026185 -0.707083 0.706595 -0.037019 0.000000 -0.999298 -0.026185 -0.707083 -0.706595 -0.598315 -0.577349 -0.555559 -0.732780 0.000000 -0.680410 0.037019 0.000000 0.999298 0.026185 -0.707083 0.706595 0.732780 0.000000 0.680410 -0.680410 0.000000 0.732780 -0.555559 -0.577349 0.598315 0.026185 -0.707083 0.706595 0.037019 0.000000 0.999298 -0.037019 0.000000 -0.999298 -0.026185 -0.707083 -0.706595 -0.598315 -0.577349 -0.555559 -0.026185 -0.707083 -0.706595 0.026185 -0.707083 0.706595 -0.555559 -0.577349 0.598315 -0.026185 0.707083 -0.706595 0.026185 0.707083 0.706595 0.555559 0.577349 -0.598315 0.598315 0.577349 0.555559 0.680410 0.000000 -0.732780 0.026185 0.707083 0.706595 0.037019 0.000000 0.999298 0.037019 0.000000 0.999298 0.026185 0.707083 0.706595 0.680410 0.000000 -0.732780 -0.037019 0.000000 -0.999298 -0.026185 0.707083 -0.706595 -0.037019 0.000000 -0.999298 -0.026185 0.707083 -0.706595 -0.037019 0.000000 -0.999298 -0.037019 0.000000 -0.999298 -0.037019 0.000000 -0.999298 -0.037019 0.000000 -0.999298 -0.555559 0.577349 0.598315 -0.680410 0.000000 0.732780 0.732780 0.000000 0.680410 -0.732780 0.000000 -0.680410 -0.598315 0.577349 -0.555559 -0.598315 0.577349 -0.555559 -0.732780 0.000000 -0.680410 -0.680410 0.000000 0.732780 -0.555559 0.577349 0.598315 0.555559 -0.577349 -0.598315 0.680410 0.000000 -0.732780 0.732780 0.000000 0.680410 0.598315 -0.577349 0.555559 " />
										<TextureCoordinate point="0.0186 0.8310 0.0186 0.9853 0.4814 0.9853 0.4814 0.8310 0.0186 0.7539 0.0186 0.9853 0.4814 0.9853 0.4814 0.7539 0.0186 0.8310 0.0186 0.9853 0.4814 0.9853 0.4814 0.8310 0.0186 0.8696 0.0186 0.9853 0.4814 0.9853 0.4814 0.8696 0.2500 0.8310 0.2500 0.9853 0.4814 0.9853 0.4814 0.8310 0.3657 0.8310 0.3657 0.9853 0.4814 0.8310 0.0186 0.8310 0.0186 0.9853 0.2500 0.9853 0.2500 0.8310 0.1343 0.8310 0.1343 0.9853 0.0186 0.5225 0.0186 0.7539 0.4814 0.7539 0.4814 0.5225 0.0186 0.6382 0.4814 0.6382 0.0186 0.5225 0.4814 0.5225 0.0186 0.8310 0.2500 0.5225 0.2500 0.6768 0.3657 0.6768 0.3657 0.5225 0.0186 0.6768 0.1343 0.6768 0.1343 0.5225 0.2500 0.6768 0.2500 0.5225 0.5368 0.5359 0.5368 0.9719 0.9725 0.9719 0.9725 0.5359 0.0186 0.5225 0.0186 0.6768 0.4814 0.6768 0.4814 0.6768 0.4814 0.5225 0.0186 0.5225 0.0186 0.6768 0.4814 0.6768 0.4814 0.5225 0.0186 0.5225 0.0186 0.6768 0.4814 0.6768 0.4814 0.5225 " />
									</IndexedTriangleSet>
								</Shape>
							</Group>
						</Transform>
					</Transform>
				</Transform>
			</Transform>
			<Transform DEF="foot1_TRANSFORM"
			           translation="0.417728 0.160141 0.013011"
			           scale="1.000000 1.000000 1.000000"
			           rotation="0.000000 1.000000 0.000000 0.000000"
			           >
				<Transform DEF="foot1_ifs_TRANSFORM"
				           translation="0.000000 0.000000 0.000000"
				           scale="1.000000 1.000000 1.000000"
				           rotation="0.000000 1.000000 0.000000 0.000000"
				           >
					<Group DEF="group_ME_foot1">
						<Shape>
							<Appearance>
								<Material USE="MA_Body" />
							</Appearance>
							<IndexedTriangleSet solid="false"
							                    normalPerVertex="true"
							                    index="0 1 2 0 2 3 4 5 6 4 6 7 8 9 10 8 10 11 12 13 14 12 14 15 16 17 18 16 18 19 20 21 14 20 14 22 23 24 1 23 1 25 26 27 28 26 28 29 30 31 32 30 32 33 34 35 1 34 1 0 36 37 35 36 35 34 25 1 21 25 21 20 29 28 17 29 17 16 33 32 9 33 9 8 0 38 39 0 39 40 41 42 43 41 43 44 45 46 47 45 47 48 46 25 20 46 20 47 49 50 38 49 38 0 50 26 29 50 29 38 51 52 46 51 46 45 52 23 25 52 25 46 48 47 53 48 53 54 47 20 22 47 22 53 40 39 55 40 55 15 39 16 19 39 19 55 56 57 58 56 58 59 59 58 13 59 13 12 49 24 60 49 60 61 61 60 5 61 5 4 "
							                    >
								<Coordinate point="-0.361792 0.235850 -0.322112 -0.361792 0.235849 0.000000 -0.361792 0.440913 0.000000 -0.361792 0.440913 -0.322112 0.173668 0.440913 -0.322112 0.173668 0.440913 -0.000000 0.361792 0.440913 0.000000 0.361792 0.440913 -0.322112 0.361792 -0.280653 -0.322112 0.361792 -0.280653 0.000000 0.361792 -0.856426 0.000000 0.361792 -0.856426 -0.322112 -0.173668 -0.856426 -0.322112 -0.173668 -0.856426 -0.000000 -0.361792 -0.856426 0.000000 -0.361792 -0.856426 -0.322112 0.173668 -0.280653 -0.322112 0.361792 -0.280653 -0.322112 0.361792 -0.856426 -0.322112 0.173668 -0.856426 -0.322112 -0.173668 -0.280653 -0.000000 -0.361792 -0.280653 0.000000 -0.173668 -0.856426 -0.000000 -0.173668 0.440913 -0.000000 -0.361792 0.440913 0.000000 -0.173668 0.235849 -0.000000 0.173668 0.440913 -0.322112 0.361792 0.440913 -0.322112 0.361792 0.235849 -0.322112 0.173668 0.235849 -0.322112 0.361792 0.440913 -0.322112 0.361792 0.440913 0.000000 0.361792 0.235850 0.000000 0.361792 0.235849 -0.322112 -0.361792 -0.280653 -0.322112 -0.361792 -0.280653 0.000000 -0.361792 -0.856426 -0.322112 -0.361792 -0.856426 0.000000 -0.173668 0.235849 -0.322112 -0.173668 -0.280653 -0.322112 -0.361792 -0.280653 -0.322112 -0.173668 0.235849 -0.322112 0.173668 0.235849 -0.322112 0.173668 -0.280653 -0.322112 -0.173668 -0.280653 -0.322112 0.361792 0.235850 0.000000 0.173668 0.235849 -0.000000 0.173668 -0.280653 -0.000000 0.361792 -0.280653 0.000000 -0.361792 0.440913 -0.322112 -0.173668 0.440913 -0.322112 0.361792 0.440913 0.000000 0.173668 0.440913 -0.000000 0.173668 -0.856426 -0.000000 0.361792 -0.856426 0.000000 -0.173668 -0.856426 -0.322112 0.361792 -0.856426 -0.322112 0.361792 -0.856426 0.000000 0.173668 -0.856426 -0.000000 0.173668 -0.856426 -0.322112 -0.173668 0.440913 -0.000000 -0.173668 0.440913 -0.322112 " />
								<Normal vector="-0.707083 0.000000 -0.707083 -0.707083 0.000000 0.707083 -0.577349 0.577349 0.577349 -0.577349 0.577349 -0.577349 0.000000 0.707083 -0.707083 0.000000 0.707083 0.707083 0.577349 0.577349 0.577349 0.577349 0.577349 -0.577349 0.707083 0.000000 -0.707083 0.707083 0.000000 0.707083 0.577349 -0.577349 0.577349 0.577349 -0.577349 -0.577349 0.000000 -0.707083 -0.707083 0.000000 -0.707083 0.707083 -0.577349 -0.577349 0.577349 -0.577349 -0.577349 -0.577349 0.000000 0.000000 -1.000000 0.707083 0.000000 -0.707083 0.577349 -0.577349 -0.577349 0.000000 -0.707083 -0.707083 0.000000 0.000000 1.000000 -0.707083 0.000000 0.707083 0.000000 -0.707083 0.707083 0.000000 0.707083 0.707083 -0.577349 0.577349 0.577349 0.000000 0.000000 1.000000 0.000000 0.707083 -0.707083 0.577349 0.577349 -0.577349 0.707083 0.000000 -0.707083 0.000000 0.000000 -1.000000 0.577349 0.577349 -0.577349 0.577349 0.577349 0.577349 0.707083 0.000000 0.707083 0.707083 0.000000 -0.707083 -0.707083 0.000000 -0.707083 -0.707083 0.000000 0.707083 -0.577349 -0.577349 -0.577349 -0.577349 -0.577349 0.577349 0.000000 0.000000 -1.000000 0.000000 0.000000 -1.000000 -0.707083 0.000000 -0.707083 0.000000 0.000000 -1.000000 0.000000 0.000000 -1.000000 0.000000 0.000000 -1.000000 0.000000 0.000000 -1.000000 0.707083 0.000000 0.707083 0.000000 0.000000 1.000000 0.000000 0.000000 1.000000 0.707083 0.000000 0.707083 -0.577349 0.577349 -0.577349 0.000000 0.707083 -0.707083 0.577349 0.577349 0.577349 0.000000 0.707083 0.707083 0.000000 -0.707083 0.707083 0.577349 -0.577349 0.577349 0.000000 -0.707083 -0.707083 0.577349 -0.577349 -0.577349 0.577349 -0.577349 0.577349 0.000000 -0.707083 0.707083 0.000000 -0.707083 -0.707083 0.000000 0.707083 0.707083 0.000000 0.707083 -0.707083 " />
								<TextureCoordinate point="0.0186 0.7539 0.4814 0.7539 0.4814 0.9853 0.0186 0.9853 0.0186 0.8310 0.4814 0.8310 0.4814 0.9853 0.0186 0.9853 0.0186 0.8696 0.4814 0.8696 0.4814 0.9853 0.0186 0.9853 0.0186 0.8310 0.4814 0.8310 0.4814 0.9853 0.0186 0.9853 0.3271 0.8696 0.4814 0.8696 0.4814 0.9853 0.3271 0.9853 0.3271 0.8696 0.4814 0.8696 0.3271 0.9853 0.3271 0.5225 0.4814 0.5225 0.3271 0.7539 0.3271 0.5225 0.4814 0.5225 0.4814 0.7539 0.3271 0.7539 0.0186 0.5225 0.4814 0.5225 0.4814 0.7539 0.0186 0.7539 0.0186 0.6382 0.4814 0.6382 0.0186 0.5225 0.4814 0.5225 0.1729 0.7539 0.1729 0.8696 0.0186 0.8696 0.5327 0.5338 0.9751 0.5338 0.9751 0.9803 0.5327 0.9803 0.0186 0.7539 0.1729 0.7539 0.1729 0.8696 0.0186 0.8696 0.0186 0.5225 0.1729 0.5225 0.0186 0.5225 0.1729 0.5225 0.1729 0.9853 0.0186 0.9853 0.1729 0.9853 0.0186 0.5225 0.4814 0.5225 0.4814 0.6768 0.0186 0.6768 0.4814 0.6768 0.0186 0.6768 " />
							</IndexedTriangleSet>
						</Shape>
					</Group>
				</Transform>
			</Transform>
			<Transform DEF="tail_TRANSFORM"
			           translation="0.000000 0.940746 0.864839"
			           scale="1.000000 1.000000 1.000000"
			           rotation="0.000000 1.000000 0.000000 0.000000"
			           >
				<Transform DEF="tail_ifs_TRANSFORM"
				           translation="0.000000 0.000000 0.000000"
				           scale="1.000000 1.000000 1.000000"
				           rotation="0.000000 1.000000 0.000000 0.000000"
				           >
					<Group DEF="group_ME_tail">
						<Shape>
							<Appearance>
								<Material USE="MA_Body" />
							</Appearance>
							<IndexedTriangleSet solid="false"
							                    normalPerVertex="true"
							                    index="0 1 2 0 2 3 4 5 6 4 6 7 8 9 10 8 10 11 12 13 14 12 14 15 4 16 17 4 17 15 18 5 14 18 14 19 "
							                    >
								<Coordinate point="-0.360556 0.000000 -0.326985 -0.360556 0.000000 0.326985 -0.360556 0.497929 0.326985 -0.360556 0.497929 -0.326985 -0.360556 0.497929 -0.326985 -0.360556 0.497929 0.326985 0.360556 0.497929 0.326985 0.360556 0.497929 -0.326985 0.360556 0.497929 -0.326985 0.360556 0.497929 0.326985 0.360556 0.000000 0.326985 0.360556 0.000000 -0.326985 0.360556 0.000000 -0.326985 0.360556 0.000000 0.326985 -0.360556 0.000000 0.326985 -0.360556 0.000000 -0.326985 0.360556 0.497929 -0.326985 0.360556 0.000000 -0.326985 0.360556 0.497929 0.326985 0.360556 0.000000 0.326985 " />
								<Normal vector="-0.577349 -0.577349 -0.577349 -0.577349 -0.577349 0.577349 -0.577349 0.577349 0.577349 -0.577349 0.577349 -0.577349 -0.577349 0.577349 -0.577349 -0.577349 0.577349 0.577349 0.577349 0.577349 0.577349 0.577349 0.577349 -0.577349 0.577349 0.577349 -0.577349 0.577349 0.577349 0.577349 0.577349 -0.577349 0.577349 0.577349 -0.577349 -0.577349 0.577349 -0.577349 -0.577349 0.577349 -0.577349 0.577349 -0.577349 -0.577349 0.577349 -0.577349 -0.577349 -0.577349 0.577349 0.577349 -0.577349 0.577349 -0.577349 -0.577349 0.577349 0.577349 0.577349 0.577349 -0.577349 0.577349 " />
								<TextureCoordinate point="0.0256 0.0225 0.9666 0.0225 0.9666 0.4853 0.0256 0.4853 0.0256 0.0225 0.9666 0.0225 0.9666 0.4853 0.0256 0.4853 0.0256 0.0225 0.9666 0.0225 0.9666 0.4853 0.0256 0.4853 0.0256 0.0225 0.9666 0.0225 0.9666 0.4853 0.0256 0.4853 0.9666 0.0225 0.9666 0.4853 0.0256 0.0225 0.0256 0.4853 " />
							</IndexedTriangleSet>
						</Shape>
					</Group>
				</Transform>
				<Transform DEF="tail1_TRANSFORM"
				           translation="0.000000 0.354478 0.000000"
				           scale="1.000000 1.000000 1.000000"
				           rotation="0.000000 1.000000 0.000000 0.000000"
				           >
					<Transform DEF="tail1_ifs_TRANSFORM"
					           translation="0.000000 0.000000 0.000000"
					           scale="1.000000 1.000000 1.000000"
					           rotation="0.000000 1.000000 0.000000 0.000000"
					           >
						<Group DEF="group_ME_tail1">
							<Shape>
								<Appearance>
									<Material USE="MA_Body" />
								</Appearance>
								<IndexedTriangleSet solid="false"
								                    normalPerVertex="true"
								                    index="0 1 2 0 2 3 4 5 6 4 6 7 8 9 10 8 10 11 12 13 14 12 14 15 4 16 17 4 17 15 18 5 14 18 14 19 "
								                    >
									<Coordinate point="-0.653176 0.000000 -0.641611 -0.653176 0.000000 0.641611 -0.653176 0.777097 0.641611 -0.653176 0.777097 -0.641611 -0.653176 0.777097 -0.641611 -0.653176 0.777097 0.641611 0.653176 0.777097 0.641611 0.653176 0.777097 -0.641611 0.653176 0.777097 -0.641611 0.653176 0.777097 0.641611 0.653176 0.000000 0.641611 0.653176 0.000000 -0.641611 0.653176 0.000000 -0.641611 0.653176 0.000000 0.641611 -0.653176 0.000000 0.641611 -0.653176 0.000000 -0.641611 0.653176 0.777097 -0.641611 0.653176 0.000000 -0.641611 0.653176 0.777097 0.641611 0.653176 0.000000 0.641611 " />
									<Normal vector="-0.577349 -0.577349 -0.577349 -0.577349 -0.577349 0.577349 -0.577349 0.577349 0.577349 -0.577349 0.577349 -0.577349 -0.577349 0.577349 -0.577349 -0.577349 0.577349 0.577349 0.577349 0.577349 0.577349 0.577349 0.577349 -0.577349 0.577349 0.577349 -0.577349 0.577349 0.577349 0.577349 0.577349 -0.577349 0.577349 0.577349 -0.577349 -0.577349 0.577349 -0.577349 -0.577349 0.577349 -0.577349 0.577349 -0.577349 -0.577349 0.577349 -0.577349 -0.577349 -0.577349 0.577349 0.577349 -0.577349 0.577349 -0.577349 -0.577349 0.577349 0.577349 0.577349 0.577349 -0.577349 0.577349 " />
									<TextureCoordinate point="0.0256 0.0225 0.9666 0.0225 0.9666 0.4853 0.0256 0.4853 0.0256 0.0225 0.9666 0.0225 0.9666 0.4853 0.0256 0.4853 0.0256 0.0225 0.9666 0.0225 0.9666 0.4853 0.0256 0.4853 0.0256 0.0225 0.9666 0.0225 0.9666 0.4853 0.0256 0.4853 0.9666 0.0225 0.9666 0.4853 0.0256 0.0225 0.0256 0.4853 " />
								</IndexedTriangleSet>
							</Shape>
						</Group>
					</Transform>
					<Transform DEF="tail2_TRANSFORM"
					           translation="0.000000 0.640562 0.000000"
					           scale="1.000000 1.000000 1.000000"
					           rotation="0.000000 1.000000 0.000000 0.000000"
					           >
						<Transform DEF="tail2_ifs_TRANSFORM"
						           translation="0.000000 0.000000 0.000000"
						           scale="1.000000 1.000000 1.000000"
						           rotation="0.000000 1.000000 0.000000 0.000000"
						           >
							<Group DEF="group_ME_tail2">
								<Shape>
									<Appearance>
										<Material USE="MA_Body" />
									</Appearance>
									<IndexedTriangleSet solid="false"
									                    normalPerVertex="true"
									                    index="0 1 2 0 2 3 4 5 6 4 6 7 8 9 10 8 10 11 12 13 14 12 14 15 4 16 17 4 17 15 18 5 14 18 14 19 "
									                    >
										<Coordinate point="-0.999595 0.000000 -0.891423 -0.999595 0.000000 0.891423 -0.999595 1.922496 0.891423 -0.999595 1.922496 -0.891423 -0.999595 1.922496 -0.891423 -0.999595 1.922496 0.891423 0.999595 1.922496 0.891423 0.999595 1.922496 -0.891423 0.999595 1.922496 -0.891423 0.999595 1.922496 0.891423 0.999595 0.000000 0.891423 0.999595 0.000000 -0.891423 0.999595 0.000000 -0.891423 0.999595 0.000000 0.891423 -0.999595 0.000000 0.891423 -0.999595 0.000000 -0.891423 0.999595 1.922496 -0.891423 0.999595 0.000000 -0.891423 0.999595 1.922496 0.891423 0.999595 0.000000 0.891423 " />
										<Normal vector="-0.577349 -0.577349 -0.577349 -0.577349 -0.577349 0.577349 -0.577349 0.577349 0.577349 -0.577349 0.577349 -0.577349 -0.577349 0.577349 -0.577349 -0.577349 0.577349 0.577349 0.577349 0.577349 0.577349 0.577349 0.577349 -0.577349 0.577349 0.577349 -0.577349 0.577349 0.577349 0.577349 0.577349 -0.577349 0.577349 0.577349 -0.577349 -0.577349 0.577349 -0.577349 -0.577349 0.577349 -0.577349 0.577349 -0.577349 -0.577349 0.577349 -0.577349 -0.577349 -0.577349 0.577349 0.577349 -0.577349 0.577349 -0.577349 -0.577349 0.577349 0.577349 0.577349 0.577349 -0.577349 0.577349 " />
										<TextureCoordinate point="0.0256 0.0225 0.9666 0.0225 0.9666 0.4853 0.0256 0.4853 0.0256 0.0225 0.9666 0.0225 0.9666 0.4853 0.0256 0.4853 0.0256 0.0225 0.9666 0.0225 0.9666 0.4853 0.0256 0.4853 0.0256 0.0225 0.9666 0.0225 0.9666 0.4853 0.0256 0.4853 0.9666 0.0225 0.9666 0.4853 0.0256 0.0225 0.0256 0.4853 " />
									</IndexedTriangleSet>
								</Shape>
							</Group>
						</Transform>
						<Transform DEF="tail3_TRANSFORM"
						           translation="0.000000 1.781564 0.000000"
						           scale="1.000000 1.000000 1.000000"
						           rotation="0.000000 1.000000 0.000000 0.000000"
						           >
							<Transform DEF="tail3_ifs_TRANSFORM"
							           translation="0.000000 0.000000 0.000000"
							           scale="1.000000 1.000000 1.000000"
							           rotation="0.000000 1.000000 0.000000 0.000000"
							           >
								<Group DEF="group_ME_tail3">
									<Shape>
										<Appearance>
											<Material USE="MA_Body" />
										</Appearance>
										<IndexedTriangleSet solid="false"
										                    normalPerVertex="true"
										                    index="0 1 2 0 2 3 4 5 6 4 6 7 8 9 10 8 10 11 12 13 14 12 14 15 4 16 17 4 17 15 18 5 14 18 14 19 "
										                    >
											<Coordinate point="-0.870365 0.000000 -0.807063 -0.870365 0.000000 0.807063 -0.870365 1.742784 0.807063 -0.870365 1.742784 -0.807063 -0.870365 1.742784 -0.807063 -0.870365 1.742784 0.807063 0.870365 1.742784 0.807063 0.870365 1.742784 -0.807063 0.870365 1.742784 -0.807063 0.870365 1.742784 0.807063 0.870365 0.000000 0.807063 0.870365 0.000000 -0.807063 0.870365 0.000000 -0.807063 0.870365 0.000000 0.807063 -0.870365 0.000000 0.807063 -0.870365 0.000000 -0.807063 0.870365 1.742784 -0.807063 0.870365 0.000000 -0.807063 0.870365 1.742784 0.807063 0.870365 0.000000 0.807063 " />
											<Normal vector="-0.577349 -0.577349 -0.577349 -0.577349 -0.577349 0.577349 -0.577349 0.577349 0.577349 -0.577349 0.577349 -0.577349 -0.577349 0.577349 -0.577349 -0.577349 0.577349 0.577349 0.577349 0.577349 0.577349 0.577349 0.577349 -0.577349 0.577349 0.577349 -0.577349 0.577349 0.577349 0.577349 0.577349 -0.577349 0.577349 0.577349 -0.577349 -0.577349 0.577349 -0.577349 -0.577349 0.577349 -0.577349 0.577349 -0.577349 -0.577349 0.577349 -0.577349 -0.577349 -0.577349 0.577349 0.577349 -0.577349 0.577349 -0.577349 -0.577349 0.577349 0.577349 0.577349 0.577349 -0.577349 0.577349 " />
											<TextureCoordinate point="0.0256 0.0225 0.9666 0.0225 0.9666 0.4853 0.0256 0.4853 0.0256 0.0225 0.9666 0.0225 0.9666 0.4853 0.0256 0.4853 0.0256 0.0225 0.9666 0.0225 0.9666 0.4853 0.0256 0.4853 0.0256 0.0225 0.9666 0.0225 0.9666 0.4853 0.0256 0.4853 0.9666 0.0225 0.9666 0.4853 0.0256 0.0225 0.0256 0.4853 " />
										</IndexedTriangleSet>
									</Shape>
								</Group>
							</Transform>
							<Transform DEF="tail4_TRANSFORM"
							           translation="0.000000 1.591397 0.000000"
							           scale="1.000000 1.000000 1.000000"
							           rotation="0.000000 1.000000 0.000000 0.000000"
							           >
								<Transform DEF="tail4_ifs_TRANSFORM"
								           translation="0.000000 0.000000 0.000000"
								           scale="1.000000 1.000000 1.000000"
								           rotation="0.000000 1.000000 0.000000 0.000000"
								           >
									<Group DEF="group_ME_tail4">
										<Shape>
											<Appearance>
												<Material USE="MA_Body" />
											</Appearance>
											<IndexedTriangleSet solid="false"
											                    normalPerVertex="true"
											                    index="0 1 2 0 2 3 4 5 6 4 6 7 8 9 10 8 10 11 12 13 14 12 14 15 4 16 17 4 17 15 18 5 14 18 14 19 "
											                    >
												<Coordinate point="-0.773672 0.000000 -0.639826 -0.773672 0.000000 0.639826 -0.773672 1.569247 0.639826 -0.773672 1.569247 -0.639826 -0.773672 1.569247 -0.639826 -0.773672 1.569247 0.639826 0.773672 1.569247 0.639826 0.773672 1.569247 -0.639826 0.773672 1.569247 -0.639826 0.773672 1.569247 0.639826 0.773672 0.000000 0.639826 0.773672 0.000000 -0.639826 0.773672 0.000000 -0.639826 0.773672 0.000000 0.639826 -0.773672 0.000000 0.639826 -0.773672 0.000000 -0.639826 0.773672 1.569247 -0.639826 0.773672 0.000000 -0.639826 0.773672 1.569247 0.639826 0.773672 0.000000 0.639826 " />
												<Normal vector="-0.577349 -0.577349 -0.577349 -0.577349 -0.577349 0.577349 -0.577349 0.577349 0.577349 -0.577349 0.577349 -0.577349 -0.577349 0.577349 -0.577349 -0.577349 0.577349 0.577349 0.577349 0.577349 0.577349 0.577349 0.577349 -0.577349 0.577349 0.577349 -0.577349 0.577349 0.577349 0.577349 0.577349 -0.577349 0.577349 0.577349 -0.577349 -0.577349 0.577349 -0.577349 -0.577349 0.577349 -0.577349 0.577349 -0.577349 -0.577349 0.577349 -0.577349 -0.577349 -0.577349 0.577349 0.577349 -0.577349 0.577349 -0.577349 -0.577349 0.577349 0.577349 0.577349 0.577349 -0.577349 0.577349 " />
												<TextureCoordinate point="0.0256 0.0225 0.9666 0.0225 0.9666 0.4853 0.0256 0.4853 0.0256 0.0225 0.9666 0.0225 0.9666 0.4853 0.0256 0.4853 0.0256 0.0225 0.9666 0.0225 0.9666 0.4853 0.0256 0.4853 0.0256 0.0225 0.9666 0.0225 0.9666 0.4853 0.0256 0.4853 0.9666 0.0225 0.9666 0.4853 0.0256 0.0225 0.0256 0.4853 " />
											</IndexedTriangleSet>
										</Shape>
									</Group>
								</Transform>
								<Transform DEF="tail5_TRANSFORM"
								           translation="-0.192388 1.364156 -0.013177"
								           scale="1.000000 1.000000 1.000000"
								           rotation="0.000000 1.000000 0.000000 0.000000"
								           >
									<Transform DEF="tail5_ifs_TRANSFORM"
									           translation="0.000000 0.000000 0.000000"
									           scale="1.000000 1.000000 1.000000"
									           rotation="0.000000 1.000000 0.000000 0.000000"
									           >
										<Group DEF="group_ME_tail5">
											<Shape>
												<Appearance>
													<Material USE="MA_Body" />
												</Appearance>
												<IndexedTriangleSet solid="false"
												                    normalPerVertex="true"
												                    index="0 1 2 0 2 3 4 5 6 4 6 7 8 9 10 8 10 11 12 13 14 12 14 15 4 16 17 4 17 15 18 5 14 18 14 19 "
												                    >
													<Coordinate point="-0.422708 -0.031120 -0.578163 -0.422708 -0.031120 0.578163 -0.513102 1.196708 0.578163 -0.513102 1.196708 -0.578163 -0.513102 1.196708 -0.578163 -0.513102 1.196708 0.578163 0.332315 1.258948 0.578163 0.332315 1.258948 -0.578163 0.332315 1.258948 -0.578163 0.332315 1.258948 0.578163 0.422708 0.031120 0.578163 0.422708 0.031120 -0.578163 0.422708 0.031120 -0.578163 0.422708 0.031120 0.578163 -0.422708 -0.031120 0.578163 -0.422708 -0.031120 -0.578163 0.332315 1.258948 -0.578163 0.422708 0.031120 -0.578163 0.332315 1.258948 0.578163 0.422708 0.031120 0.578163 " />
													<Normal vector="-0.533372 -0.618152 -0.577349 -0.533372 -0.618152 0.577349 -0.618152 0.533372 0.577349 -0.618152 0.533372 -0.577349 -0.618152 0.533372 -0.577349 -0.618152 0.533372 0.577349 0.533372 0.618152 0.577349 0.533372 0.618152 -0.577349 0.533372 0.618152 -0.577349 0.533372 0.618152 0.577349 0.618152 -0.533372 0.577349 0.618152 -0.533372 -0.577349 0.618152 -0.533372 -0.577349 0.618152 -0.533372 0.577349 -0.533372 -0.618152 0.577349 -0.533372 -0.618152 -0.577349 0.533372 0.618152 -0.577349 0.618152 -0.533372 -0.577349 0.533372 0.618152 0.577349 0.618152 -0.533372 0.577349 " />
													<TextureCoordinate point="0.0256 0.0225 0.9666 0.0225 0.9666 0.4853 0.0256 0.4853 0.0256 0.0225 0.9666 0.0225 0.9666 0.4853 0.0256 0.4853 0.0256 0.0225 0.9666 0.0225 0.9666 0.4853 0.0256 0.4853 0.0256 0.0225 0.9666 0.0225 0.9666 0.4853 0.0256 0.4853 0.9666 0.0225 0.9666 0.4853 0.0256 0.0225 0.0256 0.4853 " />
												</IndexedTriangleSet>
											</Shape>
										</Group>
									</Transform>
									<Transform DEF="Cube_021_TRANSFORM"
									           translation="-0.037157 1.026221 0.000000"
									           scale="1.000000 1.000000 1.000000"
									           rotation="0.000000 1.000000 0.000000 0.000000"
									           >
										<Transform DEF="Cube_021_ifs_TRANSFORM"
										           translation="0.000000 0.000000 0.000000"
										           scale="1.000000 1.000000 1.000000"
										           rotation="0.000000 1.000000 0.000000 0.000000"
										           >
											<Group DEF="group_ME_Cube_017">
												<Shape>
													<Appearance>
														<Material USE="MA_Body" />
													</Appearance>
													<IndexedTriangleSet solid="false"
													                    normalPerVertex="true"
													                    index="0 1 2 0 2 3 4 5 6 4 6 7 8 9 10 8 10 11 12 13 14 12 14 15 4 16 17 4 17 15 18 5 14 18 14 19 "
													                    >
														<Coordinate point="-0.263131 -0.084679 -0.434337 -0.263131 -0.084679 0.434337 -0.491952 0.626357 0.434337 -0.491952 0.626357 -0.434337 -0.491952 0.626357 -0.434337 -0.491952 0.626357 0.434337 0.034311 0.795715 0.434337 0.034311 0.795715 -0.434337 0.034311 0.795715 -0.434337 0.034311 0.795715 0.434337 0.263131 0.084679 0.434337 0.263131 0.084679 -0.434337 0.263131 0.084679 -0.434337 0.263131 0.084679 0.434337 -0.263131 -0.084679 0.434337 -0.263131 -0.084679 -0.434337 0.034311 0.795715 -0.434337 0.263131 0.084679 -0.434337 0.034311 0.795715 0.434337 0.263131 0.084679 0.434337 " />
														<Normal vector="-0.372723 -0.726432 -0.577349 -0.372723 -0.726432 0.577349 -0.726432 0.372723 0.577349 -0.726432 0.372723 -0.577349 -0.726432 0.372723 -0.577349 -0.726432 0.372723 0.577349 0.372723 0.726432 0.577349 0.372723 0.726432 -0.577349 0.372723 0.726432 -0.577349 0.372723 0.726432 0.577349 0.726432 -0.372723 0.577349 0.726432 -0.372723 -0.577349 0.726432 -0.372723 -0.577349 0.726432 -0.372723 0.577349 -0.372723 -0.726432 0.577349 -0.372723 -0.726432 -0.577349 0.372723 0.726432 -0.577349 0.726432 -0.372723 -0.577349 0.372723 0.726432 0.577349 0.726432 -0.372723 0.577349 " />
														<TextureCoordinate point="0.0256 0.0225 0.9666 0.0225 0.9666 0.4853 0.0256 0.4853 0.0256 0.0225 0.9666 0.0225 0.9666 0.4853 0.0256 0.4853 0.0256 0.0225 0.9666 0.0225 0.9666 0.4853 0.0256 0.4853 0.0256 0.0225 0.9666 0.0225 0.9666 0.4853 0.0256 0.4853 0.9666 0.0225 0.9666 0.4853 0.0256 0.0225 0.0256 0.4853 " />
													</IndexedTriangleSet>
												</Shape>
											</Group>
										</Transform>
										<Transform DEF="Cube_022_TRANSFORM"
										           translation="-0.183459 0.570078 0.000000"
										           scale="1.000000 1.000000 1.000000"
										           rotation="0.000000 1.000000 0.000000 0.000000"
										           >
											<Transform DEF="Cube_022_ifs_TRANSFORM"
											           translation="0.000000 0.000000 0.000000"
											           scale="1.000000 1.000000 1.000000"
											           rotation="0.000000 1.000000 0.000000 0.000000"
											           >
												<Group DEF="group_ME_Cube_018">
													<Shape>
														<Appearance>
															<Material USE="MA_Body" />
														</Appearance>
														<IndexedTriangleSet solid="false"
														                    normalPerVertex="true"
														                    index="0 1 2 0 2 3 4 5 6 4 6 7 8 9 10 8 10 11 12 13 14 12 14 15 4 16 17 4 17 15 18 5 14 18 14 19 "
														                    >
															<Coordinate point="-0.119797 -0.098461 -0.245263 -0.119797 -0.098461 0.245263 -0.554117 0.429972 0.245263 -0.554117 0.429972 -0.245263 -0.554117 0.429972 -0.245263 -0.554117 0.429972 0.245263 -0.314524 0.626894 0.245263 -0.314524 0.626894 -0.245263 -0.314524 0.626894 -0.245263 -0.314524 0.626894 0.245263 0.119797 0.098461 0.245263 0.119797 0.098461 -0.245263 0.119797 0.098461 -0.245263 0.119797 0.098461 0.245263 -0.119797 -0.098461 0.245263 -0.119797 -0.098461 -0.245263 -0.314524 0.626894 -0.245263 0.119797 0.098461 -0.245263 -0.314524 0.626894 0.245263 0.119797 0.098461 0.245263 " />
															<Normal vector="-0.079409 -0.812616 -0.577349 -0.079409 -0.812616 0.577349 -0.812616 0.079409 0.577349 -0.812616 0.079409 -0.577349 -0.812616 0.079409 -0.577349 -0.812616 0.079409 0.577349 0.079409 0.812616 0.577349 0.079409 0.812616 -0.577349 0.079409 0.812616 -0.577349 0.079409 0.812616 0.577349 0.812616 -0.079409 0.577349 0.812616 -0.079409 -0.577349 0.812616 -0.079409 -0.577349 0.812616 -0.079409 0.577349 -0.079409 -0.812616 0.577349 -0.079409 -0.812616 -0.577349 0.079409 0.812616 -0.577349 0.812616 -0.079409 -0.577349 0.079409 0.812616 0.577349 0.812616 -0.079409 0.577349 " />
															<TextureCoordinate point="0.0256 0.0225 0.9666 0.0225 0.9666 0.4853 0.0256 0.4853 0.0256 0.0225 0.9666 0.0225 0.9666 0.4853 0.0256 0.4853 0.0256 0.0225 0.9666 0.0225 0.9666 0.4853 0.0256 0.4853 0.0256 0.0225 0.9666 0.0225 0.9666 0.4853 0.0256 0.4853 0.9666 0.0225 0.9666 0.4853 0.0256 0.0225 0.0256 0.4853 " />
														</IndexedTriangleSet>
													</Shape>
												</Group>
											</Transform>
										</Transform>
									</Transform>
								</Transform>
								<Transform DEF="tail6_TRANSFORM"
								           translation="0.214228 1.364156 -0.013177"
								           scale="1.000000 1.000000 1.000000"
								           rotation="0.000000 1.000000 0.000000 0.000000"
								           >
									<Transform DEF="tail6_ifs_TRANSFORM"
									           translation="0.000000 0.000000 0.000000"
									           scale="1.000000 1.000000 1.000000"
									           rotation="0.000000 1.000000 0.000000 0.000000"
									           >
										<Group DEF="group_ME_tail6">
											<Shape>
												<Appearance>
													<Material USE="MA_Body" />
												</Appearance>
												<IndexedTriangleSet solid="false"
												                    normalPerVertex="true"
												                    index="0 1 2 0 2 3 4 5 6 4 6 7 8 9 10 8 10 11 12 13 14 12 14 15 4 16 17 4 17 15 18 5 14 18 14 19 "
												                    >
													<Coordinate point="-0.285831 0.093226 -0.354296 -0.285831 0.093226 0.354296 0.049295 1.120727 0.354296 0.049295 1.120727 -0.354296 0.049295 1.120727 -0.354296 0.049295 1.120727 0.354296 0.620957 0.934276 0.354296 0.620957 0.934276 -0.354296 0.620957 0.934276 -0.354296 0.620957 0.934276 0.354296 0.285831 -0.093226 0.354296 0.285831 -0.093226 -0.354296 0.285831 -0.093226 -0.354296 0.285831 -0.093226 0.354296 -0.285831 0.093226 0.354296 -0.285831 0.093226 -0.354296 0.620957 0.934276 -0.354296 0.285831 -0.093226 -0.354296 0.620957 0.934276 0.354296 0.285831 -0.093226 0.354296 " />
													<Normal vector="-0.727897 -0.369854 -0.577349 -0.727897 -0.369854 0.577349 -0.369854 0.727897 0.577349 -0.369854 0.727897 -0.577349 -0.369854 0.727897 -0.577349 -0.369854 0.727897 0.577349 0.727897 0.369854 0.577349 0.727897 0.369854 -0.577349 0.727897 0.369854 -0.577349 0.727897 0.369854 0.577349 0.369854 -0.727897 0.577349 0.369854 -0.727897 -0.577349 0.369854 -0.727897 -0.577349 0.369854 -0.727897 0.577349 -0.727897 -0.369854 0.577349 -0.727897 -0.369854 -0.577349 0.727897 0.369854 -0.577349 0.369854 -0.727897 -0.577349 0.727897 0.369854 0.577349 0.369854 -0.727897 0.577349 " />
													<TextureCoordinate point="0.0256 0.0225 0.9666 0.0225 0.9666 0.4853 0.0256 0.4853 0.0256 0.0225 0.9666 0.0225 0.9666 0.4853 0.0256 0.4853 0.0256 0.0225 0.9666 0.0225 0.9666 0.4853 0.0256 0.4853 0.0256 0.0225 0.9666 0.0225 0.9666 0.4853 0.0256 0.4853 0.9666 0.0225 0.9666 0.4853 0.0256 0.0225 0.0256 0.4853 " />
												</IndexedTriangleSet>
											</Shape>
										</Group>
									</Transform>
									<Transform DEF="Cube_024_TRANSFORM"
									           translation="0.294812 0.903899 0.000000"
									           scale="1.000000 1.000000 1.000000"
									           rotation="0.000000 1.000000 0.000000 0.000000"
									           >
										<Transform DEF="Cube_024_ifs_TRANSFORM"
										           translation="0.000000 0.000000 0.000000"
										           scale="1.000000 1.000000 1.000000"
										           rotation="0.000000 1.000000 0.000000 0.000000"
										           >
											<Group DEF="group_ME_Cube_028">
												<Shape>
													<Appearance>
														<Material USE="MA_Body" />
													</Appearance>
													<IndexedTriangleSet solid="false"
													                    normalPerVertex="true"
													                    index="0 1 2 0 2 3 4 5 6 4 6 7 8 9 10 8 10 11 12 13 14 12 14 15 4 16 17 4 17 15 18 5 14 18 14 19 "
													                    >
														<Coordinate point="-0.164490 -0.013983 -0.189639 -0.164490 -0.013983 0.189639 -0.224693 0.694243 0.189639 -0.224693 0.694243 -0.189639 -0.224693 0.694243 -0.189639 -0.224693 0.694243 0.189639 0.104287 0.722208 0.189639 0.104287 0.722208 -0.189639 0.104287 0.722208 -0.189639 0.104287 0.722208 0.189639 0.164490 0.013983 0.189639 0.164490 0.013983 -0.189639 0.164490 0.013983 -0.189639 0.164490 0.013983 0.189639 -0.164490 -0.013983 0.189639 -0.164490 -0.013983 -0.189639 0.104287 0.722208 -0.189639 0.164490 0.013983 -0.189639 0.104287 0.722208 0.189639 0.164490 0.013983 0.189639 " />
														<Normal vector="-0.526353 -0.624165 -0.577349 -0.526353 -0.624165 0.577349 -0.624165 0.526353 0.577349 -0.624165 0.526353 -0.577349 -0.624165 0.526353 -0.577349 -0.624165 0.526353 0.577349 0.526353 0.624165 0.577349 0.526353 0.624165 -0.577349 0.526353 0.624165 -0.577349 0.526353 0.624165 0.577349 0.624165 -0.526353 0.577349 0.624165 -0.526353 -0.577349 0.624165 -0.526353 -0.577349 0.624165 -0.526353 0.577349 -0.526353 -0.624165 0.577349 -0.526353 -0.624165 -0.577349 0.526353 0.624165 -0.577349 0.624165 -0.526353 -0.577349 0.526353 0.624165 0.577349 0.624165 -0.526353 0.577349 " />
														<TextureCoordinate point="0.0256 0.0225 0.9666 0.0225 0.9666 0.4853 0.0256 0.4853 0.0256 0.0225 0.9666 0.0225 0.9666 0.4853 0.0256 0.4853 0.0256 0.0225 0.9666 0.0225 0.9666 0.4853 0.0256 0.4853 0.0256 0.0225 0.9666 0.0225 0.9666 0.4853 0.0256 0.4853 0.9666 0.0225 0.9666 0.4853 0.0256 0.0225 0.0256 0.4853 " />
													</IndexedTriangleSet>
												</Shape>
											</Group>
										</Transform>
									</Transform>
								</Transform>
							</Transform>
						</Transform>
					</Transform>
				</Transform>
			</Transform>
			<Transform DEF="foot2_TRANSFORM"
			           translation="-0.417728 0.160141 0.013012"
			           scale="1.000000 1.000000 1.000000"
			           rotation="0.000000 1.000000 0.000000 0.000000"
			           >
				<Transform DEF="foot2_ifs_TRANSFORM"
				           translation="0.000000 0.000000 0.000000"
				           scale="1.000000 1.000000 1.000000"
				           rotation="0.000000 1.000000 0.000000 0.000000"
				           >
					<Group DEF="group_ME_foot2">
						<Shape>
							<Appearance>
								<Material USE="MA_Body" />
							</Appearance>
							<IndexedTriangleSet solid="false"
							                    normalPerVertex="true"
							                    index="0 1 2 0 2 3 4 5 6 4 6 7 8 9 10 8 10 11 12 13 14 12 14 15 16 17 18 16 18 19 20 21 14 20 14 22 23 24 3 23 3 25 26 27 28 26 28 29 30 31 32 30 32 33 34 0 3 34 3 35 36 34 35 36 35 37 24 20 22 24 22 3 27 16 19 27 19 28 31 8 11 31 11 32 0 38 39 0 39 40 41 42 43 41 43 44 45 46 47 45 47 48 48 47 20 48 20 24 49 0 40 49 40 50 50 40 27 50 27 26 51 45 48 51 48 52 52 48 24 52 24 23 46 53 54 46 54 47 47 54 21 47 21 20 38 13 55 38 55 39 39 55 17 39 17 16 56 57 58 56 58 59 57 12 15 57 15 58 49 60 61 49 61 25 60 4 7 60 7 61 "
							                    >
								<Coordinate point="0.361792 0.235850 -0.322112 0.361792 0.440913 -0.322112 0.361792 0.440913 0.000000 0.361792 0.235849 0.000000 -0.173668 0.440913 -0.322112 -0.361792 0.440913 -0.322112 -0.361792 0.440913 0.000000 -0.173668 0.440913 0.000000 -0.361792 -0.280653 -0.322112 -0.361792 -0.856426 -0.322112 -0.361792 -0.856426 -0.000000 -0.361792 -0.280653 -0.000000 0.173668 -0.856426 -0.322112 0.361792 -0.856426 -0.322112 0.361792 -0.856426 -0.000000 0.173668 -0.856426 -0.000000 -0.173668 -0.280653 -0.322112 -0.173668 -0.856426 -0.322112 -0.361792 -0.856426 -0.322112 -0.361792 -0.280653 -0.322112 0.173668 -0.280653 -0.000000 0.173668 -0.856426 -0.000000 0.361792 -0.280653 -0.000000 0.173668 0.440913 0.000000 0.173668 0.235849 0.000000 0.361792 0.440913 0.000000 -0.173668 0.440913 -0.322112 -0.173668 0.235849 -0.322112 -0.361792 0.235850 -0.322112 -0.361792 0.440913 -0.322112 -0.361792 0.440913 -0.322112 -0.361792 0.235850 -0.322112 -0.361792 0.235850 0.000000 -0.361792 0.440913 0.000000 0.361792 -0.280653 -0.322112 0.361792 -0.280653 -0.000000 0.361792 -0.856426 -0.322112 0.361792 -0.856426 -0.000000 0.361792 -0.280653 -0.322112 0.173668 -0.280653 -0.322112 0.173668 0.235850 -0.322112 0.173668 0.235850 -0.322112 0.173668 -0.280653 -0.322112 -0.173668 -0.280653 -0.322112 -0.173668 0.235849 -0.322112 -0.361792 0.235850 0.000000 -0.361792 -0.280653 -0.000000 -0.173668 -0.280653 -0.000000 -0.173668 0.235849 0.000000 0.361792 0.440913 -0.322112 0.173668 0.440913 -0.322112 -0.361792 0.440913 0.000000 -0.173668 0.440913 0.000000 -0.361792 -0.856426 -0.000000 -0.173668 -0.856426 -0.000000 0.173668 -0.856426 -0.322112 -0.361792 -0.856426 -0.322112 -0.173668 -0.856426 -0.322112 -0.173668 -0.856426 -0.000000 -0.361792 -0.856426 -0.000000 0.173668 0.440913 -0.322112 0.173668 0.440913 0.000000 " />
								<Normal vector="0.707083 0.000000 -0.707083 0.577349 0.577349 -0.577349 0.577349 0.577349 0.577349 0.707083 0.000000 0.707083 0.000000 0.707083 -0.707083 -0.577349 0.577349 -0.577349 -0.577349 0.577349 0.577349 0.000000 0.707083 0.707083 -0.707083 0.000000 -0.707083 -0.577349 -0.577349 -0.577349 -0.577349 -0.577349 0.577349 -0.707083 0.000000 0.707083 0.000000 -0.707083 -0.707083 0.577349 -0.577349 -0.577349 0.577349 -0.577349 0.577349 0.000000 -0.707083 0.707083 0.000000 0.000000 -1.000000 0.000000 -0.707083 -0.707083 -0.577349 -0.577349 -0.577349 -0.707083 0.000000 -0.707083 0.000000 0.000000 1.000000 0.000000 -0.707083 0.707083 0.707083 0.000000 0.707083 0.000000 0.707083 0.707083 0.000000 0.000000 1.000000 0.577349 0.577349 0.577349 0.000000 0.707083 -0.707083 0.000000 0.000000 -1.000000 -0.707083 0.000000 -0.707083 -0.577349 0.577349 -0.577349 -0.577349 0.577349 -0.577349 -0.707083 0.000000 -0.707083 -0.707083 0.000000 0.707083 -0.577349 0.577349 0.577349 0.707083 0.000000 -0.707083 0.707083 0.000000 0.707083 0.577349 -0.577349 -0.577349 0.577349 -0.577349 0.577349 0.707083 0.000000 -0.707083 0.000000 0.000000 -1.000000 0.000000 0.000000 -1.000000 0.000000 0.000000 -1.000000 0.000000 0.000000 -1.000000 0.000000 0.000000 -1.000000 0.000000 0.000000 -1.000000 -0.707083 0.000000 0.707083 -0.707083 0.000000 0.707083 0.000000 0.000000 1.000000 0.000000 0.000000 1.000000 0.577349 0.577349 -0.577349 0.000000 0.707083 -0.707083 -0.577349 0.577349 0.577349 0.000000 0.707083 0.707083 -0.577349 -0.577349 0.577349 0.000000 -0.707083 0.707083 0.000000 -0.707083 -0.707083 -0.577349 -0.577349 -0.577349 0.000000 -0.707083 -0.707083 0.000000 -0.707083 0.707083 -0.577349 -0.577349 0.577349 0.000000 0.707083 -0.707083 0.000000 0.707083 0.707083 " />
								<TextureCoordinate point="0.0186 0.7539 0.0186 0.9853 0.4814 0.9853 0.4814 0.7539 0.0186 0.8310 0.0186 0.9853 0.4814 0.9853 0.4814 0.8310 0.0186 0.8696 0.0186 0.9853 0.4814 0.9853 0.4814 0.8696 0.0186 0.8310 0.0186 0.9853 0.4814 0.9853 0.4814 0.8310 0.3271 0.8696 0.3271 0.9853 0.4814 0.9853 0.4814 0.8696 0.3271 0.8696 0.3271 0.9853 0.4814 0.8696 0.3271 0.5225 0.3271 0.7539 0.4814 0.5225 0.3271 0.5225 0.3271 0.7539 0.4814 0.7539 0.4814 0.5225 0.0186 0.5225 0.0186 0.7539 0.4814 0.7539 0.4814 0.5225 0.0186 0.6382 0.4814 0.6382 0.0186 0.5225 0.4814 0.5225 0.0186 0.8696 0.1729 0.8696 0.1729 0.7539 0.5327 0.5338 0.5327 0.9803 0.9751 0.9803 0.9751 0.5338 0.0186 0.7539 0.0186 0.8696 0.1729 0.8696 0.1729 0.7539 0.0186 0.5225 0.1729 0.5225 0.0186 0.5225 0.1729 0.5225 0.0186 0.9853 0.1729 0.9853 0.1729 0.9853 0.0186 0.5225 0.0186 0.6768 0.4814 0.6768 0.4814 0.5225 0.0186 0.6768 0.4814 0.6768 " />
							</IndexedTriangleSet>
						</Shape>
					</Group>
				</Transform>
			</Transform>
		</Transform>
	</Scene>
</X3D>