<?xml version="1.0" encoding="UTF-8"?>
<!DOCTYPE X3D PUBLIC "ISO//Web3D//DTD X3D 3.0//EN" "http://www.web3d.org/specifications/x3d-3.0.dtd">
<X3D version="3.0" profile="Immersive" xmlns:xsd="http://www.w3.org/2001/XMLSchema-instance" xsd:noNamespaceSchemaLocation="http://www.web3d.org/specifications/x3d-3.0.xsd">
	<head>
		<meta name="filename" content="clefable_mega.x3d" />
		<meta name="generator" content="Blender 2.93.18" />
	</head>
	<Scene>
		<NavigationInfo headlight="true"
		                visibilityLimit="0.0"
		                type='"EXAMINE", "ANY"'
		                avatarSize="0.25, 1.75, 0.75"
		                />
		<Background DEF="WO_World"
		            groundColor="0.051 0.051 0.051"
		            skyColor="0.051 0.051 0.051"
		            />
		<Transform DEF="body_TRANSFORM"
		           translation="0.000000 0.114415 0.638108"
		           scale="1.000000 1.000000 1.000000"
		           rotation="0.000000 0.000000 1.000000 3.141593"
		           >
			<Transform DEF="body_ifs_TRANSFORM"
			           translation="0.000000 0.000000 0.000000"
			           scale="1.000000 1.000000 1.000000"
			           rotation="0.000000 1.000000 0.000000 0.000000"
			           >
				<Group DEF="group_ME_body">
					<Shape>
						<Appearance>
							<Material DEF="MA_Body"
							          diffuseColor="0.800 0.800 0.800"
							          specularColor="0.401 0.401 0.401"
							          emissiveColor="0.000 0.000 0.000"
							          ambientIntensity="0.000"
							          shininess="0.500"
							          transparency="0.0"
							          />
						</Appearance>
						<IndexedTriangleSet solid="false"
						                    normalPerVertex="true"
						                    index="0 1 2 0 2 3 4 5 6 4 6 7 8 9 10 8 10 11 12 13 14 12 14 15 16 17 18 16 18 19 20 21 14 20 14 22 23 24 25 23 25 26 27 28 29 27 29 30 31 20 22 31 22 32 33 34 35 33 35 36 37 38 39 37 39 40 41 16 19 41 19 42 43 44 45 43 45 46 47 48 49 47 49 50 51 52 13 51 13 12 53 21 54 53 54 55 56 57 58 56 58 59 60 61 5 60 5 4 62 63 64 62 64 65 66 67 68 66 68 69 33 70 71 33 71 72 73 74 75 73 75 76 77 78 79 77 79 80 81 82 83 81 83 84 76 75 85 76 85 36 86 87 88 86 88 89 65 64 90 65 90 91 92 93 94 92 94 95 63 96 97 63 97 64 67 98 99 67 99 68 70 100 101 70 101 71 82 102 103 82 103 83 75 104 105 75 105 85 87 106 107 87 107 88 64 97 108 64 108 90 93 109 110 93 110 94 96 60 4 96 4 97 98 56 59 98 59 99 100 53 55 100 55 101 111 51 12 111 12 104 112 47 50 112 50 113 102 43 46 102 46 103 104 12 15 104 15 105 106 8 11 106 11 107 97 4 7 97 7 108 109 0 3 109 3 110 113 50 114 113 114 115 116 117 56 116 56 98 118 116 98 118 98 67 80 79 119 80 119 120 121 118 67 121 67 66 117 122 57 117 57 56 50 49 123 50 123 114 124 37 40 124 40 125 28 126 127 28 127 29 99 59 128 99 128 129 68 99 129 68 129 130 131 132 78 131 78 77 69 68 130 69 130 133 59 58 134 59 134 128 135 136 48 135 48 47 38 137 138 38 138 39 139 27 30 139 30 140 24 139 140 24 140 25 46 45 136 46 136 135 84 83 132 84 132 131 103 46 135 103 135 141 129 128 60 129 60 96 130 129 96 130 96 63 133 130 63 133 63 62 128 134 61 128 61 60 137 41 42 137 42 138 34 124 125 34 125 35 55 54 122 55 122 117 72 71 118 72 118 121 71 101 116 71 116 118 101 55 117 101 117 116 120 119 74 120 74 73 114 123 52 114 52 51 126 31 32 126 32 127 "
						                    >
							<Coordinate point="-1.224254 -0.920897 2.593497 -1.224254 -0.914218 2.657696 -1.224254 1.441653 2.412630 -1.224254 1.434974 2.348431 0.612127 1.434974 2.348431 0.612127 1.441653 2.412630 1.224254 1.441653 2.412630 1.224254 1.434974 2.348431 1.224254 1.434974 2.348431 1.224254 1.441653 2.412630 1.224254 -0.914218 2.657696 1.224254 -0.920897 2.593497 -0.612127 -0.920897 2.593497 -0.612127 -0.914218 2.657696 -1.224254 -0.914218 2.657696 -1.224254 -0.920897 2.593497 0.612127 1.177935 -0.122533 1.224254 1.177935 -0.122533 1.224254 -1.177935 0.122533 0.612127 -1.177935 0.122533 -0.612127 1.441653 2.412630 -1.224254 1.441653 2.412630 -0.612127 -0.914218 2.657696 1.224254 1.441653 2.412630 0.612127 1.441653 2.412630 0.612127 -0.914218 2.657696 1.224254 -0.914218 2.657696 0.047359 1.441652 2.412630 0.000000 1.441653 2.412630 0.000000 -0.914218 2.657696 0.047359 -0.914218 2.657696 -0.372280 1.441652 2.412630 -0.372280 -0.914218 2.657696 -1.224254 1.177935 -0.122533 -0.612127 1.177935 -0.122533 -0.612127 -1.177935 0.122533 -1.224254 -1.177935 0.122533 -0.047359 1.177935 -0.122533 0.000000 1.177935 -0.122533 0.000000 -1.177935 0.122533 -0.047359 -1.177935 0.122533 0.372280 1.177935 -0.122533 0.372280 -1.177935 0.122534 1.224254 -0.920897 2.593497 1.224254 -0.914218 2.657696 0.612127 -0.914218 2.657696 0.612127 -0.920897 2.593497 0.047359 -0.920897 2.593497 0.047359 -0.914218 2.657696 0.000000 -0.914218 2.657696 0.000000 -0.920897 2.593497 -0.372280 -0.920896 2.593497 -0.372280 -0.914218 2.657696 -1.224254 1.434974 2.348431 -0.612127 1.441653 2.412630 -0.612127 1.434974 2.348431 -0.047359 1.434974 2.348431 -0.047359 1.441652 2.412630 0.000000 1.441653 2.412630 0.000000 1.434974 2.348431 0.372280 1.434974 2.348431 0.372280 1.441652 2.412630 0.372280 1.177935 -0.122533 0.372280 1.364377 1.669766 0.612127 1.364377 1.669766 0.612127 1.177935 -0.122533 -0.047359 1.177935 -0.122533 -0.047359 1.364377 1.669766 0.000000 1.364377 1.669766 0.000000 1.177935 -0.122533 -1.224254 1.364377 1.669766 -0.612127 1.364377 1.669766 -0.612127 1.177935 -0.122533 -0.372280 -1.177935 0.122534 -0.372280 -0.991494 1.914832 -0.612127 -0.991494 1.914832 -0.612127 -1.177935 0.122533 0.047359 -1.177935 0.122533 0.047359 -0.991494 1.914832 0.000000 -0.991494 1.914832 0.000000 -1.177935 0.122533 1.224254 -1.177935 0.122533 1.224254 -0.991494 1.914832 0.612127 -0.991494 1.914832 0.612127 -1.177935 0.122533 -1.224254 -0.991494 1.914832 1.224254 1.177935 -0.122533 1.224254 1.364377 1.669766 1.224254 -0.991494 1.914832 1.224254 -1.177935 0.122533 1.224254 1.364377 1.669766 1.224254 1.177935 -0.122533 -1.224254 -1.177935 0.122533 -1.224254 -0.991494 1.914832 -1.224254 1.364377 1.669766 -1.224254 1.177935 -0.122533 0.372280 1.400757 2.019499 0.612127 1.400758 2.019499 -0.047359 1.400757 2.019499 0.000000 1.400758 2.019499 -1.224254 1.400758 2.019499 -0.612127 1.400758 2.019499 1.224254 -0.955113 2.264565 0.612127 -0.955113 2.264565 -0.612127 -0.955113 2.264565 -1.224254 -0.955113 2.264565 1.224254 1.400758 2.019499 1.224254 -0.955113 2.264565 1.224254 1.400758 2.019499 -1.224254 -0.955113 2.264565 -1.224254 1.400758 2.019499 -0.372280 -0.955113 2.264565 0.047359 -0.955113 2.264565 0.000000 -0.955113 2.264565 -0.047359 -0.920897 2.593497 -0.047359 -0.955113 2.264565 -0.372280 1.400757 2.019499 -0.372280 1.434974 2.348431 -0.372280 1.364377 1.669766 -0.047359 -0.991494 1.914832 -0.047359 -1.177935 0.122533 -0.372280 1.177935 -0.122533 -0.372280 1.441652 2.412630 -0.047359 -0.914218 2.657696 -0.372280 1.177935 -0.122533 -0.372280 -1.177935 0.122534 -0.047359 1.441652 2.412630 -0.047359 -0.914218 2.657696 0.047359 1.434974 2.348431 0.047359 1.400757 2.019499 0.047359 1.364377 1.669766 0.372280 -1.177935 0.122534 0.372280 -0.991494 1.914832 0.047359 1.177935 -0.122533 0.047359 1.441652 2.412630 0.372280 -0.920896 2.593497 0.372280 -0.914218 2.657696 0.047359 1.177935 -0.122533 0.047359 -1.177935 0.122533 0.372280 1.441652 2.412630 0.372280 -0.914218 2.657696 0.372280 -0.955113 2.264565 " />
							<Normal vector="-0.707083 -0.703299 0.073153 -0.577349 -0.514512 0.633961 -0.577349 0.633961 0.514512 -0.707083 0.703299 -0.073153 0.000000 0.994629 -0.103458 0.000000 0.776452 0.630146 0.577349 0.633961 0.514512 0.707083 0.703299 -0.073153 0.707083 0.703299 -0.073153 0.577349 0.633961 0.514512 0.577349 -0.514512 0.633961 0.707083 -0.703299 0.073153 0.000000 -0.994629 0.103458 0.000000 -0.630146 0.776452 -0.577349 -0.514512 0.633961 -0.707083 -0.703299 0.073153 0.000000 0.630146 -0.776452 0.577349 0.514512 -0.633961 0.577349 -0.633961 -0.514512 0.000000 -0.776452 -0.630146 0.000000 0.776452 0.630146 -0.577349 0.633961 0.514512 0.000000 -0.630146 0.776452 0.577349 0.633961 0.514512 0.000000 0.776452 0.630146 0.000000 -0.630146 0.776452 0.577349 -0.514512 0.633961 0.000000 0.776452 0.630146 0.000000 0.776452 0.630146 0.000000 -0.630146 0.776452 0.000000 -0.630146 0.776452 0.000000 0.776452 0.630146 0.000000 -0.630146 0.776452 -0.577349 0.514512 -0.633961 0.000000 0.630146 -0.776452 0.000000 -0.776452 -0.630146 -0.577349 -0.633961 -0.514512 0.000000 0.630146 -0.776452 0.000000 0.630146 -0.776452 0.000000 -0.776452 -0.630146 0.000000 -0.776452 -0.630146 0.000000 0.630146 -0.776452 0.000000 -0.776452 -0.630146 0.707083 -0.703299 0.073153 0.577349 -0.514512 0.633961 0.000000 -0.630146 0.776452 0.000000 -0.994629 0.103458 0.000000 -0.994629 0.103458 0.000000 -0.630146 0.776452 0.000000 -0.630146 0.776452 0.000000 -0.994629 0.103458 0.000000 -0.994629 0.103458 0.000000 -0.630146 0.776452 -0.707083 0.703299 -0.073153 0.000000 0.776452 0.630146 0.000000 0.994629 -0.103458 0.000000 0.994629 -0.103458 0.000000 0.776452 0.630146 0.000000 0.776452 0.630146 0.000000 0.994629 -0.103458 0.000000 0.994629 -0.103458 0.000000 0.776452 0.630146 0.000000 0.630146 -0.776452 0.000000 0.994629 -0.103458 0.000000 0.994629 -0.103458 0.000000 0.630146 -0.776452 0.000000 0.630146 -0.776452 0.000000 0.994629 -0.103458 0.000000 0.994629 -0.103458 0.000000 0.630146 -0.776452 -0.707083 0.703299 -0.073153 0.000000 0.994629 -0.103458 0.000000 0.630146 -0.776452 0.000000 -0.776452 -0.630146 0.000000 -0.994629 0.103458 0.000000 -0.994629 0.103458 0.000000 -0.776452 -0.630146 0.000000 -0.776452 -0.630146 0.000000 -0.994629 0.103458 0.000000 -0.994629 0.103458 0.000000 -0.776452 -0.630146 0.577349 -0.633961 -0.514512 0.707083 -0.703299 0.073153 0.000000 -0.994629 0.103458 0.000000 -0.776452 -0.630146 -0.707083 -0.703299 0.073153 0.577349 0.514512 -0.633961 0.707083 0.703299 -0.073153 0.707083 -0.703299 0.073153 0.577349 -0.633961 -0.514512 0.707083 0.703299 -0.073153 0.577349 0.514512 -0.633961 -0.577349 -0.633961 -0.514512 -0.707083 -0.703299 0.073153 -0.707083 0.703299 -0.073153 -0.577349 0.514512 -0.633961 0.000000 0.994629 -0.103458 0.000000 0.994629 -0.103458 0.000000 0.994629 -0.103458 0.000000 0.994629 -0.103458 -0.707083 0.703299 -0.073153 0.000000 0.994629 -0.103458 0.707083 -0.703299 0.073153 0.000000 -0.994629 0.103458 0.000000 -0.994629 0.103458 -0.707083 -0.703299 0.073153 0.707083 0.703299 -0.073153 0.707083 -0.703299 0.073153 0.707083 0.703299 -0.073153 -0.707083 -0.703299 0.073153 -0.707083 0.703299 -0.073153 0.000000 -0.994629 0.103458 0.000000 -0.994629 0.103458 0.000000 -0.994629 0.103458 0.000000 -0.994629 0.103458 0.000000 -0.994629 0.103458 0.000000 0.994629 -0.103458 0.000000 0.994629 -0.103458 0.000000 0.994629 -0.103458 0.000000 -0.994629 0.103458 0.000000 -0.776452 -0.630146 0.000000 0.630146 -0.776452 0.000000 0.776452 0.630146 0.000000 -0.630146 0.776452 0.000000 0.630146 -0.776452 0.000000 -0.776452 -0.630146 0.000000 0.776452 0.630146 0.000000 -0.630146 0.776452 0.000000 0.994629 -0.103458 0.000000 0.994629 -0.103458 0.000000 0.994629 -0.103458 0.000000 -0.776452 -0.630146 0.000000 -0.994629 0.103458 0.000000 0.630146 -0.776452 0.000000 0.776452 0.630146 0.000000 -0.994629 0.103458 0.000000 -0.630146 0.776452 0.000000 0.630146 -0.776452 0.000000 -0.776452 -0.630146 0.000000 0.776452 0.630146 0.000000 -0.630146 0.776452 0.000000 -0.994629 0.103458 " />
							<TextureCoordinate point="0.4545 0.0302 0.4654 0.0302 0.4654 0.4580 0.4545 0.4580 0.4545 0.3510 0.4654 0.3510 0.4654 0.4580 0.4545 0.4580 0.4545 0.0302 0.4654 0.0302 0.4654 0.4580 0.4545 0.4580 0.4545 0.3510 0.4654 0.3510 0.4654 0.4580 0.4545 0.4580 0.3584 0.0302 0.4654 0.0302 0.4654 0.4580 0.3584 0.4580 0.3584 0.0302 0.4654 0.0302 0.3584 0.4580 0.0376 0.0302 0.1445 0.0302 0.1445 0.4580 0.0376 0.4580 0.1980 0.0302 0.2515 0.0302 0.2515 0.4580 0.1980 0.4580 0.3317 0.0302 0.3317 0.4580 0.0376 0.0302 0.1445 0.0302 0.1445 0.4580 0.0376 0.4580 0.1980 0.0302 0.2515 0.0302 0.2515 0.4580 0.1980 0.4580 0.3317 0.0302 0.3317 0.4580 0.4545 0.0302 0.4654 0.0302 0.4654 0.1371 0.4545 0.1371 0.4545 0.1906 0.4654 0.1906 0.4654 0.2441 0.4545 0.2441 0.4545 0.3243 0.4654 0.3243 0.4545 0.0302 0.4654 0.1371 0.4545 0.1371 0.4545 0.1906 0.4654 0.1906 0.4654 0.2441 0.4545 0.2441 0.4545 0.3243 0.4654 0.3243 0.0376 0.3243 0.3488 0.3243 0.3488 0.3510 0.0376 0.3510 0.0376 0.1906 0.3488 0.1906 0.3488 0.2441 0.0376 0.2441 0.3488 0.0302 0.3488 0.1371 0.0376 0.1371 0.0376 0.3243 0.3488 0.3243 0.3488 0.3510 0.0376 0.3510 0.0376 0.1906 0.3488 0.1906 0.3488 0.2441 0.0376 0.2441 0.0376 0.0302 0.3488 0.0302 0.3488 0.1371 0.0376 0.1371 0.3488 0.4580 0.0376 0.0302 0.3488 0.0302 0.3488 0.4580 0.0376 0.4580 0.3488 0.4580 0.0376 0.4580 0.0376 0.0302 0.3488 0.0302 0.3488 0.4580 0.0376 0.4580 0.3990 0.3243 0.3990 0.3510 0.3990 0.1906 0.3990 0.2441 0.3990 0.0302 0.3990 0.1371 0.3990 0.0302 0.3990 0.1371 0.3990 0.3510 0.3990 0.4580 0.3990 0.0302 0.3990 0.4580 0.3990 0.4580 0.3990 0.0302 0.3990 0.4580 0.3990 0.3243 0.3990 0.1906 0.3990 0.2441 0.4545 0.2976 0.3990 0.2976 0.3990 0.1639 0.4545 0.1639 0.3488 0.1639 0.3488 0.2976 0.0376 0.2976 0.0376 0.1639 0.4654 0.1639 0.4654 0.2976 0.1712 0.0302 0.1712 0.4580 0.3049 0.0302 0.3049 0.4580 0.4545 0.2976 0.3990 0.2976 0.3488 0.2976 0.0376 0.1639 0.3488 0.1639 0.0376 0.2976 0.4654 0.2976 0.4545 0.1639 0.4654 0.1639 0.3049 0.0302 0.3049 0.4580 0.1712 0.0302 0.1712 0.4580 0.3990 0.1639 " />
						</IndexedTriangleSet>
					</Shape>
					<Shape>
						<Appearance>
							<Material DEF="MA_Face"
							          diffuseColor="0.800 0.800 0.800"
							          specularColor="0.401 0.401 0.401"
							          emissiveColor="0.000 0.000 0.000"
							          ambientIntensity="0.000"
							          shininess="0.500"
							          transparency="0.0"
							          />
						</Appearance>
						<IndexedTriangleSet solid="false"
						                    normalPerVertex="true"
						                    index="0 1 2 0 2 3 4 5 6 4 6 7 7 6 8 7 8 9 10 11 12 10 12 13 14 15 5 14 5 4 16 17 15 16 15 14 18 19 20 18 20 21 9 8 1 9 1 0 "
						                    >
							<Coordinate point="-0.372280 -0.991494 1.914832 -0.372280 -0.955113 2.264565 -0.612127 -0.955113 2.264565 -0.612127 -0.991494 1.914832 0.047359 -0.991494 1.914832 0.047359 -0.955113 2.264565 0.000000 -0.955113 2.264565 0.000000 -0.991494 1.914832 -0.047359 -0.955113 2.264565 -0.047359 -0.991494 1.914832 0.372280 -0.955113 2.264565 0.372280 -0.920896 2.593497 0.047359 -0.920897 2.593497 0.047359 -0.955113 2.264565 0.372280 -0.991494 1.914832 0.372280 -0.955113 2.264565 0.612127 -0.991494 1.914832 0.612127 -0.955113 2.264565 -0.047359 -0.955113 2.264565 -0.047359 -0.920897 2.593497 -0.372280 -0.920896 2.593497 -0.372280 -0.955113 2.264565 " />
							<Normal vector="0.000000 -0.994629 0.103458 0.000000 -0.994629 0.103458 0.000000 -0.994629 0.103458 0.000000 -0.994629 0.103458 0.000000 -0.994629 0.103458 0.000000 -0.994629 0.103458 0.000000 -0.994629 0.103458 0.000000 -0.994629 0.103458 0.000000 -0.994629 0.103458 0.000000 -0.994629 0.103458 0.000000 -0.994629 0.103458 0.000000 -0.994629 0.103458 0.000000 -0.994629 0.103458 0.000000 -0.994629 0.103458 0.000000 -0.994629 0.103458 0.000000 -0.994629 0.103458 0.000000 -0.994629 0.103458 0.000000 -0.994629 0.103458 0.000000 -0.994629 0.103458 0.000000 -0.994629 0.103458 0.000000 -0.994629 0.103458 0.000000 -0.994629 0.103458 " />
							<TextureCoordinate point="0.3028 0.5230 0.3028 0.9134 0.4941 0.9134 0.4941 0.5230 0.0435 0.5230 0.0435 0.9134 0.0057 0.9134 0.0057 0.5230 0.0435 0.9134 0.0435 0.5230 0.5511 0.5314 0.5511 0.9706 0.9902 0.9706 0.9902 0.5314 0.3028 0.5230 0.3028 0.9134 0.4941 0.5230 0.4941 0.9134 0.9902 0.5314 0.9902 0.9706 0.5511 0.9706 0.5511 0.5314 " />
						</IndexedTriangleSet>
					</Shape>
				</Group>
			</Transform>
			<Transform DEF="top_TRANSFORM"
			           translation="0.000000 0.323913 2.540381"
			           scale="1.000000 1.000000 1.000000"
			           rotation="0.000000 1.000000 0.000000 0.000000"
			           >
				<Transform DEF="top_ifs_TRANSFORM"
				           translation="0.000000 0.000000 0.000000"
				           scale="1.000000 1.000000 1.000000"
				           rotation="0.000000 1.000000 0.000000 0.000000"
				           >
					<Group DEF="group_ME_top">
						<Shape>
							<Appearance>
								<Material USE="MA_Body" />
							</Appearance>
							<IndexedTriangleSet solid="false"
							                    normalPerVertex="true"
							                    index="0 1 2 0 2 3 4 5 6 4 6 7 8 9 10 8 10 11 12 13 14 12 14 15 16 17 18 16 18 19 20 5 14 20 14 21 22 23 24 22 24 19 25 26 27 25 27 28 16 29 30 16 30 31 32 33 34 32 34 35 "
							                    >
								<Coordinate point="-1.275249 -1.269863 0.738361 -1.275249 -1.198314 1.426179 -1.275249 1.466194 1.149007 -1.275249 1.394645 0.461189 -1.275249 1.394645 0.461189 -1.275249 1.466194 1.149007 1.275249 1.466194 1.149007 1.275249 1.394645 0.461189 1.275249 1.394645 0.461189 1.275249 1.466194 1.149007 1.275249 -1.198314 1.426179 1.275249 -1.269863 0.738361 1.275249 -1.269863 0.738361 1.275249 -1.198314 1.426179 -1.275249 -1.198314 1.426179 -1.275249 -1.269863 0.738361 -1.275249 1.332254 -0.138586 1.275249 1.332254 -0.138586 1.275249 -1.332254 0.138586 -1.275249 -1.332254 0.138586 1.275249 1.466194 1.149007 1.275249 -1.198314 1.426179 1.275249 -1.332254 0.138586 1.275249 -1.269863 0.738361 -1.275249 -1.269863 0.738361 1.275249 1.332254 -0.138586 1.275249 1.394645 0.461189 1.275249 -1.269863 0.738361 1.275249 -1.332254 0.138586 -1.275249 1.394645 0.461189 1.275249 1.394645 0.461189 1.275249 1.332254 -0.138586 -1.275249 -1.332254 0.138586 -1.275249 -1.269863 0.738361 -1.275249 1.394645 0.461189 -1.275249 1.332254 -0.138586 " />
								<Normal vector="-0.707083 -0.703299 0.073153 -0.577349 -0.514512 0.633961 -0.577349 0.633961 0.514512 -0.707083 0.703299 -0.073153 -0.707083 0.703299 -0.073153 -0.577349 0.633961 0.514512 0.577349 0.633961 0.514512 0.707083 0.703299 -0.073153 0.707083 0.703299 -0.073153 0.577349 0.633961 0.514512 0.577349 -0.514512 0.633961 0.707083 -0.703299 0.073153 0.707083 -0.703299 0.073153 0.577349 -0.514512 0.633961 -0.577349 -0.514512 0.633961 -0.707083 -0.703299 0.073153 -0.577349 0.514512 -0.633961 0.577349 0.514512 -0.633961 0.577349 -0.633961 -0.514512 -0.577349 -0.633961 -0.514512 0.577349 0.633961 0.514512 0.577349 -0.514512 0.633961 0.577349 -0.633961 -0.514512 0.707083 -0.703299 0.073153 -0.707083 -0.703299 0.073153 0.577349 0.514512 -0.633961 0.707083 0.703299 -0.073153 0.707083 -0.703299 0.073153 0.577349 -0.633961 -0.514512 -0.707083 0.703299 -0.073153 0.707083 0.703299 -0.073153 0.577349 0.514512 -0.633961 -0.577349 -0.633961 -0.514512 -0.707083 -0.703299 0.073153 -0.707083 0.703299 -0.073153 -0.577349 0.514512 -0.633961 " />
								<TextureCoordinate point="0.5152 0.3323 0.7407 0.3323 0.7407 0.6037 0.5152 0.6037 0.5152 0.3323 0.7407 0.3323 0.7407 0.6037 0.5152 0.6037 0.5152 0.3323 0.7407 0.3323 0.7407 0.6037 0.5152 0.6037 0.5152 0.3323 0.7407 0.3323 0.7407 0.6037 0.5152 0.6037 0.0324 0.0355 0.4716 0.0355 0.4716 0.4747 0.0324 0.4747 0.5152 0.3323 0.5152 0.6037 0.0324 0.0355 0.4716 0.0355 0.4716 0.4747 0.0324 0.0355 0.4716 0.0355 0.4716 0.4747 0.0324 0.4747 0.4716 0.0355 0.4716 0.4747 0.0324 0.4747 0.0324 0.0355 0.4716 0.0355 0.4716 0.4747 0.0324 0.4747 " />
							</IndexedTriangleSet>
						</Shape>
					</Group>
				</Transform>
				<Transform DEF="hair_TRANSFORM"
				           translation="0.000000 0.319382 1.204224"
				           scale="1.000000 1.000000 1.000000"
				           rotation="0.000000 1.000000 0.000000 0.000000"
				           >
					<Transform DEF="hair_ifs_TRANSFORM"
					           translation="0.000000 0.000000 0.000000"
					           scale="1.000000 1.000000 1.000000"
					           rotation="0.000000 1.000000 0.000000 0.000000"
					           >
						<Group DEF="group_ME_hair">
							<Shape>
								<Appearance>
									<Material USE="MA_Body" />
								</Appearance>
								<IndexedTriangleSet solid="false"
								                    normalPerVertex="true"
								                    index="0 1 2 0 2 3 4 5 6 4 6 7 8 9 10 8 10 11 12 13 14 12 14 15 4 16 17 4 17 15 18 5 14 18 14 19 "
								                    >
									<Coordinate point="-0.302300 -0.560249 -0.074705 -0.302300 -0.704862 1.009814 -0.302300 0.415636 1.159224 -0.302300 0.560249 0.074705 -0.302300 0.560249 0.074705 -0.302300 0.415636 1.159224 0.302300 0.415636 1.159224 0.302300 0.560249 0.074705 0.302300 0.560249 0.074705 0.302300 0.415636 1.159224 0.302300 -0.704862 1.009814 0.302300 -0.560249 -0.074705 0.302300 -0.560249 -0.074705 0.302300 -0.704862 1.009814 -0.302300 -0.704862 1.009814 -0.302300 -0.560249 -0.074705 0.302300 0.560249 0.074705 0.302300 -0.560249 -0.074705 0.302300 0.415636 1.159224 0.302300 -0.704862 1.009814 " />
									<Normal vector="-0.577349 -0.495956 -0.648579 -0.577349 -0.648579 0.495956 -0.577349 0.495956 0.648579 -0.577349 0.648579 -0.495956 -0.577349 0.648579 -0.495956 -0.577349 0.495956 0.648579 0.577349 0.495956 0.648579 0.577349 0.648579 -0.495956 0.577349 0.648579 -0.495956 0.577349 0.495956 0.648579 0.577349 -0.648579 0.495956 0.577349 -0.495956 -0.648579 0.577349 -0.495956 -0.648579 0.577349 -0.648579 0.495956 -0.577349 -0.648579 0.495956 -0.577349 -0.495956 -0.648579 0.577349 0.648579 -0.495956 0.577349 -0.495956 -0.648579 0.577349 0.495956 0.648579 0.577349 -0.648579 0.495956 " />
									<TextureCoordinate point="0.5152 0.3323 0.7407 0.3323 0.7407 0.6037 0.5152 0.6037 0.5152 0.3323 0.7407 0.3323 0.7407 0.6037 0.5152 0.6037 0.5152 0.3323 0.7407 0.3323 0.7407 0.6037 0.5152 0.6037 0.5152 0.3323 0.7407 0.3323 0.7407 0.6037 0.5152 0.6037 0.7407 0.3323 0.7407 0.6037 0.5152 0.3323 0.5152 0.6037 " />
								</IndexedTriangleSet>
							</Shape>
						</Group>
					</Transform>
					<Transform DEF="Cubo_039_TRANSFORM"
					           translation="0.000000 -0.094642 0.384134"
					           scale="1.000000 1.000000 1.000000"
					           rotation="0.000000 1.000000 0.000000 0.000000"
					           >
						<Transform DEF="Cubo_039_ifs_TRANSFORM"
						           translation="0.000000 0.000000 0.000000"
						           scale="1.000000 1.000000 1.000000"
						           rotation="0.000000 1.000000 0.000000 0.000000"
						           >
							<Group DEF="group_ME_Cubo_039">
								<Shape>
									<Appearance>
										<Material USE="MA_Body" />
									</Appearance>
									<IndexedTriangleSet solid="false"
									                    normalPerVertex="true"
									                    index="0 1 2 0 2 3 4 5 6 4 6 7 8 9 10 8 10 11 12 13 14 12 14 15 4 16 17 4 17 15 18 5 14 18 14 19 "
									                    >
										<Coordinate point="-0.338134 -0.149305 -0.134223 -0.338134 -0.409131 0.154799 -0.338134 -0.110521 0.423245 -0.338134 0.149305 0.134223 -0.338134 0.149305 0.134223 -0.338134 -0.110521 0.423245 0.338134 -0.110521 0.423245 0.338134 0.149305 0.134223 0.338134 0.149305 0.134223 0.338134 -0.110521 0.423245 0.338134 -0.409131 0.154799 0.338134 -0.149305 -0.134223 0.338134 -0.149305 -0.134223 0.338134 -0.409131 0.154799 -0.338134 -0.409131 0.154799 -0.338134 -0.149305 -0.134223 0.338134 0.149305 0.134223 0.338134 -0.149305 -0.134223 0.338134 -0.110521 0.423245 0.338134 -0.409131 0.154799 " />
										<Normal vector="-0.577349 -0.043367 -0.815332 -0.577349 -0.815332 0.043367 -0.577349 0.043367 0.815332 -0.577349 0.815332 -0.043367 -0.577349 0.815332 -0.043367 -0.577349 0.043367 0.815332 0.577349 0.043367 0.815332 0.577349 0.815332 -0.043367 0.577349 0.815332 -0.043367 0.577349 0.043367 0.815332 0.577349 -0.815332 0.043367 0.577349 -0.043367 -0.815332 0.577349 -0.043367 -0.815332 0.577349 -0.815332 0.043367 -0.577349 -0.815332 0.043367 -0.577349 -0.043367 -0.815332 0.577349 0.815332 -0.043367 0.577349 -0.043367 -0.815332 0.577349 0.043367 0.815332 0.577349 -0.815332 0.043367 " />
										<TextureCoordinate point="0.5152 0.3323 0.7407 0.3323 0.7407 0.6037 0.5152 0.6037 0.5152 0.3323 0.7407 0.3323 0.7407 0.6037 0.5152 0.6037 0.5152 0.3323 0.7407 0.3323 0.7407 0.6037 0.5152 0.6037 0.5152 0.3323 0.7407 0.3323 0.7407 0.6037 0.5152 0.6037 0.7407 0.3323 0.7407 0.6037 0.5152 0.3323 0.5152 0.6037 " />
									</IndexedTriangleSet>
								</Shape>
							</Group>
						</Transform>
					</Transform>
				</Transform>
			</Transform>
			<Transform DEF="orl1_TRANSFORM"
			           translation="1.076070 -0.004900 2.211497"
			           scale="1.000000 1.000000 1.000000"
			           rotation="0.000000 1.000000 0.000000 0.000000"
			           >
				<Transform DEF="orl1_ifs_TRANSFORM"
				           translation="0.000000 0.000000 0.000000"
				           scale="1.000000 1.000000 1.000000"
				           rotation="0.000000 1.000000 0.000000 0.000000"
				           >
					<Group DEF="group_ME_orl1">
						<Shape>
							<Appearance>
								<Material USE="MA_Body" />
							</Appearance>
							<IndexedTriangleSet solid="false"
							                    normalPerVertex="true"
							                    index="0 1 2 0 2 3 4 5 6 4 6 7 8 9 10 8 10 11 12 13 14 12 14 15 4 16 17 4 17 15 18 5 14 18 14 19 "
							                    >
								<Coordinate point="0.041835 -0.295593 -0.273240 0.047091 -0.269232 0.298467 -0.041835 0.295593 0.273240 -0.047091 0.269232 -0.298467 -0.047091 0.269232 -0.298467 -0.041835 0.295593 0.273240 0.635582 0.401749 0.262117 0.630326 0.375387 -0.309590 0.630326 0.375387 -0.309590 0.635582 0.401749 0.262117 0.724508 -0.163076 0.287344 0.719252 -0.189438 -0.284363 0.719252 -0.189438 -0.284363 0.724508 -0.163076 0.287344 0.047091 -0.269232 0.298467 0.041835 -0.295593 -0.273240 0.630326 0.375387 -0.309590 0.719252 -0.189438 -0.284363 0.635582 0.401749 0.262117 0.724508 -0.163076 0.287344 " />
								<Normal vector="-0.485885 -0.685720 -0.541887 -0.475295 -0.632527 0.611499 -0.654714 0.506974 0.560625 -0.665304 0.453780 -0.592792 -0.665304 0.453780 -0.592792 -0.654714 0.506974 0.560625 0.485885 0.685720 0.541887 0.475295 0.632527 -0.611499 0.475295 0.632527 -0.611499 0.485885 0.685720 0.541887 0.665304 -0.453780 0.592792 0.654714 -0.506974 -0.560625 0.654714 -0.506974 -0.560625 0.665304 -0.453780 0.592792 -0.475295 -0.632527 0.611499 -0.485885 -0.685720 -0.541887 0.475295 0.632527 -0.611499 0.654714 -0.506974 -0.560625 0.485885 0.685720 0.541887 0.665304 -0.453780 0.592792 " />
								<TextureCoordinate point="0.0372 0.0372 0.4706 0.0372 0.4706 0.4706 0.0372 0.4706 0.0372 0.0372 0.4706 0.0372 0.4706 0.4706 0.0372 0.4706 0.0372 0.0372 0.4706 0.0372 0.4706 0.4706 0.0372 0.4706 0.0372 0.0372 0.4706 0.0372 0.4706 0.4706 0.0372 0.4706 0.4706 0.0372 0.4706 0.4706 0.0372 0.0372 0.0372 0.4706 " />
							</IndexedTriangleSet>
						</Shape>
					</Group>
				</Transform>
				<Transform DEF="orl1_1_TRANSFORM"
				           translation="0.597240 0.093591 -0.009806"
				           scale="1.000000 1.000000 1.000000"
				           rotation="0.000000 1.000000 0.000000 0.000000"
				           >
					<Transform DEF="orl1_1_ifs_TRANSFORM"
					           translation="0.000000 0.000000 0.000000"
					           scale="1.000000 1.000000 1.000000"
					           rotation="0.000000 1.000000 0.000000 0.000000"
					           >
						<Group DEF="group_ME_orl1_1">
							<Shape>
								<Appearance>
									<Material USE="MA_Body" />
								</Appearance>
								<IndexedTriangleSet solid="false"
								                    normalPerVertex="true"
								                    index="0 1 2 0 2 3 4 5 6 4 6 7 8 9 10 8 10 11 12 13 14 12 14 15 4 16 17 4 17 18 19 20 14 19 14 21 22 5 23 22 23 24 25 26 27 25 27 15 28 29 23 28 23 18 25 20 30 25 30 31 "
								                    >
									<Coordinate point="0.058790 -0.416186 -0.391544 0.066316 -0.378441 0.427034 -0.058790 0.416186 0.391544 -0.066316 0.378441 -0.427034 0.071566 0.400048 -0.429298 0.431304 0.492987 0.383496 0.645599 0.526568 0.379978 0.638073 0.488823 -0.438600 0.638073 0.488823 -0.438600 0.645599 0.526568 0.379978 0.770705 -0.268058 0.415468 0.763179 -0.305803 -0.403109 0.196672 -0.394579 -0.393808 0.556410 -0.301640 0.418987 0.066316 -0.378441 0.427034 0.058790 -0.416186 -0.391544 0.638073 0.488823 -0.438600 0.763179 -0.305803 -0.403109 0.196672 -0.394579 -0.393808 0.431304 0.492987 0.383496 -0.058790 0.416186 0.391544 0.556410 -0.301640 0.418987 0.645599 0.526568 0.379978 0.556410 -0.301640 0.418987 0.770705 -0.268058 0.415468 -0.066316 0.378441 -0.427034 0.071566 0.400048 -0.429298 0.196672 -0.394579 -0.393808 0.763179 -0.305803 -0.403109 0.770705 -0.268058 0.415468 0.431304 0.492987 0.383496 0.071566 0.400048 -0.429298 " />
									<Normal vector="-0.485885 -0.685720 -0.541887 -0.475295 -0.632527 0.611499 -0.654714 0.506974 0.560625 -0.665304 0.453780 -0.592792 -0.116337 0.665242 -0.737480 -0.103366 0.730369 0.675130 0.485885 0.685720 0.541887 0.475295 0.632527 -0.611499 0.475295 0.632527 -0.611499 0.485885 0.685720 0.541887 0.665304 -0.453780 0.592792 0.654714 -0.506974 -0.560625 0.103366 -0.730369 -0.675130 0.116337 -0.665242 0.737480 -0.475295 -0.632527 0.611499 -0.485885 -0.685720 -0.541887 0.475295 0.632527 -0.611499 0.654714 -0.506974 -0.560625 0.103366 -0.730369 -0.675130 -0.103366 0.730369 0.675130 -0.654714 0.506974 0.560625 0.116337 -0.665242 0.737480 0.485885 0.685720 0.541887 0.116337 -0.665242 0.737480 0.665304 -0.453780 0.592792 -0.665304 0.453780 -0.592792 -0.116337 0.665242 -0.737480 0.103366 -0.730369 -0.675130 0.654714 -0.506974 -0.560625 0.665304 -0.453780 0.592792 -0.103366 0.730369 0.675130 -0.116337 0.665242 -0.737480 " />
									<TextureCoordinate point="0.0416 0.0416 0.4662 0.0416 0.4662 0.4662 0.0416 0.4662 0.5456 0.0433 0.9701 0.0433 0.9701 0.2578 0.5456 0.2578 0.5456 0.0433 0.9701 0.0433 0.9701 0.2578 0.5456 0.2578 0.0416 0.0416 0.4662 0.0416 0.4662 0.4662 0.0416 0.4662 0.9701 0.0433 0.9701 0.2578 0.5456 0.2578 0.0416 0.0416 0.4662 0.0416 0.0416 0.4662 0.5456 0.0433 0.9701 0.2578 0.5456 0.2578 0.0416 0.0416 0.4662 0.0416 0.4662 0.4662 0.5456 0.0433 0.9701 0.0433 0.4662 0.4662 0.0416 0.4662 " />
								</IndexedTriangleSet>
							</Shape>
						</Group>
					</Transform>
					<Transform DEF="Cubo_024_TRANSFORM"
					           translation="0.587249 0.093989 0.034325"
					           scale="1.000000 1.000000 1.000000"
					           rotation="0.000000 1.000000 0.000000 0.000000"
					           >
						<Transform DEF="Cubo_024_ifs_TRANSFORM"
						           translation="0.000000 0.000000 0.000000"
						           scale="1.000000 1.000000 1.000000"
						           rotation="0.000000 1.000000 0.000000 0.000000"
						           >
							<Group DEF="group_ME_Cubo_024">
								<Shape>
									<Appearance>
										<Material USE="MA_Body" />
									</Appearance>
									<IndexedTriangleSet solid="false"
									                    normalPerVertex="true"
									                    index="0 1 2 0 2 3 4 5 6 4 6 7 8 9 10 8 10 11 12 13 14 12 14 15 4 16 17 4 17 15 18 5 14 18 14 19 "
									                    >
										<Coordinate point="0.072275 -0.352448 -0.342428 0.034609 -0.326437 0.372749 -0.072275 0.352448 0.342428 -0.034609 0.326437 -0.372749 -0.034609 0.326437 -0.372749 -0.072275 0.352448 0.342428 0.513793 0.445945 0.369894 0.551458 0.419934 -0.345284 0.551458 0.419934 -0.345284 0.513793 0.445945 0.369894 0.620676 -0.232940 0.400214 0.658342 -0.258951 -0.314963 0.658342 -0.258951 -0.314963 0.620676 -0.232940 0.400214 0.034609 -0.326437 0.372749 0.072275 -0.352448 -0.342428 0.551458 0.419934 -0.345284 0.658342 -0.258951 -0.314963 0.513793 0.445945 0.369894 0.620676 -0.232940 0.400214 " />
										<Normal vector="-0.449477 -0.681570 -0.577410 -0.510147 -0.639668 0.574908 -0.689566 0.499863 0.524033 -0.628864 0.457930 -0.628285 -0.628864 0.457930 -0.628285 -0.689566 0.499863 0.524033 0.449477 0.681570 0.577410 0.510147 0.639668 -0.574908 0.510147 0.639668 -0.574908 0.449477 0.681570 0.577410 0.628864 -0.457930 0.628285 0.689566 -0.499863 -0.524033 0.689566 -0.499863 -0.524033 0.628864 -0.457930 0.628285 -0.510147 -0.639668 0.574908 -0.449477 -0.681570 -0.577410 0.510147 0.639668 -0.574908 0.689566 -0.499863 -0.524033 0.449477 0.681570 0.577410 0.628864 -0.457930 0.628285 " />
										<TextureCoordinate point="0.5299 0.0212 0.9623 0.0212 0.9623 0.2947 0.5299 0.2947 0.5299 0.0212 0.9623 0.0212 0.9623 0.2947 0.5299 0.2947 0.7814 0.3493 0.9765 0.3493 0.9765 0.5867 0.7814 0.5867 0.5299 0.0212 0.9623 0.0212 0.9623 0.2947 0.5299 0.2947 0.9623 0.0212 0.9623 0.2947 0.5299 0.0212 0.5299 0.2947 " />
									</IndexedTriangleSet>
								</Shape>
							</Group>
						</Transform>
					</Transform>
				</Transform>
			</Transform>
			<Transform DEF="leg1_TRANSFORM"
			           translation="0.587934 0.248299 0.117948"
			           scale="1.000000 1.000000 1.000000"
			           rotation="0.000000 1.000000 0.000000 0.000000"
			           >
				<Transform DEF="leg1_ifs_TRANSFORM"
				           translation="0.000000 0.000000 0.000000"
				           scale="1.000000 1.000000 1.000000"
				           rotation="0.000000 1.000000 0.000000 0.000000"
				           >
					<Group DEF="group_ME_leg1">
						<Shape>
							<Appearance>
								<Material USE="MA_Body" />
							</Appearance>
							<IndexedTriangleSet solid="false"
							                    normalPerVertex="true"
							                    index="0 1 2 0 2 3 4 5 6 4 6 7 8 9 10 8 10 11 12 13 14 12 14 15 4 16 17 4 17 15 18 5 14 18 14 19 "
							                    >
								<Coordinate point="-0.470301 -0.514367 -0.444330 -0.470301 -0.514367 0.000000 -0.470301 0.514367 -0.000000 -0.470301 0.514367 -0.444330 -0.470301 0.514367 -0.444330 -0.470301 0.514367 -0.000000 0.470301 0.514367 -0.000000 0.470301 0.514367 -0.444330 0.470301 0.514367 -0.444330 0.470301 0.514367 -0.000000 0.470301 -0.514367 0.000000 0.470301 -0.514367 -0.444330 0.470301 -0.514367 -0.444330 0.470301 -0.514367 0.000000 -0.470301 -0.514367 0.000000 -0.470301 -0.514367 -0.444330 0.470301 0.514367 -0.444330 0.470301 -0.514367 -0.444330 0.470301 0.514367 -0.000000 0.470301 -0.514367 0.000000 " />
								<Normal vector="-0.577349 -0.577349 -0.577349 -0.577349 -0.577349 0.577349 -0.577349 0.577349 0.577349 -0.577349 0.577349 -0.577349 -0.577349 0.577349 -0.577349 -0.577349 0.577349 0.577349 0.577349 0.577349 0.577349 0.577349 0.577349 -0.577349 0.577349 0.577349 -0.577349 0.577349 0.577349 0.577349 0.577349 -0.577349 0.577349 0.577349 -0.577349 -0.577349 0.577349 -0.577349 -0.577349 0.577349 -0.577349 0.577349 -0.577349 -0.577349 0.577349 -0.577349 -0.577349 -0.577349 0.577349 0.577349 -0.577349 0.577349 -0.577349 -0.577349 0.577349 0.577349 0.577349 0.577349 -0.577349 0.577349 " />
								<TextureCoordinate point="0.0372 0.0372 0.4706 0.0372 0.4706 0.4706 0.0372 0.4706 0.0372 0.0372 0.4706 0.0372 0.4706 0.4706 0.0372 0.4706 0.0372 0.0372 0.4706 0.0372 0.4706 0.4706 0.0372 0.4706 0.0372 0.0372 0.4706 0.0372 0.4706 0.4706 0.0372 0.4706 0.4706 0.0372 0.4706 0.4706 0.0372 0.0372 0.0372 0.4706 " />
							</IndexedTriangleSet>
						</Shape>
					</Group>
				</Transform>
				<Transform DEF="foot1_TRANSFORM"
				           translation="-0.054125 -0.000000 -0.305473"
				           scale="1.000000 1.000000 1.000000"
				           rotation="0.000000 1.000000 0.000000 0.000000"
				           >
					<Transform DEF="foot1_ifs_TRANSFORM"
					           translation="0.000000 0.000000 0.000000"
					           scale="1.000000 1.000000 1.000000"
					           rotation="0.000000 1.000000 0.000000 0.000000"
					           >
						<Group DEF="group_ME_foot1">
							<Shape>
								<Appearance>
									<Material USE="MA_Body" />
								</Appearance>
								<IndexedTriangleSet solid="false"
								                    normalPerVertex="true"
								                    index="0 1 2 0 2 3 4 5 6 4 6 7 8 9 10 8 10 11 12 13 14 12 14 15 16 17 18 16 18 19 20 21 14 20 14 22 23 24 1 23 1 25 26 27 28 26 28 29 30 31 32 30 32 33 34 35 1 34 1 0 36 37 35 36 35 34 25 1 21 25 21 20 29 28 17 29 17 16 33 32 9 33 9 8 0 38 39 0 39 40 41 42 43 41 43 44 45 46 47 45 47 48 46 25 20 46 20 47 49 50 38 49 38 0 50 26 29 50 29 38 51 52 46 51 46 45 52 23 25 52 25 46 48 47 53 48 53 54 47 20 22 47 22 53 40 39 55 40 55 15 39 16 19 39 19 55 56 57 58 56 58 59 59 58 13 59 13 12 49 24 60 49 60 61 61 60 5 61 5 4 "
								                    >
									<Coordinate point="-0.363184 0.206999 -0.444970 -0.363184 0.206999 -0.000000 -0.363184 0.397214 -0.000000 -0.363184 0.397214 -0.444970 0.121061 0.397214 -0.444970 0.121061 0.397214 -0.000000 0.363184 0.397214 -0.000000 0.363184 0.397214 -0.444970 0.363184 -0.106297 -0.444970 0.363184 -0.106297 0.000000 0.363184 -0.397214 0.000000 0.363184 -0.397214 -0.444970 -0.121061 -0.397214 -0.444970 -0.121061 -0.397214 0.000000 -0.363184 -0.397214 0.000000 -0.363184 -0.397214 -0.444970 0.121061 -0.106297 -0.444970 0.363184 -0.106297 -0.444970 0.363184 -0.397214 -0.444970 0.121061 -0.397214 -0.444970 -0.121061 -0.106297 0.000000 -0.363184 -0.106297 0.000000 -0.121061 -0.397214 0.000000 -0.121061 0.397214 -0.000000 -0.363184 0.397214 -0.000000 -0.121061 0.206999 -0.000000 0.121061 0.397214 -0.444970 0.363184 0.397214 -0.444970 0.363184 0.206999 -0.444970 0.121061 0.206999 -0.444970 0.363184 0.397214 -0.444970 0.363184 0.397214 -0.000000 0.363184 0.206999 -0.000000 0.363184 0.206999 -0.444970 -0.363184 -0.106297 -0.444970 -0.363184 -0.106297 0.000000 -0.363184 -0.397214 -0.444970 -0.363184 -0.397214 0.000000 -0.121061 0.206999 -0.444970 -0.121061 -0.106297 -0.444970 -0.363184 -0.106297 -0.444970 -0.121061 0.206999 -0.444970 0.121061 0.206999 -0.444970 0.121061 -0.106297 -0.444970 -0.121061 -0.106297 -0.444970 0.363184 0.206999 -0.000000 0.121061 0.206999 -0.000000 0.121061 -0.106297 0.000000 0.363184 -0.106297 0.000000 -0.363184 0.397214 -0.444970 -0.121061 0.397214 -0.444970 0.363184 0.397214 -0.000000 0.121061 0.397214 -0.000000 0.121061 -0.397214 0.000000 0.363184 -0.397214 0.000000 -0.121061 -0.397214 -0.444970 0.363184 -0.397214 -0.444970 0.363184 -0.397214 0.000000 0.121061 -0.397214 0.000000 0.121061 -0.397214 -0.444970 -0.121061 0.397214 -0.000000 -0.121061 0.397214 -0.444970 " />
									<Normal vector="-0.707083 0.000000 -0.707083 -0.707083 0.000000 0.707083 -0.577349 0.577349 0.577349 -0.577349 0.577349 -0.577349 0.000000 0.707083 -0.707083 0.000000 0.707083 0.707083 0.577349 0.577349 0.577349 0.577349 0.577349 -0.577349 0.707083 0.000000 -0.707083 0.707083 0.000000 0.707083 0.577349 -0.577349 0.577349 0.577349 -0.577349 -0.577349 0.000000 -0.707083 -0.707083 0.000000 -0.707083 0.707083 -0.577349 -0.577349 0.577349 -0.577349 -0.577349 -0.577349 0.000000 0.000000 -1.000000 0.707083 0.000000 -0.707083 0.577349 -0.577349 -0.577349 0.000000 -0.707083 -0.707083 0.000000 0.000000 1.000000 -0.707083 0.000000 0.707083 0.000000 -0.707083 0.707083 0.000000 0.707083 0.707083 -0.577349 0.577349 0.577349 0.000000 0.000000 1.000000 0.000000 0.707083 -0.707083 0.577349 0.577349 -0.577349 0.707083 0.000000 -0.707083 0.000000 0.000000 -1.000000 0.577349 0.577349 -0.577349 0.577349 0.577349 0.577349 0.707083 0.000000 0.707083 0.707083 0.000000 -0.707083 -0.707083 0.000000 -0.707083 -0.707083 0.000000 0.707083 -0.577349 -0.577349 -0.577349 -0.577349 -0.577349 0.577349 0.000000 0.000000 -1.000000 0.000000 0.000000 -1.000000 -0.707083 0.000000 -0.707083 0.000000 0.000000 -1.000000 0.000000 0.000000 -1.000000 0.000000 0.000000 -1.000000 0.000000 0.000000 -1.000000 0.707083 0.000000 0.707083 0.000000 0.000000 1.000000 0.000000 0.000000 1.000000 0.707083 0.000000 0.707083 -0.577349 0.577349 -0.577349 0.000000 0.707083 -0.707083 0.577349 0.577349 0.577349 0.000000 0.707083 0.707083 0.000000 -0.707083 0.707083 0.577349 -0.577349 0.577349 0.000000 -0.707083 -0.707083 0.577349 -0.577349 -0.577349 0.577349 -0.577349 0.577349 0.000000 -0.707083 0.707083 0.000000 -0.707083 -0.707083 0.000000 0.707083 0.707083 0.000000 0.707083 -0.707083 " />
									<TextureCoordinate point="0.0372 0.2539 0.4706 0.2539 0.4706 0.4706 0.0372 0.4706 0.0372 0.3261 0.4706 0.3261 0.4706 0.4706 0.0372 0.4706 0.0372 0.3119 0.4706 0.3119 0.4706 0.4706 0.0372 0.4706 0.0372 0.3261 0.4706 0.3261 0.4706 0.4706 0.0372 0.4706 0.3261 0.3300 0.4706 0.3119 0.4706 0.4706 0.3261 0.4706 0.3261 0.3482 0.4706 0.3663 0.3261 0.4706 0.3261 0.0372 0.4706 0.0372 0.3261 0.2163 0.3261 0.0372 0.4706 0.0372 0.4706 0.1410 0.3261 0.1786 0.0372 0.0372 0.4706 0.0372 0.4706 0.1410 0.0372 0.1410 0.0372 0.1415 0.4706 0.1415 0.0372 0.0372 0.4706 0.0372 0.1817 0.2163 0.1817 0.3482 0.0372 0.3663 0.6030 0.6818 0.8793 0.6818 0.8793 0.9580 0.6030 0.9580 0.0372 0.1410 0.1817 0.1786 0.1817 0.3300 0.0372 0.3119 0.0372 0.0372 0.1817 0.0372 0.0372 0.0372 0.1817 0.0372 0.1817 0.4706 0.0372 0.4706 0.1817 0.4706 0.0372 0.0372 0.4706 0.0372 0.4706 0.1817 0.0372 0.1817 0.4706 0.1817 0.0372 0.1817 " />
								</IndexedTriangleSet>
							</Shape>
						</Group>
					</Transform>
					<Transform DEF="Cubo_027_TRANSFORM"
					           translation="-0.000910 -0.290341 -0.393436"
					           scale="1.000000 1.000000 1.000000"
					           rotation="0.000000 1.000000 0.000000 0.000000"
					           >
						<Transform DEF="Cubo_027_ifs_TRANSFORM"
						           translation="0.000000 0.000000 0.000000"
						           scale="1.000000 1.000000 1.000000"
						           rotation="0.000000 1.000000 0.000000 0.000000"
						           >
							<Group DEF="group_ME_Cubo_026">
								<Shape>
									<Appearance>
										<Material USE="MA_Body" />
									</Appearance>
									<IndexedTriangleSet solid="false"
									                    normalPerVertex="true"
									                    index="0 1 2 0 2 3 4 5 6 4 6 7 8 9 10 8 10 11 12 13 14 12 14 15 4 16 17 4 17 15 18 5 14 18 14 19 "
									                    >
										<Coordinate point="-0.152799 -0.217904 -0.054606 -0.152799 -0.217904 0.054607 -0.152799 0.000000 0.054606 -0.152799 -0.000000 -0.054606 -0.152799 -0.000000 -0.054606 -0.152799 0.000000 0.054606 0.152799 0.000000 0.054606 0.152799 -0.000000 -0.054606 0.152799 -0.000000 -0.054606 0.152799 0.000000 0.054606 0.152799 -0.217904 0.054607 0.152799 -0.217904 -0.054606 0.152799 -0.217904 -0.054606 0.152799 -0.217904 0.054607 -0.152799 -0.217904 0.054607 -0.152799 -0.217904 -0.054606 0.152799 -0.000000 -0.054606 0.152799 -0.217904 -0.054606 0.152799 0.000000 0.054606 0.152799 -0.217904 0.054607 " />
										<Normal vector="-0.577349 -0.577349 -0.577349 -0.577349 -0.577349 0.577349 -0.577349 0.577349 0.577349 -0.577349 0.577349 -0.577349 -0.577349 0.577349 -0.577349 -0.577349 0.577349 0.577349 0.577349 0.577349 0.577349 0.577349 0.577349 -0.577349 0.577349 0.577349 -0.577349 0.577349 0.577349 0.577349 0.577349 -0.577349 0.577349 0.577349 -0.577349 -0.577349 0.577349 -0.577349 -0.577349 0.577349 -0.577349 0.577349 -0.577349 -0.577349 0.577349 -0.577349 -0.577349 -0.577349 0.577349 0.577349 -0.577349 0.577349 -0.577349 -0.577349 0.577349 0.577349 0.577349 0.577349 -0.577349 0.577349 " />
										<TextureCoordinate point="0.0547 0.5567 0.4778 0.5567 0.4778 0.9798 0.0547 0.9798 0.0547 0.5567 0.4778 0.5567 0.4778 0.9798 0.0547 0.9798 0.0547 0.5567 0.4778 0.5567 0.4778 0.9798 0.0547 0.9798 0.0547 0.5567 0.4778 0.5567 0.4778 0.9798 0.0547 0.9798 0.4778 0.5567 0.4778 0.9798 0.0547 0.5567 0.0547 0.9798 " />
									</IndexedTriangleSet>
								</Shape>
							</Group>
						</Transform>
					</Transform>
				</Transform>
			</Transform>
			<Transform DEF="arm1_TRANSFORM"
			           translation="0.982273 -0.259326 1.745808"
			           scale="1.000000 1.000000 1.000000"
			           rotation="0.000000 1.000000 0.000000 0.000000"
			           >
				<Transform DEF="arm1_ifs_TRANSFORM"
				           translation="0.000000 0.000000 0.000000"
				           scale="1.000000 1.000000 1.000000"
				           rotation="0.000000 1.000000 0.000000 0.000000"
				           >
					<Group DEF="group_ME_arm1">
						<Shape>
							<Appearance>
								<Material USE="MA_Body" />
							</Appearance>
							<IndexedTriangleSet solid="false"
							                    normalPerVertex="true"
							                    index="0 1 2 0 2 3 4 5 6 4 6 7 8 9 10 8 10 11 12 13 14 12 14 15 4 16 17 4 17 15 18 5 14 18 14 19 "
							                    >
								<Coordinate point="0.003066 -0.315313 -0.315223 -0.001703 -0.315237 0.315310 -0.003066 0.315313 0.315223 0.001703 0.315237 -0.315310 0.001703 0.315237 -0.315310 -0.003066 0.315313 0.315223 0.725164 0.316887 0.320731 0.729933 0.316811 -0.309802 0.729933 0.316811 -0.309802 0.725164 0.316887 0.320731 0.726526 -0.313663 0.320817 0.731295 -0.313739 -0.309716 0.731295 -0.313739 -0.309716 0.726526 -0.313663 0.320817 -0.001703 -0.315237 0.315310 0.003066 -0.315313 -0.315223 0.729933 0.316811 -0.309802 0.731295 -0.313739 -0.309716 0.725164 0.316887 0.320731 0.726526 -0.313663 0.320817 " />
								<Normal vector="-0.571703 -0.578661 -0.581591 -0.580432 -0.578509 0.573046 -0.582934 0.576159 0.572863 -0.574206 0.576006 -0.581774 -0.574206 0.576006 -0.581774 -0.582934 0.576159 0.572863 0.571703 0.578661 0.581591 0.580432 0.578509 -0.573046 0.580432 0.578509 -0.573046 0.571703 0.578661 0.581591 0.574206 -0.576006 0.581774 0.582934 -0.576159 -0.572863 0.582934 -0.576159 -0.572863 0.574206 -0.576006 0.581774 -0.580432 -0.578509 0.573046 -0.571703 -0.578661 -0.581591 0.580432 0.578509 -0.573046 0.582934 -0.576159 -0.572863 0.571703 0.578661 0.581591 0.574206 -0.576006 0.581774 " />
								<TextureCoordinate point="0.0372 0.0372 0.4706 0.0372 0.4706 0.4706 0.0372 0.4706 0.0372 0.0372 0.4706 0.0372 0.4706 0.4706 0.0372 0.4706 0.0372 0.0372 0.4706 0.0372 0.4706 0.4706 0.0372 0.4706 0.0372 0.0372 0.4706 0.0372 0.4706 0.4706 0.0372 0.4706 0.4706 0.0372 0.4706 0.4706 0.0372 0.0372 0.0372 0.4706 " />
							</IndexedTriangleSet>
						</Shape>
					</Group>
				</Transform>
				<Transform DEF="arm1_1_TRANSFORM"
				           translation="0.589654 0.001274 0.004460"
				           scale="1.000000 1.000000 1.000000"
				           rotation="0.000000 1.000000 0.000000 0.000000"
				           >
					<Transform DEF="arm1_1_ifs_TRANSFORM"
					           translation="0.000000 0.000000 0.000000"
					           scale="1.000000 1.000000 1.000000"
					           rotation="0.000000 1.000000 0.000000 0.000000"
					           >
						<Group DEF="group_ME_arm1_1">
							<Shape>
								<Appearance>
									<Material USE="MA_Body" />
								</Appearance>
								<IndexedTriangleSet solid="false"
								                    normalPerVertex="true"
								                    index="0 1 2 0 2 3 4 5 6 4 6 7 8 9 10 8 10 11 12 13 14 12 14 15 4 16 17 4 17 15 18 5 14 18 14 19 "
								                    >
									<Coordinate point="0.004466 -0.239386 -0.236720 0.000732 -0.236733 0.239414 -0.004466 0.239386 0.236720 -0.000732 0.236733 -0.239414 -0.000732 0.236733 -0.239414 -0.004466 0.239386 0.236720 0.596141 0.245969 0.241392 0.599874 0.243316 -0.234741 0.599874 0.243316 -0.234741 0.596141 0.245969 0.241392 0.601339 -0.230150 0.244087 0.605072 -0.232804 -0.232047 0.605072 -0.232804 -0.232047 0.601339 -0.230150 0.244087 0.000732 -0.236733 0.239414 0.004466 -0.239386 -0.236720 0.599874 0.243316 -0.234741 0.605072 -0.232804 -0.232047 0.596141 0.245969 0.241392 0.601339 -0.230150 0.244087 " />
									<Normal vector="-0.566454 -0.586840 -0.578539 -0.575518 -0.580401 0.576098 -0.588122 0.574175 0.569536 -0.579058 0.567736 -0.585070 -0.579058 0.567736 -0.585070 -0.588122 0.574175 0.569536 0.566454 0.586840 0.578539 0.575518 0.580401 -0.576098 0.575518 0.580401 -0.576098 0.566454 0.586840 0.578539 0.579058 -0.567736 0.585070 0.588122 -0.574175 -0.569536 0.588122 -0.574175 -0.569536 0.579058 -0.567736 0.585070 -0.575518 -0.580401 0.576098 -0.566454 -0.586840 -0.578539 0.575518 0.580401 -0.576098 0.588122 -0.574175 -0.569536 0.566454 0.586840 0.578539 0.579058 -0.567736 0.585070 " />
									<TextureCoordinate point="0.0372 0.0372 0.4706 0.0372 0.4706 0.4706 0.0372 0.4706 0.0372 0.0372 0.4706 0.0372 0.4706 0.4706 0.0372 0.4706 0.0372 0.0372 0.4706 0.0372 0.4706 0.4706 0.0372 0.4706 0.0372 0.0372 0.4706 0.0372 0.4706 0.4706 0.0372 0.4706 0.4706 0.0372 0.4706 0.4706 0.0372 0.0372 0.0372 0.4706 " />
								</IndexedTriangleSet>
							</Shape>
						</Group>
					</Transform>
					<Transform DEF="Cubo_030_TRANSFORM"
					           translation="0.470777 -0.020465 0.014658"
					           scale="1.000000 1.000000 1.000000"
					           rotation="0.000000 1.000000 0.000000 0.000000"
					           >
						<Transform DEF="Cubo_030_ifs_TRANSFORM"
						           translation="0.000000 0.000000 0.000000"
						           scale="1.000000 1.000000 1.000000"
						           rotation="0.000000 1.000000 0.000000 0.000000"
						           >
							<Group DEF="group_ME_Cubo_030">
								<Shape>
									<Appearance>
										<Material USE="MA_Body" />
									</Appearance>
									<IndexedTriangleSet solid="false"
									                    normalPerVertex="true"
									                    index="0 1 2 0 2 3 4 5 6 4 6 7 8 9 10 8 10 11 12 13 14 12 14 15 4 16 17 4 17 15 18 5 14 18 14 19 "
									                    >
										<Coordinate point="0.001692 -0.120252 -0.048032 -0.000409 -0.048041 0.120260 -0.001692 0.120252 0.048032 0.000409 0.048041 -0.120260 0.000409 0.048041 -0.120260 -0.001692 0.120252 0.048032 0.302670 0.123588 0.050400 0.304770 0.051377 -0.117892 0.304770 0.051377 -0.117892 0.302670 0.123588 0.050400 0.303952 -0.044705 0.122628 0.306053 -0.116916 -0.045664 0.306053 -0.116916 -0.045664 0.303952 -0.044705 0.122628 -0.000409 -0.048041 0.120260 0.001692 -0.120252 -0.048032 0.304770 0.051377 -0.117892 0.306053 -0.116916 -0.045664 0.302670 0.123588 0.050400 0.303952 -0.044705 0.122628 " />
										<Normal vector="-0.566607 -0.764489 -0.307321 -0.579852 -0.309214 0.753716 -0.587939 0.751854 0.298349 -0.574694 0.296548 -0.762719 -0.574694 0.296548 -0.762719 -0.587939 0.751854 0.298349 0.566607 0.764489 0.307321 0.579852 0.309214 -0.753716 0.579852 0.309214 -0.753716 0.566607 0.764489 0.307321 0.574694 -0.296548 0.762719 0.587939 -0.751854 -0.298349 0.587939 -0.751854 -0.298349 0.574694 -0.296548 0.762719 -0.579852 -0.309214 0.753716 -0.566607 -0.764489 -0.307321 0.579852 0.309214 -0.753716 0.587939 -0.751854 -0.298349 0.566607 0.764489 0.307321 0.574694 -0.296548 0.762719 " />
										<TextureCoordinate point="0.0372 0.0372 0.4706 0.0372 0.4706 0.4706 0.0372 0.4706 0.0372 0.0372 0.4706 0.0372 0.4706 0.4706 0.0372 0.4706 0.0372 0.0372 0.4706 0.0372 0.4706 0.4706 0.0372 0.4706 0.0372 0.0372 0.4706 0.0372 0.4706 0.4706 0.0372 0.4706 0.4706 0.0372 0.4706 0.4706 0.0372 0.0372 0.0372 0.4706 " />
									</IndexedTriangleSet>
								</Shape>
							</Group>
						</Transform>
					</Transform>
					<Transform DEF="Cubo_031_TRANSFORM"
					           translation="0.513010 0.130131 -0.061671"
					           scale="1.000000 1.000000 1.000000"
					           rotation="0.000000 1.000000 0.000000 0.000000"
					           >
						<Transform DEF="Cubo_031_ifs_TRANSFORM"
						           translation="0.000000 0.000000 0.000000"
						           scale="1.000000 1.000000 1.000000"
						           rotation="0.000000 1.000000 0.000000 0.000000"
						           >
							<Group DEF="group_ME_Cubo_031">
								<Shape>
									<Appearance>
										<Material USE="MA_Body" />
									</Appearance>
									<IndexedTriangleSet solid="false"
									                    normalPerVertex="true"
									                    index="0 1 2 0 2 3 4 5 6 4 6 7 8 9 10 8 10 11 12 13 14 12 14 15 4 16 17 4 17 15 18 5 14 18 14 19 "
									                    >
										<Coordinate point="-0.006607 -0.101794 -0.041765 0.030857 -0.041876 0.097181 0.006607 0.101794 0.041765 -0.030857 0.041876 -0.097181 -0.030857 0.041876 -0.097181 0.006607 0.101794 0.041765 0.244957 0.115033 -0.028210 0.207492 0.055115 -0.167157 0.207492 0.055115 -0.167157 0.244957 0.115033 -0.028210 0.269206 -0.028637 0.027206 0.231742 -0.088555 -0.111741 0.231742 -0.088555 -0.111741 0.269206 -0.028637 0.027206 0.030857 -0.041876 0.097181 -0.006607 -0.101794 -0.041765 0.207492 0.055115 -0.167157 0.231742 -0.088555 -0.111741 0.244957 0.115033 -0.028210 0.269206 -0.028637 0.027206 " />
										<Normal vector="-0.602100 -0.784753 -0.146947 -0.324595 -0.340892 0.882260 -0.504227 0.723289 0.471755 -0.781732 0.279458 -0.557451 -0.781732 0.279458 -0.557451 -0.504227 0.723289 0.471755 0.602100 0.784753 0.146947 0.324595 0.340892 -0.882260 0.324595 0.340892 -0.882260 0.602100 0.784753 0.146947 0.781732 -0.279458 0.557451 0.504227 -0.723289 -0.471755 0.504227 -0.723289 -0.471755 0.781732 -0.279458 0.557451 -0.324595 -0.340892 0.882260 -0.602100 -0.784753 -0.146947 0.324595 0.340892 -0.882260 0.504227 -0.723289 -0.471755 0.602100 0.784753 0.146947 0.781732 -0.279458 0.557451 " />
										<TextureCoordinate point="0.0372 0.0372 0.4706 0.0372 0.4706 0.4706 0.0372 0.4706 0.0372 0.0372 0.4706 0.0372 0.4706 0.4706 0.0372 0.4706 0.0372 0.0372 0.4706 0.0372 0.4706 0.4706 0.0372 0.4706 0.0372 0.0372 0.4706 0.0372 0.4706 0.4706 0.0372 0.4706 0.4706 0.0372 0.4706 0.4706 0.0372 0.0372 0.0372 0.4706 " />
									</IndexedTriangleSet>
								</Shape>
							</Group>
						</Transform>
					</Transform>
					<Transform DEF="Cubo_032_TRANSFORM"
					           translation="0.470576 -0.150242 0.039965"
					           scale="1.000000 1.000000 1.000000"
					           rotation="0.000000 1.000000 0.000000 0.000000"
					           >
						<Transform DEF="Cubo_032_ifs_TRANSFORM"
						           translation="0.000000 0.000000 0.000000"
						           scale="1.000000 1.000000 1.000000"
						           rotation="0.000000 1.000000 0.000000 0.000000"
						           >
							<Group DEF="group_ME_Cubo_032">
								<Shape>
									<Appearance>
										<Material USE="MA_Body" />
									</Appearance>
									<IndexedTriangleSet solid="false"
									                    normalPerVertex="true"
									                    index="0 1 2 0 2 3 4 5 6 4 6 7 8 9 10 8 10 11 12 13 14 12 14 15 4 16 17 4 17 15 18 5 14 18 14 19 "
									                    >
										<Coordinate point="-0.041208 -0.033704 -0.078429 -0.078077 -0.020326 0.049759 0.041208 0.033704 0.078429 0.078077 0.020326 -0.049759 0.078077 0.020326 -0.049759 0.041208 0.033704 0.078429 0.093618 -0.097252 0.107169 0.130486 -0.110630 -0.021019 0.130486 -0.110630 -0.021019 0.093618 -0.097252 0.107169 -0.025668 -0.151282 0.078499 0.011201 -0.164660 -0.049688 0.011201 -0.164660 -0.049688 -0.025668 -0.151282 0.078499 -0.078077 -0.020326 0.049759 -0.041208 -0.033704 -0.078429 0.130486 -0.110630 -0.021019 0.011201 -0.164660 -0.049688 0.093618 -0.097252 0.107169 -0.025668 -0.151282 0.078499 " />
										<Normal vector="-0.565142 0.234901 -0.790826 -0.882717 0.350139 0.313334 0.144749 0.815516 0.560289 0.462325 0.700308 -0.543870 0.462325 0.700308 -0.543870 0.144749 0.815516 0.560289 0.565142 -0.234901 0.790826 0.882717 -0.350139 -0.313334 0.882717 -0.350139 -0.313334 0.565142 -0.234901 0.790826 -0.462325 -0.700308 0.543870 -0.144749 -0.815516 -0.560289 -0.144749 -0.815516 -0.560289 -0.462325 -0.700308 0.543870 -0.882717 0.350139 0.313334 -0.565142 0.234901 -0.790826 0.882717 -0.350139 -0.313334 -0.144749 -0.815516 -0.560289 0.565142 -0.234901 0.790826 -0.462325 -0.700308 0.543870 " />
										<TextureCoordinate point="0.0652 0.0435 0.4504 0.0435 0.4504 0.4288 0.0652 0.4288 0.0652 0.0435 0.4504 0.0435 0.4504 0.4288 0.0652 0.4288 0.0652 0.0435 0.4504 0.0435 0.4504 0.4288 0.0652 0.4288 0.0652 0.0435 0.4504 0.0435 0.4504 0.4288 0.0652 0.4288 0.4504 0.0435 0.4504 0.4288 0.0652 0.0435 0.0652 0.4288 " />
									</IndexedTriangleSet>
								</Shape>
							</Group>
						</Transform>
					</Transform>
				</Transform>
			</Transform>
			<Transform DEF="tail_TRANSFORM"
			           translation="0.000000 1.197920 1.193463"
			           scale="1.000000 1.000000 1.000000"
			           rotation="0.000000 1.000000 0.000000 0.000000"
			           >
				<Transform DEF="tail_ifs_TRANSFORM"
				           translation="0.000000 0.000000 0.000000"
				           scale="1.000000 1.000000 1.000000"
				           rotation="0.000000 1.000000 0.000000 0.000000"
				           >
					<Group DEF="group_ME_tail">
						<Shape>
							<Appearance>
								<Material USE="MA_Body" />
							</Appearance>
							<IndexedTriangleSet solid="false"
							                    normalPerVertex="true"
							                    index="0 1 2 0 2 3 4 5 6 4 6 7 8 9 10 8 10 11 12 13 14 12 14 15 4 16 17 4 17 15 18 5 14 18 14 19 "
							                    >
								<Coordinate point="-0.455627 -0.116876 -1.125170 -0.455627 0.116876 1.125170 -0.455627 1.846179 0.945541 -0.455627 1.612427 -1.304800 -0.455627 1.612427 -1.304800 -0.455627 1.846179 0.945541 0.455627 1.846179 0.945541 0.455627 1.612427 -1.304800 0.455627 1.612427 -1.304800 0.455627 1.846179 0.945541 0.455627 0.116876 1.125170 0.455627 -0.116876 -1.125170 0.455627 -0.116876 -1.125170 0.455627 0.116876 1.125170 -0.455627 0.116876 1.125170 -0.455627 -0.116876 -1.125170 0.455627 1.612427 -1.304800 0.455627 -0.116876 -1.125170 0.455627 1.846179 0.945541 0.455627 0.116876 1.125170 " />
								<Normal vector="-0.577349 -0.633900 -0.514603 -0.577349 -0.514603 0.633900 -0.577349 0.633900 0.514603 -0.577349 0.514603 -0.633900 -0.577349 0.514603 -0.633900 -0.577349 0.633900 0.514603 0.577349 0.633900 0.514603 0.577349 0.514603 -0.633900 0.577349 0.514603 -0.633900 0.577349 0.633900 0.514603 0.577349 -0.514603 0.633900 0.577349 -0.633900 -0.514603 0.577349 -0.633900 -0.514603 0.577349 -0.514603 0.633900 -0.577349 -0.514603 0.633900 -0.577349 -0.633900 -0.514603 0.577349 0.514603 -0.633900 0.577349 -0.633900 -0.514603 0.577349 0.633900 0.514603 0.577349 -0.514603 0.633900 " />
								<TextureCoordinate point="0.0226 0.0275 0.4804 0.0275 0.4804 0.4853 0.0226 0.4853 0.0226 0.0275 0.4804 0.0275 0.4804 0.4853 0.0226 0.4853 0.0226 0.0275 0.4804 0.0275 0.4804 0.4853 0.0226 0.4853 0.0226 0.0275 0.4804 0.0275 0.4804 0.4853 0.0226 0.4853 0.4804 0.0275 0.4804 0.4853 0.0226 0.0275 0.0226 0.4853 " />
							</IndexedTriangleSet>
						</Shape>
					</Group>
				</Transform>
				<Transform DEF="Cubo_034_TRANSFORM"
				           translation="0.000000 0.046447 -0.004825"
				           scale="1.000000 1.000000 1.000000"
				           rotation="0.000000 1.000000 0.000000 0.000000"
				           >
					<Transform DEF="Cubo_034_ifs_TRANSFORM"
					           translation="0.000000 0.000000 0.000000"
					           scale="1.000000 1.000000 1.000000"
					           rotation="0.000000 1.000000 0.000000 0.000000"
					           >
						<Group DEF="group_ME_Cubo_034">
							<Shape>
								<Appearance>
									<Material USE="MA_Body" />
								</Appearance>
								<IndexedTriangleSet solid="false"
								                    normalPerVertex="true"
								                    index="0 1 2 0 2 3 4 5 6 4 6 7 8 9 10 8 10 11 12 13 14 12 14 15 4 16 17 4 17 15 18 5 14 18 14 19 "
								                    >
									<Coordinate point="-0.529799 -0.043190 -0.415794 -0.529799 0.043190 0.415794 -0.529799 1.004692 0.315919 -0.529799 0.918311 -0.515669 -0.529799 0.918311 -0.515669 -0.529799 1.004692 0.315919 0.529799 1.004692 0.315919 0.529799 0.918311 -0.515669 0.529799 0.918311 -0.515669 0.529799 1.004692 0.315919 0.529799 0.043190 0.415794 0.529799 -0.043190 -0.415794 0.529799 -0.043190 -0.415794 0.529799 0.043190 0.415794 -0.529799 0.043190 0.415794 -0.529799 -0.043190 -0.415794 0.529799 0.918311 -0.515669 0.529799 -0.043190 -0.415794 0.529799 1.004692 0.315919 0.529799 0.043190 0.415794 " />
									<Normal vector="-0.577349 -0.633900 -0.514603 -0.577349 -0.514603 0.633900 -0.577349 0.633900 0.514603 -0.577349 0.514603 -0.633900 -0.577349 0.514603 -0.633900 -0.577349 0.633900 0.514603 0.577349 0.633900 0.514603 0.577349 0.514603 -0.633900 0.577349 0.514603 -0.633900 0.577349 0.633900 0.514603 0.577349 -0.514603 0.633900 0.577349 -0.633900 -0.514603 0.577349 -0.633900 -0.514603 0.577349 -0.514603 0.633900 -0.577349 -0.514603 0.633900 -0.577349 -0.633900 -0.514603 0.577349 0.514603 -0.633900 0.577349 -0.633900 -0.514603 0.577349 0.633900 0.514603 0.577349 -0.514603 0.633900 " />
									<TextureCoordinate point="0.0226 0.0275 0.4804 0.0275 0.4804 0.4853 0.0226 0.4853 0.0226 0.0275 0.4804 0.0275 0.4804 0.4853 0.0226 0.4853 0.0226 0.0275 0.4804 0.0275 0.4804 0.4853 0.0226 0.4853 0.0226 0.0275 0.4804 0.0275 0.4804 0.4853 0.0226 0.4853 0.4804 0.0275 0.4804 0.4853 0.0226 0.0275 0.0226 0.4853 " />
								</IndexedTriangleSet>
							</Shape>
						</Group>
					</Transform>
				</Transform>
			</Transform>
			<Transform DEF="wing1_TRANSFORM"
			           translation="0.302819 1.483536 1.173914"
			           scale="1.000000 1.000000 1.000000"
			           rotation="0.000000 1.000000 0.000000 0.000000"
			           >
				<Transform DEF="wing1_ifs_TRANSFORM"
				           translation="0.000000 0.000000 0.000000"
				           scale="1.000000 1.000000 1.000000"
				           rotation="0.000000 1.000000 0.000000 0.000000"
				           >
					<Group DEF="group_ME_wing1">
						<Shape>
							<Appearance>
								<Material USE="MA_Body" />
							</Appearance>
							<IndexedTriangleSet solid="false"
							                    normalPerVertex="true"
							                    index="0 1 2 0 2 3 4 5 6 4 6 7 8 9 10 8 10 11 12 13 14 12 14 15 4 16 17 4 17 15 18 5 14 18 14 19 "
							                    >
								<Coordinate point="0.006281 -0.195540 -0.214748 -0.005585 -0.134790 0.257279 -0.006281 0.195540 0.214748 0.005585 0.134790 -0.257279 0.005585 0.134790 -0.257279 -0.006281 0.195540 0.214748 2.576488 0.209121 0.277927 2.588354 0.148371 -0.194100 2.588354 0.148371 -0.194100 2.576488 0.209121 0.277927 2.577185 -0.121210 0.320458 2.589051 -0.181960 -0.151569 2.589051 -0.181960 -0.151569 2.577185 -0.121210 0.320458 -0.005585 -0.134790 0.257279 0.006281 -0.195540 -0.214748 2.588354 0.148371 -0.194100 2.589051 -0.181960 -0.151569 2.576488 0.209121 0.277927 2.577185 -0.121210 0.320458 " />
								<Normal vector="-0.561571 -0.649312 -0.512833 -0.590350 -0.501968 0.632038 -0.592761 0.643239 0.484603 -0.563982 0.495895 -0.660268 -0.563982 0.495895 -0.660268 -0.592761 0.643239 0.484603 0.561571 0.649312 0.512833 0.590350 0.501968 -0.632038 0.590350 0.501968 -0.632038 0.561571 0.649312 0.512833 0.563982 -0.495895 0.660268 0.592761 -0.643239 -0.484603 0.592761 -0.643239 -0.484603 0.563982 -0.495895 0.660268 -0.590350 -0.501968 0.632038 -0.561571 -0.649312 -0.512833 0.590350 0.501968 -0.632038 0.592761 -0.643239 -0.484603 0.561571 0.649312 0.512833 0.563982 -0.495895 0.660268 " />
								<TextureCoordinate point="0.5616 0.6602 0.9552 0.6602 0.9552 0.9648 0.5616 0.9648 0.5616 0.6602 0.9552 0.6602 0.9552 0.9648 0.5616 0.9648 0.5616 0.6602 0.9552 0.6602 0.9552 0.9648 0.5616 0.9648 0.5616 0.6602 0.9552 0.6602 0.9552 0.9648 0.5616 0.9648 0.9552 0.6602 0.9552 0.9648 0.5616 0.6602 0.5616 0.9648 " />
							</IndexedTriangleSet>
						</Shape>
					</Group>
				</Transform>
				<Transform DEF="Plano_001_TRANSFORM"
				           translation="0.089120 -0.011194 0.069659"
				           scale="1.000000 1.000000 1.000000"
				           rotation="0.000000 1.000000 0.000000 0.000000"
				           >
					<Transform DEF="Plano_001_ifs_TRANSFORM"
					           translation="0.000000 0.000000 0.000000"
					           scale="1.000000 1.000000 1.000000"
					           rotation="0.000000 1.000000 0.000000 0.000000"
					           >
						<Group DEF="group_ME_Plano_001">
							<Shape>
								<Appearance>
									<Material DEF="MA_Wing"
									          diffuseColor="0.800 0.800 0.800"
									          specularColor="0.401 0.401 0.401"
									          emissiveColor="0.000 0.000 0.000"
									          ambientIntensity="0.000"
									          shininess="0.500"
									          transparency="0.0"
									          />
								</Appearance>
								<IndexedTriangleSet solid="false"
								                    normalPerVertex="true"
								                    index="0 1 2 0 2 3 "
								                    >
									<Coordinate point="0.000000 -0.291615 -2.420177 6.888732 -0.413583 -2.405480 6.888732 0.306873 3.573755 0.000000 0.428842 3.559058 " />
									<Normal vector="-0.017823 -0.992645 0.119602 -0.017823 -0.992645 0.119602 -0.017823 -0.992645 0.119602 -0.017823 -0.992645 0.119602 " />
									<TextureCoordinate point="0.0000 0.0000 1.0000 0.0000 1.0000 1.0000 0.0000 1.0000 " />
								</IndexedTriangleSet>
							</Shape>
						</Group>
					</Transform>
				</Transform>
				<Transform DEF="Cubo_036_TRANSFORM"
				           translation="-0.029295 0.005618 0.044112"
				           scale="1.000000 1.000000 1.000000"
				           rotation="0.000000 1.000000 0.000000 0.000000"
				           >
					<Transform DEF="Cubo_036_ifs_TRANSFORM"
					           translation="0.000000 0.000000 0.000000"
					           scale="1.000000 1.000000 1.000000"
					           rotation="0.000000 1.000000 0.000000 0.000000"
					           >
						<Group DEF="group_ME_Cubo_040">
							<Shape>
								<Appearance>
									<Material USE="MA_Body" />
								</Appearance>
								<IndexedTriangleSet solid="false"
								                    normalPerVertex="true"
								                    index="0 1 2 0 2 3 4 5 6 4 6 7 8 9 10 8 10 11 12 13 14 12 14 15 4 16 17 4 17 15 18 5 14 18 14 19 "
								                    >
									<Coordinate point="0.146179 -0.149006 -0.213994 -0.145674 -0.090545 0.244837 -0.146179 0.149006 0.213994 0.145674 0.090545 -0.244837 0.145674 0.090545 -0.244837 -0.146179 0.149006 0.213994 2.407529 0.360069 1.811459 2.699381 0.301609 1.352628 2.699381 0.301609 1.352628 2.407529 0.360069 1.811459 2.408034 0.120518 1.842302 2.699886 0.062058 1.383471 2.699886 0.062058 1.383471 2.408034 0.120518 1.842302 -0.145674 -0.090545 0.244837 0.146179 -0.149006 -0.213994 2.699381 0.301609 1.352628 2.699886 0.062058 1.383471 2.407529 0.360069 1.811459 2.408034 0.120518 1.842302 " />
									<Normal vector="-0.178961 -0.674673 -0.716056 -0.795129 -0.551256 0.252632 -0.797571 0.593951 0.105167 -0.181371 0.470534 -0.863521 -0.181371 0.470534 -0.863521 -0.797571 0.593951 0.105167 0.178961 0.674673 0.716056 0.795129 0.551256 -0.252632 0.795129 0.551256 -0.252632 0.178961 0.674673 0.716056 0.181371 -0.470534 0.863521 0.797571 -0.593951 -0.105167 0.797571 -0.593951 -0.105167 0.181371 -0.470534 0.863521 -0.795129 -0.551256 0.252632 -0.178961 -0.674673 -0.716056 0.795129 0.551256 -0.252632 0.797571 -0.593951 -0.105167 0.178961 0.674673 0.716056 0.181371 -0.470534 0.863521 " />
									<TextureCoordinate point="0.5616 0.6602 0.9552 0.6602 0.9552 0.9648 0.5616 0.9648 0.5616 0.6602 0.9552 0.6602 0.9552 0.9648 0.5616 0.9648 0.5616 0.6602 0.9552 0.6602 0.9552 0.9648 0.5616 0.9648 0.5616 0.6602 0.9552 0.6602 0.9552 0.9648 0.5616 0.9648 0.9552 0.6602 0.9552 0.9648 0.5616 0.6602 0.5616 0.9648 " />
								</IndexedTriangleSet>
							</Shape>
						</Group>
					</Transform>
				</Transform>
				<Transform DEF="Cubo_037_TRANSFORM"
				           translation="-0.029295 0.005618 0.044112"
				           scale="1.000000 1.000000 1.000000"
				           rotation="0.000000 1.000000 0.000000 0.000000"
				           >
					<Transform DEF="Cubo_037_ifs_TRANSFORM"
					           translation="0.000000 0.000000 0.000000"
					           scale="1.000000 1.000000 1.000000"
					           rotation="0.000000 1.000000 0.000000 0.000000"
					           >
						<Group DEF="group_ME_Cubo_041">
							<Shape>
								<Appearance>
									<Material USE="MA_Body" />
								</Appearance>
								<IndexedTriangleSet solid="false"
								                    normalPerVertex="true"
								                    index="0 1 2 0 2 3 4 5 6 4 6 7 8 9 10 8 10 11 12 13 14 12 14 15 4 16 17 4 17 15 18 5 14 18 14 19 "
								                    >
									<Coordinate point="-0.143419 -0.127632 -0.172558 0.139815 -0.078785 0.202188 0.143419 0.127632 0.172558 -0.139815 0.078785 -0.202188 -0.139815 0.078785 -0.202188 0.143419 0.127632 0.172558 1.796941 -0.076809 -1.050534 1.513706 -0.125655 -1.425279 1.513706 -0.125655 -1.425279 1.796941 -0.076809 -1.050534 1.793336 -0.283225 -1.020904 1.510102 -0.332072 -1.395650 1.510102 -0.332072 -1.395650 1.793336 -0.283225 -1.020904 0.139815 -0.078785 0.202188 -0.143419 -0.127632 -0.172558 1.513706 -0.125655 -1.425279 1.510102 -0.332072 -1.395650 1.796941 -0.076809 -1.050534 1.793336 -0.283225 -1.020904 " />
									<Normal vector="-0.818110 -0.573992 -0.034425 -0.125614 -0.454573 0.881771 -0.105655 0.688223 0.717734 -0.798151 0.568773 -0.198462 -0.798151 0.568773 -0.198462 -0.105655 0.688223 0.717734 0.818110 0.573992 0.034425 0.125614 0.454573 -0.881771 0.125614 0.454573 -0.881771 0.818110 0.573992 0.034425 0.798151 -0.568773 0.198462 0.105655 -0.688223 -0.717734 0.105655 -0.688223 -0.717734 0.798151 -0.568773 0.198462 -0.125614 -0.454573 0.881771 -0.818110 -0.573992 -0.034425 0.125614 0.454573 -0.881771 0.105655 -0.688223 -0.717734 0.818110 0.573992 0.034425 0.798151 -0.568773 0.198462 " />
									<TextureCoordinate point="0.5616 0.6602 0.9552 0.6602 0.9552 0.9648 0.5616 0.9648 0.5616 0.6602 0.9552 0.6602 0.9552 0.9648 0.5616 0.9648 0.5616 0.6602 0.9552 0.6602 0.9552 0.9648 0.5616 0.9648 0.5616 0.6602 0.9552 0.6602 0.9552 0.9648 0.5616 0.9648 0.9552 0.6602 0.9552 0.9648 0.5616 0.6602 0.5616 0.9648 " />
								</IndexedTriangleSet>
							</Shape>
						</Group>
					</Transform>
				</Transform>
			</Transform>
			<Transform DEF="orl2_TRANSFORM"
			           translation="-1.076070 -0.004900 2.211497"
			           scale="1.000000 1.000000 1.000000"
			           rotation="0.000000 1.000000 0.000000 0.000000"
			           >
				<Transform DEF="orl2_ifs_TRANSFORM"
				           translation="0.000000 0.000000 0.000000"
				           scale="1.000000 1.000000 1.000000"
				           rotation="0.000000 1.000000 0.000000 0.000000"
				           >
					<Group DEF="group_ME_orl2">
						<Shape>
							<Appearance>
								<Material USE="MA_Body" />
							</Appearance>
							<IndexedTriangleSet solid="false"
							                    normalPerVertex="true"
							                    index="0 1 2 0 2 3 4 5 6 4 6 7 8 9 10 8 10 11 12 13 14 12 14 15 4 13 16 4 16 17 18 19 14 18 14 7 "
							                    >
								<Coordinate point="-0.041835 -0.295593 -0.273240 0.047091 0.269232 -0.298467 0.041835 0.295593 0.273240 -0.047091 -0.269232 0.298467 0.047091 0.269232 -0.298467 -0.630326 0.375387 -0.309590 -0.635582 0.401749 0.262117 0.041835 0.295593 0.273240 -0.630326 0.375387 -0.309590 -0.719252 -0.189438 -0.284363 -0.724508 -0.163076 0.287344 -0.635582 0.401749 0.262117 -0.719252 -0.189438 -0.284363 -0.041835 -0.295593 -0.273240 -0.047091 -0.269232 0.298467 -0.724508 -0.163076 0.287344 -0.719252 -0.189438 -0.284363 -0.630326 0.375387 -0.309590 -0.635582 0.401749 0.262117 -0.724508 -0.163076 0.287344 " />
								<Normal vector="0.485885 -0.685720 -0.541887 0.665304 0.453780 -0.592792 0.654714 0.506974 0.560625 0.475295 -0.632527 0.611499 0.665304 0.453780 -0.592792 -0.475295 0.632527 -0.611499 -0.485885 0.685720 0.541887 0.654714 0.506974 0.560625 -0.475295 0.632527 -0.611499 -0.654714 -0.506974 -0.560625 -0.665304 -0.453780 0.592792 -0.485885 0.685720 0.541887 -0.654714 -0.506974 -0.560625 0.485885 -0.685720 -0.541887 0.475295 -0.632527 0.611499 -0.665304 -0.453780 0.592792 -0.654714 -0.506974 -0.560625 -0.475295 0.632527 -0.611499 -0.485885 0.685720 0.541887 -0.665304 -0.453780 0.592792 " />
								<TextureCoordinate point="0.0372 0.0372 0.0372 0.4706 0.4706 0.4706 0.4706 0.0372 0.0372 0.0372 0.0372 0.4706 0.4706 0.4706 0.4706 0.0372 0.0372 0.0372 0.0372 0.4706 0.4706 0.4706 0.4706 0.0372 0.0372 0.0372 0.0372 0.4706 0.4706 0.4706 0.4706 0.0372 0.4706 0.4706 0.4706 0.0372 0.0372 0.0372 0.0372 0.4706 " />
							</IndexedTriangleSet>
						</Shape>
					</Group>
				</Transform>
				<Transform DEF="orl2_1_TRANSFORM"
				           translation="-0.597240 0.093591 -0.009806"
				           scale="1.000000 1.000000 1.000000"
				           rotation="0.000000 1.000000 0.000000 0.000000"
				           >
					<Transform DEF="orl2_1_ifs_TRANSFORM"
					           translation="0.000000 0.000000 0.000000"
					           scale="1.000000 1.000000 1.000000"
					           rotation="0.000000 1.000000 0.000000 0.000000"
					           >
						<Group DEF="group_ME_orl2_1">
							<Shape>
								<Appearance>
									<Material USE="MA_Body" />
								</Appearance>
								<IndexedTriangleSet solid="false"
								                    normalPerVertex="true"
								                    index="0 1 2 0 2 3 4 5 6 4 6 7 8 9 10 8 10 11 12 13 14 12 14 15 4 16 17 4 17 18 19 20 14 19 14 21 22 23 24 22 24 7 25 13 26 25 26 27 28 16 24 28 24 29 25 30 31 25 31 21 "
								                    >
									<Coordinate point="-0.058790 -0.416186 -0.391544 0.066316 0.378441 -0.427034 0.058790 0.416186 0.391544 -0.066316 -0.378441 0.427034 -0.071566 0.400048 -0.429298 -0.638073 0.488823 -0.438600 -0.645599 0.526568 0.379978 -0.431304 0.492987 0.383496 -0.638073 0.488823 -0.438600 -0.763179 -0.305803 -0.403109 -0.770705 -0.268058 0.415468 -0.645599 0.526568 0.379978 -0.196672 -0.394579 -0.393808 -0.058790 -0.416186 -0.391544 -0.066316 -0.378441 0.427034 -0.556410 -0.301640 0.418987 -0.196672 -0.394579 -0.393808 -0.763179 -0.305803 -0.403109 -0.638073 0.488823 -0.438600 -0.431304 0.492987 0.383496 -0.556410 -0.301640 0.418987 0.058790 0.416186 0.391544 -0.645599 0.526568 0.379978 -0.770705 -0.268058 0.415468 -0.556410 -0.301640 0.418987 0.066316 0.378441 -0.427034 -0.196672 -0.394579 -0.393808 -0.071566 0.400048 -0.429298 -0.763179 -0.305803 -0.403109 -0.770705 -0.268058 0.415468 -0.071566 0.400048 -0.429298 -0.431304 0.492987 0.383496 " />
									<Normal vector="0.485885 -0.685720 -0.541887 0.665304 0.453780 -0.592792 0.654714 0.506974 0.560625 0.475295 -0.632527 0.611499 0.116337 0.665242 -0.737480 -0.475295 0.632527 -0.611499 -0.485885 0.685720 0.541887 0.103366 0.730369 0.675130 -0.475295 0.632527 -0.611499 -0.654714 -0.506974 -0.560625 -0.665304 -0.453780 0.592792 -0.485885 0.685720 0.541887 -0.103366 -0.730369 -0.675130 0.485885 -0.685720 -0.541887 0.475295 -0.632527 0.611499 -0.116337 -0.665242 0.737480 -0.103366 -0.730369 -0.675130 -0.654714 -0.506974 -0.560625 -0.475295 0.632527 -0.611499 0.103366 0.730369 0.675130 -0.116337 -0.665242 0.737480 0.654714 0.506974 0.560625 -0.485885 0.685720 0.541887 -0.665304 -0.453780 0.592792 -0.116337 -0.665242 0.737480 0.665304 0.453780 -0.592792 -0.103366 -0.730369 -0.675130 0.116337 0.665242 -0.737480 -0.654714 -0.506974 -0.560625 -0.665304 -0.453780 0.592792 0.116337 0.665242 -0.737480 0.103366 0.730369 0.675130 " />
									<TextureCoordinate point="0.0416 0.0416 0.0416 0.4662 0.4662 0.4662 0.4662 0.0416 0.5456 0.0433 0.5456 0.2578 0.9701 0.2578 0.9701 0.0433 0.5456 0.0433 0.5456 0.2578 0.9701 0.2578 0.9701 0.0433 0.0416 0.0416 0.0416 0.4662 0.4662 0.4662 0.4662 0.0416 0.5456 0.2578 0.9701 0.2578 0.9701 0.0433 0.0416 0.0416 0.0416 0.4662 0.4662 0.0416 0.5456 0.0433 0.5456 0.2578 0.9701 0.2578 0.0416 0.0416 0.4662 0.4662 0.4662 0.0416 0.5456 0.0433 0.9701 0.0433 0.0416 0.4662 0.4662 0.4662 " />
								</IndexedTriangleSet>
							</Shape>
						</Group>
					</Transform>
					<Transform DEF="Cubo_001_TRANSFORM"
					           translation="-0.587249 0.093989 0.034325"
					           scale="1.000000 1.000000 1.000000"
					           rotation="0.000000 1.000000 0.000000 0.000000"
					           >
						<Transform DEF="Cubo_001_ifs_TRANSFORM"
						           translation="0.000000 0.000000 0.000000"
						           scale="1.000000 1.000000 1.000000"
						           rotation="0.000000 1.000000 0.000000 0.000000"
						           >
							<Group DEF="group_ME_Cubo_001">
								<Shape>
									<Appearance>
										<Material USE="MA_Body" />
									</Appearance>
									<IndexedTriangleSet solid="false"
									                    normalPerVertex="true"
									                    index="0 1 2 0 2 3 4 5 6 4 6 7 8 9 10 8 10 11 12 13 14 12 14 15 4 13 16 4 16 17 18 19 14 18 14 7 "
									                    >
										<Coordinate point="-0.072275 -0.352448 -0.342428 0.034609 0.326437 -0.372749 0.072275 0.352448 0.342428 -0.034609 -0.326437 0.372749 0.034609 0.326437 -0.372749 -0.551458 0.419934 -0.345284 -0.513793 0.445945 0.369894 0.072275 0.352448 0.342428 -0.551458 0.419934 -0.345284 -0.658342 -0.258951 -0.314963 -0.620676 -0.232940 0.400214 -0.513793 0.445945 0.369894 -0.658342 -0.258951 -0.314963 -0.072275 -0.352448 -0.342428 -0.034609 -0.326437 0.372749 -0.620676 -0.232940 0.400214 -0.658342 -0.258951 -0.314963 -0.551458 0.419934 -0.345284 -0.513793 0.445945 0.369894 -0.620676 -0.232940 0.400214 " />
										<Normal vector="0.449477 -0.681570 -0.577410 0.628864 0.457930 -0.628285 0.689566 0.499863 0.524033 0.510147 -0.639668 0.574908 0.628864 0.457930 -0.628285 -0.510147 0.639668 -0.574908 -0.449477 0.681570 0.577410 0.689566 0.499863 0.524033 -0.510147 0.639668 -0.574908 -0.689566 -0.499863 -0.524033 -0.628864 -0.457930 0.628285 -0.449477 0.681570 0.577410 -0.689566 -0.499863 -0.524033 0.449477 -0.681570 -0.577410 0.510147 -0.639668 0.574908 -0.628864 -0.457930 0.628285 -0.689566 -0.499863 -0.524033 -0.510147 0.639668 -0.574908 -0.449477 0.681570 0.577410 -0.628864 -0.457930 0.628285 " />
										<TextureCoordinate point="0.5299 0.0212 0.5299 0.2947 0.9623 0.2947 0.9623 0.0212 0.5299 0.0212 0.5299 0.2947 0.9623 0.2947 0.9623 0.0212 0.7814 0.3493 0.7814 0.5867 0.9765 0.5867 0.9765 0.3493 0.5299 0.0212 0.5299 0.2947 0.9623 0.2947 0.9623 0.0212 0.9623 0.2947 0.9623 0.0212 0.5299 0.0212 0.5299 0.2947 " />
									</IndexedTriangleSet>
								</Shape>
							</Group>
						</Transform>
					</Transform>
				</Transform>
			</Transform>
			<Transform DEF="leg2_TRANSFORM"
			           translation="-0.587934 0.248299 0.117947"
			           scale="1.000000 1.000000 1.000000"
			           rotation="0.000000 1.000000 0.000000 0.000000"
			           >
				<Transform DEF="leg2_ifs_TRANSFORM"
				           translation="0.000000 0.000000 0.000000"
				           scale="1.000000 1.000000 1.000000"
				           rotation="0.000000 1.000000 0.000000 0.000000"
				           >
					<Group DEF="group_ME_leg2">
						<Shape>
							<Appearance>
								<Material USE="MA_Body" />
							</Appearance>
							<IndexedTriangleSet solid="false"
							                    normalPerVertex="true"
							                    index="0 1 2 0 2 3 4 5 6 4 6 7 8 9 10 8 10 11 12 13 14 12 14 15 4 13 16 4 16 17 18 19 14 18 14 7 "
							                    >
								<Coordinate point="0.470301 -0.514367 -0.444330 0.470301 0.514367 -0.444330 0.470301 0.514367 -0.000000 0.470301 -0.514367 0.000000 0.470301 0.514367 -0.444330 -0.470301 0.514367 -0.444330 -0.470301 0.514367 -0.000000 0.470301 0.514367 -0.000000 -0.470301 0.514367 -0.444330 -0.470301 -0.514367 -0.444330 -0.470301 -0.514367 0.000000 -0.470301 0.514367 -0.000000 -0.470301 -0.514367 -0.444330 0.470301 -0.514367 -0.444330 0.470301 -0.514367 0.000000 -0.470301 -0.514367 0.000000 -0.470301 -0.514367 -0.444330 -0.470301 0.514367 -0.444330 -0.470301 0.514367 -0.000000 -0.470301 -0.514367 0.000000 " />
								<Normal vector="0.577349 -0.577349 -0.577349 0.577349 0.577349 -0.577349 0.577349 0.577349 0.577349 0.577349 -0.577349 0.577349 0.577349 0.577349 -0.577349 -0.577349 0.577349 -0.577349 -0.577349 0.577349 0.577349 0.577349 0.577349 0.577349 -0.577349 0.577349 -0.577349 -0.577349 -0.577349 -0.577349 -0.577349 -0.577349 0.577349 -0.577349 0.577349 0.577349 -0.577349 -0.577349 -0.577349 0.577349 -0.577349 -0.577349 0.577349 -0.577349 0.577349 -0.577349 -0.577349 0.577349 -0.577349 -0.577349 -0.577349 -0.577349 0.577349 -0.577349 -0.577349 0.577349 0.577349 -0.577349 -0.577349 0.577349 " />
								<TextureCoordinate point="0.0372 0.0372 0.0372 0.4706 0.4706 0.4706 0.4706 0.0372 0.0372 0.0372 0.0372 0.4706 0.4706 0.4706 0.4706 0.0372 0.0372 0.0372 0.0372 0.4706 0.4706 0.4706 0.4706 0.0372 0.0372 0.0372 0.0372 0.4706 0.4706 0.4706 0.4706 0.0372 0.4706 0.4706 0.4706 0.0372 0.0372 0.0372 0.0372 0.4706 " />
							</IndexedTriangleSet>
						</Shape>
					</Group>
				</Transform>
				<Transform DEF="foot2_TRANSFORM"
				           translation="0.054125 -0.000000 -0.305473"
				           scale="1.000000 1.000000 1.000000"
				           rotation="0.000000 1.000000 0.000000 0.000000"
				           >
					<Transform DEF="foot2_ifs_TRANSFORM"
					           translation="0.000000 0.000000 0.000000"
					           scale="1.000000 1.000000 1.000000"
					           rotation="0.000000 1.000000 0.000000 0.000000"
					           >
						<Group DEF="group_ME_foot2">
							<Shape>
								<Appearance>
									<Material USE="MA_Body" />
								</Appearance>
								<IndexedTriangleSet solid="false"
								                    normalPerVertex="true"
								                    index="0 1 2 0 2 3 4 5 6 4 6 7 8 9 10 8 10 11 12 13 14 12 14 15 16 17 18 16 18 19 20 21 14 20 14 22 23 24 3 23 3 25 26 27 28 26 28 29 30 31 32 30 32 33 34 0 3 34 3 35 36 34 35 36 35 37 24 20 22 24 22 3 27 16 19 27 19 28 31 8 11 31 11 32 0 38 39 0 39 40 41 42 43 41 43 44 45 46 47 45 47 48 48 47 20 48 20 24 49 0 40 49 40 50 50 40 27 50 27 26 51 45 48 51 48 52 52 48 24 52 24 23 46 53 54 46 54 47 47 54 21 47 21 20 38 13 55 38 55 39 39 55 17 39 17 16 56 57 58 56 58 59 57 12 15 57 15 58 49 60 61 49 61 25 60 4 7 60 7 61 "
								                    >
									<Coordinate point="0.363184 0.206999 -0.444970 0.363184 0.397214 -0.444970 0.363184 0.397214 -0.000000 0.363184 0.206999 -0.000000 -0.121061 0.397214 -0.444970 -0.363184 0.397214 -0.444970 -0.363184 0.397214 -0.000000 -0.121061 0.397214 -0.000000 -0.363184 -0.106297 -0.444970 -0.363184 -0.397214 -0.444970 -0.363184 -0.397214 0.000000 -0.363184 -0.106297 0.000000 0.121061 -0.397214 -0.444970 0.363184 -0.397214 -0.444970 0.363184 -0.397214 0.000000 0.121061 -0.397214 0.000000 -0.121061 -0.106297 -0.444970 -0.121061 -0.397214 -0.444970 -0.363184 -0.397214 -0.444970 -0.363184 -0.106297 -0.444970 0.121061 -0.106297 0.000000 0.121061 -0.397214 0.000000 0.363184 -0.106297 0.000000 0.121061 0.397214 -0.000000 0.121061 0.206999 -0.000000 0.363184 0.397214 -0.000000 -0.121061 0.397214 -0.444970 -0.121061 0.206999 -0.444970 -0.363184 0.206999 -0.444970 -0.363184 0.397214 -0.444970 -0.363184 0.397214 -0.444970 -0.363184 0.206999 -0.444970 -0.363184 0.206999 -0.000000 -0.363184 0.397214 -0.000000 0.363184 -0.106297 -0.444970 0.363184 -0.106297 0.000000 0.363184 -0.397214 -0.444970 0.363184 -0.397214 0.000000 0.363184 -0.106297 -0.444970 0.121061 -0.106297 -0.444970 0.121061 0.206999 -0.444970 0.121061 0.206999 -0.444970 0.121061 -0.106297 -0.444970 -0.121061 -0.106297 -0.444970 -0.121061 0.206999 -0.444970 -0.363184 0.206999 -0.000000 -0.363184 -0.106297 0.000000 -0.121061 -0.106297 0.000000 -0.121061 0.206999 -0.000000 0.363184 0.397214 -0.444970 0.121061 0.397214 -0.444970 -0.363184 0.397214 -0.000000 -0.121061 0.397214 -0.000000 -0.363184 -0.397214 0.000000 -0.121061 -0.397214 0.000000 0.121061 -0.397214 -0.444970 -0.363184 -0.397214 -0.444970 -0.121061 -0.397214 -0.444970 -0.121061 -0.397214 0.000000 -0.363184 -0.397214 0.000000 0.121061 0.397214 -0.444970 0.121061 0.397214 -0.000000 " />
									<Normal vector="0.707083 0.000000 -0.707083 0.577349 0.577349 -0.577349 0.577349 0.577349 0.577349 0.707083 0.000000 0.707083 0.000000 0.707083 -0.707083 -0.577349 0.577349 -0.577349 -0.577349 0.577349 0.577349 0.000000 0.707083 0.707083 -0.707083 0.000000 -0.707083 -0.577349 -0.577349 -0.577349 -0.577349 -0.577349 0.577349 -0.707083 0.000000 0.707083 0.000000 -0.707083 -0.707083 0.577349 -0.577349 -0.577349 0.577349 -0.577349 0.577349 0.000000 -0.707083 0.707083 0.000000 0.000000 -1.000000 0.000000 -0.707083 -0.707083 -0.577349 -0.577349 -0.577349 -0.707083 0.000000 -0.707083 0.000000 0.000000 1.000000 0.000000 -0.707083 0.707083 0.707083 0.000000 0.707083 0.000000 0.707083 0.707083 0.000000 0.000000 1.000000 0.577349 0.577349 0.577349 0.000000 0.707083 -0.707083 0.000000 0.000000 -1.000000 -0.707083 0.000000 -0.707083 -0.577349 0.577349 -0.577349 -0.577349 0.577349 -0.577349 -0.707083 0.000000 -0.707083 -0.707083 0.000000 0.707083 -0.577349 0.577349 0.577349 0.707083 0.000000 -0.707083 0.707083 0.000000 0.707083 0.577349 -0.577349 -0.577349 0.577349 -0.577349 0.577349 0.707083 0.000000 -0.707083 0.000000 0.000000 -1.000000 0.000000 0.000000 -1.000000 0.000000 0.000000 -1.000000 0.000000 0.000000 -1.000000 0.000000 0.000000 -1.000000 0.000000 0.000000 -1.000000 -0.707083 0.000000 0.707083 -0.707083 0.000000 0.707083 0.000000 0.000000 1.000000 0.000000 0.000000 1.000000 0.577349 0.577349 -0.577349 0.000000 0.707083 -0.707083 -0.577349 0.577349 0.577349 0.000000 0.707083 0.707083 -0.577349 -0.577349 0.577349 0.000000 -0.707083 0.707083 0.000000 -0.707083 -0.707083 -0.577349 -0.577349 -0.577349 0.000000 -0.707083 -0.707083 0.000000 -0.707083 0.707083 -0.577349 -0.577349 0.577349 0.000000 0.707083 -0.707083 0.000000 0.707083 0.707083 " />
									<TextureCoordinate point="0.0372 0.2539 0.0372 0.4706 0.4706 0.4706 0.4706 0.2539 0.0372 0.3261 0.0372 0.4706 0.4706 0.4706 0.4706 0.3261 0.0372 0.3119 0.0372 0.4706 0.4706 0.4706 0.4706 0.3119 0.0372 0.3261 0.0372 0.4706 0.4706 0.4706 0.4706 0.3261 0.3261 0.3300 0.3261 0.4706 0.4706 0.4706 0.4706 0.3119 0.3261 0.3482 0.3261 0.4706 0.4706 0.3663 0.3261 0.0372 0.3261 0.2163 0.4706 0.0372 0.3261 0.0372 0.3261 0.1786 0.4706 0.1410 0.4706 0.0372 0.0372 0.0372 0.0372 0.1410 0.4706 0.1410 0.4706 0.0372 0.0372 0.1415 0.4706 0.1415 0.0372 0.0372 0.4706 0.0372 0.0372 0.3663 0.1817 0.3482 0.1817 0.2163 0.6030 0.6818 0.6030 0.9580 0.8793 0.9580 0.8793 0.6818 0.0372 0.1410 0.0372 0.3119 0.1817 0.3300 0.1817 0.1786 0.0372 0.0372 0.1817 0.0372 0.0372 0.0372 0.1817 0.0372 0.0372 0.4706 0.1817 0.4706 0.1817 0.4706 0.0372 0.0372 0.0372 0.1817 0.4706 0.1817 0.4706 0.0372 0.0372 0.1817 0.4706 0.1817 " />
								</IndexedTriangleSet>
							</Shape>
						</Group>
					</Transform>
					<Transform DEF="Cubo_005_TRANSFORM"
					           translation="0.000910 -0.290341 -0.393436"
					           scale="1.000000 1.000000 1.000000"
					           rotation="0.000000 1.000000 0.000000 0.000000"
					           >
						<Transform DEF="Cubo_005_ifs_TRANSFORM"
						           translation="0.000000 0.000000 0.000000"
						           scale="1.000000 1.000000 1.000000"
						           rotation="0.000000 1.000000 0.000000 0.000000"
						           >
							<Group DEF="group_ME_Cubo_005">
								<Shape>
									<Appearance>
										<Material USE="MA_Body" />
									</Appearance>
									<IndexedTriangleSet solid="false"
									                    normalPerVertex="true"
									                    index="0 1 2 0 2 3 4 5 6 4 6 7 8 9 10 8 10 11 12 13 14 12 14 15 4 13 16 4 16 17 18 19 14 18 14 7 "
									                    >
										<Coordinate point="0.152799 -0.217904 -0.054606 0.152799 -0.000000 -0.054606 0.152799 0.000000 0.054606 0.152799 -0.217904 0.054606 0.152799 -0.000000 -0.054606 -0.152799 -0.000000 -0.054606 -0.152799 0.000000 0.054606 0.152799 0.000000 0.054606 -0.152799 -0.000000 -0.054606 -0.152799 -0.217904 -0.054606 -0.152799 -0.217904 0.054606 -0.152799 0.000000 0.054606 -0.152799 -0.217904 -0.054606 0.152799 -0.217904 -0.054606 0.152799 -0.217904 0.054606 -0.152799 -0.217904 0.054606 -0.152799 -0.217904 -0.054606 -0.152799 -0.000000 -0.054606 -0.152799 0.000000 0.054606 -0.152799 -0.217904 0.054606 " />
										<Normal vector="0.577349 -0.577349 -0.577349 0.577349 0.577349 -0.577349 0.577349 0.577349 0.577349 0.577349 -0.577349 0.577349 0.577349 0.577349 -0.577349 -0.577349 0.577349 -0.577349 -0.577349 0.577349 0.577349 0.577349 0.577349 0.577349 -0.577349 0.577349 -0.577349 -0.577349 -0.577349 -0.577349 -0.577349 -0.577349 0.577349 -0.577349 0.577349 0.577349 -0.577349 -0.577349 -0.577349 0.577349 -0.577349 -0.577349 0.577349 -0.577349 0.577349 -0.577349 -0.577349 0.577349 -0.577349 -0.577349 -0.577349 -0.577349 0.577349 -0.577349 -0.577349 0.577349 0.577349 -0.577349 -0.577349 0.577349 " />
										<TextureCoordinate point="0.0547 0.5567 0.0547 0.9798 0.4778 0.9798 0.4778 0.5567 0.0547 0.5567 0.0547 0.9798 0.4778 0.9798 0.4778 0.5567 0.0547 0.5567 0.0547 0.9798 0.4778 0.9798 0.4778 0.5567 0.0547 0.5567 0.0547 0.9798 0.4778 0.9798 0.4778 0.5567 0.4778 0.9798 0.4778 0.5567 0.0547 0.5567 0.0547 0.9798 " />
									</IndexedTriangleSet>
								</Shape>
							</Group>
						</Transform>
					</Transform>
				</Transform>
			</Transform>
			<Transform DEF="arm2_TRANSFORM"
			           translation="-0.982273 -0.259326 1.745808"
			           scale="1.000000 1.000000 1.000000"
			           rotation="0.000000 1.000000 0.000000 0.000000"
			           >
				<Transform DEF="arm2_ifs_TRANSFORM"
				           translation="0.000000 0.000000 0.000000"
				           scale="1.000000 1.000000 1.000000"
				           rotation="0.000000 1.000000 0.000000 0.000000"
				           >
					<Group DEF="group_ME_arm2">
						<Shape>
							<Appearance>
								<Material USE="MA_Body" />
							</Appearance>
							<IndexedTriangleSet solid="false"
							                    normalPerVertex="true"
							                    index="0 1 2 0 2 3 4 5 6 4 6 7 8 9 10 8 10 11 12 13 14 12 14 15 4 13 16 4 16 17 18 19 14 18 14 7 "
							                    >
								<Coordinate point="-0.003066 -0.315313 -0.315223 -0.001703 0.315237 -0.315310 0.003066 0.315313 0.315223 0.001703 -0.315237 0.315310 -0.001703 0.315237 -0.315310 -0.729933 0.316811 -0.309802 -0.725164 0.316887 0.320731 0.003066 0.315313 0.315223 -0.729933 0.316811 -0.309802 -0.731295 -0.313739 -0.309716 -0.726526 -0.313663 0.320817 -0.725164 0.316887 0.320731 -0.731295 -0.313739 -0.309716 -0.003066 -0.315313 -0.315223 0.001703 -0.315237 0.315310 -0.726526 -0.313663 0.320817 -0.731295 -0.313739 -0.309716 -0.729933 0.316811 -0.309802 -0.725164 0.316887 0.320731 -0.726526 -0.313663 0.320817 " />
								<Normal vector="0.571703 -0.578661 -0.581591 0.574206 0.576006 -0.581774 0.582934 0.576159 0.572863 0.580432 -0.578509 0.573046 0.574206 0.576006 -0.581774 -0.580432 0.578509 -0.573046 -0.571703 0.578661 0.581591 0.582934 0.576159 0.572863 -0.580432 0.578509 -0.573046 -0.582934 -0.576159 -0.572863 -0.574206 -0.576006 0.581774 -0.571703 0.578661 0.581591 -0.582934 -0.576159 -0.572863 0.571703 -0.578661 -0.581591 0.580432 -0.578509 0.573046 -0.574206 -0.576006 0.581774 -0.582934 -0.576159 -0.572863 -0.580432 0.578509 -0.573046 -0.571703 0.578661 0.581591 -0.574206 -0.576006 0.581774 " />
								<TextureCoordinate point="0.0372 0.0372 0.0372 0.4706 0.4706 0.4706 0.4706 0.0372 0.0372 0.0372 0.0372 0.4706 0.4706 0.4706 0.4706 0.0372 0.0372 0.0372 0.0372 0.4706 0.4706 0.4706 0.4706 0.0372 0.0372 0.0372 0.0372 0.4706 0.4706 0.4706 0.4706 0.0372 0.4706 0.4706 0.4706 0.0372 0.0372 0.0372 0.0372 0.4706 " />
							</IndexedTriangleSet>
						</Shape>
					</Group>
				</Transform>
				<Transform DEF="arm2_1_TRANSFORM"
				           translation="-0.589654 0.001274 0.004460"
				           scale="1.000000 1.000000 1.000000"
				           rotation="0.000000 1.000000 0.000000 0.000000"
				           >
					<Transform DEF="arm2_1_ifs_TRANSFORM"
					           translation="0.000000 0.000000 0.000000"
					           scale="1.000000 1.000000 1.000000"
					           rotation="0.000000 1.000000 0.000000 0.000000"
					           >
						<Group DEF="group_ME_arm2_1">
							<Shape>
								<Appearance>
									<Material USE="MA_Body" />
								</Appearance>
								<IndexedTriangleSet solid="false"
								                    normalPerVertex="true"
								                    index="0 1 2 0 2 3 4 5 6 4 6 7 8 9 10 8 10 11 12 13 14 12 14 15 4 13 16 4 16 17 18 19 14 18 14 7 "
								                    >
									<Coordinate point="-0.004466 -0.239386 -0.236720 0.000732 0.236733 -0.239414 0.004466 0.239386 0.236720 -0.000732 -0.236733 0.239414 0.000732 0.236733 -0.239414 -0.599874 0.243316 -0.234741 -0.596141 0.245969 0.241392 0.004466 0.239386 0.236720 -0.599874 0.243316 -0.234741 -0.605072 -0.232804 -0.232047 -0.601339 -0.230150 0.244087 -0.596141 0.245969 0.241392 -0.605072 -0.232804 -0.232047 -0.004466 -0.239386 -0.236720 -0.000732 -0.236733 0.239414 -0.601339 -0.230150 0.244087 -0.605072 -0.232804 -0.232047 -0.599874 0.243316 -0.234741 -0.596141 0.245969 0.241392 -0.601339 -0.230150 0.244087 " />
									<Normal vector="0.566454 -0.586840 -0.578539 0.579058 0.567736 -0.585070 0.588122 0.574175 0.569536 0.575518 -0.580401 0.576098 0.579058 0.567736 -0.585070 -0.575518 0.580401 -0.576098 -0.566454 0.586840 0.578539 0.588122 0.574175 0.569536 -0.575518 0.580401 -0.576098 -0.588122 -0.574175 -0.569536 -0.579058 -0.567736 0.585070 -0.566454 0.586840 0.578539 -0.588122 -0.574175 -0.569536 0.566454 -0.586840 -0.578539 0.575518 -0.580401 0.576098 -0.579058 -0.567736 0.585070 -0.588122 -0.574175 -0.569536 -0.575518 0.580401 -0.576098 -0.566454 0.586840 0.578539 -0.579058 -0.567736 0.585070 " />
									<TextureCoordinate point="0.0372 0.0372 0.0372 0.4706 0.4706 0.4706 0.4706 0.0372 0.0372 0.0372 0.0372 0.4706 0.4706 0.4706 0.4706 0.0372 0.0372 0.0372 0.0372 0.4706 0.4706 0.4706 0.4706 0.0372 0.0372 0.0372 0.0372 0.4706 0.4706 0.4706 0.4706 0.0372 0.4706 0.4706 0.4706 0.0372 0.0372 0.0372 0.0372 0.4706 " />
								</IndexedTriangleSet>
							</Shape>
						</Group>
					</Transform>
					<Transform DEF="Cubo_002_TRANSFORM"
					           translation="-0.470777 -0.020465 0.014658"
					           scale="1.000000 1.000000 1.000000"
					           rotation="0.000000 1.000000 0.000000 0.000000"
					           >
						<Transform DEF="Cubo_002_ifs_TRANSFORM"
						           translation="0.000000 0.000000 0.000000"
						           scale="1.000000 1.000000 1.000000"
						           rotation="0.000000 1.000000 0.000000 0.000000"
						           >
							<Group DEF="group_ME_Cubo_002">
								<Shape>
									<Appearance>
										<Material USE="MA_Body" />
									</Appearance>
									<IndexedTriangleSet solid="false"
									                    normalPerVertex="true"
									                    index="0 1 2 0 2 3 4 5 6 4 6 7 8 9 10 8 10 11 12 13 14 12 14 15 4 13 16 4 16 17 18 19 14 18 14 7 "
									                    >
										<Coordinate point="-0.001692 -0.120252 -0.048032 -0.000409 0.048041 -0.120260 0.001692 0.120252 0.048032 0.000409 -0.048041 0.120260 -0.000409 0.048041 -0.120260 -0.304770 0.051377 -0.117892 -0.302670 0.123588 0.050400 0.001692 0.120252 0.048032 -0.304770 0.051377 -0.117892 -0.306053 -0.116916 -0.045664 -0.303952 -0.044705 0.122628 -0.302670 0.123588 0.050400 -0.306053 -0.116916 -0.045664 -0.001692 -0.120252 -0.048032 0.000409 -0.048041 0.120260 -0.303952 -0.044705 0.122628 -0.306053 -0.116916 -0.045664 -0.304770 0.051377 -0.117892 -0.302670 0.123588 0.050400 -0.303952 -0.044705 0.122628 " />
										<Normal vector="0.566607 -0.764489 -0.307321 0.574694 0.296548 -0.762719 0.587939 0.751854 0.298349 0.579852 -0.309214 0.753716 0.574694 0.296548 -0.762719 -0.579852 0.309214 -0.753716 -0.566607 0.764489 0.307321 0.587939 0.751854 0.298349 -0.579852 0.309214 -0.753716 -0.587939 -0.751854 -0.298349 -0.574694 -0.296548 0.762719 -0.566607 0.764489 0.307321 -0.587939 -0.751854 -0.298349 0.566607 -0.764489 -0.307321 0.579852 -0.309214 0.753716 -0.574694 -0.296548 0.762719 -0.587939 -0.751854 -0.298349 -0.579852 0.309214 -0.753716 -0.566607 0.764489 0.307321 -0.574694 -0.296548 0.762719 " />
										<TextureCoordinate point="0.0372 0.0372 0.0372 0.4706 0.4706 0.4706 0.4706 0.0372 0.0372 0.0372 0.0372 0.4706 0.4706 0.4706 0.4706 0.0372 0.0372 0.0372 0.0372 0.4706 0.4706 0.4706 0.4706 0.0372 0.0372 0.0372 0.0372 0.4706 0.4706 0.4706 0.4706 0.0372 0.4706 0.4706 0.4706 0.0372 0.0372 0.0372 0.0372 0.4706 " />
									</IndexedTriangleSet>
								</Shape>
							</Group>
						</Transform>
					</Transform>
					<Transform DEF="Cubo_003_TRANSFORM"
					           translation="-0.513011 0.130131 -0.061671"
					           scale="1.000000 1.000000 1.000000"
					           rotation="0.000000 1.000000 0.000000 0.000000"
					           >
						<Transform DEF="Cubo_003_ifs_TRANSFORM"
						           translation="0.000000 0.000000 0.000000"
						           scale="1.000000 1.000000 1.000000"
						           rotation="0.000000 1.000000 0.000000 0.000000"
						           >
							<Group DEF="group_ME_Cubo_003">
								<Shape>
									<Appearance>
										<Material USE="MA_Body" />
									</Appearance>
									<IndexedTriangleSet solid="false"
									                    normalPerVertex="true"
									                    index="0 1 2 0 2 3 4 5 6 4 6 7 8 9 10 8 10 11 12 13 14 12 14 15 4 13 16 4 16 17 18 19 14 18 14 7 "
									                    >
										<Coordinate point="0.006607 -0.101794 -0.041765 0.030857 0.041876 -0.097181 -0.006607 0.101794 0.041765 -0.030857 -0.041876 0.097181 0.030857 0.041876 -0.097181 -0.207492 0.055115 -0.167157 -0.244957 0.115033 -0.028210 -0.006607 0.101794 0.041765 -0.207492 0.055115 -0.167157 -0.231742 -0.088555 -0.111741 -0.269206 -0.028637 0.027206 -0.244957 0.115033 -0.028210 -0.231742 -0.088555 -0.111741 0.006607 -0.101794 -0.041765 -0.030857 -0.041876 0.097181 -0.269206 -0.028637 0.027206 -0.231742 -0.088555 -0.111741 -0.207492 0.055115 -0.167157 -0.244957 0.115033 -0.028210 -0.269206 -0.028637 0.027206 " />
										<Normal vector="0.602100 -0.784753 -0.146947 0.781732 0.279458 -0.557451 0.504227 0.723289 0.471755 0.324595 -0.340892 0.882260 0.781732 0.279458 -0.557451 -0.324595 0.340892 -0.882260 -0.602100 0.784753 0.146947 0.504227 0.723289 0.471755 -0.324595 0.340892 -0.882260 -0.504227 -0.723289 -0.471755 -0.781732 -0.279458 0.557451 -0.602100 0.784753 0.146947 -0.504227 -0.723289 -0.471755 0.602100 -0.784753 -0.146947 0.324595 -0.340892 0.882260 -0.781732 -0.279458 0.557451 -0.504227 -0.723289 -0.471755 -0.324595 0.340892 -0.882260 -0.602100 0.784753 0.146947 -0.781732 -0.279458 0.557451 " />
										<TextureCoordinate point="0.0372 0.0372 0.0372 0.4706 0.4706 0.4706 0.4706 0.0372 0.0372 0.0372 0.0372 0.4706 0.4706 0.4706 0.4706 0.0372 0.0372 0.0372 0.0372 0.4706 0.4706 0.4706 0.4706 0.0372 0.0372 0.0372 0.0372 0.4706 0.4706 0.4706 0.4706 0.0372 0.4706 0.4706 0.4706 0.0372 0.0372 0.0372 0.0372 0.4706 " />
									</IndexedTriangleSet>
								</Shape>
							</Group>
						</Transform>
					</Transform>
					<Transform DEF="Cubo_004_TRANSFORM"
					           translation="-0.470576 -0.150242 0.039965"
					           scale="1.000000 1.000000 1.000000"
					           rotation="0.000000 1.000000 0.000000 0.000000"
					           >
						<Transform DEF="Cubo_004_ifs_TRANSFORM"
						           translation="0.000000 0.000000 0.000000"
						           scale="1.000000 1.000000 1.000000"
						           rotation="0.000000 1.000000 0.000000 0.000000"
						           >
							<Group DEF="group_ME_Cubo_004">
								<Shape>
									<Appearance>
										<Material USE="MA_Body" />
									</Appearance>
									<IndexedTriangleSet solid="false"
									                    normalPerVertex="true"
									                    index="0 1 2 0 2 3 4 5 6 4 6 7 8 9 10 8 10 11 12 13 14 12 14 15 4 13 16 4 16 17 18 19 14 18 14 7 "
									                    >
										<Coordinate point="0.041208 -0.033704 -0.078429 -0.078077 0.020326 -0.049759 -0.041208 0.033704 0.078429 0.078077 -0.020326 0.049759 -0.078077 0.020326 -0.049759 -0.130486 -0.110630 -0.021019 -0.093618 -0.097252 0.107169 -0.041208 0.033704 0.078429 -0.130486 -0.110630 -0.021019 -0.011201 -0.164660 -0.049688 0.025668 -0.151282 0.078499 -0.093618 -0.097252 0.107169 -0.011201 -0.164660 -0.049688 0.041208 -0.033704 -0.078429 0.078077 -0.020326 0.049759 0.025668 -0.151282 0.078499 -0.011201 -0.164660 -0.049688 -0.130486 -0.110630 -0.021019 -0.093618 -0.097252 0.107169 0.025668 -0.151282 0.078499 " />
										<Normal vector="0.565142 0.234901 -0.790826 -0.462325 0.700308 -0.543870 -0.144749 0.815516 0.560289 0.882717 0.350139 0.313334 -0.462325 0.700308 -0.543870 -0.882717 -0.350139 -0.313334 -0.565142 -0.234901 0.790826 -0.144749 0.815516 0.560289 -0.882717 -0.350139 -0.313334 0.144749 -0.815516 -0.560289 0.462325 -0.700308 0.543870 -0.565142 -0.234901 0.790826 0.144749 -0.815516 -0.560289 0.565142 0.234901 -0.790826 0.882717 0.350139 0.313334 0.462325 -0.700308 0.543870 0.144749 -0.815516 -0.560289 -0.882717 -0.350139 -0.313334 -0.565142 -0.234901 0.790826 0.462325 -0.700308 0.543870 " />
										<TextureCoordinate point="0.0652 0.0435 0.0652 0.4288 0.4504 0.4288 0.4504 0.0435 0.0652 0.0435 0.0652 0.4288 0.4504 0.4288 0.4504 0.0435 0.0652 0.0435 0.0652 0.4288 0.4504 0.4288 0.4504 0.0435 0.0652 0.0435 0.0652 0.4288 0.4504 0.4288 0.4504 0.0435 0.4504 0.4288 0.4504 0.0435 0.0652 0.0435 0.0652 0.4288 " />
									</IndexedTriangleSet>
								</Shape>
							</Group>
						</Transform>
					</Transform>
				</Transform>
			</Transform>
			<Transform DEF="wing2_TRANSFORM"
			           translation="-0.302819 1.483536 1.173914"
			           scale="1.000000 1.000000 1.000000"
			           rotation="0.000000 1.000000 0.000000 0.000000"
			           >
				<Transform DEF="wing2_ifs_TRANSFORM"
				           translation="0.000000 0.000000 0.000000"
				           scale="1.000000 1.000000 1.000000"
				           rotation="0.000000 1.000000 0.000000 0.000000"
				           >
					<Group DEF="group_ME_wing2">
						<Shape>
							<Appearance>
								<Material USE="MA_Body" />
							</Appearance>
							<IndexedTriangleSet solid="false"
							                    normalPerVertex="true"
							                    index="0 1 2 0 2 3 4 5 6 4 6 7 8 9 10 8 10 11 12 13 14 12 14 15 4 13 16 4 16 17 18 19 14 18 14 7 "
							                    >
								<Coordinate point="-0.006281 -0.195540 -0.214748 -0.005585 0.134790 -0.257279 0.006281 0.195540 0.214748 0.005585 -0.134790 0.257279 -0.005585 0.134790 -0.257279 -2.588354 0.148371 -0.194100 -2.576488 0.209121 0.277927 0.006281 0.195540 0.214748 -2.588354 0.148371 -0.194100 -2.589051 -0.181960 -0.151569 -2.577185 -0.121210 0.320458 -2.576488 0.209121 0.277927 -2.589051 -0.181960 -0.151569 -0.006281 -0.195540 -0.214748 0.005585 -0.134790 0.257279 -2.577185 -0.121210 0.320458 -2.589051 -0.181960 -0.151569 -2.588354 0.148371 -0.194100 -2.576488 0.209121 0.277927 -2.577185 -0.121210 0.320458 " />
								<Normal vector="0.561571 -0.649312 -0.512833 0.563982 0.495895 -0.660268 0.592761 0.643239 0.484603 0.590350 -0.501968 0.632038 0.563982 0.495895 -0.660268 -0.590350 0.501968 -0.632038 -0.561571 0.649312 0.512833 0.592761 0.643239 0.484603 -0.590350 0.501968 -0.632038 -0.592761 -0.643239 -0.484603 -0.563982 -0.495895 0.660268 -0.561571 0.649312 0.512833 -0.592761 -0.643239 -0.484603 0.561571 -0.649312 -0.512833 0.590350 -0.501968 0.632038 -0.563982 -0.495895 0.660268 -0.592761 -0.643239 -0.484603 -0.590350 0.501968 -0.632038 -0.561571 0.649312 0.512833 -0.563982 -0.495895 0.660268 " />
								<TextureCoordinate point="0.5616 0.6602 0.5616 0.9648 0.9552 0.9648 0.9552 0.6602 0.5616 0.6602 0.5616 0.9648 0.9552 0.9648 0.9552 0.6602 0.5616 0.6602 0.5616 0.9648 0.9552 0.9648 0.9552 0.6602 0.5616 0.6602 0.5616 0.9648 0.9552 0.9648 0.9552 0.6602 0.9552 0.9648 0.9552 0.6602 0.5616 0.6602 0.5616 0.9648 " />
							</IndexedTriangleSet>
						</Shape>
					</Group>
				</Transform>
				<Transform DEF="Plano_002_TRANSFORM"
				           translation="-0.089120 -0.011194 0.069659"
				           scale="1.000000 1.000000 1.000000"
				           rotation="0.000000 1.000000 0.000000 0.000000"
				           >
					<Transform DEF="Plano_002_ifs_TRANSFORM"
					           translation="0.000000 0.000000 0.000000"
					           scale="1.000000 1.000000 1.000000"
					           rotation="0.000000 1.000000 0.000000 0.000000"
					           >
						<Group DEF="group_ME_Plano_002">
							<Shape>
								<Appearance>
									<Material USE="MA_Wing" />
								</Appearance>
								<IndexedTriangleSet solid="false"
								                    normalPerVertex="true"
								                    index="0 1 2 0 2 3 "
								                    >
									<Coordinate point="-0.000000 -0.291614 -2.420177 -0.000000 0.428842 3.559058 -6.888732 0.306873 3.573755 -6.888732 -0.413583 -2.405480 " />
									<Normal vector="0.017823 -0.992645 0.119602 0.017823 -0.992645 0.119602 0.017823 -0.992645 0.119602 0.017823 -0.992645 0.119602 " />
									<TextureCoordinate point="0.0000 0.0000 0.0000 1.0000 1.0000 1.0000 1.0000 0.0000 " />
								</IndexedTriangleSet>
							</Shape>
						</Group>
					</Transform>
				</Transform>
				<Transform DEF="Cubo_006_TRANSFORM"
				           translation="0.029295 0.005618 0.044112"
				           scale="1.000000 1.000000 1.000000"
				           rotation="0.000000 1.000000 0.000000 0.000000"
				           >
					<Transform DEF="Cubo_006_ifs_TRANSFORM"
					           translation="0.000000 0.000000 0.000000"
					           scale="1.000000 1.000000 1.000000"
					           rotation="0.000000 1.000000 0.000000 0.000000"
					           >
						<Group DEF="group_ME_Cubo_006">
							<Shape>
								<Appearance>
									<Material USE="MA_Body" />
								</Appearance>
								<IndexedTriangleSet solid="false"
								                    normalPerVertex="true"
								                    index="0 1 2 0 2 3 4 5 6 4 6 7 8 9 10 8 10 11 12 13 14 12 14 15 4 13 16 4 16 17 18 19 14 18 14 7 "
								                    >
									<Coordinate point="-0.146179 -0.149006 -0.213994 -0.145674 0.090545 -0.244837 0.146179 0.149006 0.213994 0.145674 -0.090545 0.244837 -0.145674 0.090545 -0.244837 -2.699381 0.301609 1.352628 -2.407529 0.360069 1.811459 0.146179 0.149006 0.213994 -2.699381 0.301609 1.352628 -2.699886 0.062058 1.383471 -2.408034 0.120518 1.842302 -2.407529 0.360069 1.811459 -2.699886 0.062058 1.383471 -0.146179 -0.149006 -0.213994 0.145674 -0.090545 0.244837 -2.408034 0.120518 1.842302 -2.699886 0.062058 1.383471 -2.699381 0.301609 1.352628 -2.407529 0.360069 1.811459 -2.408034 0.120518 1.842302 " />
									<Normal vector="0.178961 -0.674673 -0.716056 0.181371 0.470534 -0.863521 0.797571 0.593951 0.105167 0.795129 -0.551256 0.252632 0.181371 0.470534 -0.863521 -0.795129 0.551256 -0.252632 -0.178961 0.674673 0.716056 0.797571 0.593951 0.105167 -0.795129 0.551256 -0.252632 -0.797571 -0.593951 -0.105167 -0.181371 -0.470534 0.863521 -0.178961 0.674673 0.716056 -0.797571 -0.593951 -0.105167 0.178961 -0.674673 -0.716056 0.795129 -0.551256 0.252632 -0.181371 -0.470534 0.863521 -0.797571 -0.593951 -0.105167 -0.795129 0.551256 -0.252632 -0.178961 0.674673 0.716056 -0.181371 -0.470534 0.863521 " />
									<TextureCoordinate point="0.5616 0.6602 0.5616 0.9648 0.9552 0.9648 0.9552 0.6602 0.5616 0.6602 0.5616 0.9648 0.9552 0.9648 0.9552 0.6602 0.5616 0.6602 0.5616 0.9648 0.9552 0.9648 0.9552 0.6602 0.5616 0.6602 0.5616 0.9648 0.9552 0.9648 0.9552 0.6602 0.9552 0.9648 0.9552 0.6602 0.5616 0.6602 0.5616 0.9648 " />
								</IndexedTriangleSet>
							</Shape>
						</Group>
					</Transform>
				</Transform>
				<Transform DEF="Cubo_007_TRANSFORM"
				           translation="0.029295 0.005618 0.044112"
				           scale="1.000000 1.000000 1.000000"
				           rotation="0.000000 1.000000 0.000000 0.000000"
				           >
					<Transform DEF="Cubo_007_ifs_TRANSFORM"
					           translation="0.000000 0.000000 0.000000"
					           scale="1.000000 1.000000 1.000000"
					           rotation="0.000000 1.000000 0.000000 0.000000"
					           >
						<Group DEF="group_ME_Cubo_007">
							<Shape>
								<Appearance>
									<Material USE="MA_Body" />
								</Appearance>
								<IndexedTriangleSet solid="false"
								                    normalPerVertex="true"
								                    index="0 1 2 0 2 3 4 5 6 4 6 7 8 9 10 8 10 11 12 13 14 12 14 15 4 13 16 4 16 17 18 19 14 18 14 7 "
								                    >
									<Coordinate point="0.143419 -0.127632 -0.172558 0.139815 0.078785 -0.202188 -0.143419 0.127632 0.172558 -0.139815 -0.078785 0.202188 0.139815 0.078785 -0.202188 -1.513706 -0.125655 -1.425279 -1.796941 -0.076808 -1.050534 -0.143419 0.127632 0.172558 -1.513706 -0.125655 -1.425279 -1.510102 -0.332072 -1.395650 -1.793336 -0.283225 -1.020904 -1.796941 -0.076808 -1.050534 -1.510102 -0.332072 -1.395650 0.143419 -0.127632 -0.172558 -0.139815 -0.078785 0.202188 -1.793336 -0.283225 -1.020904 -1.510102 -0.332072 -1.395650 -1.513706 -0.125655 -1.425279 -1.796941 -0.076808 -1.050534 -1.793336 -0.283225 -1.020904 " />
									<Normal vector="0.818110 -0.573992 -0.034425 0.798151 0.568773 -0.198462 0.105655 0.688223 0.717734 0.125614 -0.454573 0.881771 0.798151 0.568773 -0.198462 -0.125614 0.454573 -0.881771 -0.818110 0.573992 0.034425 0.105655 0.688223 0.717734 -0.125614 0.454573 -0.881771 -0.105655 -0.688223 -0.717734 -0.798151 -0.568773 0.198462 -0.818110 0.573992 0.034425 -0.105655 -0.688223 -0.717734 0.818110 -0.573992 -0.034425 0.125614 -0.454573 0.881771 -0.798151 -0.568773 0.198462 -0.105655 -0.688223 -0.717734 -0.125614 0.454573 -0.881771 -0.818110 0.573992 0.034425 -0.798151 -0.568773 0.198462 " />
									<TextureCoordinate point="0.5616 0.6602 0.5616 0.9648 0.9552 0.9648 0.9552 0.6602 0.5616 0.6602 0.5616 0.9648 0.9552 0.9648 0.9552 0.6602 0.5616 0.6602 0.5616 0.9648 0.9552 0.9648 0.9552 0.6602 0.5616 0.6602 0.5616 0.9648 0.9552 0.9648 0.9552 0.6602 0.9552 0.9648 0.9552 0.6602 0.5616 0.6602 0.5616 0.9648 " />
								</IndexedTriangleSet>
							</Shape>
						</Group>
					</Transform>
				</Transform>
			</Transform>
		</Transform>
	</Scene>
</X3D>