<?xml version="1.0" encoding="UTF-8"?>
<!DOCTYPE X3D PUBLIC "ISO//Web3D//DTD X3D 3.0//EN" "http://www.web3d.org/specifications/x3d-3.0.dtd">
<X3D version="3.0" profile="Immersive" xmlns:xsd="http://www.w3.org/2001/XMLSchema-instance" xsd:noNamespaceSchemaLocation="http://www.web3d.org/specifications/x3d-3.0.xsd">
	<head>
		<meta name="filename" content="deoxys_speed.x3d" />
		<meta name="generator" content="Blender 2.93.18" />
	</head>
	<Scene>
		<NavigationInfo headlight="true"
		                visibilityLimit="0.0"
		                type='"EXAMINE", "ANY"'
		                avatarSize="0.25, 1.75, 0.75"
		                />
		<Background DEF="WO_World"
		            groundColor="0.051 0.051 0.051"
		            skyColor="0.051 0.051 0.051"
		            />
		<Transform DEF="body_TRANSFORM"
		           translation="0.000000 -0.097220 1.736324"
		           scale="1.000000 1.000000 1.000000"
		           rotation="0.000000 0.000000 1.000000 3.141593"
		           >
			<Transform DEF="body_ifs_TRANSFORM"
			           translation="0.000000 0.000000 0.000000"
			           scale="1.000000 1.000000 1.000000"
			           rotation="0.000000 1.000000 0.000000 0.000000"
			           >
				<Group DEF="group_ME_body">
					<Shape>
						<Appearance>
							<Material DEF="MA_Body"
							          diffuseColor="0.800 0.800 0.800"
							          specularColor="0.401 0.401 0.401"
							          emissiveColor="0.000 0.000 0.000"
							          ambientIntensity="0.000"
							          shininess="0.500"
							          transparency="0.0"
							          />
						</Appearance>
						<IndexedTriangleSet solid="false"
						                    normalPerVertex="true"
						                    index="0 1 2 0 2 3 4 5 6 4 6 7 8 9 10 8 10 11 12 13 14 12 14 15 4 16 17 4 17 15 18 5 14 18 14 19 "
						                    >
							<Coordinate point="-0.294407 -0.204547 0.002960 -0.294407 -0.197879 0.463656 -0.294407 0.211214 0.457735 -0.294407 0.204547 -0.002960 -0.294407 0.204547 -0.002960 -0.294407 0.211214 0.457735 0.294407 0.211214 0.457735 0.294407 0.204547 -0.002960 0.294407 0.204547 -0.002960 0.294407 0.211214 0.457735 0.294407 -0.197879 0.463656 0.294407 -0.204547 0.002960 0.294407 -0.204547 0.002960 0.294407 -0.197879 0.463656 -0.294407 -0.197879 0.463656 -0.294407 -0.204547 0.002960 0.294407 0.204547 -0.002960 0.294407 -0.204547 0.002960 0.294407 0.211214 0.457735 0.294407 -0.197879 0.463656 " />
							<Normal vector="-0.577349 -0.585620 -0.568926 -0.577349 -0.568926 0.585620 -0.577349 0.585620 0.568926 -0.577349 0.568926 -0.585620 -0.577349 0.568926 -0.585620 -0.577349 0.585620 0.568926 0.577349 0.585620 0.568926 0.577349 0.568926 -0.585620 0.577349 0.568926 -0.585620 0.577349 0.585620 0.568926 0.577349 -0.568926 0.585620 0.577349 -0.585620 -0.568926 0.577349 -0.585620 -0.568926 0.577349 -0.568926 0.585620 -0.577349 -0.568926 0.585620 -0.577349 -0.585620 -0.568926 0.577349 0.568926 -0.585620 0.577349 -0.585620 -0.568926 0.577349 0.585620 0.568926 0.577349 -0.568926 0.585620 " />
							<TextureCoordinate point="0.3947 0.7903 0.5738 0.7903 0.5738 0.9795 0.3947 0.9795 0.3947 0.7903 0.5738 0.7903 0.5738 0.9795 0.3947 0.9795 0.3947 0.7903 0.5738 0.7903 0.5738 0.9795 0.3947 0.9795 0.3947 0.7903 0.5738 0.7903 0.5738 0.9795 0.3947 0.9795 0.5738 0.7903 0.5738 0.9795 0.3947 0.7903 0.3947 0.9795 " />
						</IndexedTriangleSet>
					</Shape>
				</Group>
			</Transform>
			<Transform DEF="body1_TRANSFORM"
			           translation="0.000000 0.005363 0.370544"
			           scale="1.000000 1.000000 1.000000"
			           rotation="0.000000 1.000000 0.000000 0.000000"
			           >
				<Transform DEF="body1_ifs_TRANSFORM"
				           translation="0.000000 0.000000 0.000000"
				           scale="1.000000 1.000000 1.000000"
				           rotation="0.000000 1.000000 0.000000 0.000000"
				           >
					<Group DEF="group_ME_body1">
						<Shape>
							<Appearance>
								<Material USE="MA_Body" />
							</Appearance>
							<IndexedTriangleSet solid="false"
							                    normalPerVertex="true"
							                    index="0 1 2 0 2 3 4 5 6 4 6 7 8 9 10 8 10 11 12 13 14 12 14 15 4 16 17 4 17 15 18 5 14 18 14 19 "
							                    >
								<Coordinate point="-0.183199 -0.138266 0.002001 -0.183199 -0.133357 0.341202 -0.183199 0.143175 0.337200 -0.183199 0.138266 -0.002001 -0.183199 0.138266 -0.002001 -0.183199 0.143175 0.337200 0.183199 0.143175 0.337200 0.183199 0.138266 -0.002001 0.183199 0.138266 -0.002001 0.183199 0.143175 0.337200 0.183199 -0.133357 0.341202 0.183199 -0.138266 0.002001 0.183199 -0.138266 0.002001 0.183199 -0.133357 0.341202 -0.183199 -0.133357 0.341202 -0.183199 -0.138266 0.002001 0.183199 0.138266 -0.002001 0.183199 -0.138266 0.002001 0.183199 0.143175 0.337200 0.183199 -0.133357 0.341202 " />
								<Normal vector="-0.577349 -0.585620 -0.568926 -0.577349 -0.568926 0.585620 -0.577349 0.585620 0.568926 -0.577349 0.568926 -0.585620 -0.577349 0.568926 -0.585620 -0.577349 0.585620 0.568926 0.577349 0.585620 0.568926 0.577349 0.568926 -0.585620 0.577349 0.568926 -0.585620 0.577349 0.585620 0.568926 0.577349 -0.568926 0.585620 0.577349 -0.585620 -0.568926 0.577349 -0.585620 -0.568926 0.577349 -0.568926 0.585620 -0.577349 -0.568926 0.585620 -0.577349 -0.585620 -0.568926 0.577349 0.568926 -0.585620 0.577349 -0.585620 -0.568926 0.577349 0.585620 0.568926 0.577349 -0.568926 0.585620 " />
								<TextureCoordinate point="0.3947 0.7903 0.5738 0.7903 0.5738 0.9795 0.3947 0.9795 0.3947 0.7903 0.5738 0.7903 0.5738 0.9795 0.3947 0.9795 0.3947 0.7903 0.5738 0.7903 0.5738 0.9795 0.3947 0.9795 0.3947 0.7903 0.5738 0.7903 0.5738 0.9795 0.3947 0.9795 0.5738 0.7903 0.5738 0.9795 0.3947 0.7903 0.3947 0.9795 " />
							</IndexedTriangleSet>
						</Shape>
					</Group>
				</Transform>
				<Transform DEF="body2_TRANSFORM"
				           translation="0.000000 -0.009530 0.402944"
				           scale="1.000000 1.000000 1.000000"
				           rotation="0.000000 1.000000 0.000000 0.000000"
				           >
					<Transform DEF="body2_ifs_TRANSFORM"
					           translation="0.000000 0.000000 0.000000"
					           scale="1.000000 1.000000 1.000000"
					           rotation="0.000000 1.000000 0.000000 0.000000"
					           >
						<Group DEF="group_ME_body2">
							<Shape>
								<Appearance>
									<Material USE="MA_Body" />
								</Appearance>
								<IndexedTriangleSet solid="false"
								                    normalPerVertex="true"
								                    index="0 1 2 0 2 3 4 5 6 4 6 7 8 9 10 8 10 11 12 13 14 12 14 15 16 17 18 16 18 19 20 21 14 20 14 22 23 24 25 23 25 26 27 28 29 27 29 30 16 31 32 16 32 33 34 35 36 34 36 37 38 39 40 38 40 41 42 43 44 42 44 45 46 47 48 46 48 49 50 51 52 50 52 53 54 55 56 54 56 57 58 59 60 58 60 61 62 63 64 62 64 65 66 67 68 66 68 69 70 71 72 70 72 73 74 75 76 74 76 77 78 79 80 78 80 81 82 83 84 82 84 85 86 87 88 86 88 89 90 91 92 90 92 93 70 94 95 70 95 96 97 98 99 97 99 85 100 101 88 100 88 102 103 104 105 103 105 106 107 108 109 107 109 110 111 91 112 111 112 113 114 115 116 114 116 117 118 5 116 118 116 119 120 121 122 120 122 19 123 124 125 123 125 126 127 128 129 127 129 130 131 132 133 131 133 134 135 136 137 135 137 138 139 140 141 139 141 142 143 21 144 143 144 145 146 147 148 146 148 26 146 149 150 146 150 151 152 153 154 152 154 155 156 157 158 156 158 159 160 161 162 160 162 163 164 165 166 164 166 167 168 169 170 168 170 171 172 87 173 172 173 174 175 176 177 175 177 81 175 178 179 175 179 180 181 182 183 181 183 184 185 186 187 185 187 188 189 140 190 189 190 191 192 193 194 192 194 138 195 196 197 195 197 198 199 200 201 199 201 202 203 108 201 203 201 204 205 206 207 205 207 96 208 209 210 208 210 211 212 165 213 212 213 214 215 216 217 215 217 163 218 219 220 218 220 221 222 223 224 222 224 225 "
								                    >
									<Coordinate point="-0.318691 -0.204545 0.244124 -0.318691 -0.201638 0.430043 -0.318691 0.214984 0.423529 -0.318691 0.212077 0.237611 0.151478 0.212077 0.237611 0.151478 0.214984 0.423529 0.318691 0.214984 0.423529 0.318691 0.212077 0.237611 0.318691 0.212077 0.237611 0.318691 0.214984 0.423529 0.318691 -0.201638 0.430043 0.318691 -0.204545 0.244124 -0.151478 -0.204545 0.244124 -0.151478 -0.201638 0.430043 -0.318691 -0.201638 0.430043 -0.318691 -0.204545 0.244124 0.151478 0.208311 -0.003257 0.318691 0.208311 -0.003257 0.318691 -0.208311 0.003257 0.151478 -0.208311 0.003257 -0.151478 0.214984 0.423529 -0.318691 0.214984 0.423529 -0.151478 -0.201638 0.430043 -0.151478 -0.208311 0.003257 -0.151478 -0.204720 0.232965 -0.318691 -0.204720 0.232965 -0.318691 -0.208311 0.003257 0.318691 0.208311 -0.003257 0.318691 0.211902 0.226451 0.318691 -0.204720 0.232965 0.318691 -0.208311 0.003257 0.151478 0.211902 0.226451 0.318691 0.211902 0.226451 0.318691 0.208311 -0.003257 -0.318691 -0.208311 0.003257 -0.318691 -0.204720 0.232965 -0.318691 0.211902 0.226451 -0.318691 0.208311 -0.003257 -0.151478 -0.204720 0.232965 -0.151478 -0.204545 0.244124 -0.318691 -0.204545 0.244124 -0.318691 -0.204720 0.232965 0.318691 0.211902 0.226451 0.318691 0.212077 0.237611 0.318691 -0.204545 0.244124 0.318691 -0.204720 0.232965 0.151478 0.211902 0.226451 0.151478 0.212077 0.237611 0.318691 0.212077 0.237611 0.318691 0.211902 0.226451 -0.318691 -0.204720 0.232965 -0.318691 -0.204545 0.244124 -0.318691 0.212077 0.237611 -0.318691 0.211902 0.226451 -0.139267 0.211902 0.226451 -0.139267 0.212077 0.237611 -0.006379 0.212077 0.237611 -0.006379 0.211902 0.226451 -0.006379 0.211902 0.226451 -0.006379 0.212077 0.237611 0.006379 0.212077 0.237611 0.006379 0.211902 0.226451 0.139267 -0.204720 0.232965 0.139267 -0.204545 0.244124 0.006379 -0.204545 0.244124 0.006379 -0.204720 0.232965 0.006379 -0.204720 0.232965 0.006379 -0.204545 0.244124 -0.006379 -0.204545 0.244124 -0.006379 -0.204720 0.232965 -0.139267 0.208311 -0.003257 -0.139267 0.211902 0.226451 -0.006379 0.211902 0.226451 -0.006379 0.208311 -0.003257 -0.006379 0.208311 -0.003257 -0.006379 0.211902 0.226451 0.006379 0.211902 0.226451 0.006379 0.208311 -0.003257 0.139267 -0.208311 0.003257 0.139267 -0.204720 0.232965 0.006379 -0.204720 0.232965 0.006379 -0.208311 0.003257 0.006379 -0.208311 0.003257 0.006379 -0.204720 0.232965 -0.006379 -0.204720 0.232965 -0.006379 -0.208311 0.003257 0.139267 0.214984 0.423529 0.006379 0.214984 0.423529 0.006379 -0.201638 0.430043 0.139267 -0.201638 0.430043 0.006379 0.214984 0.423529 -0.006379 0.214984 0.423529 -0.006379 -0.201638 0.430043 0.006379 -0.201638 0.430043 -0.006379 0.208311 -0.003257 -0.006379 -0.208311 0.003257 -0.139267 -0.208311 0.003257 -0.006379 0.208311 -0.003257 0.006379 0.208311 -0.003257 0.006379 -0.208311 0.003257 0.139267 -0.204545 0.244124 0.139267 -0.201638 0.430043 0.006379 -0.204545 0.244124 0.006379 -0.204545 0.244124 0.006379 -0.201638 0.430043 -0.006379 -0.201638 0.430043 -0.006379 -0.204545 0.244124 -0.139267 0.212077 0.237611 -0.139267 0.214984 0.423529 -0.006379 0.214984 0.423529 -0.006379 0.212077 0.237611 -0.006379 0.212077 0.237611 0.006379 0.214984 0.423529 0.006379 0.212077 0.237611 0.318691 -0.204545 0.244124 0.318691 -0.201638 0.430043 0.151478 -0.201638 0.430043 0.151478 -0.204545 0.244124 0.318691 0.214984 0.423529 0.318691 -0.201638 0.430043 0.318691 -0.208311 0.003257 0.318691 -0.204720 0.232965 0.151478 -0.204720 0.232965 0.318691 -0.204720 0.232965 0.318691 -0.204545 0.244124 0.151478 -0.204545 0.244124 0.151478 -0.204720 0.232965 0.139267 0.211902 0.226451 0.139267 0.212077 0.237611 0.151478 0.212077 0.237611 0.151478 0.211902 0.226451 0.139267 0.208311 -0.003257 0.139267 0.211902 0.226451 0.151478 0.211902 0.226451 0.151478 0.208311 -0.003257 0.139267 0.208311 -0.003257 0.151478 0.208311 -0.003257 0.151478 -0.208311 0.003257 0.139267 -0.208311 0.003257 0.139267 0.212077 0.237611 0.139267 0.214984 0.423529 0.151478 0.214984 0.423529 0.151478 0.212077 0.237611 -0.318691 0.212077 0.237611 -0.151478 0.214984 0.423529 -0.151478 0.212077 0.237611 -0.318691 0.208311 -0.003257 -0.151478 0.208311 -0.003257 -0.151478 -0.208311 0.003257 -0.318691 0.211902 0.226451 -0.151478 0.211902 0.226451 -0.151478 0.208311 -0.003257 -0.318691 0.211902 0.226451 -0.318691 0.212077 0.237611 -0.151478 0.212077 0.237611 -0.151478 0.211902 0.226451 -0.139267 -0.204720 0.232965 -0.139267 -0.204545 0.244124 -0.151478 -0.204545 0.244124 -0.151478 -0.204720 0.232965 -0.139267 -0.208311 0.003257 -0.139267 -0.204720 0.232965 -0.151478 -0.204720 0.232965 -0.151478 -0.208311 0.003257 -0.139267 0.214984 0.423529 -0.151478 0.214984 0.423529 -0.151478 -0.201638 0.430043 -0.139267 -0.201638 0.430043 -0.139267 -0.204545 0.244124 -0.139267 -0.201638 0.430043 -0.151478 -0.201638 0.430043 -0.151478 -0.204545 0.244124 0.006379 0.212077 0.237611 0.139267 0.214984 0.423529 0.139267 0.212077 0.237611 0.006379 0.208311 -0.003257 0.139267 0.208311 -0.003257 0.139267 -0.208311 0.003257 0.006379 0.211902 0.226451 0.139267 0.211902 0.226451 0.139267 0.208311 -0.003257 0.006379 0.211902 0.226451 0.006379 0.212077 0.237611 0.139267 0.212077 0.237611 0.139267 0.211902 0.226451 0.151478 -0.204545 0.244124 0.151478 -0.201638 0.430043 0.139267 -0.201638 0.430043 0.139267 -0.204545 0.244124 0.151478 0.214984 0.423529 0.139267 -0.201638 0.430043 0.151478 -0.201638 0.430043 0.151478 -0.208311 0.003257 0.151478 -0.204720 0.232965 0.139267 -0.204720 0.232965 0.151478 -0.204720 0.232965 0.151478 -0.204545 0.244124 0.139267 -0.204545 0.244124 0.139267 -0.204720 0.232965 -0.006379 -0.204545 0.244124 -0.006379 -0.201638 0.430043 -0.139267 -0.201638 0.430043 -0.139267 -0.204545 0.244124 -0.006379 0.214984 0.423529 -0.006379 -0.201638 0.430043 -0.006379 -0.208311 0.003257 -0.006379 -0.204720 0.232965 -0.139267 -0.204720 0.232965 -0.006379 -0.204720 0.232965 -0.006379 -0.204545 0.244124 -0.139267 -0.204545 0.244124 -0.139267 -0.204720 0.232965 -0.151478 0.212077 0.237611 -0.139267 0.214984 0.423529 -0.139267 0.212077 0.237611 -0.151478 0.208311 -0.003257 -0.139267 0.208311 -0.003257 -0.139267 -0.208311 0.003257 -0.151478 0.208311 -0.003257 -0.151478 0.211902 0.226451 -0.139267 0.211902 0.226451 -0.139267 0.208311 -0.003257 -0.151478 0.211902 0.226451 -0.151478 0.212077 0.237611 -0.139267 0.212077 0.237611 -0.139267 0.211902 0.226451 " />
									<Normal vector="-0.707083 -0.706992 0.011048 -0.577349 -0.568224 0.586291 -0.577349 0.586291 0.568224 -0.707083 0.706992 -0.011048 0.000000 0.999847 -0.015625 0.000000 0.718070 0.695944 0.577349 0.586291 0.568224 0.707083 0.706992 -0.011048 0.707083 0.706992 -0.011048 0.577349 0.586291 0.568224 0.577349 -0.568224 0.586291 0.707083 -0.706992 0.011048 0.000000 -0.999847 0.015625 0.000000 -0.695944 0.718070 -0.577349 -0.568224 0.586291 -0.707083 -0.706992 0.011048 0.000000 0.695944 -0.718070 0.577349 0.568224 -0.586291 0.577349 -0.586291 -0.568224 0.000000 -0.718070 -0.695944 0.000000 0.718070 0.695944 -0.577349 0.586291 0.568224 0.000000 -0.695944 0.718070 0.000000 -0.718070 -0.695944 0.000000 -0.999847 0.015625 -0.707083 -0.706992 0.011048 -0.577349 -0.586291 -0.568224 0.577349 0.568224 -0.586291 0.707083 0.706992 -0.011048 0.707083 -0.706992 0.011048 0.577349 -0.586291 -0.568224 0.000000 0.999847 -0.015625 0.707083 0.706992 -0.011048 0.577349 0.568224 -0.586291 -0.577349 -0.586291 -0.568224 -0.707083 -0.706992 0.011048 -0.707083 0.706992 -0.011048 -0.577349 0.568224 -0.586291 0.000000 -0.999847 0.015625 0.000000 -0.999847 0.015625 -0.707083 -0.706992 0.011048 -0.707083 -0.706992 0.011048 0.707083 0.706992 -0.011048 0.707083 0.706992 -0.011048 0.707083 -0.706992 0.011048 0.707083 -0.706992 0.011048 0.000000 0.999847 -0.015625 0.000000 0.999847 -0.015625 0.707083 0.706992 -0.011048 0.707083 0.706992 -0.011048 -0.707083 -0.706992 0.011048 -0.707083 -0.706992 0.011048 -0.707083 0.706992 -0.011048 -0.707083 0.706992 -0.011048 0.000000 0.999847 -0.015625 0.000000 0.999847 -0.015625 0.000000 0.999847 -0.015625 0.000000 0.999847 -0.015625 0.000000 0.999847 -0.015625 0.000000 0.999847 -0.015625 0.000000 0.999847 -0.015625 0.000000 0.999847 -0.015625 0.000000 -0.999847 0.015625 0.000000 -0.999847 0.015625 0.000000 -0.999847 0.015625 0.000000 -0.999847 0.015625 0.000000 -0.999847 0.015625 0.000000 -0.999847 0.015625 0.000000 -0.999847 0.015625 0.000000 -0.999847 0.015625 0.000000 0.695944 -0.718070 0.000000 0.999847 -0.015625 0.000000 0.999847 -0.015625 0.000000 0.695944 -0.718070 0.000000 0.695944 -0.718070 0.000000 0.999847 -0.015625 0.000000 0.999847 -0.015625 0.000000 0.695944 -0.718070 0.000000 -0.718070 -0.695944 0.000000 -0.999847 0.015625 0.000000 -0.999847 0.015625 0.000000 -0.718070 -0.695944 0.000000 -0.718070 -0.695944 0.000000 -0.999847 0.015625 0.000000 -0.999847 0.015625 0.000000 -0.718070 -0.695944 0.000000 0.718070 0.695944 0.000000 0.718070 0.695944 0.000000 -0.695944 0.718070 0.000000 -0.695944 0.718070 0.000000 0.718070 0.695944 0.000000 0.718070 0.695944 0.000000 -0.695944 0.718070 0.000000 -0.695944 0.718070 0.000000 0.695944 -0.718070 0.000000 -0.718070 -0.695944 0.000000 -0.718070 -0.695944 0.000000 0.695944 -0.718070 0.000000 0.695944 -0.718070 0.000000 -0.718070 -0.695944 0.000000 -0.999847 0.015625 0.000000 -0.695944 0.718070 0.000000 -0.999847 0.015625 0.000000 -0.999847 0.015625 0.000000 -0.695944 0.718070 0.000000 -0.695944 0.718070 0.000000 -0.999847 0.015625 0.000000 0.999847 -0.015625 0.000000 0.718070 0.695944 0.000000 0.718070 0.695944 0.000000 0.999847 -0.015625 0.000000 0.999847 -0.015625 0.000000 0.718070 0.695944 0.000000 0.999847 -0.015625 0.707083 -0.706992 0.011048 0.577349 -0.568224 0.586291 0.000000 -0.695944 0.718070 0.000000 -0.999847 0.015625 0.577349 0.586291 0.568224 0.577349 -0.568224 0.586291 0.577349 -0.586291 -0.568224 0.707083 -0.706992 0.011048 0.000000 -0.999847 0.015625 0.707083 -0.706992 0.011048 0.707083 -0.706992 0.011048 0.000000 -0.999847 0.015625 0.000000 -0.999847 0.015625 0.000000 0.999847 -0.015625 0.000000 0.999847 -0.015625 0.000000 0.999847 -0.015625 0.000000 0.999847 -0.015625 0.000000 0.695944 -0.718070 0.000000 0.999847 -0.015625 0.000000 0.999847 -0.015625 0.000000 0.695944 -0.718070 0.000000 0.695944 -0.718070 0.000000 0.695944 -0.718070 0.000000 -0.718070 -0.695944 0.000000 -0.718070 -0.695944 0.000000 0.999847 -0.015625 0.000000 0.718070 0.695944 0.000000 0.718070 0.695944 0.000000 0.999847 -0.015625 -0.707083 0.706992 -0.011048 0.000000 0.718070 0.695944 0.000000 0.999847 -0.015625 -0.577349 0.568224 -0.586291 0.000000 0.695944 -0.718070 0.000000 -0.718070 -0.695944 -0.707083 0.706992 -0.011048 0.000000 0.999847 -0.015625 0.000000 0.695944 -0.718070 -0.707083 0.706992 -0.011048 -0.707083 0.706992 -0.011048 0.000000 0.999847 -0.015625 0.000000 0.999847 -0.015625 0.000000 -0.999847 0.015625 0.000000 -0.999847 0.015625 0.000000 -0.999847 0.015625 0.000000 -0.999847 0.015625 0.000000 -0.718070 -0.695944 0.000000 -0.999847 0.015625 0.000000 -0.999847 0.015625 0.000000 -0.718070 -0.695944 0.000000 0.718070 0.695944 0.000000 0.718070 0.695944 0.000000 -0.695944 0.718070 0.000000 -0.695944 0.718070 0.000000 -0.999847 0.015625 0.000000 -0.695944 0.718070 0.000000 -0.695944 0.718070 0.000000 -0.999847 0.015625 0.000000 0.999847 -0.015625 0.000000 0.718070 0.695944 0.000000 0.999847 -0.015625 0.000000 0.695944 -0.718070 0.000000 0.695944 -0.718070 0.000000 -0.718070 -0.695944 0.000000 0.999847 -0.015625 0.000000 0.999847 -0.015625 0.000000 0.695944 -0.718070 0.000000 0.999847 -0.015625 0.000000 0.999847 -0.015625 0.000000 0.999847 -0.015625 0.000000 0.999847 -0.015625 0.000000 -0.999847 0.015625 0.000000 -0.695944 0.718070 0.000000 -0.695944 0.718070 0.000000 -0.999847 0.015625 0.000000 0.718070 0.695944 0.000000 -0.695944 0.718070 0.000000 -0.695944 0.718070 0.000000 -0.718070 -0.695944 0.000000 -0.999847 0.015625 0.000000 -0.999847 0.015625 0.000000 -0.999847 0.015625 0.000000 -0.999847 0.015625 0.000000 -0.999847 0.015625 0.000000 -0.999847 0.015625 0.000000 -0.999847 0.015625 0.000000 -0.695944 0.718070 0.000000 -0.695944 0.718070 0.000000 -0.999847 0.015625 0.000000 0.718070 0.695944 0.000000 -0.695944 0.718070 0.000000 -0.718070 -0.695944 0.000000 -0.999847 0.015625 0.000000 -0.999847 0.015625 0.000000 -0.999847 0.015625 0.000000 -0.999847 0.015625 0.000000 -0.999847 0.015625 0.000000 -0.999847 0.015625 0.000000 0.999847 -0.015625 0.000000 0.718070 0.695944 0.000000 0.999847 -0.015625 0.000000 0.695944 -0.718070 0.000000 0.695944 -0.718070 0.000000 -0.718070 -0.695944 0.000000 0.695944 -0.718070 0.000000 0.999847 -0.015625 0.000000 0.999847 -0.015625 0.000000 0.695944 -0.718070 0.000000 0.999847 -0.015625 0.000000 0.999847 -0.015625 0.000000 0.999847 -0.015625 0.000000 0.999847 -0.015625 " />
									<TextureCoordinate point="0.3947 0.7903 0.5738 0.7903 0.5738 0.9795 0.3947 0.9795 0.3947 0.7903 0.5738 0.7903 0.5738 0.9795 0.3947 0.9795 0.3947 0.7903 0.5738 0.7903 0.5738 0.9795 0.3947 0.9795 0.3947 0.7903 0.5738 0.7903 0.5738 0.9795 0.3947 0.9795 0.3947 0.7903 0.5738 0.7903 0.5738 0.9795 0.3947 0.9795 0.3947 0.7903 0.5738 0.7903 0.3947 0.9795 0.3947 0.7903 0.5738 0.7903 0.5738 0.9795 0.3947 0.9795 0.3947 0.7903 0.5738 0.7903 0.5738 0.9795 0.3947 0.9795 0.5738 0.7903 0.5738 0.9795 0.3947 0.9795 0.3947 0.7903 0.5738 0.7903 0.5738 0.9795 0.3947 0.9795 0.4270 0.7903 0.5415 0.7903 0.5415 0.9795 0.4270 0.9795 0.3947 0.7903 0.5738 0.7903 0.5738 0.9795 0.3947 0.9795 0.3947 0.7903 0.5738 0.7903 0.5738 0.9795 0.3947 0.9795 0.3947 0.7903 0.5738 0.7903 0.5738 0.9795 0.3947 0.9795 0.3947 0.7903 0.5738 0.7903 0.5738 0.9795 0.3947 0.9795 0.3947 0.7903 0.5738 0.7903 0.5738 0.9795 0.3947 0.9795 0.4270 0.7903 0.5415 0.7903 0.5415 0.9795 0.4270 0.9795 0.4270 0.7903 0.5415 0.7903 0.5415 0.9795 0.4270 0.9795 0.3947 0.7903 0.5738 0.7903 0.5738 0.9795 0.3947 0.9795 0.3947 0.7903 0.5738 0.7903 0.5738 0.9795 0.3947 0.9795 0.3947 0.7903 0.5738 0.7903 0.5738 0.9795 0.3947 0.9795 0.4270 0.7903 0.5415 0.7903 0.5415 0.9795 0.4270 0.9795 0.3947 0.7903 0.5738 0.7903 0.5738 0.9795 0.3947 0.9795 0.3947 0.7903 0.5738 0.7903 0.5738 0.9795 0.3947 0.9795 0.5738 0.7903 0.5738 0.9795 0.3947 0.9795 0.4270 0.7903 0.5415 0.7903 0.5415 0.9795 0.3947 0.7903 0.5738 0.7903 0.3947 0.9795 0.4270 0.7903 0.5415 0.7903 0.5415 0.9795 0.4270 0.9795 0.3947 0.7903 0.5738 0.7903 0.5738 0.9795 0.3947 0.9795 0.3947 0.7903 0.5738 0.9795 0.3947 0.9795 0.3947 0.7903 0.5738 0.7903 0.5738 0.9795 0.3947 0.9795 0.3947 0.7903 0.3947 0.9795 0.3947 0.7903 0.5738 0.7903 0.5738 0.9795 0.4270 0.7903 0.5415 0.7903 0.5415 0.9795 0.4270 0.9795 0.4270 0.7903 0.5415 0.7903 0.5415 0.9795 0.4270 0.9795 0.3947 0.7903 0.5738 0.7903 0.5738 0.9795 0.3947 0.9795 0.4270 0.7903 0.5415 0.7903 0.5415 0.9795 0.4270 0.9795 0.3947 0.7903 0.5738 0.7903 0.5738 0.9795 0.3947 0.9795 0.3947 0.7903 0.5738 0.9795 0.3947 0.9795 0.3947 0.7903 0.5738 0.7903 0.5738 0.9795 0.5738 0.7903 0.5738 0.9795 0.3947 0.9795 0.3947 0.7903 0.5738 0.7903 0.5738 0.9795 0.3947 0.9795 0.4270 0.7903 0.5415 0.7903 0.5415 0.9795 0.4270 0.9795 0.4270 0.7903 0.5415 0.7903 0.5415 0.9795 0.4270 0.9795 0.3947 0.7903 0.5738 0.7903 0.5738 0.9795 0.3947 0.9795 0.4270 0.7903 0.5415 0.7903 0.5415 0.9795 0.4270 0.9795 0.3947 0.7903 0.5738 0.9795 0.3947 0.9795 0.3947 0.7903 0.5738 0.7903 0.5738 0.9795 0.5738 0.7903 0.5738 0.9795 0.3947 0.9795 0.3947 0.7903 0.5738 0.7903 0.5738 0.9795 0.3947 0.9795 0.4270 0.7903 0.5415 0.7903 0.5415 0.9795 0.4270 0.9795 0.3947 0.7903 0.5738 0.9795 0.3947 0.9795 0.4270 0.7903 0.5415 0.7903 0.5415 0.9795 0.4270 0.7903 0.5415 0.7903 0.5415 0.9795 0.4270 0.9795 0.3947 0.7903 0.5738 0.7903 0.5738 0.9795 0.3947 0.9795 0.3947 0.7903 0.3947 0.9795 0.3947 0.7903 0.5738 0.7903 0.5738 0.9795 0.4270 0.7903 0.5415 0.7903 0.5415 0.9795 0.4270 0.9795 0.3947 0.7903 0.5738 0.9795 0.3947 0.9795 0.4270 0.7903 0.5415 0.7903 0.5415 0.9795 0.3947 0.7903 0.5738 0.7903 0.5738 0.9795 0.3947 0.9795 0.3947 0.7903 0.5738 0.7903 0.5738 0.9795 0.3947 0.9795 " />
								</IndexedTriangleSet>
							</Shape>
						</Group>
					</Transform>
					<Transform DEF="neck_TRANSFORM"
					           translation="0.000000 0.028260 0.463982"
					           scale="1.000000 1.000000 1.000000"
					           rotation="0.000000 1.000000 0.000000 0.000000"
					           >
						<Transform DEF="neck_ifs_TRANSFORM"
						           translation="0.000000 0.000000 0.000000"
						           scale="1.000000 1.000000 1.000000"
						           rotation="0.000000 1.000000 0.000000 0.000000"
						           >
							<Group DEF="group_ME_neck">
								<Shape>
									<Appearance>
										<Material USE="MA_Body" />
									</Appearance>
									<IndexedTriangleSet solid="false"
									                    normalPerVertex="true"
									                    index="0 1 2 0 2 3 4 5 6 4 6 7 8 9 10 8 10 11 12 13 14 12 14 15 16 17 18 16 18 19 20 21 14 20 14 22 23 24 25 23 25 26 27 28 29 27 29 30 31 32 33 31 33 15 34 35 36 34 36 37 38 39 40 38 40 41 42 43 29 42 29 37 31 21 44 31 44 45 34 28 46 34 46 47 "
									                    >
										<Coordinate point="-0.070208 -0.071114 -0.000345 -0.070208 -0.072028 0.188202 -0.070208 0.070199 0.188892 -0.070208 0.071114 0.000345 0.010047 0.071114 0.000345 0.010047 0.070199 0.188892 0.070208 0.070199 0.188892 0.070208 0.071114 0.000345 0.070208 0.071114 0.000345 0.070208 0.070199 0.188892 0.070208 -0.072028 0.188202 0.070208 -0.071114 -0.000345 -0.010047 -0.071114 -0.000345 -0.010047 -0.072028 0.188202 -0.070208 -0.072028 0.188202 -0.070208 -0.071114 -0.000345 0.010047 0.071114 0.000345 0.070208 0.071114 0.000345 0.070208 -0.071114 -0.000345 0.010047 -0.071114 -0.000345 -0.010047 0.070199 0.188892 -0.070208 0.070199 0.188892 -0.010047 -0.072028 0.188202 0.070208 0.070199 0.188892 0.010047 0.070199 0.188892 0.010047 -0.072028 0.188202 0.070208 -0.072028 0.188202 0.010047 0.070199 0.188892 -0.010047 0.070199 0.188892 -0.010047 -0.072028 0.188202 0.010047 -0.072028 0.188202 -0.070208 0.071114 0.000345 -0.010047 0.071114 0.000345 -0.010047 -0.071114 -0.000345 -0.010047 0.071114 0.000345 0.010047 0.071114 0.000345 0.010047 -0.071114 -0.000345 -0.010047 -0.071114 -0.000345 0.070208 -0.071114 -0.000345 0.070208 -0.072028 0.188202 0.010047 -0.072028 0.188202 0.010047 -0.071114 -0.000345 0.010047 -0.071114 -0.000345 0.010047 -0.072028 0.188202 -0.010047 0.070199 0.188892 -0.010047 0.071114 0.000345 0.010047 0.070199 0.188892 0.010047 0.071114 0.000345 " />
										<Normal vector="-0.577349 -0.574541 -0.580126 -0.577349 -0.580126 0.574541 -0.577349 0.574541 0.580126 -0.577349 0.580126 -0.574541 0.000000 0.710501 -0.703665 0.000000 0.703665 0.710501 0.577349 0.574541 0.580126 0.577349 0.580126 -0.574541 0.577349 0.580126 -0.574541 0.577349 0.574541 0.580126 0.577349 -0.580126 0.574541 0.577349 -0.574541 -0.580126 0.000000 -0.703665 -0.710501 0.000000 -0.710501 0.703665 -0.577349 -0.580126 0.574541 -0.577349 -0.574541 -0.580126 0.000000 0.710501 -0.703665 0.577349 0.580126 -0.574541 0.577349 -0.574541 -0.580126 0.000000 -0.703665 -0.710501 0.000000 0.703665 0.710501 -0.577349 0.574541 0.580126 0.000000 -0.710501 0.703665 0.577349 0.574541 0.580126 0.000000 0.703665 0.710501 0.000000 -0.710501 0.703665 0.577349 -0.580126 0.574541 0.000000 0.703665 0.710501 0.000000 0.703665 0.710501 0.000000 -0.710501 0.703665 0.000000 -0.710501 0.703665 -0.577349 0.580126 -0.574541 0.000000 0.710501 -0.703665 0.000000 -0.703665 -0.710501 0.000000 0.710501 -0.703665 0.000000 0.710501 -0.703665 0.000000 -0.703665 -0.710501 0.000000 -0.703665 -0.710501 0.577349 -0.574541 -0.580126 0.577349 -0.580126 0.574541 0.000000 -0.710501 0.703665 0.000000 -0.703665 -0.710501 0.000000 -0.703665 -0.710501 0.000000 -0.710501 0.703665 0.000000 0.703665 0.710501 0.000000 0.710501 -0.703665 0.000000 0.703665 0.710501 0.000000 0.710501 -0.703665 " />
										<TextureCoordinate point="0.4161 0.7869 0.5721 0.7869 0.5721 0.9828 0.4161 0.9828 0.4161 0.9175 0.5721 0.9175 0.5721 0.9828 0.4161 0.9828 0.4161 0.7869 0.5721 0.7869 0.5721 0.9828 0.4161 0.9828 0.4161 0.9175 0.5721 0.9175 0.5721 0.9828 0.4161 0.9828 0.5201 0.7869 0.5721 0.7869 0.5721 0.9828 0.5201 0.9828 0.5201 0.7869 0.5721 0.7869 0.5201 0.9828 0.4161 0.7869 0.4681 0.7869 0.4681 0.9828 0.4161 0.9828 0.4497 0.7887 0.5728 0.7887 0.5728 0.9811 0.4497 0.9811 0.4161 0.7869 0.4681 0.7869 0.4681 0.9828 0.4497 0.7887 0.5728 0.7887 0.5728 0.9811 0.4497 0.9811 0.4161 0.7869 0.5721 0.7869 0.5721 0.8522 0.4161 0.8522 0.4497 0.7887 0.5728 0.7887 0.5721 0.8522 0.4161 0.8522 0.5728 0.9811 0.4497 0.9811 " />
									</IndexedTriangleSet>
								</Shape>
							</Group>
						</Transform>
						<Transform DEF="head_TRANSFORM"
						           translation="0.000000 -0.006285 0.127322"
						           scale="1.000000 1.000000 1.000000"
						           rotation="0.000000 1.000000 0.000000 0.000000"
						           >
							<Transform DEF="head_ifs_TRANSFORM"
							           translation="0.000000 0.000000 0.000000"
							           scale="1.000000 1.000000 1.000000"
							           rotation="0.000000 1.000000 0.000000 0.000000"
							           >
								<Group DEF="group_ME_head">
									<Shape>
										<Appearance>
											<Material USE="MA_Body" />
										</Appearance>
										<IndexedTriangleSet solid="false"
										                    normalPerVertex="true"
										                    index="0 1 2 0 2 3 4 5 6 4 6 7 8 9 10 8 10 11 12 13 14 12 14 15 4 16 17 4 17 15 18 5 14 18 14 19 "
										                    >
											<Coordinate point="-0.216376 -0.325865 -0.041865 -0.216376 -0.348605 0.135140 -0.216376 0.168320 0.201550 -0.216376 0.191060 0.024546 -0.216376 0.191060 0.024546 -0.216376 0.168320 0.201550 0.216376 0.168320 0.201550 0.216376 0.191060 0.024546 0.216376 0.191060 0.024546 0.216376 0.168320 0.201550 0.216376 -0.348605 0.135140 0.216376 -0.325865 -0.041865 0.216376 -0.325865 -0.041865 0.216376 -0.348605 0.135140 -0.216376 -0.348605 0.135140 -0.216376 -0.325865 -0.041865 0.216376 0.191060 0.024546 0.216376 -0.325865 -0.041865 0.216376 0.168320 0.201550 0.216376 -0.348605 0.135140 " />
											<Normal vector="-0.577349 -0.499069 -0.646199 -0.577349 -0.646199 0.499069 -0.577349 0.499069 0.646199 -0.577349 0.646199 -0.499069 -0.577349 0.646199 -0.499069 -0.577349 0.499069 0.646199 0.577349 0.499069 0.646199 0.577349 0.646199 -0.499069 0.577349 0.646199 -0.499069 0.577349 0.499069 0.646199 0.577349 -0.646199 0.499069 0.577349 -0.499069 -0.646199 0.577349 -0.499069 -0.646199 0.577349 -0.646199 0.499069 -0.577349 -0.646199 0.499069 -0.577349 -0.499069 -0.646199 0.577349 0.646199 -0.499069 0.577349 -0.499069 -0.646199 0.577349 0.499069 0.646199 0.577349 -0.646199 0.499069 " />
											<TextureCoordinate point="0.0263 0.6415 0.1646 0.6415 0.1646 0.9855 0.0263 0.9855 0.0263 0.6415 0.1646 0.6415 0.1646 0.9855 0.0263 0.9855 0.0263 0.6415 0.1646 0.6415 0.1646 0.9855 0.0263 0.9855 0.0263 0.6415 0.1646 0.6415 0.1646 0.9855 0.0263 0.9855 0.1646 0.6415 0.1646 0.9855 0.0263 0.6415 0.0263 0.9855 " />
										</IndexedTriangleSet>
									</Shape>
								</Group>
							</Transform>
							<Transform DEF="Cube_TRANSFORM"
							           translation="0.000000 -0.278356 0.119472"
							           scale="1.000000 1.000000 1.000000"
							           rotation="0.000000 1.000000 0.000000 0.000000"
							           >
								<Transform DEF="Cube_ifs_TRANSFORM"
								           translation="0.000000 0.000000 0.000000"
								           scale="1.000000 1.000000 1.000000"
								           rotation="0.000000 1.000000 0.000000 0.000000"
								           >
									<Group DEF="group_ME_Cube">
										<Shape>
											<Appearance>
												<Material USE="MA_Body" />
											</Appearance>
											<IndexedTriangleSet solid="false"
											                    normalPerVertex="true"
											                    index="0 1 2 0 2 3 4 5 6 4 6 7 8 9 10 8 10 11 4 12 13 4 13 14 15 16 17 15 17 18 19 5 20 19 20 21 22 23 24 22 24 25 22 16 26 22 26 27 "
											                    >
												<Coordinate point="-0.203237 -0.042464 0.002264 -0.203237 -0.021607 0.393448 -0.203237 0.063322 0.388919 -0.203237 0.042464 -0.002264 0.000000 0.042464 -0.002264 0.000000 0.063322 0.388919 0.203237 0.063322 0.388919 0.203237 0.042464 -0.002264 0.203237 0.042464 -0.002264 0.203237 0.063322 0.388919 0.203237 -0.021607 0.393448 0.203237 -0.042464 0.002264 0.203237 0.042464 -0.002264 0.203237 -0.042464 0.002264 0.000000 -0.042464 0.002264 0.000000 0.063322 0.388919 -0.203237 0.063322 0.388919 -0.203237 -0.021607 0.393448 0.000000 -0.021607 0.393448 0.203237 0.063322 0.388919 0.000000 -0.021607 0.393448 0.203237 -0.021607 0.393448 -0.203237 0.042464 -0.002264 0.000000 0.042464 -0.002264 0.000000 -0.042464 0.002264 -0.203237 -0.042464 0.002264 0.000000 0.063322 0.388919 0.000000 0.042464 -0.002264 " />
												<Normal vector="-0.577349 -0.607257 -0.545762 -0.577349 -0.545762 0.607257 -0.577349 0.607257 0.545762 -0.577349 0.545762 -0.607257 0.000000 0.668447 -0.743736 0.000000 0.743736 0.668447 0.577349 0.607257 0.545762 0.577349 0.545762 -0.607257 0.577349 0.545762 -0.607257 0.577349 0.607257 0.545762 0.577349 -0.545762 0.607257 0.577349 -0.607257 -0.545762 0.577349 0.545762 -0.607257 0.577349 -0.607257 -0.545762 0.000000 -0.743736 -0.668447 0.000000 0.743736 0.668447 -0.577349 0.607257 0.545762 -0.577349 -0.545762 0.607257 0.000000 -0.668447 0.743736 0.577349 0.607257 0.545762 0.000000 -0.668447 0.743736 0.577349 -0.545762 0.607257 -0.577349 0.545762 -0.607257 0.000000 0.668447 -0.743736 0.000000 -0.743736 -0.668447 -0.577349 -0.607257 -0.545762 0.000000 0.743736 0.668447 0.000000 0.668447 -0.743736 " />
												<TextureCoordinate point="0.0263 0.6415 0.1646 0.6415 0.1646 0.9855 0.0263 0.9855 0.0263 0.6415 0.1646 0.6415 0.1646 0.9855 0.0263 0.9855 0.0263 0.6415 0.1646 0.6415 0.1646 0.9855 0.0263 0.9855 0.1646 0.6415 0.1646 0.9855 0.0263 0.9855 0.0263 0.6415 0.1646 0.6415 0.1646 0.9855 0.0263 0.9855 0.0263 0.6415 0.1646 0.9855 0.0263 0.9855 0.0263 0.6415 0.1646 0.6415 0.1646 0.9855 0.0263 0.9855 0.1646 0.9855 0.0263 0.9855 " />
											</IndexedTriangleSet>
										</Shape>
										<Shape>
											<Appearance>
												<Material DEF="MA_Eye"
												          diffuseColor="0.800 0.800 0.800"
												          specularColor="0.401 0.401 0.401"
												          emissiveColor="0.000 0.000 0.000"
												          ambientIntensity="0.000"
												          shininess="0.500"
												          transparency="0.0"
												          />
											</Appearance>
											<IndexedTriangleSet solid="false"
											                    normalPerVertex="true"
											                    index="0 1 2 0 2 3 4 5 1 4 1 0 "
											                    >
												<Coordinate point="0.000000 -0.042464 0.002264 0.000000 -0.021607 0.393448 -0.203237 -0.021607 0.393448 -0.203237 -0.042464 0.002264 0.203237 -0.042464 0.002264 0.203237 -0.021607 0.393448 " />
												<Normal vector="0.000000 -0.743736 -0.668447 0.000000 -0.668447 0.743736 -0.577349 -0.545762 0.607257 -0.577349 -0.607257 -0.545762 0.577349 -0.607257 -0.545762 0.577349 -0.545762 0.607257 " />
												<TextureCoordinate point="0.4905 0.1516 0.4905 0.9166 0.0223 0.9166 0.0223 0.1516 0.0223 0.1516 0.0223 0.9166 " />
											</IndexedTriangleSet>
										</Shape>
									</Group>
								</Transform>
							</Transform>
							<Transform DEF="Cube_001_TRANSFORM"
							           translation="0.000000 -0.324798 0.070210"
							           scale="1.000000 1.000000 1.000000"
							           rotation="0.000000 1.000000 0.000000 0.000000"
							           >
								<Transform DEF="Cube_001_ifs_TRANSFORM"
								           translation="0.000000 0.000000 0.000000"
								           scale="1.000000 1.000000 1.000000"
								           rotation="0.000000 1.000000 0.000000 0.000000"
								           >
									<Group DEF="group_ME_Cube_001">
										<Shape>
											<Appearance>
												<Material USE="MA_Body" />
											</Appearance>
											<IndexedTriangleSet solid="false"
											                    normalPerVertex="true"
											                    index="0 1 2 0 2 3 4 5 6 4 6 7 8 9 10 8 10 11 12 13 14 12 14 15 4 16 17 4 17 15 18 5 14 18 14 19 "
											                    >
												<Coordinate point="-0.027579 -0.042383 0.003464 -0.027579 -0.012213 0.372553 -0.027579 0.072553 0.365624 -0.027579 0.042383 -0.003464 -0.027579 0.042383 -0.003464 -0.027579 0.072553 0.365624 0.027579 0.072553 0.365624 0.027579 0.042383 -0.003464 0.027579 0.042383 -0.003464 0.027579 0.072553 0.365624 0.027579 -0.012213 0.372553 0.027579 -0.042383 0.003464 0.027579 -0.042383 0.003464 0.027579 -0.012213 0.372553 -0.027579 -0.012213 0.372553 -0.027579 -0.042383 0.003464 0.027579 0.042383 -0.003464 0.027579 -0.042383 0.003464 0.027579 0.072553 0.365624 0.027579 -0.012213 0.372553 " />
												<Normal vector="-0.577349 -0.622456 -0.528367 -0.577349 -0.528367 0.622456 -0.577349 0.622456 0.528367 -0.577349 0.528367 -0.622456 -0.577349 0.528367 -0.622456 -0.577349 0.622456 0.528367 0.577349 0.622456 0.528367 0.577349 0.528367 -0.622456 0.577349 0.528367 -0.622456 0.577349 0.622456 0.528367 0.577349 -0.528367 0.622456 0.577349 -0.622456 -0.528367 0.577349 -0.622456 -0.528367 0.577349 -0.528367 0.622456 -0.577349 -0.528367 0.622456 -0.577349 -0.622456 -0.528367 0.577349 0.528367 -0.622456 0.577349 -0.622456 -0.528367 0.577349 0.622456 0.528367 0.577349 -0.528367 0.622456 " />
												<TextureCoordinate point="0.4179 0.6499 0.7377 0.6499 0.7377 0.7409 0.4179 0.7409 0.4179 0.6499 0.7377 0.6499 0.7377 0.7409 0.4179 0.7409 0.4179 0.6499 0.7377 0.6499 0.7377 0.7409 0.4179 0.7409 0.4179 0.6499 0.7377 0.6499 0.7377 0.7409 0.4179 0.7409 0.7377 0.6499 0.7377 0.7409 0.4179 0.6499 0.4179 0.7409 " />
											</IndexedTriangleSet>
										</Shape>
									</Group>
								</Transform>
							</Transform>
							<Transform DEF="Cube_003_TRANSFORM"
							           translation="0.000000 -0.040036 0.115331"
							           scale="1.000000 1.000000 1.000000"
							           rotation="0.000000 1.000000 0.000000 0.000000"
							           >
								<Transform DEF="Cube_003_ifs_TRANSFORM"
								           translation="0.000000 0.000000 0.000000"
								           scale="1.000000 1.000000 1.000000"
								           rotation="0.000000 1.000000 0.000000 0.000000"
								           >
									<Group DEF="group_ME_Cube_003">
										<Shape>
											<Appearance>
												<Material USE="MA_Body" />
											</Appearance>
											<IndexedTriangleSet solid="false"
											                    normalPerVertex="true"
											                    index="0 1 2 0 2 3 4 5 6 4 6 7 8 9 10 8 10 11 12 13 14 12 14 15 4 16 17 4 17 15 18 5 14 18 14 19 "
											                    >
												<Coordinate point="-0.207455 -0.225436 0.012388 -0.207455 -0.200081 0.473792 -0.207455 0.250791 0.449015 -0.207455 0.225436 -0.012388 -0.207455 0.225436 -0.012388 -0.207455 0.250791 0.449015 0.207455 0.250791 0.449015 0.207455 0.225436 -0.012388 0.207455 0.225436 -0.012388 0.207455 0.250791 0.449015 0.207455 -0.200081 0.473792 0.207455 -0.225436 0.012388 0.207455 -0.225436 0.012388 0.207455 -0.200081 0.473792 -0.207455 -0.200081 0.473792 -0.207455 -0.225436 0.012388 0.207455 0.225436 -0.012388 0.207455 -0.225436 0.012388 0.207455 0.250791 0.449015 0.207455 -0.200081 0.473792 " />
												<Normal vector="-0.577349 -0.608142 -0.544786 -0.577349 -0.544786 0.608142 -0.577349 0.608142 0.544786 -0.577349 0.544786 -0.608142 -0.577349 0.544786 -0.608142 -0.577349 0.608142 0.544786 0.577349 0.608142 0.544786 0.577349 0.544786 -0.608142 0.577349 0.544786 -0.608142 0.577349 0.608142 0.544786 0.577349 -0.544786 0.608142 0.577349 -0.608142 -0.544786 0.577349 -0.608142 -0.544786 0.577349 -0.544786 0.608142 -0.577349 -0.544786 0.608142 -0.577349 -0.608142 -0.544786 0.577349 0.544786 -0.608142 0.577349 -0.608142 -0.544786 0.577349 0.608142 0.544786 0.577349 -0.544786 0.608142 " />
												<TextureCoordinate point="0.0263 0.6415 0.1646 0.6415 0.1646 0.9855 0.0263 0.9855 0.0263 0.6415 0.1646 0.6415 0.1646 0.9855 0.0263 0.9855 0.0263 0.6415 0.1646 0.6415 0.1646 0.9855 0.0263 0.9855 0.0263 0.6415 0.1646 0.6415 0.1646 0.9855 0.0263 0.9855 0.1646 0.6415 0.1646 0.9855 0.0263 0.6415 0.0263 0.9855 " />
											</IndexedTriangleSet>
										</Shape>
									</Group>
								</Transform>
								<Transform DEF="Cube_004_TRANSFORM"
								           translation="0.000000 0.189657 0.255967"
								           scale="1.000000 1.000000 1.000000"
								           rotation="0.000000 1.000000 0.000000 0.000000"
								           >
									<Transform DEF="Cube_004_ifs_TRANSFORM"
									           translation="0.000000 0.000000 0.000000"
									           scale="1.000000 1.000000 1.000000"
									           rotation="0.000000 1.000000 0.000000 0.000000"
									           >
										<Group DEF="group_ME_Cube_004">
											<Shape>
												<Appearance>
													<Material USE="MA_Body" />
												</Appearance>
												<IndexedTriangleSet solid="false"
												                    normalPerVertex="true"
												                    index="0 1 2 0 2 3 4 5 6 4 6 7 8 9 10 8 10 11 12 13 14 12 14 15 16 17 18 16 18 19 20 21 14 20 14 22 23 24 25 23 25 19 26 27 28 26 28 29 30 31 32 30 32 33 16 34 35 16 35 36 37 38 39 37 39 40 41 42 43 41 43 44 45 5 46 45 46 47 30 48 49 30 49 40 50 51 52 50 52 53 54 55 56 54 56 57 "
												                    >
													<Coordinate point="-0.106768 0.101498 -0.004071 -0.106768 0.317065 0.025211 -0.106768 0.340440 -0.146876 -0.106768 0.124874 -0.176158 -0.106768 0.124874 -0.176158 -0.106768 0.340440 -0.146876 0.106768 0.340440 -0.146876 0.106768 0.124874 -0.176158 0.106768 0.101498 -0.004071 0.106768 0.317065 0.025211 0.106768 0.288925 0.232367 0.106768 0.073359 0.203085 0.106768 0.073359 0.203085 0.106768 0.288925 0.232367 -0.106768 0.288925 0.232367 -0.106768 0.073359 0.203085 -0.106768 0.002382 -0.017534 0.106768 0.002382 -0.017534 0.106768 -0.025758 0.189622 -0.106768 -0.025758 0.189622 0.106768 0.317065 0.025211 -0.106768 0.317065 0.025211 0.106768 0.288925 0.232367 0.106768 -0.025758 0.189622 0.106768 0.073359 0.203085 -0.106768 0.073359 0.203085 0.106768 0.002382 -0.017534 0.106768 0.101498 -0.004071 0.106768 0.073359 0.203085 0.106768 -0.025758 0.189622 -0.106768 0.025758 -0.189622 -0.106768 0.124874 -0.176158 0.106768 0.124874 -0.176158 0.106768 0.025758 -0.189622 -0.106768 0.101498 -0.004071 -0.106768 0.124874 -0.176158 -0.106768 0.025758 -0.189622 -0.106768 -0.025758 0.189622 -0.106768 0.073359 0.203085 -0.106768 0.101498 -0.004071 -0.106768 0.002382 -0.017534 0.106768 0.025758 -0.189622 0.106768 0.124874 -0.176158 0.106768 0.101498 -0.004071 0.106768 0.002382 -0.017534 0.106768 0.340440 -0.146876 -0.106768 0.317065 0.025211 0.106768 0.317065 0.025211 0.106768 0.025758 -0.189622 0.106768 0.002382 -0.017534 0.106768 0.124874 -0.176158 0.106768 0.340440 -0.146876 0.106768 0.317065 0.025211 0.106768 0.101498 -0.004071 -0.106768 0.073359 0.203085 -0.106768 0.288925 0.232367 -0.106768 0.317065 0.025211 -0.106768 0.101498 -0.004071 " />
													<Normal vector="-1.000000 0.000000 0.000000 -0.707083 0.700644 0.095157 -0.577349 0.649800 -0.494369 -0.707083 0.095157 -0.700644 -0.707083 0.095157 -0.700644 -0.577349 0.649800 -0.494369 0.577349 0.649800 -0.494369 0.707083 0.095157 -0.700644 1.000000 0.000000 0.000000 0.707083 0.700644 0.095157 0.577349 0.494369 0.649800 0.707083 -0.095157 0.700644 0.707083 -0.095157 0.700644 0.577349 0.494369 0.649800 -0.577349 0.494369 0.649800 -0.707083 -0.095157 0.700644 -0.707083 -0.700644 -0.095157 0.707083 -0.700644 -0.095157 0.577349 -0.649800 0.494369 -0.577349 -0.649800 0.494369 0.707083 0.700644 0.095157 -0.707083 0.700644 0.095157 0.577349 0.494369 0.649800 0.577349 -0.649800 0.494369 0.707083 -0.095157 0.700644 -0.707083 -0.095157 0.700644 0.707083 -0.700644 -0.095157 1.000000 0.000000 0.000000 0.707083 -0.095157 0.700644 0.577349 -0.649800 0.494369 -0.577349 -0.494369 -0.649800 -0.707083 0.095157 -0.700644 0.707083 0.095157 -0.700644 0.577349 -0.494369 -0.649800 -1.000000 0.000000 0.000000 -0.707083 0.095157 -0.700644 -0.577349 -0.494369 -0.649800 -0.577349 -0.649800 0.494369 -0.707083 -0.095157 0.700644 -1.000000 0.000000 0.000000 -0.707083 -0.700644 -0.095157 0.577349 -0.494369 -0.649800 0.707083 0.095157 -0.700644 1.000000 0.000000 0.000000 0.707083 -0.700644 -0.095157 0.577349 0.649800 -0.494369 -0.707083 0.700644 0.095157 0.707083 0.700644 0.095157 0.577349 -0.494369 -0.649800 0.707083 -0.700644 -0.095157 0.707083 0.095157 -0.700644 0.577349 0.649800 -0.494369 0.707083 0.700644 0.095157 1.000000 0.000000 0.000000 -0.707083 -0.095157 0.700644 -0.577349 0.494369 0.649800 -0.707083 0.700644 0.095157 -1.000000 0.000000 0.000000 " />
													<TextureCoordinate point="0.0263 0.6415 0.1646 0.6415 0.1646 0.9855 0.0263 0.9855 0.0263 0.6415 0.1646 0.6415 0.1646 0.9855 0.0263 0.9855 0.2133 0.6415 0.3517 0.6415 0.3517 0.9855 0.2133 0.9855 0.2133 0.6415 0.3517 0.6415 0.3517 0.9855 0.2133 0.9855 0.0263 0.6415 0.1646 0.6415 0.1646 0.9855 0.0263 0.9855 0.2133 0.6415 0.3517 0.6415 0.2133 0.9855 0.0263 0.6415 0.1646 0.6415 0.1646 0.9855 0.0263 0.6415 0.1646 0.6415 0.1646 0.9855 0.0263 0.9855 0.0263 0.6415 0.1646 0.6415 0.1646 0.9855 0.0263 0.9855 0.1646 0.6415 0.1646 0.9855 0.0263 0.9855 0.0263 0.6415 0.1646 0.6415 0.1646 0.9855 0.0263 0.9855 0.0263 0.6415 0.1646 0.6415 0.1646 0.9855 0.0263 0.9855 0.0263 0.6415 0.1646 0.9855 0.0263 0.9855 0.1646 0.6415 0.1646 0.9855 0.0263 0.6415 0.1646 0.6415 0.1646 0.9855 0.0263 0.9855 0.2133 0.6415 0.3517 0.6415 0.3517 0.9855 0.2133 0.9855 " />
												</IndexedTriangleSet>
											</Shape>
										</Group>
									</Transform>
									<Transform DEF="Cube_005_TRANSFORM"
									           translation="0.000000 0.286817 0.057607"
									           scale="1.000000 1.000000 1.000000"
									           rotation="0.000000 1.000000 0.000000 0.000000"
									           >
										<Transform DEF="Cube_005_ifs_TRANSFORM"
										           translation="0.000000 0.000000 0.000000"
										           scale="1.000000 1.000000 1.000000"
										           rotation="0.000000 1.000000 0.000000 0.000000"
										           >
											<Group DEF="group_ME_Cube_005">
												<Shape>
													<Appearance>
														<Material USE="MA_Body" />
													</Appearance>
													<IndexedTriangleSet solid="false"
													                    normalPerVertex="true"
													                    index="0 1 2 0 2 3 4 5 6 4 6 7 8 9 10 8 10 11 12 13 14 12 14 15 16 17 18 16 18 15 19 20 14 19 14 21 22 5 23 22 23 24 4 25 26 4 26 27 28 29 30 28 30 31 32 33 34 32 34 35 "
													                    >
														<Coordinate point="-0.085001 0.003589 -0.026419 -0.085001 0.344695 0.019916 -0.085001 0.361612 -0.104628 -0.085001 0.020506 -0.150963 -0.085001 0.020506 -0.150963 -0.085001 0.361612 -0.104628 0.085001 0.361612 -0.104628 0.085001 0.020506 -0.150963 0.085001 0.003589 -0.026419 0.085001 0.344695 0.019916 0.085001 0.320600 0.197298 0.085001 -0.020506 0.150963 0.085001 -0.020506 0.150963 0.085001 0.320600 0.197298 -0.085001 0.320600 0.197298 -0.085001 -0.020506 0.150963 -0.085001 0.003589 -0.026419 0.085001 0.003589 -0.026419 0.085001 -0.020506 0.150963 0.085001 0.344695 0.019916 -0.085001 0.344695 0.019916 0.085001 0.320600 0.197298 0.085001 0.361612 -0.104628 -0.085001 0.344695 0.019916 0.085001 0.344695 0.019916 0.085001 0.020506 -0.150963 0.085001 0.003589 -0.026419 -0.085001 0.003589 -0.026419 0.085001 0.020506 -0.150963 0.085001 0.361612 -0.104628 0.085001 0.344695 0.019916 0.085001 0.003589 -0.026419 -0.085001 -0.020506 0.150963 -0.085001 0.320600 0.197298 -0.085001 0.344695 0.019916 -0.085001 0.003589 -0.026419 " />
														<Normal vector="-0.707083 -0.700644 -0.095157 -0.707083 0.700644 0.095157 -0.577349 0.649800 -0.494369 -0.577349 -0.494369 -0.649800 -0.577349 -0.494369 -0.649800 -0.577349 0.649800 -0.494369 0.577349 0.649800 -0.494369 0.577349 -0.494369 -0.649800 0.707083 -0.700644 -0.095157 0.707083 0.700644 0.095157 0.577349 0.494369 0.649800 0.577349 -0.649800 0.494369 0.577349 -0.649800 0.494369 0.577349 0.494369 0.649800 -0.577349 0.494369 0.649800 -0.577349 -0.649800 0.494369 -0.707083 -0.700644 -0.095157 0.707083 -0.700644 -0.095157 0.577349 -0.649800 0.494369 0.707083 0.700644 0.095157 -0.707083 0.700644 0.095157 0.577349 0.494369 0.649800 0.577349 0.649800 -0.494369 -0.707083 0.700644 0.095157 0.707083 0.700644 0.095157 0.577349 -0.494369 -0.649800 0.707083 -0.700644 -0.095157 -0.707083 -0.700644 -0.095157 0.577349 -0.494369 -0.649800 0.577349 0.649800 -0.494369 0.707083 0.700644 0.095157 0.707083 -0.700644 -0.095157 -0.577349 -0.649800 0.494369 -0.577349 0.494369 0.649800 -0.707083 0.700644 0.095157 -0.707083 -0.700644 -0.095157 " />
														<TextureCoordinate point="0.0263 0.6415 0.1646 0.6415 0.1646 0.9855 0.0263 0.9855 0.0263 0.6415 0.1646 0.6415 0.1646 0.9855 0.0263 0.9855 0.2133 0.6415 0.3517 0.6415 0.3517 0.9855 0.2133 0.9855 0.2133 0.6415 0.3517 0.6415 0.3517 0.9855 0.2133 0.9855 0.2133 0.6415 0.3517 0.6415 0.3517 0.9855 0.2133 0.6415 0.3517 0.6415 0.2133 0.9855 0.0263 0.6415 0.1646 0.9855 0.0263 0.9855 0.1646 0.6415 0.1646 0.9855 0.0263 0.9855 0.0263 0.6415 0.1646 0.6415 0.1646 0.9855 0.0263 0.9855 0.2133 0.6415 0.3517 0.6415 0.3517 0.9855 0.2133 0.9855 " />
													</IndexedTriangleSet>
												</Shape>
											</Group>
										</Transform>
										<Transform DEF="Cube_006_TRANSFORM"
										           translation="0.000000 0.301035 0.055809"
										           scale="1.000000 1.000000 1.000000"
										           rotation="0.000000 1.000000 0.000000 0.000000"
										           >
											<Transform DEF="Cube_006_ifs_TRANSFORM"
											           translation="0.000000 0.000000 0.000000"
											           scale="1.000000 1.000000 1.000000"
											           rotation="0.000000 1.000000 0.000000 0.000000"
											           >
												<Group DEF="group_ME_Cube_006">
													<Shape>
														<Appearance>
															<Material USE="MA_Body" />
														</Appearance>
														<IndexedTriangleSet solid="false"
														                    normalPerVertex="true"
														                    index="0 1 2 0 2 3 4 5 6 4 6 7 8 9 10 8 10 11 12 13 14 12 14 15 16 17 18 16 18 15 19 20 14 19 14 21 22 5 23 22 23 24 4 25 26 4 26 27 28 29 30 28 30 31 32 33 34 32 34 35 "
														                    >
															<Coordinate point="-0.054286 0.003964 -0.029183 -0.054286 0.368109 0.020281 -0.054286 0.377241 -0.046948 -0.054286 0.013096 -0.096413 -0.054286 0.013096 -0.096413 -0.054286 0.377241 -0.046948 0.054286 0.377241 -0.046948 0.054286 0.013096 -0.096413 0.054286 0.003964 -0.029183 0.054286 0.368109 0.020281 0.054286 0.351049 0.145877 0.054286 -0.013096 0.096413 0.054286 -0.013096 0.096413 0.054286 0.351049 0.145877 -0.054286 0.351049 0.145877 -0.054286 -0.013096 0.096413 -0.054286 0.003964 -0.029183 0.054286 0.003964 -0.029183 0.054286 -0.013096 0.096413 0.054286 0.368109 0.020281 -0.054286 0.368109 0.020281 0.054286 0.351049 0.145877 0.054286 0.377241 -0.046948 -0.054286 0.368109 0.020281 0.054286 0.368109 0.020281 0.054286 0.013096 -0.096413 0.054286 0.003964 -0.029183 -0.054286 0.003964 -0.029183 0.054286 0.013096 -0.096413 0.054286 0.377241 -0.046948 0.054286 0.368109 0.020281 0.054286 0.003964 -0.029183 -0.054286 -0.013096 0.096413 -0.054286 0.351049 0.145877 -0.054286 0.368109 0.020281 -0.054286 0.003964 -0.029183 " />
															<Normal vector="-0.707083 -0.700644 -0.095157 -0.707083 0.700644 0.095157 -0.577349 0.649800 -0.494369 -0.577349 -0.494369 -0.649800 -0.577349 -0.494369 -0.649800 -0.577349 0.649800 -0.494369 0.577349 0.649800 -0.494369 0.577349 -0.494369 -0.649800 0.707083 -0.700644 -0.095157 0.707083 0.700644 0.095157 0.577349 0.494369 0.649800 0.577349 -0.649800 0.494369 0.577349 -0.649800 0.494369 0.577349 0.494369 0.649800 -0.577349 0.494369 0.649800 -0.577349 -0.649800 0.494369 -0.707083 -0.700644 -0.095157 0.707083 -0.700644 -0.095157 0.577349 -0.649800 0.494369 0.707083 0.700644 0.095157 -0.707083 0.700644 0.095157 0.577349 0.494369 0.649800 0.577349 0.649800 -0.494369 -0.707083 0.700644 0.095157 0.707083 0.700644 0.095157 0.577349 -0.494369 -0.649800 0.707083 -0.700644 -0.095157 -0.707083 -0.700644 -0.095157 0.577349 -0.494369 -0.649800 0.577349 0.649800 -0.494369 0.707083 0.700644 0.095157 0.707083 -0.700644 -0.095157 -0.577349 -0.649800 0.494369 -0.577349 0.494369 0.649800 -0.707083 0.700644 0.095157 -0.707083 -0.700644 -0.095157 " />
															<TextureCoordinate point="0.0263 0.6415 0.1646 0.6415 0.1646 0.9855 0.0263 0.9855 0.0263 0.6415 0.1646 0.6415 0.1646 0.9855 0.0263 0.9855 0.2133 0.6415 0.3517 0.6415 0.3517 0.9855 0.2133 0.9855 0.2133 0.6415 0.3517 0.6415 0.3517 0.9855 0.2133 0.9855 0.2133 0.6415 0.3517 0.6415 0.3517 0.9855 0.2133 0.6415 0.3517 0.6415 0.2133 0.9855 0.0263 0.6415 0.1646 0.9855 0.0263 0.9855 0.1646 0.6415 0.1646 0.9855 0.0263 0.9855 0.0263 0.6415 0.1646 0.6415 0.1646 0.9855 0.0263 0.9855 0.2133 0.6415 0.3517 0.6415 0.3517 0.9855 0.2133 0.9855 " />
														</IndexedTriangleSet>
													</Shape>
												</Group>
											</Transform>
										</Transform>
									</Transform>
								</Transform>
							</Transform>
							<Transform DEF="Cube_007_TRANSFORM"
							           translation="0.223758 -0.103840 0.091066"
							           scale="1.000000 1.000000 1.000000"
							           rotation="0.000000 1.000000 0.000000 0.000000"
							           >
								<Transform DEF="Cube_007_ifs_TRANSFORM"
								           translation="0.000000 0.000000 0.000000"
								           scale="1.000000 1.000000 1.000000"
								           rotation="0.000000 1.000000 0.000000 0.000000"
								           >
									<Group DEF="group_ME_Cube_007">
										<Shape>
											<Appearance>
												<Material USE="MA_Body" />
											</Appearance>
											<IndexedTriangleSet solid="false"
											                    normalPerVertex="true"
											                    index="0 1 2 0 2 3 4 5 6 4 6 7 8 9 10 8 10 11 12 13 14 12 14 15 16 17 18 16 18 19 20 21 14 20 14 22 23 24 25 23 25 19 26 27 28 26 28 29 30 31 32 30 32 33 34 35 36 34 36 37 16 38 39 16 39 40 41 42 43 41 43 44 45 5 46 45 46 47 30 48 49 30 49 40 50 51 52 50 52 53 54 21 46 54 46 55 56 57 58 56 58 59 60 61 62 60 62 63 64 65 66 64 66 67 68 1 58 68 58 69 34 70 71 34 71 63 72 73 74 72 74 75 76 77 78 76 78 79 80 81 82 80 82 83 84 85 86 84 86 87 88 89 90 88 90 91 92 93 94 92 94 95 96 97 98 96 98 99 100 101 102 100 102 103 104 105 106 104 106 107 "
											                    >
												<Coordinate point="-0.010172 0.105832 0.421923 0.008087 0.138706 0.594343 0.008087 0.255602 0.572055 -0.010172 0.222729 0.399635 -0.010172 0.222729 0.399635 0.008087 0.255602 0.572055 0.117596 0.253469 0.560865 0.099337 0.220595 0.388445 0.099337 0.025969 0.425553 0.117596 0.058843 0.597973 0.117596 -0.029318 0.614782 0.099337 -0.062191 0.442362 0.099337 -0.062191 0.442362 0.117596 -0.029318 0.614782 0.008087 -0.027184 0.625972 -0.010172 -0.060058 0.453552 -0.054755 -0.052166 0.015744 0.054755 -0.054299 0.004554 0.054755 -0.142460 0.021363 -0.054755 -0.140326 0.032553 0.117596 0.058843 0.597973 0.008087 0.060977 0.609163 0.117596 -0.029318 0.614782 0.054755 -0.142460 0.021363 0.062328 -0.128824 0.092885 -0.047181 -0.126690 0.104075 0.054755 -0.054299 0.004554 0.062328 -0.040663 0.076076 0.062328 -0.128824 0.092885 0.054755 -0.142460 0.021363 -0.054755 0.142460 -0.021363 -0.047181 0.156096 0.050158 0.062328 0.153963 0.038968 0.054755 0.140326 -0.032553 -0.054755 0.025564 0.000924 -0.047181 0.039200 0.072446 -0.047181 0.156096 0.050158 -0.054755 0.142460 -0.021363 -0.047181 -0.038529 0.087266 -0.047181 0.039200 0.072446 -0.054755 0.025564 0.000924 0.054755 0.140326 -0.032553 0.062328 0.153963 0.038968 0.062328 0.037067 0.061256 0.054755 0.023430 -0.010266 0.117596 0.253469 0.560865 0.008087 0.138706 0.594343 0.117596 0.136573 0.583153 0.054755 0.140326 -0.032553 0.054755 0.023430 -0.010266 0.099337 0.220595 0.388445 0.117596 0.253469 0.560865 0.117596 0.136573 0.583153 0.099337 0.103699 0.410733 -0.010172 0.028103 0.436743 -0.010172 0.105832 0.421923 -0.010172 -0.060058 0.453552 0.008087 -0.027184 0.625972 0.008087 0.060977 0.609163 -0.010172 0.028103 0.436743 -0.054755 -0.140326 0.032553 -0.047181 -0.126690 0.104075 -0.047181 -0.038529 0.087266 -0.054755 -0.052166 0.015744 0.054755 0.023430 -0.010266 0.062328 0.037067 0.061256 0.062328 -0.040663 0.076076 0.054755 -0.054299 0.004554 0.117596 0.136573 0.583153 0.117596 0.058843 0.597973 0.054755 0.023430 -0.010266 0.054755 -0.054299 0.004554 0.099337 0.103699 0.410733 0.117596 0.136573 0.583153 0.117596 0.058843 0.597973 0.099337 0.025969 0.425553 0.062328 0.037067 0.061256 0.099337 0.103699 0.410733 0.099337 0.025969 0.425553 0.062328 -0.040663 0.076076 -0.047181 -0.126690 0.104075 -0.010172 -0.060058 0.453552 -0.010172 0.028103 0.436743 -0.047181 -0.038529 0.087266 -0.047181 -0.038529 0.087266 -0.010172 0.028103 0.436743 -0.010172 0.105832 0.421923 -0.047181 0.039200 0.072446 0.062328 0.153963 0.038968 0.099337 0.220595 0.388445 0.099337 0.103699 0.410733 0.062328 0.037067 0.061256 0.062328 -0.128824 0.092885 0.099337 -0.062191 0.442362 -0.010172 -0.060058 0.453552 -0.047181 -0.126690 0.104075 0.062328 -0.040663 0.076076 0.099337 0.025969 0.425553 0.099337 -0.062191 0.442362 0.062328 -0.128824 0.092885 -0.047181 0.156096 0.050158 -0.010172 0.222729 0.399635 0.099337 0.220595 0.388445 0.062328 0.153963 0.038968 -0.047181 0.039200 0.072446 -0.010172 0.105832 0.421923 -0.010172 0.222729 0.399635 -0.047181 0.156096 0.050158 " />
												<Normal vector="-0.994629 0.019349 0.101627 -0.630146 0.145421 0.762719 -0.514512 0.685842 0.514634 -0.703299 0.708274 -0.060549 -0.703299 0.708274 -0.060549 -0.514512 0.685842 0.514634 0.633961 0.663472 0.397259 0.703299 0.680868 -0.204291 0.994629 -0.019349 -0.101627 0.776452 0.118015 0.618976 0.633961 -0.470748 0.613514 0.703299 -0.708274 0.060549 0.703299 -0.708274 0.060549 0.633961 -0.470748 0.613514 -0.514512 -0.448378 0.730888 -0.703299 -0.680868 0.204291 -0.776452 -0.118015 -0.618976 0.630146 -0.145421 -0.762719 0.514512 -0.685842 -0.514634 -0.633961 -0.663472 -0.397259 0.776452 0.118015 0.618976 -0.630146 0.145421 0.762719 0.633961 -0.470748 0.613514 0.514512 -0.685842 -0.514634 0.703299 -0.708274 0.060549 -0.703299 -0.680868 0.204291 0.630146 -0.145421 -0.762719 0.994629 -0.019349 -0.101627 0.703299 -0.708274 0.060549 0.514512 -0.685842 -0.514634 -0.633961 0.470748 -0.613514 -0.703299 0.708274 -0.060549 0.703299 0.680868 -0.204291 0.514512 0.448378 -0.730888 -0.776452 -0.118015 -0.618976 -0.994629 0.019349 0.101627 -0.703299 0.708274 -0.060549 -0.633961 0.470748 -0.613514 -0.994629 0.019349 0.101627 -0.994629 0.019349 0.101627 -0.776452 -0.118015 -0.618976 0.514512 0.448378 -0.730888 0.703299 0.680868 -0.204291 0.994629 -0.019349 -0.101627 0.630146 -0.145421 -0.762719 0.633961 0.663472 0.397259 -0.630146 0.145421 0.762719 0.776452 0.118015 0.618976 0.514512 0.448378 -0.730888 0.630146 -0.145421 -0.762719 0.703299 0.680868 -0.204291 0.633961 0.663472 0.397259 0.776452 0.118015 0.618976 0.994629 -0.019349 -0.101627 -0.994629 0.019349 0.101627 -0.994629 0.019349 0.101627 -0.703299 -0.680868 0.204291 -0.514512 -0.448378 0.730888 -0.630146 0.145421 0.762719 -0.994629 0.019349 0.101627 -0.633961 -0.663472 -0.397259 -0.703299 -0.680868 0.204291 -0.994629 0.019349 0.101627 -0.776452 -0.118015 -0.618976 0.630146 -0.145421 -0.762719 0.994629 -0.019349 -0.101627 0.994629 -0.019349 -0.101627 0.630146 -0.145421 -0.762719 0.776452 0.118015 0.618976 0.776452 0.118015 0.618976 0.630146 -0.145421 -0.762719 0.630146 -0.145421 -0.762719 0.994629 -0.019349 -0.101627 0.776452 0.118015 0.618976 0.776452 0.118015 0.618976 0.994629 -0.019349 -0.101627 0.994629 -0.019349 -0.101627 0.994629 -0.019349 -0.101627 0.994629 -0.019349 -0.101627 0.994629 -0.019349 -0.101627 -0.703299 -0.680868 0.204291 -0.703299 -0.680868 0.204291 -0.994629 0.019349 0.101627 -0.994629 0.019349 0.101627 -0.994629 0.019349 0.101627 -0.994629 0.019349 0.101627 -0.994629 0.019349 0.101627 -0.994629 0.019349 0.101627 0.703299 0.680868 -0.204291 0.703299 0.680868 -0.204291 0.994629 -0.019349 -0.101627 0.994629 -0.019349 -0.101627 0.703299 -0.708274 0.060549 0.703299 -0.708274 0.060549 -0.703299 -0.680868 0.204291 -0.703299 -0.680868 0.204291 0.994629 -0.019349 -0.101627 0.994629 -0.019349 -0.101627 0.703299 -0.708274 0.060549 0.703299 -0.708274 0.060549 -0.703299 0.708274 -0.060549 -0.703299 0.708274 -0.060549 0.703299 0.680868 -0.204291 0.703299 0.680868 -0.204291 -0.994629 0.019349 0.101627 -0.994629 0.019349 0.101627 -0.703299 0.708274 -0.060549 -0.703299 0.708274 -0.060549 " />
												<TextureCoordinate point="0.0263 0.6415 0.1646 0.6415 0.1646 0.9855 0.0263 0.9855 0.0263 0.6415 0.1646 0.6415 0.1646 0.9855 0.0263 0.9855 0.0263 0.6415 0.1646 0.6415 0.1646 0.9855 0.0263 0.9855 0.0263 0.6415 0.1646 0.6415 0.1646 0.9855 0.0263 0.9855 0.0263 0.6415 0.1646 0.6415 0.1646 0.9855 0.0263 0.9855 0.0263 0.6415 0.1646 0.6415 0.0263 0.9855 0.0263 0.6415 0.1646 0.6415 0.1646 0.9855 0.0263 0.6415 0.1646 0.6415 0.1646 0.9855 0.0263 0.9855 0.0263 0.6415 0.1646 0.6415 0.1646 0.9855 0.0263 0.9855 0.0263 0.6415 0.1646 0.6415 0.1646 0.9855 0.0263 0.9855 0.1646 0.6415 0.1646 0.9855 0.0263 0.9855 0.0263 0.6415 0.1646 0.6415 0.1646 0.9855 0.0263 0.9855 0.0263 0.6415 0.1646 0.9855 0.0263 0.9855 0.1646 0.6415 0.1646 0.9855 0.0263 0.6415 0.1646 0.6415 0.1646 0.9855 0.0263 0.9855 0.0263 0.6415 0.0263 0.9855 0.0263 0.6415 0.1646 0.6415 0.1646 0.9855 0.0263 0.9855 0.0263 0.6415 0.1646 0.6415 0.1646 0.9855 0.0263 0.9855 0.0263 0.6415 0.1646 0.6415 0.1646 0.9855 0.0263 0.9855 0.0263 0.6415 0.0263 0.9855 0.1646 0.6415 0.1646 0.9855 0.0263 0.6415 0.1646 0.6415 0.1646 0.9855 0.0263 0.9855 0.2084 0.6415 0.3467 0.6415 0.3467 0.9855 0.2084 0.9855 0.0263 0.6415 0.1646 0.6415 0.1646 0.9855 0.0263 0.9855 0.0263 0.6415 0.1646 0.6415 0.1646 0.9855 0.0263 0.9855 0.0263 0.6415 0.1646 0.6415 0.1646 0.9855 0.0263 0.9855 0.0263 0.6415 0.1646 0.6415 0.1646 0.9855 0.0263 0.9855 0.0263 0.6415 0.1646 0.6415 0.1646 0.9855 0.0263 0.9855 0.0263 0.6415 0.1646 0.6415 0.1646 0.9855 0.0263 0.9855 0.0263 0.6415 0.1646 0.6415 0.1646 0.9855 0.0263 0.9855 " />
											</IndexedTriangleSet>
										</Shape>
									</Group>
								</Transform>
							</Transform>
							<Transform DEF="Cube_013_TRANSFORM"
							           translation="-0.223758 -0.103840 0.091066"
							           scale="1.000000 1.000000 1.000000"
							           rotation="0.000000 1.000000 0.000000 0.000000"
							           >
								<Transform DEF="Cube_013_ifs_TRANSFORM"
								           translation="0.000000 0.000000 0.000000"
								           scale="1.000000 1.000000 1.000000"
								           rotation="0.000000 1.000000 0.000000 0.000000"
								           >
									<Group DEF="group_ME_Cube_002">
										<Shape>
											<Appearance>
												<Material USE="MA_Body" />
											</Appearance>
											<IndexedTriangleSet solid="false"
											                    normalPerVertex="true"
											                    index="0 1 2 0 2 3 4 5 6 4 6 7 8 9 10 8 10 11 12 13 14 12 14 15 16 17 18 16 18 19 20 21 14 20 14 22 23 17 24 23 24 25 26 27 28 26 28 29 30 31 32 30 32 33 34 35 36 34 36 37 16 38 39 16 39 40 41 42 43 41 43 44 45 46 47 45 47 7 30 38 48 30 48 49 50 51 52 50 52 53 54 55 47 54 47 22 56 57 58 56 58 59 60 61 62 60 62 63 64 65 66 64 66 67 68 69 58 68 58 3 34 61 70 34 70 71 72 73 74 72 74 75 76 77 78 76 78 79 80 81 82 80 82 83 84 85 86 84 86 87 88 89 90 88 90 91 92 93 94 92 94 95 96 97 98 96 98 99 100 101 102 100 102 103 104 105 106 104 106 107 "
											                    >
												<Coordinate point="0.010172 0.105832 0.421923 0.010172 0.222729 0.399635 -0.008087 0.255602 0.572055 -0.008087 0.138706 0.594343 0.010172 0.222729 0.399635 -0.099337 0.220595 0.388445 -0.117596 0.253469 0.560865 -0.008087 0.255602 0.572055 -0.099337 0.025969 0.425553 -0.099337 -0.062192 0.442362 -0.117596 -0.029318 0.614782 -0.117596 0.058843 0.597973 -0.099337 -0.062192 0.442362 0.010172 -0.060058 0.453552 -0.008087 -0.027184 0.625972 -0.117596 -0.029318 0.614782 0.054755 -0.052166 0.015744 0.054755 -0.140326 0.032553 -0.054755 -0.142460 0.021363 -0.054755 -0.054299 0.004554 -0.117596 0.058843 0.597973 -0.117596 -0.029318 0.614782 -0.008087 0.060977 0.609163 -0.054755 -0.142460 0.021363 0.047181 -0.126690 0.104075 -0.062328 -0.128824 0.092885 -0.054755 -0.054299 0.004554 -0.054755 -0.142460 0.021363 -0.062328 -0.128824 0.092885 -0.062328 -0.040663 0.076076 0.054755 0.142460 -0.021363 -0.054755 0.140326 -0.032553 -0.062328 0.153963 0.038968 0.047181 0.156096 0.050158 0.054755 0.025564 0.000924 0.054755 0.142460 -0.021363 0.047181 0.156096 0.050158 0.047181 0.039200 0.072446 0.054755 0.025564 0.000924 0.047181 0.039200 0.072446 0.047181 -0.038529 0.087266 -0.054755 0.140326 -0.032553 -0.054755 0.023430 -0.010266 -0.062328 0.037067 0.061256 -0.062328 0.153963 0.038968 -0.117596 0.253469 0.560865 -0.117596 0.136573 0.583153 -0.008087 0.138706 0.594343 -0.054755 0.023430 -0.010266 -0.054755 0.140326 -0.032553 -0.099337 0.220595 0.388445 -0.099337 0.103699 0.410733 -0.117596 0.136573 0.583153 -0.117596 0.253469 0.560865 0.010172 0.028103 0.436743 0.010172 0.105832 0.421923 0.010172 -0.060058 0.453552 0.010172 0.028103 0.436743 -0.008087 0.060977 0.609163 -0.008087 -0.027184 0.625972 0.054755 -0.140326 0.032553 0.054755 -0.052166 0.015744 0.047181 -0.038529 0.087266 0.047181 -0.126690 0.104075 -0.054755 0.023430 -0.010266 -0.054755 -0.054299 0.004554 -0.062328 -0.040663 0.076076 -0.062328 0.037067 0.061256 -0.117596 0.136573 0.583153 -0.117596 0.058843 0.597973 -0.054755 -0.054299 0.004554 -0.054755 0.023430 -0.010266 -0.099337 0.103699 0.410733 -0.099337 0.025969 0.425553 -0.117596 0.058843 0.597973 -0.117596 0.136573 0.583153 -0.062328 0.037067 0.061256 -0.062328 -0.040663 0.076076 -0.099337 0.025969 0.425553 -0.099337 0.103699 0.410733 0.047181 -0.126690 0.104075 0.047181 -0.038529 0.087266 0.010172 0.028103 0.436743 0.010172 -0.060058 0.453552 0.047181 -0.038529 0.087266 0.047181 0.039200 0.072446 0.010172 0.105832 0.421923 0.010172 0.028103 0.436743 -0.062328 0.153963 0.038968 -0.062328 0.037067 0.061256 -0.099337 0.103699 0.410733 -0.099337 0.220595 0.388445 -0.062328 -0.128824 0.092885 0.047181 -0.126690 0.104075 0.010172 -0.060058 0.453552 -0.099337 -0.062192 0.442362 -0.062328 -0.040663 0.076076 -0.062328 -0.128824 0.092885 -0.099337 -0.062192 0.442362 -0.099337 0.025969 0.425553 0.047181 0.156096 0.050158 -0.062328 0.153963 0.038968 -0.099337 0.220595 0.388445 0.010172 0.222729 0.399635 0.047181 0.039200 0.072446 0.047181 0.156096 0.050158 0.010172 0.222729 0.399635 0.010172 0.105832 0.421923 " />
												<Normal vector="0.994629 0.019349 0.101627 0.703299 0.708274 -0.060549 0.514512 0.685842 0.514634 0.630146 0.145421 0.762719 0.703299 0.708274 -0.060549 -0.703299 0.680868 -0.204291 -0.633961 0.663472 0.397259 0.514512 0.685842 0.514634 -0.994629 -0.019349 -0.101627 -0.703299 -0.708274 0.060549 -0.633961 -0.470748 0.613514 -0.776452 0.118015 0.618976 -0.703299 -0.708274 0.060549 0.703299 -0.680868 0.204291 0.514512 -0.448378 0.730888 -0.633961 -0.470748 0.613514 0.776452 -0.118015 -0.618976 0.633961 -0.663472 -0.397259 -0.514512 -0.685842 -0.514634 -0.630146 -0.145421 -0.762719 -0.776452 0.118015 0.618976 -0.633961 -0.470748 0.613514 0.630146 0.145421 0.762719 -0.514512 -0.685842 -0.514634 0.703299 -0.680868 0.204291 -0.703299 -0.708274 0.060549 -0.630146 -0.145421 -0.762719 -0.514512 -0.685842 -0.514634 -0.703299 -0.708274 0.060549 -0.994629 -0.019349 -0.101627 0.633961 0.470748 -0.613514 -0.514512 0.448378 -0.730888 -0.703299 0.680868 -0.204291 0.703299 0.708274 -0.060549 0.776452 -0.118015 -0.618976 0.633961 0.470748 -0.613514 0.703299 0.708274 -0.060549 0.994629 0.019349 0.101627 0.776452 -0.118015 -0.618976 0.994629 0.019349 0.101627 0.994629 0.019349 0.101627 -0.514512 0.448378 -0.730888 -0.630146 -0.145421 -0.762719 -0.994629 -0.019349 -0.101627 -0.703299 0.680868 -0.204291 -0.633961 0.663472 0.397259 -0.776452 0.118015 0.618976 0.630146 0.145421 0.762719 -0.630146 -0.145421 -0.762719 -0.514512 0.448378 -0.730888 -0.703299 0.680868 -0.204291 -0.994629 -0.019349 -0.101627 -0.776452 0.118015 0.618976 -0.633961 0.663472 0.397259 0.994629 0.019349 0.101627 0.994629 0.019349 0.101627 0.703299 -0.680868 0.204291 0.994629 0.019349 0.101627 0.630146 0.145421 0.762719 0.514512 -0.448378 0.730888 0.633961 -0.663472 -0.397259 0.776452 -0.118015 -0.618976 0.994629 0.019349 0.101627 0.703299 -0.680868 0.204291 -0.630146 -0.145421 -0.762719 -0.630146 -0.145421 -0.762719 -0.994629 -0.019349 -0.101627 -0.994629 -0.019349 -0.101627 -0.776452 0.118015 0.618976 -0.776452 0.118015 0.618976 -0.630146 -0.145421 -0.762719 -0.630146 -0.145421 -0.762719 -0.994629 -0.019349 -0.101627 -0.994629 -0.019349 -0.101627 -0.776452 0.118015 0.618976 -0.776452 0.118015 0.618976 -0.994629 -0.019349 -0.101627 -0.994629 -0.019349 -0.101627 -0.994629 -0.019349 -0.101627 -0.994629 -0.019349 -0.101627 0.703299 -0.680868 0.204291 0.994629 0.019349 0.101627 0.994629 0.019349 0.101627 0.703299 -0.680868 0.204291 0.994629 0.019349 0.101627 0.994629 0.019349 0.101627 0.994629 0.019349 0.101627 0.994629 0.019349 0.101627 -0.703299 0.680868 -0.204291 -0.994629 -0.019349 -0.101627 -0.994629 -0.019349 -0.101627 -0.703299 0.680868 -0.204291 -0.703299 -0.708274 0.060549 0.703299 -0.680868 0.204291 0.703299 -0.680868 0.204291 -0.703299 -0.708274 0.060549 -0.994629 -0.019349 -0.101627 -0.703299 -0.708274 0.060549 -0.703299 -0.708274 0.060549 -0.994629 -0.019349 -0.101627 0.703299 0.708274 -0.060549 -0.703299 0.680868 -0.204291 -0.703299 0.680868 -0.204291 0.703299 0.708274 -0.060549 0.994629 0.019349 0.101627 0.703299 0.708274 -0.060549 0.703299 0.708274 -0.060549 0.994629 0.019349 0.101627 " />
												<TextureCoordinate point="0.0263 0.6415 0.0263 0.9855 0.1646 0.9855 0.1646 0.6415 0.0263 0.6415 0.0263 0.9855 0.1646 0.9855 0.1646 0.6415 0.0263 0.6415 0.0263 0.9855 0.1646 0.9855 0.1646 0.6415 0.0263 0.6415 0.0263 0.9855 0.1646 0.9855 0.1646 0.6415 0.0263 0.6415 0.0263 0.9855 0.1646 0.9855 0.1646 0.6415 0.0263 0.6415 0.0263 0.9855 0.1646 0.6415 0.0263 0.6415 0.1646 0.9855 0.1646 0.6415 0.0263 0.6415 0.0263 0.9855 0.1646 0.9855 0.1646 0.6415 0.0263 0.6415 0.0263 0.9855 0.1646 0.9855 0.1646 0.6415 0.0263 0.6415 0.0263 0.9855 0.1646 0.9855 0.1646 0.6415 0.0263 0.9855 0.1646 0.9855 0.1646 0.6415 0.0263 0.6415 0.0263 0.9855 0.1646 0.9855 0.1646 0.6415 0.0263 0.6415 0.0263 0.9855 0.1646 0.9855 0.1646 0.9855 0.1646 0.6415 0.0263 0.6415 0.0263 0.9855 0.1646 0.9855 0.1646 0.6415 0.0263 0.6415 0.0263 0.9855 0.0263 0.6415 0.0263 0.9855 0.1646 0.9855 0.1646 0.6415 0.0263 0.6415 0.0263 0.9855 0.1646 0.9855 0.1646 0.6415 0.0263 0.6415 0.0263 0.9855 0.1646 0.9855 0.1646 0.6415 0.0263 0.6415 0.0263 0.9855 0.1646 0.9855 0.1646 0.6415 0.0263 0.6415 0.0263 0.9855 0.1646 0.9855 0.1646 0.6415 0.2084 0.6415 0.2084 0.9855 0.3467 0.9855 0.3467 0.6415 0.0263 0.6415 0.0263 0.9855 0.1646 0.9855 0.1646 0.6415 0.0263 0.6415 0.0263 0.9855 0.1646 0.9855 0.1646 0.6415 0.0263 0.6415 0.0263 0.9855 0.1646 0.9855 0.1646 0.6415 0.0263 0.6415 0.0263 0.9855 0.1646 0.9855 0.1646 0.6415 0.0263 0.6415 0.0263 0.9855 0.1646 0.9855 0.1646 0.6415 0.0263 0.6415 0.0263 0.9855 0.1646 0.9855 0.1646 0.6415 0.0263 0.6415 0.0263 0.9855 0.1646 0.9855 0.1646 0.6415 " />
											</IndexedTriangleSet>
										</Shape>
									</Group>
								</Transform>
							</Transform>
						</Transform>
					</Transform>
					<Transform DEF="Cube_010_TRANSFORM"
					           translation="0.000000 0.031177 0.402376"
					           scale="1.000000 1.000000 1.000000"
					           rotation="0.000000 1.000000 0.000000 0.000000"
					           >
						<Transform DEF="Cube_010_ifs_TRANSFORM"
						           translation="0.000000 0.000000 0.000000"
						           scale="1.000000 1.000000 1.000000"
						           rotation="0.000000 1.000000 0.000000 0.000000"
						           >
							<Group DEF="group_ME_Cube_010">
								<Shape>
									<Appearance>
										<Material USE="MA_Body" />
									</Appearance>
									<IndexedTriangleSet solid="false"
									                    normalPerVertex="true"
									                    index="0 1 2 0 2 3 4 5 6 4 6 7 8 9 10 8 10 11 12 13 14 12 14 15 16 17 18 16 18 19 20 1 14 20 14 21 22 23 24 22 24 25 26 27 28 26 28 29 0 30 31 0 31 15 30 16 19 30 19 31 32 33 34 32 34 35 36 37 28 36 28 38 39 40 41 39 41 42 42 41 5 42 5 4 43 44 16 43 16 30 39 43 30 39 30 0 45 46 20 45 20 23 47 45 23 47 23 22 46 40 1 46 1 20 44 48 17 44 17 16 49 50 9 49 9 8 51 52 1 51 1 0 "
									                    >
										<Coordinate point="-0.207932 0.009382 0.000140 -0.207932 0.007929 0.097365 -0.207932 0.147212 0.099448 -0.207932 0.148665 0.002223 0.010875 0.148665 0.002223 0.010875 0.147212 0.099448 0.207932 0.147212 0.099448 0.207932 0.148665 0.002223 0.207932 0.009382 0.000140 0.207932 0.007929 0.097365 0.207932 -0.150119 0.095002 0.207932 -0.148665 -0.002223 -0.010875 -0.148665 -0.002223 -0.010875 -0.150119 0.095002 -0.207932 -0.150119 0.095002 -0.207932 -0.148665 -0.002223 0.010875 0.009382 0.000140 0.207932 0.009382 0.000140 0.207932 -0.148665 -0.002223 0.010875 -0.148665 -0.002223 -0.010875 0.007929 0.097365 -0.010875 -0.150119 0.095002 0.207932 0.007929 0.097365 0.010875 0.007929 0.097365 0.010875 -0.150119 0.095002 0.207932 -0.150119 0.095002 0.010875 0.007929 0.097365 -0.010875 0.007929 0.097365 -0.010875 -0.150119 0.095002 0.010875 -0.150119 0.095002 -0.010875 0.009382 0.000140 -0.010875 -0.148665 -0.002223 0.207932 -0.148665 -0.002223 0.207932 -0.150119 0.095002 0.010875 -0.150119 0.095002 0.010875 -0.148665 -0.002223 0.010875 -0.148665 -0.002223 0.010875 -0.150119 0.095002 -0.010875 -0.148665 -0.002223 -0.207932 0.148665 0.002223 -0.207932 0.147212 0.099448 -0.010875 0.147212 0.099448 -0.010875 0.148665 0.002223 -0.010875 0.148665 0.002223 0.010875 0.148665 0.002223 0.010875 0.147212 0.099448 -0.010875 0.147212 0.099448 0.207932 0.147212 0.099448 0.207932 0.148665 0.002223 0.207932 0.148665 0.002223 0.207932 0.147212 0.099448 -0.207932 -0.148665 -0.002223 -0.207932 -0.150119 0.095002 " />
										<Normal vector="-0.707083 0.010559 -0.707022 -0.707083 -0.010559 0.707022 -0.577349 0.568651 0.585894 -0.577349 0.585894 -0.568651 0.000000 0.717582 -0.696432 0.000000 0.696432 0.717582 0.577349 0.568651 0.585894 0.577349 0.585894 -0.568651 0.707083 0.010559 -0.707022 0.707083 -0.010559 0.707022 0.577349 -0.585894 0.568651 0.577349 -0.568651 -0.585894 0.000000 -0.696432 -0.717582 0.000000 -0.717582 0.696432 -0.577349 -0.585894 0.568651 -0.577349 -0.568651 -0.585894 0.000000 0.014924 -0.999878 0.707083 0.010559 -0.707022 0.577349 -0.568651 -0.585894 0.000000 -0.696432 -0.717582 0.000000 -0.014924 0.999878 0.000000 -0.717582 0.696432 0.707083 -0.010559 0.707022 0.000000 -0.014924 0.999878 0.000000 -0.717582 0.696432 0.577349 -0.585894 0.568651 0.000000 -0.014924 0.999878 0.000000 -0.014924 0.999878 0.000000 -0.717582 0.696432 0.000000 -0.717582 0.696432 0.000000 0.014924 -0.999878 0.000000 -0.696432 -0.717582 0.577349 -0.568651 -0.585894 0.577349 -0.585894 0.568651 0.000000 -0.717582 0.696432 0.000000 -0.696432 -0.717582 0.000000 -0.696432 -0.717582 0.000000 -0.717582 0.696432 0.000000 -0.696432 -0.717582 -0.577349 0.585894 -0.568651 -0.577349 0.568651 0.585894 0.000000 0.696432 0.717582 0.000000 0.717582 -0.696432 0.000000 0.717582 -0.696432 0.000000 0.717582 -0.696432 0.000000 0.696432 0.717582 0.000000 0.696432 0.717582 0.577349 0.568651 0.585894 0.577349 0.585894 -0.568651 0.577349 0.585894 -0.568651 0.577349 0.568651 0.585894 -0.577349 -0.568651 -0.585894 -0.577349 -0.585894 0.568651 " />
										<TextureCoordinate point="0.4161 0.8849 0.5721 0.8849 0.5721 0.9828 0.4161 0.9828 0.4161 0.9175 0.5721 0.9175 0.5721 0.9828 0.4161 0.9828 0.4161 0.8849 0.5721 0.8849 0.5721 0.9828 0.4161 0.9828 0.4161 0.9175 0.5721 0.9175 0.5721 0.9828 0.4161 0.9828 0.5201 0.8849 0.5721 0.8849 0.5721 0.9828 0.5201 0.9828 0.5201 0.8849 0.5201 0.9828 0.4161 0.8849 0.4681 0.8849 0.4681 0.9828 0.4161 0.9828 0.4463 0.7933 0.5079 0.7933 0.5079 0.9696 0.4463 0.9696 0.4681 0.8849 0.4681 0.9828 0.4161 0.7869 0.5721 0.7869 0.5721 0.8522 0.4161 0.8522 0.4463 0.7933 0.5079 0.7933 0.4463 0.9696 0.4161 0.7869 0.5721 0.7869 0.5721 0.8522 0.4161 0.8522 0.4681 0.7869 0.5201 0.7869 0.4681 0.7869 0.5201 0.7869 0.4161 0.7869 0.5721 0.7869 0.4161 0.7869 0.5721 0.7869 0.4161 0.7869 0.5721 0.7869 " />
									</IndexedTriangleSet>
								</Shape>
							</Group>
						</Transform>
					</Transform>
					<Transform DEF="Cube_021_TRANSFORM"
					           translation="0.299951 0.012633 0.239479"
					           scale="1.000000 1.000000 1.000000"
					           rotation="0.000000 1.000000 0.000000 0.000000"
					           >
						<Transform DEF="Cube_021_ifs_TRANSFORM"
						           translation="0.000000 0.000000 0.000000"
						           scale="1.000000 1.000000 1.000000"
						           rotation="0.000000 1.000000 0.000000 0.000000"
						           >
							<Group DEF="group_ME_Cube_026">
								<Shape>
									<Appearance>
										<Material USE="MA_Body" />
									</Appearance>
									<IndexedTriangleSet solid="false"
									                    normalPerVertex="true"
									                    index="0 1 2 0 2 3 4 5 6 4 6 7 8 9 10 8 10 11 12 13 14 12 14 15 4 16 17 4 17 15 18 5 14 18 14 19 "
									                    >
										<Coordinate point="0.000000 -0.142661 -0.140480 0.000000 -0.142661 0.140480 0.000000 0.142661 0.140480 0.000000 0.142661 -0.140480 0.000000 0.142661 -0.140480 0.000000 0.142661 0.140480 0.117625 0.142661 0.140480 0.117625 0.142661 -0.140480 0.117625 0.142661 -0.140480 0.117625 0.142661 0.140480 0.117625 -0.142661 0.140480 0.117625 -0.142661 -0.140480 0.117625 -0.142661 -0.140480 0.117625 -0.142661 0.140480 0.000000 -0.142661 0.140480 0.000000 -0.142661 -0.140480 0.117625 0.142661 -0.140480 0.117625 -0.142661 -0.140480 0.117625 0.142661 0.140480 0.117625 -0.142661 0.140480 " />
										<Normal vector="-0.577349 -0.577349 -0.577349 -0.577349 -0.577349 0.577349 -0.577349 0.577349 0.577349 -0.577349 0.577349 -0.577349 -0.577349 0.577349 -0.577349 -0.577349 0.577349 0.577349 0.577349 0.577349 0.577349 0.577349 0.577349 -0.577349 0.577349 0.577349 -0.577349 0.577349 0.577349 0.577349 0.577349 -0.577349 0.577349 0.577349 -0.577349 -0.577349 0.577349 -0.577349 -0.577349 0.577349 -0.577349 0.577349 -0.577349 -0.577349 0.577349 -0.577349 -0.577349 -0.577349 0.577349 0.577349 -0.577349 0.577349 -0.577349 -0.577349 0.577349 0.577349 0.577349 0.577349 -0.577349 0.577349 " />
										<TextureCoordinate point="0.3947 0.7903 0.5738 0.7903 0.5738 0.9795 0.3947 0.9795 0.3947 0.7903 0.5738 0.7903 0.5738 0.9795 0.3947 0.9795 0.3947 0.7903 0.5738 0.7903 0.5738 0.9795 0.3947 0.9795 0.3947 0.7903 0.5738 0.7903 0.5738 0.9795 0.3947 0.9795 0.5738 0.7903 0.5738 0.9795 0.3947 0.7903 0.3947 0.9795 " />
									</IndexedTriangleSet>
								</Shape>
							</Group>
						</Transform>
					</Transform>
					<Transform DEF="arm1_TRANSFORM"
					           translation="0.403059 0.012633 0.239479"
					           scale="1.000000 1.000000 1.000000"
					           rotation="0.000000 1.000000 0.000000 0.000000"
					           >
						<Transform DEF="arm1_ifs_TRANSFORM"
						           translation="0.000000 0.000000 0.000000"
						           scale="1.000000 1.000000 1.000000"
						           rotation="0.000000 1.000000 0.000000 0.000000"
						           >
							<Group DEF="group_ME_arm1">
								<Shape>
									<Appearance>
										<Material USE="MA_Body" />
									</Appearance>
									<IndexedTriangleSet solid="false"
									                    normalPerVertex="true"
									                    index="0 1 2 0 2 3 4 5 6 4 6 7 8 9 10 8 10 11 12 13 14 12 14 15 4 16 17 4 17 15 18 5 14 18 14 19 "
									                    >
										<Coordinate point="0.000000 -0.067730 -0.066986 0.000000 -0.067730 0.066986 0.000000 0.067730 0.066986 0.000000 0.067730 -0.066986 0.000000 0.067730 -0.066986 0.000000 0.067730 0.066986 0.092699 0.067730 0.066986 0.092699 0.067730 -0.066986 0.092699 0.067730 -0.066986 0.092699 0.067730 0.066986 0.092699 -0.067730 0.066986 0.092699 -0.067730 -0.066986 0.092699 -0.067730 -0.066986 0.092699 -0.067730 0.066986 0.000000 -0.067730 0.066986 0.000000 -0.067730 -0.066986 0.092699 0.067730 -0.066986 0.092699 -0.067730 -0.066986 0.092699 0.067730 0.066986 0.092699 -0.067730 0.066986 " />
										<Normal vector="-0.577349 -0.577349 -0.577349 -0.577349 -0.577349 0.577349 -0.577349 0.577349 0.577349 -0.577349 0.577349 -0.577349 -0.577349 0.577349 -0.577349 -0.577349 0.577349 0.577349 0.577349 0.577349 0.577349 0.577349 0.577349 -0.577349 0.577349 0.577349 -0.577349 0.577349 0.577349 0.577349 0.577349 -0.577349 0.577349 0.577349 -0.577349 -0.577349 0.577349 -0.577349 -0.577349 0.577349 -0.577349 0.577349 -0.577349 -0.577349 0.577349 -0.577349 -0.577349 -0.577349 0.577349 0.577349 -0.577349 0.577349 -0.577349 -0.577349 0.577349 0.577349 0.577349 0.577349 -0.577349 0.577349 " />
										<TextureCoordinate point="0.0263 0.6415 0.1646 0.6415 0.1646 0.9855 0.0263 0.9855 0.0263 0.6415 0.1646 0.6415 0.1646 0.9855 0.0263 0.9855 0.0263 0.6415 0.1646 0.6415 0.1646 0.9855 0.0263 0.9855 0.0263 0.6415 0.1646 0.6415 0.1646 0.9855 0.0263 0.9855 0.1646 0.6415 0.1646 0.9855 0.0263 0.6415 0.0263 0.9855 " />
									</IndexedTriangleSet>
								</Shape>
							</Group>
						</Transform>
						<Transform DEF="arm1_1_TRANSFORM"
						           translation="0.087017 -0.000000 0.000000"
						           scale="1.000000 1.000000 1.000000"
						           rotation="0.000000 1.000000 0.000000 0.000000"
						           >
							<Transform DEF="arm1_1_ifs_TRANSFORM"
							           translation="0.000000 0.000000 0.000000"
							           scale="1.000000 1.000000 1.000000"
							           rotation="0.000000 1.000000 0.000000 0.000000"
							           >
								<Group DEF="group_ME_arm1_1">
									<Shape>
										<Appearance>
											<Material USE="MA_Body" />
										</Appearance>
										<IndexedTriangleSet solid="false"
										                    normalPerVertex="true"
										                    index="0 1 2 0 2 3 4 5 6 4 6 7 8 9 10 8 10 11 12 13 14 12 14 15 4 16 17 4 17 15 18 5 14 18 14 19 "
										                    >
											<Coordinate point="0.000000 -0.063181 -0.061367 0.000000 -0.063181 0.061367 0.000000 0.063181 0.061367 0.000000 0.063181 -0.061367 0.000000 0.063181 -0.061367 0.000000 0.063181 0.061367 0.433360 0.063181 0.061367 0.433360 0.063181 -0.061367 0.433360 0.063181 -0.061367 0.433360 0.063181 0.061367 0.433360 -0.063181 0.061367 0.433360 -0.063181 -0.061367 0.433360 -0.063181 -0.061367 0.433360 -0.063181 0.061367 0.000000 -0.063181 0.061367 0.000000 -0.063181 -0.061367 0.433360 0.063181 -0.061367 0.433360 -0.063181 -0.061367 0.433360 0.063181 0.061367 0.433360 -0.063181 0.061367 " />
											<Normal vector="-0.577349 -0.577349 -0.577349 -0.577349 -0.577349 0.577349 -0.577349 0.577349 0.577349 -0.577349 0.577349 -0.577349 -0.577349 0.577349 -0.577349 -0.577349 0.577349 0.577349 0.577349 0.577349 0.577349 0.577349 0.577349 -0.577349 0.577349 0.577349 -0.577349 0.577349 0.577349 0.577349 0.577349 -0.577349 0.577349 0.577349 -0.577349 -0.577349 0.577349 -0.577349 -0.577349 0.577349 -0.577349 0.577349 -0.577349 -0.577349 0.577349 -0.577349 -0.577349 -0.577349 0.577349 0.577349 -0.577349 0.577349 -0.577349 -0.577349 0.577349 0.577349 0.577349 0.577349 -0.577349 0.577349 " />
											<TextureCoordinate point="0.0263 0.6415 0.1646 0.6415 0.1646 0.9855 0.0263 0.9855 0.0263 0.6415 0.1646 0.6415 0.1646 0.9855 0.0263 0.9855 0.0263 0.6415 0.1646 0.6415 0.1646 0.9855 0.0263 0.9855 0.0263 0.6415 0.1646 0.6415 0.1646 0.9855 0.0263 0.9855 0.1646 0.6415 0.1646 0.9855 0.0263 0.6415 0.0263 0.9855 " />
										</IndexedTriangleSet>
									</Shape>
								</Group>
							</Transform>
							<Transform DEF="arm1_2_TRANSFORM"
							           translation="0.425141 0.000000 0.000000"
							           scale="1.000000 1.000000 1.000000"
							           rotation="0.000000 1.000000 0.000000 0.000000"
							           >
								<Transform DEF="arm1_2_ifs_TRANSFORM"
								           translation="0.000000 0.000000 0.000000"
								           scale="1.000000 1.000000 1.000000"
								           rotation="0.000000 1.000000 0.000000 0.000000"
								           >
									<Group DEF="group_ME_arm1_2">
										<Shape>
											<Appearance>
												<Material USE="MA_Body" />
											</Appearance>
											<IndexedTriangleSet solid="false"
											                    normalPerVertex="true"
											                    index="0 1 2 0 2 3 4 5 6 4 6 7 8 9 10 8 10 11 12 13 14 12 14 15 4 16 17 4 17 15 18 5 14 18 14 19 "
											                    >
												<Coordinate point="0.000000 -0.061663 -0.059733 0.000000 -0.061663 0.059733 0.000000 0.061663 0.059733 0.000000 0.061663 -0.059733 0.000000 0.061663 -0.059733 0.000000 0.061663 0.059733 0.422950 0.061663 0.059733 0.422950 0.061663 -0.059733 0.422950 0.061663 -0.059733 0.422950 0.061663 0.059733 0.422950 -0.061663 0.059733 0.422950 -0.061663 -0.059733 0.422950 -0.061663 -0.059733 0.422950 -0.061663 0.059733 0.000000 -0.061663 0.059733 0.000000 -0.061663 -0.059733 0.422950 0.061663 -0.059733 0.422950 -0.061663 -0.059733 0.422950 0.061663 0.059733 0.422950 -0.061663 0.059733 " />
												<Normal vector="-0.577349 -0.577349 -0.577349 -0.577349 -0.577349 0.577349 -0.577349 0.577349 0.577349 -0.577349 0.577349 -0.577349 -0.577349 0.577349 -0.577349 -0.577349 0.577349 0.577349 0.577349 0.577349 0.577349 0.577349 0.577349 -0.577349 0.577349 0.577349 -0.577349 0.577349 0.577349 0.577349 0.577349 -0.577349 0.577349 0.577349 -0.577349 -0.577349 0.577349 -0.577349 -0.577349 0.577349 -0.577349 0.577349 -0.577349 -0.577349 0.577349 -0.577349 -0.577349 -0.577349 0.577349 0.577349 -0.577349 0.577349 -0.577349 -0.577349 0.577349 0.577349 0.577349 0.577349 -0.577349 0.577349 " />
												<TextureCoordinate point="0.0263 0.6415 0.1646 0.6415 0.1646 0.9855 0.0263 0.9855 0.0263 0.6415 0.1646 0.6415 0.1646 0.9855 0.0263 0.9855 0.0263 0.6415 0.1646 0.6415 0.1646 0.9855 0.0263 0.9855 0.0263 0.6415 0.1646 0.6415 0.1646 0.9855 0.0263 0.9855 0.1646 0.6415 0.1646 0.9855 0.0263 0.6415 0.0263 0.9855 " />
											</IndexedTriangleSet>
										</Shape>
									</Group>
								</Transform>
								<Transform DEF="arm1_3_TRANSFORM"
								           translation="0.414451 0.000000 -0.000000"
								           scale="1.000000 1.000000 1.000000"
								           rotation="0.000000 1.000000 0.000000 0.000000"
								           >
									<Transform DEF="arm1_3_ifs_TRANSFORM"
									           translation="0.000000 0.000000 0.000000"
									           scale="1.000000 1.000000 1.000000"
									           rotation="0.000000 1.000000 0.000000 0.000000"
									           >
										<Group DEF="group_ME_arm1_3">
											<Shape>
												<Appearance>
													<Material USE="MA_Body" />
												</Appearance>
												<IndexedTriangleSet solid="false"
												                    normalPerVertex="true"
												                    index="0 1 2 0 2 3 4 5 6 4 6 7 8 9 10 8 10 11 12 13 14 12 14 15 4 16 17 4 17 15 18 5 14 18 14 19 "
												                    >
													<Coordinate point="0.000000 -0.059827 -0.057954 0.000000 -0.059827 0.057954 0.000000 0.059827 0.057954 0.000000 0.059827 -0.057954 0.000000 0.059827 -0.057954 0.000000 0.059827 0.057954 0.410356 0.059827 0.057954 0.410356 0.059827 -0.057954 0.410356 0.059827 -0.057954 0.410356 0.059827 0.057954 0.410356 -0.059827 0.057954 0.410356 -0.059827 -0.057954 0.410356 -0.059827 -0.057954 0.410356 -0.059827 0.057954 0.000000 -0.059827 0.057954 0.000000 -0.059827 -0.057954 0.410356 0.059827 -0.057954 0.410356 -0.059827 -0.057954 0.410356 0.059827 0.057954 0.410356 -0.059827 0.057954 " />
													<Normal vector="-0.577349 -0.577349 -0.577349 -0.577349 -0.577349 0.577349 -0.577349 0.577349 0.577349 -0.577349 0.577349 -0.577349 -0.577349 0.577349 -0.577349 -0.577349 0.577349 0.577349 0.577349 0.577349 0.577349 0.577349 0.577349 -0.577349 0.577349 0.577349 -0.577349 0.577349 0.577349 0.577349 0.577349 -0.577349 0.577349 0.577349 -0.577349 -0.577349 0.577349 -0.577349 -0.577349 0.577349 -0.577349 0.577349 -0.577349 -0.577349 0.577349 -0.577349 -0.577349 -0.577349 0.577349 0.577349 -0.577349 0.577349 -0.577349 -0.577349 0.577349 0.577349 0.577349 0.577349 -0.577349 0.577349 " />
													<TextureCoordinate point="0.0263 0.6415 0.1646 0.6415 0.1646 0.9855 0.0263 0.9855 0.0263 0.6415 0.1646 0.6415 0.1646 0.9855 0.0263 0.9855 0.0263 0.6415 0.1646 0.6415 0.1646 0.9855 0.0263 0.9855 0.0263 0.6415 0.1646 0.6415 0.1646 0.9855 0.0263 0.9855 0.1646 0.6415 0.1646 0.9855 0.0263 0.6415 0.0263 0.9855 " />
												</IndexedTriangleSet>
											</Shape>
										</Group>
									</Transform>
									<Transform DEF="arm1_4_TRANSFORM"
									           translation="0.399875 0.000000 0.000000"
									           scale="1.000000 1.000000 1.000000"
									           rotation="0.000000 1.000000 0.000000 0.000000"
									           >
										<Transform DEF="arm1_4_ifs_TRANSFORM"
										           translation="0.000000 0.000000 0.000000"
										           scale="1.000000 1.000000 1.000000"
										           rotation="0.000000 1.000000 0.000000 0.000000"
										           >
											<Group DEF="group_ME_arm1_4">
												<Shape>
													<Appearance>
														<Material USE="MA_Body" />
													</Appearance>
													<IndexedTriangleSet solid="false"
													                    normalPerVertex="true"
													                    index="0 1 2 0 2 3 4 5 6 4 6 7 8 9 10 8 10 11 12 13 14 12 14 15 4 16 17 4 17 15 18 5 14 18 14 19 "
													                    >
														<Coordinate point="0.000000 -0.059191 -0.057339 0.000000 -0.059191 0.057339 0.000000 0.059191 0.057339 0.000000 0.059191 -0.057339 0.000000 0.059191 -0.057339 0.000000 0.059191 0.057339 0.444894 0.059191 0.057339 0.444894 0.059191 -0.057339 0.444894 0.059191 -0.057339 0.444894 0.059191 0.057339 0.444894 -0.059191 0.057339 0.444894 -0.059191 -0.057339 0.444894 -0.059191 -0.057339 0.444894 -0.059191 0.057339 0.000000 -0.059191 0.057339 0.000000 -0.059191 -0.057339 0.444894 0.059191 -0.057339 0.444894 -0.059191 -0.057339 0.444894 0.059191 0.057339 0.444894 -0.059191 0.057339 " />
														<Normal vector="-0.577349 -0.577349 -0.577349 -0.577349 -0.577349 0.577349 -0.577349 0.577349 0.577349 -0.577349 0.577349 -0.577349 -0.577349 0.577349 -0.577349 -0.577349 0.577349 0.577349 0.577349 0.577349 0.577349 0.577349 0.577349 -0.577349 0.577349 0.577349 -0.577349 0.577349 0.577349 0.577349 0.577349 -0.577349 0.577349 0.577349 -0.577349 -0.577349 0.577349 -0.577349 -0.577349 0.577349 -0.577349 0.577349 -0.577349 -0.577349 0.577349 -0.577349 -0.577349 -0.577349 0.577349 0.577349 -0.577349 0.577349 -0.577349 -0.577349 0.577349 0.577349 0.577349 0.577349 -0.577349 0.577349 " />
														<TextureCoordinate point="0.0263 0.6415 0.1646 0.6415 0.1646 0.9855 0.0263 0.9855 0.0263 0.6415 0.1646 0.6415 0.1646 0.9855 0.0263 0.9855 0.0263 0.6415 0.1646 0.6415 0.1646 0.9855 0.0263 0.9855 0.0263 0.6415 0.1646 0.6415 0.1646 0.9855 0.0263 0.9855 0.1646 0.6415 0.1646 0.9855 0.0263 0.6415 0.0263 0.9855 " />
													</IndexedTriangleSet>
												</Shape>
											</Group>
										</Transform>
										<Transform DEF="arm1_5_TRANSFORM"
										           translation="0.435511 0.000000 0.000000"
										           scale="1.000000 1.000000 1.000000"
										           rotation="0.000000 1.000000 0.000000 0.000000"
										           >
											<Transform DEF="arm1_5_ifs_TRANSFORM"
											           translation="0.000000 0.000000 0.000000"
											           scale="1.000000 1.000000 1.000000"
											           rotation="0.000000 1.000000 0.000000 0.000000"
											           >
												<Group DEF="group_ME_arm1_5">
													<Shape>
														<Appearance>
															<Material USE="MA_Body" />
														</Appearance>
														<IndexedTriangleSet solid="false"
														                    normalPerVertex="true"
														                    index="0 1 2 0 2 3 4 5 6 4 6 7 8 9 10 8 10 11 12 13 14 12 14 15 4 16 17 4 17 15 18 5 14 18 14 19 "
														                    >
															<Coordinate point="0.000000 -0.057651 -0.055846 0.000000 -0.057651 0.055846 0.000000 0.057651 0.055846 0.000000 0.057651 -0.055846 0.000000 0.057651 -0.055846 0.000000 0.057651 0.055846 0.529950 0.057651 0.055846 0.529950 0.057651 -0.055846 0.529950 0.057651 -0.055846 0.529950 0.057651 0.055846 0.529950 -0.057651 0.055846 0.529950 -0.057651 -0.055846 0.529950 -0.057651 -0.055846 0.529950 -0.057651 0.055846 0.000000 -0.057651 0.055846 0.000000 -0.057651 -0.055846 0.529950 0.057651 -0.055846 0.529950 -0.057651 -0.055846 0.529950 0.057651 0.055846 0.529950 -0.057651 0.055846 " />
															<Normal vector="-0.577349 -0.577349 -0.577349 -0.577349 -0.577349 0.577349 -0.577349 0.577349 0.577349 -0.577349 0.577349 -0.577349 -0.577349 0.577349 -0.577349 -0.577349 0.577349 0.577349 0.577349 0.577349 0.577349 0.577349 0.577349 -0.577349 0.577349 0.577349 -0.577349 0.577349 0.577349 0.577349 0.577349 -0.577349 0.577349 0.577349 -0.577349 -0.577349 0.577349 -0.577349 -0.577349 0.577349 -0.577349 0.577349 -0.577349 -0.577349 0.577349 -0.577349 -0.577349 -0.577349 0.577349 0.577349 -0.577349 0.577349 -0.577349 -0.577349 0.577349 0.577349 0.577349 0.577349 -0.577349 0.577349 " />
															<TextureCoordinate point="0.0263 0.6415 0.1646 0.6415 0.1646 0.9855 0.0263 0.9855 0.0263 0.6415 0.1646 0.6415 0.1646 0.9855 0.0263 0.9855 0.0263 0.6415 0.1646 0.6415 0.1646 0.9855 0.0263 0.9855 0.0263 0.6415 0.1646 0.6415 0.1646 0.9855 0.0263 0.9855 0.1646 0.6415 0.1646 0.9855 0.0263 0.6415 0.0263 0.9855 " />
														</IndexedTriangleSet>
													</Shape>
												</Group>
											</Transform>
											<Transform DEF="arm1_6_TRANSFORM"
											           translation="0.521700 -0.000000 -0.000000"
											           scale="1.000000 1.000000 1.000000"
											           rotation="0.000000 1.000000 0.000000 0.000000"
											           >
												<Transform DEF="arm1_6_ifs_TRANSFORM"
												           translation="0.000000 0.000000 0.000000"
												           scale="1.000000 1.000000 1.000000"
												           rotation="0.000000 1.000000 0.000000 0.000000"
												           >
													<Group DEF="group_ME_arm1_6">
														<Shape>
															<Appearance>
																<Material USE="MA_Body" />
															</Appearance>
															<IndexedTriangleSet solid="false"
															                    normalPerVertex="true"
															                    index="0 1 2 0 2 3 4 5 6 4 6 7 8 9 10 8 10 11 12 13 14 12 14 15 4 16 17 4 17 15 18 5 14 18 14 19 "
															                    >
																<Coordinate point="0.000000 -0.054745 -0.053031 0.000000 -0.054745 0.053031 0.000000 0.054745 0.053031 0.000000 0.054745 -0.053031 0.000000 0.054745 -0.053031 0.000000 0.054745 0.053031 0.627275 0.054745 0.053031 0.627275 0.054745 -0.053031 0.627275 0.054745 -0.053031 0.627275 0.054745 0.053031 0.627275 -0.054745 0.053031 0.627275 -0.054745 -0.053031 0.627275 -0.054745 -0.053031 0.627275 -0.054745 0.053031 0.000000 -0.054745 0.053031 0.000000 -0.054745 -0.053031 0.627275 0.054745 -0.053031 0.627275 -0.054745 -0.053031 0.627275 0.054745 0.053031 0.627275 -0.054745 0.053031 " />
																<Normal vector="-0.577349 -0.577349 -0.577349 -0.577349 -0.577349 0.577349 -0.577349 0.577349 0.577349 -0.577349 0.577349 -0.577349 -0.577349 0.577349 -0.577349 -0.577349 0.577349 0.577349 0.577349 0.577349 0.577349 0.577349 0.577349 -0.577349 0.577349 0.577349 -0.577349 0.577349 0.577349 0.577349 0.577349 -0.577349 0.577349 0.577349 -0.577349 -0.577349 0.577349 -0.577349 -0.577349 0.577349 -0.577349 0.577349 -0.577349 -0.577349 0.577349 -0.577349 -0.577349 -0.577349 0.577349 0.577349 -0.577349 0.577349 -0.577349 -0.577349 0.577349 0.577349 0.577349 0.577349 -0.577349 0.577349 " />
																<TextureCoordinate point="0.0263 0.6415 0.1646 0.6415 0.1646 0.9855 0.0263 0.9855 0.0263 0.6415 0.1646 0.6415 0.1646 0.9855 0.0263 0.9855 0.0263 0.6415 0.1646 0.6415 0.1646 0.9855 0.0263 0.9855 0.0263 0.6415 0.1646 0.6415 0.1646 0.9855 0.0263 0.9855 0.1646 0.6415 0.1646 0.9855 0.0263 0.6415 0.0263 0.9855 " />
															</IndexedTriangleSet>
														</Shape>
													</Group>
												</Transform>
											</Transform>
										</Transform>
									</Transform>
								</Transform>
							</Transform>
						</Transform>
					</Transform>
					<Transform DEF="Cube_002_TRANSFORM"
					           translation="0.000000 0.208041 0.276330"
					           scale="1.000000 1.000000 1.000000"
					           rotation="0.000000 1.000000 0.000000 0.000000"
					           >
						<Transform DEF="Cube_002_ifs_TRANSFORM"
						           translation="0.000000 0.000000 0.000000"
						           scale="1.000000 1.000000 1.000000"
						           rotation="0.000000 1.000000 0.000000 0.000000"
						           >
							<Group DEF="group_ME_Cube_021">
								<Shape>
									<Appearance>
										<Material USE="MA_Body" />
									</Appearance>
									<IndexedTriangleSet solid="false"
									                    normalPerVertex="true"
									                    index="0 1 2 0 2 3 4 5 6 4 6 7 8 9 10 8 10 11 12 13 14 12 14 15 4 16 17 4 17 15 18 5 14 18 14 19 "
									                    >
										<Coordinate point="-0.057381 0.000000 -0.089921 -0.057381 -0.000000 0.089921 -0.057381 0.013313 0.089921 -0.057381 0.013313 -0.089921 -0.057381 0.013313 -0.089921 -0.057381 0.013313 0.089921 0.057381 0.013313 0.089921 0.057381 0.013313 -0.089921 0.057381 0.013313 -0.089921 0.057381 0.013313 0.089921 0.057381 -0.000000 0.089921 0.057381 0.000000 -0.089921 0.057381 0.000000 -0.089921 0.057381 -0.000000 0.089921 -0.057381 -0.000000 0.089921 -0.057381 0.000000 -0.089921 0.057381 0.013313 -0.089921 0.057381 0.000000 -0.089921 0.057381 0.013313 0.089921 0.057381 -0.000000 0.089921 " />
										<Normal vector="-0.577349 -0.577349 -0.577349 -0.577349 -0.577349 0.577349 -0.577349 0.577349 0.577349 -0.577349 0.577349 -0.577349 -0.577349 0.577349 -0.577349 -0.577349 0.577349 0.577349 0.577349 0.577349 0.577349 0.577349 0.577349 -0.577349 0.577349 0.577349 -0.577349 0.577349 0.577349 0.577349 0.577349 -0.577349 0.577349 0.577349 -0.577349 -0.577349 0.577349 -0.577349 -0.577349 0.577349 -0.577349 0.577349 -0.577349 -0.577349 0.577349 -0.577349 -0.577349 -0.577349 0.577349 0.577349 -0.577349 0.577349 -0.577349 -0.577349 0.577349 0.577349 0.577349 0.577349 -0.577349 0.577349 " />
										<TextureCoordinate point="0.8187 0.6440 0.9570 0.6440 0.9570 0.9880 0.8187 0.9880 0.8187 0.6440 0.9570 0.6440 0.9570 0.9880 0.8187 0.9880 0.8187 0.6440 0.9570 0.6440 0.9570 0.9880 0.8187 0.9880 0.8187 0.6440 0.9570 0.6440 0.9570 0.9880 0.8187 0.9880 0.9570 0.6440 0.9570 0.9880 0.8187 0.6440 0.8187 0.9880 " />
									</IndexedTriangleSet>
								</Shape>
							</Group>
						</Transform>
					</Transform>
					<Transform DEF="Cube_009_TRANSFORM"
					           translation="0.000000 -0.206210 0.210624"
					           scale="1.000000 1.000000 1.000000"
					           rotation="0.000000 1.000000 0.000000 0.000000"
					           >
						<Transform DEF="Cube_009_ifs_TRANSFORM"
						           translation="0.000000 0.000000 0.000000"
						           scale="1.000000 1.000000 1.000000"
						           rotation="0.000000 1.000000 0.000000 0.000000"
						           >
							<Group DEF="group_ME_Cube_023">
								<Shape>
									<Appearance>
										<Material USE="MA_Body" />
									</Appearance>
									<IndexedTriangleSet solid="false"
									                    normalPerVertex="true"
									                    index="0 1 2 0 2 3 "
									                    >
										<Coordinate point="-0.141394 0.002795 0.141684 -0.141394 -0.001725 -0.141698 0.141394 -0.001725 -0.141698 0.141394 0.002795 0.141684 " />
										<Normal vector="0.000000 -0.999847 0.015931 0.000000 -0.999847 0.015931 0.000000 -0.999847 0.015931 0.000000 -0.999847 0.015931 " />
										<TextureCoordinate point="0.0928 0.1085 0.0928 0.5273 0.9306 0.5273 0.9306 0.1085 " />
									</IndexedTriangleSet>
								</Shape>
							</Group>
						</Transform>
					</Transform>
					<Transform DEF="Cube_011_TRANSFORM"
					           translation="0.149391 0.208041 0.113358"
					           scale="1.000000 1.000000 1.000000"
					           rotation="0.000000 1.000000 0.000000 0.000000"
					           >
						<Transform DEF="Cube_011_ifs_TRANSFORM"
						           translation="0.000000 0.000000 0.000000"
						           scale="1.000000 1.000000 1.000000"
						           rotation="0.000000 1.000000 0.000000 0.000000"
						           >
							<Group DEF="group_ME_Cube_024">
								<Shape>
									<Appearance>
										<Material USE="MA_Body" />
									</Appearance>
									<IndexedTriangleSet solid="false"
									                    normalPerVertex="true"
									                    index="0 1 2 0 2 3 4 5 6 4 6 7 8 9 10 8 10 11 12 13 14 12 14 15 4 16 17 4 17 15 18 5 14 18 14 19 "
									                    >
										<Coordinate point="-0.057381 -0.001276 -0.089912 -0.057381 0.001276 0.089912 -0.057381 0.014588 0.089723 -0.057381 0.012036 -0.090101 -0.057381 0.012036 -0.090101 -0.057381 0.014588 0.089723 0.057381 0.014588 0.089723 0.057381 0.012036 -0.090101 0.057381 0.012036 -0.090101 0.057381 0.014588 0.089723 0.057381 0.001276 0.089912 0.057381 -0.001276 -0.089912 0.057381 -0.001276 -0.089912 0.057381 0.001276 0.089912 -0.057381 0.001276 0.089912 -0.057381 -0.001276 -0.089912 0.057381 0.012036 -0.090101 0.057381 -0.001276 -0.089912 0.057381 0.014588 0.089723 0.057381 0.001276 0.089912 " />
										<Normal vector="-0.577349 -0.585467 -0.569079 -0.577349 -0.569079 0.585467 -0.577349 0.585467 0.569079 -0.577349 0.569079 -0.585467 -0.577349 0.569079 -0.585467 -0.577349 0.585467 0.569079 0.577349 0.585467 0.569079 0.577349 0.569079 -0.585467 0.577349 0.569079 -0.585467 0.577349 0.585467 0.569079 0.577349 -0.569079 0.585467 0.577349 -0.585467 -0.569079 0.577349 -0.585467 -0.569079 0.577349 -0.569079 0.585467 -0.577349 -0.569079 0.585467 -0.577349 -0.585467 -0.569079 0.577349 0.569079 -0.585467 0.577349 -0.585467 -0.569079 0.577349 0.585467 0.569079 0.577349 -0.569079 0.585467 " />
										<TextureCoordinate point="0.8187 0.6440 0.9570 0.6440 0.9570 0.9880 0.8187 0.9880 0.8187 0.6440 0.9570 0.6440 0.9570 0.9880 0.8187 0.9880 0.8187 0.6440 0.9570 0.6440 0.9570 0.9880 0.8187 0.9880 0.8187 0.6440 0.9570 0.6440 0.9570 0.9880 0.8187 0.9880 0.9570 0.6440 0.9570 0.9880 0.8187 0.6440 0.8187 0.9880 " />
									</IndexedTriangleSet>
								</Shape>
							</Group>
						</Transform>
					</Transform>
					<Transform DEF="Cube_025_TRANSFORM"
					           translation="-0.299951 0.012633 0.239479"
					           scale="1.000000 1.000000 1.000000"
					           rotation="0.000000 1.000000 0.000000 0.000000"
					           >
						<Transform DEF="Cube_025_ifs_TRANSFORM"
						           translation="0.000000 0.000000 0.000000"
						           scale="1.000000 1.000000 1.000000"
						           rotation="0.000000 1.000000 0.000000 0.000000"
						           >
							<Group DEF="group_ME_Cube_019">
								<Shape>
									<Appearance>
										<Material USE="MA_Body" />
									</Appearance>
									<IndexedTriangleSet solid="false"
									                    normalPerVertex="true"
									                    index="0 1 2 0 2 3 4 5 6 4 6 7 8 9 10 8 10 11 12 13 14 12 14 15 4 13 16 4 16 17 18 19 14 18 14 7 "
									                    >
										<Coordinate point="0.000000 -0.142661 -0.140480 0.000000 0.142661 -0.140480 0.000000 0.142661 0.140480 0.000000 -0.142661 0.140480 0.000000 0.142661 -0.140480 -0.117625 0.142661 -0.140480 -0.117625 0.142661 0.140480 0.000000 0.142661 0.140480 -0.117625 0.142661 -0.140480 -0.117625 -0.142661 -0.140480 -0.117625 -0.142661 0.140480 -0.117625 0.142661 0.140480 -0.117625 -0.142661 -0.140480 0.000000 -0.142661 -0.140480 0.000000 -0.142661 0.140480 -0.117625 -0.142661 0.140480 -0.117625 -0.142661 -0.140480 -0.117625 0.142661 -0.140480 -0.117625 0.142661 0.140480 -0.117625 -0.142661 0.140480 " />
										<Normal vector="0.577349 -0.577349 -0.577349 0.577349 0.577349 -0.577349 0.577349 0.577349 0.577349 0.577349 -0.577349 0.577349 0.577349 0.577349 -0.577349 -0.577349 0.577349 -0.577349 -0.577349 0.577349 0.577349 0.577349 0.577349 0.577349 -0.577349 0.577349 -0.577349 -0.577349 -0.577349 -0.577349 -0.577349 -0.577349 0.577349 -0.577349 0.577349 0.577349 -0.577349 -0.577349 -0.577349 0.577349 -0.577349 -0.577349 0.577349 -0.577349 0.577349 -0.577349 -0.577349 0.577349 -0.577349 -0.577349 -0.577349 -0.577349 0.577349 -0.577349 -0.577349 0.577349 0.577349 -0.577349 -0.577349 0.577349 " />
										<TextureCoordinate point="0.3947 0.7903 0.3947 0.9795 0.5738 0.9795 0.5738 0.7903 0.3947 0.7903 0.3947 0.9795 0.5738 0.9795 0.5738 0.7903 0.3947 0.7903 0.3947 0.9795 0.5738 0.9795 0.5738 0.7903 0.3947 0.7903 0.3947 0.9795 0.5738 0.9795 0.5738 0.7903 0.5738 0.9795 0.5738 0.7903 0.3947 0.7903 0.3947 0.9795 " />
									</IndexedTriangleSet>
								</Shape>
							</Group>
						</Transform>
					</Transform>
					<Transform DEF="arm2_TRANSFORM"
					           translation="-0.390911 0.012633 0.239479"
					           scale="1.000000 1.000000 1.000000"
					           rotation="0.000000 1.000000 0.000000 0.000000"
					           >
						<Transform DEF="arm2_ifs_TRANSFORM"
						           translation="0.000000 0.000000 0.000000"
						           scale="1.000000 1.000000 1.000000"
						           rotation="0.000000 1.000000 0.000000 0.000000"
						           >
							<Group DEF="group_ME_arm2">
								<Shape>
									<Appearance>
										<Material USE="MA_Body" />
									</Appearance>
									<IndexedTriangleSet solid="false"
									                    normalPerVertex="true"
									                    index="0 1 2 0 2 3 4 5 6 4 6 7 8 9 10 8 10 11 12 13 14 12 14 15 4 13 16 4 16 17 18 19 14 18 14 7 "
									                    >
										<Coordinate point="0.000000 -0.067730 -0.066986 0.000000 0.067730 -0.066986 0.000000 0.067730 0.066986 0.000000 -0.067730 0.066986 0.000000 0.067730 -0.066986 -0.092699 0.067730 -0.066986 -0.092699 0.067730 0.066986 0.000000 0.067730 0.066986 -0.092699 0.067730 -0.066986 -0.092699 -0.067730 -0.066986 -0.092699 -0.067730 0.066986 -0.092699 0.067730 0.066986 -0.092699 -0.067730 -0.066986 0.000000 -0.067730 -0.066986 0.000000 -0.067730 0.066986 -0.092699 -0.067730 0.066986 -0.092699 -0.067730 -0.066986 -0.092699 0.067730 -0.066986 -0.092699 0.067730 0.066986 -0.092699 -0.067730 0.066986 " />
										<Normal vector="0.577349 -0.577349 -0.577349 0.577349 0.577349 -0.577349 0.577349 0.577349 0.577349 0.577349 -0.577349 0.577349 0.577349 0.577349 -0.577349 -0.577349 0.577349 -0.577349 -0.577349 0.577349 0.577349 0.577349 0.577349 0.577349 -0.577349 0.577349 -0.577349 -0.577349 -0.577349 -0.577349 -0.577349 -0.577349 0.577349 -0.577349 0.577349 0.577349 -0.577349 -0.577349 -0.577349 0.577349 -0.577349 -0.577349 0.577349 -0.577349 0.577349 -0.577349 -0.577349 0.577349 -0.577349 -0.577349 -0.577349 -0.577349 0.577349 -0.577349 -0.577349 0.577349 0.577349 -0.577349 -0.577349 0.577349 " />
										<TextureCoordinate point="0.2099 0.6415 0.2099 0.9855 0.3482 0.9855 0.3482 0.6415 0.2099 0.6415 0.2099 0.9855 0.3482 0.9855 0.3482 0.6415 0.2099 0.6415 0.2099 0.9855 0.3482 0.9855 0.3482 0.6415 0.2099 0.6415 0.2099 0.9855 0.3482 0.9855 0.3482 0.6415 0.3482 0.9855 0.3482 0.6415 0.2099 0.6415 0.2099 0.9855 " />
									</IndexedTriangleSet>
								</Shape>
							</Group>
						</Transform>
						<Transform DEF="arm2_1_TRANSFORM"
						           translation="-0.087017 -0.000000 0.000000"
						           scale="1.000000 1.000000 1.000000"
						           rotation="0.000000 1.000000 0.000000 0.000000"
						           >
							<Transform DEF="arm2_1_ifs_TRANSFORM"
							           translation="0.000000 0.000000 0.000000"
							           scale="1.000000 1.000000 1.000000"
							           rotation="0.000000 1.000000 0.000000 0.000000"
							           >
								<Group DEF="group_ME_arm2_1">
									<Shape>
										<Appearance>
											<Material USE="MA_Body" />
										</Appearance>
										<IndexedTriangleSet solid="false"
										                    normalPerVertex="true"
										                    index="0 1 2 0 2 3 4 5 6 4 6 7 8 9 10 8 10 11 12 13 14 12 14 15 4 13 16 4 16 17 18 19 14 18 14 7 "
										                    >
											<Coordinate point="0.000000 -0.063181 -0.061367 0.000000 0.063181 -0.061367 0.000000 0.063181 0.061367 0.000000 -0.063181 0.061367 0.000000 0.063181 -0.061367 -0.433360 0.063181 -0.061367 -0.433360 0.063181 0.061367 0.000000 0.063181 0.061367 -0.433360 0.063181 -0.061367 -0.433360 -0.063181 -0.061367 -0.433360 -0.063181 0.061367 -0.433360 0.063181 0.061367 -0.433360 -0.063181 -0.061367 0.000000 -0.063181 -0.061367 0.000000 -0.063181 0.061367 -0.433360 -0.063181 0.061367 -0.433360 -0.063181 -0.061367 -0.433360 0.063181 -0.061367 -0.433360 0.063181 0.061367 -0.433360 -0.063181 0.061367 " />
											<Normal vector="0.577349 -0.577349 -0.577349 0.577349 0.577349 -0.577349 0.577349 0.577349 0.577349 0.577349 -0.577349 0.577349 0.577349 0.577349 -0.577349 -0.577349 0.577349 -0.577349 -0.577349 0.577349 0.577349 0.577349 0.577349 0.577349 -0.577349 0.577349 -0.577349 -0.577349 -0.577349 -0.577349 -0.577349 -0.577349 0.577349 -0.577349 0.577349 0.577349 -0.577349 -0.577349 -0.577349 0.577349 -0.577349 -0.577349 0.577349 -0.577349 0.577349 -0.577349 -0.577349 0.577349 -0.577349 -0.577349 -0.577349 -0.577349 0.577349 -0.577349 -0.577349 0.577349 0.577349 -0.577349 -0.577349 0.577349 " />
											<TextureCoordinate point="0.2099 0.6415 0.2099 0.9855 0.3482 0.9855 0.3482 0.6415 0.2099 0.6415 0.2099 0.9855 0.3482 0.9855 0.3482 0.6415 0.2099 0.6415 0.2099 0.9855 0.3482 0.9855 0.3482 0.6415 0.2099 0.6415 0.2099 0.9855 0.3482 0.9855 0.3482 0.6415 0.3482 0.9855 0.3482 0.6415 0.2099 0.6415 0.2099 0.9855 " />
										</IndexedTriangleSet>
									</Shape>
								</Group>
							</Transform>
							<Transform DEF="arm2_2_TRANSFORM"
							           translation="-0.425141 0.000000 0.000000"
							           scale="1.000000 1.000000 1.000000"
							           rotation="0.000000 1.000000 0.000000 0.000000"
							           >
								<Transform DEF="arm2_2_ifs_TRANSFORM"
								           translation="0.000000 0.000000 0.000000"
								           scale="1.000000 1.000000 1.000000"
								           rotation="0.000000 1.000000 0.000000 0.000000"
								           >
									<Group DEF="group_ME_arm2_2">
										<Shape>
											<Appearance>
												<Material USE="MA_Body" />
											</Appearance>
											<IndexedTriangleSet solid="false"
											                    normalPerVertex="true"
											                    index="0 1 2 0 2 3 4 5 6 4 6 7 8 9 10 8 10 11 12 13 14 12 14 15 4 13 16 4 16 17 18 19 14 18 14 7 "
											                    >
												<Coordinate point="0.000000 -0.061663 -0.059733 0.000000 0.061663 -0.059733 0.000000 0.061663 0.059733 0.000000 -0.061663 0.059733 0.000000 0.061663 -0.059733 -0.422950 0.061663 -0.059733 -0.422950 0.061663 0.059733 0.000000 0.061663 0.059733 -0.422950 0.061663 -0.059733 -0.422950 -0.061663 -0.059733 -0.422950 -0.061663 0.059733 -0.422950 0.061663 0.059733 -0.422950 -0.061663 -0.059733 0.000000 -0.061663 -0.059733 0.000000 -0.061663 0.059733 -0.422950 -0.061663 0.059733 -0.422950 -0.061663 -0.059733 -0.422950 0.061663 -0.059733 -0.422950 0.061663 0.059733 -0.422950 -0.061663 0.059733 " />
												<Normal vector="0.577349 -0.577349 -0.577349 0.577349 0.577349 -0.577349 0.577349 0.577349 0.577349 0.577349 -0.577349 0.577349 0.577349 0.577349 -0.577349 -0.577349 0.577349 -0.577349 -0.577349 0.577349 0.577349 0.577349 0.577349 0.577349 -0.577349 0.577349 -0.577349 -0.577349 -0.577349 -0.577349 -0.577349 -0.577349 0.577349 -0.577349 0.577349 0.577349 -0.577349 -0.577349 -0.577349 0.577349 -0.577349 -0.577349 0.577349 -0.577349 0.577349 -0.577349 -0.577349 0.577349 -0.577349 -0.577349 -0.577349 -0.577349 0.577349 -0.577349 -0.577349 0.577349 0.577349 -0.577349 -0.577349 0.577349 " />
												<TextureCoordinate point="0.2099 0.6415 0.2099 0.9855 0.3482 0.9855 0.3482 0.6415 0.2099 0.6415 0.2099 0.9855 0.3482 0.9855 0.3482 0.6415 0.2099 0.6415 0.2099 0.9855 0.3482 0.9855 0.3482 0.6415 0.2099 0.6415 0.2099 0.9855 0.3482 0.9855 0.3482 0.6415 0.3482 0.9855 0.3482 0.6415 0.2099 0.6415 0.2099 0.9855 " />
											</IndexedTriangleSet>
										</Shape>
									</Group>
								</Transform>
								<Transform DEF="arm2_3_TRANSFORM"
								           translation="-0.414451 0.000000 -0.000000"
								           scale="1.000000 1.000000 1.000000"
								           rotation="0.000000 1.000000 0.000000 0.000000"
								           >
									<Transform DEF="arm2_3_ifs_TRANSFORM"
									           translation="0.000000 0.000000 0.000000"
									           scale="1.000000 1.000000 1.000000"
									           rotation="0.000000 1.000000 0.000000 0.000000"
									           >
										<Group DEF="group_ME_arm2_3">
											<Shape>
												<Appearance>
													<Material USE="MA_Body" />
												</Appearance>
												<IndexedTriangleSet solid="false"
												                    normalPerVertex="true"
												                    index="0 1 2 0 2 3 4 5 6 4 6 7 8 9 10 8 10 11 12 13 14 12 14 15 4 13 16 4 16 17 18 19 14 18 14 7 "
												                    >
													<Coordinate point="0.000000 -0.059827 -0.057954 0.000000 0.059827 -0.057954 0.000000 0.059827 0.057954 0.000000 -0.059827 0.057954 0.000000 0.059827 -0.057954 -0.410356 0.059827 -0.057954 -0.410356 0.059827 0.057954 0.000000 0.059827 0.057954 -0.410356 0.059827 -0.057954 -0.410356 -0.059827 -0.057954 -0.410356 -0.059827 0.057954 -0.410356 0.059827 0.057954 -0.410356 -0.059827 -0.057954 0.000000 -0.059827 -0.057954 0.000000 -0.059827 0.057954 -0.410356 -0.059827 0.057954 -0.410356 -0.059827 -0.057954 -0.410356 0.059827 -0.057954 -0.410356 0.059827 0.057954 -0.410356 -0.059827 0.057954 " />
													<Normal vector="0.577349 -0.577349 -0.577349 0.577349 0.577349 -0.577349 0.577349 0.577349 0.577349 0.577349 -0.577349 0.577349 0.577349 0.577349 -0.577349 -0.577349 0.577349 -0.577349 -0.577349 0.577349 0.577349 0.577349 0.577349 0.577349 -0.577349 0.577349 -0.577349 -0.577349 -0.577349 -0.577349 -0.577349 -0.577349 0.577349 -0.577349 0.577349 0.577349 -0.577349 -0.577349 -0.577349 0.577349 -0.577349 -0.577349 0.577349 -0.577349 0.577349 -0.577349 -0.577349 0.577349 -0.577349 -0.577349 -0.577349 -0.577349 0.577349 -0.577349 -0.577349 0.577349 0.577349 -0.577349 -0.577349 0.577349 " />
													<TextureCoordinate point="0.2099 0.6415 0.2099 0.9855 0.3482 0.9855 0.3482 0.6415 0.2099 0.6415 0.2099 0.9855 0.3482 0.9855 0.3482 0.6415 0.2099 0.6415 0.2099 0.9855 0.3482 0.9855 0.3482 0.6415 0.2099 0.6415 0.2099 0.9855 0.3482 0.9855 0.3482 0.6415 0.3482 0.9855 0.3482 0.6415 0.2099 0.6415 0.2099 0.9855 " />
												</IndexedTriangleSet>
											</Shape>
										</Group>
									</Transform>
									<Transform DEF="arm2_4_TRANSFORM"
									           translation="-0.399875 0.000000 0.000000"
									           scale="1.000000 1.000000 1.000000"
									           rotation="0.000000 1.000000 0.000000 0.000000"
									           >
										<Transform DEF="arm2_4_ifs_TRANSFORM"
										           translation="0.000000 0.000000 0.000000"
										           scale="1.000000 1.000000 1.000000"
										           rotation="0.000000 1.000000 0.000000 0.000000"
										           >
											<Group DEF="group_ME_arm2_4">
												<Shape>
													<Appearance>
														<Material USE="MA_Body" />
													</Appearance>
													<IndexedTriangleSet solid="false"
													                    normalPerVertex="true"
													                    index="0 1 2 0 2 3 4 5 6 4 6 7 8 9 10 8 10 11 12 13 14 12 14 15 4 13 16 4 16 17 18 19 14 18 14 7 "
													                    >
														<Coordinate point="0.000000 -0.059191 -0.057339 0.000000 0.059191 -0.057339 0.000000 0.059191 0.057339 0.000000 -0.059191 0.057339 0.000000 0.059191 -0.057339 -0.444894 0.059191 -0.057339 -0.444894 0.059191 0.057339 0.000000 0.059191 0.057339 -0.444894 0.059191 -0.057339 -0.444894 -0.059191 -0.057339 -0.444894 -0.059191 0.057339 -0.444894 0.059191 0.057339 -0.444894 -0.059191 -0.057339 0.000000 -0.059191 -0.057339 0.000000 -0.059191 0.057339 -0.444894 -0.059191 0.057339 -0.444894 -0.059191 -0.057339 -0.444894 0.059191 -0.057339 -0.444894 0.059191 0.057339 -0.444894 -0.059191 0.057339 " />
														<Normal vector="0.577349 -0.577349 -0.577349 0.577349 0.577349 -0.577349 0.577349 0.577349 0.577349 0.577349 -0.577349 0.577349 0.577349 0.577349 -0.577349 -0.577349 0.577349 -0.577349 -0.577349 0.577349 0.577349 0.577349 0.577349 0.577349 -0.577349 0.577349 -0.577349 -0.577349 -0.577349 -0.577349 -0.577349 -0.577349 0.577349 -0.577349 0.577349 0.577349 -0.577349 -0.577349 -0.577349 0.577349 -0.577349 -0.577349 0.577349 -0.577349 0.577349 -0.577349 -0.577349 0.577349 -0.577349 -0.577349 -0.577349 -0.577349 0.577349 -0.577349 -0.577349 0.577349 0.577349 -0.577349 -0.577349 0.577349 " />
														<TextureCoordinate point="0.2099 0.6415 0.2099 0.9855 0.3482 0.9855 0.3482 0.6415 0.2099 0.6415 0.2099 0.9855 0.3482 0.9855 0.3482 0.6415 0.2099 0.6415 0.2099 0.9855 0.3482 0.9855 0.3482 0.6415 0.2099 0.6415 0.2099 0.9855 0.3482 0.9855 0.3482 0.6415 0.3482 0.9855 0.3482 0.6415 0.2099 0.6415 0.2099 0.9855 " />
													</IndexedTriangleSet>
												</Shape>
											</Group>
										</Transform>
										<Transform DEF="arm2_5_TRANSFORM"
										           translation="-0.435511 0.000000 0.000000"
										           scale="1.000000 1.000000 1.000000"
										           rotation="0.000000 1.000000 0.000000 0.000000"
										           >
											<Transform DEF="arm2_5_ifs_TRANSFORM"
											           translation="0.000000 0.000000 0.000000"
											           scale="1.000000 1.000000 1.000000"
											           rotation="0.000000 1.000000 0.000000 0.000000"
											           >
												<Group DEF="group_ME_arm2_5">
													<Shape>
														<Appearance>
															<Material USE="MA_Body" />
														</Appearance>
														<IndexedTriangleSet solid="false"
														                    normalPerVertex="true"
														                    index="0 1 2 0 2 3 4 5 6 4 6 7 8 9 10 8 10 11 12 13 14 12 14 15 4 13 16 4 16 17 18 19 14 18 14 7 "
														                    >
															<Coordinate point="0.000000 -0.057651 -0.055846 0.000000 0.057651 -0.055846 0.000000 0.057651 0.055846 0.000000 -0.057651 0.055846 0.000000 0.057651 -0.055846 -0.529950 0.057651 -0.055846 -0.529950 0.057651 0.055846 0.000000 0.057651 0.055846 -0.529950 0.057651 -0.055846 -0.529950 -0.057651 -0.055846 -0.529950 -0.057651 0.055846 -0.529950 0.057651 0.055846 -0.529950 -0.057651 -0.055846 0.000000 -0.057651 -0.055846 0.000000 -0.057651 0.055846 -0.529950 -0.057651 0.055846 -0.529950 -0.057651 -0.055846 -0.529950 0.057651 -0.055846 -0.529950 0.057651 0.055846 -0.529950 -0.057651 0.055846 " />
															<Normal vector="0.577349 -0.577349 -0.577349 0.577349 0.577349 -0.577349 0.577349 0.577349 0.577349 0.577349 -0.577349 0.577349 0.577349 0.577349 -0.577349 -0.577349 0.577349 -0.577349 -0.577349 0.577349 0.577349 0.577349 0.577349 0.577349 -0.577349 0.577349 -0.577349 -0.577349 -0.577349 -0.577349 -0.577349 -0.577349 0.577349 -0.577349 0.577349 0.577349 -0.577349 -0.577349 -0.577349 0.577349 -0.577349 -0.577349 0.577349 -0.577349 0.577349 -0.577349 -0.577349 0.577349 -0.577349 -0.577349 -0.577349 -0.577349 0.577349 -0.577349 -0.577349 0.577349 0.577349 -0.577349 -0.577349 0.577349 " />
															<TextureCoordinate point="0.2099 0.6415 0.2099 0.9855 0.3482 0.9855 0.3482 0.6415 0.2099 0.6415 0.2099 0.9855 0.3482 0.9855 0.3482 0.6415 0.2099 0.6415 0.2099 0.9855 0.3482 0.9855 0.3482 0.6415 0.2099 0.6415 0.2099 0.9855 0.3482 0.9855 0.3482 0.6415 0.3482 0.9855 0.3482 0.6415 0.2099 0.6415 0.2099 0.9855 " />
														</IndexedTriangleSet>
													</Shape>
												</Group>
											</Transform>
											<Transform DEF="arm2_6_TRANSFORM"
											           translation="-0.521700 -0.000000 -0.000000"
											           scale="1.000000 1.000000 1.000000"
											           rotation="0.000000 1.000000 0.000000 0.000000"
											           >
												<Transform DEF="arm2_6_ifs_TRANSFORM"
												           translation="0.000000 0.000000 0.000000"
												           scale="1.000000 1.000000 1.000000"
												           rotation="0.000000 1.000000 0.000000 0.000000"
												           >
													<Group DEF="group_ME_arm2_6">
														<Shape>
															<Appearance>
																<Material USE="MA_Body" />
															</Appearance>
															<IndexedTriangleSet solid="false"
															                    normalPerVertex="true"
															                    index="0 1 2 0 2 3 4 5 6 4 6 7 8 9 10 8 10 11 12 13 14 12 14 15 4 13 16 4 16 17 18 19 14 18 14 7 "
															                    >
																<Coordinate point="0.000000 -0.054745 -0.053031 0.000000 0.054745 -0.053031 0.000000 0.054745 0.053031 0.000000 -0.054745 0.053031 0.000000 0.054745 -0.053031 -0.627275 0.054745 -0.053031 -0.627275 0.054745 0.053031 0.000000 0.054745 0.053031 -0.627275 0.054745 -0.053031 -0.627275 -0.054745 -0.053031 -0.627275 -0.054745 0.053031 -0.627275 0.054745 0.053031 -0.627275 -0.054745 -0.053031 0.000000 -0.054745 -0.053031 0.000000 -0.054745 0.053031 -0.627275 -0.054745 0.053031 -0.627275 -0.054745 -0.053031 -0.627275 0.054745 -0.053031 -0.627275 0.054745 0.053031 -0.627275 -0.054745 0.053031 " />
																<Normal vector="0.577349 -0.577349 -0.577349 0.577349 0.577349 -0.577349 0.577349 0.577349 0.577349 0.577349 -0.577349 0.577349 0.577349 0.577349 -0.577349 -0.577349 0.577349 -0.577349 -0.577349 0.577349 0.577349 0.577349 0.577349 0.577349 -0.577349 0.577349 -0.577349 -0.577349 -0.577349 -0.577349 -0.577349 -0.577349 0.577349 -0.577349 0.577349 0.577349 -0.577349 -0.577349 -0.577349 0.577349 -0.577349 -0.577349 0.577349 -0.577349 0.577349 -0.577349 -0.577349 0.577349 -0.577349 -0.577349 -0.577349 -0.577349 0.577349 -0.577349 -0.577349 0.577349 0.577349 -0.577349 -0.577349 0.577349 " />
																<TextureCoordinate point="0.2099 0.6415 0.2099 0.9855 0.3482 0.9855 0.3482 0.6415 0.2099 0.6415 0.2099 0.9855 0.3482 0.9855 0.3482 0.6415 0.2099 0.6415 0.2099 0.9855 0.3482 0.9855 0.3482 0.6415 0.2099 0.6415 0.2099 0.9855 0.3482 0.9855 0.3482 0.6415 0.3482 0.9855 0.3482 0.6415 0.2099 0.6415 0.2099 0.9855 " />
															</IndexedTriangleSet>
														</Shape>
													</Group>
												</Transform>
											</Transform>
										</Transform>
									</Transform>
								</Transform>
							</Transform>
						</Transform>
					</Transform>
					<Transform DEF="Cube_027_TRANSFORM"
					           translation="-0.149391 0.208041 0.113358"
					           scale="1.000000 1.000000 1.000000"
					           rotation="0.000000 1.000000 0.000000 0.000000"
					           >
						<Transform DEF="Cube_027_ifs_TRANSFORM"
						           translation="0.000000 0.000000 0.000000"
						           scale="1.000000 1.000000 1.000000"
						           rotation="0.000000 1.000000 0.000000 0.000000"
						           >
							<Group DEF="group_ME_Cube_027">
								<Shape>
									<Appearance>
										<Material USE="MA_Body" />
									</Appearance>
									<IndexedTriangleSet solid="false"
									                    normalPerVertex="true"
									                    index="0 1 2 0 2 3 4 5 6 4 6 7 8 9 10 8 10 11 12 13 14 12 14 15 4 13 16 4 16 17 18 19 14 18 14 7 "
									                    >
										<Coordinate point="0.057381 -0.001276 -0.089912 0.057381 0.012036 -0.090101 0.057381 0.014588 0.089723 0.057381 0.001276 0.089912 0.057381 0.012036 -0.090101 -0.057381 0.012036 -0.090101 -0.057381 0.014588 0.089723 0.057381 0.014588 0.089723 -0.057381 0.012036 -0.090101 -0.057381 -0.001276 -0.089912 -0.057381 0.001276 0.089912 -0.057381 0.014588 0.089723 -0.057381 -0.001276 -0.089912 0.057381 -0.001276 -0.089912 0.057381 0.001276 0.089912 -0.057381 0.001276 0.089912 -0.057381 -0.001276 -0.089912 -0.057381 0.012036 -0.090101 -0.057381 0.014588 0.089723 -0.057381 0.001276 0.089912 " />
										<Normal vector="0.577349 -0.585467 -0.569079 0.577349 0.569079 -0.585467 0.577349 0.585467 0.569079 0.577349 -0.569079 0.585467 0.577349 0.569079 -0.585467 -0.577349 0.569079 -0.585467 -0.577349 0.585467 0.569079 0.577349 0.585467 0.569079 -0.577349 0.569079 -0.585467 -0.577349 -0.585467 -0.569079 -0.577349 -0.569079 0.585467 -0.577349 0.585467 0.569079 -0.577349 -0.585467 -0.569079 0.577349 -0.585467 -0.569079 0.577349 -0.569079 0.585467 -0.577349 -0.569079 0.585467 -0.577349 -0.585467 -0.569079 -0.577349 0.569079 -0.585467 -0.577349 0.585467 0.569079 -0.577349 -0.569079 0.585467 " />
										<TextureCoordinate point="0.8187 0.6440 0.8187 0.9880 0.9570 0.9880 0.9570 0.6440 0.8187 0.6440 0.8187 0.9880 0.9570 0.9880 0.9570 0.6440 0.8187 0.6440 0.8187 0.9880 0.9570 0.9880 0.9570 0.6440 0.8187 0.6440 0.8187 0.9880 0.9570 0.9880 0.9570 0.6440 0.9570 0.9880 0.9570 0.6440 0.8187 0.6440 0.8187 0.9880 " />
									</IndexedTriangleSet>
								</Shape>
							</Group>
						</Transform>
					</Transform>
				</Transform>
				<Transform DEF="Cube_012_TRANSFORM"
				           translation="0.000000 0.003867 0.323251"
				           scale="1.000000 1.000000 1.000000"
				           rotation="0.000000 1.000000 0.000000 0.000000"
				           >
					<Transform DEF="Cube_012_ifs_TRANSFORM"
					           translation="0.000000 0.000000 0.000000"
					           scale="1.000000 1.000000 1.000000"
					           rotation="0.000000 1.000000 0.000000 0.000000"
					           >
						<Group DEF="group_ME_Cube_012">
							<Shape>
								<Appearance>
									<Material USE="MA_Body" />
								</Appearance>
								<IndexedTriangleSet solid="false"
								                    normalPerVertex="true"
								                    index="0 1 2 0 2 3 4 5 6 4 6 7 8 9 10 8 10 11 12 13 14 12 14 15 4 16 17 4 17 15 18 5 14 18 14 19 "
								                    >
									<Coordinate point="-0.207932 -0.156477 -0.002905 -0.207932 -0.158492 0.105645 -0.207932 0.154462 0.111454 -0.207932 0.156477 0.002905 -0.207932 0.156477 0.002905 -0.207932 0.154462 0.111454 0.207932 0.154462 0.111454 0.207932 0.156477 0.002905 0.207932 0.156477 0.002905 0.207932 0.154462 0.111454 0.207932 -0.158492 0.105645 0.207932 -0.156477 -0.002905 0.207932 -0.156477 -0.002905 0.207932 -0.158492 0.105645 -0.207932 -0.158492 0.105645 -0.207932 -0.156477 -0.002905 0.207932 0.156477 0.002905 0.207932 -0.156477 -0.002905 0.207932 0.154462 0.111454 0.207932 -0.158492 0.105645 " />
									<Normal vector="-0.577349 -0.566515 -0.587939 -0.577349 -0.587939 0.566515 -0.577349 0.566515 0.587939 -0.577349 0.587939 -0.566515 -0.577349 0.587939 -0.566515 -0.577349 0.566515 0.587939 0.577349 0.566515 0.587939 0.577349 0.587939 -0.566515 0.577349 0.587939 -0.566515 0.577349 0.566515 0.587939 0.577349 -0.587939 0.566515 0.577349 -0.566515 -0.587939 0.577349 -0.566515 -0.587939 0.577349 -0.587939 0.566515 -0.577349 -0.587939 0.566515 -0.577349 -0.566515 -0.587939 0.577349 0.587939 -0.566515 0.577349 -0.566515 -0.587939 0.577349 0.566515 0.587939 0.577349 -0.587939 0.566515 " />
									<TextureCoordinate point="0.3947 0.7903 0.5738 0.7903 0.5738 0.9795 0.3947 0.9795 0.3947 0.7903 0.5738 0.7903 0.5738 0.9795 0.3947 0.9795 0.3947 0.7903 0.5738 0.7903 0.5738 0.9795 0.3947 0.9795 0.3947 0.7903 0.5738 0.7903 0.5738 0.9795 0.3947 0.9795 0.5738 0.7903 0.5738 0.9795 0.3947 0.7903 0.3947 0.9795 " />
								</IndexedTriangleSet>
							</Shape>
						</Group>
					</Transform>
				</Transform>
			</Transform>
			<Transform DEF="Cube_014_TRANSFORM"
			           translation="0.198533 0.011043 -0.110219"
			           scale="1.000000 1.000000 1.000000"
			           rotation="0.000000 1.000000 0.000000 0.000000"
			           >
				<Transform DEF="Cube_014_ifs_TRANSFORM"
				           translation="0.000000 0.000000 0.000000"
				           scale="1.000000 1.000000 1.000000"
				           rotation="0.000000 1.000000 0.000000 0.000000"
				           >
					<Group DEF="group_ME_Cube_014">
						<Shape>
							<Appearance>
								<Material USE="MA_Body" />
							</Appearance>
							<IndexedTriangleSet solid="false"
							                    normalPerVertex="true"
							                    index="0 1 2 0 2 3 4 5 6 4 6 7 8 9 10 8 10 11 12 13 14 12 14 15 4 16 17 4 17 15 18 5 14 18 14 19 "
							                    >
								<Coordinate point="-0.130545 -0.349557 0.057138 0.129893 -0.349557 0.652172 0.129893 0.349557 0.652172 -0.130545 0.349557 0.057138 -0.130545 0.349557 0.057138 0.129893 0.349557 0.652172 0.390983 0.349557 0.537897 0.130545 0.349557 -0.057138 0.130545 0.349557 -0.057138 0.390983 0.349557 0.537897 0.390983 -0.349557 0.537897 0.130545 -0.349557 -0.057138 0.130545 -0.349557 -0.057138 0.390983 -0.349557 0.537897 0.129893 -0.349557 0.652172 -0.130545 -0.349557 0.057138 0.130545 0.349557 -0.057138 0.130545 -0.349557 -0.057138 0.390983 0.349557 0.537897 0.390983 -0.349557 0.537897 " />
								<Normal vector="-0.760399 -0.577349 -0.297403 -0.297403 -0.577349 0.760399 -0.297403 0.577349 0.760399 -0.760399 0.577349 -0.297403 -0.760399 0.577349 -0.297403 -0.297403 0.577349 0.760399 0.760399 0.577349 0.297403 0.297403 0.577349 -0.760399 0.297403 0.577349 -0.760399 0.760399 0.577349 0.297403 0.760399 -0.577349 0.297403 0.297403 -0.577349 -0.760399 0.297403 -0.577349 -0.760399 0.760399 -0.577349 0.297403 -0.297403 -0.577349 0.760399 -0.760399 -0.577349 -0.297403 0.297403 0.577349 -0.760399 0.297403 -0.577349 -0.760399 0.760399 0.577349 0.297403 0.760399 -0.577349 0.297403 " />
								<TextureCoordinate point="0.0263 0.6415 0.1646 0.6415 0.1646 0.9855 0.0263 0.9855 0.0263 0.6415 0.1646 0.6415 0.1646 0.9855 0.0263 0.9855 0.0263 0.6415 0.1646 0.6415 0.1646 0.9855 0.0263 0.9855 0.0263 0.6415 0.1646 0.6415 0.1646 0.9855 0.0263 0.9855 0.1646 0.6415 0.1646 0.9855 0.0263 0.6415 0.0263 0.9855 " />
							</IndexedTriangleSet>
						</Shape>
					</Group>
				</Transform>
				<Transform DEF="Cube_015_TRANSFORM"
				           translation="0.221307 0.171087 0.505631"
				           scale="1.000000 1.000000 1.000000"
				           rotation="0.000000 1.000000 0.000000 0.000000"
				           >
					<Transform DEF="Cube_015_ifs_TRANSFORM"
					           translation="0.000000 0.000000 0.000000"
					           scale="1.000000 1.000000 1.000000"
					           rotation="0.000000 1.000000 0.000000 0.000000"
					           >
						<Group DEF="group_ME_Cube_015">
							<Shape>
								<Appearance>
									<Material USE="MA_Body" />
								</Appearance>
								<IndexedTriangleSet solid="false"
								                    normalPerVertex="true"
								                    index="0 1 2 0 2 3 4 5 6 4 6 7 8 9 10 8 10 11 12 13 14 12 14 15 4 16 17 4 17 15 18 5 14 18 14 19 "
								                    >
									<Coordinate point="-0.106052 -0.337234 -0.054005 -0.010669 -0.402128 0.163921 0.063104 0.272339 0.332475 -0.032278 0.337234 0.114550 -0.032278 0.337234 0.114550 0.063104 0.272339 0.332475 0.201435 0.272339 0.271930 0.106052 0.337234 0.054005 0.106052 0.337234 0.054005 0.201435 0.272339 0.271930 0.127661 -0.402128 0.103376 0.032278 -0.337234 -0.114550 0.032278 -0.337234 -0.114550 0.127661 -0.402128 0.103376 -0.010669 -0.402128 0.163921 -0.106052 -0.337234 -0.054005 0.106052 0.337234 0.054005 0.032278 -0.337234 -0.114550 0.201435 0.272339 0.271930 0.127661 -0.402128 0.103376 " />
									<Normal vector="-0.813166 -0.405042 -0.417951 -0.366497 -0.708914 0.602557 -0.244636 0.405042 0.880947 -0.691305 0.708914 -0.139561 -0.691305 0.708914 -0.139561 -0.244636 0.405042 0.880947 0.813166 0.405042 0.417951 0.366497 0.708914 -0.602557 0.366497 0.708914 -0.602557 0.813166 0.405042 0.417951 0.691305 -0.708914 0.139561 0.244636 -0.405042 -0.880947 0.244636 -0.405042 -0.880947 0.691305 -0.708914 0.139561 -0.366497 -0.708914 0.602557 -0.813166 -0.405042 -0.417951 0.366497 0.708914 -0.602557 0.244636 -0.405042 -0.880947 0.813166 0.405042 0.417951 0.691305 -0.708914 0.139561 " />
									<TextureCoordinate point="0.0263 0.6415 0.1646 0.6415 0.1646 0.9855 0.0263 0.9855 0.0263 0.6415 0.1646 0.6415 0.1646 0.9855 0.0263 0.9855 0.0263 0.6415 0.1646 0.6415 0.1646 0.9855 0.0263 0.9855 0.0263 0.6415 0.1646 0.6415 0.1646 0.9855 0.0263 0.9855 0.1646 0.6415 0.1646 0.9855 0.0263 0.6415 0.0263 0.9855 " />
								</IndexedTriangleSet>
							</Shape>
						</Group>
					</Transform>
				</Transform>
				<Transform DEF="Cube_016_TRANSFORM"
				           translation="-0.013061 -0.031437 -0.029842"
				           scale="1.000000 1.000000 1.000000"
				           rotation="0.000000 1.000000 0.000000 0.000000"
				           >
					<Transform DEF="Cube_016_ifs_TRANSFORM"
					           translation="0.000000 0.000000 0.000000"
					           scale="1.000000 1.000000 1.000000"
					           rotation="0.000000 1.000000 0.000000 0.000000"
					           >
						<Group DEF="group_ME_Cube_016">
							<Shape>
								<Appearance>
									<Material USE="MA_Body" />
								</Appearance>
								<IndexedTriangleSet solid="false"
								                    normalPerVertex="true"
								                    index="0 1 2 0 2 3 4 5 6 4 6 7 8 9 10 8 10 11 12 13 14 12 14 15 4 16 17 4 17 15 18 5 14 18 14 19 "
								                    >
									<Coordinate point="-0.056999 -0.345230 0.024947 0.223167 -0.345230 0.665057 0.223167 0.345230 0.665057 -0.056999 0.345230 0.024947 -0.056999 0.345230 0.024947 0.223167 0.345230 0.665057 0.337165 0.345230 0.615162 0.056999 0.345230 -0.024947 0.056999 0.345230 -0.024947 0.337165 0.345230 0.615162 0.337165 -0.345230 0.615162 0.056999 -0.345230 -0.024947 0.056999 -0.345230 -0.024947 0.337165 -0.345230 0.615162 0.223167 -0.345230 0.665057 -0.056999 -0.345230 0.024947 0.056999 0.345230 -0.024947 0.056999 -0.345230 -0.024947 0.337165 0.345230 0.615162 0.337165 -0.345230 0.615162 " />
									<Normal vector="-0.760399 -0.577349 -0.297403 -0.297403 -0.577349 0.760399 -0.297403 0.577349 0.760399 -0.760399 0.577349 -0.297403 -0.760399 0.577349 -0.297403 -0.297403 0.577349 0.760399 0.760399 0.577349 0.297403 0.297403 0.577349 -0.760399 0.297403 0.577349 -0.760399 0.760399 0.577349 0.297403 0.760399 -0.577349 0.297403 0.297403 -0.577349 -0.760399 0.297403 -0.577349 -0.760399 0.760399 -0.577349 0.297403 -0.297403 -0.577349 0.760399 -0.760399 -0.577349 -0.297403 0.297403 0.577349 -0.760399 0.297403 -0.577349 -0.760399 0.760399 0.577349 0.297403 0.760399 -0.577349 0.297403 " />
									<TextureCoordinate point="0.2133 0.6415 0.3517 0.6415 0.3517 0.9855 0.2133 0.9855 0.2133 0.6415 0.3517 0.6415 0.3517 0.9855 0.2133 0.9855 0.2133 0.6415 0.3517 0.6415 0.3517 0.9855 0.2133 0.9855 0.2133 0.6415 0.3517 0.6415 0.3517 0.9855 0.2133 0.9855 0.3517 0.6415 0.3517 0.9855 0.2133 0.6415 0.2133 0.9855 " />
								</IndexedTriangleSet>
							</Shape>
						</Group>
					</Transform>
				</Transform>
			</Transform>
			<Transform DEF="leg1_TRANSFORM"
			           translation="0.343302 0.005712 0.220341"
			           scale="1.000000 1.000000 1.000000"
			           rotation="0.000000 1.000000 0.000000 0.000000"
			           >
				<Transform DEF="leg1_ifs_TRANSFORM"
				           translation="0.000000 0.000000 0.000000"
				           scale="1.000000 1.000000 1.000000"
				           rotation="0.000000 1.000000 0.000000 0.000000"
				           >
					<Group DEF="group_ME_leg1">
						<Shape>
							<Appearance>
								<Material USE="MA_Body" />
							</Appearance>
							<IndexedTriangleSet solid="false"
							                    normalPerVertex="true"
							                    index="0 1 2 0 2 3 4 5 6 4 6 7 8 9 10 8 10 11 12 13 14 12 14 15 4 16 17 4 17 15 18 5 14 18 14 19 "
							                    >
								<Coordinate point="0.145773 -0.260568 -0.466753 -0.060422 -0.243561 -0.018556 -0.218319 0.070844 -0.103127 -0.012123 0.053837 -0.551324 -0.012123 0.053837 -0.551324 -0.218319 0.070844 -0.103127 0.060422 0.243561 0.018556 0.266618 0.226554 -0.429642 0.266618 0.226554 -0.429642 0.060422 0.243561 0.018556 0.218319 -0.070844 0.103127 0.424514 -0.087851 -0.345070 0.424514 -0.087851 -0.345070 0.218319 -0.070844 0.103127 -0.060422 -0.243561 -0.018556 0.145773 -0.260568 -0.466753 0.266618 0.226554 -0.429642 0.424514 -0.087851 -0.345070 0.060422 0.243561 0.018556 0.218319 -0.070844 0.103127 " />
								<Normal vector="0.032960 -0.806635 -0.590106 -0.449324 -0.766839 0.458266 -0.953185 0.236427 0.188391 -0.470870 0.196631 -0.859981 -0.470870 0.196631 -0.859981 -0.953185 0.236427 0.188391 -0.032960 0.806635 0.590106 0.449324 0.766839 -0.458266 0.449324 0.766839 -0.458266 -0.032960 0.806635 0.590106 0.470870 -0.196631 0.859981 0.953185 -0.236427 -0.188391 0.953185 -0.236427 -0.188391 0.470870 -0.196631 0.859981 -0.449324 -0.766839 0.458266 0.032960 -0.806635 -0.590106 0.449324 0.766839 -0.458266 0.953185 -0.236427 -0.188391 -0.032960 0.806635 0.590106 0.470870 -0.196631 0.859981 " />
								<TextureCoordinate point="0.4127 0.7896 0.5657 0.7896 0.5657 0.9802 0.4127 0.9802 0.4127 0.7896 0.5657 0.7896 0.5657 0.9802 0.4127 0.9802 0.4127 0.7896 0.5657 0.7896 0.5657 0.9802 0.4127 0.9802 0.4127 0.7896 0.5657 0.7896 0.5657 0.9802 0.4127 0.9802 0.5657 0.7896 0.5657 0.9802 0.4127 0.7896 0.4127 0.9802 " />
							</IndexedTriangleSet>
						</Shape>
					</Group>
				</Transform>
				<Transform DEF="Cube_018_TRANSFORM"
				           translation="0.184338 -0.015204 -0.400685"
				           scale="1.000000 1.000000 1.000000"
				           rotation="0.000000 1.000000 0.000000 0.000000"
				           >
					<Transform DEF="Cube_018_ifs_TRANSFORM"
					           translation="0.000000 0.000000 0.000000"
					           scale="1.000000 1.000000 1.000000"
					           rotation="0.000000 1.000000 0.000000 0.000000"
					           >
						<Group DEF="group_ME_Cube_018">
							<Shape>
								<Appearance>
									<Material USE="MA_Body" />
								</Appearance>
								<IndexedTriangleSet solid="false"
								                    normalPerVertex="true"
								                    index="0 1 2 0 2 3 4 5 6 4 6 7 8 9 10 8 10 11 12 13 14 12 14 15 16 17 18 16 18 19 20 1 14 20 14 21 22 23 24 22 24 25 23 20 21 23 21 24 26 27 28 26 28 29 30 31 32 30 32 33 34 35 36 34 36 37 37 36 13 37 13 12 38 39 40 38 40 41 41 40 5 41 5 4 42 41 4 42 4 43 44 38 41 44 41 42 45 46 47 45 47 48 49 34 37 49 37 50 51 12 15 51 15 29 52 8 11 52 11 53 43 4 7 43 7 54 26 0 3 26 3 55 56 57 0 56 0 26 58 59 8 58 8 52 60 61 16 60 16 27 44 60 27 44 27 26 62 63 20 62 20 23 64 62 23 64 23 22 63 39 1 63 1 20 61 65 17 61 17 16 59 66 9 59 9 8 57 67 1 57 1 0 "
								                    >
									<Coordinate point="-0.036047 -0.094439 -0.278275 -0.127383 -0.075676 -0.043510 -0.193063 0.055606 -0.079556 -0.101727 0.036843 -0.314321 0.066035 0.136509 -0.257018 -0.025301 0.155272 -0.022253 0.061702 0.206958 0.007465 0.153038 0.188195 -0.227300 0.218718 0.056913 -0.191254 0.127383 0.075676 0.043510 0.193063 -0.055606 0.079556 0.284399 -0.074369 -0.155209 0.116636 -0.174035 -0.212512 0.025301 -0.155272 0.022253 -0.061702 -0.206958 -0.007465 0.029634 -0.225721 -0.242229 0.273654 -0.023932 -0.585801 0.360656 0.027755 -0.556084 0.426337 -0.103528 -0.520038 0.339334 -0.155214 -0.549756 -0.040380 -0.023989 -0.013793 0.025301 -0.155272 0.022253 0.127383 0.075676 0.043510 0.040380 0.023989 0.013793 0.106061 -0.107293 0.049838 0.193063 -0.055606 0.079556 0.105891 -0.123597 -0.643104 0.192893 -0.071910 -0.613387 0.258574 -0.203193 -0.577341 0.171572 -0.254880 -0.607059 0.192893 -0.071910 -0.613387 0.273654 -0.023932 -0.585801 0.339334 -0.155214 -0.549756 0.258574 -0.203193 -0.577341 0.284399 -0.074369 -0.155209 0.193063 -0.055606 0.079556 0.106061 -0.107293 0.049838 0.197397 -0.126056 -0.184926 -0.101727 0.036843 -0.314321 -0.193063 0.055606 -0.079556 -0.106061 0.107293 -0.049838 -0.014725 0.088530 -0.284603 0.127213 0.059372 -0.649433 0.207973 0.107350 -0.621847 0.040210 0.007685 -0.679150 0.339334 -0.155214 -0.549756 0.197397 -0.126056 -0.184926 0.116636 -0.174035 -0.212512 0.258574 -0.203193 -0.577341 0.426337 -0.103528 -0.520038 0.339334 -0.155214 -0.549756 0.258574 -0.203193 -0.577341 0.360656 0.027755 -0.556084 0.426337 -0.103528 -0.520038 0.294975 0.159037 -0.592130 0.040210 0.007685 -0.679150 0.171572 -0.254880 -0.607059 0.029634 -0.225721 -0.242229 0.294975 0.159037 -0.592130 0.153038 0.188195 -0.227300 0.127213 0.059372 -0.649433 0.207973 0.107350 -0.621847 -0.025301 0.155272 -0.022253 -0.106061 0.107293 -0.049838 0.061702 0.206958 0.007465 0.294975 0.159037 -0.592130 0.061702 0.206958 0.007465 -0.061702 -0.206958 -0.007465 " />
									<Normal vector="-0.824885 -0.490036 -0.281747 -0.838954 -0.293985 0.457930 -0.935881 0.261361 0.236213 -0.890530 0.267586 -0.367840 -0.434492 0.868496 -0.238441 -0.562914 0.666646 0.488540 0.016602 0.827235 0.561571 0.276009 0.960631 0.030610 0.824885 0.490036 0.281747 0.327586 0.399030 0.856380 0.518357 -0.175604 0.836909 0.890530 -0.267586 0.367840 0.434492 -0.868496 0.238441 0.051576 -0.561602 0.825770 -0.434126 -0.741478 0.511551 -0.276009 -0.960631 -0.030610 0.361553 -0.074252 -0.929350 0.838954 0.293985 -0.457930 0.935881 -0.261361 -0.236213 0.562914 -0.666646 -0.488540 -0.361553 0.074252 0.929350 0.051576 -0.561602 0.825770 0.327586 0.399030 0.856380 -0.361553 0.074252 0.929350 0.051576 -0.561602 0.825770 0.518357 -0.175604 0.836909 -0.327616 -0.399030 -0.856380 0.361553 -0.074252 -0.929350 0.562914 -0.666646 -0.488540 -0.016602 -0.827235 -0.561571 0.361553 -0.074252 -0.929350 0.361553 -0.074252 -0.929350 0.562914 -0.666646 -0.488540 0.562914 -0.666646 -0.488540 0.890530 -0.267586 0.367840 0.518357 -0.175604 0.836909 0.051576 -0.561602 0.825770 0.434492 -0.868496 0.238441 -0.890530 0.267586 -0.367840 -0.935881 0.261361 0.236213 -0.562914 0.666646 0.488540 -0.434492 0.868496 -0.238441 -0.051576 0.561602 -0.825770 -0.051576 0.561602 -0.825770 -0.518357 0.175604 -0.836909 0.562914 -0.666646 -0.488540 0.434492 -0.868496 0.238441 0.434492 -0.868496 0.238441 0.562914 -0.666646 -0.488540 0.935881 -0.261361 -0.236213 0.562914 -0.666646 -0.488540 0.562914 -0.666646 -0.488540 0.838954 0.293985 -0.457930 0.935881 -0.261361 -0.236213 0.434126 0.741478 -0.511551 -0.518357 0.175604 -0.836909 -0.016602 -0.827235 -0.561571 -0.276009 -0.960631 -0.030610 0.434126 0.741478 -0.511551 0.276009 0.960631 0.030610 -0.051576 0.561602 -0.825770 -0.051576 0.561602 -0.825770 -0.562914 0.666646 0.488540 -0.562914 0.666646 0.488540 0.016602 0.827235 0.561571 0.434126 0.741478 -0.511551 0.016602 0.827235 0.561571 -0.434126 -0.741478 0.511551 " />
									<TextureCoordinate point="0.4892 0.8849 0.5657 0.8849 0.5657 0.9802 0.4892 0.9802 0.4892 0.9166 0.5657 0.9166 0.5657 0.9802 0.4892 0.9802 0.4892 0.8849 0.5657 0.8849 0.5657 0.9802 0.4892 0.9802 0.4892 0.9166 0.5657 0.9166 0.5657 0.9802 0.4892 0.9802 0.5147 0.8849 0.5657 0.8849 0.5657 0.9802 0.5147 0.9802 0.5147 0.8849 0.5147 0.9802 0.4127 0.8849 0.4637 0.8849 0.4637 0.9802 0.4127 0.9802 0.4127 0.8849 0.4637 0.8849 0.4637 0.9802 0.4127 0.9802 0.2840 0.7591 0.3520 0.7591 0.3520 0.8861 0.2840 0.8861 0.4892 0.7896 0.5657 0.7896 0.5657 0.8531 0.4892 0.8531 0.4892 0.7896 0.5657 0.7896 0.5657 0.8531 0.4892 0.8531 0.4127 0.8531 0.4127 0.9166 0.4127 0.7896 0.2160 0.7167 0.3180 0.7167 0.3180 0.8014 0.2160 0.8014 0.4127 0.7896 0.4127 0.8531 0.4127 0.9166 0.4127 0.8849 0.4127 0.9802 0.4127 0.9802 0.4127 0.9802 0.4127 0.7896 0.4892 0.7896 0.4127 0.7896 0.4892 0.7896 0.4637 0.7896 0.5147 0.7896 0.4637 0.7896 0.5147 0.7896 0.4127 0.7896 0.5657 0.7896 0.5657 0.7896 0.5657 0.7896 " />
								</IndexedTriangleSet>
							</Shape>
						</Group>
					</Transform>
				</Transform>
				<Transform DEF="leg1_1_TRANSFORM"
				           translation="0.396577 -0.068960 -0.928551"
				           scale="1.000000 1.000000 1.000000"
				           rotation="0.000000 1.000000 0.000000 0.000000"
				           >
					<Transform DEF="leg1_1_ifs_TRANSFORM"
					           translation="0.000000 0.000000 0.000000"
					           scale="1.000000 1.000000 1.000000"
					           rotation="0.000000 1.000000 0.000000 0.000000"
					           >
						<Group DEF="group_ME_leg1_1">
							<Shape>
								<Appearance>
									<Material USE="MA_Body" />
								</Appearance>
								<IndexedTriangleSet solid="false"
								                    normalPerVertex="true"
								                    index="0 1 2 0 2 3 4 5 6 4 6 7 8 9 10 8 10 11 12 13 14 12 14 15 16 17 18 16 18 19 20 21 14 20 14 22 23 24 25 23 25 26 24 20 22 24 22 25 27 28 29 27 29 30 28 16 19 28 19 29 31 32 33 31 33 34 35 36 37 35 37 38 39 21 40 39 40 41 41 40 5 41 5 4 42 41 4 42 4 43 27 39 41 27 41 42 44 34 12 44 12 45 46 31 34 46 34 44 45 12 15 45 15 30 47 8 11 47 11 48 43 4 7 43 7 49 50 0 3 50 3 51 "
								                    >
									<Coordinate point="-0.006778 -0.045284 -0.395470 -0.034536 -0.154172 -0.051608 -0.162780 0.033484 -0.002537 -0.135022 0.142371 -0.346399 -0.003478 0.222830 -0.310302 -0.031236 0.113942 0.033560 0.034536 0.154172 0.051608 0.062294 0.263059 -0.292254 0.062294 0.263059 -0.292254 0.034536 0.154172 0.051608 0.162780 -0.033484 0.002537 0.190538 0.075404 -0.341324 0.058994 -0.005055 -0.377421 0.031236 -0.113942 -0.033560 -0.034536 -0.154172 -0.051608 -0.006778 -0.045284 -0.395470 0.006287 0.261137 -0.431274 0.072059 0.301366 -0.413226 0.200304 0.113711 -0.462296 0.134532 0.073481 -0.480345 -0.097008 0.073713 0.015511 -0.162780 0.033484 -0.002537 0.031236 -0.113942 -0.033560 0.034536 0.154172 0.051608 -0.031236 0.113942 0.033560 0.097008 -0.073713 -0.015511 0.162780 -0.033484 0.002537 -0.125257 0.180678 -0.467371 -0.059485 0.220908 -0.449323 0.068760 0.033252 -0.498393 0.002988 -0.006977 -0.516442 0.190538 0.075404 -0.341324 0.162780 -0.033484 0.002537 0.097008 -0.073713 -0.015511 0.124766 0.035174 -0.359373 0.124766 0.035174 -0.359373 0.097008 -0.073713 -0.015511 0.031236 -0.113942 -0.033560 0.058994 -0.005055 -0.377421 -0.135022 0.142371 -0.346399 -0.097008 0.073713 0.015511 -0.069250 0.182601 -0.328351 -0.059485 0.220908 -0.449323 0.006287 0.261137 -0.431274 0.134532 0.073481 -0.480345 0.068760 0.033252 -0.498393 0.200304 0.113711 -0.462296 0.072059 0.301366 -0.413226 0.200304 0.113711 -0.462296 0.072059 0.301366 -0.413226 0.002988 -0.006977 -0.516442 -0.125257 0.180678 -0.467371 " />
									<Normal vector="-0.197333 -0.929868 -0.310373 -0.205420 -0.933012 0.295328 -0.842280 -0.001160 0.539018 -0.977325 0.211402 -0.011933 -0.551500 0.807001 0.211005 -0.444227 0.357799 0.821345 0.116825 0.585467 0.802210 0.197333 0.929868 0.310373 0.197333 0.929868 0.310373 0.116825 0.585467 0.802210 0.753655 -0.346385 0.558519 0.977325 -0.211402 0.011933 0.551500 -0.807001 -0.211005 0.335704 -0.783471 0.522904 -0.205420 -0.933012 0.295328 -0.197333 -0.929868 -0.310373 -0.335704 0.783471 -0.522904 0.205420 0.933012 -0.295328 0.842280 0.001160 -0.539018 0.444227 -0.357799 -0.821345 -0.444227 0.357799 0.821345 -0.842280 -0.001160 0.539018 0.335704 -0.783471 0.522904 0.116825 0.585467 0.802210 -0.444227 0.357799 0.821345 0.335704 -0.783471 0.522904 0.753655 -0.346385 0.558519 -0.753655 0.346385 -0.558519 -0.335704 0.783471 -0.522904 0.444227 -0.357799 -0.821345 -0.116825 -0.585467 -0.802210 0.977325 -0.211402 0.011933 0.753655 -0.346385 0.558519 0.335704 -0.783471 0.522904 0.551500 -0.807001 -0.211005 0.551500 -0.807001 -0.211005 0.335704 -0.783471 0.522904 0.335704 -0.783471 0.522904 0.551500 -0.807001 -0.211005 -0.977325 0.211402 -0.011933 -0.444227 0.357799 0.821345 -0.551500 0.807001 0.211005 -0.335704 0.783471 -0.522904 -0.335704 0.783471 -0.522904 0.444227 -0.357799 -0.821345 0.444227 -0.357799 -0.821345 0.842280 0.001160 -0.539018 0.205420 0.933012 -0.295328 0.842280 0.001160 -0.539018 0.205420 0.933012 -0.295328 -0.116825 -0.585467 -0.802210 -0.753655 0.346385 -0.558519 " />
									<TextureCoordinate point="0.4892 0.7896 0.5657 0.7896 0.5657 0.9802 0.4892 0.9802 0.4892 0.9166 0.5657 0.9166 0.5657 0.9802 0.4892 0.9802 0.4892 0.7896 0.5657 0.7896 0.5657 0.9802 0.4892 0.9802 0.4892 0.9166 0.5657 0.9166 0.5657 0.9802 0.4892 0.9802 0.5147 0.7896 0.5657 0.7896 0.5657 0.9802 0.5147 0.9802 0.5147 0.7896 0.5657 0.7896 0.5147 0.9802 0.4127 0.7896 0.4637 0.7896 0.4637 0.9802 0.4127 0.9802 0.4127 0.7896 0.4637 0.7896 0.4637 0.9802 0.4127 0.9802 0.4892 0.7896 0.5657 0.7896 0.5657 0.8531 0.4892 0.8531 0.2431 0.7672 0.3196 0.7672 0.3196 0.8307 0.2431 0.8307 0.4892 0.7896 0.5657 0.8531 0.4892 0.8531 0.4127 0.8531 0.4127 0.9166 0.4127 0.8531 0.4127 0.9166 0.4127 0.7896 0.4127 0.7896 0.4127 0.9802 0.4127 0.9802 0.4127 0.7896 0.4127 0.9802 " />
								</IndexedTriangleSet>
							</Shape>
						</Group>
					</Transform>
					<Transform DEF="Cube_020_TRANSFORM"
					           translation="0.035069 0.137567 -0.434430"
					           scale="1.000000 1.000000 1.000000"
					           rotation="0.000000 1.000000 0.000000 0.000000"
					           >
						<Transform DEF="Cube_020_ifs_TRANSFORM"
						           translation="0.000000 0.000000 0.000000"
						           scale="1.000000 1.000000 1.000000"
						           rotation="0.000000 1.000000 0.000000 0.000000"
						           >
							<Group DEF="group_ME_Cube_020">
								<Shape>
									<Appearance>
										<Material USE="MA_Body" />
									</Appearance>
									<IndexedTriangleSet solid="false"
									                    normalPerVertex="true"
									                    index="0 1 2 0 2 3 4 5 6 4 6 7 8 9 10 8 10 11 12 13 14 12 14 15 4 16 17 4 17 15 18 5 14 18 14 19 "
									                    >
										<Coordinate point="0.023224 0.077144 -0.645623 -0.025783 -0.115099 -0.038529 -0.121526 0.024998 -0.001894 -0.072519 0.217241 -0.608989 -0.072519 0.217241 -0.608989 -0.121526 0.024998 -0.001894 0.025783 0.115099 0.038529 0.074790 0.307342 -0.568566 0.074790 0.307342 -0.568566 0.025783 0.115099 0.038529 0.121526 -0.024998 0.001894 0.170533 0.167245 -0.605200 0.170533 0.167245 -0.605200 0.121526 -0.024998 0.001894 -0.025783 -0.115099 -0.038529 0.023224 0.077144 -0.645623 0.074790 0.307342 -0.568566 0.170533 0.167245 -0.605200 0.025783 0.115099 0.038529 0.121526 -0.024998 0.001894 " />
										<Normal vector="-0.116825 -0.585467 -0.802210 -0.205420 -0.933012 0.295328 -0.842280 -0.001160 0.539018 -0.753655 0.346385 -0.558519 -0.753655 0.346385 -0.558519 -0.842280 -0.001160 0.539018 0.116825 0.585467 0.802210 0.205420 0.933012 -0.295328 0.205420 0.933012 -0.295328 0.116825 0.585467 0.802210 0.753655 -0.346385 0.558519 0.842280 0.001160 -0.539018 0.842280 0.001160 -0.539018 0.753655 -0.346385 0.558519 -0.205420 -0.933012 0.295328 -0.116825 -0.585467 -0.802210 0.205420 0.933012 -0.295328 0.842280 0.001160 -0.539018 0.116825 0.585467 0.802210 0.753655 -0.346385 0.558519 " />
										<TextureCoordinate point="0.4127 0.7896 0.5657 0.7896 0.5657 0.9802 0.4127 0.9802 0.4127 0.7896 0.5657 0.7896 0.5657 0.9802 0.4127 0.9802 0.4127 0.7896 0.5657 0.7896 0.5657 0.9802 0.4127 0.9802 0.4127 0.7896 0.5657 0.7896 0.5657 0.9802 0.4127 0.9802 0.5657 0.7896 0.5657 0.9802 0.4127 0.7896 0.4127 0.9802 " />
									</IndexedTriangleSet>
								</Shape>
							</Group>
						</Transform>
					</Transform>
				</Transform>
				<Transform DEF="Cube_008_TRANSFORM"
				           translation="0.390895 -0.060249 -0.927067"
				           scale="1.000000 1.000000 1.000000"
				           rotation="0.000000 1.000000 0.000000 0.000000"
				           >
					<Transform DEF="Cube_008_ifs_TRANSFORM"
					           translation="0.000000 0.000000 0.000000"
					           scale="1.000000 1.000000 1.000000"
					           rotation="0.000000 1.000000 0.000000 0.000000"
					           >
						<Group DEF="group_ME_Cube_022">
							<Shape>
								<Appearance>
									<Material USE="MA_Body" />
								</Appearance>
								<IndexedTriangleSet solid="false"
								                    normalPerVertex="true"
								                    index="0 1 2 0 2 3 4 5 6 4 6 7 8 9 10 8 10 11 12 13 14 12 14 15 4 16 17 4 17 15 18 5 14 18 14 19 "
								                    >
									<Coordinate point="-0.117517 -0.091539 -0.168200 -0.131450 -0.128716 -0.062747 -0.180676 -0.056713 -0.043866 -0.166743 -0.019535 -0.149319 -0.166743 -0.019535 -0.149319 -0.180676 -0.056713 -0.043866 0.131450 0.128716 0.062747 0.145383 0.165894 -0.042706 0.145383 0.165894 -0.042706 0.131450 0.128716 0.062747 0.180676 0.056713 0.043866 0.194609 0.093891 -0.061587 0.194609 0.093891 -0.061587 0.180676 0.056713 0.043866 -0.131450 -0.128716 -0.062747 -0.117517 -0.091539 -0.168200 0.145383 0.165894 -0.042706 0.194609 0.093891 -0.061587 0.131450 0.128716 0.062747 0.180676 0.056713 0.043866 " />
									<Normal vector="-0.086398 -0.558245 -0.825129 -0.229163 -0.939238 0.255470 -0.866085 -0.007599 0.499771 -0.723319 0.373363 -0.580828 -0.723319 0.373363 -0.580828 -0.866085 -0.007599 0.499771 0.086398 0.558245 0.825129 0.229163 0.939238 -0.255470 0.229163 0.939238 -0.255470 0.086398 0.558245 0.825129 0.723319 -0.373363 0.580828 0.866085 0.007599 -0.499771 0.866085 0.007599 -0.499771 0.723319 -0.373363 0.580828 -0.229163 -0.939238 0.255470 -0.086398 -0.558245 -0.825129 0.229163 0.939238 -0.255470 0.866085 0.007599 -0.499771 0.086398 0.558245 0.825129 0.723319 -0.373363 0.580828 " />
									<TextureCoordinate point="0.4127 0.7896 0.5657 0.7896 0.5657 0.9802 0.4127 0.9802 0.4127 0.7896 0.5657 0.7896 0.5657 0.9802 0.4127 0.9802 0.4127 0.7896 0.5657 0.7896 0.5657 0.9802 0.4127 0.9802 0.4127 0.7896 0.5657 0.7896 0.5657 0.9802 0.4127 0.9802 0.5657 0.7896 0.5657 0.9802 0.4127 0.7896 0.4127 0.9802 " />
								</IndexedTriangleSet>
							</Shape>
						</Group>
					</Transform>
				</Transform>
			</Transform>
			<Transform DEF="Cube_017_TRANSFORM"
			           translation="-0.198533 0.011043 -0.110219"
			           scale="1.000000 1.000000 1.000000"
			           rotation="0.000000 1.000000 0.000000 0.000000"
			           >
				<Transform DEF="Cube_017_ifs_TRANSFORM"
				           translation="0.000000 0.000000 0.000000"
				           scale="1.000000 1.000000 1.000000"
				           rotation="0.000000 1.000000 0.000000 0.000000"
				           >
					<Group DEF="group_ME_Cube_008">
						<Shape>
							<Appearance>
								<Material USE="MA_Body" />
							</Appearance>
							<IndexedTriangleSet solid="false"
							                    normalPerVertex="true"
							                    index="0 1 2 0 2 3 4 5 6 4 6 7 8 9 10 8 10 11 12 13 14 12 14 15 4 13 16 4 16 17 18 19 14 18 14 7 "
							                    >
								<Coordinate point="0.130545 -0.349557 0.057138 0.130545 0.349557 0.057138 -0.129893 0.349557 0.652172 -0.129893 -0.349557 0.652172 0.130545 0.349557 0.057138 -0.130545 0.349557 -0.057138 -0.390983 0.349557 0.537897 -0.129893 0.349557 0.652172 -0.130545 0.349557 -0.057138 -0.130545 -0.349557 -0.057138 -0.390983 -0.349557 0.537897 -0.390983 0.349557 0.537897 -0.130545 -0.349557 -0.057138 0.130545 -0.349557 0.057138 -0.129893 -0.349557 0.652172 -0.390983 -0.349557 0.537897 -0.130545 -0.349557 -0.057138 -0.130545 0.349557 -0.057138 -0.390983 0.349557 0.537897 -0.390983 -0.349557 0.537897 " />
								<Normal vector="0.760399 -0.577349 -0.297403 0.760399 0.577349 -0.297403 0.297403 0.577349 0.760399 0.297403 -0.577349 0.760399 0.760399 0.577349 -0.297403 -0.297403 0.577349 -0.760399 -0.760399 0.577349 0.297403 0.297403 0.577349 0.760399 -0.297403 0.577349 -0.760399 -0.297403 -0.577349 -0.760399 -0.760399 -0.577349 0.297403 -0.760399 0.577349 0.297403 -0.297403 -0.577349 -0.760399 0.760399 -0.577349 -0.297403 0.297403 -0.577349 0.760399 -0.760399 -0.577349 0.297403 -0.297403 -0.577349 -0.760399 -0.297403 0.577349 -0.760399 -0.760399 0.577349 0.297403 -0.760399 -0.577349 0.297403 " />
								<TextureCoordinate point="0.0263 0.6415 0.0263 0.9855 0.1646 0.9855 0.1646 0.6415 0.0263 0.6415 0.0263 0.9855 0.1646 0.9855 0.1646 0.6415 0.0263 0.6415 0.0263 0.9855 0.1646 0.9855 0.1646 0.6415 0.0263 0.6415 0.0263 0.9855 0.1646 0.9855 0.1646 0.6415 0.1646 0.9855 0.1646 0.6415 0.0263 0.6415 0.0263 0.9855 " />
							</IndexedTriangleSet>
						</Shape>
					</Group>
				</Transform>
				<Transform DEF="Cube_019_TRANSFORM"
				           translation="-0.221307 0.171087 0.505631"
				           scale="1.000000 1.000000 1.000000"
				           rotation="0.000000 1.000000 0.000000 0.000000"
				           >
					<Transform DEF="Cube_019_ifs_TRANSFORM"
					           translation="0.000000 0.000000 0.000000"
					           scale="1.000000 1.000000 1.000000"
					           rotation="0.000000 1.000000 0.000000 0.000000"
					           >
						<Group DEF="group_ME_Cube_009">
							<Shape>
								<Appearance>
									<Material USE="MA_Body" />
								</Appearance>
								<IndexedTriangleSet solid="false"
								                    normalPerVertex="true"
								                    index="0 1 2 0 2 3 4 5 6 4 6 7 8 9 10 8 10 11 12 13 14 12 14 15 4 13 16 4 16 17 18 19 14 18 14 7 "
								                    >
									<Coordinate point="0.106052 -0.337234 -0.054005 0.032278 0.337234 0.114550 -0.063104 0.272339 0.332475 0.010669 -0.402128 0.163921 0.032278 0.337234 0.114550 -0.106052 0.337234 0.054005 -0.201435 0.272339 0.271930 -0.063104 0.272339 0.332475 -0.106052 0.337234 0.054005 -0.032278 -0.337234 -0.114550 -0.127661 -0.402128 0.103376 -0.201435 0.272339 0.271930 -0.032278 -0.337234 -0.114550 0.106052 -0.337234 -0.054005 0.010669 -0.402128 0.163921 -0.127661 -0.402128 0.103376 -0.032278 -0.337234 -0.114550 -0.106052 0.337234 0.054005 -0.201435 0.272339 0.271930 -0.127661 -0.402128 0.103376 " />
									<Normal vector="0.813166 -0.405042 -0.417951 0.691305 0.708914 -0.139561 0.244636 0.405042 0.880947 0.366497 -0.708914 0.602557 0.691305 0.708914 -0.139561 -0.366497 0.708914 -0.602557 -0.813166 0.405042 0.417951 0.244636 0.405042 0.880947 -0.366497 0.708914 -0.602557 -0.244636 -0.405042 -0.880947 -0.691305 -0.708914 0.139561 -0.813166 0.405042 0.417951 -0.244636 -0.405042 -0.880947 0.813166 -0.405042 -0.417951 0.366497 -0.708914 0.602557 -0.691305 -0.708914 0.139561 -0.244636 -0.405042 -0.880947 -0.366497 0.708914 -0.602557 -0.813166 0.405042 0.417951 -0.691305 -0.708914 0.139561 " />
									<TextureCoordinate point="0.0263 0.6415 0.0263 0.9855 0.1646 0.9855 0.1646 0.6415 0.0263 0.6415 0.0263 0.9855 0.1646 0.9855 0.1646 0.6415 0.0263 0.6415 0.0263 0.9855 0.1646 0.9855 0.1646 0.6415 0.0263 0.6415 0.0263 0.9855 0.1646 0.9855 0.1646 0.6415 0.1646 0.9855 0.1646 0.6415 0.0263 0.6415 0.0263 0.9855 " />
								</IndexedTriangleSet>
							</Shape>
						</Group>
					</Transform>
				</Transform>
				<Transform DEF="Cube_022_TRANSFORM"
				           translation="0.013061 -0.031437 -0.029842"
				           scale="1.000000 1.000000 1.000000"
				           rotation="0.000000 1.000000 0.000000 0.000000"
				           >
					<Transform DEF="Cube_022_ifs_TRANSFORM"
					           translation="0.000000 0.000000 0.000000"
					           scale="1.000000 1.000000 1.000000"
					           rotation="0.000000 1.000000 0.000000 0.000000"
					           >
						<Group DEF="group_ME_Cube_011">
							<Shape>
								<Appearance>
									<Material USE="MA_Body" />
								</Appearance>
								<IndexedTriangleSet solid="false"
								                    normalPerVertex="true"
								                    index="0 1 2 0 2 3 4 5 6 4 6 7 8 9 10 8 10 11 12 13 14 12 14 15 4 13 16 4 16 17 18 19 14 18 14 7 "
								                    >
									<Coordinate point="0.056999 -0.345230 0.024947 0.056999 0.345230 0.024948 -0.223167 0.345230 0.665057 -0.223167 -0.345230 0.665057 0.056999 0.345230 0.024948 -0.056999 0.345230 -0.024947 -0.337165 0.345230 0.615162 -0.223167 0.345230 0.665057 -0.056999 0.345230 -0.024947 -0.056999 -0.345230 -0.024948 -0.337165 -0.345230 0.615162 -0.337165 0.345230 0.615162 -0.056999 -0.345230 -0.024948 0.056999 -0.345230 0.024947 -0.223167 -0.345230 0.665057 -0.337165 -0.345230 0.615162 -0.056999 -0.345230 -0.024948 -0.056999 0.345230 -0.024947 -0.337165 0.345230 0.615162 -0.337165 -0.345230 0.615162 " />
									<Normal vector="0.760399 -0.577349 -0.297403 0.760399 0.577349 -0.297403 0.297403 0.577349 0.760399 0.297403 -0.577349 0.760399 0.760399 0.577349 -0.297403 -0.297403 0.577349 -0.760399 -0.760399 0.577349 0.297403 0.297403 0.577349 0.760399 -0.297403 0.577349 -0.760399 -0.297403 -0.577349 -0.760399 -0.760399 -0.577349 0.297403 -0.760399 0.577349 0.297403 -0.297403 -0.577349 -0.760399 0.760399 -0.577349 -0.297403 0.297403 -0.577349 0.760399 -0.760399 -0.577349 0.297403 -0.297403 -0.577349 -0.760399 -0.297403 0.577349 -0.760399 -0.760399 0.577349 0.297403 -0.760399 -0.577349 0.297403 " />
									<TextureCoordinate point="0.2133 0.6415 0.2133 0.9855 0.3517 0.9855 0.3517 0.6415 0.2133 0.6415 0.2133 0.9855 0.3517 0.9855 0.3517 0.6415 0.2133 0.6415 0.2133 0.9855 0.3517 0.9855 0.3517 0.6415 0.2133 0.6415 0.2133 0.9855 0.3517 0.9855 0.3517 0.6415 0.3517 0.9855 0.3517 0.6415 0.2133 0.6415 0.2133 0.9855 " />
								</IndexedTriangleSet>
							</Shape>
						</Group>
					</Transform>
				</Transform>
			</Transform>
			<Transform DEF="leg2_TRANSFORM"
			           translation="-0.331154 0.005712 0.220341"
			           scale="1.000000 1.000000 1.000000"
			           rotation="0.000000 1.000000 0.000000 0.000000"
			           >
				<Transform DEF="leg2_ifs_TRANSFORM"
				           translation="0.000000 0.000000 0.000000"
				           scale="1.000000 1.000000 1.000000"
				           rotation="0.000000 1.000000 0.000000 0.000000"
				           >
					<Group DEF="group_ME_leg2">
						<Shape>
							<Appearance>
								<Material USE="MA_Body" />
							</Appearance>
							<IndexedTriangleSet solid="false"
							                    normalPerVertex="true"
							                    index="0 1 2 0 2 3 4 5 6 4 6 7 8 9 10 8 10 11 12 13 14 12 14 15 4 13 16 4 16 17 18 19 14 18 14 7 "
							                    >
								<Coordinate point="-0.145773 -0.260568 -0.466753 0.012123 0.053837 -0.551324 0.218319 0.070844 -0.103127 0.060422 -0.243561 -0.018556 0.012123 0.053837 -0.551324 -0.266618 0.226554 -0.429642 -0.060422 0.243561 0.018556 0.218319 0.070844 -0.103127 -0.266618 0.226554 -0.429642 -0.424514 -0.087851 -0.345070 -0.218319 -0.070844 0.103127 -0.060422 0.243561 0.018556 -0.424514 -0.087851 -0.345070 -0.145773 -0.260568 -0.466753 0.060422 -0.243561 -0.018556 -0.218319 -0.070844 0.103127 -0.424514 -0.087851 -0.345070 -0.266618 0.226554 -0.429642 -0.060422 0.243561 0.018556 -0.218319 -0.070844 0.103127 " />
								<Normal vector="-0.032960 -0.806635 -0.590106 0.470870 0.196631 -0.859981 0.953185 0.236427 0.188391 0.449324 -0.766839 0.458266 0.470870 0.196631 -0.859981 -0.449324 0.766839 -0.458266 0.032960 0.806635 0.590106 0.953185 0.236427 0.188391 -0.449324 0.766839 -0.458266 -0.953185 -0.236427 -0.188391 -0.470870 -0.196631 0.859981 0.032960 0.806635 0.590106 -0.953185 -0.236427 -0.188391 -0.032960 -0.806635 -0.590106 0.449324 -0.766839 0.458266 -0.470870 -0.196631 0.859981 -0.953185 -0.236427 -0.188391 -0.449324 0.766839 -0.458266 0.032960 0.806635 0.590106 -0.470870 -0.196631 0.859981 " />
								<TextureCoordinate point="0.4127 0.7896 0.4127 0.9802 0.5657 0.9802 0.5657 0.7896 0.4127 0.7896 0.4127 0.9802 0.5657 0.9802 0.5657 0.7896 0.4127 0.7896 0.4127 0.9802 0.5657 0.9802 0.5657 0.7896 0.4127 0.7896 0.4127 0.9802 0.5657 0.9802 0.5657 0.7896 0.5657 0.9802 0.5657 0.7896 0.4127 0.7896 0.4127 0.9802 " />
							</IndexedTriangleSet>
						</Shape>
					</Group>
				</Transform>
				<Transform DEF="Cube_023_TRANSFORM"
				           translation="-0.184338 -0.015204 -0.400685"
				           scale="1.000000 1.000000 1.000000"
				           rotation="0.000000 1.000000 0.000000 0.000000"
				           >
					<Transform DEF="Cube_023_ifs_TRANSFORM"
					           translation="0.000000 0.000000 0.000000"
					           scale="1.000000 1.000000 1.000000"
					           rotation="0.000000 1.000000 0.000000 0.000000"
					           >
						<Group DEF="group_ME_Cube_013">
							<Shape>
								<Appearance>
									<Material USE="MA_Body" />
								</Appearance>
								<IndexedTriangleSet solid="false"
								                    normalPerVertex="true"
								                    index="0 1 2 0 2 3 4 5 6 4 6 7 8 9 10 8 10 11 12 13 14 12 14 15 16 17 18 16 18 19 20 21 14 20 14 3 22 23 24 22 24 25 25 24 21 25 21 20 26 27 28 26 28 29 30 31 32 30 32 33 34 35 36 34 36 37 35 12 15 35 15 36 38 39 40 38 40 41 39 4 7 39 7 40 42 43 4 42 4 39 44 42 39 44 39 38 45 46 47 45 47 48 49 50 35 49 35 34 51 27 13 51 13 12 52 53 9 52 9 8 43 54 5 43 5 4 26 55 1 26 1 0 56 26 0 56 0 57 58 52 8 58 8 59 60 29 16 60 16 61 44 26 29 44 29 60 62 25 20 62 20 63 64 22 25 64 25 62 63 20 3 63 3 41 61 16 19 61 19 65 59 8 11 59 11 66 57 0 3 57 3 67 "
								                    >
									<Coordinate point="0.036047 -0.094439 -0.278275 0.101727 0.036843 -0.314321 0.193063 0.055606 -0.079556 0.127383 -0.075676 -0.043510 -0.066035 0.136509 -0.257018 -0.153038 0.188195 -0.227300 -0.061702 0.206958 0.007465 0.025301 0.155272 -0.022253 -0.218718 0.056913 -0.191254 -0.284399 -0.074369 -0.155209 -0.193063 -0.055606 0.079556 -0.127383 0.075676 0.043510 -0.116636 -0.174035 -0.212512 -0.029634 -0.225721 -0.242229 0.061702 -0.206958 -0.007465 -0.025301 -0.155272 0.022253 -0.273654 -0.023932 -0.585801 -0.339334 -0.155214 -0.549756 -0.426337 -0.103528 -0.520038 -0.360656 0.027755 -0.556084 0.040380 -0.023989 -0.013793 -0.025301 -0.155272 0.022253 -0.127383 0.075676 0.043510 -0.193063 -0.055606 0.079556 -0.106061 -0.107293 0.049838 -0.040380 0.023989 0.013793 -0.105891 -0.123597 -0.643104 -0.171572 -0.254880 -0.607059 -0.258574 -0.203193 -0.577341 -0.192893 -0.071910 -0.613387 -0.192893 -0.071910 -0.613387 -0.258574 -0.203193 -0.577341 -0.339334 -0.155214 -0.549756 -0.273654 -0.023932 -0.585801 -0.284399 -0.074369 -0.155209 -0.197397 -0.126056 -0.184926 -0.106061 -0.107293 0.049838 -0.193063 -0.055606 0.079556 0.101727 0.036843 -0.314321 0.014725 0.088530 -0.284603 0.106061 0.107293 -0.049838 0.193063 0.055606 -0.079556 -0.127213 0.059372 -0.649433 -0.207973 0.107350 -0.621847 -0.040210 0.007685 -0.679150 -0.339334 -0.155214 -0.549756 -0.258574 -0.203193 -0.577341 -0.116636 -0.174035 -0.212512 -0.197397 -0.126056 -0.184926 -0.426337 -0.103528 -0.520038 -0.339334 -0.155214 -0.549756 -0.258574 -0.203193 -0.577341 -0.360656 0.027755 -0.556084 -0.426337 -0.103528 -0.520038 -0.294975 0.159037 -0.592130 -0.040210 0.007685 -0.679150 -0.171572 -0.254880 -0.607059 -0.029634 -0.225721 -0.242229 -0.294975 0.159037 -0.592130 -0.153038 0.188195 -0.227300 -0.127213 0.059372 -0.649433 -0.207973 0.107350 -0.621847 0.025301 0.155272 -0.022253 0.106061 0.107293 -0.049838 -0.061702 0.206958 0.007465 -0.294975 0.159037 -0.592130 -0.061702 0.206958 0.007465 0.061702 -0.206958 -0.007465 " />
									<Normal vector="0.824885 -0.490036 -0.281747 0.890530 0.267586 -0.367840 0.935881 0.261361 0.236213 0.838954 -0.293985 0.457930 0.434492 0.868496 -0.238441 -0.276009 0.960631 0.030610 -0.016602 0.827235 0.561571 0.562914 0.666646 0.488540 -0.824885 0.490036 0.281747 -0.890530 -0.267586 0.367840 -0.518357 -0.175604 0.836909 -0.327586 0.399030 0.856380 -0.434492 -0.868496 0.238441 0.276009 -0.960631 -0.030610 0.434126 -0.741478 0.511551 -0.051576 -0.561602 0.825770 -0.361553 -0.074252 -0.929350 -0.562914 -0.666646 -0.488540 -0.935881 -0.261361 -0.236213 -0.838954 0.293985 -0.457930 0.361553 0.074252 0.929350 -0.051576 -0.561602 0.825770 -0.327586 0.399030 0.856380 -0.518357 -0.175604 0.836909 -0.051576 -0.561602 0.825770 0.361553 0.074252 0.929350 0.327616 -0.399030 -0.856380 0.016602 -0.827235 -0.561571 -0.562914 -0.666646 -0.488540 -0.361553 -0.074252 -0.929350 -0.361553 -0.074252 -0.929350 -0.562914 -0.666646 -0.488540 -0.562914 -0.666646 -0.488540 -0.361553 -0.074252 -0.929350 -0.890530 -0.267586 0.367840 -0.434492 -0.868496 0.238441 -0.051576 -0.561602 0.825770 -0.518357 -0.175604 0.836909 0.890530 0.267586 -0.367840 0.434492 0.868496 -0.238441 0.562914 0.666646 0.488540 0.935881 0.261361 0.236213 0.051576 0.561602 -0.825770 0.051576 0.561602 -0.825770 0.518357 0.175604 -0.836909 -0.562914 -0.666646 -0.488540 -0.562914 -0.666646 -0.488540 -0.434492 -0.868496 0.238441 -0.434492 -0.868496 0.238441 -0.935881 -0.261361 -0.236213 -0.562914 -0.666646 -0.488540 -0.562914 -0.666646 -0.488540 -0.838954 0.293985 -0.457930 -0.935881 -0.261361 -0.236213 -0.434126 0.741478 -0.511551 0.518357 0.175604 -0.836909 0.016602 -0.827235 -0.561571 0.276009 -0.960631 -0.030610 -0.434126 0.741478 -0.511551 -0.276009 0.960631 0.030610 0.051576 0.561602 -0.825770 0.051576 0.561602 -0.825770 0.562914 0.666646 0.488540 0.562914 0.666646 0.488540 -0.016602 0.827235 0.561571 -0.434126 0.741478 -0.511551 -0.016602 0.827235 0.561571 0.434126 -0.741478 0.511551 " />
									<TextureCoordinate point="0.4892 0.8849 0.4892 0.9802 0.5657 0.9802 0.5657 0.8849 0.4892 0.9166 0.4892 0.9802 0.5657 0.9802 0.5657 0.9166 0.4892 0.8849 0.4892 0.9802 0.5657 0.9802 0.5657 0.8849 0.4892 0.9166 0.4892 0.9802 0.5657 0.9802 0.5657 0.9166 0.5147 0.8849 0.5147 0.9802 0.5657 0.9802 0.5657 0.8849 0.5147 0.8849 0.5147 0.9802 0.4127 0.8849 0.4127 0.9802 0.4637 0.9802 0.4637 0.8849 0.4127 0.8849 0.4127 0.9802 0.4637 0.9802 0.4637 0.8849 0.2840 0.7591 0.2840 0.8861 0.3520 0.8861 0.3520 0.7591 0.4892 0.7896 0.4892 0.8531 0.5657 0.8531 0.5657 0.7896 0.4892 0.7896 0.4892 0.8531 0.5657 0.8531 0.5657 0.7896 0.4127 0.8531 0.4127 0.9166 0.4127 0.7896 0.2160 0.7167 0.2160 0.8014 0.3180 0.8014 0.3180 0.7167 0.4127 0.7896 0.4127 0.8531 0.4127 0.9166 0.4127 0.8849 0.4127 0.9802 0.4127 0.9802 0.4127 0.9802 0.4127 0.7896 0.4892 0.7896 0.4127 0.7896 0.4892 0.7896 0.4637 0.7896 0.5147 0.7896 0.4637 0.7896 0.5147 0.7896 0.4127 0.7896 0.5657 0.7896 0.5657 0.7896 0.5657 0.7896 " />
								</IndexedTriangleSet>
							</Shape>
						</Group>
					</Transform>
				</Transform>
				<Transform DEF="leg2_1_TRANSFORM"
				           translation="-0.396577 -0.068960 -0.928551"
				           scale="1.000000 1.000000 1.000000"
				           rotation="0.000000 1.000000 0.000000 0.000000"
				           >
					<Transform DEF="leg2_1_ifs_TRANSFORM"
					           translation="0.000000 0.000000 0.000000"
					           scale="1.000000 1.000000 1.000000"
					           rotation="0.000000 1.000000 0.000000 0.000000"
					           >
						<Group DEF="group_ME_leg2_1">
							<Shape>
								<Appearance>
									<Material USE="MA_Body" />
								</Appearance>
								<IndexedTriangleSet solid="false"
								                    normalPerVertex="true"
								                    index="0 1 2 0 2 3 4 5 6 4 6 7 8 9 10 8 10 11 12 13 14 12 14 15 16 17 18 16 18 19 20 21 14 20 14 22 23 24 25 23 25 26 26 25 21 26 21 20 27 28 29 27 29 30 30 29 17 30 17 16 31 32 33 31 33 34 35 36 37 35 37 38 39 40 41 39 41 22 40 4 7 40 7 41 42 43 4 42 4 40 27 42 40 27 40 39 44 45 12 44 12 32 46 44 32 46 32 31 45 28 13 45 13 12 47 48 9 47 9 8 43 49 5 43 5 4 50 51 1 50 1 0 "
								                    >
									<Coordinate point="0.006778 -0.045284 -0.395470 0.135022 0.142371 -0.346399 0.162780 0.033484 -0.002537 0.034536 -0.154172 -0.051608 0.003478 0.222830 -0.310302 -0.062294 0.263059 -0.292254 -0.034536 0.154172 0.051608 0.031236 0.113942 0.033560 -0.062294 0.263059 -0.292254 -0.190538 0.075404 -0.341324 -0.162780 -0.033484 0.002537 -0.034536 0.154172 0.051608 -0.058994 -0.005055 -0.377421 0.006778 -0.045284 -0.395470 0.034536 -0.154172 -0.051608 -0.031236 -0.113942 -0.033560 -0.006287 0.261137 -0.431274 -0.134532 0.073481 -0.480345 -0.200304 0.113711 -0.462296 -0.072059 0.301366 -0.413226 0.097008 0.073713 0.015511 -0.031236 -0.113942 -0.033560 0.162780 0.033484 -0.002537 -0.034536 0.154172 0.051608 -0.162780 -0.033484 0.002537 -0.097008 -0.073713 -0.015511 0.031236 0.113942 0.033560 0.125257 0.180678 -0.467371 -0.002988 -0.006977 -0.516442 -0.068760 0.033252 -0.498393 0.059485 0.220908 -0.449323 -0.190538 0.075404 -0.341324 -0.124766 0.035174 -0.359373 -0.097008 -0.073713 -0.015511 -0.162780 -0.033484 0.002537 -0.124766 0.035174 -0.359373 -0.058994 -0.005055 -0.377421 -0.031236 -0.113942 -0.033560 -0.097008 -0.073713 -0.015511 0.135022 0.142371 -0.346399 0.069250 0.182601 -0.328351 0.097008 0.073713 0.015511 0.059485 0.220908 -0.449323 -0.006287 0.261137 -0.431274 -0.134532 0.073481 -0.480345 -0.068760 0.033252 -0.498393 -0.200304 0.113711 -0.462296 -0.072059 0.301366 -0.413226 -0.200304 0.113711 -0.462296 -0.072059 0.301366 -0.413226 -0.002988 -0.006977 -0.516442 0.125257 0.180678 -0.467371 " />
									<Normal vector="0.197333 -0.929868 -0.310373 0.977325 0.211402 -0.011933 0.842280 -0.001160 0.539018 0.205420 -0.933012 0.295328 0.551500 0.807001 0.211005 -0.197333 0.929868 0.310373 -0.116825 0.585467 0.802210 0.444227 0.357799 0.821345 -0.197333 0.929868 0.310373 -0.977325 -0.211402 0.011933 -0.753655 -0.346385 0.558519 -0.116825 0.585467 0.802210 -0.551500 -0.807001 -0.211005 0.197333 -0.929868 -0.310373 0.205420 -0.933012 0.295328 -0.335704 -0.783471 0.522904 0.335704 0.783471 -0.522904 -0.444227 -0.357799 -0.821345 -0.842280 0.001160 -0.539018 -0.205420 0.933012 -0.295328 0.444227 0.357799 0.821345 -0.335704 -0.783471 0.522904 0.842280 -0.001160 0.539018 -0.116825 0.585467 0.802210 -0.753655 -0.346385 0.558519 -0.335704 -0.783471 0.522904 0.444227 0.357799 0.821345 0.753655 0.346385 -0.558519 0.116825 -0.585467 -0.802210 -0.444227 -0.357799 -0.821345 0.335704 0.783471 -0.522904 -0.977325 -0.211402 0.011933 -0.551500 -0.807001 -0.211005 -0.335704 -0.783471 0.522904 -0.753655 -0.346385 0.558519 -0.551500 -0.807001 -0.211005 -0.551500 -0.807001 -0.211005 -0.335704 -0.783471 0.522904 -0.335704 -0.783471 0.522904 0.977325 0.211402 -0.011933 0.551500 0.807001 0.211005 0.444227 0.357799 0.821345 0.335704 0.783471 -0.522904 0.335704 0.783471 -0.522904 -0.444227 -0.357799 -0.821345 -0.444227 -0.357799 -0.821345 -0.842280 0.001160 -0.539018 -0.205420 0.933012 -0.295328 -0.842280 0.001160 -0.539018 -0.205420 0.933012 -0.295328 0.116825 -0.585467 -0.802210 0.753655 0.346385 -0.558519 " />
									<TextureCoordinate point="0.4892 0.7896 0.4892 0.9802 0.5657 0.9802 0.5657 0.7896 0.4892 0.9166 0.4892 0.9802 0.5657 0.9802 0.5657 0.9166 0.4892 0.7896 0.4892 0.9802 0.5657 0.9802 0.5657 0.7896 0.4892 0.9166 0.4892 0.9802 0.5657 0.9802 0.5657 0.9166 0.5147 0.7896 0.5147 0.9802 0.5657 0.9802 0.5657 0.7896 0.5147 0.7896 0.5147 0.9802 0.5657 0.7896 0.4127 0.7896 0.4127 0.9802 0.4637 0.9802 0.4637 0.7896 0.4127 0.7896 0.4127 0.9802 0.4637 0.9802 0.4637 0.7896 0.4892 0.7896 0.4892 0.8531 0.5657 0.8531 0.5657 0.7896 0.2431 0.7672 0.2431 0.8307 0.3196 0.8307 0.3196 0.7672 0.4892 0.7896 0.4892 0.8531 0.5657 0.8531 0.4127 0.8531 0.4127 0.9166 0.4127 0.8531 0.4127 0.9166 0.4127 0.7896 0.4127 0.7896 0.4127 0.9802 0.4127 0.9802 0.4127 0.7896 0.4127 0.9802 " />
								</IndexedTriangleSet>
							</Shape>
						</Group>
					</Transform>
					<Transform DEF="Cube_024_TRANSFORM"
					           translation="-0.035069 0.137567 -0.434430"
					           scale="1.000000 1.000000 1.000000"
					           rotation="0.000000 1.000000 0.000000 0.000000"
					           >
						<Transform DEF="Cube_024_ifs_TRANSFORM"
						           translation="0.000000 0.000000 0.000000"
						           scale="1.000000 1.000000 1.000000"
						           rotation="0.000000 1.000000 0.000000 0.000000"
						           >
							<Group DEF="group_ME_Cube_017">
								<Shape>
									<Appearance>
										<Material USE="MA_Body" />
									</Appearance>
									<IndexedTriangleSet solid="false"
									                    normalPerVertex="true"
									                    index="0 1 2 0 2 3 4 5 6 4 6 7 8 9 10 8 10 11 12 13 14 12 14 15 4 13 16 4 16 17 18 19 14 18 14 7 "
									                    >
										<Coordinate point="-0.023224 0.077144 -0.645623 0.072519 0.217241 -0.608989 0.121526 0.024998 -0.001894 0.025783 -0.115099 -0.038529 0.072519 0.217241 -0.608989 -0.074790 0.307342 -0.568566 -0.025783 0.115099 0.038529 0.121526 0.024998 -0.001894 -0.074790 0.307342 -0.568566 -0.170533 0.167245 -0.605200 -0.121526 -0.024998 0.001894 -0.025783 0.115099 0.038529 -0.170533 0.167245 -0.605200 -0.023224 0.077144 -0.645623 0.025783 -0.115099 -0.038529 -0.121526 -0.024998 0.001894 -0.170533 0.167245 -0.605200 -0.074790 0.307342 -0.568566 -0.025783 0.115099 0.038529 -0.121526 -0.024998 0.001894 " />
										<Normal vector="0.116825 -0.585467 -0.802210 0.753655 0.346385 -0.558519 0.842280 -0.001160 0.539018 0.205420 -0.933012 0.295328 0.753655 0.346385 -0.558519 -0.205420 0.933012 -0.295328 -0.116825 0.585467 0.802210 0.842280 -0.001160 0.539018 -0.205420 0.933012 -0.295328 -0.842280 0.001160 -0.539018 -0.753655 -0.346385 0.558519 -0.116825 0.585467 0.802210 -0.842280 0.001160 -0.539018 0.116825 -0.585467 -0.802210 0.205420 -0.933012 0.295328 -0.753655 -0.346385 0.558519 -0.842280 0.001160 -0.539018 -0.205420 0.933012 -0.295328 -0.116825 0.585467 0.802210 -0.753655 -0.346385 0.558519 " />
										<TextureCoordinate point="0.4127 0.7896 0.4127 0.9802 0.5657 0.9802 0.5657 0.7896 0.4127 0.7896 0.4127 0.9802 0.5657 0.9802 0.5657 0.7896 0.4127 0.7896 0.4127 0.9802 0.5657 0.9802 0.5657 0.7896 0.4127 0.7896 0.4127 0.9802 0.5657 0.9802 0.5657 0.7896 0.5657 0.9802 0.5657 0.7896 0.4127 0.7896 0.4127 0.9802 " />
									</IndexedTriangleSet>
								</Shape>
							</Group>
						</Transform>
					</Transform>
				</Transform>
				<Transform DEF="Cube_026_TRANSFORM"
				           translation="-0.390895 -0.060249 -0.927067"
				           scale="1.000000 1.000000 1.000000"
				           rotation="0.000000 1.000000 0.000000 0.000000"
				           >
					<Transform DEF="Cube_026_ifs_TRANSFORM"
					           translation="0.000000 0.000000 0.000000"
					           scale="1.000000 1.000000 1.000000"
					           rotation="0.000000 1.000000 0.000000 0.000000"
					           >
						<Group DEF="group_ME_Cube_025">
							<Shape>
								<Appearance>
									<Material USE="MA_Body" />
								</Appearance>
								<IndexedTriangleSet solid="false"
								                    normalPerVertex="true"
								                    index="0 1 2 0 2 3 4 5 6 4 6 7 8 9 10 8 10 11 12 13 14 12 14 15 4 13 16 4 16 17 18 19 14 18 14 7 "
								                    >
									<Coordinate point="0.117517 -0.091539 -0.168200 0.166743 -0.019535 -0.149319 0.180676 -0.056713 -0.043866 0.131450 -0.128716 -0.062747 0.166743 -0.019535 -0.149319 -0.145383 0.165894 -0.042706 -0.131450 0.128716 0.062747 0.180676 -0.056713 -0.043866 -0.145383 0.165894 -0.042706 -0.194609 0.093891 -0.061587 -0.180676 0.056713 0.043866 -0.131450 0.128716 0.062747 -0.194609 0.093891 -0.061587 0.117517 -0.091539 -0.168200 0.131450 -0.128716 -0.062747 -0.180676 0.056713 0.043866 -0.194609 0.093891 -0.061587 -0.145383 0.165894 -0.042706 -0.131450 0.128716 0.062747 -0.180676 0.056713 0.043866 " />
									<Normal vector="0.086398 -0.558245 -0.825129 0.723319 0.373363 -0.580828 0.866085 -0.007599 0.499771 0.229163 -0.939238 0.255470 0.723319 0.373363 -0.580828 -0.229163 0.939238 -0.255470 -0.086398 0.558245 0.825129 0.866085 -0.007599 0.499771 -0.229163 0.939238 -0.255470 -0.866085 0.007599 -0.499771 -0.723319 -0.373363 0.580828 -0.086398 0.558245 0.825129 -0.866085 0.007599 -0.499771 0.086398 -0.558245 -0.825129 0.229163 -0.939238 0.255470 -0.723319 -0.373363 0.580828 -0.866085 0.007599 -0.499771 -0.229163 0.939238 -0.255470 -0.086398 0.558245 0.825129 -0.723319 -0.373363 0.580828 " />
									<TextureCoordinate point="0.4127 0.7896 0.4127 0.9802 0.5657 0.9802 0.5657 0.7896 0.4127 0.7896 0.4127 0.9802 0.5657 0.9802 0.5657 0.7896 0.4127 0.7896 0.4127 0.9802 0.5657 0.9802 0.5657 0.7896 0.4127 0.7896 0.4127 0.9802 0.5657 0.9802 0.5657 0.7896 0.5657 0.9802 0.5657 0.7896 0.4127 0.7896 0.4127 0.9802 " />
								</IndexedTriangleSet>
							</Shape>
						</Group>
					</Transform>
				</Transform>
			</Transform>
		</Transform>
	</Scene>
</X3D>