<?xml version="1.0" encoding="UTF-8"?>
<!DOCTYPE X3D PUBLIC "ISO//Web3D//DTD X3D 3.0//EN" "http://www.web3d.org/specifications/x3d-3.0.dtd">
<X3D version="3.0" profile="Immersive" xmlns:xsd="http://www.w3.org/2001/XMLSchema-instance" xsd:noNamespaceSchemaLocation="http://www.web3d.org/specifications/x3d-3.0.xsd">
	<head>
		<meta name="filename" content="dracovish.x3d" />
		<meta name="generator" content="Blender 2.93.18" />
	</head>
	<Scene>
		<NavigationInfo headlight="true"
		                visibilityLimit="0.0"
		                type='"EXAMINE", "ANY"'
		                avatarSize="0.25, 1.75, 0.75"
		                />
		<Background DEF="WO_World"
		            groundColor="0.051 0.051 0.051"
		            skyColor="0.051 0.051 0.051"
		            />
		<Transform DEF="body_TRANSFORM"
		           translation="0.000000 -0.172335 1.193036"
		           scale="1.000000 1.000000 1.000000"
		           rotation="0.000000 0.000000 1.000000 3.141593"
		           >
			<Transform DEF="body_ifs_TRANSFORM"
			           translation="0.000000 0.000000 0.000000"
			           scale="1.000000 1.000000 1.000000"
			           rotation="0.000000 1.000000 0.000000 0.000000"
			           >
				<Group DEF="group_ME_body">
					<Shape>
						<Appearance>
							<Material DEF="MA_Body"
							          diffuseColor="0.800 0.800 0.800"
							          specularColor="0.401 0.401 0.401"
							          emissiveColor="0.000 0.000 0.000"
							          ambientIntensity="0.000"
							          shininess="0.500"
							          transparency="0.0"
							          />
						</Appearance>
						<IndexedTriangleSet solid="false"
						                    normalPerVertex="true"
						                    index="0 1 2 0 2 3 4 5 6 4 6 7 8 9 10 8 10 11 12 13 14 12 14 15 16 17 18 16 18 19 20 21 22 20 22 23 24 25 26 24 26 27 28 29 30 28 30 31 32 33 34 32 34 35 36 37 38 36 38 39 40 41 42 40 42 43 44 45 46 44 46 47 48 49 50 48 50 51 52 53 46 52 46 54 55 56 57 55 57 58 59 60 61 59 61 62 63 64 65 63 65 66 67 68 69 67 69 70 71 72 73 71 73 74 75 76 77 75 77 78 79 80 81 79 81 82 83 84 85 83 85 86 87 88 89 87 89 90 91 1 92 91 92 93 94 95 96 94 96 97 98 99 100 98 100 101 102 103 104 102 104 105 106 107 108 106 108 109 110 111 108 110 108 112 113 40 43 113 43 114 115 32 35 115 35 116 117 118 119 117 119 49 65 120 121 65 121 122 49 119 123 49 123 50 124 88 125 124 125 126 127 128 118 127 118 117 129 130 32 129 32 115 130 131 33 130 33 32 132 133 134 132 134 135 136 137 25 136 25 24 138 139 140 138 140 141 142 143 144 142 144 145 19 18 137 19 137 136 146 147 148 146 148 149 43 42 131 43 131 130 114 43 130 114 130 129 122 121 128 122 128 127 150 151 152 150 152 153 153 152 154 153 154 155 156 157 158 156 158 159 160 161 162 160 162 163 164 165 166 164 166 167 168 169 166 168 166 170 171 172 151 171 151 150 155 154 173 155 173 174 33 155 174 33 174 34 41 171 150 41 150 42 175 176 177 175 177 178 179 180 177 179 177 181 182 183 184 182 184 185 186 56 187 186 187 188 131 153 155 131 155 33 42 150 153 42 153 131 189 190 191 189 191 192 192 191 193 192 193 194 195 83 86 195 86 196 197 63 66 197 66 198 199 157 200 199 200 201 202 48 51 202 51 203 204 205 206 204 206 207 208 209 210 208 210 211 212 213 214 212 214 215 216 217 218 216 218 219 220 221 222 220 222 223 224 225 226 224 226 227 227 226 228 227 228 229 230 231 232 230 232 233 234 235 236 234 236 237 238 239 240 238 240 241 242 243 244 242 244 245 246 247 248 246 248 249 250 251 252 250 252 253 229 228 254 229 254 255 256 257 225 256 225 224 258 259 260 258 260 261 262 263 264 262 264 265 266 267 268 266 268 269 217 179 181 217 181 218 221 164 167 221 167 222 225 19 136 225 136 226 270 271 272 270 272 273 274 275 276 274 276 277 235 106 109 235 109 236 278 279 280 278 280 281 282 283 284 282 284 285 286 287 288 286 288 289 251 52 54 251 54 252 273 272 290 273 290 291 257 16 19 257 19 225 259 4 7 259 7 260 292 293 294 292 294 295 296 297 298 296 298 299 300 301 302 300 302 303 304 305 306 304 306 307 308 309 310 308 310 311 312 313 314 312 314 315 316 317 318 316 318 319 320 321 322 320 322 323 324 325 326 324 326 327 328 329 330 328 330 331 332 333 334 332 334 335 336 337 338 336 338 339 340 341 342 340 342 343 344 345 346 344 346 347 348 349 342 348 342 350 351 352 353 351 353 354 355 356 357 355 357 358 359 360 361 359 361 362 363 364 365 363 365 366 367 368 369 367 369 370 371 372 373 371 373 374 375 376 377 375 377 378 379 380 381 379 381 382 383 384 385 383 385 386 387 388 389 387 389 299 390 391 392 390 392 393 394 395 396 394 396 397 398 399 400 398 400 401 402 403 404 402 404 405 406 407 404 406 404 408 409 410 337 409 337 336 411 412 329 411 329 328 413 347 414 413 414 415 361 416 417 361 417 418 347 346 419 347 419 414 420 421 422 420 422 386 423 413 415 423 415 424 425 411 328 425 328 426 426 328 331 426 331 427 428 429 430 428 430 431 432 320 323 432 323 433 434 435 436 434 436 437 438 439 440 438 440 441 313 432 433 313 433 314 442 443 444 442 444 445 337 426 427 337 427 338 410 425 426 410 426 337 416 423 424 416 424 417 446 447 152 446 152 151 447 448 154 447 154 152 449 450 158 449 158 157 451 452 162 451 162 161 453 167 166 453 166 454 455 456 166 455 166 169 457 446 151 457 151 172 448 458 173 448 173 154 331 330 458 331 458 448 339 338 446 339 446 457 459 460 461 459 461 462 463 464 461 463 461 465 466 467 468 466 468 469 470 471 472 470 472 354 427 331 448 427 448 447 338 427 447 338 447 446 189 192 473 189 473 474 192 194 475 192 475 473 195 196 380 195 380 379 197 198 360 197 360 359 199 476 477 199 477 157 202 203 345 202 345 344 204 207 478 204 478 479 208 211 480 208 480 481 212 482 483 212 483 213 484 485 486 484 486 487 488 223 222 488 222 489 490 491 492 490 492 493 491 494 495 491 495 492 496 497 498 496 498 499 500 501 502 500 502 503 504 505 506 504 506 507 508 509 510 508 510 511 512 513 514 512 514 515 516 517 518 516 518 519 494 520 521 494 521 495 522 490 493 522 493 523 524 525 526 524 526 527 528 529 530 528 530 531 266 532 533 266 533 267 487 486 464 487 464 463 489 222 167 489 167 453 493 492 432 493 432 313 534 535 536 534 536 537 538 539 540 538 540 541 503 502 403 503 403 402 542 543 544 542 544 545 546 547 548 546 548 549 550 551 552 550 552 553 519 518 349 519 349 348 535 554 555 535 555 536 523 493 313 523 313 312 527 526 301 527 301 300 556 557 558 556 558 559 "
						                    >
							<Coordinate point="1.287339 1.635747 0.787092 1.287339 1.635747 2.000000 1.465813 1.635747 2.000000 1.465813 1.635747 0.787092 1.465813 -1.101495 0.787092 1.465813 -1.101495 2.000000 1.465813 -1.635747 2.000000 1.465813 -1.635747 0.787092 1.287339 -1.101495 0.000000 1.465813 -1.101495 0.000000 1.465813 -1.635747 0.000000 1.287339 -1.635747 0.000000 1.287339 0.398451 0.000000 1.465813 0.398451 0.000000 1.465813 0.000000 0.000000 1.287339 0.000000 0.000000 1.465813 0.398451 0.787092 1.465813 0.398451 2.000000 1.465813 0.000000 2.000000 1.465813 0.000000 0.787092 1.287339 -0.850967 0.000000 1.465813 -0.850967 0.000000 1.465813 -1.101495 0.000000 1.287339 -1.101495 0.000000 1.465813 -0.850967 0.787092 1.465813 -0.850967 2.000000 1.465813 -1.101495 2.000000 1.465813 -1.101495 0.787092 0.437378 -0.850967 0.000000 0.789414 -0.850967 0.000000 0.789414 -1.101495 0.000000 0.437378 -1.101495 0.000000 1.287339 -0.850967 2.000000 0.789414 -0.850967 2.000000 0.789414 -1.101495 2.000000 1.287339 -1.101495 2.000000 0.437378 0.398451 0.000000 0.789414 0.398451 0.000000 0.789414 0.000000 0.000000 0.437378 0.000000 0.000000 1.287339 0.398451 2.000000 0.789414 0.398451 2.000000 0.789414 0.000000 2.000000 1.287339 0.000000 2.000000 1.287339 -1.101495 2.000000 0.789414 -1.101495 2.000000 0.789414 -1.635747 2.000000 1.287339 -1.635747 2.000000 0.437378 -1.101495 0.000000 0.789414 -1.101495 0.000000 0.789414 -1.635747 0.000000 0.437378 -1.635747 0.000000 1.287339 -1.635747 0.787092 1.287339 -1.635747 2.000000 0.789414 -1.635747 0.787092 0.437378 1.635747 0.787092 0.437378 1.635747 2.000000 0.789414 1.635747 2.000000 0.789414 1.635747 0.787092 1.287339 1.017099 2.000000 0.789414 1.017099 2.000000 0.789414 0.398451 2.000000 1.287339 0.398451 2.000000 0.437378 1.017099 0.000000 0.789414 1.017099 0.000000 0.789414 0.398451 0.000000 0.437378 0.398451 0.000000 1.465813 1.017099 0.787092 1.465813 1.017099 2.000000 1.465813 0.398451 2.000000 1.465813 0.398451 0.787092 1.287339 1.017099 0.000000 1.465813 1.017099 0.000000 1.465813 0.398451 0.000000 1.287339 0.398451 0.000000 1.287339 1.635747 0.000000 1.465813 1.635747 0.000000 1.465813 1.017099 0.000000 1.287339 1.017099 0.000000 1.465813 1.635747 0.787092 1.465813 1.635747 2.000000 1.465813 1.017099 2.000000 1.465813 1.017099 0.787092 0.437378 1.635747 0.000000 0.789414 1.635747 0.000000 0.789414 1.017099 0.000000 0.437378 1.017099 0.000000 1.287339 1.635747 2.000000 0.789414 1.635747 2.000000 0.789414 1.017099 2.000000 1.287339 1.017099 2.000000 1.465813 1.635747 2.000000 1.287339 1.017099 2.000000 1.465813 1.017099 2.000000 0.789414 1.635747 0.000000 1.287339 1.635747 0.000000 1.287339 1.017099 0.000000 0.789414 1.017099 0.000000 0.789414 1.017099 0.000000 1.287339 1.017099 0.000000 1.287339 0.398451 0.000000 0.789414 0.398451 0.000000 1.465813 1.017099 2.000000 1.287339 1.017099 2.000000 1.287339 0.398451 2.000000 1.465813 0.398451 2.000000 1.465813 -1.635747 0.787092 1.465813 -1.635747 2.000000 1.287339 -1.635747 2.000000 1.287339 -1.635747 0.787092 1.465813 -1.101495 2.000000 1.287339 -1.101495 2.000000 1.465813 -1.635747 2.000000 1.465813 0.398451 2.000000 1.465813 0.000000 2.000000 1.465813 -0.850967 2.000000 1.465813 -1.101495 2.000000 0.789414 -0.850967 0.000000 1.287339 -0.850967 0.000000 1.287339 -1.101495 0.000000 1.287339 0.398451 0.000000 1.287339 0.000000 0.000000 0.789414 0.000000 0.000000 1.287339 -1.635747 0.000000 0.789414 1.635747 0.787092 1.287339 1.635747 2.000000 1.287339 1.635747 0.787092 0.789414 -0.083021 0.000000 1.287339 -0.083021 0.000000 1.465813 -0.083021 2.000000 1.287339 -0.083021 2.000000 0.789414 -0.083021 2.000000 0.437378 -0.083021 0.000000 0.789414 -0.083021 0.000000 0.789414 -0.850967 0.000000 0.437378 -0.850967 0.000000 1.465813 -0.083021 0.787092 1.465813 -0.083021 2.000000 1.287339 -0.083021 0.000000 1.465813 -0.083021 0.000000 1.465813 -0.850967 0.000000 1.287339 -0.850967 0.000000 1.287339 0.000000 0.000000 1.465813 0.000000 0.000000 1.465813 -0.083021 0.000000 1.287339 -0.083021 0.000000 0.437378 0.000000 0.000000 0.789414 0.000000 0.000000 0.789414 -0.083021 0.000000 0.437378 -0.083021 0.000000 0.437378 0.000000 2.000000 0.000000 0.000000 2.000000 0.000000 -0.083021 2.000000 0.437378 -0.083021 2.000000 0.000000 -0.850967 2.000000 0.437378 -0.850967 2.000000 0.437378 1.635747 2.000000 0.000000 1.635747 2.000000 0.000000 1.017099 2.000000 0.437378 1.017099 2.000000 0.437378 1.017099 2.000000 0.000000 1.017099 2.000000 0.000000 0.398451 2.000000 0.437378 0.398451 2.000000 0.437378 -1.635747 0.787092 0.437378 -1.635747 2.000000 0.000000 -1.635747 2.000000 0.000000 -1.635747 0.787092 0.437378 -1.101495 2.000000 0.000000 -1.101495 2.000000 0.437378 -1.635747 2.000000 0.437378 0.398451 2.000000 0.000000 0.398451 2.000000 0.000000 -1.101495 2.000000 0.437378 -1.101495 2.000000 0.789414 -1.101495 2.000000 0.437378 -1.101495 2.000000 0.437378 -1.635747 2.000000 0.789414 -1.635747 2.000000 0.789414 -1.635747 0.787092 0.789414 -1.635747 2.000000 0.437378 -1.635747 0.787092 0.789414 1.017099 2.000000 0.437378 1.017099 2.000000 0.437378 0.398451 2.000000 0.789414 0.398451 2.000000 0.789414 1.635747 2.000000 0.437378 1.017099 2.000000 0.789414 1.017099 2.000000 0.000000 0.000000 0.000000 0.437378 0.000000 0.000000 0.437378 -0.083021 0.000000 0.000000 -0.083021 0.000000 0.437378 -0.850967 0.000000 0.000000 -0.850967 0.000000 0.000000 1.635747 0.000000 0.000000 1.017099 0.000000 0.000000 1.017099 0.000000 0.000000 0.398451 0.000000 0.000000 1.635747 0.787092 0.437378 1.635747 2.000000 0.437378 1.635747 0.787092 0.000000 -1.101495 0.000000 0.000000 -1.635747 0.000000 0.000000 0.398451 0.000000 0.437378 0.398451 0.000000 0.437378 0.000000 0.000000 0.000000 0.000000 0.000000 0.000000 -0.850967 0.000000 0.437378 -0.850967 0.000000 0.437378 -1.101495 0.000000 0.000000 -1.101495 0.000000 0.000000 1.635747 0.000000 0.000000 1.635747 0.259740 0.437378 1.635747 0.259740 0.437378 1.635747 0.000000 0.789414 -1.635747 0.000000 0.789414 -1.635747 0.259740 0.437378 -1.635747 0.259740 0.437378 -1.635747 0.000000 0.437378 -1.635747 0.000000 0.437378 -1.635747 0.259740 0.000000 -1.635747 0.259740 0.000000 -1.635747 0.000000 1.465813 0.000000 0.000000 1.465813 0.000000 0.259740 1.465813 -0.083021 0.259740 1.465813 -0.083021 0.000000 1.465813 -0.850967 0.259740 1.465813 -0.850967 0.000000 0.789414 1.635747 0.000000 0.789414 1.635747 0.259740 1.287339 1.635747 0.259740 1.287339 1.635747 0.000000 1.465813 -1.635747 0.000000 1.465813 -1.635747 0.259740 1.287339 -1.635747 0.259740 1.287339 -1.635747 0.000000 1.465813 1.635747 0.000000 1.465813 1.635747 0.259740 1.465813 1.017099 0.259740 1.465813 1.017099 0.000000 1.465813 1.017099 0.000000 1.465813 1.017099 0.259740 1.465813 0.398451 0.259740 1.465813 0.398451 0.000000 0.437378 1.635747 0.000000 0.437378 1.635747 0.259740 0.789414 1.635747 0.259740 0.789414 1.635747 0.000000 1.287339 -1.635747 0.000000 1.287339 -1.635747 0.259740 0.789414 -1.635747 0.259740 0.789414 -1.635747 0.000000 1.465813 -1.101495 0.259740 1.465813 -1.101495 0.000000 1.465813 0.398451 0.000000 1.465813 0.398451 0.259740 1.465813 -1.101495 0.000000 1.465813 -1.101495 0.259740 1.465813 -1.635747 0.259740 1.465813 -1.635747 0.000000 1.287339 1.635747 0.000000 1.287339 1.635747 0.259740 1.465813 1.635747 0.259740 1.465813 1.635747 0.000000 0.000000 1.635747 0.259740 0.000000 1.635747 0.787092 0.437378 1.635747 0.787092 0.437378 1.635747 0.259740 1.465813 -0.083021 0.259740 1.465813 -0.083021 0.787092 1.465813 -0.850967 0.787092 1.465813 -0.850967 0.259740 0.789414 1.635747 0.259740 0.789414 1.635747 0.787092 1.287339 1.635747 0.787092 1.287339 1.635747 0.259740 1.465813 1.635747 0.259740 1.465813 1.635747 0.787092 1.465813 1.017099 0.787092 1.465813 1.017099 0.259740 1.465813 1.017099 0.259740 1.465813 1.017099 0.787092 1.465813 0.398451 0.787092 1.465813 0.398451 0.259740 0.437378 1.635747 0.259740 0.437378 1.635747 0.787092 0.789414 1.635747 0.787092 0.789414 1.635747 0.259740 1.465813 -1.101495 0.787092 1.465813 -1.101495 0.259740 1.287339 1.635747 0.259740 1.287339 1.635747 0.787092 1.465813 1.635747 0.787092 1.465813 1.635747 0.259740 -1.287339 1.635747 0.787092 -1.465813 1.635747 0.787092 -1.465813 1.635747 2.000000 -1.287339 1.635747 2.000000 -1.465813 -1.101495 0.787092 -1.465813 -1.635747 0.787092 -1.465813 -1.635747 2.000000 -1.465813 -1.101495 2.000000 -1.287339 -1.101495 0.000000 -1.287339 -1.635747 0.000000 -1.465813 -1.635747 0.000000 -1.465813 -1.101495 0.000000 -1.287339 0.398451 0.000000 -1.287339 0.000000 0.000000 -1.465813 0.000000 0.000000 -1.465813 0.398451 0.000000 -1.465813 0.398451 0.787092 -1.465813 0.000000 0.787092 -1.465813 0.000000 2.000000 -1.465813 0.398451 2.000000 -1.287339 -0.850967 0.000000 -1.287339 -1.101495 0.000000 -1.465813 -1.101495 0.000000 -1.465813 -0.850967 0.000000 -1.465813 -0.850967 0.787092 -1.465813 -1.101495 0.787092 -1.465813 -1.101495 2.000000 -1.465813 -0.850967 2.000000 -0.437378 -0.850967 0.000000 -0.437378 -1.101495 0.000000 -0.789414 -1.101495 0.000000 -0.789414 -0.850967 0.000000 -1.287339 -0.850967 2.000000 -1.287339 -1.101495 2.000000 -0.789414 -1.101495 2.000000 -0.789414 -0.850967 2.000000 -0.437378 0.398451 0.000000 -0.437378 0.000000 0.000000 -0.789414 0.000000 0.000000 -0.789414 0.398451 0.000000 -1.287339 0.398451 2.000000 -1.287339 0.000000 2.000000 -0.789414 0.000000 2.000000 -0.789414 0.398451 2.000000 -1.287339 -1.101495 2.000000 -1.287339 -1.635747 2.000000 -0.789414 -1.635747 2.000000 -0.789414 -1.101495 2.000000 -0.437378 -1.101495 0.000000 -0.437378 -1.635747 0.000000 -0.789414 -1.635747 0.000000 -0.789414 -1.101495 0.000000 -1.287339 -1.635747 0.787092 -0.789414 -1.635747 0.787092 -1.287339 -1.635747 2.000000 -0.437378 1.635747 0.787092 -0.789414 1.635747 0.787092 -0.789414 1.635747 2.000000 -0.437378 1.635747 2.000000 -1.287339 1.017099 2.000000 -1.287339 0.398451 2.000000 -0.789414 0.398451 2.000000 -0.789414 1.017099 2.000000 -0.437378 1.017099 0.000000 -0.437378 0.398451 0.000000 -0.789414 0.398451 0.000000 -0.789414 1.017099 0.000000 -1.465813 1.017099 0.787092 -1.465813 0.398451 0.787092 -1.465813 0.398451 2.000000 -1.465813 1.017099 2.000000 -1.287339 1.017099 0.000000 -1.287339 0.398451 0.000000 -1.465813 0.398451 0.000000 -1.465813 1.017099 0.000000 -1.287339 1.635747 0.000000 -1.287339 1.017099 0.000000 -1.465813 1.017099 0.000000 -1.465813 1.635747 0.000000 -1.465813 1.635747 0.787092 -1.465813 1.017099 0.787092 -1.465813 1.017099 2.000000 -1.465813 1.635747 2.000000 -0.437378 1.635747 0.000000 -0.437378 1.017099 0.000000 -0.789414 1.017099 0.000000 -0.789414 1.635747 0.000000 -1.287339 1.635747 2.000000 -1.287339 1.017099 2.000000 -0.789414 1.017099 2.000000 -0.789414 1.635747 2.000000 -1.465813 1.635747 2.000000 -1.465813 1.017099 2.000000 -1.287339 1.017099 2.000000 -0.789414 1.635747 0.000000 -0.789414 1.017099 0.000000 -1.287339 1.017099 0.000000 -1.287339 1.635747 0.000000 -0.789414 1.017099 0.000000 -0.789414 0.398451 0.000000 -1.287339 0.398451 0.000000 -1.287339 1.017099 0.000000 -1.465813 1.017099 2.000000 -1.465813 0.398451 2.000000 -1.287339 0.398451 2.000000 -1.287339 1.017099 2.000000 -1.465813 -1.635747 0.787092 -1.287339 -1.635747 0.787092 -1.287339 -1.635747 2.000000 -1.465813 -1.635747 2.000000 -1.465813 -1.101495 2.000000 -1.465813 -1.635747 2.000000 -1.287339 -1.101495 2.000000 -1.465813 0.398451 2.000000 -1.465813 0.000000 2.000000 -1.465813 -0.850967 2.000000 -1.465813 -1.101495 2.000000 -0.789414 -0.850967 0.000000 -1.287339 -1.101495 0.000000 -1.287339 -0.850967 0.000000 -0.789414 0.000000 0.000000 -1.287339 0.000000 0.000000 -1.287339 0.398451 0.000000 -1.287339 -1.635747 0.000000 -0.789414 1.635747 0.787092 -1.287339 1.635747 0.787092 -1.287339 1.635747 2.000000 -0.789414 -0.083021 0.000000 -1.287339 -0.083021 0.000000 -1.465813 -0.083021 2.000000 -1.287339 -0.083021 2.000000 -0.789414 -0.083021 2.000000 -0.437378 -0.083021 0.000000 -0.437378 -0.850967 0.000000 -0.789414 -0.850967 0.000000 -0.789414 -0.083021 0.000000 -1.465813 -0.083021 0.787092 -1.465813 -0.083021 2.000000 -1.287339 -0.083021 0.000000 -1.287339 -0.850967 0.000000 -1.465813 -0.850967 0.000000 -1.465813 -0.083021 0.000000 -1.287339 0.000000 0.000000 -1.287339 -0.083021 0.000000 -1.465813 -0.083021 0.000000 -1.465813 0.000000 0.000000 -0.437378 0.000000 0.000000 -0.437378 -0.083021 0.000000 -0.789414 -0.083021 0.000000 -0.789414 0.000000 0.000000 -0.437378 0.000000 2.000000 -0.437378 -0.083021 2.000000 -0.437378 -0.850967 2.000000 -0.437378 1.635747 2.000000 -0.437378 1.017099 2.000000 -0.437378 1.017099 2.000000 -0.437378 0.398451 2.000000 -0.437378 -1.635747 0.787092 -0.437378 -1.635747 2.000000 -0.437378 -1.101495 2.000000 -0.437378 -1.635747 2.000000 -0.437378 0.398451 2.000000 -0.437378 -1.101495 2.000000 -0.789414 -1.101495 2.000000 -0.789414 -1.635747 2.000000 -0.437378 -1.635747 2.000000 -0.437378 -1.101495 2.000000 -0.789414 -1.635747 0.787092 -0.437378 -1.635747 0.787092 -0.789414 -1.635747 2.000000 -0.789414 1.017099 2.000000 -0.789414 0.398451 2.000000 -0.437378 0.398451 2.000000 -0.437378 1.017099 2.000000 -0.789414 1.635747 2.000000 -0.789414 1.017099 2.000000 -0.437378 1.017099 2.000000 -0.437378 -0.083021 0.000000 -0.437378 0.000000 0.000000 -0.437378 -0.850967 0.000000 -0.437378 1.635747 0.787092 -0.437378 1.635747 2.000000 -0.437378 0.000000 0.000000 -0.437378 0.398451 0.000000 -0.437378 -1.101495 0.000000 -0.437378 -0.850967 0.000000 -0.437378 1.635747 0.000000 -0.437378 1.635747 0.259740 -0.789414 -1.635747 0.000000 -0.437378 -1.635747 0.000000 -0.437378 -1.635747 0.259740 -0.789414 -1.635747 0.259740 -0.437378 -1.635747 0.000000 -0.437378 -1.635747 0.259740 -1.465813 0.000000 0.000000 -1.465813 -0.083021 0.000000 -1.465813 -0.083021 0.259740 -1.465813 0.000000 0.259740 -1.465813 -0.850967 0.000000 -1.465813 -0.850967 0.259740 -0.789414 1.635747 0.000000 -1.287339 1.635747 0.000000 -1.287339 1.635747 0.259740 -0.789414 1.635747 0.259740 -1.465813 -1.635747 0.000000 -1.287339 -1.635747 0.000000 -1.287339 -1.635747 0.259740 -1.465813 -1.635747 0.259740 -1.465813 1.635747 0.000000 -1.465813 1.017099 0.000000 -1.465813 1.017099 0.259740 -1.465813 1.635747 0.259740 -1.465813 1.017099 0.000000 -1.465813 0.398451 0.000000 -1.465813 0.398451 0.259740 -1.465813 1.017099 0.259740 -0.437378 1.635747 0.000000 -0.789414 1.635747 0.000000 -0.789414 1.635747 0.259740 -0.437378 1.635747 0.259740 -1.287339 -1.635747 0.000000 -0.789414 -1.635747 0.000000 -0.789414 -1.635747 0.259740 -1.287339 -1.635747 0.259740 -1.465813 -1.101495 0.000000 -1.465813 -1.101495 0.259740 -1.465813 0.398451 0.000000 -1.465813 0.398451 0.259740 -1.465813 -1.101495 0.000000 -1.465813 -1.635747 0.000000 -1.465813 -1.635747 0.259740 -1.465813 -1.101495 0.259740 -1.287339 1.635747 0.000000 -1.465813 1.635747 0.000000 -1.465813 1.635747 0.259740 -1.287339 1.635747 0.259740 -0.437378 1.635747 0.259740 -0.437378 1.635747 0.787092 -1.465813 -0.083021 0.259740 -1.465813 -0.850967 0.259740 -1.465813 -0.850967 0.787092 -1.465813 -0.083021 0.787092 -0.789414 1.635747 0.259740 -1.287339 1.635747 0.259740 -1.287339 1.635747 0.787092 -0.789414 1.635747 0.787092 -1.465813 1.635747 0.259740 -1.465813 1.017099 0.259740 -1.465813 1.017099 0.787092 -1.465813 1.635747 0.787092 -1.465813 1.017099 0.259740 -1.465813 0.398451 0.259740 -1.465813 0.398451 0.787092 -1.465813 1.017099 0.787092 -0.437378 1.635747 0.259740 -0.789414 1.635747 0.259740 -0.789414 1.635747 0.787092 -0.437378 1.635747 0.787092 -1.465813 -1.101495 0.259740 -1.465813 -1.101495 0.787092 -1.287339 1.635747 0.259740 -1.465813 1.635747 0.259740 -1.465813 1.635747 0.787092 -1.287339 1.635747 0.787092 " />
							<Normal vector="0.000000 1.000000 0.000000 0.000000 0.707083 0.707083 0.577349 0.577349 0.577349 0.707083 0.707083 0.000000 1.000000 0.000000 0.000000 0.707083 0.000000 0.707083 0.577349 -0.577349 0.577349 0.707083 -0.707083 0.000000 0.000000 0.000000 -1.000000 0.707083 0.000000 -0.707083 0.577349 -0.577349 -0.577349 0.000000 -0.707083 -0.707083 0.000000 0.000000 -1.000000 0.707083 0.000000 -0.707083 0.707083 0.000000 -0.707083 0.000000 0.000000 -1.000000 1.000000 0.000000 0.000000 0.707083 0.000000 0.707083 0.707083 0.000000 0.707083 1.000000 0.000000 0.000000 0.000000 0.000000 -1.000000 0.707083 0.000000 -0.707083 0.707083 0.000000 -0.707083 0.000000 0.000000 -1.000000 1.000000 0.000000 0.000000 0.707083 0.000000 0.707083 0.707083 0.000000 0.707083 1.000000 0.000000 0.000000 0.000000 0.000000 -1.000000 0.000000 0.000000 -1.000000 0.000000 0.000000 -1.000000 0.000000 0.000000 -1.000000 0.000000 0.000000 1.000000 0.000000 0.000000 1.000000 0.000000 0.000000 1.000000 0.000000 0.000000 1.000000 0.000000 0.000000 -1.000000 0.000000 0.000000 -1.000000 0.000000 0.000000 -1.000000 0.000000 0.000000 -1.000000 0.000000 0.000000 1.000000 0.000000 0.000000 1.000000 0.000000 0.000000 1.000000 0.000000 0.000000 1.000000 0.000000 0.000000 1.000000 0.000000 0.000000 1.000000 0.000000 -0.707083 0.707083 0.000000 -0.707083 0.707083 0.000000 0.000000 -1.000000 0.000000 0.000000 -1.000000 0.000000 -0.707083 -0.707083 0.000000 -0.707083 -0.707083 0.000000 -1.000000 0.000000 0.000000 -0.707083 0.707083 0.000000 -1.000000 0.000000 0.000000 1.000000 0.000000 0.000000 0.707083 0.707083 0.000000 0.707083 0.707083 0.000000 1.000000 0.000000 0.000000 0.000000 1.000000 0.000000 0.000000 1.000000 0.000000 0.000000 1.000000 0.000000 0.000000 1.000000 0.000000 0.000000 -1.000000 0.000000 0.000000 -1.000000 0.000000 0.000000 -1.000000 0.000000 0.000000 -1.000000 1.000000 0.000000 0.000000 0.707083 0.000000 0.707083 0.707083 0.000000 0.707083 1.000000 0.000000 0.000000 0.000000 0.000000 -1.000000 0.707083 0.000000 -0.707083 0.707083 0.000000 -0.707083 0.000000 0.000000 -1.000000 0.000000 0.707083 -0.707083 0.577349 0.577349 -0.577349 0.707083 0.000000 -0.707083 0.000000 0.000000 -1.000000 0.707083 0.707083 0.000000 0.577349 0.577349 0.577349 0.707083 0.000000 0.707083 1.000000 0.000000 0.000000 0.000000 0.707083 -0.707083 0.000000 0.707083 -0.707083 0.000000 0.000000 -1.000000 0.000000 0.000000 -1.000000 0.000000 0.707083 0.707083 0.000000 0.707083 0.707083 0.000000 0.000000 1.000000 0.000000 0.000000 1.000000 0.577349 0.577349 0.577349 0.000000 0.000000 1.000000 0.707083 0.000000 0.707083 0.000000 0.707083 -0.707083 0.000000 0.707083 -0.707083 0.000000 0.000000 -1.000000 0.000000 0.000000 -1.000000 0.000000 0.000000 -1.000000 0.000000 0.000000 -1.000000 0.000000 0.000000 -1.000000 0.000000 0.000000 -1.000000 0.707083 0.000000 0.707083 0.000000 0.000000 1.000000 0.000000 0.000000 1.000000 0.707083 0.000000 0.707083 0.707083 -0.707083 0.000000 0.577349 -0.577349 0.577349 0.000000 -0.707083 0.707083 0.000000 -1.000000 0.000000 0.707083 0.000000 0.707083 0.000000 0.000000 1.000000 0.577349 -0.577349 0.577349 0.707083 0.000000 0.707083 0.707083 0.000000 0.707083 0.707083 0.000000 0.707083 0.707083 0.000000 0.707083 0.000000 0.000000 -1.000000 0.000000 0.000000 -1.000000 0.000000 0.000000 -1.000000 0.000000 0.000000 -1.000000 0.000000 0.000000 -1.000000 0.000000 0.000000 -1.000000 0.000000 -0.707083 -0.707083 0.000000 1.000000 0.000000 0.000000 0.707083 0.707083 0.000000 1.000000 0.000000 0.000000 0.000000 -1.000000 0.000000 0.000000 -1.000000 0.707083 0.000000 0.707083 0.000000 0.000000 1.000000 0.000000 0.000000 1.000000 0.000000 0.000000 -1.000000 0.000000 0.000000 -1.000000 0.000000 0.000000 -1.000000 0.000000 0.000000 -1.000000 1.000000 0.000000 0.000000 0.707083 0.000000 0.707083 0.000000 0.000000 -1.000000 0.707083 0.000000 -0.707083 0.707083 0.000000 -0.707083 0.000000 0.000000 -1.000000 0.000000 0.000000 -1.000000 0.707083 0.000000 -0.707083 0.707083 0.000000 -0.707083 0.000000 0.000000 -1.000000 0.000000 0.000000 -1.000000 0.000000 0.000000 -1.000000 0.000000 0.000000 -1.000000 0.000000 0.000000 -1.000000 0.000000 0.000000 1.000000 0.000000 0.000000 1.000000 0.000000 0.000000 1.000000 0.000000 0.000000 1.000000 0.000000 0.000000 1.000000 0.000000 0.000000 1.000000 0.000000 0.707083 0.707083 0.000000 0.707083 0.707083 0.000000 0.000000 1.000000 0.000000 0.000000 1.000000 0.000000 0.000000 1.000000 0.000000 0.000000 1.000000 0.000000 0.000000 1.000000 0.000000 0.000000 1.000000 0.000000 -1.000000 0.000000 0.000000 -0.707083 0.707083 0.000000 -0.707083 0.707083 0.000000 -1.000000 0.000000 0.000000 0.000000 1.000000 0.000000 0.000000 1.000000 0.000000 -0.707083 0.707083 0.000000 0.000000 1.000000 0.000000 0.000000 1.000000 0.000000 0.000000 1.000000 0.000000 0.000000 1.000000 0.000000 0.000000 1.000000 0.000000 0.000000 1.000000 0.000000 -0.707083 0.707083 0.000000 -0.707083 0.707083 0.000000 -1.000000 0.000000 0.000000 -0.707083 0.707083 0.000000 -1.000000 0.000000 0.000000 0.000000 1.000000 0.000000 0.000000 1.000000 0.000000 0.000000 1.000000 0.000000 0.000000 1.000000 0.000000 0.707083 0.707083 0.000000 0.000000 1.000000 0.000000 0.000000 1.000000 0.000000 0.000000 -1.000000 0.000000 0.000000 -1.000000 0.000000 0.000000 -1.000000 0.000000 0.000000 -1.000000 0.000000 0.000000 -1.000000 0.000000 0.000000 -1.000000 0.000000 0.707083 -0.707083 0.000000 0.000000 -1.000000 0.000000 0.000000 -1.000000 0.000000 0.000000 -1.000000 0.000000 1.000000 0.000000 0.000000 0.707083 0.707083 0.000000 1.000000 0.000000 0.000000 0.000000 -1.000000 0.000000 -0.707083 -0.707083 0.000000 0.000000 -1.000000 0.000000 0.000000 -1.000000 0.000000 0.000000 -1.000000 0.000000 0.000000 -1.000000 0.000000 0.000000 -1.000000 0.000000 0.000000 -1.000000 0.000000 0.000000 -1.000000 0.000000 0.000000 -1.000000 0.000000 0.707083 -0.707083 0.000000 1.000000 0.000000 0.000000 1.000000 0.000000 0.000000 0.707083 -0.707083 0.000000 -0.707083 -0.707083 0.000000 -1.000000 0.000000 0.000000 -1.000000 0.000000 0.000000 -0.707083 -0.707083 0.000000 -0.707083 -0.707083 0.000000 -1.000000 0.000000 0.000000 -1.000000 0.000000 0.000000 -0.707083 -0.707083 0.707083 0.000000 -0.707083 1.000000 0.000000 0.000000 1.000000 0.000000 0.000000 0.707083 0.000000 -0.707083 1.000000 0.000000 0.000000 0.707083 0.000000 -0.707083 0.000000 0.707083 -0.707083 0.000000 1.000000 0.000000 0.000000 1.000000 0.000000 0.000000 0.707083 -0.707083 0.577349 -0.577349 -0.577349 0.707083 -0.707083 0.000000 0.000000 -1.000000 0.000000 0.000000 -0.707083 -0.707083 0.577349 0.577349 -0.577349 0.707083 0.707083 0.000000 1.000000 0.000000 0.000000 0.707083 0.000000 -0.707083 0.707083 0.000000 -0.707083 1.000000 0.000000 0.000000 1.000000 0.000000 0.000000 0.707083 0.000000 -0.707083 0.000000 0.707083 -0.707083 0.000000 1.000000 0.000000 0.000000 1.000000 0.000000 0.000000 0.707083 -0.707083 0.000000 -0.707083 -0.707083 0.000000 -1.000000 0.000000 0.000000 -1.000000 0.000000 0.000000 -0.707083 -0.707083 1.000000 0.000000 0.000000 0.707083 0.000000 -0.707083 0.707083 0.000000 -0.707083 1.000000 0.000000 0.000000 0.707083 0.000000 -0.707083 1.000000 0.000000 0.000000 0.707083 -0.707083 0.000000 0.577349 -0.577349 -0.577349 0.000000 0.707083 -0.707083 0.000000 1.000000 0.000000 0.707083 0.707083 0.000000 0.577349 0.577349 -0.577349 0.000000 1.000000 0.000000 0.000000 1.000000 0.000000 0.000000 1.000000 0.000000 0.000000 1.000000 0.000000 1.000000 0.000000 0.000000 1.000000 0.000000 0.000000 1.000000 0.000000 0.000000 1.000000 0.000000 0.000000 0.000000 1.000000 0.000000 0.000000 1.000000 0.000000 0.000000 1.000000 0.000000 0.000000 1.000000 0.000000 0.707083 0.707083 0.000000 0.707083 0.707083 0.000000 1.000000 0.000000 0.000000 1.000000 0.000000 0.000000 1.000000 0.000000 0.000000 1.000000 0.000000 0.000000 1.000000 0.000000 0.000000 1.000000 0.000000 0.000000 0.000000 1.000000 0.000000 0.000000 1.000000 0.000000 0.000000 1.000000 0.000000 0.000000 1.000000 0.000000 1.000000 0.000000 0.000000 1.000000 0.000000 0.000000 0.000000 1.000000 0.000000 0.000000 1.000000 0.000000 0.707083 0.707083 0.000000 0.707083 0.707083 0.000000 0.000000 1.000000 0.000000 -0.707083 0.707083 0.000000 -0.577349 0.577349 0.577349 0.000000 0.707083 0.707083 -1.000000 0.000000 0.000000 -0.707083 -0.707083 0.000000 -0.577349 -0.577349 0.577349 -0.707083 0.000000 0.707083 0.000000 0.000000 -1.000000 0.000000 -0.707083 -0.707083 -0.577349 -0.577349 -0.577349 -0.707083 0.000000 -0.707083 0.000000 0.000000 -1.000000 0.000000 0.000000 -1.000000 -0.707083 0.000000 -0.707083 -0.707083 0.000000 -0.707083 -1.000000 0.000000 0.000000 -1.000000 0.000000 0.000000 -0.707083 0.000000 0.707083 -0.707083 0.000000 0.707083 0.000000 0.000000 -1.000000 0.000000 0.000000 -1.000000 -0.707083 0.000000 -0.707083 -0.707083 0.000000 -0.707083 -1.000000 0.000000 0.000000 -1.000000 0.000000 0.000000 -0.707083 0.000000 0.707083 -0.707083 0.000000 0.707083 0.000000 0.000000 -1.000000 0.000000 0.000000 -1.000000 0.000000 0.000000 -1.000000 0.000000 0.000000 -1.000000 0.000000 0.000000 1.000000 0.000000 0.000000 1.000000 0.000000 0.000000 1.000000 0.000000 0.000000 1.000000 0.000000 0.000000 -1.000000 0.000000 0.000000 -1.000000 0.000000 0.000000 -1.000000 0.000000 0.000000 -1.000000 0.000000 0.000000 1.000000 0.000000 0.000000 1.000000 0.000000 0.000000 1.000000 0.000000 0.000000 1.000000 0.000000 0.000000 1.000000 0.000000 -0.707083 0.707083 0.000000 -0.707083 0.707083 0.000000 0.000000 1.000000 0.000000 0.000000 -1.000000 0.000000 -0.707083 -0.707083 0.000000 -0.707083 -0.707083 0.000000 0.000000 -1.000000 0.000000 -1.000000 0.000000 0.000000 -1.000000 0.000000 0.000000 -0.707083 0.707083 0.000000 1.000000 0.000000 0.000000 1.000000 0.000000 0.000000 0.707083 0.707083 0.000000 0.707083 0.707083 0.000000 0.000000 1.000000 0.000000 0.000000 1.000000 0.000000 0.000000 1.000000 0.000000 0.000000 1.000000 0.000000 0.000000 -1.000000 0.000000 0.000000 -1.000000 0.000000 0.000000 -1.000000 0.000000 0.000000 -1.000000 -1.000000 0.000000 0.000000 -1.000000 0.000000 0.000000 -0.707083 0.000000 0.707083 -0.707083 0.000000 0.707083 0.000000 0.000000 -1.000000 0.000000 0.000000 -1.000000 -0.707083 0.000000 -0.707083 -0.707083 0.000000 -0.707083 0.000000 0.707083 -0.707083 0.000000 0.000000 -1.000000 -0.707083 0.000000 -0.707083 -0.577349 0.577349 -0.577349 -0.707083 0.707083 0.000000 -1.000000 0.000000 0.000000 -0.707083 0.000000 0.707083 -0.577349 0.577349 0.577349 0.000000 0.707083 -0.707083 0.000000 0.000000 -1.000000 0.000000 0.000000 -1.000000 0.000000 0.707083 -0.707083 0.000000 0.707083 0.707083 0.000000 0.000000 1.000000 0.000000 0.000000 1.000000 0.000000 0.707083 0.707083 -0.577349 0.577349 0.577349 -0.707083 0.000000 0.707083 0.000000 0.000000 1.000000 0.000000 0.707083 -0.707083 0.000000 0.000000 -1.000000 0.000000 0.000000 -1.000000 0.000000 0.707083 -0.707083 0.000000 0.000000 -1.000000 0.000000 0.000000 -1.000000 0.000000 0.000000 -1.000000 0.000000 0.000000 -1.000000 -0.707083 0.000000 0.707083 -0.707083 0.000000 0.707083 0.000000 0.000000 1.000000 0.000000 0.000000 1.000000 -0.707083 -0.707083 0.000000 0.000000 -1.000000 0.000000 0.000000 -0.707083 0.707083 -0.577349 -0.577349 0.577349 -0.707083 0.000000 0.707083 -0.577349 -0.577349 0.577349 0.000000 0.000000 1.000000 -0.707083 0.000000 0.707083 -0.707083 0.000000 0.707083 -0.707083 0.000000 0.707083 -0.707083 0.000000 0.707083 0.000000 0.000000 -1.000000 0.000000 0.000000 -1.000000 0.000000 0.000000 -1.000000 0.000000 0.000000 -1.000000 0.000000 0.000000 -1.000000 0.000000 0.000000 -1.000000 0.000000 -0.707083 -0.707083 0.000000 1.000000 0.000000 0.000000 1.000000 0.000000 0.000000 0.707083 0.707083 0.000000 0.000000 -1.000000 0.000000 0.000000 -1.000000 -0.707083 0.000000 0.707083 0.000000 0.000000 1.000000 0.000000 0.000000 1.000000 0.000000 0.000000 -1.000000 0.000000 0.000000 -1.000000 0.000000 0.000000 -1.000000 0.000000 0.000000 -1.000000 -1.000000 0.000000 0.000000 -0.707083 0.000000 0.707083 0.000000 0.000000 -1.000000 0.000000 0.000000 -1.000000 -0.707083 0.000000 -0.707083 -0.707083 0.000000 -0.707083 0.000000 0.000000 -1.000000 0.000000 0.000000 -1.000000 -0.707083 0.000000 -0.707083 -0.707083 0.000000 -0.707083 0.000000 0.000000 -1.000000 0.000000 0.000000 -1.000000 0.000000 0.000000 -1.000000 0.000000 0.000000 -1.000000 0.000000 0.000000 1.000000 0.000000 0.000000 1.000000 0.000000 0.000000 1.000000 0.000000 0.707083 0.707083 0.000000 0.000000 1.000000 0.000000 0.000000 1.000000 0.000000 0.000000 1.000000 0.000000 -1.000000 0.000000 0.000000 -0.707083 0.707083 0.000000 0.000000 1.000000 0.000000 -0.707083 0.707083 0.000000 0.000000 1.000000 0.000000 0.000000 1.000000 0.000000 0.000000 1.000000 0.000000 -0.707083 0.707083 0.000000 -0.707083 0.707083 0.000000 0.000000 1.000000 0.000000 -1.000000 0.000000 0.000000 -1.000000 0.000000 0.000000 -0.707083 0.707083 0.000000 0.000000 1.000000 0.000000 0.000000 1.000000 0.000000 0.000000 1.000000 0.000000 0.000000 1.000000 0.000000 0.707083 0.707083 0.000000 0.000000 1.000000 0.000000 0.000000 1.000000 0.000000 0.000000 -1.000000 0.000000 0.000000 -1.000000 0.000000 0.000000 -1.000000 0.000000 1.000000 0.000000 0.000000 0.707083 0.707083 0.000000 0.000000 -1.000000 0.000000 0.000000 -1.000000 0.000000 0.000000 -1.000000 0.000000 0.000000 -1.000000 0.000000 0.707083 -0.707083 0.000000 1.000000 0.000000 0.000000 -0.707083 -0.707083 0.000000 -0.707083 -0.707083 0.000000 -1.000000 0.000000 0.000000 -1.000000 0.000000 0.000000 -0.707083 -0.707083 0.000000 -1.000000 0.000000 -0.707083 0.000000 -0.707083 -0.707083 0.000000 -0.707083 -1.000000 0.000000 0.000000 -1.000000 0.000000 0.000000 -0.707083 0.000000 -0.707083 -1.000000 0.000000 0.000000 0.000000 0.707083 -0.707083 0.000000 0.707083 -0.707083 0.000000 1.000000 0.000000 0.000000 1.000000 0.000000 -0.577349 -0.577349 -0.577349 0.000000 -0.707083 -0.707083 0.000000 -1.000000 0.000000 -0.707083 -0.707083 0.000000 -0.577349 0.577349 -0.577349 -0.707083 0.000000 -0.707083 -1.000000 0.000000 0.000000 -0.707083 0.707083 0.000000 -0.707083 0.000000 -0.707083 -0.707083 0.000000 -0.707083 -1.000000 0.000000 0.000000 -1.000000 0.000000 0.000000 0.000000 0.707083 -0.707083 0.000000 0.707083 -0.707083 0.000000 1.000000 0.000000 0.000000 1.000000 0.000000 0.000000 -0.707083 -0.707083 0.000000 -0.707083 -0.707083 0.000000 -1.000000 0.000000 0.000000 -1.000000 0.000000 -0.707083 0.000000 -0.707083 -1.000000 0.000000 0.000000 -0.707083 0.000000 -0.707083 -1.000000 0.000000 0.000000 -0.707083 0.000000 -0.707083 -0.577349 -0.577349 -0.577349 -0.707083 -0.707083 0.000000 -1.000000 0.000000 0.000000 0.000000 0.707083 -0.707083 -0.577349 0.577349 -0.577349 -0.707083 0.707083 0.000000 0.000000 1.000000 0.000000 0.000000 1.000000 0.000000 0.000000 1.000000 0.000000 -1.000000 0.000000 0.000000 -1.000000 0.000000 0.000000 -1.000000 0.000000 0.000000 -1.000000 0.000000 0.000000 0.000000 1.000000 0.000000 0.000000 1.000000 0.000000 0.000000 1.000000 0.000000 0.000000 1.000000 0.000000 -0.707083 0.707083 0.000000 -1.000000 0.000000 0.000000 -1.000000 0.000000 0.000000 -0.707083 0.707083 0.000000 -1.000000 0.000000 0.000000 -1.000000 0.000000 0.000000 -1.000000 0.000000 0.000000 -1.000000 0.000000 0.000000 0.000000 1.000000 0.000000 0.000000 1.000000 0.000000 0.000000 1.000000 0.000000 0.000000 1.000000 0.000000 -1.000000 0.000000 0.000000 -1.000000 0.000000 0.000000 0.000000 1.000000 0.000000 -0.707083 0.707083 0.000000 -0.707083 0.707083 0.000000 0.000000 1.000000 0.000000 " />
							<TextureCoordinate point="0.3615 0.5120 0.6736 0.5120 0.6736 0.6764 0.3615 0.6764 0.5953 0.7087 0.6698 0.7087 0.6698 0.9729 0.5953 0.9729 0.3614 0.7059 0.6734 0.7059 0.6734 0.9826 0.3614 0.9826 0.3614 0.7059 0.6734 0.7059 0.6734 0.9826 0.3614 0.9826 0.2526 0.7543 0.3251 0.7543 0.3251 0.8269 0.2526 0.8269 0.3614 0.7059 0.6734 0.7059 0.6734 0.9826 0.3614 0.9826 0.2526 0.8631 0.3251 0.8631 0.3251 0.8994 0.2526 0.8994 0.3727 0.7118 0.6690 0.7118 0.6690 0.9698 0.3727 0.9698 0.0834 0.8631 0.1317 0.8631 0.1317 0.8994 0.0834 0.8994 0.3727 0.7118 0.6690 0.7118 0.6690 0.9698 0.3727 0.9698 0.0834 0.7543 0.1317 0.7543 0.1317 0.8269 0.0834 0.8269 0.3719 0.7087 0.6698 0.7087 0.6698 0.9729 0.3719 0.9729 0.2043 0.8994 0.2284 0.8994 0.2284 0.9719 0.2043 0.9719 0.5953 0.7087 0.6698 0.7087 0.5953 0.9729 0.3615 0.5120 0.6736 0.5120 0.6736 0.6764 0.3615 0.6764 0.3615 0.5120 0.6736 0.5120 0.6736 0.6764 0.3615 0.6764 0.2043 0.7181 0.2284 0.7181 0.2284 0.7543 0.2043 0.7543 0.3615 0.5120 0.6736 0.5120 0.6736 0.6764 0.3615 0.6764 0.3614 0.7059 0.6734 0.7059 0.6734 0.9826 0.3614 0.9826 0.3614 0.7059 0.6734 0.7059 0.6734 0.9826 0.3614 0.9826 0.3615 0.5120 0.6736 0.5120 0.6736 0.6764 0.3615 0.6764 0.5174 0.7059 0.6734 0.7059 0.6734 0.9826 0.5174 0.9826 0.3615 0.5120 0.6736 0.5120 0.6736 0.6764 0.3615 0.6764 0.3615 0.5120 0.6736 0.6764 0.3615 0.6764 0.3614 0.7059 0.6734 0.7059 0.6734 0.9826 0.3614 0.9826 0.0473 0.7272 0.2641 0.7272 0.2641 0.9195 0.0473 0.9195 0.3615 0.5120 0.6736 0.5120 0.6736 0.6764 0.3615 0.6764 0.5953 0.7087 0.6698 0.7087 0.6698 0.9729 0.5953 0.9729 0.3719 0.7087 0.6698 0.7087 0.3719 0.9729 0.0350 0.7543 0.0350 0.8269 0.0350 0.8631 0.0350 0.8994 0.2284 0.8631 0.2768 0.8631 0.2768 0.8994 0.2768 0.7543 0.2768 0.8269 0.2284 0.8269 0.2768 0.9719 0.3615 0.5120 0.6736 0.6764 0.3615 0.6764 0.2284 0.8450 0.2768 0.8450 0.0350 0.8450 0.0834 0.8450 0.1317 0.8450 0.3727 0.7118 0.6690 0.7118 0.6690 0.9698 0.3727 0.9698 0.2526 0.8450 0.3251 0.8450 0.3614 0.7059 0.6734 0.7059 0.6734 0.9826 0.3614 0.9826 0.3980 0.7153 0.6421 0.7153 0.6421 0.9497 0.3980 0.9497 0.3727 0.7118 0.6690 0.7118 0.6690 0.9698 0.3727 0.9698 0.1559 0.8269 0.1801 0.8269 0.1801 0.8450 0.1559 0.8450 0.1801 0.8631 0.1559 0.8631 0.3615 0.5120 0.6736 0.5120 0.6736 0.6764 0.3615 0.6764 0.3615 0.5120 0.6736 0.5120 0.6736 0.6764 0.3615 0.6764 0.5953 0.7087 0.6698 0.7087 0.6698 0.9729 0.5953 0.9729 0.3719 0.7087 0.6698 0.7087 0.3719 0.9729 0.1559 0.7543 0.1801 0.7543 0.1801 0.8994 0.1559 0.8994 0.3719 0.7087 0.6698 0.7087 0.6698 0.9729 0.3719 0.9729 0.5953 0.7087 0.6698 0.7087 0.5953 0.9729 0.3615 0.5120 0.6736 0.5120 0.6736 0.6764 0.3615 0.6764 0.3615 0.5120 0.6736 0.6764 0.3615 0.6764 0.1801 0.8269 0.2043 0.8269 0.2043 0.8450 0.1801 0.8450 0.2043 0.8631 0.1801 0.8631 0.3614 0.7059 0.3614 0.9826 0.1801 0.7181 0.1801 0.7543 0.3615 0.5120 0.6736 0.6764 0.3615 0.6764 0.1801 0.8994 0.1801 0.9719 0.3727 0.7118 0.6690 0.7118 0.6690 0.9698 0.3727 0.9698 0.3727 0.7118 0.6690 0.7118 0.6690 0.9698 0.3727 0.9698 0.3615 0.5120 0.6736 0.5120 0.6736 0.6764 0.3615 0.6764 0.3719 0.7087 0.5209 0.7087 0.5209 0.9729 0.3719 0.9729 0.3719 0.7087 0.5209 0.7087 0.5209 0.9729 0.3719 0.9729 0.0350 0.8269 0.1801 0.8269 0.1801 0.8450 0.0350 0.8450 0.1801 0.8631 0.0350 0.8631 0.3615 0.5120 0.6736 0.5120 0.6736 0.6764 0.3615 0.6764 0.3719 0.7087 0.5209 0.7087 0.5209 0.9729 0.3719 0.9729 0.3615 0.5120 0.6736 0.5120 0.6736 0.6764 0.3615 0.6764 0.3615 0.5120 0.6736 0.5120 0.6736 0.6764 0.3615 0.6764 0.3615 0.5120 0.6736 0.5120 0.6736 0.6764 0.3615 0.6764 0.3719 0.7087 0.5209 0.7087 0.5209 0.9729 0.3719 0.9729 0.1801 0.8994 0.0350 0.8994 0.0350 0.7543 0.1801 0.7543 0.3719 0.7087 0.5209 0.7087 0.5209 0.9729 0.3719 0.9729 0.3615 0.5120 0.6736 0.5120 0.6736 0.6764 0.3615 0.6764 0.3615 0.5120 0.6736 0.5120 0.6736 0.6764 0.3615 0.6764 0.3774 0.7264 0.6673 0.7264 0.6673 0.8051 0.3774 0.8051 0.3615 0.5120 0.6736 0.5120 0.6736 0.6764 0.3615 0.6764 0.3615 0.5120 0.6736 0.5120 0.6736 0.6764 0.3615 0.6764 0.3615 0.5120 0.6736 0.5120 0.6736 0.6764 0.3615 0.6764 0.3615 0.5120 0.6736 0.5120 0.6736 0.6764 0.3615 0.6764 0.6673 0.9624 0.3774 0.9624 0.3615 0.5120 0.6736 0.5120 0.6736 0.6764 0.3615 0.6764 0.3615 0.5120 0.3615 0.6764 0.6736 0.6764 0.6736 0.5120 0.5953 0.7087 0.5953 0.9729 0.6698 0.9729 0.6698 0.7087 0.3614 0.7059 0.3614 0.9826 0.6734 0.9826 0.6734 0.7059 0.3614 0.7059 0.3614 0.9826 0.6734 0.9826 0.6734 0.7059 0.2526 0.7543 0.2526 0.8269 0.3251 0.8269 0.3251 0.7543 0.3614 0.7059 0.3614 0.9826 0.6734 0.9826 0.6734 0.7059 0.2526 0.8631 0.2526 0.8994 0.3251 0.8994 0.3251 0.8631 0.3727 0.7118 0.3727 0.9698 0.6690 0.9698 0.6690 0.7118 0.0834 0.8631 0.0834 0.8994 0.1317 0.8994 0.1317 0.8631 0.3727 0.7118 0.3727 0.9698 0.6690 0.9698 0.6690 0.7118 0.0834 0.7543 0.0834 0.8269 0.1317 0.8269 0.1317 0.7543 0.3719 0.7087 0.3719 0.9729 0.6698 0.9729 0.6698 0.7087 0.2043 0.8994 0.2043 0.9719 0.2284 0.9719 0.2284 0.8994 0.5953 0.7087 0.5953 0.9729 0.6698 0.7087 0.3615 0.5120 0.3615 0.6764 0.6736 0.6764 0.6736 0.5120 0.3615 0.5120 0.3615 0.6764 0.6736 0.6764 0.6736 0.5120 0.2043 0.7181 0.2043 0.7543 0.2284 0.7543 0.2284 0.7181 0.3615 0.5120 0.3615 0.6764 0.6736 0.6764 0.6736 0.5120 0.3614 0.7059 0.3614 0.9826 0.6734 0.9826 0.6734 0.7059 0.3614 0.7059 0.3614 0.9826 0.6734 0.9826 0.6734 0.7059 0.3615 0.5120 0.3615 0.6764 0.6736 0.6764 0.6736 0.5120 0.5174 0.7059 0.5174 0.9826 0.6734 0.9826 0.6734 0.7059 0.3615 0.5120 0.3615 0.6764 0.6736 0.6764 0.6736 0.5120 0.3615 0.5120 0.3615 0.6764 0.6736 0.6764 0.3614 0.7059 0.3614 0.9826 0.6734 0.9826 0.6734 0.7059 0.0473 0.7272 0.0473 0.9195 0.2641 0.9195 0.2641 0.7272 0.3615 0.5120 0.3615 0.6764 0.6736 0.6764 0.6736 0.5120 0.5953 0.7087 0.5953 0.9729 0.6698 0.9729 0.6698 0.7087 0.3719 0.7087 0.3719 0.9729 0.6698 0.7087 0.0350 0.7543 0.0350 0.8269 0.0350 0.8631 0.0350 0.8994 0.2284 0.8631 0.2768 0.8994 0.2768 0.8631 0.2284 0.8269 0.2768 0.8269 0.2768 0.7543 0.2768 0.9719 0.3615 0.5120 0.3615 0.6764 0.6736 0.6764 0.2284 0.8450 0.2768 0.8450 0.0350 0.8450 0.0834 0.8450 0.1317 0.8450 0.3727 0.7118 0.3727 0.9698 0.6690 0.9698 0.6690 0.7118 0.2526 0.8450 0.3251 0.8450 0.3614 0.7059 0.3614 0.9826 0.6734 0.9826 0.6734 0.7059 0.3980 0.7153 0.3980 0.9497 0.6421 0.9497 0.6421 0.7153 0.3727 0.7118 0.3727 0.9698 0.6690 0.9698 0.6690 0.7118 0.1559 0.8269 0.1559 0.8450 0.1559 0.8631 0.3615 0.5120 0.3615 0.6764 0.3615 0.5120 0.3615 0.6764 0.5953 0.7087 0.6698 0.7087 0.3719 0.7087 0.3719 0.9729 0.1559 0.7543 0.1559 0.8994 0.3719 0.7087 0.3719 0.9729 0.6698 0.9729 0.6698 0.7087 0.5953 0.7087 0.5953 0.9729 0.6698 0.7087 0.3615 0.5120 0.3615 0.6764 0.6736 0.6764 0.6736 0.5120 0.3615 0.5120 0.3615 0.6764 0.6736 0.6764 0.2043 0.8450 0.2043 0.8269 0.2043 0.8631 0.3615 0.6764 0.6736 0.6764 0.6690 0.9698 0.6690 0.7118 0.6690 0.9698 0.6690 0.7118 0.3615 0.6764 0.6736 0.6764 0.3719 0.7087 0.3719 0.9729 0.5209 0.9729 0.5209 0.7087 0.3719 0.7087 0.5209 0.7087 0.0350 0.8269 0.0350 0.8450 0.1801 0.8450 0.1801 0.8269 0.0350 0.8631 0.1801 0.8631 0.3615 0.5120 0.3615 0.6764 0.6736 0.6764 0.6736 0.5120 0.3719 0.7087 0.3719 0.9729 0.5209 0.9729 0.5209 0.7087 0.3615 0.5120 0.3615 0.6764 0.6736 0.6764 0.6736 0.5120 0.3615 0.5120 0.3615 0.6764 0.6736 0.6764 0.6736 0.5120 0.3615 0.5120 0.3615 0.6764 0.6736 0.6764 0.6736 0.5120 0.3719 0.7087 0.3719 0.9729 0.5209 0.9729 0.5209 0.7087 0.0350 0.8994 0.1801 0.8994 0.0350 0.7543 0.1801 0.7543 0.3719 0.7087 0.3719 0.9729 0.5209 0.9729 0.5209 0.7087 0.3615 0.5120 0.3615 0.6764 0.6736 0.6764 0.6736 0.5120 0.3615 0.6764 0.6736 0.6764 0.3774 0.7264 0.3774 0.8051 0.6673 0.8051 0.6673 0.7264 0.3615 0.5120 0.3615 0.6764 0.6736 0.6764 0.6736 0.5120 0.3615 0.5120 0.3615 0.6764 0.6736 0.6764 0.6736 0.5120 0.3615 0.5120 0.3615 0.6764 0.6736 0.6764 0.6736 0.5120 0.3615 0.5120 0.3615 0.6764 0.6736 0.6764 0.6736 0.5120 0.3774 0.9624 0.6673 0.9624 0.3615 0.5120 0.3615 0.6764 0.6736 0.6764 0.6736 0.5120 " />
						</IndexedTriangleSet>
					</Shape>
				</Group>
			</Transform>
			<Transform DEF="body1_TRANSFORM"
			           translation="0.000000 -0.740190 1.860476"
			           scale="1.000000 1.000000 1.000000"
			           rotation="0.000000 1.000000 0.000000 0.000000"
			           >
				<Transform DEF="body1_ifs_TRANSFORM"
				           translation="0.000000 0.000000 0.000000"
				           scale="1.000000 1.000000 1.000000"
				           rotation="0.000000 1.000000 0.000000 0.000000"
				           >
					<Group DEF="group_ME_body1">
						<Shape>
							<Appearance>
								<Material USE="MA_Body" />
							</Appearance>
							<IndexedTriangleSet solid="false"
							                    normalPerVertex="true"
							                    index="0 1 2 0 2 3 4 5 6 4 6 7 8 9 10 8 10 11 12 13 14 12 14 15 16 17 18 16 18 15 19 20 14 19 14 21 22 5 1 22 1 23 4 24 25 4 25 0 26 27 28 26 28 29 30 31 20 30 20 16 "
							                    >
								<Coordinate point="-1.283088 -0.356417 -0.308474 -1.283088 -0.356417 0.914215 -1.283088 0.912597 0.914215 -1.283088 0.912597 -0.308474 -1.283088 0.912597 -0.308474 -1.283088 0.912597 0.914215 1.283088 0.912597 0.914215 1.283088 0.912597 -0.308474 1.283088 -0.356417 -0.308474 1.283088 -0.356417 0.914215 1.283088 -0.897704 0.914215 1.283088 -0.897704 -0.308474 1.283088 -0.897704 -0.308474 1.283088 -0.897704 0.914215 -1.283088 -0.897704 0.914215 -1.283088 -0.897704 -0.308474 -1.283088 -0.356417 -0.308474 1.283088 -0.356417 -0.308474 1.283088 -0.897704 -0.308474 1.283088 -0.356417 0.914215 -1.283088 -0.356417 0.914215 1.283088 -0.897704 0.914215 1.283088 0.912597 0.914215 1.283088 -0.356417 0.914215 1.283088 0.912597 -0.308474 1.283088 -0.356417 -0.308474 1.283088 0.912597 -0.308474 1.283088 0.912597 0.914215 1.283088 -0.356417 0.914215 1.283088 -0.356417 -0.308474 -1.283088 -0.897704 -0.308474 -1.283088 -0.897704 0.914215 " />
								<Normal vector="-0.707083 0.000000 -0.707083 -0.707083 0.000000 0.707083 -0.577349 0.577349 0.577349 -0.577349 0.577349 -0.577349 -0.577349 0.577349 -0.577349 -0.577349 0.577349 0.577349 0.577349 0.577349 0.577349 0.577349 0.577349 -0.577349 0.707083 0.000000 -0.707083 0.707083 0.000000 0.707083 0.577349 -0.577349 0.577349 0.577349 -0.577349 -0.577349 0.577349 -0.577349 -0.577349 0.577349 -0.577349 0.577349 -0.577349 -0.577349 0.577349 -0.577349 -0.577349 -0.577349 -0.707083 0.000000 -0.707083 0.707083 0.000000 -0.707083 0.577349 -0.577349 -0.577349 0.707083 0.000000 0.707083 -0.707083 0.000000 0.707083 0.577349 -0.577349 0.577349 0.577349 0.577349 0.577349 0.707083 0.000000 0.707083 0.577349 0.577349 -0.577349 0.707083 0.000000 -0.707083 0.577349 0.577349 -0.577349 0.577349 0.577349 0.577349 0.707083 0.000000 0.707083 0.707083 0.000000 -0.707083 -0.577349 -0.577349 -0.577349 -0.577349 -0.577349 0.577349 " />
								<TextureCoordinate point="0.0350 0.8269 0.3251 0.8269 0.3251 0.9719 0.0350 0.9719 0.0350 0.6818 0.3251 0.6818 0.3251 0.9719 0.0350 0.9719 0.3609 0.8443 0.6669 0.8443 0.6669 0.9801 0.3609 0.9801 0.3609 0.7084 0.6669 0.7084 0.6669 0.9801 0.3609 0.9801 0.3609 0.8443 0.6669 0.8443 0.6669 0.9801 0.3609 0.8443 0.6669 0.8443 0.3609 0.9801 0.0350 0.6818 0.0350 0.8269 0.3251 0.6818 0.3251 0.8269 0.0350 0.6818 0.3251 0.6818 0.3251 0.8269 0.0350 0.8269 0.3609 0.7084 0.6669 0.7084 " />
							</IndexedTriangleSet>
						</Shape>
					</Group>
				</Transform>
				<Transform DEF="neck_TRANSFORM"
				           translation="0.000000 0.000000 0.830213"
				           scale="1.000000 1.000000 1.000000"
				           rotation="0.000000 1.000000 0.000000 0.000000"
				           >
					<Transform DEF="neck_ifs_TRANSFORM"
					           translation="0.000000 0.000000 0.000000"
					           scale="1.000000 1.000000 1.000000"
					           rotation="0.000000 1.000000 0.000000 0.000000"
					           >
						<Group DEF="group_ME_neck">
							<Shape>
								<Appearance>
									<Material USE="MA_Body" />
								</Appearance>
								<IndexedTriangleSet solid="false"
								                    normalPerVertex="true"
								                    index="0 1 2 0 2 3 4 5 6 4 6 7 8 9 10 8 10 11 12 13 14 12 14 15 16 17 18 16 18 19 20 21 14 20 14 22 23 24 25 23 25 26 27 28 29 27 29 30 31 32 33 31 33 34 35 36 21 35 21 37 38 39 40 38 40 16 39 35 37 39 37 40 41 42 43 41 43 44 45 46 8 45 8 47 48 49 50 48 50 19 49 12 15 49 15 50 51 47 52 51 52 53 47 8 11 47 11 52 54 55 56 54 56 57 55 4 7 55 7 56 58 59 60 58 60 61 59 0 3 59 3 60 40 37 62 40 62 63 30 64 59 30 59 58 65 66 31 65 31 42 67 65 42 67 42 41 66 68 32 66 32 31 54 69 28 54 28 27 70 5 24 70 24 23 71 25 1 71 1 0 "
								                    >
									<Coordinate point="-1.205283 0.309872 0.960983 -1.205283 0.309872 1.441475 -1.205283 0.889813 1.441475 -1.205283 0.889813 0.960983 -1.205283 0.889813 0.960983 -1.205283 0.889813 1.441475 1.205283 0.889813 1.441475 1.205283 0.889813 0.960983 1.205283 -0.347394 0.960983 1.205283 -0.347394 1.441475 1.205283 -0.889813 1.441475 1.205283 -0.889813 0.960983 1.205283 -0.889813 0.960983 1.205283 -0.889813 1.441475 -1.205283 -0.889813 1.441475 -1.205283 -0.889813 0.960983 -1.205283 -0.347394 -0.403697 1.205283 -0.347394 -0.403697 1.205283 -0.889813 -0.403697 -1.205283 -0.889813 -0.403697 1.205283 -0.347394 1.441475 -1.205283 -0.347394 1.441475 1.205283 -0.889813 1.441475 1.205283 0.309872 1.441475 -1.205283 0.309872 1.441475 -1.205283 -0.347394 1.441475 1.205283 -0.347394 1.441475 -1.205283 0.309872 -0.403697 1.205283 0.309872 -0.403697 1.205283 -0.347394 -0.403697 -1.205283 -0.347394 -0.403697 1.205283 0.309872 0.960983 1.205283 0.309872 1.441475 1.205283 -0.347394 1.441475 1.205283 -0.347394 0.960983 -1.205283 -0.889813 0.960983 -1.205283 -0.889813 1.441475 -1.205283 -0.347394 0.960983 -1.205283 -0.889813 -0.403697 -1.205283 -0.889813 0.480492 -1.205283 -0.347394 0.480492 1.205283 0.309872 -0.403697 1.205283 0.309872 0.480492 1.205283 -0.347394 0.480492 1.205283 -0.347394 -0.403697 1.205283 0.309872 0.480492 1.205283 0.309872 0.960983 1.205283 -0.347394 0.480492 1.205283 -0.889813 -0.403697 1.205283 -0.889813 0.480492 -1.205283 -0.889813 0.480492 1.205283 -0.347394 -0.403697 1.205283 -0.889813 0.480492 1.205283 -0.889813 -0.403697 -1.205283 0.889813 -0.403697 -1.205283 0.889813 0.480492 1.205283 0.889813 0.480492 1.205283 0.889813 -0.403697 -1.205283 0.309872 -0.403697 -1.205283 0.309872 0.480492 -1.205283 0.889813 0.480492 -1.205283 0.889813 -0.403697 -1.205283 0.309872 0.960983 -1.205283 0.309872 0.480492 -1.205283 -0.347394 0.480492 1.205283 0.889813 0.480492 1.205283 0.889813 0.960983 1.205283 0.889813 -0.403697 1.205283 0.889813 1.441475 1.205283 0.889813 -0.403697 1.205283 0.889813 1.441475 -1.205283 -0.347394 0.960983 " />
									<Normal vector="-1.000000 0.000000 0.000000 -0.707083 0.000000 0.707083 -0.577349 0.577349 0.577349 -0.707083 0.707083 0.000000 -0.707083 0.707083 0.000000 -0.577349 0.577349 0.577349 0.577349 0.577349 0.577349 0.707083 0.707083 0.000000 1.000000 0.000000 0.000000 0.707083 0.000000 0.707083 0.577349 -0.577349 0.577349 0.707083 -0.707083 0.000000 0.707083 -0.707083 0.000000 0.577349 -0.577349 0.577349 -0.577349 -0.577349 0.577349 -0.707083 -0.707083 0.000000 -0.707083 0.000000 -0.707083 0.707083 0.000000 -0.707083 0.577349 -0.577349 -0.577349 -0.577349 -0.577349 -0.577349 0.707083 0.000000 0.707083 -0.707083 0.000000 0.707083 0.577349 -0.577349 0.577349 0.707083 0.000000 0.707083 -0.707083 0.000000 0.707083 -0.707083 0.000000 0.707083 0.707083 0.000000 0.707083 -0.707083 0.000000 -0.707083 0.707083 0.000000 -0.707083 0.707083 0.000000 -0.707083 -0.707083 0.000000 -0.707083 1.000000 0.000000 0.000000 0.707083 0.000000 0.707083 0.707083 0.000000 0.707083 1.000000 0.000000 0.000000 -0.707083 -0.707083 0.000000 -0.577349 -0.577349 0.577349 -1.000000 0.000000 0.000000 -0.577349 -0.577349 -0.577349 -0.707083 -0.707083 0.000000 -1.000000 0.000000 0.000000 0.707083 0.000000 -0.707083 1.000000 0.000000 0.000000 1.000000 0.000000 0.000000 0.707083 0.000000 -0.707083 1.000000 0.000000 0.000000 1.000000 0.000000 0.000000 1.000000 0.000000 0.000000 0.577349 -0.577349 -0.577349 0.707083 -0.707083 0.000000 -0.707083 -0.707083 0.000000 0.707083 0.000000 -0.707083 0.707083 -0.707083 0.000000 0.577349 -0.577349 -0.577349 -0.577349 0.577349 -0.577349 -0.707083 0.707083 0.000000 0.707083 0.707083 0.000000 0.577349 0.577349 -0.577349 -0.707083 0.000000 -0.707083 -1.000000 0.000000 0.000000 -0.707083 0.707083 0.000000 -0.577349 0.577349 -0.577349 -1.000000 0.000000 0.000000 -1.000000 0.000000 0.000000 -1.000000 0.000000 0.000000 0.707083 0.707083 0.000000 0.707083 0.707083 0.000000 0.577349 0.577349 -0.577349 0.577349 0.577349 0.577349 0.577349 0.577349 -0.577349 0.577349 0.577349 0.577349 -1.000000 0.000000 0.000000 " />
									<TextureCoordinate point="0.2284 0.8994 0.3251 0.8994 0.3251 0.9719 0.2284 0.9719 0.2284 0.6818 0.3251 0.6818 0.3251 0.9719 0.2284 0.9719 0.5677 0.8443 0.6685 0.8443 0.6685 0.9842 0.5677 0.9842 0.5677 0.7043 0.6685 0.7043 0.6685 0.9842 0.5677 0.9842 0.3663 0.8443 0.6685 0.8443 0.6685 0.9842 0.3663 0.9842 0.3663 0.8443 0.6685 0.8443 0.3663 0.9842 0.0350 0.7543 0.3251 0.7543 0.3251 0.8269 0.0350 0.8269 0.0350 0.7543 0.3251 0.7543 0.3251 0.8269 0.0350 0.8269 0.2284 0.7543 0.3251 0.7543 0.3251 0.8269 0.2284 0.8269 0.5677 0.7043 0.6685 0.7043 0.5677 0.8443 0.3663 0.7043 0.4670 0.7043 0.4670 0.8443 0.0350 0.7543 0.1317 0.7543 0.1317 0.8269 0.0350 0.8269 0.4670 0.7743 0.5677 0.7743 0.4670 0.8443 0.3663 0.7043 0.4670 0.7043 0.4670 0.9842 0.3663 0.8443 0.4670 0.9842 0.3663 0.9842 0.0350 0.6818 0.1317 0.6818 0.1317 0.9719 0.0350 0.9719 0.0350 0.8994 0.1317 0.8994 0.1317 0.9719 0.0350 0.9719 0.5677 0.9142 0.4670 0.9142 0.1317 0.8269 0.1317 0.6818 0.2284 0.6818 0.0350 0.6818 0.3251 0.6818 0.3251 0.6818 0.0350 0.6818 0.2284 0.8269 " />
								</IndexedTriangleSet>
							</Shape>
						</Group>
					</Transform>
					<Transform DEF="neck1_TRANSFORM"
					           translation="0.000000 0.000000 1.340343"
					           scale="1.000000 1.000000 1.000000"
					           rotation="0.000000 1.000000 0.000000 0.000000"
					           >
						<Transform DEF="neck1_ifs_TRANSFORM"
						           translation="0.000000 0.000000 0.000000"
						           scale="1.000000 1.000000 1.000000"
						           rotation="0.000000 1.000000 0.000000 0.000000"
						           >
							<Group DEF="group_ME_neck1">
								<Shape>
									<Appearance>
										<Material USE="MA_Body" />
									</Appearance>
									<IndexedTriangleSet solid="false"
									                    normalPerVertex="true"
									                    index="0 1 2 0 2 3 4 5 6 4 6 7 8 9 10 8 10 11 12 13 14 12 14 15 16 17 18 16 18 15 19 20 14 19 14 21 22 5 1 22 1 23 4 24 25 4 25 0 26 27 28 26 28 29 30 31 20 30 20 16 "
									                    >
										<Coordinate point="-1.064579 -0.396727 -0.563119 -1.064579 -0.396727 1.399837 -1.064579 0.857787 1.399837 -1.064579 0.857787 -0.563119 -1.064579 0.857787 -0.563119 -1.064579 0.857787 1.399837 1.064579 0.857787 1.399837 1.064579 0.857787 -0.563119 1.064579 -0.396727 -0.563119 1.064579 -0.396727 1.399837 1.064579 -0.857787 1.399837 1.064579 -0.857787 -0.563119 1.064579 -0.857787 -0.563119 1.064579 -0.857787 1.399837 -1.064579 -0.857787 1.399837 -1.064579 -0.857787 -0.563119 -1.064579 -0.396727 -0.563119 1.064579 -0.396727 -0.563119 1.064579 -0.857787 -0.563119 1.064579 -0.396727 1.399837 -1.064579 -0.396727 1.399837 1.064579 -0.857787 1.399837 1.064579 0.857787 1.399837 1.064579 -0.396727 1.399837 1.064579 0.857787 -0.563119 1.064579 -0.396727 -0.563119 1.064579 0.857787 -0.563119 1.064579 0.857787 1.399837 1.064579 -0.396727 1.399837 1.064579 -0.396727 -0.563119 -1.064579 -0.857787 -0.563119 -1.064579 -0.857787 1.399837 " />
										<Normal vector="-0.707083 0.000000 -0.707083 -0.707083 0.000000 0.707083 -0.577349 0.577349 0.577349 -0.577349 0.577349 -0.577349 -0.577349 0.577349 -0.577349 -0.577349 0.577349 0.577349 0.577349 0.577349 0.577349 0.577349 0.577349 -0.577349 0.707083 0.000000 -0.707083 0.707083 0.000000 0.707083 0.577349 -0.577349 0.577349 0.577349 -0.577349 -0.577349 0.577349 -0.577349 -0.577349 0.577349 -0.577349 0.577349 -0.577349 -0.577349 0.577349 -0.577349 -0.577349 -0.577349 -0.707083 0.000000 -0.707083 0.707083 0.000000 -0.707083 0.577349 -0.577349 -0.577349 0.707083 0.000000 0.707083 -0.707083 0.000000 0.707083 0.577349 -0.577349 0.577349 0.577349 0.577349 0.577349 0.707083 0.000000 0.707083 0.577349 0.577349 -0.577349 0.707083 0.000000 -0.707083 0.577349 0.577349 -0.577349 0.577349 0.577349 0.577349 0.707083 0.000000 0.707083 0.707083 0.000000 -0.707083 -0.577349 -0.577349 -0.577349 -0.577349 -0.577349 0.577349 " />
										<TextureCoordinate point="0.0350 0.8269 0.3251 0.8269 0.3251 0.9719 0.0350 0.9719 0.0350 0.6818 0.3251 0.6818 0.3251 0.9719 0.0350 0.9719 0.3606 0.8443 0.6672 0.8443 0.6672 0.9784 0.3606 0.9784 0.3606 0.7102 0.6672 0.7102 0.6672 0.9784 0.3606 0.9784 0.3606 0.8443 0.6672 0.8443 0.6672 0.9784 0.3606 0.8443 0.6672 0.8443 0.3606 0.9784 0.0350 0.6818 0.0350 0.8269 0.3251 0.6818 0.3251 0.8269 0.0350 0.6818 0.3251 0.6818 0.3251 0.8269 0.0350 0.8269 0.3606 0.7102 0.6672 0.7102 " />
									</IndexedTriangleSet>
								</Shape>
							</Group>
						</Transform>
						<Transform DEF="neck2_TRANSFORM"
						           translation="0.000000 0.000000 1.320338"
						           scale="1.000000 1.000000 1.000000"
						           rotation="0.000000 1.000000 0.000000 0.000000"
						           >
							<Transform DEF="neck2_ifs_TRANSFORM"
							           translation="0.000000 0.000000 0.000000"
							           scale="1.000000 1.000000 1.000000"
							           rotation="0.000000 1.000000 0.000000 0.000000"
							           >
								<Group DEF="group_ME_neck2">
									<Shape>
										<Appearance>
											<Material USE="MA_Body" />
										</Appearance>
										<IndexedTriangleSet solid="false"
										                    normalPerVertex="true"
										                    index="0 1 2 0 2 3 4 5 6 4 6 7 8 9 10 8 10 11 12 13 14 12 14 15 16 17 18 16 18 19 20 21 14 20 14 22 23 24 25 23 25 26 27 28 29 27 29 30 31 32 33 31 33 34 35 36 21 35 21 37 38 39 40 38 40 16 39 35 37 39 37 40 41 42 43 41 43 44 45 46 8 45 8 47 48 49 50 48 50 19 49 12 15 49 15 50 51 47 52 51 52 53 47 8 11 47 11 52 54 55 56 54 56 57 55 4 7 55 7 56 58 59 60 58 60 61 59 0 3 59 3 60 40 37 62 40 62 63 30 64 59 30 59 58 65 66 31 65 31 42 67 65 42 67 42 41 66 68 32 66 32 31 54 69 28 54 28 27 70 5 24 70 24 23 71 25 1 71 1 0 "
										                    >
											<Coordinate point="-0.951980 0.289390 0.863822 -0.951980 0.289390 1.350125 -0.951980 0.809125 1.350125 -0.951980 0.809125 0.863822 -0.951980 0.809125 0.863822 -0.951980 0.809125 1.350125 0.951980 0.809125 1.350125 0.951980 0.809125 0.863822 0.951980 -0.337876 0.863822 0.951980 -0.337876 1.350125 0.951980 -0.809125 1.350125 0.951980 -0.809125 0.863822 0.951980 -0.809125 0.863822 0.951980 -0.809125 1.350125 -0.951980 -0.809125 1.350125 -0.951980 -0.809125 0.863822 -0.951980 -0.337876 -0.374544 0.951980 -0.337876 -0.374544 0.951980 -0.809125 -0.374544 -0.951980 -0.809125 -0.374544 0.951980 -0.337876 1.350125 -0.951980 -0.337876 1.350125 0.951980 -0.809125 1.350125 0.951980 0.289390 1.350125 -0.951980 0.289390 1.350125 -0.951980 -0.337876 1.350125 0.951980 -0.337876 1.350125 -0.951980 0.289390 -0.374544 0.951980 0.289390 -0.374544 0.951980 -0.337876 -0.374544 -0.951980 -0.337876 -0.374544 0.951980 0.289390 0.863822 0.951980 0.289390 1.350125 0.951980 -0.337876 1.350125 0.951980 -0.337876 0.863822 -0.951980 -0.809125 0.863822 -0.951980 -0.809125 1.350125 -0.951980 -0.337876 0.863822 -0.951980 -0.809125 -0.374544 -0.951980 -0.809125 0.505761 -0.951980 -0.337876 0.505761 0.951980 0.289390 -0.374544 0.951980 0.289390 0.505761 0.951980 -0.337876 0.505761 0.951980 -0.337876 -0.374544 0.951980 0.289390 0.505761 0.951980 0.289390 0.863822 0.951980 -0.337876 0.505761 0.951980 -0.809125 -0.374544 0.951980 -0.809125 0.505761 -0.951980 -0.809125 0.505761 0.951980 -0.337876 -0.374544 0.951980 -0.809125 0.505761 0.951980 -0.809125 -0.374544 -0.951980 0.809125 -0.374544 -0.951980 0.809125 0.505761 0.951980 0.809125 0.505761 0.951980 0.809125 -0.374544 -0.951980 0.289390 -0.374544 -0.951980 0.289390 0.505761 -0.951980 0.809125 0.505761 -0.951980 0.809125 -0.374544 -0.951980 0.289390 0.863822 -0.951980 0.289390 0.505761 -0.951980 -0.337876 0.505761 0.951980 0.809125 0.505761 0.951980 0.809125 0.863822 0.951980 0.809125 -0.374544 0.951980 0.809125 1.350125 0.951980 0.809125 -0.374544 0.951980 0.809125 1.350125 -0.951980 -0.337876 0.863822 " />
											<Normal vector="-1.000000 0.000000 0.000000 -0.707083 0.000000 0.707083 -0.577349 0.577349 0.577349 -0.707083 0.707083 0.000000 -0.707083 0.707083 0.000000 -0.577349 0.577349 0.577349 0.577349 0.577349 0.577349 0.707083 0.707083 0.000000 1.000000 0.000000 0.000000 0.707083 0.000000 0.707083 0.577349 -0.577349 0.577349 0.707083 -0.707083 0.000000 0.707083 -0.707083 0.000000 0.577349 -0.577349 0.577349 -0.577349 -0.577349 0.577349 -0.707083 -0.707083 0.000000 -0.707083 0.000000 -0.707083 0.707083 0.000000 -0.707083 0.577349 -0.577349 -0.577349 -0.577349 -0.577349 -0.577349 0.707083 0.000000 0.707083 -0.707083 0.000000 0.707083 0.577349 -0.577349 0.577349 0.707083 0.000000 0.707083 -0.707083 0.000000 0.707083 -0.707083 0.000000 0.707083 0.707083 0.000000 0.707083 -0.707083 0.000000 -0.707083 0.707083 0.000000 -0.707083 0.707083 0.000000 -0.707083 -0.707083 0.000000 -0.707083 1.000000 0.000000 0.000000 0.707083 0.000000 0.707083 0.707083 0.000000 0.707083 1.000000 0.000000 0.000000 -0.707083 -0.707083 0.000000 -0.577349 -0.577349 0.577349 -1.000000 0.000000 0.000000 -0.577349 -0.577349 -0.577349 -0.707083 -0.707083 0.000000 -1.000000 0.000000 0.000000 0.707083 0.000000 -0.707083 1.000000 0.000000 0.000000 1.000000 0.000000 0.000000 0.707083 0.000000 -0.707083 1.000000 0.000000 0.000000 1.000000 0.000000 0.000000 1.000000 0.000000 0.000000 0.577349 -0.577349 -0.577349 0.707083 -0.707083 0.000000 -0.707083 -0.707083 0.000000 0.707083 0.000000 -0.707083 0.707083 -0.707083 0.000000 0.577349 -0.577349 -0.577349 -0.577349 0.577349 -0.577349 -0.707083 0.707083 0.000000 0.707083 0.707083 0.000000 0.577349 0.577349 -0.577349 -0.707083 0.000000 -0.707083 -1.000000 0.000000 0.000000 -0.707083 0.707083 0.000000 -0.577349 0.577349 -0.577349 -1.000000 0.000000 0.000000 -1.000000 0.000000 0.000000 -1.000000 0.000000 0.000000 0.707083 0.707083 0.000000 0.707083 0.707083 0.000000 0.577349 0.577349 -0.577349 0.577349 0.577349 0.577349 0.577349 0.577349 -0.577349 0.577349 0.577349 0.577349 -1.000000 0.000000 0.000000 " />
											<TextureCoordinate point="0.2284 0.8994 0.3251 0.8994 0.3251 0.9719 0.2284 0.9719 0.2284 0.6818 0.3251 0.6818 0.3251 0.9719 0.2284 0.9719 0.5612 0.8443 0.6628 0.8443 0.6628 0.9820 0.5612 0.9820 0.5612 0.7065 0.6628 0.7065 0.6628 0.9820 0.5612 0.9820 0.3581 0.8443 0.6628 0.8443 0.6628 0.9820 0.3581 0.9820 0.3581 0.8443 0.6628 0.8443 0.3581 0.9820 0.0350 0.7543 0.3251 0.7543 0.3251 0.8269 0.0350 0.8269 0.0350 0.7543 0.3251 0.7543 0.3251 0.8269 0.0350 0.8269 0.2284 0.7543 0.3251 0.7543 0.3251 0.8269 0.2284 0.8269 0.5612 0.7065 0.6628 0.7065 0.5612 0.8443 0.3581 0.7065 0.4597 0.7065 0.4597 0.8443 0.0350 0.7543 0.1317 0.7543 0.1317 0.8269 0.0350 0.8269 0.4597 0.7754 0.5612 0.7754 0.4597 0.8443 0.3581 0.7065 0.4597 0.7065 0.4597 0.9820 0.3581 0.8443 0.4597 0.9820 0.3581 0.9820 0.0350 0.6818 0.1317 0.6818 0.1317 0.9719 0.0350 0.9719 0.0350 0.8994 0.1317 0.8994 0.1317 0.9719 0.0350 0.9719 0.5612 0.9131 0.4597 0.9131 0.1317 0.8269 0.1317 0.6818 0.2284 0.6818 0.0350 0.6818 0.3251 0.6818 0.3251 0.6818 0.0350 0.6818 0.2284 0.8269 " />
										</IndexedTriangleSet>
									</Shape>
								</Group>
							</Transform>
							<Transform DEF="neck3_TRANSFORM"
							           translation="0.000000 0.000000 1.260323"
							           scale="1.000000 1.000000 1.000000"
							           rotation="0.000000 1.000000 0.000000 0.000000"
							           >
								<Transform DEF="neck3_ifs_TRANSFORM"
								           translation="0.000000 0.000000 0.000000"
								           scale="1.000000 1.000000 1.000000"
								           rotation="0.000000 1.000000 0.000000 0.000000"
								           >
									<Group DEF="group_ME_neck3">
										<Shape>
											<Appearance>
												<Material USE="MA_Body" />
											</Appearance>
											<IndexedTriangleSet solid="false"
											                    normalPerVertex="true"
											                    index="0 1 2 0 2 3 4 5 6 4 6 7 8 9 10 8 10 11 12 13 14 12 14 15 16 17 18 16 18 15 19 20 14 19 14 21 22 5 1 22 1 23 4 24 25 4 25 0 26 27 28 26 28 29 30 31 20 30 20 16 "
											                    >
												<Coordinate point="-0.774367 -0.267590 -0.215499 -0.774367 -0.267590 1.287046 -0.774367 0.749251 1.287046 -0.774367 0.749251 -0.215499 -0.774367 0.749251 -0.215499 -0.774367 0.749251 1.287046 0.774367 0.749251 1.287046 0.774367 0.749251 -0.215499 0.774367 -0.267590 -0.215499 0.774367 -0.267590 1.287046 0.774367 -0.749251 1.287046 0.774367 -0.749251 -0.215499 0.774367 -0.749251 -0.215499 0.774367 -0.749251 1.287046 -0.774367 -0.749251 1.287046 -0.774367 -0.749251 -0.215499 -0.774367 -0.267590 -0.215499 0.774367 -0.267590 -0.215499 0.774367 -0.749251 -0.215499 0.774367 -0.267590 1.287046 -0.774367 -0.267590 1.287046 0.774367 -0.749251 1.287046 0.774367 0.749251 1.287046 0.774367 -0.267590 1.287046 0.774367 0.749251 -0.215499 0.774367 -0.267590 -0.215499 0.774367 0.749251 -0.215499 0.774367 0.749251 1.287046 0.774367 -0.267590 1.287046 0.774367 -0.267590 -0.215499 -0.774367 -0.749251 -0.215499 -0.774367 -0.749251 1.287046 " />
												<Normal vector="-0.707083 0.000000 -0.707083 -0.707083 0.000000 0.707083 -0.577349 0.577349 0.577349 -0.577349 0.577349 -0.577349 -0.577349 0.577349 -0.577349 -0.577349 0.577349 0.577349 0.577349 0.577349 0.577349 0.577349 0.577349 -0.577349 0.707083 0.000000 -0.707083 0.707083 0.000000 0.707083 0.577349 -0.577349 0.577349 0.577349 -0.577349 -0.577349 0.577349 -0.577349 -0.577349 0.577349 -0.577349 0.577349 -0.577349 -0.577349 0.577349 -0.577349 -0.577349 -0.577349 -0.707083 0.000000 -0.707083 0.707083 0.000000 -0.707083 0.577349 -0.577349 -0.577349 0.707083 0.000000 0.707083 -0.707083 0.000000 0.707083 0.577349 -0.577349 0.577349 0.577349 0.577349 0.577349 0.707083 0.000000 0.707083 0.577349 0.577349 -0.577349 0.707083 0.000000 -0.707083 0.577349 0.577349 -0.577349 0.577349 0.577349 0.577349 0.707083 0.000000 0.707083 0.707083 0.000000 -0.707083 -0.577349 -0.577349 -0.577349 -0.577349 -0.577349 0.577349 " />
												<TextureCoordinate point="0.0350 0.8269 0.3251 0.8269 0.3251 0.9719 0.0350 0.9719 0.0350 0.6818 0.3251 0.6818 0.3251 0.9719 0.0350 0.9719 0.3553 0.8443 0.6725 0.8443 0.6725 0.9713 0.3553 0.9713 0.3553 0.7172 0.6725 0.7172 0.6725 0.9713 0.3553 0.9713 0.3553 0.8443 0.6725 0.8443 0.6725 0.9713 0.3553 0.8443 0.6725 0.8443 0.3553 0.9713 0.0350 0.6818 0.0350 0.8269 0.3251 0.6818 0.3251 0.8269 0.0350 0.6818 0.3251 0.6818 0.3251 0.8269 0.0350 0.8269 0.3553 0.7172 0.6725 0.7172 " />
											</IndexedTriangleSet>
										</Shape>
									</Group>
								</Transform>
								<Transform DEF="neck4_TRANSFORM"
								           translation="0.000000 0.000000 1.200307"
								           scale="1.000000 1.000000 1.000000"
								           rotation="0.000000 1.000000 0.000000 0.000000"
								           >
									<Transform DEF="neck4_ifs_TRANSFORM"
									           translation="0.000000 0.000000 0.000000"
									           scale="1.000000 1.000000 1.000000"
									           rotation="0.000000 1.000000 0.000000 0.000000"
									           >
										<Group DEF="group_ME_neck4">
											<Shape>
												<Appearance>
													<Material USE="MA_Body" />
												</Appearance>
												<IndexedTriangleSet solid="false"
												                    normalPerVertex="true"
												                    index="0 1 2 0 2 3 4 5 6 4 6 7 8 9 10 8 10 11 12 13 14 12 14 15 16 17 18 16 18 15 19 20 14 19 14 21 22 5 1 22 1 23 4 24 25 4 25 0 26 27 28 26 28 29 30 31 20 30 20 16 "
												                    >
													<Coordinate point="-0.659001 -0.150921 -0.216633 -0.659001 -0.150921 1.297196 -0.659001 0.674708 1.297196 -0.659001 0.674708 -0.216633 -0.659001 0.674708 -0.216633 -0.659001 0.674708 1.297196 0.659001 0.674708 1.297196 0.659001 0.674708 -0.216633 0.659001 -0.150921 -0.216633 0.659001 -0.150921 1.297196 0.659001 -0.674708 1.297196 0.659001 -0.674708 -0.216633 0.659001 -0.674708 -0.216633 0.659001 -0.674708 1.297196 -0.659001 -0.674708 1.297196 -0.659001 -0.674708 -0.216633 -0.659001 -0.150921 -0.216633 0.659001 -0.150921 -0.216633 0.659001 -0.674708 -0.216633 0.659001 -0.150921 1.297196 -0.659001 -0.150921 1.297196 0.659001 -0.674708 1.297196 0.659001 0.674708 1.297196 0.659001 -0.150921 1.297196 0.659001 0.674708 -0.216633 0.659001 -0.150921 -0.216633 0.659001 0.674708 -0.216633 0.659001 0.674708 1.297196 0.659001 -0.150921 1.297196 0.659001 -0.150921 -0.216633 -0.659001 -0.674708 -0.216633 -0.659001 -0.674708 1.297196 " />
													<Normal vector="-0.707083 0.000000 -0.707083 -0.707083 0.000000 0.707083 -0.577349 0.577349 0.577349 -0.577349 0.577349 -0.577349 -0.577349 0.577349 -0.577349 -0.577349 0.577349 0.577349 0.577349 0.577349 0.577349 0.577349 0.577349 -0.577349 0.707083 0.000000 -0.707083 0.707083 0.000000 0.707083 0.577349 -0.577349 0.577349 0.577349 -0.577349 -0.577349 0.577349 -0.577349 -0.577349 0.577349 -0.577349 0.577349 -0.577349 -0.577349 0.577349 -0.577349 -0.577349 -0.577349 -0.707083 0.000000 -0.707083 0.707083 0.000000 -0.707083 0.577349 -0.577349 -0.577349 0.707083 0.000000 0.707083 -0.707083 0.000000 0.707083 0.577349 -0.577349 0.577349 0.577349 0.577349 0.577349 0.707083 0.000000 0.707083 0.577349 0.577349 -0.577349 0.707083 0.000000 -0.707083 0.577349 0.577349 -0.577349 0.577349 0.577349 0.577349 0.707083 0.000000 0.707083 0.707083 0.000000 -0.707083 -0.577349 -0.577349 -0.577349 -0.577349 -0.577349 0.577349 " />
													<TextureCoordinate point="0.0350 0.8269 0.3251 0.8269 0.3251 0.9719 0.0350 0.9719 0.0350 0.6818 0.3251 0.6818 0.3251 0.9719 0.0350 0.9719 0.3702 0.8443 0.6645 0.8443 0.6645 0.9820 0.3702 0.9820 0.3702 0.7065 0.6645 0.7065 0.6645 0.9820 0.3702 0.9820 0.3702 0.8443 0.6645 0.8443 0.6645 0.9820 0.3702 0.8443 0.6645 0.8443 0.3702 0.9820 0.0350 0.6818 0.0350 0.8269 0.3251 0.6818 0.3251 0.8269 0.0350 0.6818 0.3251 0.6818 0.3251 0.8269 0.0350 0.8269 0.3702 0.7065 0.6645 0.7065 " />
												</IndexedTriangleSet>
											</Shape>
										</Group>
									</Transform>
									<Transform DEF="head_TRANSFORM"
									           translation="0.000000 -0.751989 1.247446"
									           scale="1.000000 1.000000 1.000000"
									           rotation="0.000000 1.000000 0.000000 0.000000"
									           >
										<Transform DEF="head_ifs_TRANSFORM"
										           translation="0.000000 0.000000 0.000000"
										           scale="1.000000 1.000000 1.000000"
										           rotation="0.000000 1.000000 0.000000 0.000000"
										           >
											<Group DEF="group_ME_head">
												<Shape>
													<Appearance>
														<Material USE="MA_Body" />
													</Appearance>
													<IndexedTriangleSet solid="false"
													                    normalPerVertex="true"
													                    index="0 1 2 0 2 3 4 5 6 4 6 7 8 9 10 8 10 11 12 13 14 12 14 15 16 17 18 16 18 19 20 21 14 20 14 22 23 24 25 23 25 26 27 28 29 27 29 30 31 32 33 31 33 34 35 36 37 35 37 38 39 40 41 39 41 42 43 44 45 43 45 46 47 5 48 47 48 49 50 51 52 50 52 53 54 55 56 54 56 57 58 59 60 58 60 61 62 43 46 62 46 63 64 39 42 64 42 53 16 35 38 16 38 65 50 31 34 50 34 66 67 27 30 67 30 68 69 70 71 69 71 72 "
													                    >
														<Coordinate point="-1.414798 1.339339 1.027475 -1.414798 2.001777 1.278785 -1.414798 2.478135 0.023135 -1.414798 1.815697 -0.228175 -1.414798 1.815697 -0.228175 -1.414798 2.478135 0.023135 1.414798 2.478135 0.023135 1.414798 1.815697 -0.228175 1.414798 1.339339 1.027475 1.414798 2.001777 1.278785 1.414798 1.869906 1.626388 1.414798 1.207468 1.375078 1.414798 1.207468 1.375078 1.414798 1.869906 1.626388 -1.414798 1.869906 1.626388 -1.414798 1.207468 1.375078 -1.414798 -0.172244 0.454024 1.414798 -0.172244 0.454024 1.414798 -0.304114 0.801626 -1.414798 -0.304114 0.801626 1.414798 2.001777 1.278785 -1.414798 2.001777 1.278785 1.414798 1.869906 1.626388 1.414798 0.901361 1.258949 1.414798 1.207468 1.375078 -1.414798 1.207468 1.375078 -1.414798 0.901361 1.258949 1.414798 1.033232 0.911347 1.414798 1.339339 1.027475 1.414798 1.207468 1.375078 1.414798 0.901361 1.258949 -1.414798 1.509590 -0.344303 -1.414798 1.815697 -0.228175 1.414798 1.815697 -0.228175 1.414798 1.509590 -0.344303 -1.414798 1.033232 0.911347 -1.414798 1.339339 1.027475 -1.414798 1.815697 -0.228175 -1.414798 1.509590 -0.344303 -1.414798 0.901361 1.258949 -1.414798 1.207468 1.375078 -1.414798 1.339339 1.027475 -1.414798 1.033232 0.911347 1.414798 1.509590 -0.344303 1.414798 1.815697 -0.228175 1.414798 1.339339 1.027475 1.414798 1.033232 0.911347 1.414798 2.478135 0.023135 -1.414798 2.001777 1.278785 1.414798 2.001777 1.278785 -1.414798 0.304114 -0.801626 1.414798 0.304114 -0.801626 1.414798 -0.172244 0.454024 -1.414798 -0.172244 0.454024 1.414798 1.815697 -0.228175 1.414798 2.478135 0.023135 1.414798 2.001777 1.278785 1.414798 1.339339 1.027475 -1.414798 1.207468 1.375078 -1.414798 1.869906 1.626388 -1.414798 2.001777 1.278785 -1.414798 1.339339 1.027475 1.414798 0.304114 -0.801626 1.414798 -0.172244 0.454024 -1.414798 -0.304114 0.801626 -1.414798 0.304114 -0.801626 1.414798 0.304114 -0.801626 1.414798 -0.172244 0.454024 1.414798 -0.304114 0.801626 1.414798 -0.304114 0.801626 1.414798 0.901361 1.258949 -1.414798 0.901361 1.258949 -1.414798 -0.304114 0.801626 " />
														<Normal vector="-1.000000 0.000000 0.000000 -0.707083 0.661122 0.250801 -0.577349 0.744591 -0.335002 -0.707083 0.250801 -0.661122 -0.707083 0.250801 -0.661122 -0.577349 0.744591 -0.335002 0.577349 0.744591 -0.335002 0.707083 0.250801 -0.661122 1.000000 0.000000 0.000000 0.707083 0.661122 0.250801 0.577349 0.335002 0.744591 0.707083 -0.250801 0.661122 0.707083 -0.250801 0.661122 0.577349 0.335002 0.744591 -0.577349 0.335002 0.744591 -0.707083 -0.250801 0.661122 -0.707083 -0.661122 -0.250801 0.707083 -0.661122 -0.250801 0.577349 -0.744591 0.335002 -0.577349 -0.744591 0.335002 0.707083 0.661122 0.250801 -0.707083 0.661122 0.250801 0.577349 0.335002 0.744591 0.707083 -0.250801 0.661122 0.707083 -0.250801 0.661122 -0.707083 -0.250801 0.661122 -0.707083 -0.250801 0.661122 1.000000 0.000000 0.000000 1.000000 0.000000 0.000000 0.707083 -0.250801 0.661122 0.707083 -0.250801 0.661122 -0.707083 0.250801 -0.661122 -0.707083 0.250801 -0.661122 0.707083 0.250801 -0.661122 0.707083 0.250801 -0.661122 -1.000000 0.000000 0.000000 -1.000000 0.000000 0.000000 -0.707083 0.250801 -0.661122 -0.707083 0.250801 -0.661122 -0.707083 -0.250801 0.661122 -0.707083 -0.250801 0.661122 -1.000000 0.000000 0.000000 -1.000000 0.000000 0.000000 0.707083 0.250801 -0.661122 0.707083 0.250801 -0.661122 1.000000 0.000000 0.000000 1.000000 0.000000 0.000000 0.577349 0.744591 -0.335002 -0.707083 0.661122 0.250801 0.707083 0.661122 0.250801 -0.577349 -0.335002 -0.744591 0.577349 -0.335002 -0.744591 0.707083 -0.661122 -0.250801 -0.707083 -0.661122 -0.250801 0.707083 0.250801 -0.661122 0.577349 0.744591 -0.335002 0.707083 0.661122 0.250801 1.000000 0.000000 0.000000 -0.707083 -0.250801 0.661122 -0.577349 0.335002 0.744591 -0.707083 0.661122 0.250801 -1.000000 0.000000 0.000000 0.577349 -0.335002 -0.744591 0.707083 -0.661122 -0.250801 -0.577349 -0.744591 0.335002 -0.577349 -0.335002 -0.744591 0.577349 -0.335002 -0.744591 0.707083 -0.661122 -0.250801 0.577349 -0.744591 0.335002 0.577349 -0.744591 0.335002 0.707083 -0.250801 0.661122 -0.707083 -0.250801 0.661122 -0.577349 -0.744591 0.335002 " />
														<TextureCoordinate point="0.3702 0.7128 0.6645 0.7128 0.6645 0.9757 0.3702 0.9757 0.3702 0.7128 0.6645 0.7128 0.6645 0.9757 0.3702 0.9757 0.0181 0.0271 0.3212 0.0271 0.3212 0.2913 0.0181 0.2913 0.0181 0.0271 0.3212 0.0271 0.3212 0.2913 0.0181 0.2913 0.0238 0.3403 0.3154 0.3403 0.3154 0.6319 0.0238 0.6319 0.0181 0.0271 0.3212 0.0271 0.0181 0.2913 0.1696 0.3403 0.3154 0.3403 0.3154 0.6319 0.1696 0.6319 0.1696 0.3403 0.3154 0.3403 0.3154 0.6319 0.1696 0.6319 0.1696 0.3403 0.3154 0.3403 0.3154 0.6319 0.1696 0.6319 0.1696 0.3403 0.3154 0.3403 0.3154 0.6319 0.1696 0.6319 0.1696 0.3403 0.3154 0.3403 0.3154 0.6319 0.1696 0.6319 0.1696 0.3403 0.3154 0.3403 0.3154 0.6319 0.1696 0.6319 0.3702 0.7128 0.6645 0.9757 0.3702 0.9757 0.0238 0.3403 0.3154 0.3403 0.3154 0.6319 0.0238 0.6319 0.3702 0.7128 0.6645 0.7128 0.6645 0.9757 0.3702 0.9757 0.0181 0.0271 0.3212 0.0271 0.3212 0.2913 0.0181 0.2913 0.0238 0.3403 0.0238 0.6319 0.0238 0.3403 0.0238 0.6319 0.0238 0.6319 0.0238 0.3403 0.0238 0.6319 0.7089 0.6616 0.7089 0.5262 0.9799 0.5262 0.9799 0.6616 " />
													</IndexedTriangleSet>
												</Shape>
											</Group>
										</Transform>
										<Transform DEF="mouth_TRANSFORM"
										           translation="0.000000 0.342484 -0.778512"
										           scale="1.000000 1.000000 1.000000"
										           rotation="0.000000 1.000000 0.000000 0.000000"
										           >
											<Transform DEF="mouth_ifs_TRANSFORM"
											           translation="0.000000 0.000000 0.000000"
											           scale="1.000000 1.000000 1.000000"
											           rotation="0.000000 1.000000 0.000000 0.000000"
											           >
												<Group DEF="group_ME_mouth">
													<Shape>
														<Appearance>
															<Material USE="MA_Body" />
														</Appearance>
														<IndexedTriangleSet solid="false"
														                    normalPerVertex="true"
														                    index="0 1 2 0 2 3 4 5 6 4 6 7 8 9 10 8 10 11 12 13 14 12 14 15 16 17 18 16 18 19 20 1 14 20 14 21 22 23 1 22 1 20 24 25 17 24 17 16 26 27 9 26 9 8 28 29 1 28 1 0 30 31 32 30 32 33 31 24 16 31 16 32 34 35 36 34 36 37 38 39 40 38 40 41 37 36 42 37 42 43 36 20 21 36 21 42 33 32 44 33 44 45 32 16 19 32 19 44 46 47 48 46 48 49 49 48 13 49 13 12 50 23 51 50 51 52 53 54 55 53 55 56 57 52 4 57 4 58 30 50 52 30 52 57 59 49 12 59 12 60 61 46 49 61 49 59 62 28 0 62 0 33 63 26 8 63 8 64 60 12 15 60 15 45 64 8 11 64 11 65 58 4 7 58 7 66 33 0 3 33 3 67 "
														                    >
															<Coordinate point="-1.391281 -0.235058 0.904897 -1.391281 -0.681812 1.689211 -1.391281 0.038300 2.099394 -1.391281 0.485053 1.315080 1.161125 0.485053 1.315080 1.161125 0.038300 2.099394 1.391281 0.038300 2.099394 1.391281 0.485053 1.315080 1.391281 -0.235058 0.904897 1.391281 -0.681812 1.689211 1.391281 -1.825313 1.037862 1.391281 -1.378560 0.253548 -1.161125 -1.378560 0.253548 -1.161125 -1.825313 1.037862 -1.391281 -1.825313 1.037862 -1.391281 -1.378560 0.253548 1.161125 0.211695 0.120583 1.391281 0.211695 0.120583 1.391281 -0.931806 -0.530766 1.161125 -0.931806 -0.530766 -1.161125 -0.681812 1.689211 -1.161125 -1.825313 1.037862 -1.161125 0.038300 2.099394 -1.391281 0.038300 2.099394 1.161125 0.931806 0.530766 1.391281 0.931806 0.530766 1.391281 0.485053 1.315080 1.391281 0.038300 2.099394 -1.391281 -1.378560 0.253548 -1.391281 -1.825313 1.037862 -1.391281 0.931806 0.530766 -1.161125 0.931806 0.530766 -1.161125 0.211695 0.120583 -1.391281 0.211695 0.120583 1.391281 0.038300 2.099394 1.161125 0.038300 2.099394 1.161125 -0.681812 1.689211 1.391281 -0.681812 1.689211 1.161125 0.038300 2.099394 -1.161125 0.038300 2.099394 -1.161125 -0.681812 1.689211 1.161125 -0.681812 1.689211 1.161125 -1.825313 1.037862 1.391281 -1.825313 1.037862 -1.161125 -0.931806 -0.530766 -1.391281 -0.931806 -0.530766 1.391281 -1.378560 0.253548 1.391281 -1.825313 1.037862 1.161125 -1.825313 1.037862 1.161125 -1.378560 0.253548 -1.391281 0.485053 1.315080 -1.161125 0.038300 2.099394 -1.161125 0.485053 1.315080 -1.161125 0.485053 1.315080 -1.161125 0.038300 2.099394 1.161125 0.038300 2.099394 1.161125 0.485053 1.315080 -1.161125 0.931806 0.530766 1.161125 0.931806 0.530766 1.161125 -0.931806 -0.530766 -1.161125 -0.931806 -0.530766 1.391281 -0.931806 -0.530766 -1.391281 -0.931806 -0.530766 1.391281 0.931806 0.530766 1.391281 0.211695 0.120583 1.391281 -0.931806 -0.530766 1.391281 0.931806 0.530766 -1.391281 0.931806 0.530766 " />
															<Normal vector="-1.000000 0.000000 0.000000 -0.707083 -0.349956 0.614399 -0.577349 0.215888 0.787408 -0.707083 0.614399 0.349956 0.000000 0.868923 0.494919 0.000000 0.264412 0.964385 0.577349 0.215888 0.787408 0.707083 0.614399 0.349956 1.000000 0.000000 0.000000 0.707083 -0.349956 0.614399 0.577349 -0.787408 0.215888 0.707083 -0.614399 -0.349956 0.000000 -0.868923 -0.494919 0.000000 -0.964385 0.264412 -0.577349 -0.787408 0.215888 -0.707083 -0.614399 -0.349956 0.000000 0.494919 -0.868923 0.707083 0.349956 -0.614399 0.577349 -0.215888 -0.787408 0.000000 -0.264412 -0.964385 0.000000 -0.494919 0.868923 0.000000 -0.964385 0.264412 0.000000 0.264412 0.964385 -0.577349 0.215888 0.787408 0.000000 0.964385 -0.264412 0.577349 0.787408 -0.215888 0.707083 0.614399 0.349956 0.577349 0.215888 0.787408 -0.707083 -0.614399 -0.349956 -0.577349 -0.787408 0.215888 -0.577349 0.787408 -0.215888 0.000000 0.964385 -0.264412 0.000000 0.494919 -0.868923 -0.707083 0.349956 -0.614399 0.577349 0.215888 0.787408 0.000000 0.264412 0.964385 0.000000 -0.494919 0.868923 0.707083 -0.349956 0.614399 0.000000 0.264412 0.964385 0.000000 0.264412 0.964385 0.000000 -0.494919 0.868923 0.000000 -0.494919 0.868923 0.000000 -0.964385 0.264412 0.577349 -0.787408 0.215888 0.000000 -0.264412 -0.964385 -0.577349 -0.215888 -0.787408 0.707083 -0.614399 -0.349956 0.577349 -0.787408 0.215888 0.000000 -0.964385 0.264412 0.000000 -0.868923 -0.494919 -0.707083 0.614399 0.349956 0.000000 0.264412 0.964385 0.000000 0.868923 0.494919 0.000000 0.868923 0.494919 0.000000 0.264412 0.964385 0.000000 0.264412 0.964385 0.000000 0.868923 0.494919 0.000000 0.964385 -0.264412 0.000000 0.964385 -0.264412 0.000000 -0.264412 -0.964385 0.000000 -0.264412 -0.964385 0.577349 -0.215888 -0.787408 -0.577349 -0.215888 -0.787408 0.577349 0.787408 -0.215888 0.707083 0.349956 -0.614399 0.577349 -0.215888 -0.787408 0.577349 0.787408 -0.215888 -0.577349 0.787408 -0.215888 " />
															<TextureCoordinate point="0.1801 0.4826 0.3251 0.4826 0.3251 0.6277 0.1801 0.6277 0.1801 0.5310 0.3251 0.5310 0.3251 0.6277 0.1801 0.6277 0.1801 0.4826 0.3251 0.4826 0.3251 0.6277 0.1801 0.6277 0.1801 0.5310 0.3251 0.5310 0.3251 0.6277 0.1801 0.6277 0.2284 0.4826 0.3251 0.4826 0.3251 0.6277 0.2284 0.6277 0.2284 0.4826 0.2284 0.6277 0.2284 0.3376 0.3251 0.3376 0.2284 0.3376 0.3251 0.3376 0.1801 0.3376 0.3251 0.3376 0.1801 0.3376 0.3251 0.3376 0.0350 0.3376 0.1317 0.3376 0.1317 0.4826 0.0350 0.4826 0.0350 0.3376 0.1317 0.3376 0.1317 0.4826 0.0350 0.4826 0.7851 0.5180 0.8613 0.5180 0.8613 0.6323 0.7851 0.6323 0.1317 0.6277 0.0350 0.6277 0.1317 0.6277 0.0350 0.6277 0.1801 0.3376 0.3251 0.3376 0.3251 0.4343 0.1801 0.4343 0.1801 0.3376 0.3251 0.4343 0.1801 0.4343 0.8232 0.5942 0.9375 0.5942 0.9375 0.6705 0.8232 0.6705 0.0350 0.4343 0.0350 0.5310 0.0350 0.4343 0.0350 0.5310 0.0350 0.3376 0.0350 0.3376 0.0350 0.3376 0.0350 0.4826 0.0350 0.6277 0.0350 0.6277 0.0350 0.6277 " />
														</IndexedTriangleSet>
													</Shape>
												</Group>
											</Transform>
											<Transform DEF="Cube_013_TRANSFORM"
											           translation="0.000000 -1.032575 1.195407"
											           scale="1.000000 1.000000 1.000000"
											           rotation="0.000000 1.000000 0.000000 0.000000"
											           >
												<Transform DEF="Cube_013_ifs_TRANSFORM"
												           translation="0.000000 0.000000 0.000000"
												           scale="1.000000 1.000000 1.000000"
												           rotation="0.000000 1.000000 0.000000 0.000000"
												           >
													<Group DEF="group_ME_Cube_036">
														<Shape>
															<Appearance>
																<Material USE="MA_Body" />
															</Appearance>
															<IndexedTriangleSet solid="false"
															                    normalPerVertex="true"
															                    index="0 1 2 0 2 3 4 5 6 4 6 7 8 9 10 8 10 11 12 13 14 12 14 15 16 17 18 16 18 19 20 1 14 20 14 21 22 23 24 22 24 25 26 20 21 26 21 27 0 28 29 0 29 15 30 16 19 30 19 31 32 33 34 32 34 35 36 37 13 36 13 12 38 39 40 38 40 41 42 43 44 42 44 45 46 47 16 46 16 30 38 48 28 38 28 0 49 50 51 49 51 52 53 54 23 53 23 22 55 39 1 55 1 20 47 56 17 47 17 16 57 58 9 57 9 8 59 60 1 59 1 0 61 49 52 61 52 62 48 46 30 48 30 28 63 64 43 63 43 42 35 34 37 35 37 36 28 30 31 28 31 29 23 26 27 23 27 24 "
															                    >
																<Coordinate point="-1.168063 0.062744 -0.143706 -1.168063 0.056676 1.032365 -1.168063 0.513735 1.034723 -1.168063 0.519803 -0.141348 0.716453 0.519803 -0.141348 0.716453 0.513735 1.034723 1.168063 0.513735 1.034723 1.168063 0.519803 -0.141348 1.168063 0.062744 -0.143706 1.168063 0.056676 1.032365 1.168063 -0.479872 1.029596 1.168063 -0.473804 -0.146474 -0.716453 -0.473804 -0.146474 -0.716453 -0.479872 1.029596 -1.168063 -0.479872 1.029596 -1.168063 -0.473804 -0.146474 0.716453 0.062744 -0.143706 1.168063 0.062744 -0.143706 1.168063 -0.473804 -0.146474 0.716453 -0.473804 -0.146474 -0.716453 0.296345 1.062051 -0.716453 -0.479872 1.029596 1.168063 0.056676 1.032365 0.716453 0.296345 1.062051 0.716453 -0.479872 1.029596 1.168063 -0.479872 1.029596 0.000000 0.056676 1.032365 0.000000 -0.479872 1.029596 -0.716453 0.062744 -0.143706 -0.716453 -0.473804 -0.146474 0.000000 0.062744 -0.143706 0.000000 -0.473804 -0.146474 1.168063 -0.473804 -0.146474 1.168063 -0.479872 1.029596 0.716453 -0.479872 1.029596 0.716453 -0.473804 -0.146474 0.000000 -0.473804 -0.146474 0.000000 -0.479872 1.029596 -1.168063 0.519803 -0.141348 -1.168063 0.513735 1.034723 -0.716453 0.513735 1.034723 -0.716453 0.519803 -0.141348 0.000000 0.519803 -0.141348 0.000000 0.513735 1.034723 0.716453 0.513735 1.034723 0.716453 0.519803 -0.141348 0.000000 0.519803 -0.141348 0.716453 0.519803 -0.141348 -0.716453 0.519803 -0.141348 0.000000 0.513735 1.034723 -0.716453 0.513735 1.034723 -0.716453 0.296345 1.062051 0.000000 0.056676 1.032365 1.168063 0.513735 1.034723 0.716453 0.513735 1.034723 -0.716453 0.513735 1.034723 1.168063 0.519803 -0.141348 1.168063 0.519803 -0.141348 1.168063 0.513735 1.034723 -1.168063 -0.473804 -0.146474 -1.168063 -0.479872 1.029596 0.716453 0.513735 1.034723 0.716453 0.296345 1.062051 -0.716453 0.519803 -0.141348 -0.716453 0.513735 1.034723 " />
																<Normal vector="-0.707083 0.003632 -0.707083 -0.718345 -0.003327 0.695669 -0.585620 0.582446 0.563677 -0.577349 0.580309 -0.574358 0.000000 0.710715 -0.703421 0.005432 0.718467 0.695517 0.585620 0.582446 0.563677 0.577349 0.580309 -0.574358 0.707083 0.003632 -0.707083 0.718345 -0.003327 0.695669 0.583056 -0.583667 0.565111 0.577349 -0.574358 -0.580309 0.000000 -0.703421 -0.710746 -0.003296 -0.718375 0.695608 -0.583056 -0.583667 0.565111 -0.577349 -0.574358 -0.580309 0.000000 0.005158 -0.999969 0.707083 0.003632 -0.707083 0.577349 -0.574358 -0.580309 0.000000 -0.703421 -0.710746 -0.007050 0.013245 0.999878 -0.003296 -0.718375 0.695608 0.718345 -0.003327 0.695669 0.007050 0.013245 0.999878 0.003296 -0.718375 0.695608 0.583056 -0.583667 0.565111 0.000000 -0.001465 0.999969 0.000000 -0.718345 0.695639 0.000000 0.005158 -0.999969 0.000000 -0.703421 -0.710746 0.000000 0.005158 -0.999969 0.000000 -0.703421 -0.710746 0.577349 -0.574358 -0.580309 0.583056 -0.583667 0.565111 0.003296 -0.718375 0.695608 0.000000 -0.703421 -0.710746 0.000000 -0.703421 -0.710746 0.000000 -0.718345 0.695639 -0.577349 0.580309 -0.574358 -0.585620 0.582446 0.563677 -0.005432 0.718467 0.695517 0.000000 0.710746 -0.703421 0.000000 0.710746 -0.703421 0.000000 0.718375 0.695608 0.005432 0.718467 0.695517 0.000000 0.710715 -0.703421 0.000000 0.710746 -0.703421 0.000000 0.710715 -0.703421 0.000000 0.710746 -0.703421 0.000000 0.718375 0.695608 -0.005432 0.718467 0.695517 -0.007050 0.013245 0.999878 0.000000 -0.001465 0.999969 0.585620 0.582446 0.563677 0.005432 0.718467 0.695517 -0.005432 0.718467 0.695517 0.577349 0.580309 -0.574358 0.577349 0.580309 -0.574358 0.585620 0.582446 0.563677 -0.577349 -0.574358 -0.580309 -0.583056 -0.583667 0.565111 0.005432 0.718467 0.695517 0.007050 0.013245 0.999878 0.000000 0.710746 -0.703421 -0.005432 0.718467 0.695517 " />
																<TextureCoordinate point="0.0350 0.4826 0.3251 0.4826 0.3251 0.6277 0.0350 0.6277 0.0350 0.5310 0.3251 0.5310 0.3251 0.6277 0.0350 0.6277 0.0350 0.4826 0.3251 0.4826 0.3251 0.6277 0.0350 0.6277 0.0350 0.5310 0.3251 0.5310 0.3251 0.6277 0.0350 0.6277 0.2284 0.4826 0.3251 0.4826 0.3251 0.6277 0.2284 0.6277 0.2284 0.4826 0.2284 0.6277 0.0350 0.4826 0.1317 0.4826 0.1317 0.6277 0.0350 0.6277 0.1801 0.4826 0.1801 0.6277 0.1317 0.4826 0.1317 0.6277 0.1801 0.4826 0.1801 0.6277 0.0350 0.3376 0.3251 0.3376 0.3251 0.4343 0.0350 0.4343 0.0350 0.4826 0.3251 0.4826 0.0350 0.3376 0.3251 0.3376 0.3251 0.4343 0.0350 0.4343 0.7509 0.6230 0.9654 0.6230 0.9654 0.6588 0.7509 0.6588 0.1801 0.3376 0.2284 0.3376 0.1317 0.3376 0.8582 0.5158 0.8939 0.5158 0.8939 0.6230 0.8582 0.6230 0.0350 0.3376 0.1317 0.3376 0.2284 0.3376 0.3251 0.3376 0.0350 0.3376 0.3251 0.3376 0.0350 0.3376 0.3251 0.3376 0.8224 0.5158 0.8224 0.6230 0.7509 0.5873 0.9654 0.5873 " />
															</IndexedTriangleSet>
														</Shape>
													</Group>
												</Transform>
												<Transform DEF="Cube_023_TRANSFORM"
												           translation="0.000000 -0.109149 0.881191"
												           scale="1.000000 1.000000 1.000000"
												           rotation="0.000000 1.000000 0.000000 0.000000"
												           >
													<Transform DEF="Cube_023_ifs_TRANSFORM"
													           translation="0.000000 0.000000 0.000000"
													           scale="1.000000 1.000000 1.000000"
													           rotation="0.000000 1.000000 0.000000 0.000000"
													           >
														<Group DEF="group_ME_Cube_006">
															<Shape>
																<Appearance>
																	<Material USE="MA_Body" />
																</Appearance>
																<IndexedTriangleSet solid="false"
																                    normalPerVertex="true"
																                    index="0 1 2 0 2 3 4 5 6 4 6 7 8 9 10 8 10 11 12 13 14 12 14 15 4 16 17 4 17 15 18 5 14 18 14 19 "
																                    >
																	<Coordinate point="-0.355361 -0.058714 0.034987 -0.355361 0.293988 0.626874 -0.355361 0.411416 0.556899 -0.355361 0.058714 -0.034987 -0.355361 0.058714 -0.034987 -0.355361 0.411416 0.556899 0.355361 0.411416 0.556899 0.355361 0.058714 -0.034987 0.355361 0.058714 -0.034987 0.355361 0.411416 0.556899 0.355361 0.293988 0.626874 0.355361 -0.058714 0.034987 0.355361 -0.058714 0.034987 0.355361 0.293988 0.626874 -0.355361 0.293988 0.626874 -0.355361 -0.058714 0.034987 0.355361 0.058714 -0.034987 0.355361 -0.058714 0.034987 0.355361 0.411416 0.556899 0.355361 0.293988 0.626874 " />
																	<Normal vector="-0.577349 -0.791498 -0.200415 -0.577349 -0.200415 0.791498 -0.577349 0.791498 0.200415 -0.577349 0.200415 -0.791498 -0.577349 0.200415 -0.791498 -0.577349 0.791498 0.200415 0.577349 0.791498 0.200415 0.577349 0.200415 -0.791498 0.577349 0.200415 -0.791498 0.577349 0.791498 0.200415 0.577349 -0.200415 0.791498 0.577349 -0.791498 -0.200415 0.577349 -0.791498 -0.200415 0.577349 -0.200415 0.791498 -0.577349 -0.200415 0.791498 -0.577349 -0.791498 -0.200415 0.577349 0.200415 -0.791498 0.577349 -0.791498 -0.200415 0.577349 0.791498 0.200415 0.577349 -0.200415 0.791498 " />
																	<TextureCoordinate point="0.0489 0.3480 0.3112 0.3480 0.3112 0.6103 0.0489 0.6103 0.0489 0.3480 0.3112 0.3480 0.3112 0.6103 0.0489 0.6103 0.0489 0.3480 0.3112 0.3480 0.3112 0.6103 0.0489 0.6103 0.0489 0.3480 0.3112 0.3480 0.3112 0.6103 0.0489 0.6103 0.3112 0.3480 0.3112 0.6103 0.0489 0.3480 0.0489 0.6103 " />
																</IndexedTriangleSet>
															</Shape>
														</Group>
													</Transform>
												</Transform>
												<Transform DEF="Cube_024_TRANSFORM"
												           translation="0.552360 0.059347 0.818325"
												           scale="1.000000 1.000000 1.000000"
												           rotation="0.000000 1.000000 0.000000 0.000000"
												           >
													<Transform DEF="Cube_024_ifs_TRANSFORM"
													           translation="0.000000 0.000000 0.000000"
													           scale="1.000000 1.000000 1.000000"
													           rotation="0.000000 1.000000 0.000000 0.000000"
													           >
														<Group DEF="group_ME_Cube_007">
															<Shape>
																<Appearance>
																	<Material USE="MA_Body" />
																</Appearance>
																<IndexedTriangleSet solid="false"
																                    normalPerVertex="true"
																                    index="0 1 2 0 2 3 4 5 6 4 6 7 8 9 10 8 10 11 12 13 14 12 14 15 4 16 17 4 17 15 18 5 14 18 14 19 "
																                    >
																	<Coordinate point="-0.189230 -0.171939 0.150850 -0.112446 0.153594 0.618213 -0.193328 0.249809 0.564485 -0.270111 -0.075724 0.097121 -0.270111 -0.075724 0.097121 -0.193328 0.249809 0.564485 0.266014 0.497472 0.316513 0.189230 0.171939 -0.150850 0.189230 0.171939 -0.150850 0.266014 0.497472 0.316513 0.346895 0.401258 0.370242 0.270111 0.075724 -0.097121 0.270111 0.075724 -0.097121 0.346895 0.401258 0.370242 -0.112446 0.153594 0.618213 -0.189230 -0.171939 0.150850 0.189230 0.171939 -0.150850 0.270111 0.075724 -0.097121 0.266014 0.497472 0.316513 0.346895 0.401258 0.370242 " />
																	<Normal vector="-0.194525 -0.980865 0.005188 -0.040254 -0.326823 0.944212 -0.723472 0.485916 0.490341 -0.877743 -0.168126 -0.448622 -0.877743 -0.168126 -0.448622 -0.723472 0.485916 0.490341 0.194525 0.980865 -0.005188 0.040254 0.326823 -0.944212 0.040254 0.326823 -0.944212 0.194525 0.980865 -0.005188 0.877743 0.168126 0.448622 0.723472 -0.485916 -0.490341 0.723472 -0.485916 -0.490341 0.877743 0.168126 0.448622 -0.040254 -0.326823 0.944212 -0.194525 -0.980865 0.005188 0.040254 0.326823 -0.944212 0.723472 -0.485916 -0.490341 0.194525 0.980865 -0.005188 0.877743 0.168126 0.448622 " />
																	<TextureCoordinate point="0.0489 0.3480 0.3112 0.3480 0.3112 0.6103 0.0489 0.6103 0.0489 0.3480 0.3112 0.3480 0.3112 0.6103 0.0489 0.6103 0.0489 0.3480 0.3112 0.3480 0.3112 0.6103 0.0489 0.6103 0.0489 0.3480 0.3112 0.3480 0.3112 0.6103 0.0489 0.6103 0.3112 0.3480 0.3112 0.6103 0.0489 0.3480 0.0489 0.6103 " />
																</IndexedTriangleSet>
															</Shape>
														</Group>
													</Transform>
												</Transform>
												<Transform DEF="Cube_004_TRANSFORM"
												           translation="-0.552360 0.059347 0.818325"
												           scale="1.000000 1.000000 1.000000"
												           rotation="0.000000 1.000000 0.000000 0.000000"
												           >
													<Transform DEF="Cube_004_ifs_TRANSFORM"
													           translation="0.000000 0.000000 0.000000"
													           scale="1.000000 1.000000 1.000000"
													           rotation="0.000000 1.000000 0.000000 0.000000"
													           >
														<Group DEF="group_ME_Cube_045">
															<Shape>
																<Appearance>
																	<Material USE="MA_Body" />
																</Appearance>
																<IndexedTriangleSet solid="false"
																                    normalPerVertex="true"
																                    index="0 1 2 0 2 3 4 5 6 4 6 7 8 9 10 8 10 11 12 13 14 12 14 15 4 13 16 4 16 17 18 19 14 18 14 7 "
																                    >
																	<Coordinate point="0.189230 -0.171939 0.150850 0.270111 -0.075724 0.097121 0.193328 0.249809 0.564485 0.112446 0.153594 0.618213 0.270111 -0.075724 0.097121 -0.189230 0.171939 -0.150850 -0.266014 0.497472 0.316513 0.193328 0.249809 0.564485 -0.189230 0.171939 -0.150850 -0.270111 0.075724 -0.097121 -0.346895 0.401258 0.370242 -0.266014 0.497472 0.316513 -0.270111 0.075724 -0.097121 0.189230 -0.171939 0.150850 0.112446 0.153594 0.618213 -0.346895 0.401258 0.370242 -0.270111 0.075724 -0.097121 -0.189230 0.171939 -0.150850 -0.266014 0.497472 0.316513 -0.346895 0.401258 0.370242 " />
																	<Normal vector="0.194525 -0.980865 0.005188 0.877743 -0.168126 -0.448622 0.723472 0.485916 0.490341 0.040254 -0.326823 0.944212 0.877743 -0.168126 -0.448622 -0.040254 0.326823 -0.944212 -0.194525 0.980865 -0.005188 0.723472 0.485916 0.490341 -0.040254 0.326823 -0.944212 -0.723472 -0.485916 -0.490341 -0.877743 0.168126 0.448622 -0.194525 0.980865 -0.005188 -0.723472 -0.485916 -0.490341 0.194525 -0.980865 0.005188 0.040254 -0.326823 0.944212 -0.877743 0.168126 0.448622 -0.723472 -0.485916 -0.490341 -0.040254 0.326823 -0.944212 -0.194525 0.980865 -0.005188 -0.877743 0.168126 0.448622 " />
																	<TextureCoordinate point="0.0489 0.3480 0.0489 0.6103 0.3112 0.6103 0.3112 0.3480 0.0489 0.3480 0.0489 0.6103 0.3112 0.6103 0.3112 0.3480 0.0489 0.3480 0.0489 0.6103 0.3112 0.6103 0.3112 0.3480 0.0489 0.3480 0.0489 0.6103 0.3112 0.6103 0.3112 0.3480 0.3112 0.6103 0.3112 0.3480 0.0489 0.3480 0.0489 0.6103 " />
																</IndexedTriangleSet>
															</Shape>
														</Group>
													</Transform>
												</Transform>
											</Transform>
										</Transform>
										<Transform DEF="Cube_015_TRANSFORM"
										           translation="0.000000 1.348610 1.166664"
										           scale="1.000000 1.000000 1.000000"
										           rotation="0.000000 1.000000 0.000000 0.000000"
										           >
											<Transform DEF="Cube_015_ifs_TRANSFORM"
											           translation="0.000000 0.000000 0.000000"
											           scale="1.000000 1.000000 1.000000"
											           rotation="0.000000 1.000000 0.000000 0.000000"
											           >
												<Group DEF="group_ME_Cube_038">
													<Shape>
														<Appearance>
															<Material USE="MA_Body" />
														</Appearance>
														<IndexedTriangleSet solid="false"
														                    normalPerVertex="true"
														                    index="0 1 2 0 2 3 4 5 6 4 6 7 8 9 10 8 10 11 12 13 14 12 14 15 16 17 18 16 18 19 20 21 14 20 14 22 23 24 25 23 25 26 27 28 29 27 29 30 31 32 33 31 33 34 35 36 37 35 37 38 39 40 41 39 41 42 43 44 45 43 45 46 47 48 49 47 49 50 51 52 53 51 53 54 55 56 57 55 57 58 59 60 61 59 61 62 63 64 65 63 65 66 67 68 56 67 56 55 69 70 71 69 71 72 73 74 75 73 75 76 63 77 78 63 78 42 79 27 30 79 30 80 81 82 83 81 83 84 85 23 26 85 26 86 87 88 89 87 89 90 91 20 22 91 22 92 59 93 94 59 94 50 95 96 97 95 97 98 99 100 101 99 101 102 103 104 13 103 13 12 105 106 107 105 107 108 109 110 5 109 5 4 108 107 110 108 110 109 102 101 104 102 104 103 111 95 98 111 98 112 88 91 92 88 92 89 82 85 86 82 86 83 77 79 80 77 80 78 113 114 74 113 74 73 66 65 68 66 68 67 "
														                    >
															<Coordinate point="-1.182403 -0.238364 0.416127 -1.182403 0.122803 0.717556 -1.182403 0.425377 0.355019 -1.182403 0.064210 0.053590 0.764248 0.064210 0.053590 0.764248 0.425377 0.355019 1.182403 0.425377 0.355019 1.182403 0.064210 0.053590 1.182403 -0.238364 0.416127 1.182403 0.122803 0.717556 1.182403 -0.202668 1.107530 1.182403 -0.563835 0.806100 -0.764248 -0.719128 0.676493 -0.764248 -0.202668 1.107530 -1.182403 -0.202668 1.107530 -1.182403 -0.563835 0.806100 0.764248 -0.727950 0.007518 1.182403 -0.727950 0.007518 1.182403 -1.053422 0.397491 0.764248 -1.053422 0.397491 -0.764248 0.122803 0.717556 -1.182403 0.122803 0.717556 -0.764248 -0.202668 1.107530 -0.764248 0.425377 0.355019 -1.182403 0.425377 0.355019 -1.182403 0.122803 0.717556 -0.764248 0.122803 0.717556 0.764248 -0.425377 -0.355019 1.182403 -0.425377 -0.355019 1.182403 -0.727950 0.007518 0.764248 -0.727950 0.007518 1.182403 0.064210 0.053590 1.182403 0.425377 0.355019 1.182403 0.122803 0.717556 1.182403 -0.238364 0.416127 -1.182403 -0.563835 0.806100 -1.182403 -0.202668 1.107530 -1.182403 0.122803 0.717556 -1.182403 -0.238364 0.416127 -1.182403 -1.053422 0.397491 -1.182403 -0.563835 0.806100 -1.182403 -0.238364 0.416127 -1.182403 -0.727950 0.007518 1.182403 -0.425377 -0.355019 1.182403 0.064210 0.053590 1.182403 -0.238364 0.416127 1.182403 -0.727950 0.007518 -0.764248 -1.053422 0.397491 -0.764248 -0.719128 0.676493 -1.182403 -0.563835 0.806100 -1.182403 -1.053422 0.397491 1.182403 -0.727950 0.007518 1.182403 -0.238364 0.416127 1.182403 -0.563835 0.806100 1.182403 -1.053422 0.397491 0.764248 -0.425377 -0.355019 0.764248 0.064210 0.053590 1.182403 0.064210 0.053590 1.182403 -0.425377 -0.355019 -1.182403 -0.727950 0.007518 -1.182403 -0.238364 0.416127 -1.182403 0.064210 0.053590 -1.182403 -0.425377 -0.355019 -1.182403 -0.425377 -0.355019 -1.182403 0.064210 0.053590 -0.764248 0.064210 0.053590 -0.764248 -0.425377 -0.355019 0.000000 -0.425377 -0.355019 0.000000 0.064210 0.053590 1.182403 -1.053422 0.397491 1.182403 -0.563835 0.806100 0.764248 -0.719128 0.676493 0.764248 -1.053422 0.397491 0.000000 -1.053422 0.397491 0.000000 -0.563835 0.806100 -0.764248 -0.719128 0.676493 -0.764248 -1.053422 0.397491 -0.764248 -0.425377 -0.355019 -0.764248 -0.727950 0.007518 0.000000 -0.425377 -0.355019 0.000000 -0.727950 0.007518 1.182403 0.425377 0.355019 0.764248 0.425377 0.355019 0.764248 0.122803 0.717556 1.182403 0.122803 0.717556 0.000000 0.425377 0.355019 0.000000 0.122803 0.717556 1.182403 0.122803 0.717556 0.764248 0.122803 0.717556 0.764248 -0.202668 1.107530 1.182403 -0.202668 1.107530 0.000000 0.122803 0.717556 0.000000 -0.202668 1.107530 -0.764248 -0.727950 0.007518 -0.764248 -1.053422 0.397491 0.000000 -0.727950 0.007518 0.764248 -0.727950 0.007518 0.764248 -1.053422 0.397491 0.000000 -1.053422 0.397491 1.182403 -0.563835 0.806100 1.182403 -0.202668 1.107530 0.764248 -0.202668 1.107530 0.764248 -0.719128 0.676493 0.000000 -0.563835 0.806100 0.000000 -0.202668 1.107530 -1.182403 0.064210 0.053590 -1.182403 0.425377 0.355019 -0.764248 0.425377 0.355019 -0.764248 0.064210 0.053590 0.000000 0.064210 0.053590 0.000000 0.425377 0.355019 -0.764248 -0.727950 0.007518 -0.764248 -1.053422 0.397491 0.764248 -1.053422 0.397491 0.764248 -0.719128 0.676493 " />
															<Normal vector="-1.000000 0.000000 0.000000 -0.707083 0.542863 0.453078 -0.577349 0.813196 -0.073305 -0.707083 0.453078 -0.542863 0.000000 0.640736 -0.767724 0.000000 0.995941 -0.089785 0.577349 0.813196 -0.073305 0.707083 0.453078 -0.542863 1.000000 0.000000 0.000000 0.707083 0.542863 0.453078 0.577349 0.073305 0.813196 0.707083 -0.453078 0.542863 0.000000 -0.640736 0.767724 0.000000 0.089785 0.995941 -0.577349 0.073305 0.813196 -0.707083 -0.453078 0.542863 0.000000 -0.767724 -0.640736 0.707083 -0.542863 -0.453078 0.577349 -0.813196 0.073305 0.000000 -0.995941 0.089785 0.000000 0.767724 0.640736 -0.707083 0.542863 0.453078 0.000000 0.089785 0.995941 0.000000 0.995941 -0.089785 -0.577349 0.813196 -0.073305 -0.707083 0.542863 0.453078 0.000000 0.767724 0.640736 0.000000 -0.089785 -0.995941 0.577349 -0.073305 -0.813196 0.707083 -0.542863 -0.453078 0.000000 -0.767724 -0.640736 0.707083 0.453078 -0.542863 0.577349 0.813196 -0.073305 0.707083 0.542863 0.453078 1.000000 0.000000 0.000000 -0.707083 -0.453078 0.542863 -0.577349 0.073305 0.813196 -0.707083 0.542863 0.453078 -1.000000 0.000000 0.000000 -0.577349 -0.813196 0.073305 -0.707083 -0.453078 0.542863 -1.000000 0.000000 0.000000 -0.707083 -0.542863 -0.453078 0.577349 -0.073305 -0.813196 0.707083 0.453078 -0.542863 1.000000 0.000000 0.000000 0.707083 -0.542863 -0.453078 0.000000 -0.995941 0.089785 0.000000 -0.640736 0.767724 -0.707083 -0.453078 0.542863 -0.577349 -0.813196 0.073305 0.707083 -0.542863 -0.453078 1.000000 0.000000 0.000000 0.707083 -0.453078 0.542863 0.577349 -0.813196 0.073305 0.000000 -0.089785 -0.995941 0.000000 0.640736 -0.767724 0.707083 0.453078 -0.542863 0.577349 -0.073305 -0.813196 -0.707083 -0.542863 -0.453078 -1.000000 0.000000 0.000000 -0.707083 0.453078 -0.542863 -0.577349 -0.073305 -0.813196 -0.577349 -0.073305 -0.813196 -0.707083 0.453078 -0.542863 0.000000 0.640736 -0.767724 0.000000 -0.089785 -0.995941 0.000000 -0.089785 -0.995941 0.000000 0.640736 -0.767724 0.577349 -0.813196 0.073305 0.707083 -0.453078 0.542863 0.000000 -0.640736 0.767724 0.000000 -0.995941 0.089785 0.000000 -0.995941 0.089785 0.000000 -0.640736 0.767724 0.000000 -0.640736 0.767724 0.000000 -0.995941 0.089785 0.000000 -0.089785 -0.995941 0.000000 -0.767724 -0.640736 0.000000 -0.089785 -0.995941 0.000000 -0.767724 -0.640736 0.577349 0.813196 -0.073305 0.000000 0.995941 -0.089785 0.000000 0.767724 0.640736 0.707083 0.542863 0.453078 0.000000 0.995941 -0.089785 0.000000 0.767724 0.640736 0.707083 0.542863 0.453078 0.000000 0.767724 0.640736 0.000000 0.089785 0.995941 0.577349 0.073305 0.813196 0.000000 0.767724 0.640736 0.000000 0.089785 0.995941 0.000000 -0.767724 -0.640736 0.000000 -0.995941 0.089785 0.000000 -0.767724 -0.640736 0.000000 -0.767724 -0.640736 0.000000 -0.995941 0.089785 0.000000 -0.995941 0.089785 0.707083 -0.453078 0.542863 0.577349 0.073305 0.813196 0.000000 0.089785 0.995941 0.000000 -0.640736 0.767724 0.000000 -0.640736 0.767724 0.000000 0.089785 0.995941 -0.707083 0.453078 -0.542863 -0.577349 0.813196 -0.073305 0.000000 0.995941 -0.089785 0.000000 0.640736 -0.767724 0.000000 0.640736 -0.767724 0.000000 0.995941 -0.089785 0.000000 -0.767724 -0.640736 0.000000 -0.995941 0.089785 0.000000 -0.995941 0.089785 0.000000 -0.640736 0.767724 " />
															<TextureCoordinate point="0.0267 0.0323 0.3126 0.0323 0.3126 0.2722 0.0267 0.2722 0.0339 0.5267 0.3193 0.5267 0.3193 0.6218 0.0339 0.6218 0.0339 0.3365 0.3193 0.3365 0.3193 0.6218 0.0339 0.6218 0.0339 0.5267 0.3193 0.5267 0.3193 0.6218 0.0339 0.6218 0.2242 0.3365 0.3193 0.3365 0.3193 0.6218 0.2242 0.6218 0.2242 0.3365 0.3193 0.3365 0.2242 0.6218 0.2173 0.0323 0.3126 0.0323 0.3126 0.2722 0.2173 0.2722 0.2242 0.3365 0.3193 0.3365 0.3193 0.6218 0.2242 0.6218 0.0267 0.0323 0.3126 0.0323 0.3126 0.2722 0.0267 0.2722 0.0339 0.3365 0.3193 0.3365 0.3193 0.6218 0.0339 0.6218 0.0339 0.3365 0.3193 0.3365 0.3193 0.6218 0.0339 0.6218 0.0339 0.3365 0.3193 0.3365 0.3193 0.6218 0.0339 0.6218 0.0339 0.5267 0.3193 0.5267 0.3193 0.6218 0.0339 0.6218 0.0339 0.3365 0.3193 0.3365 0.3193 0.6218 0.0339 0.6218 0.0339 0.5267 0.3193 0.5267 0.3193 0.6218 0.0339 0.6218 0.0339 0.3365 0.3193 0.3365 0.3193 0.6218 0.0339 0.6218 0.0339 0.3365 0.3193 0.3365 0.3193 0.4316 0.0339 0.4316 0.0339 0.4791 0.3193 0.4791 0.0339 0.3365 0.3193 0.3365 0.3193 0.4316 0.0339 0.4316 0.7777 0.5869 0.9039 0.5869 0.9039 0.6080 0.7777 0.6080 0.1290 0.3365 0.1290 0.6218 0.1766 0.3365 0.1766 0.6218 0.0267 0.0323 0.1220 0.0323 0.1220 0.2722 0.0267 0.2722 0.1696 0.0323 0.1696 0.2722 0.0339 0.3365 0.1290 0.3365 0.1290 0.6218 0.0339 0.6218 0.1766 0.3365 0.1766 0.6218 0.1290 0.3365 0.1290 0.6218 0.8408 0.5239 0.8618 0.5239 0.8618 0.6500 0.8408 0.6500 0.0339 0.3365 0.3193 0.3365 0.3193 0.4316 0.0339 0.4316 0.0339 0.4791 0.3193 0.4791 0.0339 0.3365 0.3193 0.3365 0.3193 0.4316 0.0339 0.4316 0.0339 0.4791 0.3193 0.4791 0.8198 0.5239 0.8198 0.6500 0.7777 0.5659 0.9039 0.5659 " />
														</IndexedTriangleSet>
													</Shape>
												</Group>
											</Transform>
											<Transform DEF="Cube_021_TRANSFORM"
											           translation="0.158782 -0.239701 0.920561"
											           scale="1.000000 1.000000 1.000000"
											           rotation="0.000000 1.000000 0.000000 0.000000"
											           >
												<Transform DEF="Cube_021_ifs_TRANSFORM"
												           translation="0.000000 0.000000 0.000000"
												           scale="1.000000 1.000000 1.000000"
												           rotation="0.000000 1.000000 0.000000 0.000000"
												           >
													<Group DEF="group_ME_Cube_004">
														<Shape>
															<Appearance>
																<Material USE="MA_Body" />
															</Appearance>
															<IndexedTriangleSet solid="false"
															                    normalPerVertex="true"
															                    index="0 1 2 0 2 3 4 5 6 4 6 7 8 9 10 8 10 11 12 13 14 12 14 15 4 16 17 4 17 15 18 5 14 18 14 19 "
															                    >
																<Coordinate point="-0.176833 -1.079924 -0.117605 -0.136001 -1.088380 0.090942 -0.260549 -0.041056 0.157792 -0.301381 -0.032601 -0.050756 -0.301381 -0.032601 -0.050756 -0.260549 -0.041056 0.157792 0.301381 0.032601 0.050756 0.260549 0.041056 -0.157792 0.260549 0.041056 -0.157792 0.301381 0.032601 0.050756 0.425929 -1.014723 -0.016093 0.385096 -1.006267 -0.224641 0.385096 -1.006267 -0.224641 0.425929 -1.014723 -0.016093 -0.136001 -1.088380 0.090942 -0.176833 -1.079924 -0.117605 0.260549 0.041056 -0.157792 0.385096 -1.006267 -0.224641 0.301381 0.032601 0.050756 0.425929 -1.014723 -0.016093 " />
																<Normal vector="-0.605304 -0.622913 -0.495499 -0.383618 -0.668844 0.636769 -0.519700 0.475448 0.709799 -0.741386 0.521378 -0.422468 -0.741386 0.521378 -0.422468 -0.519700 0.475448 0.709799 0.605304 0.622913 0.495499 0.383618 0.668844 -0.636769 0.383618 0.668844 -0.636769 0.605304 0.622913 0.495499 0.741386 -0.521378 0.422468 0.519700 -0.475448 -0.709799 0.519700 -0.475448 -0.709799 0.741386 -0.521378 0.422468 -0.383618 -0.668844 0.636769 -0.605304 -0.622913 -0.495499 0.383618 0.668844 -0.636769 0.519700 -0.475448 -0.709799 0.605304 0.622913 0.495499 0.741386 -0.521378 0.422468 " />
																<TextureCoordinate point="0.0286 0.3381 0.3176 0.3381 0.3176 0.6271 0.0286 0.6271 0.0286 0.3381 0.3176 0.3381 0.3176 0.6271 0.0286 0.6271 0.0286 0.3381 0.3176 0.3381 0.3176 0.6271 0.0286 0.6271 0.0286 0.3381 0.3176 0.3381 0.3176 0.6271 0.0286 0.6271 0.3176 0.3381 0.3176 0.6271 0.0286 0.3381 0.0286 0.6271 " />
															</IndexedTriangleSet>
														</Shape>
													</Group>
												</Transform>
												<Transform DEF="Cube_022_TRANSFORM"
												           translation="0.539399 -0.208547 -0.289660"
												           scale="1.000000 1.000000 1.000000"
												           rotation="0.000000 1.000000 0.000000 0.000000"
												           >
													<Transform DEF="Cube_022_ifs_TRANSFORM"
													           translation="0.000000 0.000000 0.000000"
													           scale="1.000000 1.000000 1.000000"
													           rotation="0.000000 1.000000 0.000000 0.000000"
													           >
														<Group DEF="group_ME_Cube_005">
															<Shape>
																<Appearance>
																	<Material USE="MA_Body" />
																</Appearance>
																<IndexedTriangleSet solid="false"
																                    normalPerVertex="true"
																                    index="0 1 2 0 2 3 4 5 6 4 6 7 8 9 10 8 10 11 12 13 14 12 14 15 4 16 17 4 17 15 18 5 14 18 14 19 "
																                    >
																	<Coordinate point="-0.371081 -0.586269 0.161756 -0.273898 -0.586640 0.297340 -0.250764 0.016607 0.282408 -0.347947 0.016978 0.146824 -0.347947 0.016978 0.146824 -0.250764 0.016607 0.282408 0.347947 -0.016978 -0.146824 0.250764 -0.016607 -0.282408 0.250764 -0.016607 -0.282408 0.347947 -0.016978 -0.146824 0.324813 -0.620225 -0.131891 0.227630 -0.619854 -0.267476 0.227630 -0.619854 -0.267476 0.324813 -0.620225 -0.131891 -0.273898 -0.586640 0.297340 -0.371081 -0.586269 0.161756 0.250764 -0.016607 -0.282408 0.227630 -0.619854 -0.267476 0.347947 -0.016978 -0.146824 0.324813 -0.620225 -0.131891 " />
																	<Normal vector="-0.827174 -0.549150 -0.118931 -0.154485 -0.551714 0.819575 -0.110263 0.601733 0.791009 -0.782952 0.604297 -0.147465 -0.782952 0.604297 -0.147465 -0.110263 0.601733 0.791009 0.827174 0.549150 0.118900 0.154485 0.551714 -0.819575 0.154485 0.551714 -0.819575 0.827174 0.549150 0.118900 0.782952 -0.604297 0.147465 0.110263 -0.601733 -0.791009 0.110263 -0.601733 -0.791009 0.782952 -0.604297 0.147465 -0.154485 -0.551714 0.819575 -0.827174 -0.549150 -0.118931 0.154485 0.551714 -0.819575 0.110263 -0.601733 -0.791009 0.827174 0.549150 0.118900 0.782952 -0.604297 0.147465 " />
																	<TextureCoordinate point="0.0286 0.3381 0.3176 0.3381 0.3176 0.6271 0.0286 0.6271 0.0286 0.3381 0.3176 0.3381 0.3176 0.6271 0.0286 0.6271 0.0286 0.3381 0.3176 0.3381 0.3176 0.6271 0.0286 0.6271 0.0286 0.3381 0.3176 0.3381 0.3176 0.6271 0.0286 0.6271 0.3176 0.3381 0.3176 0.6271 0.0286 0.3381 0.0286 0.6271 " />
																</IndexedTriangleSet>
															</Shape>
														</Group>
													</Transform>
												</Transform>
											</Transform>
											<Transform DEF="Cube_003_TRANSFORM"
											           translation="-0.158782 -0.239701 0.920561"
											           scale="1.000000 1.000000 1.000000"
											           rotation="0.000000 1.000000 0.000000 0.000000"
											           >
												<Transform DEF="Cube_003_ifs_TRANSFORM"
												           translation="0.000000 0.000000 0.000000"
												           scale="1.000000 1.000000 1.000000"
												           rotation="0.000000 1.000000 0.000000 0.000000"
												           >
													<Group DEF="group_ME_Cube_043">
														<Shape>
															<Appearance>
																<Material USE="MA_Body" />
															</Appearance>
															<IndexedTriangleSet solid="false"
															                    normalPerVertex="true"
															                    index="0 1 2 0 2 3 4 5 6 4 6 7 8 9 10 8 10 11 12 13 14 12 14 15 4 13 16 4 16 17 18 19 14 18 14 7 "
															                    >
																<Coordinate point="0.176833 -1.079924 -0.117606 0.301381 -0.032601 -0.050756 0.260549 -0.041056 0.157792 0.136001 -1.088380 0.090942 0.301381 -0.032601 -0.050756 -0.260549 0.041056 -0.157792 -0.301381 0.032601 0.050756 0.260549 -0.041056 0.157792 -0.260549 0.041056 -0.157792 -0.385096 -1.006267 -0.224641 -0.425929 -1.014723 -0.016093 -0.301381 0.032601 0.050756 -0.385096 -1.006267 -0.224641 0.176833 -1.079924 -0.117606 0.136001 -1.088380 0.090942 -0.425929 -1.014723 -0.016093 -0.385096 -1.006267 -0.224641 -0.260549 0.041056 -0.157792 -0.301381 0.032601 0.050756 -0.425929 -1.014723 -0.016093 " />
																<Normal vector="0.605304 -0.622913 -0.495499 0.741386 0.521378 -0.422468 0.519700 0.475448 0.709799 0.383618 -0.668844 0.636769 0.741386 0.521378 -0.422468 -0.383618 0.668844 -0.636769 -0.605304 0.622913 0.495499 0.519700 0.475448 0.709799 -0.383618 0.668844 -0.636769 -0.519700 -0.475448 -0.709799 -0.741386 -0.521378 0.422468 -0.605304 0.622913 0.495499 -0.519700 -0.475448 -0.709799 0.605304 -0.622913 -0.495499 0.383618 -0.668844 0.636769 -0.741386 -0.521378 0.422468 -0.519700 -0.475448 -0.709799 -0.383618 0.668844 -0.636769 -0.605304 0.622913 0.495499 -0.741386 -0.521378 0.422468 " />
																<TextureCoordinate point="0.0286 0.3381 0.0286 0.6271 0.3176 0.6271 0.3176 0.3381 0.0286 0.3381 0.0286 0.6271 0.3176 0.6271 0.3176 0.3381 0.0286 0.3381 0.0286 0.6271 0.3176 0.6271 0.3176 0.3381 0.0286 0.3381 0.0286 0.6271 0.3176 0.6271 0.3176 0.3381 0.3176 0.6271 0.3176 0.3381 0.0286 0.3381 0.0286 0.6271 " />
															</IndexedTriangleSet>
														</Shape>
													</Group>
												</Transform>
												<Transform DEF="Cube_044_TRANSFORM"
												           translation="-0.539399 -0.208547 -0.289660"
												           scale="1.000000 1.000000 1.000000"
												           rotation="0.000000 1.000000 0.000000 0.000000"
												           >
													<Transform DEF="Cube_044_ifs_TRANSFORM"
													           translation="0.000000 0.000000 0.000000"
													           scale="1.000000 1.000000 1.000000"
													           rotation="0.000000 1.000000 0.000000 0.000000"
													           >
														<Group DEF="group_ME_Cube_044">
															<Shape>
																<Appearance>
																	<Material USE="MA_Body" />
																</Appearance>
																<IndexedTriangleSet solid="false"
																                    normalPerVertex="true"
																                    index="0 1 2 0 2 3 4 5 6 4 6 7 8 9 10 8 10 11 12 13 14 12 14 15 4 13 16 4 16 17 18 19 14 18 14 7 "
																                    >
																	<Coordinate point="0.371081 -0.586269 0.161756 0.347947 0.016978 0.146824 0.250764 0.016607 0.282408 0.273898 -0.586640 0.297340 0.347947 0.016978 0.146824 -0.250764 -0.016607 -0.282408 -0.347947 -0.016978 -0.146824 0.250764 0.016607 0.282408 -0.250764 -0.016607 -0.282408 -0.227630 -0.619854 -0.267476 -0.324813 -0.620225 -0.131891 -0.347947 -0.016978 -0.146824 -0.227630 -0.619854 -0.267476 0.371081 -0.586269 0.161756 0.273898 -0.586640 0.297340 -0.324813 -0.620225 -0.131891 -0.227630 -0.619854 -0.267476 -0.250764 -0.016607 -0.282408 -0.347947 -0.016978 -0.146824 -0.324813 -0.620225 -0.131891 " />
																	<Normal vector="0.827174 -0.549150 -0.118931 0.782952 0.604297 -0.147465 0.110263 0.601733 0.791009 0.154485 -0.551714 0.819575 0.782952 0.604297 -0.147465 -0.154485 0.551714 -0.819575 -0.827174 0.549150 0.118931 0.110263 0.601733 0.791009 -0.154485 0.551714 -0.819575 -0.110263 -0.601733 -0.791009 -0.782952 -0.604297 0.147465 -0.827174 0.549150 0.118931 -0.110263 -0.601733 -0.791009 0.827174 -0.549150 -0.118931 0.154485 -0.551714 0.819575 -0.782952 -0.604297 0.147465 -0.110263 -0.601733 -0.791009 -0.154485 0.551714 -0.819575 -0.827174 0.549150 0.118931 -0.782952 -0.604297 0.147465 " />
																	<TextureCoordinate point="0.0286 0.3381 0.0286 0.6271 0.3176 0.6271 0.3176 0.3381 0.0286 0.3381 0.0286 0.6271 0.3176 0.6271 0.3176 0.3381 0.0286 0.3381 0.0286 0.6271 0.3176 0.6271 0.3176 0.3381 0.0286 0.3381 0.0286 0.6271 0.3176 0.6271 0.3176 0.3381 0.3176 0.6271 0.3176 0.3381 0.0286 0.3381 0.0286 0.6271 " />
																</IndexedTriangleSet>
															</Shape>
														</Group>
													</Transform>
												</Transform>
											</Transform>
										</Transform>
										<Transform DEF="Cube_016_TRANSFORM"
										           translation="1.141624 0.723729 0.305871"
										           scale="1.000000 1.000000 1.000000"
										           rotation="0.000000 1.000000 0.000000 0.000000"
										           >
											<Transform DEF="Cube_016_ifs_TRANSFORM"
											           translation="0.000000 0.000000 0.000000"
											           scale="1.000000 1.000000 1.000000"
											           rotation="0.000000 1.000000 0.000000 0.000000"
											           >
												<Group DEF="group_ME_Cube_039">
													<Shape>
														<Appearance>
															<Material USE="MA_Body" />
														</Appearance>
														<IndexedTriangleSet solid="false"
														                    normalPerVertex="true"
														                    index="0 1 2 0 2 3 4 5 6 4 6 7 8 9 10 8 10 11 12 13 14 12 14 15 16 17 18 16 18 19 20 1 14 20 14 21 22 5 1 22 1 20 4 23 24 4 24 0 25 26 9 25 9 8 27 28 1 27 1 0 "
														                    >
															<Coordinate point="-0.027756 0.408481 0.927116 1.015296 0.477369 0.927991 0.968558 1.203822 -0.550935 -0.074493 1.134934 -0.551810 -0.074493 1.134934 -0.551810 0.968558 1.203822 -0.550935 1.060986 -0.186945 -1.237005 0.017935 -0.255834 -1.237879 0.064673 -0.982286 0.241046 1.107724 -0.913398 0.241921 1.125492 -1.189568 0.804154 0.082441 -1.258456 0.803279 0.082441 -1.258456 0.803279 1.125492 -1.189568 0.804154 1.033064 0.201199 1.490224 -0.009988 0.132311 1.489349 -0.027756 0.408481 0.927116 0.064673 -0.982286 0.241046 0.082441 -1.258456 0.803279 -0.009988 0.132311 1.489349 1.107724 -0.913398 0.241921 1.125492 -1.189568 0.804154 1.060986 -0.186945 -1.237005 0.017935 -0.255834 -1.237879 0.064673 -0.982286 0.241046 0.017935 -0.255834 -1.237879 1.060986 -0.186945 -1.237005 -0.009988 0.132311 1.489349 1.033064 0.201199 1.490224 " />
															<Normal vector="-0.747612 0.586413 0.311655 0.663472 0.679617 0.312845 0.525346 0.809351 -0.262520 -0.626789 0.733238 -0.263497 -0.626789 0.733238 -0.263497 0.525346 0.809351 -0.262520 0.594073 -0.224342 -0.772485 -0.558092 -0.300455 -0.773431 -0.663472 -0.679617 -0.312845 0.747612 -0.586413 -0.311655 0.626789 -0.733238 0.263497 -0.525346 -0.809351 0.262520 -0.525346 -0.809351 0.262520 0.626789 -0.733238 0.263497 0.558092 0.300455 0.773431 -0.594073 0.224342 0.772485 -0.747612 0.586413 0.311655 -0.663472 -0.679617 -0.312845 -0.525346 -0.809351 0.262520 -0.594073 0.224342 0.772485 0.747612 -0.586413 -0.311655 0.626789 -0.733238 0.263497 0.594073 -0.224342 -0.772485 -0.558092 -0.300455 -0.773431 -0.663472 -0.679617 -0.312845 -0.558092 -0.300455 -0.773431 0.594073 -0.224342 -0.772485 -0.594073 0.224342 0.772485 0.558092 0.300455 0.773431 " />
															<TextureCoordinate point="0.0390 0.4852 0.3197 0.4852 0.3197 0.6256 0.0390 0.6256 0.0390 0.3449 0.3197 0.3449 0.3197 0.6256 0.0390 0.6256 0.0390 0.4852 0.3197 0.4852 0.3197 0.6256 0.0390 0.6256 0.0390 0.3449 0.3197 0.3449 0.3197 0.6256 0.0390 0.6256 0.7111 0.5310 0.9759 0.5310 0.9759 0.6633 0.7111 0.6633 0.0390 0.4852 0.0390 0.6256 0.0390 0.3449 0.3197 0.3449 0.3197 0.4852 0.0390 0.3449 0.3197 0.3449 0.0390 0.3449 0.3197 0.3449 " />
														</IndexedTriangleSet>
													</Shape>
												</Group>
											</Transform>
										</Transform>
										<Transform DEF="Cube_017_TRANSFORM"
										           translation="0.000000 1.194157 -0.307397"
										           scale="1.000000 1.000000 1.000000"
										           rotation="0.000000 1.000000 0.000000 0.000000"
										           >
											<Transform DEF="Cube_017_ifs_TRANSFORM"
											           translation="0.000000 0.000000 0.000000"
											           scale="1.000000 1.000000 1.000000"
											           rotation="0.000000 1.000000 0.000000 0.000000"
											           >
												<Group DEF="group_ME_Cube">
													<Shape>
														<Appearance>
															<Material USE="MA_Body" />
														</Appearance>
														<IndexedTriangleSet solid="false"
														                    normalPerVertex="true"
														                    index="0 1 2 0 2 3 4 5 6 4 6 7 8 9 10 8 10 11 12 13 14 12 14 15 4 16 17 4 17 15 18 5 14 18 14 19 "
														                    >
															<Coordinate point="-2.046384 -0.764799 -0.363907 -2.046384 0.764799 0.363907 -2.046384 1.526923 -1.237795 -2.046384 -0.002675 -1.965610 -2.046384 -0.002675 -1.965610 -2.046384 1.526923 -1.237795 2.046384 1.526923 -1.237795 2.046384 -0.002675 -1.965610 2.046384 -0.002675 -1.965610 2.046384 1.526923 -1.237795 2.046384 0.764799 0.363907 2.046384 -0.764799 -0.363907 2.046384 -0.764799 -0.363907 2.046384 0.764799 0.363907 -2.046384 0.764799 0.363907 -2.046384 -0.764799 -0.363907 2.046384 -0.002675 -1.965610 2.046384 -0.764799 -0.363907 2.046384 1.526923 -1.237795 2.046384 0.764799 0.363907 " />
															<Normal vector="-0.577349 -0.769402 0.273263 -0.577349 0.273263 0.769402 -0.577349 0.769402 -0.273263 -0.577349 -0.273263 -0.769402 -0.577349 -0.273263 -0.769402 -0.577349 0.769402 -0.273263 0.577349 0.769402 -0.273263 0.577349 -0.273263 -0.769402 0.577349 -0.273263 -0.769402 0.577349 0.769402 -0.273263 0.577349 0.273263 0.769402 0.577349 -0.769402 0.273263 0.577349 -0.769402 0.273263 0.577349 0.273263 0.769402 -0.577349 0.273263 0.769402 -0.577349 -0.769402 0.273263 0.577349 -0.273263 -0.769402 0.577349 -0.769402 0.273263 0.577349 0.769402 -0.273263 0.577349 0.273263 0.769402 " />
															<TextureCoordinate point="0.0350 0.3376 0.3251 0.3376 0.3251 0.6277 0.0350 0.6277 0.0350 0.3376 0.3251 0.3376 0.3251 0.6277 0.0350 0.6277 0.0350 0.3376 0.3251 0.3376 0.3251 0.6277 0.0350 0.6277 0.0350 0.3376 0.3251 0.3376 0.3251 0.6277 0.0350 0.6277 0.3251 0.3376 0.3251 0.6277 0.0350 0.3376 0.0350 0.6277 " />
														</IndexedTriangleSet>
													</Shape>
												</Group>
											</Transform>
											<Transform DEF="Cube_018_TRANSFORM"
											           translation="0.000000 0.629506 -1.427047"
											           scale="1.000000 1.000000 1.000000"
											           rotation="0.000000 1.000000 0.000000 0.000000"
											           >
												<Transform DEF="Cube_018_ifs_TRANSFORM"
												           translation="0.000000 0.000000 0.000000"
												           scale="1.000000 1.000000 1.000000"
												           rotation="0.000000 1.000000 0.000000 0.000000"
												           >
													<Group DEF="group_ME_Cube_001">
														<Shape>
															<Appearance>
																<Material USE="MA_Body" />
															</Appearance>
															<IndexedTriangleSet solid="false"
															                    normalPerVertex="true"
															                    index="0 1 2 0 2 3 4 5 6 4 6 7 8 9 10 8 10 11 12 13 14 12 14 15 4 16 17 4 17 15 18 5 14 18 14 19 "
															                    >
																<Coordinate point="-1.509998 -0.677432 -0.219019 -1.509998 0.677432 0.219019 -1.509998 1.065445 -0.981118 -1.509998 -0.289419 -1.419155 -1.509998 -0.289419 -1.419155 -1.509998 1.065445 -0.981118 1.509998 1.065445 -0.981118 1.509998 -0.289419 -1.419155 1.509998 -0.289419 -1.419155 1.509998 1.065445 -0.981118 1.509998 0.677432 0.219019 1.509998 -0.677432 -0.219019 1.509998 -0.677432 -0.219019 1.509998 0.677432 0.219019 -1.509998 0.677432 0.219019 -1.509998 -0.677432 -0.219019 1.509998 -0.289419 -1.419155 1.509998 -0.677432 -0.219019 1.509998 1.065445 -0.981118 1.509998 0.677432 0.219019 " />
																<Normal vector="-0.577349 -0.726951 0.371715 -0.577349 0.371715 0.726951 -0.577349 0.726951 -0.371715 -0.577349 -0.371715 -0.726951 -0.577349 -0.371715 -0.726951 -0.577349 0.726951 -0.371715 0.577349 0.726951 -0.371715 0.577349 -0.371715 -0.726951 0.577349 -0.371715 -0.726951 0.577349 0.726951 -0.371715 0.577349 0.371715 0.726951 0.577349 -0.726951 0.371715 0.577349 -0.726951 0.371715 0.577349 0.371715 0.726951 -0.577349 0.371715 0.726951 -0.577349 -0.726951 0.371715 0.577349 -0.371715 -0.726951 0.577349 -0.726951 0.371715 0.577349 0.726951 -0.371715 0.577349 0.371715 0.726951 " />
																<TextureCoordinate point="0.0350 0.3376 0.3251 0.3376 0.3251 0.6277 0.0350 0.6277 0.0350 0.3376 0.3251 0.3376 0.3251 0.6277 0.0350 0.6277 0.0350 0.3376 0.3251 0.3376 0.3251 0.6277 0.0350 0.6277 0.0350 0.3376 0.3251 0.3376 0.3251 0.6277 0.0350 0.6277 0.3251 0.3376 0.3251 0.6277 0.0350 0.3376 0.0350 0.6277 " />
															</IndexedTriangleSet>
														</Shape>
													</Group>
												</Transform>
												<Transform DEF="Cube_019_TRANSFORM"
												           translation="0.000000 0.218149 -1.098285"
												           scale="1.000000 1.000000 1.000000"
												           rotation="0.000000 1.000000 0.000000 0.000000"
												           >
													<Transform DEF="Cube_019_ifs_TRANSFORM"
													           translation="0.000000 0.000000 0.000000"
													           scale="1.000000 1.000000 1.000000"
													           rotation="0.000000 1.000000 0.000000 0.000000"
													           >
														<Group DEF="group_ME_Cube_002">
															<Shape>
																<Appearance>
																	<Material USE="MA_Body" />
																</Appearance>
																<IndexedTriangleSet solid="false"
																                    normalPerVertex="true"
																                    index="0 1 2 0 2 3 4 5 6 4 6 7 8 9 10 8 10 11 12 13 14 12 14 15 4 16 17 4 17 15 18 5 14 18 14 19 "
																                    >
																	<Coordinate point="-0.935708 -0.388208 -0.125510 -0.935708 0.388208 0.125510 -0.935708 0.679504 -0.775478 -0.935708 -0.096912 -1.026498 -0.935708 -0.096912 -1.026498 -0.935708 0.679504 -0.775478 0.935708 0.679504 -0.775478 0.935708 -0.096912 -1.026498 0.935708 -0.096912 -1.026498 0.935708 0.679504 -0.775478 0.935708 0.388208 0.125510 0.935708 -0.388208 -0.125510 0.935708 -0.388208 -0.125510 0.935708 0.388208 0.125510 -0.935708 0.388208 0.125510 -0.935708 -0.388208 -0.125510 0.935708 -0.096912 -1.026498 0.935708 -0.388208 -0.125510 0.935708 0.679504 -0.775478 0.935708 0.388208 0.125510 " />
																	<Normal vector="-0.577349 -0.726951 0.371715 -0.577349 0.371715 0.726951 -0.577349 0.726951 -0.371715 -0.577349 -0.371715 -0.726951 -0.577349 -0.371715 -0.726951 -0.577349 0.726951 -0.371715 0.577349 0.726951 -0.371715 0.577349 -0.371715 -0.726951 0.577349 -0.371715 -0.726951 0.577349 0.726951 -0.371715 0.577349 0.371715 0.726951 0.577349 -0.726951 0.371715 0.577349 -0.726951 0.371715 0.577349 0.371715 0.726951 -0.577349 0.371715 0.726951 -0.577349 -0.726951 0.371715 0.577349 -0.371715 -0.726951 0.577349 -0.726951 0.371715 0.577349 0.726951 -0.371715 0.577349 0.371715 0.726951 " />
																	<TextureCoordinate point="0.0350 0.3376 0.3251 0.3376 0.3251 0.6277 0.0350 0.6277 0.0350 0.3376 0.3251 0.3376 0.3251 0.6277 0.0350 0.6277 0.0350 0.3376 0.3251 0.3376 0.3251 0.6277 0.0350 0.6277 0.0350 0.3376 0.3251 0.3376 0.3251 0.6277 0.0350 0.6277 0.3251 0.3376 0.3251 0.6277 0.0350 0.3376 0.0350 0.6277 " />
																</IndexedTriangleSet>
															</Shape>
														</Group>
													</Transform>
												</Transform>
											</Transform>
										</Transform>
										<Transform DEF="Cube_020_TRANSFORM"
										           translation="0.000000 1.978407 0.065766"
										           scale="1.000000 1.000000 1.000000"
										           rotation="0.000000 1.000000 0.000000 0.000000"
										           >
											<Transform DEF="Cube_020_ifs_TRANSFORM"
											           translation="0.000000 0.000000 0.000000"
											           scale="1.000000 1.000000 1.000000"
											           rotation="0.000000 1.000000 0.000000 0.000000"
											           >
												<Group DEF="group_ME_Cube_003">
													<Shape>
														<Appearance>
															<Material USE="MA_Body" />
														</Appearance>
														<IndexedTriangleSet solid="false"
														                    normalPerVertex="true"
														                    index="0 1 2 0 2 3 4 5 6 4 6 7 8 9 10 8 10 11 12 13 14 12 14 15 4 16 17 4 17 15 18 5 14 18 14 19 "
														                    >
															<Coordinate point="-1.191286 -0.294204 -0.081587 -1.191286 0.294204 0.081587 -1.191286 0.610460 -1.058831 -1.191286 0.022052 -1.222006 -1.191286 0.022052 -1.222006 -1.191286 0.610460 -1.058831 1.191286 0.610460 -1.058831 1.191286 0.022052 -1.222006 1.191286 0.022052 -1.222006 1.191286 0.610460 -1.058831 1.191286 0.294204 0.081587 1.191286 -0.294204 -0.081587 1.191286 -0.294204 -0.081587 1.191286 0.294204 0.081587 -1.191286 0.294204 0.081587 -1.191286 -0.294204 -0.081587 1.191286 0.022052 -1.222006 1.191286 -0.294204 -0.081587 1.191286 0.610460 -1.058831 1.191286 0.294204 0.081587 " />
															<Normal vector="-0.577349 -0.710624 0.402051 -0.577349 0.402051 0.710624 -0.577349 0.710624 -0.402051 -0.577349 -0.402051 -0.710624 -0.577349 -0.402051 -0.710624 -0.577349 0.710624 -0.402051 0.577349 0.710624 -0.402051 0.577349 -0.402051 -0.710624 0.577349 -0.402051 -0.710624 0.577349 0.710624 -0.402051 0.577349 0.402051 0.710624 0.577349 -0.710624 0.402051 0.577349 -0.710624 0.402051 0.577349 0.402051 0.710624 -0.577349 0.402051 0.710624 -0.577349 -0.710624 0.402051 0.577349 -0.402051 -0.710624 0.577349 -0.710624 0.402051 0.577349 0.710624 -0.402051 0.577349 0.402051 0.710624 " />
															<TextureCoordinate point="0.3698 0.7138 0.6650 0.7138 0.6650 0.9747 0.3698 0.9747 0.3698 0.7138 0.6650 0.7138 0.6650 0.9747 0.3698 0.9747 0.3698 0.7138 0.6650 0.7138 0.6650 0.9747 0.3698 0.9747 0.3698 0.7138 0.6650 0.7138 0.6650 0.9747 0.3698 0.9747 0.6650 0.7138 0.6650 0.9747 0.3698 0.7138 0.3698 0.9747 " />
														</IndexedTriangleSet>
													</Shape>
												</Group>
											</Transform>
										</Transform>
										<Transform DEF="arm1_TRANSFORM"
										           translation="1.258870 -0.504370 -0.341196"
										           scale="1.000000 1.000000 1.000000"
										           rotation="0.000000 1.000000 0.000000 0.000000"
										           >
											<Transform DEF="arm1_ifs_TRANSFORM"
											           translation="0.000000 0.000000 0.000000"
											           scale="1.000000 1.000000 1.000000"
											           rotation="0.000000 1.000000 0.000000 0.000000"
											           >
												<Group DEF="group_ME_arm1">
													<Shape>
														<Appearance>
															<Material USE="MA_Body" />
														</Appearance>
														<IndexedTriangleSet solid="false"
														                    normalPerVertex="true"
														                    index="0 1 2 0 2 3 4 5 6 4 6 7 8 9 10 8 10 11 12 13 14 12 14 15 4 16 17 4 17 15 18 5 14 18 14 19 "
														                    >
															<Coordinate point="-0.016830 0.206067 -0.239002 0.019955 -0.211011 -0.234404 0.016830 -0.206067 0.239002 -0.019955 0.211011 0.234404 -0.019955 0.211011 0.234404 0.016830 -0.206067 0.239002 0.586820 -0.155760 0.242238 0.550035 0.261318 0.237640 0.550035 0.261318 0.237640 0.586820 -0.155760 0.242238 0.589944 -0.160703 -0.231167 0.553159 0.256374 -0.235765 0.553159 0.256374 -0.235765 0.589944 -0.160703 -0.231167 0.019955 -0.211011 -0.234404 -0.016830 0.206067 -0.239002 0.550035 0.261318 0.237640 0.553159 0.256374 -0.235765 0.586820 -0.155760 0.242238 0.589944 -0.160703 -0.231167 " />
															<Normal vector="-0.621998 0.518265 -0.586901 -0.520554 -0.631855 -0.574206 -0.528184 -0.619800 0.580370 -0.629627 0.530351 0.567675 -0.629627 0.530351 0.567675 -0.528184 -0.619800 0.580370 0.621998 -0.518265 0.586901 0.520554 0.631855 0.574206 0.520554 0.631855 0.574206 0.621998 -0.518265 0.586901 0.629627 -0.530351 -0.567675 0.528184 0.619800 -0.580370 0.528184 0.619800 -0.580370 0.629627 -0.530351 -0.567675 -0.520554 -0.631855 -0.574206 -0.621998 0.518265 -0.586901 0.520554 0.631855 0.574206 0.528184 0.619800 -0.580370 0.621998 -0.518265 0.586901 0.629627 -0.530351 -0.567675 " />
															<TextureCoordinate point="0.0350 0.3376 0.3251 0.3376 0.3251 0.6277 0.0350 0.6277 0.0350 0.3376 0.3251 0.3376 0.3251 0.6277 0.0350 0.6277 0.0350 0.3376 0.3251 0.3376 0.3251 0.6277 0.0350 0.6277 0.0350 0.3376 0.3251 0.3376 0.3251 0.6277 0.0350 0.6277 0.3251 0.3376 0.3251 0.6277 0.0350 0.3376 0.0350 0.6277 " />
														</IndexedTriangleSet>
													</Shape>
												</Group>
											</Transform>
											<Transform DEF="hand1_TRANSFORM"
											           translation="0.494290 0.043628 0.002807"
											           scale="1.000000 1.000000 1.000000"
											           rotation="0.000000 1.000000 0.000000 0.000000"
											           >
												<Transform DEF="hand1_ifs_TRANSFORM"
												           translation="0.000000 0.000000 0.000000"
												           scale="1.000000 1.000000 1.000000"
												           rotation="0.000000 1.000000 0.000000 0.000000"
												           >
													<Group DEF="group_ME_hand1">
														<Shape>
															<Appearance>
																<Material USE="MA_Body" />
															</Appearance>
															<IndexedTriangleSet solid="false"
															                    normalPerVertex="true"
															                    index="0 1 2 0 2 3 4 5 6 4 6 7 8 9 10 8 10 11 12 13 14 12 14 15 4 16 17 4 17 15 18 5 14 18 14 19 "
															                    >
																<Coordinate point="0.004023 0.309890 -0.270568 -0.000495 -0.315473 -0.264068 -0.004023 -0.309890 0.270568 0.000495 0.315473 0.264068 0.000495 0.315473 0.264068 -0.004023 -0.309890 0.270568 1.019652 -0.317214 0.277401 1.024170 0.308149 0.270901 1.024170 0.308149 0.270901 1.019652 -0.317214 0.277401 1.023181 -0.322797 -0.257235 1.027698 0.302566 -0.263736 1.027698 0.302566 -0.263736 1.023181 -0.322797 -0.257235 -0.000495 -0.315473 -0.264068 0.004023 0.309890 -0.270568 1.024170 0.308149 0.270901 1.027698 0.302566 -0.263736 1.019652 -0.317214 0.277401 1.023181 -0.322797 -0.257235 " />
																<Normal vector="-0.569323 0.575396 -0.587146 -0.577654 -0.579180 -0.575152 -0.585284 -0.567125 0.579424 -0.576952 0.587451 0.567431 -0.576952 0.587451 0.567431 -0.585284 -0.567125 0.579424 0.569323 -0.575396 0.587146 0.577654 0.579180 0.575152 0.577654 0.579180 0.575152 0.569323 -0.575396 0.587146 0.576952 -0.587451 -0.567431 0.585284 0.567125 -0.579424 0.585284 0.567125 -0.579424 0.576952 -0.587451 -0.567431 -0.577654 -0.579180 -0.575152 -0.569323 0.575396 -0.587146 0.577654 0.579180 0.575152 0.585284 0.567125 -0.579424 0.569323 -0.575396 0.587146 0.576952 -0.587451 -0.567431 " />
																<TextureCoordinate point="0.0350 0.3376 0.3251 0.3376 0.3251 0.6277 0.0350 0.6277 0.0350 0.3376 0.3251 0.3376 0.3251 0.6277 0.0350 0.6277 0.0350 0.3376 0.3251 0.3376 0.3251 0.6277 0.0350 0.6277 0.0350 0.3376 0.3251 0.3376 0.3251 0.6277 0.0350 0.6277 0.3251 0.3376 0.3251 0.6277 0.0350 0.3376 0.0350 0.6277 " />
															</IndexedTriangleSet>
														</Shape>
													</Group>
												</Transform>
												<Transform DEF="Cube_027_TRANSFORM"
												           translation="0.245781 -0.001758 0.001641"
												           scale="1.000000 1.000000 1.000000"
												           rotation="0.000000 1.000000 0.000000 0.000000"
												           >
													<Transform DEF="Cube_027_ifs_TRANSFORM"
													           translation="0.000000 0.000000 0.000000"
													           scale="1.000000 1.000000 1.000000"
													           rotation="0.000000 1.000000 0.000000 0.000000"
													           >
														<Group DEF="group_ME_Cube_010">
															<Shape>
																<Appearance>
																	<Material USE="MA_Body" />
																</Appearance>
																<IndexedTriangleSet solid="false"
																                    normalPerVertex="true"
																                    index="0 1 2 0 2 3 4 5 6 4 6 7 8 9 10 8 10 11 12 13 14 12 14 15 16 17 18 16 18 19 20 21 22 20 22 23 "
																                    >
																	<Coordinate point="0.005103 0.678351 -0.112971 -0.003726 -0.683617 -0.074851 -0.005103 -0.678351 0.112971 0.003726 0.683617 0.074851 0.003726 0.683617 0.074851 -0.005103 -0.678351 0.112971 1.889027 -0.690231 0.127195 1.897856 0.671737 0.089075 1.897856 0.671737 0.089075 1.889027 -0.690231 0.127195 1.890405 -0.695497 -0.060626 1.899234 0.666471 -0.098746 1.899234 0.666471 -0.098746 1.890405 -0.695497 -0.060626 -0.003726 -0.683617 -0.074851 0.005103 0.678351 -0.112971 0.003726 0.683617 0.074851 1.897856 0.671737 0.089075 1.899234 0.666471 -0.098746 0.005103 0.678351 -0.112971 1.889027 -0.690231 0.127195 -0.005103 -0.678351 0.112971 -0.003726 -0.683617 -0.074851 1.890405 -0.695497 -0.060626 " />
																	<Normal vector="-0.569323 0.564531 -0.597583 -0.576830 -0.589648 -0.565264 -0.585284 -0.557298 0.588916 -0.577807 0.596912 0.556597 -0.577807 0.596912 0.556597 -0.585284 -0.557298 0.588916 0.569323 -0.564531 0.597583 0.576830 0.589648 0.565264 0.576830 0.589648 0.565264 0.569323 -0.564531 0.597583 0.577807 -0.596912 -0.556597 0.585284 0.557298 -0.588916 0.585284 0.557298 -0.588916 0.577807 -0.596912 -0.556597 -0.576830 -0.589648 -0.565264 -0.569323 0.564531 -0.597583 -0.577807 0.596912 0.556597 0.576830 0.589648 0.565264 0.585284 0.557298 -0.588916 -0.569323 0.564531 -0.597583 0.569323 -0.564531 0.597583 -0.585284 -0.557298 0.588916 -0.576830 -0.589648 -0.565264 0.577807 -0.596912 -0.556597 " />
																	<TextureCoordinate point="0.9904 0.4887 0.3573 0.4888 0.3573 0.0244 0.9904 0.0244 0.9904 0.4887 0.3573 0.4888 0.3573 0.0244 0.9904 0.0244 0.9904 0.0503 0.3573 0.0503 0.3573 0.0177 0.9904 0.0177 0.3573 0.0244 0.9904 0.0244 0.9904 0.4887 0.3573 0.4888 0.4759 0.1484 0.4759 0.0309 0.6075 0.0309 0.6075 0.1484 0.6075 0.0309 0.6075 0.1484 0.4759 0.1484 0.4759 0.0309 " />
																</IndexedTriangleSet>
															</Shape>
														</Group>
													</Transform>
												</Transform>
											</Transform>
										</Transform>
										<Transform DEF="Cube_036_TRANSFORM"
										           translation="1.184320 1.123175 1.390090"
										           scale="1.000000 1.000000 1.000000"
										           rotation="0.000000 1.000000 0.000000 0.000000"
										           >
											<Transform DEF="Cube_036_ifs_TRANSFORM"
											           translation="0.000000 0.000000 0.000000"
											           scale="1.000000 1.000000 1.000000"
											           rotation="0.000000 1.000000 0.000000 0.000000"
											           >
												<Group DEF="group_ME_Cube_021">
													<Shape>
														<Appearance>
															<Material DEF="MA_Eye"
															          diffuseColor="0.800 0.800 0.800"
															          specularColor="0.401 0.401 0.401"
															          emissiveColor="0.000 0.000 0.000"
															          ambientIntensity="0.000"
															          shininess="0.500"
															          transparency="0.0"
															          />
														</Appearance>
														<IndexedTriangleSet solid="false"
														                    normalPerVertex="true"
														                    index="0 1 2 0 2 3 4 5 6 4 6 7 8 9 10 8 10 11 12 13 14 12 14 15 4 16 17 4 17 15 18 19 20 18 20 21 "
														                    >
															<Coordinate point="-0.151449 -0.105173 0.238887 0.022966 0.009461 0.395899 0.024692 0.325581 0.163184 -0.149723 0.210947 0.006172 -0.149723 0.210947 0.006172 0.024692 0.325581 0.163184 0.316873 0.169136 -0.047163 0.142458 0.054502 -0.204175 0.142458 0.054502 -0.204175 0.316873 0.169136 -0.047163 0.315148 -0.146984 0.185551 0.140732 -0.261617 0.028539 0.140732 -0.261617 0.028539 0.315148 -0.146984 0.185551 0.022966 0.009461 0.395899 -0.151449 -0.105173 0.238887 0.142458 0.054502 -0.204175 0.140732 -0.261617 0.028539 0.316873 0.169136 -0.047163 0.024692 0.325581 0.163184 0.022966 0.009461 0.395899 0.315148 -0.146984 0.185551 " />
															<Normal vector="-0.817805 -0.488235 0.304544 -0.046693 0.018555 0.998718 -0.041627 0.948424 0.314158 -0.812738 0.441633 -0.379955 -0.812738 0.441633 -0.379955 -0.041627 0.948424 0.314158 0.817805 0.488235 -0.304544 0.046693 -0.018555 -0.998718 0.046693 -0.018555 -0.998718 0.817805 0.488235 -0.304544 0.812738 -0.441633 0.379955 0.041627 -0.948424 -0.314158 0.041627 -0.948424 -0.314158 0.812738 -0.441633 0.379955 -0.046693 0.018555 0.998718 -0.817805 -0.488235 0.304544 0.046693 -0.018555 -0.998718 0.041627 -0.948424 -0.314158 0.817805 0.488235 -0.304544 -0.041627 0.948424 0.314158 -0.046693 0.018555 0.998718 0.812738 -0.441633 0.379955 " />
															<TextureCoordinate point="0.8108 0.9236 0.9289 0.9236 0.9289 0.9817 0.8108 0.9817 0.8108 0.9236 0.9289 0.9236 0.9289 0.9817 0.8108 0.9817 0.8108 0.9236 0.9289 0.9236 0.9289 0.9817 0.8108 0.9817 0.8108 0.9236 0.9289 0.9236 0.9289 0.9817 0.8108 0.9817 0.9289 0.9236 0.9289 0.9817 0.9800 0.9925 0.0200 0.9925 0.0200 0.5209 0.9800 0.5209 " />
														</IndexedTriangleSet>
													</Shape>
												</Group>
											</Transform>
										</Transform>
										<Transform DEF="Cube_002_TRANSFORM"
										           translation="-0.905820 0.723729 0.305871"
										           scale="1.000000 1.000000 1.000000"
										           rotation="0.000000 1.000000 0.000000 0.000000"
										           >
											<Transform DEF="Cube_002_ifs_TRANSFORM"
											           translation="0.000000 0.000000 0.000000"
											           scale="1.000000 1.000000 1.000000"
											           rotation="0.000000 1.000000 0.000000 0.000000"
											           >
												<Group DEF="group_ME_Cube_008">
													<Shape>
														<Appearance>
															<Material USE="MA_Body" />
														</Appearance>
														<IndexedTriangleSet solid="false"
														                    normalPerVertex="true"
														                    index="0 1 2 0 2 3 4 5 6 4 6 7 8 9 10 8 10 11 12 13 14 12 14 15 16 17 18 16 18 19 20 21 14 20 14 3 22 20 3 22 3 7 4 0 23 4 23 24 25 8 11 25 11 26 27 0 3 27 3 28 "
														                    >
															<Coordinate point="0.027756 0.408481 0.927116 0.074493 1.134934 -0.551810 -0.968558 1.203822 -0.550935 -1.015296 0.477369 0.927991 0.074493 1.134934 -0.551810 -0.017935 -0.255833 -1.237879 -1.060986 -0.186945 -1.237005 -0.968558 1.203822 -0.550935 -0.064673 -0.982286 0.241046 -0.082441 -1.258456 0.803279 -1.125492 -1.189568 0.804154 -1.107724 -0.913398 0.241921 -0.082441 -1.258456 0.803279 0.009988 0.132311 1.489349 -1.033064 0.201199 1.490224 -1.125492 -1.189568 0.804154 0.027756 0.408481 0.927116 0.009988 0.132311 1.489349 -0.082441 -1.258456 0.803279 -0.064673 -0.982286 0.241046 -1.107724 -0.913398 0.241921 -1.125492 -1.189568 0.804154 -1.060986 -0.186945 -1.237005 -0.064673 -0.982286 0.241046 -0.017935 -0.255833 -1.237879 -0.017935 -0.255833 -1.237879 -1.060986 -0.186945 -1.237005 0.009988 0.132311 1.489349 -1.033064 0.201199 1.490224 " />
															<Normal vector="0.747612 0.586413 0.311655 0.626789 0.733238 -0.263497 -0.525346 0.809351 -0.262520 -0.663472 0.679617 0.312845 0.626789 0.733238 -0.263497 0.558092 -0.300455 -0.773431 -0.594073 -0.224342 -0.772485 -0.525346 0.809351 -0.262520 0.663472 -0.679617 -0.312845 0.525346 -0.809351 0.262520 -0.626789 -0.733238 0.263497 -0.747612 -0.586413 -0.311655 0.525346 -0.809351 0.262520 0.594073 0.224342 0.772485 -0.558092 0.300455 0.773431 -0.626789 -0.733238 0.263497 0.747612 0.586413 0.311655 0.594073 0.224342 0.772485 0.525346 -0.809351 0.262520 0.663472 -0.679617 -0.312845 -0.747612 -0.586413 -0.311655 -0.626789 -0.733238 0.263497 -0.594073 -0.224342 -0.772485 0.663472 -0.679617 -0.312845 0.558092 -0.300455 -0.773431 0.558092 -0.300455 -0.773431 -0.594073 -0.224342 -0.772485 0.594073 0.224342 0.772485 -0.558092 0.300455 0.773431 " />
															<TextureCoordinate point="0.0390 0.4852 0.0390 0.6256 0.3197 0.6256 0.3197 0.4852 0.0390 0.3449 0.0390 0.6256 0.3197 0.6256 0.3197 0.3449 0.0390 0.4852 0.0390 0.6256 0.3197 0.6256 0.3197 0.4852 0.0390 0.3449 0.0390 0.6256 0.3197 0.6256 0.3197 0.3449 0.7111 0.5310 0.7111 0.6633 0.9759 0.6633 0.9759 0.5310 0.0390 0.4852 0.0390 0.6256 0.0390 0.3449 0.3197 0.4852 0.3197 0.3449 0.0390 0.3449 0.3197 0.3449 0.0390 0.3449 0.3197 0.3449 " />
														</IndexedTriangleSet>
													</Shape>
												</Group>
											</Transform>
										</Transform>
										<Transform DEF="arm2_TRANSFORM"
										           translation="-1.258870 -0.504370 -0.341196"
										           scale="1.000000 1.000000 1.000000"
										           rotation="0.000000 1.000000 0.000000 0.000000"
										           >
											<Transform DEF="arm2_ifs_TRANSFORM"
											           translation="0.000000 0.000000 0.000000"
											           scale="1.000000 1.000000 1.000000"
											           rotation="0.000000 1.000000 0.000000 0.000000"
											           >
												<Group DEF="group_ME_arm2">
													<Shape>
														<Appearance>
															<Material USE="MA_Body" />
														</Appearance>
														<IndexedTriangleSet solid="false"
														                    normalPerVertex="true"
														                    index="0 1 2 0 2 3 4 5 6 4 6 7 8 9 10 8 10 11 12 13 14 12 14 15 4 13 16 4 16 17 18 19 14 18 14 7 "
														                    >
															<Coordinate point="0.016830 0.206067 -0.239002 0.019955 0.211011 0.234404 -0.016830 -0.206067 0.239002 -0.019955 -0.211011 -0.234404 0.019955 0.211011 0.234404 -0.550035 0.261318 0.237640 -0.586820 -0.155760 0.242238 -0.016830 -0.206067 0.239002 -0.550035 0.261318 0.237640 -0.553159 0.256374 -0.235765 -0.589944 -0.160703 -0.231167 -0.586820 -0.155760 0.242238 -0.553159 0.256374 -0.235765 0.016830 0.206067 -0.239002 -0.019955 -0.211011 -0.234404 -0.589944 -0.160703 -0.231167 -0.553159 0.256374 -0.235765 -0.550035 0.261318 0.237640 -0.586820 -0.155760 0.242238 -0.589944 -0.160703 -0.231167 " />
															<Normal vector="0.621998 0.518265 -0.586901 0.629627 0.530351 0.567675 0.528184 -0.619800 0.580370 0.520554 -0.631855 -0.574206 0.629627 0.530351 0.567675 -0.520554 0.631855 0.574206 -0.621998 -0.518265 0.586901 0.528184 -0.619800 0.580370 -0.520554 0.631855 0.574206 -0.528184 0.619800 -0.580370 -0.629627 -0.530351 -0.567675 -0.621998 -0.518265 0.586901 -0.528184 0.619800 -0.580370 0.621998 0.518265 -0.586901 0.520554 -0.631855 -0.574206 -0.629627 -0.530351 -0.567675 -0.528184 0.619800 -0.580370 -0.520554 0.631855 0.574206 -0.621998 -0.518265 0.586901 -0.629627 -0.530351 -0.567675 " />
															<TextureCoordinate point="0.0350 0.3376 0.0350 0.6277 0.3251 0.6277 0.3251 0.3376 0.0350 0.3376 0.0350 0.6277 0.3251 0.6277 0.3251 0.3376 0.0350 0.3376 0.0350 0.6277 0.3251 0.6277 0.3251 0.3376 0.0350 0.3376 0.0350 0.6277 0.3251 0.6277 0.3251 0.3376 0.3251 0.6277 0.3251 0.3376 0.0350 0.3376 0.0350 0.6277 " />
														</IndexedTriangleSet>
													</Shape>
												</Group>
											</Transform>
											<Transform DEF="hand2_TRANSFORM"
											           translation="-0.494290 0.043628 0.002807"
											           scale="1.000000 1.000000 1.000000"
											           rotation="0.000000 1.000000 0.000000 0.000000"
											           >
												<Transform DEF="hand2_ifs_TRANSFORM"
												           translation="0.000000 0.000000 0.000000"
												           scale="1.000000 1.000000 1.000000"
												           rotation="0.000000 1.000000 0.000000 0.000000"
												           >
													<Group DEF="group_ME_hand2">
														<Shape>
															<Appearance>
																<Material USE="MA_Body" />
															</Appearance>
															<IndexedTriangleSet solid="false"
															                    normalPerVertex="true"
															                    index="0 1 2 0 2 3 4 5 6 4 6 7 8 9 10 8 10 11 12 13 14 12 14 15 4 13 16 4 16 17 18 19 14 18 14 7 "
															                    >
																<Coordinate point="-0.004023 0.309890 -0.270568 -0.000495 0.315473 0.264068 0.004023 -0.309890 0.270568 0.000495 -0.315473 -0.264068 -0.000495 0.315473 0.264068 -1.024170 0.308149 0.270901 -1.019652 -0.317214 0.277401 0.004023 -0.309890 0.270568 -1.024170 0.308149 0.270901 -1.027698 0.302566 -0.263736 -1.023181 -0.322797 -0.257235 -1.019652 -0.317214 0.277401 -1.027698 0.302566 -0.263736 -0.004023 0.309890 -0.270568 0.000495 -0.315473 -0.264068 -1.023181 -0.322797 -0.257235 -1.027698 0.302566 -0.263736 -1.024170 0.308149 0.270901 -1.019652 -0.317214 0.277401 -1.023181 -0.322797 -0.257235 " />
																<Normal vector="0.569323 0.575396 -0.587146 0.576952 0.587451 0.567431 0.585284 -0.567125 0.579424 0.577654 -0.579180 -0.575152 0.576952 0.587451 0.567431 -0.577654 0.579180 0.575152 -0.569323 -0.575396 0.587146 0.585284 -0.567125 0.579424 -0.577654 0.579180 0.575152 -0.585284 0.567125 -0.579424 -0.576952 -0.587451 -0.567431 -0.569323 -0.575396 0.587146 -0.585284 0.567125 -0.579424 0.569323 0.575396 -0.587146 0.577654 -0.579180 -0.575152 -0.576952 -0.587451 -0.567431 -0.585284 0.567125 -0.579424 -0.577654 0.579180 0.575152 -0.569323 -0.575396 0.587146 -0.576952 -0.587451 -0.567431 " />
																<TextureCoordinate point="0.0350 0.3376 0.0350 0.6277 0.3251 0.6277 0.3251 0.3376 0.0350 0.3376 0.0350 0.6277 0.3251 0.6277 0.3251 0.3376 0.0350 0.3376 0.0350 0.6277 0.3251 0.6277 0.3251 0.3376 0.0350 0.3376 0.0350 0.6277 0.3251 0.6277 0.3251 0.3376 0.3251 0.6277 0.3251 0.3376 0.0350 0.3376 0.0350 0.6277 " />
															</IndexedTriangleSet>
														</Shape>
													</Group>
												</Transform>
												<Transform DEF="Cube_005_TRANSFORM"
												           translation="-0.245781 -0.001758 0.001641"
												           scale="1.000000 1.000000 1.000000"
												           rotation="0.000000 1.000000 0.000000 0.000000"
												           >
													<Transform DEF="Cube_005_ifs_TRANSFORM"
													           translation="0.000000 0.000000 0.000000"
													           scale="1.000000 1.000000 1.000000"
													           rotation="0.000000 1.000000 0.000000 0.000000"
													           >
														<Group DEF="group_ME_Cube_014">
															<Shape>
																<Appearance>
																	<Material USE="MA_Body" />
																</Appearance>
																<IndexedTriangleSet solid="false"
																                    normalPerVertex="true"
																                    index="0 1 2 0 2 3 4 5 6 4 6 7 8 9 10 8 10 11 12 13 14 12 14 15 16 17 18 16 18 19 20 21 22 20 22 23 "
																                    >
																	<Coordinate point="-0.005103 0.678351 -0.112971 -0.003726 0.683617 0.074851 0.005103 -0.678351 0.112971 0.003726 -0.683617 -0.074851 -0.003726 0.683617 0.074851 -1.897856 0.671737 0.089075 -1.889027 -0.690231 0.127195 0.005103 -0.678351 0.112971 -1.897856 0.671737 0.089075 -1.899234 0.666471 -0.098746 -1.890405 -0.695497 -0.060626 -1.889027 -0.690231 0.127195 -1.899234 0.666471 -0.098746 -0.005103 0.678351 -0.112971 0.003726 -0.683617 -0.074851 -1.890405 -0.695497 -0.060626 -0.003726 0.683617 0.074851 -0.005103 0.678351 -0.112971 -1.899234 0.666471 -0.098746 -1.897856 0.671737 0.089075 -1.889027 -0.690231 0.127195 -1.890405 -0.695497 -0.060626 0.003726 -0.683617 -0.074851 0.005103 -0.678351 0.112971 " />
																	<Normal vector="0.569323 0.564531 -0.597583 0.577807 0.596912 0.556597 0.585284 -0.557298 0.588916 0.576830 -0.589648 -0.565264 0.577807 0.596912 0.556597 -0.576830 0.589648 0.565264 -0.569323 -0.564531 0.597583 0.585284 -0.557298 0.588916 -0.576830 0.589648 0.565264 -0.585284 0.557298 -0.588916 -0.577807 -0.596912 -0.556597 -0.569323 -0.564531 0.597583 -0.585284 0.557298 -0.588916 0.569323 0.564531 -0.597583 0.576830 -0.589648 -0.565264 -0.577807 -0.596912 -0.556597 0.577807 0.596912 0.556597 0.569323 0.564531 -0.597583 -0.585284 0.557298 -0.588916 -0.576830 0.589648 0.565264 -0.569323 -0.564531 0.597583 -0.577807 -0.596912 -0.556597 0.576830 -0.589648 -0.565264 0.585284 -0.557298 0.588916 " />
																	<TextureCoordinate point="0.9904 0.4887 0.9904 0.0244 0.3573 0.0244 0.3573 0.4888 0.9904 0.4887 0.9904 0.0244 0.3573 0.0244 0.3573 0.4888 0.9904 0.0503 0.9904 0.0177 0.3573 0.0177 0.3573 0.0503 0.3573 0.0244 0.3573 0.4888 0.9904 0.4887 0.9904 0.0244 0.4759 0.1484 0.6075 0.1484 0.6075 0.0309 0.4759 0.0309 0.6075 0.0309 0.4759 0.0309 0.4759 0.1484 0.6075 0.1484 " />
																</IndexedTriangleSet>
															</Shape>
														</Group>
													</Transform>
												</Transform>
											</Transform>
										</Transform>
										<Transform DEF="Cube_030_TRANSFORM"
										           translation="-1.184320 1.123175 1.390090"
										           scale="1.000000 1.000000 1.000000"
										           rotation="0.000000 1.000000 0.000000 0.000000"
										           >
											<Transform DEF="Cube_030_ifs_TRANSFORM"
											           translation="0.000000 0.000000 0.000000"
											           scale="1.000000 1.000000 1.000000"
											           rotation="0.000000 1.000000 0.000000 0.000000"
											           >
												<Group DEF="group_ME_Cube_027">
													<Shape>
														<Appearance>
															<Material USE="MA_Eye" />
														</Appearance>
														<IndexedTriangleSet solid="false"
														                    normalPerVertex="true"
														                    index="0 1 2 0 2 3 4 5 6 4 6 7 8 9 10 8 10 11 12 13 14 12 14 15 4 13 16 4 16 17 18 19 20 18 20 21 "
														                    >
															<Coordinate point="0.151449 -0.105173 0.238887 0.149723 0.210947 0.006172 -0.024692 0.325581 0.163184 -0.022966 0.009461 0.395899 0.149723 0.210947 0.006172 -0.142458 0.054502 -0.204175 -0.316873 0.169136 -0.047163 -0.024692 0.325581 0.163184 -0.142458 0.054502 -0.204175 -0.140732 -0.261617 0.028539 -0.315148 -0.146984 0.185551 -0.316873 0.169136 -0.047163 -0.140732 -0.261617 0.028539 0.151449 -0.105173 0.238887 -0.022966 0.009461 0.395899 -0.315148 -0.146984 0.185551 -0.140732 -0.261617 0.028539 -0.142458 0.054502 -0.204175 -0.316873 0.169136 -0.047163 -0.315148 -0.146984 0.185551 -0.022966 0.009461 0.395899 -0.024692 0.325581 0.163184 " />
															<Normal vector="0.817805 -0.488235 0.304544 0.812738 0.441633 -0.379955 0.041627 0.948424 0.314158 0.046693 0.018555 0.998718 0.812738 0.441633 -0.379955 -0.046693 -0.018555 -0.998718 -0.817805 0.488235 -0.304544 0.041627 0.948424 0.314158 -0.046693 -0.018555 -0.998718 -0.041627 -0.948424 -0.314158 -0.812738 -0.441633 0.379955 -0.817805 0.488235 -0.304544 -0.041627 -0.948424 -0.314158 0.817805 -0.488235 0.304544 0.046693 0.018555 0.998718 -0.812738 -0.441633 0.379955 -0.041627 -0.948424 -0.314158 -0.046693 -0.018555 -0.998718 -0.817805 0.488235 -0.304544 -0.812738 -0.441633 0.379955 0.046693 0.018555 0.998718 0.041627 0.948424 0.314158 " />
															<TextureCoordinate point="0.8108 0.9236 0.8108 0.9817 0.9289 0.9817 0.9289 0.9236 0.8108 0.9236 0.8108 0.9817 0.9289 0.9817 0.9289 0.9236 0.8108 0.9236 0.8108 0.9817 0.9289 0.9817 0.9289 0.9236 0.8108 0.9236 0.8108 0.9817 0.9289 0.9817 0.9289 0.9236 0.9289 0.9817 0.9289 0.9236 0.9800 0.9925 0.9800 0.5209 0.0200 0.5209 0.0200 0.9925 " />
														</IndexedTriangleSet>
													</Shape>
												</Group>
											</Transform>
										</Transform>
									</Transform>
								</Transform>
							</Transform>
							<Transform DEF="Cube_011_TRANSFORM"
							           translation="0.000000 0.761094 -0.003757"
							           scale="1.000000 1.000000 1.000000"
							           rotation="0.000000 1.000000 0.000000 0.000000"
							           >
								<Transform DEF="Cube_011_ifs_TRANSFORM"
								           translation="0.000000 0.000000 0.000000"
								           scale="1.000000 1.000000 1.000000"
								           rotation="0.000000 1.000000 0.000000 0.000000"
								           >
									<Group DEF="group_ME_Cube_034">
										<Shape>
											<Appearance>
												<Material USE="MA_Body" />
											</Appearance>
											<IndexedTriangleSet solid="false"
											                    normalPerVertex="true"
											                    index="0 1 2 0 2 3 4 5 6 4 6 7 8 9 10 8 10 11 12 13 14 12 14 15 4 16 17 4 17 15 18 5 14 18 14 19 "
											                    >
												<Coordinate point="-0.141197 -0.161883 -0.198232 -0.141197 -0.365344 0.911732 -0.141197 0.018208 0.982039 -0.141197 0.221669 -0.127926 -0.141197 0.221669 -0.127926 -0.141197 0.018208 0.982039 0.141197 0.018208 0.982039 0.141197 0.221669 -0.127926 0.141197 0.221669 -0.127926 0.141197 0.018208 0.982039 0.141197 -0.365344 0.911732 0.141197 -0.161883 -0.198232 0.141197 -0.161883 -0.198232 0.141197 -0.365344 0.911732 -0.141197 -0.365344 0.911732 -0.141197 -0.161883 -0.198232 0.141197 0.221669 -0.127926 0.141197 -0.161883 -0.198232 0.141197 0.018208 0.982039 0.141197 -0.365344 0.911732 " />
												<Normal vector="-0.577349 -0.463790 -0.671957 -0.577349 -0.671957 0.463790 -0.577349 0.463790 0.671957 -0.577349 0.671957 -0.463790 -0.577349 0.671957 -0.463790 -0.577349 0.463790 0.671957 0.577349 0.463790 0.671957 0.577349 0.671957 -0.463790 0.577349 0.671957 -0.463790 0.577349 0.463790 0.671957 0.577349 -0.671957 0.463790 0.577349 -0.463790 -0.671957 0.577349 -0.463790 -0.671957 0.577349 -0.671957 0.463790 -0.577349 -0.671957 0.463790 -0.577349 -0.463790 -0.671957 0.577349 0.671957 -0.463790 0.577349 -0.463790 -0.671957 0.577349 0.463790 0.671957 0.577349 -0.671957 0.463790 " />
												<TextureCoordinate point="0.0350 0.6818 0.3251 0.6818 0.3251 0.9719 0.0350 0.9719 0.0350 0.6818 0.3251 0.6818 0.3251 0.9719 0.0350 0.9719 0.0350 0.6818 0.3251 0.6818 0.3251 0.9719 0.0350 0.9719 0.0350 0.6818 0.3251 0.6818 0.3251 0.9719 0.0350 0.9719 0.3251 0.6818 0.3251 0.9719 0.0350 0.6818 0.0350 0.9719 " />
											</IndexedTriangleSet>
										</Shape>
									</Group>
								</Transform>
							</Transform>
							<Transform DEF="Cube_028_TRANSFORM"
							           translation="-0.587452 -0.644294 0.632298"
							           scale="1.000000 1.000000 1.000000"
							           rotation="0.000000 1.000000 0.000000 0.000000"
							           >
								<Transform DEF="Cube_028_ifs_TRANSFORM"
								           translation="0.000000 0.000000 0.000000"
								           scale="1.000000 1.000000 1.000000"
								           rotation="0.000000 1.000000 0.000000 0.000000"
								           >
									<Group DEF="group_ME_Cube_011">
										<Shape>
											<Appearance>
												<Material USE="MA_Body" />
											</Appearance>
											<IndexedTriangleSet solid="false"
											                    normalPerVertex="true"
											                    index="0 1 2 0 2 3 4 5 6 4 6 7 8 9 10 8 10 11 12 13 14 12 14 15 4 16 17 4 17 15 18 5 14 18 14 19 "
											                    >
												<Coordinate point="-0.089463 -0.707738 -0.220324 -0.019802 -0.524523 0.530964 -0.033615 0.091607 0.381990 -0.103276 -0.091607 -0.369297 -0.103276 -0.091607 -0.369297 -0.033615 0.091607 0.381990 0.103276 0.091607 0.369297 0.033615 -0.091607 -0.381990 0.033615 -0.091607 -0.381990 0.103276 0.091607 0.369297 0.117089 -0.524523 0.518271 0.047429 -0.707738 -0.233017 0.047429 -0.707738 -0.233017 0.117089 -0.524523 0.518271 -0.019802 -0.524523 0.530964 -0.089463 -0.707738 -0.220324 0.033615 -0.091607 -0.381990 0.047429 -0.707738 -0.233017 0.103276 0.091607 0.369297 0.117089 -0.524523 0.518271 " />
												<Normal vector="-0.614093 -0.697256 -0.369671 -0.510483 -0.424787 0.747581 -0.535661 0.697256 0.476272 -0.639241 0.424787 -0.640980 -0.639241 0.424787 -0.640980 -0.535661 0.697256 0.476272 0.614093 0.697256 0.369671 0.510483 0.424787 -0.747581 0.510483 0.424787 -0.747581 0.614093 0.697256 0.369671 0.639241 -0.424787 0.640980 0.535661 -0.697256 -0.476272 0.535661 -0.697256 -0.476272 0.639241 -0.424787 0.640980 -0.510483 -0.424787 0.747581 -0.614093 -0.697256 -0.369671 0.510483 0.424787 -0.747581 0.535661 -0.697256 -0.476272 0.614093 0.697256 0.369671 0.639241 -0.424787 0.640980 " />
												<TextureCoordinate point="0.7146 0.7146 0.9740 0.7146 0.9740 0.9740 0.7146 0.9740 0.7146 0.7146 0.9740 0.7146 0.9740 0.9740 0.7146 0.9740 0.7146 0.7146 0.9740 0.7146 0.9740 0.9740 0.7146 0.9740 0.7146 0.7146 0.9740 0.7146 0.9740 0.9740 0.7146 0.9740 0.9740 0.7146 0.9740 0.9740 0.7146 0.7146 0.7146 0.9740 " />
											</IndexedTriangleSet>
										</Shape>
									</Group>
								</Transform>
								<Transform DEF="Cube_029_TRANSFORM"
								           translation="0.013856 -0.556886 0.149443"
								           scale="1.000000 1.000000 1.000000"
								           rotation="0.000000 1.000000 0.000000 0.000000"
								           >
									<Transform DEF="Cube_029_ifs_TRANSFORM"
									           translation="0.000000 0.000000 0.000000"
									           scale="1.000000 1.000000 1.000000"
									           rotation="0.000000 1.000000 0.000000 0.000000"
									           >
										<Group DEF="group_ME_Cube_012">
											<Shape>
												<Appearance>
													<Material USE="MA_Body" />
												</Appearance>
												<IndexedTriangleSet solid="false"
												                    normalPerVertex="true"
												                    index="0 1 2 0 2 3 4 5 6 4 6 7 8 9 10 8 10 11 12 13 14 12 14 15 4 16 17 4 17 15 18 5 14 18 14 19 "
												                    >
													<Coordinate point="-0.027092 -0.844546 0.029626 0.019078 -0.660436 0.527571 -0.013470 0.091754 0.252473 -0.059640 -0.092357 -0.245472 -0.059640 -0.092357 -0.245472 -0.013470 0.091754 0.252473 0.059640 0.092357 0.245472 0.013470 -0.091754 -0.252473 0.013470 -0.091754 -0.252473 0.059640 0.092357 0.245472 0.092188 -0.659833 0.520569 0.046017 -0.843944 0.022624 0.046017 -0.843944 0.022624 0.092188 -0.659833 0.520569 0.019078 -0.660436 0.527571 -0.027092 -0.844546 0.029626 0.013470 -0.091754 -0.252473 0.046017 -0.843944 0.022624 0.059640 0.092357 0.245472 0.092188 -0.659833 0.520569 " />
													<Normal vector="-0.601276 -0.745964 -0.286294 -0.501236 -0.347026 0.792657 -0.548112 0.736503 0.396374 -0.648152 0.337565 -0.682577 -0.648152 0.337565 -0.682577 -0.548112 0.736503 0.396374 0.601276 0.745964 0.286294 0.501236 0.347026 -0.792657 0.501236 0.347026 -0.792657 0.601276 0.745964 0.286294 0.648152 -0.337565 0.682577 0.548112 -0.736503 -0.396374 0.548112 -0.736503 -0.396374 0.648152 -0.337565 0.682577 -0.501236 -0.347026 0.792657 -0.601276 -0.745964 -0.286294 0.501236 0.347026 -0.792657 0.548112 -0.736503 -0.396374 0.601276 0.745964 0.286294 0.648152 -0.337565 0.682577 " />
													<TextureCoordinate point="0.7146 0.7146 0.9740 0.7146 0.9740 0.9740 0.7146 0.9740 0.7146 0.7146 0.9740 0.7146 0.9740 0.9740 0.7146 0.9740 0.7146 0.7146 0.9740 0.7146 0.9740 0.9740 0.7146 0.9740 0.7146 0.7146 0.9740 0.7146 0.9740 0.9740 0.7146 0.9740 0.9740 0.7146 0.9740 0.9740 0.7146 0.7146 0.7146 0.9740 " />
												</IndexedTriangleSet>
											</Shape>
										</Group>
									</Transform>
								</Transform>
							</Transform>
							<Transform DEF="Cube_006_TRANSFORM"
							           translation="0.587452 -0.644294 0.632298"
							           scale="1.000000 1.000000 1.000000"
							           rotation="0.000000 1.000000 0.000000 0.000000"
							           >
								<Transform DEF="Cube_006_ifs_TRANSFORM"
								           translation="0.000000 0.000000 0.000000"
								           scale="1.000000 1.000000 1.000000"
								           rotation="0.000000 1.000000 0.000000 0.000000"
								           >
									<Group DEF="group_ME_Cube_015">
										<Shape>
											<Appearance>
												<Material USE="MA_Body" />
											</Appearance>
											<IndexedTriangleSet solid="false"
											                    normalPerVertex="true"
											                    index="0 1 2 0 2 3 4 5 6 4 6 7 8 9 10 8 10 11 12 13 14 12 14 15 4 13 16 4 16 17 18 19 14 18 14 7 "
											                    >
												<Coordinate point="0.089463 -0.707738 -0.220324 0.103276 -0.091607 -0.369297 0.033615 0.091607 0.381990 0.019802 -0.524523 0.530964 0.103276 -0.091607 -0.369297 -0.033615 -0.091607 -0.381990 -0.103276 0.091607 0.369297 0.033615 0.091607 0.381990 -0.033615 -0.091607 -0.381990 -0.047429 -0.707738 -0.233017 -0.117089 -0.524523 0.518271 -0.103276 0.091607 0.369297 -0.047429 -0.707738 -0.233017 0.089463 -0.707738 -0.220324 0.019802 -0.524523 0.530964 -0.117089 -0.524523 0.518271 -0.047429 -0.707738 -0.233017 -0.033615 -0.091607 -0.381990 -0.103276 0.091607 0.369297 -0.117089 -0.524523 0.518271 " />
												<Normal vector="0.614093 -0.697256 -0.369671 0.639241 0.424787 -0.640980 0.535661 0.697256 0.476272 0.510483 -0.424787 0.747581 0.639241 0.424787 -0.640980 -0.510483 0.424787 -0.747581 -0.614093 0.697256 0.369671 0.535661 0.697256 0.476272 -0.510483 0.424787 -0.747581 -0.535661 -0.697256 -0.476272 -0.639241 -0.424787 0.640980 -0.614093 0.697256 0.369671 -0.535661 -0.697256 -0.476272 0.614093 -0.697256 -0.369671 0.510483 -0.424787 0.747581 -0.639241 -0.424787 0.640980 -0.535661 -0.697256 -0.476272 -0.510483 0.424787 -0.747581 -0.614093 0.697256 0.369671 -0.639241 -0.424787 0.640980 " />
												<TextureCoordinate point="0.7146 0.7146 0.7146 0.9740 0.9740 0.9740 0.9740 0.7146 0.7146 0.7146 0.7146 0.9740 0.9740 0.9740 0.9740 0.7146 0.7146 0.7146 0.7146 0.9740 0.9740 0.9740 0.9740 0.7146 0.7146 0.7146 0.7146 0.9740 0.9740 0.9740 0.9740 0.7146 0.9740 0.9740 0.9740 0.7146 0.7146 0.7146 0.7146 0.9740 " />
											</IndexedTriangleSet>
										</Shape>
									</Group>
								</Transform>
								<Transform DEF="Cube_012_TRANSFORM"
								           translation="-0.013856 -0.556886 0.149443"
								           scale="1.000000 1.000000 1.000000"
								           rotation="0.000000 1.000000 0.000000 0.000000"
								           >
									<Transform DEF="Cube_012_ifs_TRANSFORM"
									           translation="0.000000 0.000000 0.000000"
									           scale="1.000000 1.000000 1.000000"
									           rotation="0.000000 1.000000 0.000000 0.000000"
									           >
										<Group DEF="group_ME_Cube_017">
											<Shape>
												<Appearance>
													<Material USE="MA_Body" />
												</Appearance>
												<IndexedTriangleSet solid="false"
												                    normalPerVertex="true"
												                    index="0 1 2 0 2 3 4 5 6 4 6 7 8 9 10 8 10 11 12 13 14 12 14 15 4 13 16 4 16 17 18 19 14 18 14 7 "
												                    >
													<Coordinate point="0.027092 -0.844546 0.029626 0.059640 -0.092357 -0.245472 0.013470 0.091754 0.252473 -0.019078 -0.660436 0.527571 0.059640 -0.092357 -0.245472 -0.013470 -0.091754 -0.252473 -0.059640 0.092357 0.245472 0.013470 0.091754 0.252473 -0.013470 -0.091754 -0.252473 -0.046017 -0.843944 0.022624 -0.092188 -0.659833 0.520569 -0.059640 0.092357 0.245472 -0.046017 -0.843944 0.022624 0.027092 -0.844546 0.029626 -0.019078 -0.660436 0.527571 -0.092188 -0.659833 0.520569 -0.046017 -0.843944 0.022624 -0.013470 -0.091754 -0.252473 -0.059640 0.092357 0.245472 -0.092188 -0.659833 0.520569 " />
													<Normal vector="0.601276 -0.745964 -0.286294 0.648152 0.337565 -0.682577 0.548112 0.736503 0.396374 0.501236 -0.347026 0.792657 0.648152 0.337565 -0.682577 -0.501236 0.347026 -0.792657 -0.601276 0.745964 0.286294 0.548112 0.736503 0.396374 -0.501236 0.347026 -0.792657 -0.548112 -0.736503 -0.396374 -0.648152 -0.337565 0.682577 -0.601276 0.745964 0.286294 -0.548112 -0.736503 -0.396374 0.601276 -0.745964 -0.286294 0.501236 -0.347026 0.792657 -0.648152 -0.337565 0.682577 -0.548112 -0.736503 -0.396374 -0.501236 0.347026 -0.792657 -0.601276 0.745964 0.286294 -0.648152 -0.337565 0.682577 " />
													<TextureCoordinate point="0.7146 0.7146 0.7146 0.9740 0.9740 0.9740 0.9740 0.7146 0.7146 0.7146 0.7146 0.9740 0.9740 0.9740 0.9740 0.7146 0.7146 0.7146 0.7146 0.9740 0.9740 0.9740 0.9740 0.7146 0.7146 0.7146 0.7146 0.9740 0.9740 0.9740 0.9740 0.7146 0.9740 0.9740 0.9740 0.7146 0.7146 0.7146 0.7146 0.9740 " />
												</IndexedTriangleSet>
											</Shape>
										</Group>
									</Transform>
								</Transform>
							</Transform>
						</Transform>
						<Transform DEF="Cube_010_TRANSFORM"
						           translation="0.000000 0.951144 0.406292"
						           scale="1.000000 1.000000 1.000000"
						           rotation="0.000000 1.000000 0.000000 0.000000"
						           >
							<Transform DEF="Cube_010_ifs_TRANSFORM"
							           translation="0.000000 0.000000 0.000000"
							           scale="1.000000 1.000000 1.000000"
							           rotation="0.000000 1.000000 0.000000 0.000000"
							           >
								<Group DEF="group_ME_Cube_033">
									<Shape>
										<Appearance>
											<Material USE="MA_Body" />
										</Appearance>
										<IndexedTriangleSet solid="false"
										                    normalPerVertex="true"
										                    index="0 1 2 0 2 3 4 5 6 4 6 7 8 9 10 8 10 11 12 13 14 12 14 15 4 16 17 4 17 15 18 5 14 18 14 19 "
										                    >
											<Coordinate point="-0.291412 -0.121230 -0.642243 -0.291412 -0.455207 0.957412 -0.291412 0.034101 1.059570 -0.291412 0.368077 -0.540085 -0.291412 0.368077 -0.540085 -0.291412 0.034101 1.059570 0.291412 0.034101 1.059570 0.291412 0.368077 -0.540085 0.291412 0.368077 -0.540085 0.291412 0.034101 1.059570 0.291412 -0.455207 0.957412 0.291412 -0.121230 -0.642243 0.291412 -0.121230 -0.642243 0.291412 -0.455207 0.957412 -0.291412 -0.455207 0.957412 -0.291412 -0.121230 -0.642243 0.291412 0.368077 -0.540085 0.291412 -0.121230 -0.642243 0.291412 0.034101 1.059570 0.291412 -0.455207 0.957412 " />
											<Normal vector="-0.577349 -0.447157 -0.683157 -0.577349 -0.683157 0.447157 -0.577349 0.447157 0.683157 -0.577349 0.683157 -0.447157 -0.577349 0.683157 -0.447157 -0.577349 0.447157 0.683157 0.577349 0.447157 0.683157 0.577349 0.683157 -0.447157 0.577349 0.683157 -0.447157 0.577349 0.447157 0.683157 0.577349 -0.683157 0.447157 0.577349 -0.447157 -0.683157 0.577349 -0.447157 -0.683157 0.577349 -0.683157 0.447157 -0.577349 -0.683157 0.447157 -0.577349 -0.447157 -0.683157 0.577349 0.683157 -0.447157 0.577349 -0.447157 -0.683157 0.577349 0.447157 0.683157 0.577349 -0.683157 0.447157 " />
											<TextureCoordinate point="0.3745 0.5145 0.6646 0.5145 0.6646 0.6700 0.3745 0.6700 0.3745 0.5145 0.6646 0.5145 0.6646 0.6700 0.3745 0.6700 0.3745 0.5145 0.6646 0.5145 0.6646 0.6700 0.3745 0.6700 0.3745 0.5145 0.6646 0.5145 0.6646 0.6700 0.3745 0.6700 0.6646 0.5145 0.6646 0.6700 0.3745 0.5145 0.3745 0.6700 " />
										</IndexedTriangleSet>
									</Shape>
								</Group>
							</Transform>
						</Transform>
					</Transform>
					<Transform DEF="Cube_008_TRANSFORM"
					           translation="0.000000 1.378455 -0.300073"
					           scale="1.000000 1.000000 1.000000"
					           rotation="0.000000 1.000000 0.000000 0.000000"
					           >
						<Transform DEF="Cube_008_ifs_TRANSFORM"
						           translation="0.000000 0.000000 0.000000"
						           scale="1.000000 1.000000 1.000000"
						           rotation="0.000000 1.000000 0.000000 0.000000"
						           >
							<Group DEF="group_ME_Cube_031">
								<Shape>
									<Appearance>
										<Material USE="MA_Body" />
									</Appearance>
									<IndexedTriangleSet solid="false"
									                    normalPerVertex="true"
									                    index="0 1 2 0 2 3 4 5 6 4 6 7 8 9 10 8 10 11 12 13 14 12 14 15 4 16 17 4 17 15 18 5 14 18 14 19 "
									                    >
										<Coordinate point="-0.860904 -0.416878 -0.810349 -0.860904 -0.778083 0.919725 -0.860904 0.345085 1.154220 -0.860904 0.706289 -0.575854 -0.860904 0.706289 -0.575854 -0.860904 0.345085 1.154220 0.860904 0.345085 1.154220 0.860904 0.706289 -0.575854 0.860904 0.706289 -0.575854 0.860904 0.345085 1.154220 0.860904 -0.778083 0.919725 0.860904 -0.416878 -0.810349 0.860904 -0.416878 -0.810349 0.860904 -0.778083 0.919725 -0.860904 -0.778083 0.919725 -0.860904 -0.416878 -0.810349 0.860904 0.706289 -0.575854 0.860904 -0.416878 -0.810349 0.860904 0.345085 1.154220 0.860904 -0.778083 0.919725 " />
										<Normal vector="-0.577349 -0.447157 -0.683157 -0.577349 -0.683157 0.447157 -0.577349 0.447157 0.683157 -0.577349 0.683157 -0.447157 -0.577349 0.683157 -0.447157 -0.577349 0.447157 0.683157 0.577349 0.447157 0.683157 0.577349 0.683157 -0.447157 0.577349 0.683157 -0.447157 0.577349 0.447157 0.683157 0.577349 -0.683157 0.447157 0.577349 -0.447157 -0.683157 0.577349 -0.447157 -0.683157 0.577349 -0.683157 0.447157 -0.577349 -0.683157 0.447157 -0.577349 -0.447157 -0.683157 0.577349 0.683157 -0.447157 0.577349 -0.447157 -0.683157 0.577349 0.447157 0.683157 0.577349 -0.683157 0.447157 " />
										<TextureCoordinate point="0.3745 0.5145 0.6646 0.5145 0.6646 0.6700 0.3745 0.6700 0.3745 0.5145 0.6646 0.5145 0.6646 0.6700 0.3745 0.6700 0.3745 0.5145 0.6646 0.5145 0.6646 0.6700 0.3745 0.6700 0.3745 0.5145 0.6646 0.5145 0.6646 0.6700 0.3745 0.6700 0.6646 0.5145 0.6646 0.6700 0.3745 0.5145 0.3745 0.6700 " />
									</IndexedTriangleSet>
								</Shape>
							</Group>
						</Transform>
					</Transform>
					<Transform DEF="Cube_009_TRANSFORM"
					           translation="0.000000 1.191165 0.596996"
					           scale="1.000000 1.000000 1.000000"
					           rotation="0.000000 1.000000 0.000000 0.000000"
					           >
						<Transform DEF="Cube_009_ifs_TRANSFORM"
						           translation="0.000000 0.000000 0.000000"
						           scale="1.000000 1.000000 1.000000"
						           rotation="0.000000 1.000000 0.000000 0.000000"
						           >
							<Group DEF="group_ME_Cube_032">
								<Shape>
									<Appearance>
										<Material USE="MA_Body" />
									</Appearance>
									<IndexedTriangleSet solid="false"
									                    normalPerVertex="true"
									                    index="0 1 2 0 2 3 4 5 6 4 6 7 8 9 10 8 10 11 12 13 14 12 14 15 4 16 17 4 17 15 18 5 14 18 14 19 "
									                    >
										<Coordinate point="-0.607035 -0.292075 -0.523807 -0.607035 -0.647500 1.178584 -0.607035 0.121836 1.339206 -0.607035 0.477261 -0.363185 -0.607035 0.477261 -0.363185 -0.607035 0.121836 1.339206 0.607035 0.121836 1.339206 0.607035 0.477261 -0.363185 0.607035 0.477261 -0.363185 0.607035 0.121836 1.339206 0.607035 -0.647500 1.178584 0.607035 -0.292075 -0.523807 0.607035 -0.292075 -0.523807 0.607035 -0.647500 1.178584 -0.607035 -0.647500 1.178584 -0.607035 -0.292075 -0.523807 0.607035 0.477261 -0.363185 0.607035 -0.292075 -0.523807 0.607035 0.121836 1.339206 0.607035 -0.647500 1.178584 " />
										<Normal vector="-0.577349 -0.447157 -0.683157 -0.577349 -0.683157 0.447157 -0.577349 0.447157 0.683157 -0.577349 0.683157 -0.447157 -0.577349 0.683157 -0.447157 -0.577349 0.447157 0.683157 0.577349 0.447157 0.683157 0.577349 0.683157 -0.447157 0.577349 0.683157 -0.447157 0.577349 0.447157 0.683157 0.577349 -0.683157 0.447157 0.577349 -0.447157 -0.683157 0.577349 -0.447157 -0.683157 0.577349 -0.683157 0.447157 -0.577349 -0.683157 0.447157 -0.577349 -0.447157 -0.683157 0.577349 0.683157 -0.447157 0.577349 -0.447157 -0.683157 0.577349 0.447157 0.683157 0.577349 -0.683157 0.447157 " />
										<TextureCoordinate point="0.3745 0.5145 0.6646 0.5145 0.6646 0.6700 0.3745 0.6700 0.3745 0.5145 0.6646 0.5145 0.6646 0.6700 0.3745 0.6700 0.3745 0.5145 0.6646 0.5145 0.6646 0.6700 0.3745 0.6700 0.3745 0.5145 0.6646 0.5145 0.6646 0.6700 0.3745 0.6700 0.6646 0.5145 0.6646 0.6700 0.3745 0.5145 0.3745 0.6700 " />
									</IndexedTriangleSet>
								</Shape>
							</Group>
						</Transform>
					</Transform>
					<Transform DEF="Cube_037_TRANSFORM"
					           translation="-0.775048 -0.679658 0.658391"
					           scale="1.000000 1.000000 1.000000"
					           rotation="0.000000 1.000000 0.000000 0.000000"
					           >
						<Transform DEF="Cube_037_ifs_TRANSFORM"
						           translation="0.000000 0.000000 0.000000"
						           scale="1.000000 1.000000 1.000000"
						           rotation="0.000000 1.000000 0.000000 0.000000"
						           >
							<Group DEF="group_ME_Cube_022">
								<Shape>
									<Appearance>
										<Material USE="MA_Body" />
									</Appearance>
									<IndexedTriangleSet solid="false"
									                    normalPerVertex="true"
									                    index="0 1 2 0 2 3 4 5 6 4 6 7 8 9 10 8 10 11 12 13 14 12 14 15 4 16 17 4 17 15 18 5 14 18 14 19 "
									                    >
										<Coordinate point="-0.093419 -0.739031 -0.230066 -0.020678 -0.547715 0.554441 -0.035102 0.095658 0.398880 -0.107843 -0.095658 -0.385626 -0.107843 -0.095658 -0.385626 -0.035102 0.095658 0.398880 0.107843 0.095658 0.385626 0.035102 -0.095658 -0.398880 0.035102 -0.095658 -0.398880 0.107843 0.095658 0.385626 0.122266 -0.547715 0.541187 0.049526 -0.739031 -0.243320 0.049526 -0.739031 -0.243320 0.122266 -0.547715 0.541187 -0.020678 -0.547715 0.554441 -0.093419 -0.739031 -0.230066 0.035102 -0.095658 -0.398880 0.049526 -0.739031 -0.243320 0.107843 0.095658 0.385626 0.122266 -0.547715 0.541187 " />
										<Normal vector="-0.614093 -0.697256 -0.369671 -0.510483 -0.424787 0.747581 -0.535661 0.697256 0.476272 -0.639241 0.424787 -0.640980 -0.639241 0.424787 -0.640980 -0.535661 0.697256 0.476272 0.614093 0.697256 0.369671 0.510483 0.424787 -0.747581 0.510483 0.424787 -0.747581 0.614093 0.697256 0.369671 0.639241 -0.424787 0.640980 0.535661 -0.697256 -0.476272 0.535661 -0.697256 -0.476272 0.639241 -0.424787 0.640980 -0.510483 -0.424787 0.747581 -0.614093 -0.697256 -0.369671 0.510483 0.424787 -0.747581 0.535661 -0.697256 -0.476272 0.614093 0.697256 0.369671 0.639241 -0.424787 0.640980 " />
										<TextureCoordinate point="0.7146 0.7146 0.9740 0.7146 0.9740 0.9740 0.7146 0.9740 0.7146 0.7146 0.9740 0.7146 0.9740 0.9740 0.7146 0.9740 0.7146 0.7146 0.9740 0.7146 0.9740 0.9740 0.7146 0.9740 0.7146 0.7146 0.9740 0.7146 0.9740 0.9740 0.7146 0.9740 0.9740 0.7146 0.9740 0.9740 0.7146 0.7146 0.7146 0.9740 " />
									</IndexedTriangleSet>
								</Shape>
							</Group>
						</Transform>
						<Transform DEF="Cube_038_TRANSFORM"
						           translation="0.014469 -0.581509 0.156051"
						           scale="1.000000 1.000000 1.000000"
						           rotation="0.000000 1.000000 0.000000 0.000000"
						           >
							<Transform DEF="Cube_038_ifs_TRANSFORM"
							           translation="0.000000 0.000000 0.000000"
							           scale="1.000000 1.000000 1.000000"
							           rotation="0.000000 1.000000 0.000000 0.000000"
							           >
								<Group DEF="group_ME_Cube_023">
									<Shape>
										<Appearance>
											<Material USE="MA_Body" />
										</Appearance>
										<IndexedTriangleSet solid="false"
										                    normalPerVertex="true"
										                    index="0 1 2 0 2 3 4 5 6 4 6 7 8 9 10 8 10 11 12 13 14 12 14 15 4 16 17 4 17 15 18 5 14 18 14 19 "
										                    >
											<Coordinate point="-0.028290 -0.881889 0.030936 0.019922 -0.689638 0.550898 -0.014065 0.095811 0.263637 -0.062277 -0.096440 -0.256325 -0.062277 -0.096440 -0.256325 -0.014065 0.095811 0.263637 0.062277 0.096440 0.256325 0.014065 -0.095811 -0.263637 0.014065 -0.095811 -0.263637 0.062277 0.096440 0.256325 0.096264 -0.689008 0.543587 0.048052 -0.881260 0.023625 0.048052 -0.881260 0.023625 0.096264 -0.689008 0.543587 0.019922 -0.689638 0.550898 -0.028290 -0.881889 0.030936 0.014065 -0.095811 -0.263637 0.048052 -0.881260 0.023625 0.062277 0.096440 0.256325 0.096264 -0.689008 0.543587 " />
											<Normal vector="-0.601276 -0.745964 -0.286294 -0.501236 -0.347026 0.792657 -0.548112 0.736503 0.396374 -0.648152 0.337565 -0.682577 -0.648152 0.337565 -0.682577 -0.548112 0.736503 0.396374 0.601276 0.745964 0.286294 0.501236 0.347026 -0.792657 0.501236 0.347026 -0.792657 0.601276 0.745964 0.286294 0.648152 -0.337565 0.682577 0.548112 -0.736503 -0.396374 0.548112 -0.736503 -0.396374 0.648152 -0.337565 0.682577 -0.501236 -0.347026 0.792657 -0.601276 -0.745964 -0.286294 0.501236 0.347026 -0.792657 0.548112 -0.736503 -0.396374 0.601276 0.745964 0.286294 0.648152 -0.337565 0.682577 " />
											<TextureCoordinate point="0.7146 0.7146 0.9740 0.7146 0.9740 0.9740 0.7146 0.9740 0.7146 0.7146 0.9740 0.7146 0.9740 0.9740 0.7146 0.9740 0.7146 0.7146 0.9740 0.7146 0.9740 0.9740 0.7146 0.9740 0.7146 0.7146 0.9740 0.7146 0.9740 0.9740 0.7146 0.9740 0.9740 0.7146 0.9740 0.9740 0.7146 0.7146 0.7146 0.9740 " />
										</IndexedTriangleSet>
									</Shape>
								</Group>
							</Transform>
						</Transform>
					</Transform>
					<Transform DEF="Cube_031_TRANSFORM"
					           translation="0.775048 -0.679658 0.658391"
					           scale="1.000000 1.000000 1.000000"
					           rotation="0.000000 1.000000 0.000000 0.000000"
					           >
						<Transform DEF="Cube_031_ifs_TRANSFORM"
						           translation="0.000000 0.000000 0.000000"
						           scale="1.000000 1.000000 1.000000"
						           rotation="0.000000 1.000000 0.000000 0.000000"
						           >
							<Group DEF="group_ME_Cube_028">
								<Shape>
									<Appearance>
										<Material USE="MA_Body" />
									</Appearance>
									<IndexedTriangleSet solid="false"
									                    normalPerVertex="true"
									                    index="0 1 2 0 2 3 4 5 6 4 6 7 8 9 10 8 10 11 12 13 14 12 14 15 4 13 16 4 16 17 18 19 14 18 14 7 "
									                    >
										<Coordinate point="0.093419 -0.739031 -0.230066 0.107843 -0.095658 -0.385626 0.035102 0.095658 0.398880 0.020678 -0.547715 0.554441 0.107843 -0.095658 -0.385626 -0.035102 -0.095658 -0.398880 -0.107843 0.095658 0.385626 0.035102 0.095658 0.398880 -0.035102 -0.095658 -0.398880 -0.049526 -0.739031 -0.243320 -0.122266 -0.547715 0.541187 -0.107843 0.095658 0.385626 -0.049526 -0.739031 -0.243320 0.093419 -0.739031 -0.230066 0.020678 -0.547715 0.554441 -0.122266 -0.547715 0.541187 -0.049526 -0.739031 -0.243320 -0.035102 -0.095658 -0.398880 -0.107843 0.095658 0.385626 -0.122266 -0.547715 0.541187 " />
										<Normal vector="0.614093 -0.697256 -0.369671 0.639241 0.424787 -0.640980 0.535661 0.697256 0.476272 0.510483 -0.424787 0.747581 0.639241 0.424787 -0.640980 -0.510483 0.424787 -0.747581 -0.614093 0.697256 0.369671 0.535661 0.697256 0.476272 -0.510483 0.424787 -0.747581 -0.535661 -0.697256 -0.476272 -0.639241 -0.424787 0.640980 -0.614093 0.697256 0.369671 -0.535661 -0.697256 -0.476272 0.614093 -0.697256 -0.369671 0.510483 -0.424787 0.747581 -0.639241 -0.424787 0.640980 -0.535661 -0.697256 -0.476272 -0.510483 0.424787 -0.747581 -0.614093 0.697256 0.369671 -0.639241 -0.424787 0.640980 " />
										<TextureCoordinate point="0.7146 0.7146 0.7146 0.9740 0.9740 0.9740 0.9740 0.7146 0.7146 0.7146 0.7146 0.9740 0.9740 0.9740 0.9740 0.7146 0.7146 0.7146 0.7146 0.9740 0.9740 0.9740 0.9740 0.7146 0.7146 0.7146 0.7146 0.9740 0.9740 0.9740 0.9740 0.7146 0.9740 0.9740 0.9740 0.7146 0.7146 0.7146 0.7146 0.9740 " />
									</IndexedTriangleSet>
								</Shape>
							</Group>
						</Transform>
						<Transform DEF="Cube_033_TRANSFORM"
						           translation="-0.014469 -0.581509 0.156051"
						           scale="1.000000 1.000000 1.000000"
						           rotation="0.000000 1.000000 0.000000 0.000000"
						           >
							<Transform DEF="Cube_033_ifs_TRANSFORM"
							           translation="0.000000 0.000000 0.000000"
							           scale="1.000000 1.000000 1.000000"
							           rotation="0.000000 1.000000 0.000000 0.000000"
							           >
								<Group DEF="group_ME_Cube_029">
									<Shape>
										<Appearance>
											<Material USE="MA_Body" />
										</Appearance>
										<IndexedTriangleSet solid="false"
										                    normalPerVertex="true"
										                    index="0 1 2 0 2 3 4 5 6 4 6 7 8 9 10 8 10 11 12 13 14 12 14 15 4 13 16 4 16 17 18 19 14 18 14 7 "
										                    >
											<Coordinate point="0.028290 -0.881889 0.030936 0.062277 -0.096440 -0.256325 0.014065 0.095811 0.263637 -0.019922 -0.689638 0.550898 0.062277 -0.096440 -0.256325 -0.014065 -0.095811 -0.263637 -0.062277 0.096440 0.256325 0.014065 0.095811 0.263637 -0.014065 -0.095811 -0.263637 -0.048052 -0.881260 0.023625 -0.096264 -0.689008 0.543587 -0.062277 0.096440 0.256325 -0.048052 -0.881260 0.023625 0.028290 -0.881889 0.030936 -0.019922 -0.689638 0.550898 -0.096264 -0.689008 0.543587 -0.048052 -0.881260 0.023625 -0.014065 -0.095811 -0.263637 -0.062277 0.096440 0.256325 -0.096264 -0.689008 0.543587 " />
											<Normal vector="0.601276 -0.745964 -0.286294 0.648152 0.337565 -0.682577 0.548112 0.736503 0.396374 0.501236 -0.347026 0.792657 0.648152 0.337565 -0.682577 -0.501236 0.347026 -0.792657 -0.601276 0.745964 0.286294 0.548112 0.736503 0.396374 -0.501236 0.347026 -0.792657 -0.548112 -0.736503 -0.396374 -0.648152 -0.337565 0.682577 -0.601276 0.745964 0.286294 -0.548112 -0.736503 -0.396374 0.601276 -0.745964 -0.286294 0.501236 -0.347026 0.792657 -0.648152 -0.337565 0.682577 -0.548112 -0.736503 -0.396374 -0.501236 0.347026 -0.792657 -0.601276 0.745964 0.286294 -0.648152 -0.337565 0.682577 " />
											<TextureCoordinate point="0.7146 0.7146 0.7146 0.9740 0.9740 0.9740 0.9740 0.7146 0.7146 0.7146 0.7146 0.9740 0.9740 0.9740 0.9740 0.7146 0.7146 0.7146 0.7146 0.9740 0.9740 0.9740 0.9740 0.7146 0.7146 0.7146 0.7146 0.9740 0.9740 0.9740 0.9740 0.7146 0.9740 0.9740 0.9740 0.7146 0.7146 0.7146 0.7146 0.9740 " />
										</IndexedTriangleSet>
									</Shape>
								</Group>
							</Transform>
						</Transform>
					</Transform>
				</Transform>
				<Transform DEF="Cube_007_TRANSFORM"
				           translation="0.000000 1.510387 0.050413"
				           scale="1.000000 1.000000 1.000000"
				           rotation="0.000000 1.000000 0.000000 0.000000"
				           >
					<Transform DEF="Cube_007_ifs_TRANSFORM"
					           translation="0.000000 0.000000 0.000000"
					           scale="1.000000 1.000000 1.000000"
					           rotation="0.000000 1.000000 0.000000 0.000000"
					           >
						<Group DEF="group_ME_Cube_030">
							<Shape>
								<Appearance>
									<Material USE="MA_Body" />
								</Appearance>
								<IndexedTriangleSet solid="false"
								                    normalPerVertex="true"
								                    index="0 1 2 0 2 3 4 5 6 4 6 7 8 9 10 8 10 11 12 13 14 12 14 15 4 16 17 4 17 15 18 5 14 18 14 19 "
								                    >
									<Coordinate point="-1.039360 -0.798454 -0.784967 -1.039360 -0.798454 0.767763 -1.039360 0.798454 0.767763 -1.039360 0.798454 -0.784967 -1.039360 0.798454 -0.784967 -1.039360 0.798454 0.767763 1.039360 0.798454 0.767763 1.039360 0.798454 -0.784967 1.039360 0.798454 -0.784967 1.039360 0.798454 0.767763 1.039360 -0.798454 0.767763 1.039360 -0.798454 -0.784967 1.039360 -0.798454 -0.784967 1.039360 -0.798454 0.767763 -1.039360 -0.798454 0.767763 -1.039360 -0.798454 -0.784967 1.039360 0.798454 -0.784967 1.039360 -0.798454 -0.784967 1.039360 0.798454 0.767763 1.039360 -0.798454 0.767763 " />
									<Normal vector="-0.577349 -0.577349 -0.577349 -0.577349 -0.577349 0.577349 -0.577349 0.577349 0.577349 -0.577349 0.577349 -0.577349 -0.577349 0.577349 -0.577349 -0.577349 0.577349 0.577349 0.577349 0.577349 0.577349 0.577349 0.577349 -0.577349 0.577349 0.577349 -0.577349 0.577349 0.577349 0.577349 0.577349 -0.577349 0.577349 0.577349 -0.577349 -0.577349 0.577349 -0.577349 -0.577349 0.577349 -0.577349 0.577349 -0.577349 -0.577349 0.577349 -0.577349 -0.577349 -0.577349 0.577349 0.577349 -0.577349 0.577349 -0.577349 -0.577349 0.577349 0.577349 0.577349 0.577349 -0.577349 0.577349 " />
									<TextureCoordinate point="0.3745 0.5145 0.6646 0.5145 0.6646 0.6700 0.3745 0.6700 0.3745 0.5145 0.6646 0.5145 0.6646 0.6700 0.3745 0.6700 0.3745 0.5145 0.6646 0.5145 0.6646 0.6700 0.3745 0.6700 0.3745 0.5145 0.6646 0.5145 0.6646 0.6700 0.3745 0.6700 0.6646 0.5145 0.6646 0.6700 0.3745 0.5145 0.3745 0.6700 " />
								</IndexedTriangleSet>
							</Shape>
						</Group>
					</Transform>
				</Transform>
			</Transform>
			<Transform DEF="leg1_TRANSFORM"
			           translation="-1.514410 0.414344 2.069168"
			           scale="1.000000 1.000000 1.000000"
			           rotation="0.000000 1.000000 0.000000 0.000000"
			           >
				<Transform DEF="leg1_ifs_TRANSFORM"
				           translation="0.000000 0.000000 0.000000"
				           scale="1.000000 1.000000 1.000000"
				           rotation="0.000000 1.000000 0.000000 0.000000"
				           >
					<Group DEF="group_ME_leg1">
						<Shape>
							<Appearance>
								<Material USE="MA_Body" />
							</Appearance>
							<IndexedTriangleSet solid="false"
							                    normalPerVertex="true"
							                    index="0 1 2 0 2 3 4 5 6 4 6 7 8 9 10 8 10 11 12 13 14 12 14 15 16 17 18 16 18 19 20 1 14 20 14 21 22 5 1 22 1 20 23 24 17 23 17 16 25 26 9 25 9 8 27 28 1 27 1 0 29 30 31 29 31 16 32 33 34 32 34 35 36 37 38 36 38 19 35 34 39 35 39 40 23 41 42 23 42 43 16 31 44 16 44 45 46 47 48 46 48 49 33 50 51 33 51 34 52 53 54 52 54 55 56 57 58 56 58 59 41 60 61 41 61 42 31 62 63 31 63 44 64 65 66 64 66 62 50 67 68 50 68 51 69 70 71 69 71 72 51 68 73 51 73 74 60 75 76 60 76 61 62 66 77 62 77 63 78 79 80 78 80 81 67 25 8 67 8 68 82 83 84 82 84 85 86 87 88 86 88 89 75 4 7 75 7 76 66 0 3 66 3 77 "
							                    >
								<Coordinate point="-0.665547 -0.115644 -0.511964 -0.504683 0.254010 -0.026164 -0.316984 0.851455 -0.542925 -0.477847 0.481802 -1.028724 -0.477847 0.481802 -1.028724 -0.316984 0.851455 -0.542925 0.732558 0.471312 -0.601203 0.571694 0.101658 -1.087003 0.383995 -0.495787 -0.570243 0.544858 -0.126133 -0.084443 0.316984 -0.851455 0.542925 0.156120 -1.221109 0.057125 0.156120 -1.221109 0.057125 0.316984 -0.851455 0.542925 -0.732558 -0.471312 0.601203 -0.893422 -0.840966 0.115403 -1.068603 -1.041840 -1.729173 -0.019061 -1.421983 -1.787451 -0.246936 -2.147305 -1.160084 -1.296478 -1.767162 -1.101805 0.544858 -0.126133 -0.084443 0.316984 -0.851455 0.542925 0.732558 0.471312 -0.601203 -0.880903 -0.444394 -2.245933 0.168638 -0.824538 -2.304212 0.571694 0.101658 -1.087003 0.732558 0.471312 -0.601203 -0.893422 -0.840966 0.115403 -0.732558 -0.471312 0.601203 -1.296478 -1.767162 -1.101805 -1.219542 -1.590368 -0.869462 -0.991667 -0.865046 -1.496829 0.168638 -0.824538 -2.304212 0.245575 -0.647743 -2.071868 0.057875 -1.245189 -1.555108 -0.019061 -1.421983 -1.787451 -0.246936 -2.147305 -1.160084 -0.170000 -1.970511 -0.927741 -1.219542 -1.590368 -0.869462 -0.170000 -1.970511 -0.927741 -0.246936 -2.147305 -1.160084 -0.803967 -0.267600 -2.013590 0.245575 -0.647743 -2.071868 0.168638 -0.824538 -2.304212 -0.803967 -0.267600 -2.013590 -0.880903 -0.444394 -2.245933 -1.219542 -1.590368 -0.869462 -1.108403 -1.334979 -0.533829 -0.880528 -0.609656 -1.161196 -0.991667 -0.865046 -1.496829 0.356713 -0.392354 -1.736235 0.169014 -0.989799 -1.219475 -0.170000 -1.970511 -0.927741 -0.058861 -1.715122 -0.592107 -1.108403 -1.334979 -0.533829 -1.219542 -1.590368 -0.869462 0.057875 -1.245189 -1.555108 0.169014 -0.989799 -1.219475 -0.058861 -1.715122 -0.592107 -0.170000 -1.970511 -0.927741 -0.692828 -0.012211 -1.677956 0.356713 -0.392354 -1.736235 -0.880528 -0.609656 -1.161196 -0.692828 -0.012211 -1.677956 -1.108403 -1.334979 -0.533829 -1.020419 -1.132798 -0.268123 -0.792544 -0.407476 -0.895490 0.444697 -0.190174 -1.470529 0.256997 -0.787619 -0.953769 -0.058861 -1.715122 -0.592107 0.029122 -1.512941 -0.326401 -1.020419 -1.132798 -0.268123 -1.108403 -1.334979 -0.533829 0.029122 -1.512941 -0.326401 -0.058861 -1.715122 -0.592107 -0.604845 0.189970 -1.412251 0.444697 -0.190174 -1.470529 -0.604845 0.189970 -1.412251 -1.020419 -1.132798 -0.268123 -0.893422 -0.840966 0.115403 -0.665547 -0.115644 -0.511964 -0.792544 -0.407476 -0.895490 0.029122 -1.512941 -0.326401 0.156120 -1.221109 0.057125 -0.893422 -0.840966 0.115403 -1.020419 -1.132798 -0.268123 0.256997 -0.787619 -0.953769 0.383995 -0.495787 -0.570243 0.156120 -1.221109 0.057125 0.029122 -1.512941 -0.326401 " />
								<Normal vector="-0.938932 0.340068 0.052126 -0.483749 0.654500 0.581011 -0.261483 0.959258 0.106906 -0.500443 0.760796 -0.413160 -0.500443 0.760796 -0.413160 -0.261483 0.959258 0.106906 0.822687 0.566546 0.046724 0.827387 0.279824 -0.486892 0.938932 -0.340068 -0.052126 0.844111 0.173559 0.507279 0.555742 -0.283090 0.781640 0.500443 -0.760796 0.413160 0.500443 -0.760796 0.413160 0.555742 -0.283090 0.781640 -0.528428 0.109561 0.841853 -0.827387 -0.279824 0.486892 -0.844111 -0.173559 -0.507279 0.483749 -0.654500 -0.581011 0.261483 -0.959258 -0.106906 -0.822687 -0.566546 -0.046724 0.844111 0.173559 0.507279 0.555742 -0.283090 0.781640 0.822687 0.566546 0.046724 -0.555742 0.283090 -0.781640 0.528428 -0.109561 -0.841853 0.827387 0.279824 -0.486892 0.822687 0.566546 0.046724 -0.827387 -0.279824 0.486892 -0.528428 0.109561 0.841853 -0.822687 -0.566546 -0.046724 -0.827387 -0.279824 0.486892 -0.938932 0.340068 0.052126 0.528428 -0.109561 -0.841853 0.827387 0.279824 -0.486892 0.938932 -0.340068 -0.052126 0.483749 -0.654500 -0.581011 0.261483 -0.959258 -0.106906 0.500443 -0.760796 0.413160 -0.827387 -0.279824 0.486892 0.500443 -0.760796 0.413160 0.261483 -0.959258 -0.106906 -0.500443 0.760796 -0.413160 0.827387 0.279824 -0.486892 0.528428 -0.109561 -0.841853 -0.500443 0.760796 -0.413160 -0.555742 0.283090 -0.781640 -0.827387 -0.279824 0.486892 -0.827387 -0.279824 0.486892 -0.938932 0.340068 0.052126 -0.938932 0.340068 0.052126 0.827387 0.279824 -0.486892 0.938932 -0.340068 -0.052126 0.500443 -0.760796 0.413160 0.500443 -0.760796 0.413160 -0.827387 -0.279824 0.486892 -0.827387 -0.279824 0.486892 0.938932 -0.340068 -0.052126 0.938932 -0.340068 -0.052126 0.500443 -0.760796 0.413160 0.500443 -0.760796 0.413160 -0.500443 0.760796 -0.413160 0.827387 0.279824 -0.486892 -0.938932 0.340068 0.052126 -0.500443 0.760796 -0.413160 -0.827387 -0.279824 0.486892 -0.827387 -0.279824 0.486892 -0.938932 0.340068 0.052126 0.827387 0.279824 -0.486892 0.938932 -0.340068 -0.052126 0.500443 -0.760796 0.413160 0.500443 -0.760796 0.413160 -0.827387 -0.279824 0.486892 -0.827387 -0.279824 0.486892 0.500443 -0.760796 0.413160 0.500443 -0.760796 0.413160 -0.500443 0.760796 -0.413160 0.827387 0.279824 -0.486892 -0.500443 0.760796 -0.413160 -0.827387 -0.279824 0.486892 -0.827387 -0.279824 0.486892 -0.938932 0.340068 0.052126 -0.938932 0.340068 0.052126 0.500443 -0.760796 0.413160 0.500443 -0.760796 0.413160 -0.827387 -0.279824 0.486892 -0.827387 -0.279824 0.486892 0.938932 -0.340068 -0.052126 0.938932 -0.340068 -0.052126 0.500443 -0.760796 0.413160 0.500443 -0.760796 0.413160 " />
								<TextureCoordinate point="0.3070 0.8269 0.3251 0.8269 0.3251 0.9719 0.3070 0.9719 0.3070 0.6818 0.3251 0.6818 0.3251 0.9719 0.3070 0.9719 0.3070 0.8269 0.3251 0.8269 0.3251 0.9719 0.3070 0.9719 0.3070 0.6818 0.3251 0.6818 0.3251 0.9719 0.3070 0.9719 0.0350 0.8269 0.3251 0.8269 0.3251 0.9719 0.0350 0.9719 0.0350 0.8269 0.0350 0.9719 0.0350 0.6818 0.0350 0.6818 0.3251 0.6818 0.3070 0.6818 0.3251 0.6818 0.3070 0.6818 0.3251 0.6818 0.0350 0.6818 0.1801 0.6818 0.1801 0.8269 0.0350 0.6818 0.1801 0.6818 0.1801 0.8269 0.0350 0.8269 0.0350 0.6818 0.1801 0.6818 0.1801 0.9719 0.1801 0.9719 0.0350 0.9719 0.1801 0.6818 0.1801 0.9719 0.0350 0.9719 0.1801 0.9719 0.0350 0.9719 0.3899 0.7098 0.6518 0.7098 0.6518 0.9718 0.3899 0.9718 0.2526 0.6818 0.2526 0.8269 0.3899 0.7098 0.6518 0.7098 0.6518 0.9718 0.3899 0.9718 0.3899 0.7098 0.6518 0.7098 0.6518 0.9718 0.3899 0.9718 0.2526 0.6818 0.2526 0.9719 0.2526 0.8269 0.2526 0.9719 0.2526 0.6818 0.2889 0.6818 0.2889 0.8269 0.2889 0.6818 0.2889 0.8269 0.2526 0.6818 0.2889 0.6818 0.2889 0.9719 0.2526 0.9719 0.2889 0.9719 0.2526 0.9719 0.2889 0.6818 0.2889 0.9719 0.2889 0.9719 0.3899 0.7098 0.6518 0.7098 0.6518 0.9718 0.3899 0.9718 0.3899 0.7098 0.6518 0.7098 0.6518 0.9718 0.3899 0.9718 0.3899 0.7098 0.6518 0.7098 0.6518 0.9718 0.3899 0.9718 " />
							</IndexedTriangleSet>
						</Shape>
					</Group>
				</Transform>
				<Transform DEF="leg1_1_TRANSFORM"
				           translation="-0.591292 -1.544795 -1.027171"
				           scale="1.000000 1.000000 1.000000"
				           rotation="0.000000 1.000000 0.000000 0.000000"
				           >
					<Transform DEF="leg1_1_ifs_TRANSFORM"
					           translation="0.000000 0.000000 0.000000"
					           scale="1.000000 1.000000 1.000000"
					           rotation="0.000000 1.000000 0.000000 0.000000"
					           >
						<Group DEF="group_ME_leg1_1">
							<Shape>
								<Appearance>
									<Material USE="MA_Body" />
								</Appearance>
								<IndexedTriangleSet solid="false"
								                    normalPerVertex="true"
								                    index="0 1 2 0 2 3 4 5 6 4 6 7 8 9 10 8 10 11 12 13 14 12 14 15 4 16 17 4 17 15 18 5 14 18 14 19 "
								                    >
									<Coordinate point="-0.404716 0.478347 -1.612325 -0.605141 -0.289052 -0.252272 -0.269287 0.594480 0.295747 -0.068862 1.361879 -1.064307 -0.068862 1.361879 -1.064307 -0.269287 0.594480 0.295747 0.605141 0.289052 0.252272 0.805566 1.056450 -1.107781 0.805566 1.056450 -1.107781 0.605141 0.289052 0.252272 0.269287 -0.594480 -0.295747 0.469712 0.172919 -1.655800 0.469712 0.172919 -1.655800 0.269287 -0.594480 -0.295747 -0.605141 -0.289052 -0.252272 -0.404716 0.478347 -1.612325 0.805566 1.056450 -1.107781 0.469712 0.172919 -1.655800 0.605141 0.289052 0.252272 0.269287 -0.594480 -0.295747 " />
									<Normal vector="-0.648427 0.004700 -0.761254 -0.795404 -0.558092 0.236213 -0.440474 0.375622 0.815394 -0.293466 0.938444 -0.182073 -0.293466 0.938444 -0.182073 -0.440474 0.375622 0.815394 0.648427 -0.004700 0.761254 0.795404 0.558092 -0.236213 0.795404 0.558092 -0.236213 0.648427 -0.004700 0.761254 0.293466 -0.938444 0.182073 0.440474 -0.375622 -0.815394 0.440474 -0.375622 -0.815394 0.293466 -0.938444 0.182073 -0.795404 -0.558092 0.236213 -0.648427 0.004700 -0.761254 0.795404 0.558092 -0.236213 0.440474 -0.375622 -0.815394 0.648427 -0.004700 0.761254 0.293466 -0.938444 0.182073 " />
									<TextureCoordinate point="0.0350 0.6818 0.3251 0.6818 0.3251 0.9719 0.0350 0.9719 0.0350 0.6818 0.3251 0.6818 0.3251 0.9719 0.0350 0.9719 0.0350 0.6818 0.3251 0.6818 0.3251 0.9719 0.0350 0.9719 0.0350 0.6818 0.3251 0.6818 0.3251 0.9719 0.0350 0.9719 0.3251 0.6818 0.3251 0.9719 0.0350 0.6818 0.0350 0.9719 " />
								</IndexedTriangleSet>
							</Shape>
						</Group>
					</Transform>
					<Transform DEF="Cube_032_TRANSFORM"
					           translation="0.222187 0.676378 -1.114576"
					           scale="1.000000 1.000000 1.000000"
					           rotation="0.000000 1.000000 0.000000 0.000000"
					           >
						<Transform DEF="Cube_032_ifs_TRANSFORM"
						           translation="0.000000 0.000000 0.000000"
						           scale="1.000000 1.000000 1.000000"
						           rotation="0.000000 1.000000 0.000000 0.000000"
						           >
							<Group DEF="group_ME_Cube_016">
								<Shape>
									<Appearance>
										<Material USE="MA_Body" />
									</Appearance>
									<IndexedTriangleSet solid="false"
									                    normalPerVertex="true"
									                    index="0 1 2 0 2 3 4 5 6 4 6 7 8 9 10 8 10 11 12 13 14 12 14 15 4 16 17 4 17 15 18 5 14 18 14 19 "
									                    >
										<Coordinate point="-0.433138 -0.162091 -0.812072 -0.470388 -0.279019 -0.067335 -0.142924 0.526796 0.075561 -0.105673 0.643724 -0.669176 -0.105673 0.643724 -0.669176 -0.142924 0.526796 0.075561 0.470388 0.279019 0.067335 0.507639 0.395947 -0.677401 0.507639 0.395947 -0.677401 0.470388 0.279019 0.067335 0.142924 -0.526796 -0.075561 0.180174 -0.409868 -0.820298 0.180174 -0.409868 -0.820298 0.142924 -0.526796 -0.075561 -0.470388 -0.279019 -0.067335 -0.433138 -0.162091 -0.812072 0.507639 0.395947 -0.677401 0.180174 -0.409868 -0.820298 0.470388 0.279019 0.067335 0.142924 -0.526796 -0.075561 " />
										<Normal vector="-0.721244 -0.222083 -0.656056 -0.778222 -0.400983 0.483230 -0.349254 0.654592 0.670431 -0.292276 0.833461 -0.468886 -0.292276 0.833461 -0.468886 -0.349254 0.654592 0.670431 0.721244 0.222083 0.656056 0.778222 0.400983 -0.483230 0.778222 0.400983 -0.483230 0.721244 0.222083 0.656056 0.292276 -0.833461 0.468886 0.349254 -0.654592 -0.670431 0.349254 -0.654592 -0.670431 0.292276 -0.833461 0.468886 -0.778222 -0.400983 0.483230 -0.721244 -0.222083 -0.656056 0.778222 0.400983 -0.483230 0.349254 -0.654592 -0.670431 0.721244 0.222083 0.656056 0.292276 -0.833461 0.468886 " />
										<TextureCoordinate point="0.0350 0.6818 0.3251 0.6818 0.3251 0.9719 0.0350 0.9719 0.0350 0.6818 0.3251 0.6818 0.3251 0.9719 0.0350 0.9719 0.0350 0.6818 0.3251 0.6818 0.3251 0.9719 0.0350 0.9719 0.0350 0.6818 0.3251 0.6818 0.3251 0.9719 0.0350 0.9719 0.3251 0.6818 0.3251 0.9719 0.0350 0.6818 0.0350 0.9719 " />
									</IndexedTriangleSet>
								</Shape>
							</Group>
						</Transform>
					</Transform>
					<Transform DEF="foot1_TRANSFORM"
					           translation="0.281118 0.837798 -1.778573"
					           scale="1.000000 1.000000 1.000000"
					           rotation="0.000000 1.000000 0.000000 0.000000"
					           >
						<Transform DEF="foot1_ifs_TRANSFORM"
						           translation="0.000000 0.000000 0.000000"
						           scale="1.000000 1.000000 1.000000"
						           rotation="0.000000 1.000000 0.000000 0.000000"
						           >
							<Group DEF="group_ME_foot1">
								<Shape>
									<Appearance>
										<Material USE="MA_Body" />
									</Appearance>
									<IndexedTriangleSet solid="false"
									                    normalPerVertex="true"
									                    index="0 1 2 0 2 3 4 5 6 4 6 7 8 9 10 8 10 11 12 13 14 12 14 15 4 16 17 4 17 15 18 5 14 18 14 19 "
									                    >
										<Coordinate point="-0.809949 -0.699369 -0.469022 -0.808437 -0.701964 -0.001283 -0.326849 0.626351 0.004532 -0.328361 0.628947 -0.463208 -0.328361 0.628947 -0.463208 -0.326849 0.626351 0.004532 0.652323 0.271369 -0.000602 0.650811 0.273965 -0.468342 0.650811 0.273965 -0.468342 0.652323 0.271369 -0.000602 0.170734 -1.056946 -0.006417 0.169223 -1.054351 -0.474157 0.169223 -1.054351 -0.474157 0.170734 -1.056946 -0.006417 -0.808437 -0.701964 -0.001283 -0.809949 -0.699369 -0.469022 0.650811 0.273965 -0.468342 0.169223 -1.054351 -0.474157 0.652323 0.271369 -0.000602 0.170734 -1.056946 -0.006417 " />
										<Normal vector="-0.741417 -0.342784 -0.576861 -0.737693 -0.349193 0.577807 -0.344096 0.736320 0.582537 -0.347850 0.742729 -0.572100 -0.347850 0.742729 -0.572100 -0.344096 0.736320 0.582537 0.741417 0.342784 0.576861 0.737693 0.349193 -0.577807 0.737693 0.349193 -0.577807 0.741417 0.342784 0.576861 0.347850 -0.742729 0.572100 0.344096 -0.736320 -0.582537 0.344096 -0.736320 -0.582537 0.347850 -0.742729 0.572100 -0.737693 -0.349193 0.577807 -0.741417 -0.342784 -0.576861 0.737693 0.349193 -0.577807 0.344096 -0.736320 -0.582537 0.741417 0.342784 0.576861 0.347850 -0.742729 0.572100 " />
										<TextureCoordinate point="0.0350 0.6818 0.3251 0.6818 0.3251 0.9719 0.0350 0.9719 0.0350 0.6818 0.3251 0.6818 0.3251 0.9719 0.0350 0.9719 0.0350 0.6818 0.3251 0.6818 0.3251 0.9719 0.0350 0.9719 0.0350 0.6818 0.3251 0.6818 0.3251 0.9719 0.0350 0.9719 0.3251 0.6818 0.3251 0.9719 0.0350 0.6818 0.0350 0.9719 " />
									</IndexedTriangleSet>
								</Shape>
							</Group>
						</Transform>
						<Transform DEF="Cube_034_TRANSFORM"
						           translation="-0.295025 -0.846678 -0.254309"
						           scale="1.000000 1.000000 1.000000"
						           rotation="0.000000 1.000000 0.000000 0.000000"
						           >
							<Transform DEF="Cube_034_ifs_TRANSFORM"
							           translation="0.000000 0.000000 0.000000"
							           scale="1.000000 1.000000 1.000000"
							           rotation="0.000000 1.000000 0.000000 0.000000"
							           >
								<Group DEF="group_ME_Cube_019">
									<Shape>
										<Appearance>
											<Material USE="MA_Body" />
										</Appearance>
										<IndexedTriangleSet solid="false"
										                    normalPerVertex="true"
										                    index="0 1 2 0 2 3 4 5 6 4 6 7 8 9 10 8 10 11 12 13 14 12 14 15 4 16 17 4 17 15 18 5 14 18 14 19 "
										                    >
											<Coordinate point="-0.371996 -0.527232 -0.214935 -0.374479 -0.538104 0.063165 -0.174610 0.056147 0.088181 -0.172127 0.067019 -0.189919 -0.172127 0.067019 -0.189919 -0.174610 0.056147 0.088181 0.173732 -0.060951 0.086713 0.176215 -0.050080 -0.191387 0.176215 -0.050080 -0.191387 0.173732 -0.060951 0.086713 -0.026136 -0.655202 0.061698 -0.023653 -0.644331 -0.216402 -0.023653 -0.644331 -0.216402 -0.026136 -0.655202 0.061698 -0.374479 -0.538104 0.063165 -0.371996 -0.527232 -0.214935 0.176215 -0.050080 -0.191387 -0.023653 -0.644331 -0.216402 0.173732 -0.060951 0.086713 -0.026136 -0.655202 0.061698 " />
											<Normal vector="-0.726005 -0.340251 -0.597583 -0.736290 -0.385357 0.556169 -0.368480 0.708182 0.602191 -0.358165 0.753288 -0.551561 -0.358165 0.753288 -0.551561 -0.368480 0.708182 0.602191 0.726005 0.340251 0.597583 0.736290 0.385357 -0.556169 0.736290 0.385357 -0.556169 0.726005 0.340251 0.597583 0.358165 -0.753288 0.551561 0.368480 -0.708182 -0.602191 0.368480 -0.708182 -0.602191 0.358165 -0.753288 0.551561 -0.736290 -0.385357 0.556169 -0.726005 -0.340251 -0.597583 0.736290 0.385357 -0.556169 0.368480 -0.708182 -0.602191 0.726005 0.340251 0.597583 0.358165 -0.753288 0.551561 " />
											<TextureCoordinate point="0.7146 0.7146 0.9740 0.7146 0.9740 0.9740 0.7146 0.9740 0.7146 0.7146 0.9740 0.7146 0.9740 0.9740 0.7146 0.9740 0.7146 0.7146 0.9740 0.7146 0.9740 0.9740 0.7146 0.9740 0.7146 0.7146 0.9740 0.7146 0.9740 0.9740 0.7146 0.9740 0.9740 0.7146 0.9740 0.9740 0.7146 0.7146 0.7146 0.9740 " />
										</IndexedTriangleSet>
									</Shape>
								</Group>
							</Transform>
							<Transform DEF="Cube_035_TRANSFORM"
							           translation="0.372644 -0.079362 0.000225"
							           scale="1.000000 1.000000 1.000000"
							           rotation="0.000000 1.000000 0.000000 0.000000"
							           >
								<Transform DEF="Cube_035_ifs_TRANSFORM"
								           translation="0.000000 0.000000 0.000000"
								           scale="1.000000 1.000000 1.000000"
								           rotation="0.000000 1.000000 0.000000 0.000000"
								           >
									<Group DEF="group_ME_Cube_020">
										<Shape>
											<Appearance>
												<Material USE="MA_Body" />
											</Appearance>
											<IndexedTriangleSet solid="false"
											                    normalPerVertex="true"
											                    index="0 1 2 0 2 3 4 5 6 4 6 7 8 9 10 8 10 11 12 13 14 12 14 15 4 16 17 4 17 15 18 5 14 18 14 19 "
											                    >
												<Coordinate point="-0.350660 -0.588377 -0.217134 -0.353143 -0.599249 0.060966 -0.177801 0.045868 0.087750 -0.175318 0.056739 -0.190350 -0.175318 0.056739 -0.190350 -0.177801 0.045868 0.087750 0.176839 -0.050498 0.087150 0.179322 -0.039627 -0.190950 0.179322 -0.039627 -0.190950 0.176839 -0.050498 0.087150 0.001497 -0.695615 0.060365 0.003980 -0.684743 -0.217735 0.003980 -0.684743 -0.217735 0.001497 -0.695615 0.060365 -0.353143 -0.599249 0.060966 -0.350660 -0.588377 -0.217134 0.179322 -0.039627 -0.190950 0.003980 -0.684743 -0.217735 0.176839 -0.050498 0.087150 0.001497 -0.695615 0.060365 " />
												<Normal vector="-0.703299 -0.382733 -0.599048 -0.713584 -0.427839 0.554704 -0.410962 0.685507 0.600940 -0.400678 0.730613 -0.552812 -0.400678 0.730613 -0.552812 -0.410962 0.685507 0.600940 0.703299 0.382733 0.599048 0.713584 0.427839 -0.554704 0.713584 0.427839 -0.554704 0.703299 0.382733 0.599048 0.400678 -0.730613 0.552812 0.410962 -0.685507 -0.600940 0.410962 -0.685507 -0.600940 0.400678 -0.730613 0.552812 -0.713584 -0.427839 0.554704 -0.703299 -0.382733 -0.599048 0.713584 0.427839 -0.554704 0.410962 -0.685507 -0.600940 0.703299 0.382733 0.599048 0.400678 -0.730613 0.552812 " />
												<TextureCoordinate point="0.7146 0.7146 0.9740 0.7146 0.9740 0.9740 0.7146 0.9740 0.7146 0.7146 0.9740 0.7146 0.9740 0.9740 0.7146 0.9740 0.7146 0.7146 0.9740 0.7146 0.9740 0.9740 0.7146 0.9740 0.7146 0.7146 0.9740 0.7146 0.9740 0.9740 0.7146 0.9740 0.9740 0.7146 0.9740 0.9740 0.7146 0.7146 0.7146 0.9740 " />
											</IndexedTriangleSet>
										</Shape>
									</Group>
								</Transform>
							</Transform>
							<Transform DEF="Cube_001_TRANSFORM"
							           translation="-0.318730 0.208135 0.005291"
							           scale="1.000000 1.000000 1.000000"
							           rotation="0.000000 1.000000 0.000000 0.000000"
							           >
								<Transform DEF="Cube_001_ifs_TRANSFORM"
								           translation="0.000000 0.000000 0.000000"
								           scale="1.000000 1.000000 1.000000"
								           rotation="0.000000 1.000000 0.000000 0.000000"
								           >
									<Group DEF="group_ME_Cube_041">
										<Shape>
											<Appearance>
												<Material USE="MA_Body" />
											</Appearance>
											<IndexedTriangleSet solid="false"
											                    normalPerVertex="true"
											                    index="0 1 2 0 2 3 4 5 6 4 6 7 8 9 10 8 10 11 12 13 14 12 14 15 4 16 17 4 17 15 18 5 14 18 14 19 "
											                    >
												<Coordinate point="-0.440301 -0.525362 -0.215471 -0.442784 -0.536233 0.062629 -0.167818 0.073144 0.088906 -0.165335 0.084016 -0.189194 -0.165335 0.084016 -0.189194 -0.167818 0.073144 0.088906 0.167196 -0.077897 0.085992 0.169679 -0.067025 -0.192108 0.169679 -0.067025 -0.192108 0.167196 -0.077897 0.085992 -0.107770 -0.687274 0.059715 -0.105287 -0.676403 -0.218385 -0.105287 -0.676403 -0.218385 -0.107770 -0.687274 0.059715 -0.442784 -0.536233 0.062629 -0.440301 -0.525362 -0.215471 0.169679 -0.067025 -0.192108 -0.105287 -0.676403 -0.218385 0.167196 -0.077897 0.085992 -0.107770 -0.687274 0.059715 " />
												<Normal vector="-0.758415 -0.265999 -0.594958 -0.768731 -0.311106 0.558763 -0.294168 0.740562 0.604114 -0.283883 0.785668 -0.549608 -0.283883 0.785668 -0.549608 -0.294168 0.740562 0.604114 0.758415 0.265999 0.594958 0.768731 0.311106 -0.558763 0.768731 0.311106 -0.558763 0.758415 0.265999 0.594958 0.283883 -0.785668 0.549608 0.294168 -0.740562 -0.604114 0.294168 -0.740562 -0.604114 0.283883 -0.785668 0.549608 -0.768731 -0.311106 0.558763 -0.758415 -0.265999 -0.594958 0.768731 0.311106 -0.558763 0.294168 -0.740562 -0.604114 0.758415 0.265999 0.594958 0.283883 -0.785668 0.549608 " />
												<TextureCoordinate point="0.7146 0.7146 0.9740 0.7146 0.9740 0.9740 0.7146 0.9740 0.7146 0.7146 0.9740 0.7146 0.9740 0.9740 0.7146 0.9740 0.7146 0.7146 0.9740 0.7146 0.9740 0.9740 0.7146 0.9740 0.7146 0.7146 0.9740 0.7146 0.9740 0.9740 0.7146 0.9740 0.9740 0.7146 0.9740 0.9740 0.7146 0.7146 0.7146 0.9740 " />
											</IndexedTriangleSet>
										</Shape>
									</Group>
								</Transform>
							</Transform>
						</Transform>
					</Transform>
				</Transform>
			</Transform>
			<Transform DEF="Cube_039_TRANSFORM"
			           translation="-0.897326 -1.419847 0.549463"
			           scale="1.000000 1.000000 1.000000"
			           rotation="0.000000 1.000000 0.000000 0.000000"
			           >
				<Transform DEF="Cube_039_ifs_TRANSFORM"
				           translation="0.000000 0.000000 0.000000"
				           scale="1.000000 1.000000 1.000000"
				           rotation="0.000000 1.000000 0.000000 0.000000"
				           >
					<Group DEF="group_ME_Cube_025">
						<Shape>
							<Appearance>
								<Material USE="MA_Body" />
							</Appearance>
							<IndexedTriangleSet solid="false"
							                    normalPerVertex="true"
							                    index="0 1 2 0 2 3 4 5 6 4 6 7 8 9 10 8 10 11 12 13 14 12 14 15 4 16 17 4 17 15 18 5 14 18 14 19 "
							                    >
								<Coordinate point="-0.088250 -0.783269 -0.247935 -0.047599 -0.580501 0.586109 -0.055660 0.101384 0.420725 -0.096311 -0.101384 -0.413318 -0.096311 -0.101384 -0.413318 -0.055660 0.101384 0.420725 0.096311 0.101384 0.413318 0.055660 -0.101384 -0.420725 0.055660 -0.101384 -0.420725 0.096311 0.101384 0.413318 0.104372 -0.580501 0.578702 0.063720 -0.783269 -0.255342 0.063720 -0.783269 -0.255342 0.104372 -0.580501 0.578702 -0.047599 -0.580501 0.586109 -0.088250 -0.783269 -0.247935 0.055660 -0.101384 -0.420725 0.063720 -0.783269 -0.255342 0.096311 0.101384 0.413318 0.104372 -0.580501 0.578702 " />
								<Normal vector="-0.597339 -0.697256 -0.396191 -0.542711 -0.424787 0.724540 -0.555956 0.697256 0.452406 -0.610584 0.424787 -0.668325 -0.610584 0.424787 -0.668325 -0.555956 0.697256 0.452406 0.597339 0.697256 0.396191 0.542711 0.424787 -0.724540 0.542711 0.424787 -0.724540 0.597339 0.697256 0.396191 0.610584 -0.424787 0.668325 0.555956 -0.697256 -0.452406 0.555956 -0.697256 -0.452406 0.610584 -0.424787 0.668325 -0.542711 -0.424787 0.724540 -0.597339 -0.697256 -0.396191 0.542711 0.424787 -0.724540 0.555956 -0.697256 -0.452406 0.597339 0.697256 0.396191 0.610584 -0.424787 0.668325 " />
								<TextureCoordinate point="0.7146 0.7146 0.9740 0.7146 0.9740 0.9740 0.7146 0.9740 0.7146 0.7146 0.9740 0.7146 0.9740 0.9740 0.7146 0.9740 0.7146 0.7146 0.9740 0.7146 0.9740 0.9740 0.7146 0.9740 0.7146 0.7146 0.9740 0.7146 0.9740 0.9740 0.7146 0.9740 0.9740 0.7146 0.9740 0.9740 0.7146 0.7146 0.7146 0.9740 " />
							</IndexedTriangleSet>
						</Shape>
					</Group>
				</Transform>
				<Transform DEF="Cube_040_TRANSFORM"
				           translation="0.008086 -0.616318 0.165904"
				           scale="1.000000 1.000000 1.000000"
				           rotation="0.000000 1.000000 0.000000 0.000000"
				           >
					<Transform DEF="Cube_040_ifs_TRANSFORM"
					           translation="0.000000 0.000000 0.000000"
					           scale="1.000000 1.000000 1.000000"
					           rotation="0.000000 1.000000 0.000000 0.000000"
					           >
						<Group DEF="group_ME_Cube_040">
							<Shape>
								<Appearance>
									<Material USE="MA_Body" />
								</Appearance>
								<IndexedTriangleSet solid="false"
								                    normalPerVertex="true"
								                    index="0 1 2 0 2 3 4 5 6 4 6 7 8 9 10 8 10 11 12 13 14 12 14 15 4 16 17 4 17 15 18 5 14 18 14 19 "
								                    >
									<Coordinate point="-0.031389 -0.934679 0.031445 -0.004446 -0.730919 0.584240 -0.027115 0.101546 0.278498 -0.054058 -0.102213 -0.274296 -0.054058 -0.102213 -0.274296 -0.027115 0.101546 0.278498 0.054058 0.102213 0.274296 0.027115 -0.101546 -0.278498 0.027115 -0.101546 -0.278498 0.054058 0.102213 0.274296 0.076728 -0.730252 0.580037 0.049785 -0.934012 0.027243 0.049785 -0.934012 0.027243 0.076728 -0.730252 0.580037 -0.004446 -0.730919 0.584240 -0.031389 -0.934679 0.031445 0.027115 -0.101546 -0.278498 0.049785 -0.934012 0.027243 0.054058 0.102213 0.274296 0.076728 -0.730252 0.580037 " />
									<Normal vector="-0.588153 -0.745964 -0.312326 -0.535417 -0.347026 0.769982 -0.564928 0.736503 0.372021 -0.617664 0.337565 -0.710257 -0.617664 0.337565 -0.710257 -0.564928 0.736503 0.372021 0.588153 0.745964 0.312326 0.535417 0.347026 -0.769982 0.535417 0.347026 -0.769982 0.588153 0.745964 0.312326 0.617664 -0.337565 0.710257 0.564928 -0.736503 -0.372021 0.564928 -0.736503 -0.372021 0.617664 -0.337565 0.710257 -0.535417 -0.347026 0.769982 -0.588153 -0.745964 -0.312326 0.535417 0.347026 -0.769982 0.564928 -0.736503 -0.372021 0.588153 0.745964 0.312326 0.617664 -0.337565 0.710257 " />
									<TextureCoordinate point="0.7146 0.7146 0.9740 0.7146 0.9740 0.9740 0.7146 0.9740 0.7146 0.7146 0.9740 0.7146 0.9740 0.9740 0.7146 0.9740 0.7146 0.7146 0.9740 0.7146 0.9740 0.9740 0.7146 0.9740 0.7146 0.7146 0.9740 0.7146 0.9740 0.9740 0.7146 0.9740 0.9740 0.7146 0.9740 0.9740 0.7146 0.7146 0.7146 0.9740 " />
								</IndexedTriangleSet>
							</Shape>
						</Group>
					</Transform>
				</Transform>
			</Transform>
			<Transform DEF="leg2_TRANSFORM"
			           translation="1.514410 0.414344 2.069168"
			           scale="1.000000 1.000000 1.000000"
			           rotation="0.000000 1.000000 0.000000 0.000000"
			           >
				<Transform DEF="leg2_ifs_TRANSFORM"
				           translation="0.000000 0.000000 0.000000"
				           scale="1.000000 1.000000 1.000000"
				           rotation="0.000000 1.000000 0.000000 0.000000"
				           >
					<Group DEF="group_ME_leg2">
						<Shape>
							<Appearance>
								<Material USE="MA_Body" />
							</Appearance>
							<IndexedTriangleSet solid="false"
							                    normalPerVertex="true"
							                    index="0 1 2 0 2 3 4 5 6 4 6 7 8 9 10 8 10 11 12 13 14 12 14 15 16 17 18 16 18 19 20 21 14 20 14 3 22 20 3 22 3 7 23 16 19 23 19 24 25 8 11 25 11 26 27 0 3 27 3 28 29 16 30 29 30 31 32 33 34 32 34 35 36 17 37 36 37 38 33 39 40 33 40 34 23 41 42 23 42 43 16 44 45 16 45 30 46 47 48 46 48 49 35 34 50 35 50 51 52 53 54 52 54 55 56 57 58 56 58 59 43 42 60 43 60 61 30 45 62 30 62 63 64 63 65 64 65 66 51 50 67 51 67 68 69 70 71 69 71 72 50 73 74 50 74 67 61 60 75 61 75 76 63 62 77 63 77 65 78 79 80 78 80 81 68 67 8 68 8 25 82 83 84 82 84 85 86 87 88 86 88 89 76 75 5 76 5 4 65 77 1 65 1 0 "
							                    >
								<Coordinate point="0.665547 -0.115644 -0.511964 0.477847 0.481802 -1.028724 0.316984 0.851455 -0.542924 0.504683 0.254010 -0.026164 0.477847 0.481802 -1.028724 -0.571694 0.101659 -1.087003 -0.732558 0.471312 -0.601203 0.316984 0.851455 -0.542924 -0.383995 -0.495787 -0.570243 -0.156120 -1.221109 0.057125 -0.316984 -0.851455 0.542924 -0.544858 -0.126133 -0.084443 -0.156120 -1.221109 0.057125 0.893422 -0.840966 0.115403 0.732558 -0.471312 0.601203 -0.316984 -0.851455 0.542924 1.068603 -1.041840 -1.729173 1.296478 -1.767162 -1.101806 0.246936 -2.147305 -1.160084 0.019061 -1.421983 -1.787451 -0.544858 -0.126133 -0.084443 -0.316984 -0.851455 0.542924 -0.732558 0.471312 -0.601203 0.880903 -0.444394 -2.245933 -0.168638 -0.824537 -2.304212 -0.571694 0.101659 -1.087003 -0.732558 0.471312 -0.601203 0.893422 -0.840966 0.115403 0.732558 -0.471312 0.601203 1.296478 -1.767162 -1.101806 0.991667 -0.865046 -1.496829 1.219542 -1.590368 -0.869462 -0.168638 -0.824537 -2.304212 0.019061 -1.421983 -1.787451 -0.057875 -1.245189 -1.555108 -0.245575 -0.647743 -2.071868 0.246936 -2.147305 -1.160084 1.219542 -1.590368 -0.869462 0.170000 -1.970511 -0.927741 0.246936 -2.147305 -1.160084 0.170000 -1.970511 -0.927741 -0.168638 -0.824537 -2.304212 -0.245575 -0.647743 -2.071868 0.803967 -0.267600 -2.013590 0.880903 -0.444394 -2.245933 0.803967 -0.267600 -2.013590 1.219542 -1.590368 -0.869462 0.991667 -0.865046 -1.496829 0.880528 -0.609656 -1.161196 1.108403 -1.334979 -0.533829 -0.169014 -0.989799 -1.219475 -0.356713 -0.392354 -1.736235 0.170000 -1.970511 -0.927741 1.219542 -1.590368 -0.869462 1.108403 -1.334979 -0.533829 0.058861 -1.715122 -0.592108 -0.057875 -1.245189 -1.555108 0.170000 -1.970511 -0.927741 0.058861 -1.715122 -0.592108 -0.169014 -0.989799 -1.219475 -0.356713 -0.392354 -1.736235 0.692828 -0.012211 -1.677956 0.692828 -0.012211 -1.677956 0.880528 -0.609656 -1.161196 1.108403 -1.334979 -0.533829 0.792544 -0.407476 -0.895490 1.020419 -1.132798 -0.268123 -0.256997 -0.787619 -0.953769 -0.444697 -0.190173 -1.470529 0.058861 -1.715122 -0.592108 1.108403 -1.334979 -0.533829 1.020419 -1.132798 -0.268123 -0.029122 -1.512941 -0.326402 0.058861 -1.715122 -0.592108 -0.029122 -1.512941 -0.326402 -0.444697 -0.190173 -1.470529 0.604845 0.189970 -1.412251 0.604845 0.189970 -1.412251 1.020419 -1.132798 -0.268123 0.792544 -0.407476 -0.895490 0.665547 -0.115644 -0.511964 0.893422 -0.840966 0.115403 -0.029122 -1.512941 -0.326402 1.020419 -1.132798 -0.268123 0.893422 -0.840966 0.115403 -0.156120 -1.221109 0.057125 -0.256997 -0.787619 -0.953769 -0.029122 -1.512941 -0.326402 -0.156120 -1.221109 0.057125 -0.383995 -0.495787 -0.570243 " />
								<Normal vector="0.938932 0.340068 0.052126 0.500443 0.760796 -0.413160 0.261483 0.959258 0.106906 0.483749 0.654500 0.581011 0.500443 0.760796 -0.413160 -0.827387 0.279824 -0.486892 -0.822687 0.566546 0.046724 0.261483 0.959258 0.106906 -0.938932 -0.340068 -0.052126 -0.500443 -0.760796 0.413160 -0.555742 -0.283090 0.781640 -0.844111 0.173559 0.507279 -0.500443 -0.760796 0.413160 0.827387 -0.279824 0.486892 0.528428 0.109561 0.841853 -0.555742 -0.283090 0.781640 0.844111 -0.173559 -0.507279 0.822687 -0.566546 -0.046724 -0.261483 -0.959258 -0.106906 -0.483749 -0.654500 -0.581011 -0.844111 0.173559 0.507279 -0.555742 -0.283090 0.781640 -0.822687 0.566546 0.046724 0.555742 0.283090 -0.781640 -0.528428 -0.109561 -0.841853 -0.827387 0.279824 -0.486892 -0.822687 0.566546 0.046724 0.827387 -0.279824 0.486892 0.528428 0.109561 0.841853 0.822687 -0.566546 -0.046724 0.938932 0.340068 0.052126 0.827387 -0.279824 0.486892 -0.528428 -0.109561 -0.841853 -0.483749 -0.654500 -0.581011 -0.938932 -0.340068 -0.052126 -0.827387 0.279824 -0.486892 -0.261483 -0.959258 -0.106906 0.827387 -0.279824 0.486892 -0.500443 -0.760796 0.413160 -0.261483 -0.959258 -0.106906 -0.500443 -0.760796 0.413160 -0.528428 -0.109561 -0.841853 -0.827387 0.279824 -0.486892 0.500443 0.760796 -0.413160 0.555742 0.283090 -0.781640 0.500443 0.760796 -0.413160 0.827387 -0.279824 0.486892 0.938932 0.340068 0.052126 0.938932 0.340068 0.052126 0.827387 -0.279824 0.486892 -0.938932 -0.340068 -0.052126 -0.827387 0.279824 -0.486892 -0.500443 -0.760796 0.413160 0.827387 -0.279824 0.486892 0.827387 -0.279824 0.486892 -0.500443 -0.760796 0.413160 -0.938932 -0.340068 -0.052126 -0.500443 -0.760796 0.413160 -0.500443 -0.760796 0.413160 -0.938932 -0.340068 -0.052126 -0.827387 0.279824 -0.486892 0.500443 0.760796 -0.413160 0.500443 0.760796 -0.413160 0.938932 0.340068 0.052126 0.827387 -0.279824 0.486892 0.938932 0.340068 0.052126 0.827387 -0.279824 0.486892 -0.938932 -0.340068 -0.052126 -0.827387 0.279824 -0.486892 -0.500443 -0.760796 0.413160 0.827387 -0.279824 0.486892 0.827387 -0.279824 0.486892 -0.500443 -0.760796 0.413160 -0.500443 -0.760796 0.413160 -0.500443 -0.760796 0.413160 -0.827387 0.279824 -0.486892 0.500443 0.760796 -0.413160 0.500443 0.760796 -0.413160 0.827387 -0.279824 0.486892 0.938932 0.340068 0.052126 0.938932 0.340068 0.052126 0.827387 -0.279824 0.486892 -0.500443 -0.760796 0.413160 0.827387 -0.279824 0.486892 0.827387 -0.279824 0.486892 -0.500443 -0.760796 0.413160 -0.938932 -0.340068 -0.052126 -0.500443 -0.760796 0.413160 -0.500443 -0.760796 0.413160 -0.938932 -0.340068 -0.052126 " />
								<TextureCoordinate point="0.3070 0.8269 0.3070 0.9719 0.3251 0.9719 0.3251 0.8269 0.3070 0.6818 0.3070 0.9719 0.3251 0.9719 0.3251 0.6818 0.3070 0.8269 0.3070 0.9719 0.3251 0.9719 0.3251 0.8269 0.3070 0.6818 0.3070 0.9719 0.3251 0.9719 0.3251 0.6818 0.0350 0.8269 0.0350 0.9719 0.3251 0.9719 0.3251 0.8269 0.0350 0.8269 0.0350 0.9719 0.0350 0.6818 0.0350 0.6818 0.3251 0.6818 0.3070 0.6818 0.3251 0.6818 0.3070 0.6818 0.3251 0.6818 0.0350 0.6818 0.1801 0.8269 0.1801 0.6818 0.0350 0.6818 0.0350 0.8269 0.1801 0.8269 0.1801 0.6818 0.0350 0.6818 0.1801 0.9719 0.1801 0.6818 0.0350 0.9719 0.1801 0.9719 0.0350 0.9719 0.1801 0.9719 0.1801 0.6818 0.0350 0.9719 0.1801 0.9719 0.3899 0.7098 0.3899 0.9718 0.6518 0.9718 0.6518 0.7098 0.2526 0.8269 0.2526 0.6818 0.3899 0.7098 0.3899 0.9718 0.6518 0.9718 0.6518 0.7098 0.3899 0.7098 0.3899 0.9718 0.6518 0.9718 0.6518 0.7098 0.2526 0.9719 0.2526 0.6818 0.2526 0.9719 0.2526 0.8269 0.2526 0.6818 0.2889 0.8269 0.2889 0.6818 0.2889 0.8269 0.2889 0.6818 0.2526 0.6818 0.2526 0.9719 0.2889 0.9719 0.2889 0.6818 0.2526 0.9719 0.2889 0.9719 0.2889 0.9719 0.2889 0.6818 0.2889 0.9719 0.3899 0.7098 0.3899 0.9718 0.6518 0.9718 0.6518 0.7098 0.3899 0.7098 0.3899 0.9718 0.6518 0.9718 0.6518 0.7098 0.3899 0.7098 0.3899 0.9718 0.6518 0.9718 0.6518 0.7098 " />
							</IndexedTriangleSet>
						</Shape>
					</Group>
				</Transform>
				<Transform DEF="leg2_1_TRANSFORM"
				           translation="0.591292 -1.544795 -1.027171"
				           scale="1.000000 1.000000 1.000000"
				           rotation="0.000000 1.000000 0.000000 0.000000"
				           >
					<Transform DEF="leg2_1_ifs_TRANSFORM"
					           translation="0.000000 0.000000 0.000000"
					           scale="1.000000 1.000000 1.000000"
					           rotation="0.000000 1.000000 0.000000 0.000000"
					           >
						<Group DEF="group_ME_leg2_1">
							<Shape>
								<Appearance>
									<Material USE="MA_Body" />
								</Appearance>
								<IndexedTriangleSet solid="false"
								                    normalPerVertex="true"
								                    index="0 1 2 0 2 3 4 5 6 4 6 7 8 9 10 8 10 11 12 13 14 12 14 15 4 13 16 4 16 17 18 19 14 18 14 7 "
								                    >
									<Coordinate point="0.404716 0.478347 -1.612325 0.068862 1.361879 -1.064307 0.269287 0.594480 0.295747 0.605141 -0.289052 -0.252272 0.068862 1.361879 -1.064307 -0.805566 1.056450 -1.107781 -0.605141 0.289052 0.252272 0.269287 0.594480 0.295747 -0.805566 1.056450 -1.107781 -0.469712 0.172919 -1.655800 -0.269287 -0.594480 -0.295747 -0.605141 0.289052 0.252272 -0.469712 0.172919 -1.655800 0.404716 0.478347 -1.612325 0.605141 -0.289052 -0.252272 -0.269287 -0.594480 -0.295747 -0.469712 0.172919 -1.655800 -0.805566 1.056450 -1.107781 -0.605141 0.289052 0.252272 -0.269287 -0.594480 -0.295747 " />
									<Normal vector="0.648427 0.004700 -0.761254 0.293466 0.938444 -0.182073 0.440474 0.375622 0.815394 0.795404 -0.558092 0.236213 0.293466 0.938444 -0.182073 -0.795404 0.558092 -0.236213 -0.648427 -0.004700 0.761254 0.440474 0.375622 0.815394 -0.795404 0.558092 -0.236213 -0.440474 -0.375622 -0.815394 -0.293466 -0.938444 0.182073 -0.648427 -0.004700 0.761254 -0.440474 -0.375622 -0.815394 0.648427 0.004700 -0.761254 0.795404 -0.558092 0.236213 -0.293466 -0.938444 0.182073 -0.440474 -0.375622 -0.815394 -0.795404 0.558092 -0.236213 -0.648427 -0.004700 0.761254 -0.293466 -0.938444 0.182073 " />
									<TextureCoordinate point="0.0350 0.6818 0.0350 0.9719 0.3251 0.9719 0.3251 0.6818 0.0350 0.6818 0.0350 0.9719 0.3251 0.9719 0.3251 0.6818 0.0350 0.6818 0.0350 0.9719 0.3251 0.9719 0.3251 0.6818 0.0350 0.6818 0.0350 0.9719 0.3251 0.9719 0.3251 0.6818 0.3251 0.9719 0.3251 0.6818 0.0350 0.6818 0.0350 0.9719 " />
								</IndexedTriangleSet>
							</Shape>
						</Group>
					</Transform>
					<Transform DEF="Cube_014_TRANSFORM"
					           translation="-0.222187 0.676378 -1.114576"
					           scale="1.000000 1.000000 1.000000"
					           rotation="0.000000 1.000000 0.000000 0.000000"
					           >
						<Transform DEF="Cube_014_ifs_TRANSFORM"
						           translation="0.000000 0.000000 0.000000"
						           scale="1.000000 1.000000 1.000000"
						           rotation="0.000000 1.000000 0.000000 0.000000"
						           >
							<Group DEF="group_ME_Cube_018">
								<Shape>
									<Appearance>
										<Material USE="MA_Body" />
									</Appearance>
									<IndexedTriangleSet solid="false"
									                    normalPerVertex="true"
									                    index="0 1 2 0 2 3 4 5 6 4 6 7 8 9 10 8 10 11 12 13 14 12 14 15 4 13 16 4 16 17 18 19 14 18 14 7 "
									                    >
										<Coordinate point="0.433138 -0.162091 -0.812072 0.105673 0.643724 -0.669176 0.142924 0.526796 0.075561 0.470388 -0.279019 -0.067335 0.105673 0.643724 -0.669176 -0.507639 0.395947 -0.677401 -0.470388 0.279019 0.067335 0.142924 0.526796 0.075561 -0.507639 0.395947 -0.677401 -0.180174 -0.409868 -0.820298 -0.142924 -0.526796 -0.075561 -0.470388 0.279019 0.067335 -0.180174 -0.409868 -0.820298 0.433138 -0.162091 -0.812072 0.470388 -0.279019 -0.067335 -0.142924 -0.526796 -0.075561 -0.180174 -0.409868 -0.820298 -0.507639 0.395947 -0.677401 -0.470388 0.279019 0.067335 -0.142924 -0.526796 -0.075561 " />
										<Normal vector="0.721244 -0.222083 -0.656056 0.292276 0.833461 -0.468886 0.349254 0.654592 0.670431 0.778222 -0.400983 0.483230 0.292276 0.833461 -0.468886 -0.778222 0.400983 -0.483230 -0.721244 0.222083 0.656056 0.349254 0.654592 0.670431 -0.778222 0.400983 -0.483230 -0.349254 -0.654592 -0.670431 -0.292276 -0.833461 0.468886 -0.721244 0.222083 0.656056 -0.349254 -0.654592 -0.670431 0.721244 -0.222083 -0.656056 0.778222 -0.400983 0.483230 -0.292276 -0.833461 0.468886 -0.349254 -0.654592 -0.670431 -0.778222 0.400983 -0.483230 -0.721244 0.222083 0.656056 -0.292276 -0.833461 0.468886 " />
										<TextureCoordinate point="0.0350 0.6818 0.0350 0.9719 0.3251 0.9719 0.3251 0.6818 0.0350 0.6818 0.0350 0.9719 0.3251 0.9719 0.3251 0.6818 0.0350 0.6818 0.0350 0.9719 0.3251 0.9719 0.3251 0.6818 0.0350 0.6818 0.0350 0.9719 0.3251 0.9719 0.3251 0.6818 0.3251 0.9719 0.3251 0.6818 0.0350 0.6818 0.0350 0.9719 " />
									</IndexedTriangleSet>
								</Shape>
							</Group>
						</Transform>
					</Transform>
					<Transform DEF="foot2_TRANSFORM"
					           translation="-0.281118 0.837798 -1.778573"
					           scale="1.000000 1.000000 1.000000"
					           rotation="0.000000 1.000000 0.000000 0.000000"
					           >
						<Transform DEF="foot2_ifs_TRANSFORM"
						           translation="0.000000 0.000000 0.000000"
						           scale="1.000000 1.000000 1.000000"
						           rotation="0.000000 1.000000 0.000000 0.000000"
						           >
							<Group DEF="group_ME_foot2">
								<Shape>
									<Appearance>
										<Material USE="MA_Body" />
									</Appearance>
									<IndexedTriangleSet solid="false"
									                    normalPerVertex="true"
									                    index="0 1 2 0 2 3 4 5 6 4 6 7 8 9 10 8 10 11 12 13 14 12 14 15 4 13 16 4 16 17 18 19 14 18 14 7 "
									                    >
										<Coordinate point="0.809949 -0.699369 -0.469022 0.328361 0.628947 -0.463208 0.326849 0.626351 0.004532 0.808437 -0.701964 -0.001283 0.328361 0.628947 -0.463208 -0.650811 0.273965 -0.468342 -0.652323 0.271369 -0.000602 0.326849 0.626351 0.004532 -0.650811 0.273965 -0.468342 -0.169223 -1.054351 -0.474157 -0.170734 -1.056946 -0.006417 -0.652323 0.271369 -0.000602 -0.169223 -1.054351 -0.474157 0.809949 -0.699369 -0.469022 0.808437 -0.701964 -0.001283 -0.170734 -1.056946 -0.006417 -0.169223 -1.054351 -0.474157 -0.650811 0.273965 -0.468342 -0.652323 0.271369 -0.000602 -0.170734 -1.056946 -0.006417 " />
										<Normal vector="0.741417 -0.342784 -0.576861 0.347850 0.742729 -0.572100 0.344096 0.736320 0.582537 0.737693 -0.349193 0.577807 0.347850 0.742729 -0.572100 -0.737693 0.349193 -0.577807 -0.741417 0.342784 0.576861 0.344096 0.736320 0.582537 -0.737693 0.349193 -0.577807 -0.344096 -0.736320 -0.582537 -0.347850 -0.742729 0.572100 -0.741417 0.342784 0.576861 -0.344096 -0.736320 -0.582537 0.741417 -0.342784 -0.576861 0.737693 -0.349193 0.577807 -0.347850 -0.742729 0.572100 -0.344096 -0.736320 -0.582537 -0.737693 0.349193 -0.577807 -0.741417 0.342784 0.576861 -0.347850 -0.742729 0.572100 " />
										<TextureCoordinate point="0.0350 0.6818 0.0350 0.9719 0.3251 0.9719 0.3251 0.6818 0.0350 0.6818 0.0350 0.9719 0.3251 0.9719 0.3251 0.6818 0.0350 0.6818 0.0350 0.9719 0.3251 0.9719 0.3251 0.6818 0.0350 0.6818 0.0350 0.9719 0.3251 0.9719 0.3251 0.6818 0.3251 0.9719 0.3251 0.6818 0.0350 0.6818 0.0350 0.9719 " />
									</IndexedTriangleSet>
								</Shape>
							</Group>
						</Transform>
						<Transform DEF="Cube_025_TRANSFORM"
						           translation="0.295025 -0.846678 -0.254309"
						           scale="1.000000 1.000000 1.000000"
						           rotation="0.000000 1.000000 0.000000 0.000000"
						           >
							<Transform DEF="Cube_025_ifs_TRANSFORM"
							           translation="0.000000 0.000000 0.000000"
							           scale="1.000000 1.000000 1.000000"
							           rotation="0.000000 1.000000 0.000000 0.000000"
							           >
								<Group DEF="group_ME_Cube_024">
									<Shape>
										<Appearance>
											<Material USE="MA_Body" />
										</Appearance>
										<IndexedTriangleSet solid="false"
										                    normalPerVertex="true"
										                    index="0 1 2 0 2 3 4 5 6 4 6 7 8 9 10 8 10 11 12 13 14 12 14 15 4 13 16 4 16 17 18 19 14 18 14 7 "
										                    >
											<Coordinate point="0.371996 -0.527232 -0.214935 0.172127 0.067019 -0.189919 0.174610 0.056147 0.088181 0.374479 -0.538104 0.063165 0.172127 0.067019 -0.189919 -0.176215 -0.050080 -0.191387 -0.173732 -0.060951 0.086713 0.174610 0.056147 0.088181 -0.176215 -0.050080 -0.191387 0.023653 -0.644331 -0.216402 0.026136 -0.655202 0.061698 -0.173732 -0.060951 0.086713 0.023653 -0.644331 -0.216402 0.371996 -0.527232 -0.214935 0.374479 -0.538104 0.063165 0.026136 -0.655202 0.061698 0.023653 -0.644331 -0.216402 -0.176215 -0.050080 -0.191387 -0.173732 -0.060951 0.086713 0.026136 -0.655202 0.061698 " />
											<Normal vector="0.726005 -0.340251 -0.597583 0.358165 0.753288 -0.551561 0.368480 0.708182 0.602191 0.736290 -0.385357 0.556169 0.358165 0.753288 -0.551561 -0.736290 0.385357 -0.556169 -0.726005 0.340251 0.597583 0.368480 0.708182 0.602191 -0.736290 0.385357 -0.556169 -0.368480 -0.708182 -0.602191 -0.358165 -0.753288 0.551561 -0.726005 0.340251 0.597583 -0.368480 -0.708182 -0.602191 0.726005 -0.340251 -0.597583 0.736290 -0.385357 0.556169 -0.358165 -0.753288 0.551561 -0.368480 -0.708182 -0.602191 -0.736290 0.385357 -0.556169 -0.726005 0.340251 0.597583 -0.358165 -0.753288 0.551561 " />
											<TextureCoordinate point="0.7146 0.7146 0.7146 0.9740 0.9740 0.9740 0.9740 0.7146 0.7146 0.7146 0.7146 0.9740 0.9740 0.9740 0.9740 0.7146 0.7146 0.7146 0.7146 0.9740 0.9740 0.9740 0.9740 0.7146 0.7146 0.7146 0.7146 0.9740 0.9740 0.9740 0.9740 0.7146 0.9740 0.9740 0.9740 0.7146 0.7146 0.7146 0.7146 0.9740 " />
										</IndexedTriangleSet>
									</Shape>
								</Group>
							</Transform>
							<Transform DEF="Cube_026_TRANSFORM"
							           translation="-0.372644 -0.079362 0.000225"
							           scale="1.000000 1.000000 1.000000"
							           rotation="0.000000 1.000000 0.000000 0.000000"
							           >
								<Transform DEF="Cube_026_ifs_TRANSFORM"
								           translation="0.000000 0.000000 0.000000"
								           scale="1.000000 1.000000 1.000000"
								           rotation="0.000000 1.000000 0.000000 0.000000"
								           >
									<Group DEF="group_ME_Cube_026">
										<Shape>
											<Appearance>
												<Material USE="MA_Body" />
											</Appearance>
											<IndexedTriangleSet solid="false"
											                    normalPerVertex="true"
											                    index="0 1 2 0 2 3 4 5 6 4 6 7 8 9 10 8 10 11 12 13 14 12 14 15 4 13 16 4 16 17 18 19 14 18 14 7 "
											                    >
												<Coordinate point="0.350660 -0.588377 -0.217134 0.175318 0.056739 -0.190350 0.177801 0.045868 0.087750 0.353143 -0.599249 0.060966 0.175318 0.056739 -0.190350 -0.179322 -0.039627 -0.190950 -0.176839 -0.050498 0.087150 0.177801 0.045868 0.087750 -0.179322 -0.039627 -0.190950 -0.003980 -0.684743 -0.217735 -0.001497 -0.695615 0.060365 -0.176839 -0.050498 0.087150 -0.003980 -0.684743 -0.217735 0.350660 -0.588377 -0.217134 0.353143 -0.599249 0.060966 -0.001497 -0.695615 0.060365 -0.003980 -0.684743 -0.217735 -0.179322 -0.039627 -0.190950 -0.176839 -0.050498 0.087150 -0.001497 -0.695615 0.060365 " />
												<Normal vector="0.703299 -0.382733 -0.599048 0.400678 0.730613 -0.552812 0.410962 0.685507 0.600940 0.713584 -0.427839 0.554704 0.400678 0.730613 -0.552812 -0.713584 0.427839 -0.554704 -0.703299 0.382733 0.599048 0.410962 0.685507 0.600940 -0.713584 0.427839 -0.554704 -0.410962 -0.685507 -0.600940 -0.400678 -0.730613 0.552812 -0.703299 0.382733 0.599048 -0.410962 -0.685507 -0.600940 0.703299 -0.382733 -0.599048 0.713584 -0.427839 0.554704 -0.400678 -0.730613 0.552812 -0.410962 -0.685507 -0.600940 -0.713584 0.427839 -0.554704 -0.703299 0.382733 0.599048 -0.400678 -0.730613 0.552812 " />
												<TextureCoordinate point="0.7146 0.7146 0.7146 0.9740 0.9740 0.9740 0.9740 0.7146 0.7146 0.7146 0.7146 0.9740 0.9740 0.9740 0.9740 0.7146 0.7146 0.7146 0.7146 0.9740 0.9740 0.9740 0.9740 0.7146 0.7146 0.7146 0.7146 0.9740 0.9740 0.9740 0.9740 0.7146 0.9740 0.9740 0.9740 0.7146 0.7146 0.7146 0.7146 0.9740 " />
											</IndexedTriangleSet>
										</Shape>
									</Group>
								</Transform>
							</Transform>
							<Transform DEF="Cube_043_TRANSFORM"
							           translation="0.318730 0.208135 0.005291"
							           scale="1.000000 1.000000 1.000000"
							           rotation="0.000000 1.000000 0.000000 0.000000"
							           >
								<Transform DEF="Cube_043_ifs_TRANSFORM"
								           translation="0.000000 0.000000 0.000000"
								           scale="1.000000 1.000000 1.000000"
								           rotation="0.000000 1.000000 0.000000 0.000000"
								           >
									<Group DEF="group_ME_Cube_042">
										<Shape>
											<Appearance>
												<Material USE="MA_Body" />
											</Appearance>
											<IndexedTriangleSet solid="false"
											                    normalPerVertex="true"
											                    index="0 1 2 0 2 3 4 5 6 4 6 7 8 9 10 8 10 11 12 13 14 12 14 15 4 13 16 4 16 17 18 19 14 18 14 7 "
											                    >
												<Coordinate point="0.440301 -0.525362 -0.215471 0.165335 0.084016 -0.189194 0.167818 0.073144 0.088906 0.442784 -0.536233 0.062629 0.165335 0.084016 -0.189194 -0.169679 -0.067025 -0.192108 -0.167196 -0.077897 0.085992 0.167818 0.073144 0.088906 -0.169679 -0.067025 -0.192108 0.105287 -0.676403 -0.218385 0.107770 -0.687274 0.059715 -0.167196 -0.077897 0.085992 0.105287 -0.676403 -0.218385 0.440301 -0.525362 -0.215471 0.442784 -0.536233 0.062629 0.107770 -0.687274 0.059715 0.105287 -0.676403 -0.218385 -0.169679 -0.067025 -0.192108 -0.167196 -0.077897 0.085992 0.107770 -0.687274 0.059715 " />
												<Normal vector="0.758415 -0.265999 -0.594958 0.283883 0.785668 -0.549608 0.294168 0.740562 0.604114 0.768731 -0.311106 0.558763 0.283883 0.785668 -0.549608 -0.768731 0.311106 -0.558763 -0.758415 0.265999 0.594958 0.294168 0.740562 0.604114 -0.768731 0.311106 -0.558763 -0.294168 -0.740562 -0.604114 -0.283883 -0.785668 0.549608 -0.758415 0.265999 0.594958 -0.294168 -0.740562 -0.604114 0.758415 -0.265999 -0.594958 0.768731 -0.311106 0.558763 -0.283883 -0.785668 0.549608 -0.294168 -0.740562 -0.604114 -0.768731 0.311106 -0.558763 -0.758415 0.265999 0.594958 -0.283883 -0.785668 0.549608 " />
												<TextureCoordinate point="0.7146 0.7146 0.7146 0.9740 0.9740 0.9740 0.9740 0.7146 0.7146 0.7146 0.7146 0.9740 0.9740 0.9740 0.9740 0.7146 0.7146 0.7146 0.7146 0.9740 0.9740 0.9740 0.9740 0.7146 0.7146 0.7146 0.7146 0.9740 0.9740 0.9740 0.9740 0.7146 0.9740 0.9740 0.9740 0.7146 0.7146 0.7146 0.7146 0.9740 " />
											</IndexedTriangleSet>
										</Shape>
									</Group>
								</Transform>
							</Transform>
						</Transform>
					</Transform>
				</Transform>
			</Transform>
			<Transform DEF="Cube_041_TRANSFORM"
			           translation="0.897326 -1.419847 0.549463"
			           scale="1.000000 1.000000 1.000000"
			           rotation="0.000000 1.000000 0.000000 0.000000"
			           >
				<Transform DEF="Cube_041_ifs_TRANSFORM"
				           translation="0.000000 0.000000 0.000000"
				           scale="1.000000 1.000000 1.000000"
				           rotation="0.000000 1.000000 0.000000 0.000000"
				           >
					<Group DEF="group_ME_Cube_035">
						<Shape>
							<Appearance>
								<Material USE="MA_Body" />
							</Appearance>
							<IndexedTriangleSet solid="false"
							                    normalPerVertex="true"
							                    index="0 1 2 0 2 3 4 5 6 4 6 7 8 9 10 8 10 11 12 13 14 12 14 15 4 13 16 4 16 17 18 19 14 18 14 7 "
							                    >
								<Coordinate point="0.088250 -0.783269 -0.247935 0.096311 -0.101384 -0.413318 0.055660 0.101384 0.420725 0.047599 -0.580501 0.586109 0.096311 -0.101384 -0.413318 -0.055660 -0.101384 -0.420725 -0.096311 0.101384 0.413318 0.055660 0.101384 0.420725 -0.055660 -0.101384 -0.420725 -0.063720 -0.783269 -0.255342 -0.104372 -0.580501 0.578702 -0.096311 0.101384 0.413318 -0.063720 -0.783269 -0.255342 0.088250 -0.783269 -0.247935 0.047599 -0.580501 0.586109 -0.104372 -0.580501 0.578702 -0.063720 -0.783269 -0.255342 -0.055660 -0.101384 -0.420725 -0.096311 0.101384 0.413318 -0.104372 -0.580501 0.578702 " />
								<Normal vector="0.597339 -0.697256 -0.396191 0.610584 0.424787 -0.668325 0.555956 0.697256 0.452406 0.542711 -0.424787 0.724540 0.610584 0.424787 -0.668325 -0.542711 0.424787 -0.724540 -0.597339 0.697256 0.396191 0.555956 0.697256 0.452406 -0.542711 0.424787 -0.724540 -0.555956 -0.697256 -0.452406 -0.610584 -0.424787 0.668325 -0.597339 0.697256 0.396191 -0.555956 -0.697256 -0.452406 0.597339 -0.697256 -0.396191 0.542711 -0.424787 0.724540 -0.610584 -0.424787 0.668325 -0.555956 -0.697256 -0.452406 -0.542711 0.424787 -0.724540 -0.597339 0.697256 0.396191 -0.610584 -0.424787 0.668325 " />
								<TextureCoordinate point="0.7146 0.7146 0.7146 0.9740 0.9740 0.9740 0.9740 0.7146 0.7146 0.7146 0.7146 0.9740 0.9740 0.9740 0.9740 0.7146 0.7146 0.7146 0.7146 0.9740 0.9740 0.9740 0.9740 0.7146 0.7146 0.7146 0.7146 0.9740 0.9740 0.9740 0.9740 0.7146 0.9740 0.9740 0.9740 0.7146 0.7146 0.7146 0.7146 0.9740 " />
							</IndexedTriangleSet>
						</Shape>
					</Group>
				</Transform>
				<Transform DEF="Cube_042_TRANSFORM"
				           translation="-0.008086 -0.616318 0.165904"
				           scale="1.000000 1.000000 1.000000"
				           rotation="0.000000 1.000000 0.000000 0.000000"
				           >
					<Transform DEF="Cube_042_ifs_TRANSFORM"
					           translation="0.000000 0.000000 0.000000"
					           scale="1.000000 1.000000 1.000000"
					           rotation="0.000000 1.000000 0.000000 0.000000"
					           >
						<Group DEF="group_ME_Cube_037">
							<Shape>
								<Appearance>
									<Material USE="MA_Body" />
								</Appearance>
								<IndexedTriangleSet solid="false"
								                    normalPerVertex="true"
								                    index="0 1 2 0 2 3 4 5 6 4 6 7 8 9 10 8 10 11 12 13 14 12 14 15 4 13 16 4 16 17 18 19 14 18 14 7 "
								                    >
									<Coordinate point="0.031389 -0.934679 0.031445 0.054058 -0.102213 -0.274296 0.027115 0.101546 0.278498 0.004446 -0.730919 0.584240 0.054058 -0.102213 -0.274296 -0.027115 -0.101546 -0.278498 -0.054058 0.102213 0.274296 0.027115 0.101546 0.278498 -0.027115 -0.101546 -0.278498 -0.049785 -0.934012 0.027243 -0.076728 -0.730252 0.580037 -0.054058 0.102213 0.274296 -0.049785 -0.934012 0.027243 0.031389 -0.934679 0.031445 0.004446 -0.730919 0.584240 -0.076728 -0.730252 0.580037 -0.049785 -0.934012 0.027243 -0.027115 -0.101546 -0.278498 -0.054058 0.102213 0.274296 -0.076728 -0.730252 0.580037 " />
									<Normal vector="0.588153 -0.745964 -0.312326 0.617664 0.337565 -0.710257 0.564928 0.736503 0.372021 0.535417 -0.347026 0.769982 0.617664 0.337565 -0.710257 -0.535417 0.347026 -0.769982 -0.588153 0.745964 0.312326 0.564928 0.736503 0.372021 -0.535417 0.347026 -0.769982 -0.564928 -0.736503 -0.372021 -0.617664 -0.337565 0.710257 -0.588153 0.745964 0.312326 -0.564928 -0.736503 -0.372021 0.588153 -0.745964 -0.312326 0.535417 -0.347026 0.769982 -0.617664 -0.337565 0.710257 -0.564928 -0.736503 -0.372021 -0.535417 0.347026 -0.769982 -0.588153 0.745964 0.312326 -0.617664 -0.337565 0.710257 " />
									<TextureCoordinate point="0.7146 0.7146 0.7146 0.9740 0.9740 0.9740 0.9740 0.7146 0.7146 0.7146 0.7146 0.9740 0.9740 0.9740 0.9740 0.7146 0.7146 0.7146 0.7146 0.9740 0.9740 0.9740 0.9740 0.7146 0.7146 0.7146 0.7146 0.9740 0.9740 0.9740 0.9740 0.7146 0.9740 0.9740 0.9740 0.7146 0.7146 0.7146 0.7146 0.9740 " />
								</IndexedTriangleSet>
							</Shape>
						</Group>
					</Transform>
				</Transform>
			</Transform>
		</Transform>
	</Scene>
</X3D>