<?xml version="1.0" encoding="UTF-8"?>
<!DOCTYPE X3D PUBLIC "ISO//Web3D//DTD X3D 3.0//EN" "http://www.web3d.org/specifications/x3d-3.0.dtd">
<X3D version="3.0" profile="Immersive" xmlns:xsd="http://www.w3.org/2001/XMLSchema-instance" xsd:noNamespaceSchemaLocation="http://www.web3d.org/specifications/x3d-3.0.xsd">
	<head>
		<meta name="filename" content="farfetch'd.x3d" />
		<meta name="generator" content="Blender 2.93.18" />
	</head>
	<Scene>
		<NavigationInfo headlight="true"
		                visibilityLimit="0.0"
		                type='"EXAMINE", "ANY"'
		                avatarSize="0.25, 1.75, 0.75"
		                />
		<Background DEF="WO_World"
		            groundColor="0.051 0.051 0.051"
		            skyColor="0.051 0.051 0.051"
		            />
		<Transform DEF="body_TRANSFORM"
		           translation="0.000000 0.231270 0.355799"
		           scale="1.000000 1.000000 1.000000"
		           rotation="0.000000 0.000000 1.000000 3.141593"
		           >
			<Transform DEF="body_ifs_TRANSFORM"
			           translation="0.000000 0.000000 0.000000"
			           scale="1.000000 1.000000 1.000000"
			           rotation="0.000000 1.000000 0.000000 0.000000"
			           >
				<Group DEF="group_ME_body">
					<Shape>
						<Appearance>
							<Material DEF="MA_Body"
							          diffuseColor="0.800 0.800 0.800"
							          specularColor="0.401 0.401 0.401"
							          emissiveColor="0.000 0.000 0.000"
							          ambientIntensity="0.000"
							          shininess="0.500"
							          transparency="0.0"
							          />
						</Appearance>
						<IndexedTriangleSet solid="false"
						                    normalPerVertex="true"
						                    index="0 1 2 0 2 3 4 5 6 4 6 7 8 9 10 8 10 11 12 13 14 12 14 15 16 17 18 16 18 19 20 5 14 20 14 21 22 23 24 22 24 19 25 26 27 25 27 28 16 29 30 16 30 31 32 33 34 32 34 35 "
						                    >
							<Coordinate point="-0.643063 -0.378820 0.576774 -0.643063 -0.153731 1.379390 -0.643063 0.848584 1.098296 -0.643063 0.623495 0.295680 -0.643063 0.623495 0.295680 -0.643063 0.848584 1.098296 0.643063 0.848584 1.098296 0.643063 0.623495 0.295680 0.643063 0.623495 0.295680 0.643063 0.848584 1.098296 0.643063 -0.153731 1.379390 0.643063 -0.378820 0.576774 0.643063 -0.378820 0.576774 0.643063 -0.153731 1.379390 -0.643063 -0.153731 1.379390 -0.643063 -0.378820 0.576774 -0.643063 0.501157 -0.140547 0.643063 0.501157 -0.140547 0.643063 -0.501157 0.140547 -0.643063 -0.501157 0.140547 0.643063 0.848584 1.098296 0.643063 -0.153731 1.379390 0.643063 -0.501157 0.140547 0.643063 -0.378820 0.576774 -0.643063 -0.378820 0.576774 0.643063 0.501157 -0.140547 0.643063 0.623495 0.295680 0.643063 -0.378820 0.576774 0.643063 -0.501157 0.140547 -0.643063 0.623495 0.295680 0.643063 0.623495 0.295680 0.643063 0.501157 -0.140547 -0.643063 -0.501157 0.140547 -0.643063 -0.378820 0.576774 -0.643063 0.623495 0.295680 -0.643063 0.501157 -0.140547 " />
							<Normal vector="-0.707083 -0.680837 0.190924 -0.577349 -0.399976 0.711783 -0.577349 0.711783 0.399976 -0.707083 0.680837 -0.190924 -0.707083 0.680837 -0.190924 -0.577349 0.711783 0.399976 0.577349 0.711783 0.399976 0.707083 0.680837 -0.190924 0.707083 0.680837 -0.190924 0.577349 0.711783 0.399976 0.577349 -0.399976 0.711783 0.707083 -0.680837 0.190924 0.707083 -0.680837 0.190924 0.577349 -0.399976 0.711783 -0.577349 -0.399976 0.711783 -0.707083 -0.680837 0.190924 -0.577349 0.399976 -0.711783 0.577349 0.399976 -0.711783 0.577349 -0.711783 -0.399976 -0.577349 -0.711783 -0.399976 0.577349 0.711783 0.399976 0.577349 -0.399976 0.711783 0.577349 -0.711783 -0.399976 0.707083 -0.680837 0.190924 -0.707083 -0.680837 0.190924 0.577349 0.399976 -0.711783 0.707083 0.680837 -0.190924 0.707083 -0.680837 0.190924 0.577349 -0.711783 -0.399976 -0.707083 0.680837 -0.190924 0.707083 0.680837 -0.190924 0.577349 0.399976 -0.711783 -0.577349 -0.711783 -0.399976 -0.707083 -0.680837 0.190924 -0.707083 0.680837 -0.190924 -0.577349 0.399976 -0.711783 " />
							<TextureCoordinate point="0.2543 0.7726 0.4613 0.7726 0.4613 0.9764 0.2543 0.9764 0.2543 0.7726 0.4613 0.7726 0.4613 0.9764 0.2543 0.9764 0.2543 0.7726 0.4613 0.7726 0.4613 0.9764 0.2543 0.9764 0.2543 0.7726 0.4613 0.7726 0.4613 0.9764 0.2543 0.9764 0.5351 0.7850 0.9087 0.7850 0.9087 0.9689 0.5351 0.9689 0.0473 0.7726 0.0473 0.9764 0.5351 0.7850 0.7219 0.7850 0.7219 0.9689 0.5351 0.7850 0.7219 0.7850 0.7219 0.9689 0.5351 0.9689 0.7219 0.7850 0.7219 0.9689 0.5351 0.9689 0.5351 0.7850 0.7219 0.7850 0.7219 0.9689 0.5351 0.9689 " />
						</IndexedTriangleSet>
					</Shape>
				</Group>
			</Transform>
			<Transform DEF="Cube_001_TRANSFORM"
			           translation="0.000000 0.527292 0.439544"
			           scale="1.000000 1.000000 1.000000"
			           rotation="0.000000 1.000000 0.000000 0.000000"
			           >
				<Transform DEF="Cube_001_ifs_TRANSFORM"
				           translation="0.000000 0.000000 0.000000"
				           scale="1.000000 1.000000 1.000000"
				           rotation="0.000000 1.000000 0.000000 0.000000"
				           >
					<Group DEF="group_ME_Cube_008">
						<Shape>
							<Appearance>
								<Material USE="MA_Body" />
							</Appearance>
							<IndexedTriangleSet solid="false"
							                    normalPerVertex="true"
							                    index="0 1 2 0 2 3 4 5 6 4 6 7 8 9 10 8 10 11 12 13 14 12 14 15 16 17 18 16 18 15 19 20 14 19 14 21 22 5 1 22 1 23 4 24 25 4 25 0 26 27 28 26 28 29 30 31 20 30 20 16 "
							                    >
								<Coordinate point="-0.415435 -0.016075 -0.154496 -0.415435 0.547317 -0.213115 -0.415435 0.523767 -0.439457 -0.415435 -0.039625 -0.380838 -0.415435 -0.039625 -0.380838 -0.415435 0.523767 -0.439457 0.415435 0.523767 -0.439457 0.415435 -0.039625 -0.380838 0.415435 -0.016075 -0.154496 0.415435 0.547317 -0.213115 0.415435 0.603017 0.322218 0.415435 0.039625 0.380838 0.415435 0.039625 0.380838 0.415435 0.603017 0.322218 -0.415435 0.603017 0.322218 -0.415435 0.039625 0.380838 -0.415435 -0.016075 -0.154496 0.415435 -0.016075 -0.154496 0.415435 0.039625 0.380838 0.415435 0.547317 -0.213115 -0.415435 0.547317 -0.213115 0.415435 0.603017 0.322218 0.415435 0.523767 -0.439457 0.415435 0.547317 -0.213115 0.415435 -0.039625 -0.380838 0.415435 -0.016075 -0.154496 0.415435 -0.039625 -0.380838 0.415435 0.523767 -0.439457 0.415435 0.547317 -0.213115 0.415435 -0.016075 -0.154496 -0.415435 0.039625 0.380838 -0.415435 0.603017 0.322218 " />
								<Normal vector="-0.707083 -0.703299 0.073153 -0.707083 0.703299 -0.073153 -0.577349 0.514481 -0.633992 -0.577349 -0.633992 -0.514481 -0.577349 -0.633992 -0.514481 -0.577349 0.514481 -0.633992 0.577349 0.514481 -0.633992 0.577349 -0.633992 -0.514481 0.707083 -0.703299 0.073153 0.707083 0.703299 -0.073153 0.577349 0.633992 0.514481 0.577349 -0.514481 0.633992 0.577349 -0.514481 0.633992 0.577349 0.633992 0.514481 -0.577349 0.633992 0.514481 -0.577349 -0.514481 0.633992 -0.707083 -0.703299 0.073153 0.707083 -0.703299 0.073153 0.577349 -0.514481 0.633992 0.707083 0.703299 -0.073153 -0.707083 0.703299 -0.073153 0.577349 0.633992 0.514481 0.577349 0.514481 -0.633992 0.707083 0.703299 -0.073153 0.577349 -0.633992 -0.514481 0.707083 -0.703299 0.073153 0.577349 -0.633992 -0.514481 0.577349 0.514481 -0.633992 0.707083 0.703299 -0.073153 0.707083 -0.703299 0.073153 -0.577349 -0.514481 0.633992 -0.577349 0.633992 0.514481 " />
								<TextureCoordinate point="0.5890 0.8794 0.9335 0.8794 0.9335 0.9642 0.5890 0.9642 0.5890 0.7946 0.9335 0.7946 0.9335 0.9642 0.5890 0.9642 0.0473 0.8745 0.4613 0.8745 0.4613 0.9764 0.0473 0.9764 0.0473 0.7726 0.4613 0.7726 0.4613 0.9764 0.0473 0.9764 0.0473 0.8745 0.4613 0.8745 0.4613 0.9764 0.0473 0.8745 0.4613 0.8745 0.0473 0.9764 0.5890 0.7946 0.5890 0.8794 0.9335 0.7946 0.9335 0.8794 0.5890 0.7946 0.9335 0.7946 0.9335 0.8794 0.5890 0.8794 0.0473 0.7726 0.4613 0.7726 " />
							</IndexedTriangleSet>
						</Shape>
					</Group>
				</Transform>
				<Transform DEF="Cube_002_TRANSFORM"
				           translation="0.000000 0.423650 -0.088182"
				           scale="1.000000 1.000000 1.000000"
				           rotation="0.000000 1.000000 0.000000 0.000000"
				           >
					<Transform DEF="Cube_002_ifs_TRANSFORM"
					           translation="0.000000 0.000000 0.000000"
					           scale="1.000000 1.000000 1.000000"
					           rotation="0.000000 1.000000 0.000000 0.000000"
					           >
						<Group DEF="group_ME_Cube_012">
							<Shape>
								<Appearance>
									<Material USE="MA_Body" />
								</Appearance>
								<IndexedTriangleSet solid="false"
								                    normalPerVertex="true"
								                    index="0 1 2 0 2 3 4 5 6 4 6 7 8 9 10 8 10 11 12 13 14 12 14 15 4 16 17 4 17 15 18 5 14 18 14 19 "
								                    >
									<Coordinate point="-0.175688 -0.061472 0.156252 -0.175688 0.372336 0.326920 -0.175688 0.495281 0.014416 -0.175688 0.061472 -0.156252 -0.175688 0.061472 -0.156252 -0.175688 0.495281 0.014416 0.175688 0.495281 0.014416 0.175688 0.061472 -0.156252 0.175688 0.061472 -0.156252 0.175688 0.495281 0.014416 0.175688 0.372336 0.326920 0.175688 -0.061472 0.156252 0.175688 -0.061472 0.156252 0.175688 0.372336 0.326920 -0.175688 0.372336 0.326920 -0.175688 -0.061472 0.156252 0.175688 0.061472 -0.156252 0.175688 -0.061472 0.156252 0.175688 0.495281 0.014416 0.175688 0.372336 0.326920 " />
									<Normal vector="-0.577349 -0.748619 0.325877 -0.577349 0.325877 0.748619 -0.577349 0.748619 -0.325877 -0.577349 -0.325877 -0.748619 -0.577349 -0.325877 -0.748619 -0.577349 0.748619 -0.325877 0.577349 0.748619 -0.325877 0.577349 -0.325877 -0.748619 0.577349 -0.325877 -0.748619 0.577349 0.748619 -0.325877 0.577349 0.325877 0.748619 0.577349 -0.748619 0.325877 0.577349 -0.748619 0.325877 0.577349 0.325877 0.748619 -0.577349 0.325877 0.748619 -0.577349 -0.748619 0.325877 0.577349 -0.325877 -0.748619 0.577349 -0.748619 0.325877 0.577349 0.748619 -0.325877 0.577349 0.325877 0.748619 " />
									<TextureCoordinate point="0.0473 0.7726 0.4613 0.7726 0.4613 0.9764 0.0473 0.9764 0.0473 0.7726 0.4613 0.7726 0.4613 0.9764 0.0473 0.9764 0.0473 0.7726 0.4613 0.7726 0.4613 0.9764 0.0473 0.9764 0.0473 0.7726 0.4613 0.7726 0.4613 0.9764 0.0473 0.9764 0.4613 0.7726 0.4613 0.9764 0.0473 0.7726 0.0473 0.9764 " />
								</IndexedTriangleSet>
							</Shape>
						</Group>
					</Transform>
					<Transform DEF="Cube_003_TRANSFORM"
					           translation="0.000000 0.400329 0.138489"
					           scale="1.000000 1.000000 1.000000"
					           rotation="0.000000 1.000000 0.000000 0.000000"
					           >
						<Transform DEF="Cube_003_ifs_TRANSFORM"
						           translation="0.000000 0.000000 0.000000"
						           scale="1.000000 1.000000 1.000000"
						           rotation="0.000000 1.000000 0.000000 0.000000"
						           >
							<Group DEF="group_ME_Cube_013">
								<Shape>
									<Appearance>
										<Material USE="MA_Body" />
									</Appearance>
									<IndexedTriangleSet solid="false"
									                    normalPerVertex="true"
									                    index="0 1 2 0 2 3 4 5 6 4 6 7 8 9 10 8 10 11 12 13 14 12 14 15 4 16 17 4 17 15 18 5 14 18 14 19 "
									                    >
										<Coordinate point="-0.103001 -0.049146 0.085295 -0.103001 0.294357 0.283219 -0.103001 0.392650 0.112629 -0.103001 0.049146 -0.085295 -0.103001 0.049146 -0.085295 -0.103001 0.392650 0.112629 0.103001 0.392650 0.112629 0.103001 0.049146 -0.085295 0.103001 0.049146 -0.085295 0.103001 0.392650 0.112629 0.103001 0.294357 0.283219 0.103001 -0.049146 0.085295 0.103001 -0.049146 0.085295 0.103001 0.294357 0.283219 -0.103001 0.294357 0.283219 -0.103001 -0.049146 0.085295 0.103001 0.049146 -0.085295 0.103001 -0.049146 0.085295 0.103001 0.392650 0.112629 0.103001 0.294357 0.283219 " />
										<Normal vector="-0.577349 -0.788476 0.211982 -0.577349 0.211982 0.788476 -0.577349 0.788476 -0.211982 -0.577349 -0.211982 -0.788476 -0.577349 -0.211982 -0.788476 -0.577349 0.788476 -0.211982 0.577349 0.788476 -0.211982 0.577349 -0.211982 -0.788476 0.577349 -0.211982 -0.788476 0.577349 0.788476 -0.211982 0.577349 0.211982 0.788476 0.577349 -0.788476 0.211982 0.577349 -0.788476 0.211982 0.577349 0.211982 0.788476 -0.577349 0.211982 0.788476 -0.577349 -0.788476 0.211982 0.577349 -0.211982 -0.788476 0.577349 -0.788476 0.211982 0.577349 0.788476 -0.211982 0.577349 0.211982 0.788476 " />
										<TextureCoordinate point="0.0473 0.7726 0.4613 0.7726 0.4613 0.9764 0.0473 0.9764 0.0473 0.7726 0.4613 0.7726 0.4613 0.9764 0.0473 0.9764 0.0473 0.7726 0.4613 0.7726 0.4613 0.9764 0.0473 0.9764 0.0473 0.7726 0.4613 0.7726 0.4613 0.9764 0.0473 0.9764 0.4613 0.7726 0.4613 0.9764 0.0473 0.7726 0.0473 0.9764 " />
									</IndexedTriangleSet>
								</Shape>
							</Group>
						</Transform>
					</Transform>
				</Transform>
			</Transform>
			<Transform DEF="Cube_004_TRANSFORM"
			           translation="0.000000 -0.060963 0.334736"
			           scale="1.000000 1.000000 1.000000"
			           rotation="0.000000 1.000000 0.000000 0.000000"
			           >
				<Transform DEF="Cube_004_ifs_TRANSFORM"
				           translation="0.000000 0.000000 0.000000"
				           scale="1.000000 1.000000 1.000000"
				           rotation="0.000000 1.000000 0.000000 0.000000"
				           >
					<Group DEF="group_ME_Cube_014">
						<Shape>
							<Appearance>
								<Material USE="MA_Body" />
							</Appearance>
							<IndexedTriangleSet solid="false"
							                    normalPerVertex="true"
							                    index="0 1 2 0 2 3 4 5 6 4 6 7 8 9 10 8 10 11 12 13 14 12 14 15 16 17 18 16 18 15 19 20 14 19 14 21 22 5 1 22 1 23 4 24 25 4 25 0 26 27 28 26 28 29 30 31 20 30 20 16 "
							                    >
								<Coordinate point="-0.726715 0.160519 0.026701 -0.726715 -0.429406 1.119622 -0.726715 0.473752 1.269853 -0.726715 0.666536 0.110872 -0.726715 0.666536 0.110872 -0.726715 0.473752 1.269853 0.726715 0.473752 1.269853 0.726715 0.666536 0.110872 0.726715 0.160519 0.026701 0.726715 -0.429406 1.119622 0.726715 -0.859321 1.048110 0.726715 -0.666536 -0.110872 0.726715 -0.666536 -0.110872 0.726715 -0.859321 1.048110 -0.726715 -0.859321 1.048110 -0.726715 -0.666536 -0.110872 -0.726715 0.160519 0.026701 0.726715 0.160519 0.026701 0.726715 -0.666536 -0.110872 0.726715 -0.429406 1.119622 -0.726715 -0.429406 1.119622 0.726715 -0.859321 1.048110 0.726715 0.473752 1.269853 0.726715 -0.429406 1.119622 0.726715 0.666536 0.110872 0.726715 0.160519 0.026701 0.726715 0.666536 0.110872 0.726715 0.473752 1.269853 0.726715 -0.429406 1.119622 0.726715 0.160519 0.026701 -0.726715 -0.666536 -0.110872 -0.726715 -0.859321 1.048110 " />
								<Normal vector="-0.707083 0.116001 -0.697501 -0.707083 -0.116001 0.697501 -0.577349 0.474776 0.664235 -0.577349 0.664235 -0.474776 -0.577349 0.664235 -0.474776 -0.577349 0.474776 0.664235 0.577349 0.474776 0.664235 0.577349 0.664235 -0.474776 0.707083 0.116001 -0.697501 0.707083 -0.116001 0.697501 0.577349 -0.664235 0.474776 0.577349 -0.474776 -0.664235 0.577349 -0.474776 -0.664235 0.577349 -0.664235 0.474776 -0.577349 -0.664235 0.474776 -0.577349 -0.474776 -0.664235 -0.707083 0.116001 -0.697501 0.707083 0.116001 -0.697501 0.577349 -0.474776 -0.664235 0.707083 -0.116001 0.697501 -0.707083 -0.116001 0.697501 0.577349 -0.664235 0.474776 0.577349 0.474776 0.664235 0.707083 -0.116001 0.697501 0.577349 0.664235 -0.474776 0.707083 0.116001 -0.697501 0.577349 0.664235 -0.474776 0.577349 0.474776 0.664235 0.707083 -0.116001 0.697501 0.707083 0.116001 -0.697501 -0.577349 -0.474776 -0.664235 -0.577349 -0.664235 0.474776 " />
								<TextureCoordinate point="0.0473 0.8745 0.4613 0.8745 0.4613 0.9764 0.0473 0.9764 0.0473 0.7726 0.4613 0.7726 0.4613 0.9764 0.0473 0.9764 0.5410 0.8770 0.9225 0.8770 0.9225 0.9708 0.5410 0.9708 0.5410 0.7831 0.9225 0.7831 0.9225 0.9708 0.5410 0.9708 0.5410 0.8770 0.9225 0.8770 0.9225 0.9708 0.5410 0.8770 0.9225 0.8770 0.5410 0.9708 0.0473 0.7726 0.0473 0.8745 0.4613 0.7726 0.4613 0.8745 0.0473 0.7726 0.4613 0.7726 0.4613 0.8745 0.0473 0.8745 0.5410 0.7831 0.9225 0.7831 " />
							</IndexedTriangleSet>
						</Shape>
					</Group>
				</Transform>
			</Transform>
			<Transform DEF="head_TRANSFORM"
			           translation="0.000000 -0.120824 1.472615"
			           scale="1.000000 1.000000 1.000000"
			           rotation="0.000000 1.000000 0.000000 0.000000"
			           >
				<Transform DEF="head_ifs_TRANSFORM"
				           translation="0.000000 0.000000 0.000000"
				           scale="1.000000 1.000000 1.000000"
				           rotation="0.000000 1.000000 0.000000 0.000000"
				           >
					<Group DEF="group_ME_head">
						<Shape>
							<Appearance>
								<Material USE="MA_Body" />
							</Appearance>
							<IndexedTriangleSet solid="false"
							                    normalPerVertex="true"
							                    index="0 1 2 0 2 3 4 5 6 4 6 7 8 9 10 8 10 11 12 13 14 12 14 15 16 17 18 16 18 19 20 21 14 20 14 22 23 24 25 23 25 26 27 28 29 27 29 30 31 32 33 31 33 34 35 36 37 35 37 38 39 40 41 39 41 42 43 44 32 43 32 31 45 46 47 45 47 48 49 50 24 49 24 23 51 52 53 51 53 54 55 20 22 55 22 56 39 57 58 39 58 26 59 16 19 59 19 60 61 62 63 61 63 64 65 66 13 65 13 12 67 21 68 67 68 69 70 71 5 70 5 4 69 68 72 69 72 73 73 72 71 73 71 70 64 63 74 64 74 75 75 74 66 75 66 65 57 76 77 57 77 58 76 59 60 76 60 77 52 78 79 52 79 53 78 55 56 78 56 79 48 47 80 48 80 81 81 80 50 81 50 49 42 41 82 42 82 83 83 82 44 83 44 43 80 75 65 80 65 50 82 73 70 82 70 44 41 69 73 41 73 82 44 70 4 44 4 32 40 67 69 40 69 41 46 61 64 46 64 47 24 12 15 24 15 25 28 8 11 28 11 29 32 4 7 32 7 33 36 0 3 36 3 37 "
							                    >
								<Coordinate point="-0.606951 -0.656121 0.804481 -0.606951 -0.667589 1.072841 -0.606951 0.573633 1.125881 -0.606951 0.585101 0.857521 0.551614 0.585101 0.857521 0.551614 0.573633 1.125881 0.606951 0.573633 1.125881 0.606951 0.585101 0.857521 0.606951 0.585101 0.857521 0.606951 0.573633 1.125881 0.606951 -0.667589 1.072841 0.606951 -0.656121 0.804481 -0.551614 -0.656121 0.804481 -0.551614 -0.667589 1.072841 -0.606951 -0.667589 1.072841 -0.606951 -0.656121 0.804481 0.551614 0.620611 0.026520 0.606951 0.620611 0.026520 0.606951 -0.620611 -0.026520 0.551614 -0.620611 -0.026520 -0.551614 0.573633 1.125881 -0.606951 0.573633 1.125881 -0.551614 -0.667589 1.072841 -0.551614 -0.620611 -0.026520 -0.551614 -0.639045 0.404878 -0.606951 -0.639045 0.404878 -0.606951 -0.620611 -0.026520 0.606951 0.620611 0.026520 0.606951 0.602177 0.457918 0.606951 -0.639045 0.404878 0.606951 -0.620611 -0.026520 0.551614 0.620611 0.026520 0.551614 0.602177 0.457918 0.606951 0.602177 0.457918 0.606951 0.620611 0.026520 -0.606951 -0.620611 -0.026520 -0.606951 -0.639045 0.404878 -0.606951 0.602177 0.457918 -0.606951 0.620611 0.026520 -0.606951 0.620611 0.026520 -0.606951 0.602177 0.457918 -0.551614 0.602177 0.457918 -0.551614 0.620611 0.026520 0.131597 0.620611 0.026520 0.131597 0.602177 0.457918 0.606951 -0.620611 -0.026520 0.606951 -0.639045 0.404878 0.551614 -0.639045 0.404878 0.551614 -0.620611 -0.026520 -0.131597 -0.620611 -0.026520 -0.131597 -0.639045 0.404878 0.606951 0.573633 1.125881 0.551614 0.573633 1.125881 0.551614 -0.667589 1.072841 0.606951 -0.667589 1.072841 -0.131597 0.573633 1.125881 -0.131597 -0.667589 1.072841 -0.551614 0.620611 0.026520 -0.551614 -0.620611 -0.026520 0.131597 0.620611 0.026520 0.131597 -0.620611 -0.026520 0.606951 -0.656121 0.804481 0.606951 -0.667589 1.072841 0.551614 -0.667589 1.072841 0.551614 -0.656121 0.804481 -0.131597 -0.656121 0.804481 -0.131597 -0.667589 1.072841 -0.606951 0.585101 0.857521 -0.551614 0.573633 1.125881 -0.551614 0.585101 0.857521 0.131597 0.585101 0.857521 0.131597 0.573633 1.125881 -0.131597 0.573633 1.125881 -0.131597 0.585101 0.857521 0.131597 -0.667589 1.072841 0.131597 -0.656121 0.804481 -0.131597 0.620611 0.026520 -0.131597 -0.620611 -0.026520 0.131597 0.573633 1.125881 0.131597 -0.667589 1.072841 0.131597 -0.639045 0.404878 0.131597 -0.620611 -0.026520 -0.131597 0.602177 0.457918 -0.131597 0.620611 0.026520 " />
								<Normal vector="-0.707083 -0.706442 -0.030183 -0.577349 -0.601459 0.552171 -0.577349 0.552171 0.601459 -0.707083 0.706442 0.030183 0.000000 0.999084 0.042665 0.000000 0.676260 0.736625 0.577349 0.552171 0.601459 0.707083 0.706442 0.030183 0.707083 0.706442 0.030183 0.577349 0.552171 0.601459 0.577349 -0.601459 0.552171 0.707083 -0.706442 -0.030183 0.000000 -0.999084 -0.042665 0.000000 -0.736625 0.676260 -0.577349 -0.601459 0.552171 -0.707083 -0.706442 -0.030183 0.000000 0.736625 -0.676260 0.577349 0.601459 -0.552171 0.577349 -0.552171 -0.601459 0.000000 -0.676260 -0.736625 0.000000 0.676260 0.736625 -0.577349 0.552171 0.601459 0.000000 -0.736625 0.676260 0.000000 -0.676260 -0.736625 0.000000 -0.999084 -0.042665 -0.707083 -0.706442 -0.030183 -0.577349 -0.552171 -0.601459 0.577349 0.601459 -0.552171 0.707083 0.706442 0.030183 0.707083 -0.706442 -0.030183 0.577349 -0.552171 -0.601459 0.000000 0.736625 -0.676260 0.000000 0.999084 0.042665 0.707083 0.706442 0.030183 0.577349 0.601459 -0.552171 -0.577349 -0.552171 -0.601459 -0.707083 -0.706442 -0.030183 -0.707083 0.706442 0.030183 -0.577349 0.601459 -0.552171 -0.577349 0.601459 -0.552171 -0.707083 0.706442 0.030183 0.000000 0.999084 0.042665 0.000000 0.736625 -0.676260 0.000000 0.736625 -0.676260 0.000000 0.999084 0.042665 0.577349 -0.552171 -0.601459 0.707083 -0.706442 -0.030183 0.000000 -0.999084 -0.042665 0.000000 -0.676260 -0.736625 0.000000 -0.676260 -0.736625 0.000000 -0.999084 -0.042665 0.577349 0.552171 0.601459 0.000000 0.676260 0.736625 0.000000 -0.736625 0.676260 0.577349 -0.601459 0.552171 0.000000 0.676260 0.736625 0.000000 -0.736625 0.676260 0.000000 0.736625 -0.676260 0.000000 -0.676260 -0.736625 0.000000 0.736625 -0.676260 0.000000 -0.676260 -0.736625 0.707083 -0.706442 -0.030183 0.577349 -0.601459 0.552171 0.000000 -0.736625 0.676260 0.000000 -0.999084 -0.042665 0.000000 -0.999084 -0.042665 0.000000 -0.736625 0.676260 -0.707083 0.706442 0.030183 0.000000 0.676260 0.736625 0.000000 0.999084 0.042665 0.000000 0.999084 0.042665 0.000000 0.676260 0.736625 0.000000 0.676260 0.736625 0.000000 0.999084 0.042665 0.000000 -0.736625 0.676260 0.000000 -0.999084 -0.042665 0.000000 0.736625 -0.676260 0.000000 -0.676260 -0.736625 0.000000 0.676260 0.736625 0.000000 -0.736625 0.676260 0.000000 -0.999084 -0.042665 0.000000 -0.676260 -0.736625 0.000000 0.999084 0.042665 0.000000 0.736625 -0.676260 " />
								<TextureCoordinate point="0.3578 0.7726 0.4613 0.7726 0.4613 0.9764 0.3578 0.9764 0.3578 0.9085 0.4613 0.9085 0.4613 0.9764 0.3578 0.9764 0.3578 0.7726 0.4613 0.7726 0.4613 0.9764 0.3578 0.9764 0.3578 0.9085 0.4613 0.9085 0.4613 0.9764 0.3578 0.9764 0.3233 0.7726 0.4613 0.7726 0.4613 0.9764 0.3233 0.9764 0.3233 0.7726 0.4613 0.7726 0.3233 0.9764 0.0473 0.9085 0.2543 0.9085 0.2543 0.9764 0.0473 0.9764 0.0473 0.7726 0.2543 0.7726 0.2543 0.9764 0.0473 0.9764 0.0473 0.9085 0.2543 0.9085 0.2543 0.9764 0.0473 0.9764 0.0473 0.7726 0.2543 0.7726 0.2543 0.9764 0.0473 0.9764 0.0473 0.7726 0.2543 0.7726 0.2543 0.8406 0.0473 0.8406 0.0473 0.8858 0.2543 0.8858 0.0473 0.7726 0.2543 0.7726 0.2543 0.8406 0.0473 0.8406 0.0473 0.8858 0.2543 0.8858 0.0473 0.7726 0.1853 0.7726 0.1853 0.9764 0.0473 0.9764 0.2773 0.7726 0.2773 0.9764 0.1853 0.7726 0.1853 0.9764 0.2773 0.7726 0.2773 0.9764 0.3578 0.7726 0.4613 0.7726 0.4613 0.8406 0.3578 0.8406 0.3578 0.8858 0.4613 0.8858 0.3578 0.7726 0.4613 0.8406 0.3578 0.8406 0.3578 0.8858 0.4613 0.8858 0.4613 0.8632 0.3578 0.8632 0.4613 0.8632 0.3578 0.8632 0.2313 0.7726 0.2313 0.9764 0.2313 0.7726 0.2313 0.9764 0.2543 0.8632 0.0473 0.8632 0.2543 0.8632 0.0473 0.8632 " />
							</IndexedTriangleSet>
						</Shape>
						<Shape>
							<Appearance>
								<Material DEF="MA_Eye"
								          diffuseColor="0.800 0.800 0.800"
								          specularColor="0.401 0.401 0.401"
								          emissiveColor="0.000 0.000 0.000"
								          ambientIntensity="0.000"
								          shininess="0.500"
								          transparency="0.0"
								          />
							</Appearance>
							<IndexedTriangleSet solid="false"
							                    normalPerVertex="true"
							                    index="0 1 2 0 2 3 4 5 6 4 6 7 "
							                    >
								<Coordinate point="0.551614 -0.639045 0.404878 0.551614 -0.656121 0.804481 0.131597 -0.656121 0.804481 0.131597 -0.639045 0.404878 -0.131597 -0.639045 0.404878 -0.131597 -0.656121 0.804481 -0.551614 -0.656121 0.804481 -0.551614 -0.639045 0.404878 " />
								<Normal vector="0.000000 -0.999084 -0.042665 0.000000 -0.999084 -0.042665 0.000000 -0.999084 -0.042665 0.000000 -0.999084 -0.042665 0.000000 -0.999084 -0.042665 0.000000 -0.999084 -0.042665 0.000000 -0.999084 -0.042665 0.000000 -0.999084 -0.042665 " />
								<TextureCoordinate point="0.0125 0.5214 0.0125 0.9962 0.9875 0.9962 0.9875 0.5214 0.9875 0.5214 0.9875 0.9962 0.0125 0.9962 0.0125 0.5214 " />
							</IndexedTriangleSet>
						</Shape>
					</Group>
				</Transform>
				<Transform DEF="Cube_006_TRANSFORM"
				           translation="0.000000 -0.047370 1.083923"
				           scale="1.000000 1.000000 1.000000"
				           rotation="0.000000 1.000000 0.000000 0.000000"
				           >
					<Transform DEF="Cube_006_ifs_TRANSFORM"
					           translation="0.000000 0.000000 0.000000"
					           scale="1.000000 1.000000 1.000000"
					           rotation="0.000000 1.000000 0.000000 0.000000"
					           >
						<Group DEF="group_ME_Cube_016">
							<Shape>
								<Appearance>
									<Material USE="MA_Body" />
								</Appearance>
								<IndexedTriangleSet solid="false"
								                    normalPerVertex="true"
								                    index="0 1 2 0 2 3 4 5 6 4 6 7 8 9 10 8 10 11 12 13 14 12 14 15 4 16 17 4 17 15 18 5 14 18 14 19 "
								                    >
									<Coordinate point="-0.124475 -0.090872 0.006918 -0.124475 -0.047367 0.578420 -0.124475 0.134377 0.564584 -0.124475 0.090872 -0.006918 -0.124475 0.090872 -0.006918 -0.124475 0.134377 0.564584 0.124475 0.134377 0.564584 0.124475 0.090872 -0.006918 0.124475 0.090872 -0.006918 0.124475 0.134377 0.564584 0.124475 -0.047367 0.578420 0.124475 -0.090872 0.006918 0.124475 -0.090872 0.006918 0.124475 -0.047367 0.578420 -0.124475 -0.047367 0.578420 -0.124475 -0.090872 0.006918 0.124475 0.090872 -0.006918 0.124475 -0.090872 0.006918 0.124475 0.134377 0.564584 0.124475 -0.047367 0.578420 " />
									<Normal vector="-0.577349 -0.619495 -0.531846 -0.577349 -0.531846 0.619495 -0.577349 0.619495 0.531846 -0.577349 0.531846 -0.619495 -0.577349 0.531846 -0.619495 -0.577349 0.619495 0.531846 0.577349 0.619495 0.531846 0.577349 0.531846 -0.619495 0.577349 0.531846 -0.619495 0.577349 0.619495 0.531846 0.577349 -0.531846 0.619495 0.577349 -0.619495 -0.531846 0.577349 -0.619495 -0.531846 0.577349 -0.531846 0.619495 -0.577349 -0.531846 0.619495 -0.577349 -0.619495 -0.531846 0.577349 0.531846 -0.619495 0.577349 -0.619495 -0.531846 0.577349 0.619495 0.531846 0.577349 -0.531846 0.619495 " />
									<TextureCoordinate point="0.0473 0.7726 0.4613 0.7726 0.4613 0.9764 0.0473 0.9764 0.0473 0.7726 0.4613 0.7726 0.4613 0.9764 0.0473 0.9764 0.0473 0.7726 0.4613 0.7726 0.4613 0.9764 0.0473 0.9764 0.0473 0.7726 0.4613 0.7726 0.4613 0.9764 0.0473 0.9764 0.4613 0.7726 0.4613 0.9764 0.0473 0.7726 0.0473 0.9764 " />
								</IndexedTriangleSet>
							</Shape>
						</Group>
					</Transform>
				</Transform>
				<Transform DEF="Cube_007_TRANSFORM"
				           translation="0.091479 -0.050724 1.044699"
				           scale="1.000000 1.000000 1.000000"
				           rotation="0.000000 1.000000 0.000000 0.000000"
				           >
					<Transform DEF="Cube_007_ifs_TRANSFORM"
					           translation="0.000000 0.000000 0.000000"
					           scale="1.000000 1.000000 1.000000"
					           rotation="0.000000 1.000000 0.000000 0.000000"
					           >
						<Group DEF="group_ME_Cube_017">
							<Shape>
								<Appearance>
									<Material USE="MA_Body" />
								</Appearance>
								<IndexedTriangleSet solid="false"
								                    normalPerVertex="true"
								                    index="0 1 2 0 2 3 4 5 6 4 6 7 8 9 10 8 10 11 12 13 14 12 14 15 4 16 17 4 17 15 18 5 14 18 14 19 "
								                    >
									<Coordinate point="-0.076119 -0.071441 0.064890 0.117156 0.054384 0.430138 0.096923 0.197471 0.391552 -0.096351 0.071646 0.026304 -0.096351 0.071646 0.026304 0.096923 0.197471 0.391552 0.269393 0.197266 0.300359 0.076119 0.071441 -0.064890 0.076119 0.071441 -0.064890 0.269393 0.197266 0.300359 0.289626 0.054179 0.338945 0.096351 -0.071646 -0.026304 0.096351 -0.071646 -0.026304 0.289626 0.054179 0.338945 0.117156 0.054384 0.430138 -0.076119 -0.071441 0.064890 0.076119 0.071441 -0.064890 0.096351 -0.071646 -0.026304 0.269393 0.197266 0.300359 0.289626 0.054179 0.338945 " />
									<Normal vector="-0.690603 -0.719871 -0.069338 -0.173956 -0.383526 0.906980 -0.330149 0.721091 0.609088 -0.846797 0.384716 -0.367229 -0.846797 0.384716 -0.367229 -0.330149 0.721091 0.609088 0.690603 0.719871 0.069338 0.173956 0.383526 -0.906980 0.173956 0.383526 -0.906980 0.690603 0.719871 0.069338 0.846797 -0.384716 0.367229 0.330149 -0.721091 -0.609088 0.330149 -0.721091 -0.609088 0.846797 -0.384716 0.367229 -0.173956 -0.383526 0.906980 -0.690603 -0.719871 -0.069338 0.173956 0.383526 -0.906980 0.330149 -0.721091 -0.609088 0.690603 0.719871 0.069338 0.846797 -0.384716 0.367229 " />
									<TextureCoordinate point="0.0473 0.7726 0.4613 0.7726 0.4613 0.9764 0.0473 0.9764 0.0473 0.7726 0.4613 0.7726 0.4613 0.9764 0.0473 0.9764 0.0473 0.7726 0.4613 0.7726 0.4613 0.9764 0.0473 0.9764 0.0473 0.7726 0.4613 0.7726 0.4613 0.9764 0.0473 0.9764 0.4613 0.7726 0.4613 0.9764 0.0473 0.7726 0.0473 0.9764 " />
								</IndexedTriangleSet>
							</Shape>
						</Group>
					</Transform>
				</Transform>
				<Transform DEF="Cube_008_TRANSFORM"
				           translation="-0.094763 -0.029062 1.047610"
				           scale="1.000000 1.000000 1.000000"
				           rotation="0.000000 1.000000 0.000000 0.000000"
				           >
					<Transform DEF="Cube_008_ifs_TRANSFORM"
					           translation="0.000000 0.000000 0.000000"
					           scale="1.000000 1.000000 1.000000"
					           rotation="0.000000 1.000000 0.000000 0.000000"
					           >
						<Group DEF="group_ME_Cube_021">
							<Shape>
								<Appearance>
									<Material USE="MA_Body" />
								</Appearance>
								<IndexedTriangleSet solid="false"
								                    normalPerVertex="true"
								                    index="0 1 2 0 2 3 4 5 6 4 6 7 8 9 10 8 10 11 12 13 14 12 14 15 4 16 17 4 17 15 18 5 14 18 14 19 "
								                    >
									<Coordinate point="-0.079340 -0.061079 -0.053507 -0.278641 -0.124802 0.314757 -0.287388 -0.002444 0.331195 -0.088087 0.061279 -0.037068 -0.088087 0.061279 -0.037068 -0.287388 -0.002444 0.331195 -0.119961 -0.002644 0.421770 0.079340 0.061079 0.053507 0.079340 0.061079 0.053507 -0.119961 -0.002644 0.421770 -0.111215 -0.125002 0.405332 0.088087 -0.061279 0.037068 0.088087 -0.061279 0.037068 -0.111215 -0.125002 0.405332 -0.278641 -0.124802 0.314757 -0.079340 -0.061079 -0.053507 0.079340 0.061079 0.053507 0.088087 -0.061279 0.037068 -0.119961 -0.002644 0.421770 -0.111215 -0.125002 0.405332 " />
									<Normal vector="-0.195318 -0.483291 -0.853359 -0.738639 -0.657002 0.150578 -0.820246 0.484512 0.303934 -0.276925 0.658223 -0.700003 -0.276925 0.658223 -0.700003 -0.820246 0.484512 0.303934 0.195318 0.483291 0.853359 0.738639 0.657002 -0.150578 0.738639 0.657002 -0.150578 0.195318 0.483291 0.853359 0.276925 -0.658223 0.700003 0.820246 -0.484512 -0.303934 0.820246 -0.484512 -0.303934 0.276925 -0.658223 0.700003 -0.738639 -0.657002 0.150578 -0.195318 -0.483291 -0.853359 0.738639 0.657002 -0.150578 0.820246 -0.484512 -0.303934 0.195318 0.483291 0.853359 0.276925 -0.658223 0.700003 " />
									<TextureCoordinate point="0.0473 0.7726 0.4613 0.7726 0.4613 0.9764 0.0473 0.9764 0.0473 0.7726 0.4613 0.7726 0.4613 0.9764 0.0473 0.9764 0.0473 0.7726 0.4613 0.7726 0.4613 0.9764 0.0473 0.9764 0.0473 0.7726 0.4613 0.7726 0.4613 0.9764 0.0473 0.9764 0.4613 0.7726 0.4613 0.9764 0.0473 0.7726 0.0473 0.9764 " />
								</IndexedTriangleSet>
							</Shape>
						</Group>
					</Transform>
				</Transform>
				<Transform DEF="Cube_021_TRANSFORM"
				           translation="0.000000 -0.581592 0.371425"
				           scale="1.000000 1.000000 1.000000"
				           rotation="0.000000 1.000000 0.000000 0.000000"
				           >
					<Transform DEF="Cube_021_ifs_TRANSFORM"
					           translation="0.000000 0.000000 0.000000"
					           scale="1.000000 1.000000 1.000000"
					           rotation="0.000000 1.000000 0.000000 0.000000"
					           >
						<Group DEF="group_ME_Cube_034">
							<Shape>
								<Appearance>
									<Material USE="MA_Body" />
								</Appearance>
								<IndexedTriangleSet solid="false"
								                    normalPerVertex="true"
								                    index="0 1 2 0 2 3 4 5 6 4 6 7 8 9 10 8 10 11 12 13 14 12 14 15 4 16 17 4 17 15 18 5 14 18 14 19 "
								                    >
									<Coordinate point="-0.268865 -0.297263 -0.237208 -0.268865 -0.372324 0.077511 -0.268865 -0.037530 0.157359 -0.268865 0.037530 -0.157359 -0.268865 0.037530 -0.157359 -0.268865 -0.037530 0.157359 0.268865 -0.037530 0.157359 0.268865 0.037530 -0.157359 0.268865 0.037530 -0.157359 0.268865 -0.037530 0.157359 0.268865 -0.372324 0.077511 0.268865 -0.297263 -0.237208 0.268865 -0.297263 -0.237208 0.268865 -0.372324 0.077511 -0.268865 -0.372324 0.077511 -0.268865 -0.297263 -0.237208 0.268865 0.037530 -0.157359 0.268865 -0.297263 -0.237208 0.268865 -0.037530 0.157359 0.268865 -0.372324 0.077511 " />
									<Normal vector="-0.577349 -0.427656 -0.695517 -0.577349 -0.695517 0.427656 -0.577349 0.427656 0.695517 -0.577349 0.695517 -0.427656 -0.577349 0.695517 -0.427656 -0.577349 0.427656 0.695517 0.577349 0.427656 0.695517 0.577349 0.695517 -0.427656 0.577349 0.695517 -0.427656 0.577349 0.427656 0.695517 0.577349 -0.695517 0.427656 0.577349 -0.427656 -0.695517 0.577349 -0.427656 -0.695517 0.577349 -0.695517 0.427656 -0.577349 -0.695517 0.427656 -0.577349 -0.427656 -0.695517 0.577349 0.695517 -0.427656 0.577349 -0.427656 -0.695517 0.577349 0.427656 0.695517 0.577349 -0.695517 0.427656 " />
									<TextureCoordinate point="0.0308 0.5212 0.4672 0.5212 0.4672 0.7347 0.0308 0.7347 0.0308 0.5212 0.4672 0.5212 0.4672 0.7347 0.0308 0.7347 0.0308 0.5212 0.4672 0.5212 0.4672 0.7347 0.0308 0.7347 0.0308 0.5212 0.4672 0.5212 0.4672 0.7347 0.0308 0.7347 0.4672 0.5212 0.4672 0.7347 0.0308 0.5212 0.0308 0.7347 " />
								</IndexedTriangleSet>
							</Shape>
						</Group>
					</Transform>
					<Transform DEF="Cube_022_TRANSFORM"
					           translation="0.000000 -0.275389 -0.083999"
					           scale="1.000000 1.000000 1.000000"
					           rotation="0.000000 1.000000 0.000000 0.000000"
					           >
						<Transform DEF="Cube_022_ifs_TRANSFORM"
						           translation="0.000000 0.000000 0.000000"
						           scale="1.000000 1.000000 1.000000"
						           rotation="0.000000 1.000000 0.000000 0.000000"
						           >
							<Group DEF="group_ME_Cube_035">
								<Shape>
									<Appearance>
										<Material USE="MA_Body" />
									</Appearance>
									<IndexedTriangleSet solid="false"
									                    normalPerVertex="true"
									                    index="0 1 2 0 2 3 4 5 6 4 6 7 8 9 10 8 10 11 12 13 14 12 14 15 4 16 17 4 17 15 18 5 14 18 14 19 "
									                    >
										<Coordinate point="-0.240476 -0.583207 -0.223476 -0.240476 -0.623614 0.034316 -0.240476 -0.020204 0.128896 -0.240476 0.020204 -0.128896 -0.240476 0.020204 -0.128896 -0.240476 -0.020204 0.128896 0.240476 -0.020204 0.128896 0.240476 0.020204 -0.128896 0.240476 0.020204 -0.128896 0.240476 -0.020204 0.128896 0.240476 -0.623614 0.034316 0.240476 -0.583207 -0.223476 0.240476 -0.583207 -0.223476 0.240476 -0.623614 0.034316 -0.240476 -0.623614 0.034316 -0.240476 -0.583207 -0.223476 0.240476 0.020204 -0.128896 0.240476 -0.583207 -0.223476 0.240476 -0.020204 0.128896 0.240476 -0.623614 0.034316 " />
										<Normal vector="-0.577349 -0.480972 -0.659780 -0.577349 -0.659780 0.480972 -0.577349 0.480972 0.659780 -0.577349 0.659780 -0.480972 -0.577349 0.659780 -0.480972 -0.577349 0.480972 0.659780 0.577349 0.480972 0.659780 0.577349 0.659780 -0.480972 0.577349 0.659780 -0.480972 0.577349 0.480972 0.659780 0.577349 -0.659780 0.480972 0.577349 -0.480972 -0.659780 0.577349 -0.480972 -0.659780 0.577349 -0.659780 0.480972 -0.577349 -0.659780 0.480972 -0.577349 -0.480972 -0.659780 0.577349 0.659780 -0.480972 0.577349 -0.480972 -0.659780 0.577349 0.480972 0.659780 0.577349 -0.659780 0.480972 " />
										<TextureCoordinate point="0.0308 0.5212 0.4672 0.5212 0.4672 0.7347 0.0308 0.7347 0.0308 0.5212 0.4672 0.5212 0.4672 0.7347 0.0308 0.7347 0.0308 0.5212 0.4672 0.5212 0.4672 0.7347 0.0308 0.7347 0.0308 0.5212 0.4672 0.5212 0.4672 0.7347 0.0308 0.7347 0.4672 0.5212 0.4672 0.7347 0.0308 0.5212 0.0308 0.7347 " />
									</IndexedTriangleSet>
								</Shape>
							</Group>
						</Transform>
						<Transform DEF="Cube_023_TRANSFORM"
						           translation="0.000000 -0.554306 -0.092486"
						           scale="1.000000 1.000000 1.000000"
						           rotation="0.000000 1.000000 0.000000 0.000000"
						           >
							<Transform DEF="Cube_023_ifs_TRANSFORM"
							           translation="0.000000 0.000000 0.000000"
							           scale="1.000000 1.000000 1.000000"
							           rotation="0.000000 1.000000 0.000000 0.000000"
							           >
								<Group DEF="group_ME_Cube_036">
									<Shape>
										<Appearance>
											<Material USE="MA_Body" />
										</Appearance>
										<IndexedTriangleSet solid="false"
										                    normalPerVertex="true"
										                    index="0 1 2 0 2 3 4 5 6 4 6 7 8 9 10 8 10 11 12 13 14 12 14 15 4 16 17 4 17 15 18 5 14 18 14 19 "
										                    >
											<Coordinate point="-0.150101 -0.278943 -0.190839 -0.150101 -0.337845 -0.009473 -0.150101 -0.029451 0.090683 -0.150101 0.029451 -0.090683 -0.150101 0.029451 -0.090683 -0.150101 -0.029451 0.090683 0.150101 -0.029451 0.090683 0.150101 0.029451 -0.090683 0.150101 0.029451 -0.090683 0.150101 -0.029451 0.090683 0.150101 -0.337845 -0.009473 0.150101 -0.278943 -0.190839 0.150101 -0.278943 -0.190839 0.150101 -0.337845 -0.009473 -0.150101 -0.337845 -0.009473 -0.150101 -0.278943 -0.190839 0.150101 0.029451 -0.090683 0.150101 -0.278943 -0.190839 0.150101 -0.029451 0.090683 0.150101 -0.337845 -0.009473 " />
											<Normal vector="-0.577349 -0.370769 -0.727439 -0.577349 -0.727439 0.370769 -0.577349 0.370769 0.727439 -0.577349 0.727439 -0.370769 -0.577349 0.727439 -0.370769 -0.577349 0.370769 0.727439 0.577349 0.370769 0.727439 0.577349 0.727439 -0.370769 0.577349 0.727439 -0.370769 0.577349 0.370769 0.727439 0.577349 -0.727439 0.370769 0.577349 -0.370769 -0.727439 0.577349 -0.370769 -0.727439 0.577349 -0.727439 0.370769 -0.577349 -0.727439 0.370769 -0.577349 -0.370769 -0.727439 0.577349 0.727439 -0.370769 0.577349 -0.370769 -0.727439 0.577349 0.370769 0.727439 0.577349 -0.727439 0.370769 " />
											<TextureCoordinate point="0.0308 0.5212 0.4672 0.5212 0.4672 0.7347 0.0308 0.7347 0.0308 0.5212 0.4672 0.5212 0.4672 0.7347 0.0308 0.7347 0.0308 0.5212 0.4672 0.5212 0.4672 0.7347 0.0308 0.7347 0.0308 0.5212 0.4672 0.5212 0.4672 0.7347 0.0308 0.7347 0.4672 0.5212 0.4672 0.7347 0.0308 0.5212 0.0308 0.7347 " />
										</IndexedTriangleSet>
									</Shape>
								</Group>
							</Transform>
						</Transform>
					</Transform>
					<Transform DEF="Cube_024_TRANSFORM"
					           translation="0.000000 0.066566 -0.113389"
					           scale="1.000000 1.000000 1.000000"
					           rotation="0.000000 1.000000 0.000000 0.000000"
					           >
						<Transform DEF="Cube_024_ifs_TRANSFORM"
						           translation="0.000000 0.000000 0.000000"
						           scale="1.000000 1.000000 1.000000"
						           rotation="0.000000 1.000000 0.000000 0.000000"
						           >
							<Group DEF="group_ME_Cube_037">
								<Shape>
									<Appearance>
										<Material USE="MA_Body" />
									</Appearance>
									<IndexedTriangleSet solid="false"
									                    normalPerVertex="true"
									                    index="0 1 2 0 2 3 4 5 6 4 6 7 8 9 10 8 10 11 12 13 14 12 14 15 4 16 17 4 17 15 18 5 14 18 14 19 "
									                    >
										<Coordinate point="-0.373189 -0.361725 -0.091445 -0.373189 -0.369870 0.049025 -0.373189 -0.004072 0.070235 -0.373189 0.004072 -0.070235 -0.373189 0.004072 -0.070235 -0.373189 -0.004072 0.070235 0.373189 -0.004072 0.070235 0.373189 0.004072 -0.070235 0.373189 0.004072 -0.070235 0.373189 -0.004072 0.070235 0.373189 -0.369870 0.049025 0.373189 -0.361725 -0.091445 0.373189 -0.361725 -0.091445 0.373189 -0.369870 0.049025 -0.373189 -0.369870 0.049025 -0.373189 -0.361725 -0.091445 0.373189 0.004072 -0.070235 0.373189 -0.361725 -0.091445 0.373189 -0.004072 0.070235 0.373189 -0.369870 0.049025 " />
										<Normal vector="-0.577349 -0.542955 -0.609790 -0.577349 -0.609790 0.542955 -0.577349 0.542955 0.609790 -0.577349 0.609790 -0.542955 -0.577349 0.609790 -0.542955 -0.577349 0.542955 0.609790 0.577349 0.542955 0.609790 0.577349 0.609790 -0.542955 0.577349 0.609790 -0.542955 0.577349 0.542955 0.609790 0.577349 -0.609790 0.542955 0.577349 -0.542955 -0.609790 0.577349 -0.542955 -0.609790 0.577349 -0.609790 0.542955 -0.577349 -0.609790 0.542955 -0.577349 -0.542955 -0.609790 0.577349 0.609790 -0.542955 0.577349 -0.542955 -0.609790 0.577349 0.542955 0.609790 0.577349 -0.609790 0.542955 " />
										<TextureCoordinate point="0.0308 0.5212 0.4672 0.5212 0.4672 0.7347 0.0308 0.7347 0.0308 0.5212 0.4672 0.5212 0.4672 0.7347 0.0308 0.7347 0.0308 0.5212 0.4672 0.5212 0.4672 0.7347 0.0308 0.7347 0.0308 0.5212 0.4672 0.5212 0.4672 0.7347 0.0308 0.7347 0.4672 0.5212 0.4672 0.7347 0.0308 0.5212 0.0308 0.7347 " />
									</IndexedTriangleSet>
								</Shape>
							</Group>
						</Transform>
					</Transform>
				</Transform>
				<Transform DEF="mouth_TRANSFORM"
				           translation="0.000000 -0.520166 0.113875"
				           scale="1.000000 1.000000 1.000000"
				           rotation="0.000000 1.000000 0.000000 0.000000"
				           >
					<Transform DEF="mouth_ifs_TRANSFORM"
					           translation="0.000000 0.000000 0.000000"
					           scale="1.000000 1.000000 1.000000"
					           rotation="0.000000 1.000000 0.000000 0.000000"
					           >
						<Group DEF="group_ME_mouth">
							<Shape>
								<Appearance>
									<Material USE="MA_Body" />
								</Appearance>
								<IndexedTriangleSet solid="false"
								                    normalPerVertex="true"
								                    index="0 1 2 0 2 3 4 5 6 4 6 7 8 9 10 8 10 11 12 13 14 12 14 15 4 16 17 4 17 15 18 5 14 18 14 19 "
								                    >
									<Coordinate point="-0.302748 -0.303709 -0.173156 -0.302748 -0.349168 0.017444 -0.302748 -0.022729 0.095300 -0.302748 0.022729 -0.095300 -0.302748 0.022729 -0.095300 -0.302748 -0.022729 0.095300 0.302748 -0.022729 0.095300 0.302748 0.022729 -0.095300 0.302748 0.022729 -0.095300 0.302748 -0.022729 0.095300 0.302748 -0.349168 0.017444 0.302748 -0.303709 -0.173156 0.302748 -0.303709 -0.173156 0.302748 -0.349168 0.017444 -0.302748 -0.349168 0.017444 -0.302748 -0.303709 -0.173156 0.302748 0.022729 -0.095300 0.302748 -0.303709 -0.173156 0.302748 -0.022729 0.095300 0.302748 -0.349168 0.017444 " />
									<Normal vector="-0.577349 -0.427656 -0.695517 -0.577349 -0.695517 0.427656 -0.577349 0.427656 0.695517 -0.577349 0.695517 -0.427656 -0.577349 0.695517 -0.427656 -0.577349 0.427656 0.695517 0.577349 0.427656 0.695517 0.577349 0.695517 -0.427656 0.577349 0.695517 -0.427656 0.577349 0.427656 0.695517 0.577349 -0.695517 0.427656 0.577349 -0.427656 -0.695517 0.577349 -0.427656 -0.695517 0.577349 -0.695517 0.427656 -0.577349 -0.695517 0.427656 -0.577349 -0.427656 -0.695517 0.577349 0.695517 -0.427656 0.577349 -0.427656 -0.695517 0.577349 0.427656 0.695517 0.577349 -0.695517 0.427656 " />
									<TextureCoordinate point="0.0308 0.5212 0.4672 0.5212 0.4672 0.7347 0.0308 0.7347 0.0308 0.5212 0.4672 0.5212 0.4672 0.7347 0.0308 0.7347 0.0308 0.5212 0.4672 0.5212 0.4672 0.7347 0.0308 0.7347 0.0308 0.5212 0.4672 0.5212 0.4672 0.7347 0.0308 0.7347 0.4672 0.5212 0.4672 0.7347 0.0308 0.5212 0.0308 0.7347 " />
								</IndexedTriangleSet>
							</Shape>
						</Group>
					</Transform>
					<Transform DEF="Cube_026_TRANSFORM"
					           translation="0.000000 -0.310462 -0.079066"
					           scale="1.000000 1.000000 1.000000"
					           rotation="0.000000 1.000000 0.000000 0.000000"
					           >
						<Transform DEF="Cube_026_ifs_TRANSFORM"
						           translation="0.000000 0.000000 0.000000"
						           scale="1.000000 1.000000 1.000000"
						           rotation="0.000000 1.000000 0.000000 0.000000"
						           >
							<Group DEF="group_ME_Cube_039">
								<Shape>
									<Appearance>
										<Material USE="MA_Body" />
									</Appearance>
									<IndexedTriangleSet solid="false"
									                    normalPerVertex="true"
									                    index="0 1 2 0 2 3 4 5 6 4 6 7 8 9 10 8 10 11 12 13 14 12 14 15 4 16 17 4 17 15 18 5 14 18 14 19 "
									                    >
										<Coordinate point="-0.240239 -0.355597 -0.148890 -0.240239 -0.384921 0.021298 -0.240239 -0.014662 0.085094 -0.240239 0.014662 -0.085094 -0.240239 0.014662 -0.085094 -0.240239 -0.014662 0.085094 0.240239 -0.014662 0.085094 0.240239 0.014662 -0.085094 0.240239 0.014662 -0.085094 0.240239 -0.014662 0.085094 0.240239 -0.384921 0.021298 0.240239 -0.355597 -0.148890 0.240239 -0.355597 -0.148890 0.240239 -0.384921 0.021298 -0.240239 -0.384921 0.021298 -0.240239 -0.355597 -0.148890 0.240239 0.014662 -0.085094 0.240239 -0.355597 -0.148890 0.240239 -0.014662 0.085094 0.240239 -0.384921 0.021298 " />
										<Normal vector="-0.577349 -0.470931 -0.666982 -0.577349 -0.666982 0.470931 -0.577349 0.470931 0.666982 -0.577349 0.666982 -0.470931 -0.577349 0.666982 -0.470931 -0.577349 0.470931 0.666982 0.577349 0.470931 0.666982 0.577349 0.666982 -0.470931 0.577349 0.666982 -0.470931 0.577349 0.470931 0.666982 0.577349 -0.666982 0.470931 0.577349 -0.470931 -0.666982 0.577349 -0.470931 -0.666982 0.577349 -0.666982 0.470931 -0.577349 -0.666982 0.470931 -0.577349 -0.470931 -0.666982 0.577349 0.666982 -0.470931 0.577349 -0.470931 -0.666982 0.577349 0.470931 0.666982 0.577349 -0.666982 0.470931 " />
										<TextureCoordinate point="0.0308 0.5212 0.4672 0.5212 0.4672 0.7347 0.0308 0.7347 0.0308 0.5212 0.4672 0.5212 0.4672 0.7347 0.0308 0.7347 0.0308 0.5212 0.4672 0.5212 0.4672 0.7347 0.0308 0.7347 0.0308 0.5212 0.4672 0.5212 0.4672 0.7347 0.0308 0.7347 0.4672 0.5212 0.4672 0.7347 0.0308 0.5212 0.0308 0.7347 " />
									</IndexedTriangleSet>
								</Shape>
							</Group>
						</Transform>
						<Transform DEF="Cube_027_TRANSFORM"
						           translation="0.000000 -0.354892 -0.061149"
						           scale="1.000000 1.000000 1.000000"
						           rotation="0.000000 1.000000 0.000000 0.000000"
						           >
							<Transform DEF="Cube_027_ifs_TRANSFORM"
							           translation="0.000000 0.000000 0.000000"
							           scale="1.000000 1.000000 1.000000"
							           rotation="0.000000 1.000000 0.000000 0.000000"
							           >
								<Group DEF="group_ME_Cube_040">
									<Shape>
										<Appearance>
											<Material USE="MA_Body" />
										</Appearance>
										<IndexedTriangleSet solid="false"
										                    normalPerVertex="true"
										                    index="0 1 2 0 2 3 4 5 6 4 6 7 8 9 10 8 10 11 12 13 14 12 14 15 4 16 17 4 17 15 18 5 14 18 14 19 "
										                    >
											<Coordinate point="-0.135245 -0.352726 -0.092681 -0.135245 -0.363511 0.029416 -0.135245 -0.005392 0.061049 -0.135245 0.005392 -0.061049 -0.135245 0.005392 -0.061049 -0.135245 -0.005392 0.061049 0.135245 -0.005392 0.061049 0.135245 0.005392 -0.061049 0.135245 0.005392 -0.061049 0.135245 -0.005392 0.061049 0.135245 -0.363511 0.029416 0.135245 -0.352726 -0.092681 0.135245 -0.352726 -0.092681 0.135245 -0.363511 0.029416 -0.135245 -0.363511 0.029416 -0.135245 -0.352726 -0.092681 0.135245 0.005392 -0.061049 0.135245 -0.352726 -0.092681 0.135245 -0.005392 0.061049 0.135245 -0.363511 0.029416 " />
											<Normal vector="-0.577349 -0.524308 -0.625904 -0.577349 -0.625904 0.524308 -0.577349 0.524308 0.625904 -0.577349 0.625904 -0.524308 -0.577349 0.625904 -0.524308 -0.577349 0.524308 0.625904 0.577349 0.524308 0.625904 0.577349 0.625904 -0.524308 0.577349 0.625904 -0.524308 0.577349 0.524308 0.625904 0.577349 -0.625904 0.524308 0.577349 -0.524308 -0.625904 0.577349 -0.524308 -0.625904 0.577349 -0.625904 0.524308 -0.577349 -0.625904 0.524308 -0.577349 -0.524308 -0.625904 0.577349 0.625904 -0.524308 0.577349 -0.524308 -0.625904 0.577349 0.524308 0.625904 0.577349 -0.625904 0.524308 " />
											<TextureCoordinate point="0.0308 0.5212 0.4672 0.5212 0.4672 0.7347 0.0308 0.7347 0.0308 0.5212 0.4672 0.5212 0.4672 0.7347 0.0308 0.7347 0.0308 0.5212 0.4672 0.5212 0.4672 0.7347 0.0308 0.7347 0.0308 0.5212 0.4672 0.5212 0.4672 0.7347 0.0308 0.7347 0.4672 0.5212 0.4672 0.7347 0.0308 0.5212 0.0308 0.7347 " />
										</IndexedTriangleSet>
									</Shape>
								</Group>
							</Transform>
						</Transform>
					</Transform>
				</Transform>
				<Transform DEF="mark_TRANSFORM"
				           translation="0.000000 -0.643901 0.507604"
				           scale="1.000000 1.000000 1.000000"
				           rotation="0.000000 1.000000 0.000000 0.000000"
				           >
					<Transform DEF="mark_ifs_TRANSFORM"
					           translation="0.000000 0.000000 0.000000"
					           scale="1.000000 1.000000 1.000000"
					           rotation="0.000000 1.000000 0.000000 0.000000"
					           >
						<Group DEF="group_ME_mark">
							<Shape>
								<Appearance>
									<Material USE="MA_Body" />
								</Appearance>
								<IndexedTriangleSet solid="false"
								                    normalPerVertex="true"
								                    index="0 1 2 0 2 3 4 5 1 4 1 0 "
								                    >
									<Coordinate point="0.000000 -0.000407 -0.000017 0.000000 -0.025104 0.577949 -0.484184 -0.025104 0.577949 -0.484184 -0.000407 -0.000017 0.484184 -0.000407 -0.000017 0.484184 -0.025104 0.577949 " />
									<Normal vector="0.000000 -0.999084 -0.042665 0.000000 -0.999084 -0.042665 0.000000 -0.999084 -0.042665 0.000000 -0.999084 -0.042665 0.000000 -0.999084 -0.042665 0.000000 -0.999084 -0.042665 " />
									<TextureCoordinate point="0.9669 0.0039 0.9669 0.5039 0.0331 0.5039 0.0331 0.0039 0.0331 0.0039 0.0331 0.5039 " />
								</IndexedTriangleSet>
							</Shape>
						</Group>
					</Transform>
				</Transform>
				<Transform DEF="c2_TRANSFORM"
				           translation="1.345120 -0.989829 0.075338"
				           scale="1.000000 1.000000 1.000000"
				           rotation="0.000000 1.000000 0.000000 0.000000"
				           >
					<Transform DEF="c2_ifs_TRANSFORM"
					           translation="0.000000 0.000000 0.000000"
					           scale="1.000000 1.000000 1.000000"
					           rotation="0.000000 1.000000 0.000000 0.000000"
					           >
						<Group DEF="group_ME_c2">
							<Shape>
								<Appearance>
									<Material USE="MA_Body" />
								</Appearance>
								<IndexedTriangleSet solid="false"
								                    normalPerVertex="true"
								                    index="0 1 2 0 2 3 4 5 6 4 6 7 8 9 10 8 10 11 12 13 14 12 14 15 16 17 18 16 18 19 20 5 14 20 14 21 "
								                    >
									<Coordinate point="0.009637 -0.134067 0.091874 -0.805314 -0.145333 0.160916 -0.824587 -0.109173 -0.060685 -0.009637 -0.097907 -0.129727 -0.009637 -0.097907 -0.129727 -0.824587 -0.109173 -0.060685 -0.824587 0.122801 -0.022833 -0.009637 0.134067 -0.091874 -0.009637 0.134067 -0.091874 -0.824587 0.122801 -0.022833 -0.805314 0.086640 0.198769 0.009637 0.097907 0.129727 0.009637 0.097907 0.129727 -0.805314 0.086640 0.198769 -0.805314 -0.145333 0.160916 0.009637 -0.134067 0.091874 -0.009637 -0.097907 -0.129727 -0.009637 0.134067 -0.091874 0.009637 0.097907 0.129727 0.009637 -0.134067 0.091874 -0.824587 0.122801 -0.022833 -0.805314 0.086640 0.198769 " />
									<Normal vector="0.624592 -0.654500 0.426008 -0.525834 -0.670400 0.523453 -0.624592 -0.485122 -0.611957 0.525834 -0.469192 -0.709433 0.525834 -0.469192 -0.709433 -0.624592 -0.485122 -0.611957 -0.624592 0.654500 -0.426008 0.525834 0.670400 -0.523453 0.525834 0.670400 -0.523453 -0.624592 0.654500 -0.426008 -0.525834 0.469192 0.709433 0.624592 0.485122 0.611957 0.624592 0.485122 0.611957 -0.525834 0.469192 0.709433 -0.525834 -0.670400 0.523453 0.624592 -0.654500 0.426008 0.525834 -0.469192 -0.709433 0.525834 0.670400 -0.523453 0.624592 0.485122 0.611957 0.624592 -0.654500 0.426008 -0.624592 0.654500 -0.426008 -0.525834 0.469192 0.709433 " />
									<TextureCoordinate point="0.5209 0.5103 0.7309 0.5103 0.7309 0.6137 0.5209 0.6137 0.5209 0.5103 0.7309 0.5103 0.7309 0.6137 0.5209 0.6137 0.5209 0.5103 0.7309 0.5103 0.7309 0.6137 0.5209 0.6137 0.5209 0.5103 0.7309 0.5103 0.7309 0.6137 0.5209 0.6137 0.7816 0.5163 0.9673 0.5163 0.9673 0.6077 0.7816 0.6077 0.5209 0.5103 0.5209 0.6137 " />
								</IndexedTriangleSet>
							</Shape>
						</Group>
					</Transform>
					<Transform DEF="Cube_005_TRANSFORM"
					           translation="-0.793583 -0.010971 0.067232"
					           scale="1.000000 1.000000 1.000000"
					           rotation="0.000000 1.000000 0.000000 0.000000"
					           >
						<Transform DEF="Cube_005_ifs_TRANSFORM"
						           translation="0.000000 0.000000 0.000000"
						           scale="1.000000 1.000000 1.000000"
						           rotation="0.000000 1.000000 0.000000 0.000000"
						           >
							<Group DEF="group_ME_Cube_003">
								<Shape>
									<Appearance>
										<Material USE="MA_Body" />
									</Appearance>
									<IndexedTriangleSet solid="false"
									                    normalPerVertex="true"
									                    index="0 1 2 0 2 3 4 5 6 4 6 7 8 9 10 8 10 11 12 13 14 12 14 15 4 16 17 4 17 15 18 5 14 18 14 19 "
									                    >
										<Coordinate point="-0.001005 -0.111661 0.076816 -0.763689 -0.110345 0.068752 -0.761679 -0.080134 -0.116393 0.001005 -0.081450 -0.108328 0.001005 -0.081450 -0.108328 -0.761679 -0.080134 -0.116393 -0.761679 0.112977 -0.084881 0.001005 0.111661 -0.076816 0.001005 0.111661 -0.076816 -0.761679 0.112977 -0.084881 -0.763689 0.082766 0.100263 -0.001005 0.081450 0.108328 -0.001005 0.081450 0.108328 -0.763689 0.082766 0.100263 -0.763689 -0.110345 0.068752 -0.001005 -0.111661 0.076816 0.001005 0.111661 -0.076816 -0.001005 0.081450 0.108328 -0.761679 0.112977 -0.084881 -0.763689 0.082766 0.100263 " />
										<Normal vector="0.571123 -0.663778 0.482894 -0.583483 -0.661763 0.470687 -0.571123 -0.475814 -0.668844 0.583483 -0.477828 -0.656636 0.583483 -0.477828 -0.656636 -0.571123 -0.475814 -0.668844 -0.571123 0.663778 -0.482894 0.583483 0.661763 -0.470687 0.583483 0.661763 -0.470687 -0.571123 0.663778 -0.482894 -0.583483 0.477828 0.656636 0.571123 0.475814 0.668844 0.571123 0.475814 0.668844 -0.583483 0.477828 0.656636 -0.583483 -0.661763 0.470687 0.571123 -0.663778 0.482894 0.583483 0.661763 -0.470687 0.571123 0.475814 0.668844 -0.571123 0.663778 -0.482894 -0.583483 0.477828 0.656636 " />
										<TextureCoordinate point="0.5209 0.5103 0.7309 0.5103 0.7309 0.6137 0.5209 0.6137 0.5209 0.5103 0.7309 0.5103 0.7309 0.6137 0.5209 0.6137 0.5209 0.5103 0.7309 0.5103 0.7309 0.6137 0.5209 0.6137 0.5209 0.5103 0.7309 0.5103 0.7309 0.6137 0.5209 0.6137 0.7309 0.5103 0.7309 0.6137 0.5209 0.5103 0.5209 0.6137 " />
									</IndexedTriangleSet>
								</Shape>
							</Group>
						</Transform>
						<Transform DEF="Cube_009_TRANSFORM"
						           translation="-0.744728 0.001285 -0.007875"
						           scale="1.000000 1.000000 1.000000"
						           rotation="0.000000 1.000000 0.000000 0.000000"
						           >
							<Transform DEF="Cube_009_ifs_TRANSFORM"
							           translation="0.000000 0.000000 0.000000"
							           scale="1.000000 1.000000 1.000000"
							           rotation="0.000000 1.000000 0.000000 0.000000"
							           >
								<Group DEF="group_ME_Cube_015">
									<Shape>
										<Appearance>
											<Material USE="MA_Body" />
										</Appearance>
										<IndexedTriangleSet solid="false"
										                    normalPerVertex="true"
										                    index="0 1 2 0 2 3 4 5 6 4 6 7 8 9 10 8 10 11 12 13 14 12 14 15 16 17 18 16 18 19 20 5 14 20 14 21 22 23 24 22 24 19 25 26 27 25 27 28 16 29 30 16 30 31 32 33 34 32 34 35 "
										                    >
											<Coordinate point="-0.520495 -0.131529 0.033081 -0.883004 -0.124970 -0.007117 -0.858082 -0.089246 -0.226043 -0.495573 -0.095805 -0.185845 -0.495573 -0.095805 -0.185845 -0.858082 -0.089246 -0.226043 -0.858082 0.156474 -0.185947 -0.495573 0.149914 -0.145749 -0.495573 0.149914 -0.145749 -0.858082 0.156474 -0.185947 -0.883004 0.120750 0.032979 -0.520495 0.114190 0.073177 -0.520495 0.114190 0.073177 -0.883004 0.120750 0.032979 -0.883004 -0.124970 -0.007117 -0.520495 -0.131529 0.033081 0.012461 -0.104998 -0.129511 0.012461 0.140722 -0.089415 -0.012461 0.104998 0.129511 -0.012461 -0.140722 0.089415 -0.858082 0.156474 -0.185947 -0.883004 0.120750 0.032979 -0.012461 0.104998 0.129511 -0.520495 0.114190 0.073177 -0.520495 -0.131529 0.033081 0.012461 0.140722 -0.089415 -0.495573 0.149914 -0.145749 -0.520495 0.114190 0.073177 -0.012461 0.104998 0.129511 -0.495573 -0.095805 -0.185845 -0.495573 0.149914 -0.145749 0.012461 0.140722 -0.089415 -0.012461 -0.140722 0.089415 -0.520495 -0.131529 0.033081 -0.495573 -0.095805 -0.185845 0.012461 -0.104998 -0.129511 " />
											<Normal vector="-0.078921 -0.811029 0.579608 -0.638173 -0.651814 0.409619 -0.509262 -0.467025 -0.722831 0.078921 -0.584704 -0.807367 0.078921 -0.584704 -0.807367 -0.509262 -0.467025 -0.722831 -0.509262 0.672567 -0.536882 0.078921 0.811029 -0.579608 0.078921 0.811029 -0.579608 -0.509262 0.672567 -0.536882 -0.638173 0.487777 0.595599 -0.078921 0.584704 0.807367 -0.078921 0.584704 0.807367 -0.638173 0.487777 0.595599 -0.638173 -0.651814 0.409619 -0.078921 -0.811029 0.579608 0.638173 -0.487777 -0.595599 0.638173 0.651814 -0.409619 0.509262 0.467025 0.722831 0.509262 -0.672567 0.536882 -0.509262 0.672567 -0.536882 -0.638173 0.487777 0.595599 0.509262 0.467025 0.722831 -0.078921 0.584704 0.807367 -0.078921 -0.811029 0.579608 0.638173 0.651814 -0.409619 0.078921 0.811029 -0.579608 -0.078921 0.584704 0.807367 0.509262 0.467025 0.722831 0.078921 -0.584704 -0.807367 0.078921 0.811029 -0.579608 0.638173 0.651814 -0.409619 0.509262 -0.672567 0.536882 -0.078921 -0.811029 0.579608 0.078921 -0.584704 -0.807367 0.638173 -0.487777 -0.595599 " />
											<TextureCoordinate point="0.5195 0.6403 0.7266 0.6403 0.7266 0.7397 0.5195 0.7397 0.5195 0.6403 0.7266 0.6403 0.7266 0.7397 0.5195 0.7397 0.5195 0.6403 0.7266 0.6403 0.7266 0.7397 0.5195 0.7397 0.5195 0.6403 0.7266 0.6403 0.7266 0.7397 0.5195 0.7397 0.7754 0.6403 0.9825 0.6403 0.9825 0.7397 0.7754 0.7397 0.5195 0.6403 0.5195 0.7397 0.7754 0.6403 0.9825 0.6403 0.9825 0.7397 0.7754 0.6403 0.9825 0.6403 0.9825 0.7397 0.7754 0.7397 0.9825 0.6403 0.9825 0.7397 0.7754 0.7397 0.7754 0.6403 0.9825 0.6403 0.9825 0.7397 0.7754 0.7397 " />
										</IndexedTriangleSet>
									</Shape>
								</Group>
							</Transform>
							<Transform DEF="Cube_015_TRANSFORM"
							           translation="-0.598943 0.029556 -0.081470"
							           scale="1.000000 1.000000 1.000000"
							           rotation="0.000000 1.000000 0.000000 0.000000"
							           >
								<Transform DEF="Cube_015_ifs_TRANSFORM"
								           translation="0.000000 0.000000 0.000000"
								           scale="1.000000 1.000000 1.000000"
								           rotation="0.000000 1.000000 0.000000 0.000000"
								           >
									<Group DEF="group_ME_Cube_022">
										<Shape>
											<Appearance>
												<Material USE="MA_Body" />
											</Appearance>
											<IndexedTriangleSet solid="false"
											                    normalPerVertex="true"
											                    index="0 1 2 0 2 3 4 5 6 4 6 7 8 9 10 8 10 11 12 13 14 12 14 15 4 16 17 4 17 15 18 5 14 18 14 19 "
											                    >
												<Coordinate point="-0.087310 -0.136295 0.094466 -0.945646 0.248083 -0.144274 -0.869418 0.268437 -0.385567 -0.011082 -0.115942 -0.146826 -0.011082 -0.115942 -0.146826 -0.869418 0.268437 -0.385567 -0.771025 0.520673 -0.333206 0.087310 0.136295 -0.094466 0.087310 0.136295 -0.094466 -0.771025 0.520673 -0.333206 -0.847254 0.500320 -0.091914 0.011082 0.115942 0.146826 0.011082 0.115942 0.146826 -0.847254 0.500320 -0.091914 -0.945646 0.248083 -0.144274 -0.087310 -0.136295 0.094466 0.087310 0.136295 -0.094466 0.011082 0.115942 0.146826 -0.771025 0.520673 -0.333206 -0.847254 0.500320 -0.091914 " />
												<Normal vector="0.131352 -0.803064 0.581164 -0.890072 -0.345653 0.297067 -0.543352 -0.253059 -0.800409 0.478072 -0.710501 -0.516312 0.478072 -0.710501 -0.516312 -0.543352 -0.253059 -0.800409 -0.131352 0.803064 -0.581164 0.890072 0.345653 -0.297067 0.890072 0.345653 -0.297067 -0.131352 0.803064 -0.581164 -0.478072 0.710501 0.516312 0.543352 0.253059 0.800409 0.543352 0.253059 0.800409 -0.478072 0.710501 0.516312 -0.890072 -0.345653 0.297067 0.131352 -0.803064 0.581164 0.890072 0.345653 -0.297067 0.543352 0.253059 0.800409 -0.131352 0.803064 -0.581164 -0.478072 0.710501 0.516312 " />
												<TextureCoordinate point="0.5294 0.6339 0.7372 0.6339 0.7372 0.7362 0.5294 0.7362 0.5294 0.6339 0.7372 0.6339 0.7372 0.7362 0.5294 0.7362 0.5294 0.6339 0.7372 0.6339 0.7372 0.7362 0.5294 0.7362 0.5294 0.6339 0.7372 0.6339 0.7372 0.7362 0.5294 0.7362 0.7372 0.6339 0.7372 0.7362 0.5294 0.6339 0.5294 0.7362 " />
											</IndexedTriangleSet>
										</Shape>
									</Group>
								</Transform>
							</Transform>
							<Transform DEF="Cube_020_TRANSFORM"
							           translation="-0.598257 -0.009504 -0.083062"
							           scale="1.000000 1.000000 1.000000"
							           rotation="0.000000 1.000000 0.000000 0.000000"
							           >
								<Transform DEF="Cube_020_ifs_TRANSFORM"
								           translation="0.000000 0.000000 0.000000"
								           scale="1.000000 1.000000 1.000000"
								           rotation="0.000000 1.000000 0.000000 0.000000"
								           >
									<Group DEF="group_ME_Cube_028">
										<Shape>
											<Appearance>
												<Material USE="MA_Body" />
											</Appearance>
											<IndexedTriangleSet solid="false"
											                    normalPerVertex="true"
											                    index="0 1 2 0 2 3 4 5 6 4 6 7 8 9 10 8 10 11 12 13 14 12 14 15 4 16 17 4 17 15 18 5 14 18 14 19 "
											                    >
												<Coordinate point="-0.024239 -0.157453 0.091092 -0.916791 -0.172067 -0.171671 -0.847749 -0.115538 -0.409336 0.044803 -0.100924 -0.146573 0.044803 -0.100924 -0.146573 -0.847749 -0.115538 -0.409336 -0.868313 0.142839 -0.353854 0.024239 0.157453 -0.091092 0.024239 0.157453 -0.091092 -0.868313 0.142839 -0.353854 -0.937355 0.086310 -0.116189 -0.044803 0.100924 0.146573 -0.044803 0.100924 0.146573 -0.937355 0.086310 -0.116189 -0.916791 -0.172067 -0.171671 -0.024239 -0.157453 0.091092 0.024239 0.157453 -0.091092 -0.044803 0.100924 0.146573 -0.868313 0.142839 -0.353854 -0.937355 0.086310 -0.116189 " />
												<Normal vector="0.441542 -0.682272 0.582690 -0.666005 -0.700400 0.256630 -0.351970 -0.443281 -0.824366 0.755577 -0.425123 -0.498306 0.755577 -0.425123 -0.498306 -0.351970 -0.443281 -0.824366 -0.441542 0.682272 -0.582690 0.666005 0.700400 -0.256630 0.666005 0.700400 -0.256630 -0.441542 0.682272 -0.582690 -0.755577 0.425123 0.498306 0.351970 0.443281 0.824366 0.351970 0.443281 0.824366 -0.755577 0.425123 0.498306 -0.666005 -0.700400 0.256630 0.441542 -0.682272 0.582690 0.666005 0.700400 -0.256630 0.351970 0.443281 0.824366 -0.441542 0.682272 -0.582690 -0.755577 0.425123 0.498306 " />
												<TextureCoordinate point="0.5294 0.6339 0.7372 0.6339 0.7372 0.7362 0.5294 0.7362 0.5294 0.6339 0.7372 0.6339 0.7372 0.7362 0.5294 0.7362 0.5294 0.6339 0.7372 0.6339 0.7372 0.7362 0.5294 0.7362 0.5294 0.6339 0.7372 0.6339 0.7372 0.7362 0.5294 0.7362 0.7372 0.6339 0.7372 0.7362 0.5294 0.6339 0.5294 0.7362 " />
											</IndexedTriangleSet>
										</Shape>
									</Group>
								</Transform>
							</Transform>
						</Transform>
					</Transform>
				</Transform>
			</Transform>
			<Transform DEF="wing1_TRANSFORM"
			           translation="0.684914 -0.124467 1.258348"
			           scale="1.000000 1.000000 1.000000"
			           rotation="0.000000 1.000000 0.000000 0.000000"
			           >
				<Transform DEF="wing1_ifs_TRANSFORM"
				           translation="0.000000 0.000000 0.000000"
				           scale="1.000000 1.000000 1.000000"
				           rotation="0.000000 1.000000 0.000000 0.000000"
				           >
					<Group DEF="group_ME_wing1">
						<Shape>
							<Appearance>
								<Material USE="MA_Body" />
							</Appearance>
							<IndexedTriangleSet solid="false"
							                    normalPerVertex="true"
							                    index="0 1 2 0 2 3 4 5 6 4 6 7 8 9 10 8 10 11 12 13 14 12 14 15 4 16 17 4 17 18 19 5 20 19 20 21 "
							                    >
								<Coordinate point="0.000000 -0.046270 -0.376487 0.000000 -0.121573 0.359310 0.000000 0.046270 0.376487 0.000000 0.121573 -0.359310 0.000000 0.121573 -0.359310 0.000000 0.046270 0.376487 0.546136 0.046270 0.376487 0.546136 0.121573 -0.359310 0.546136 0.121573 -0.359310 0.546136 0.046270 0.376487 0.546136 -0.121573 0.359310 0.546136 -0.046270 -0.376487 0.546136 -0.046270 -0.376487 0.546136 -0.121573 0.359310 0.000000 -0.121573 0.359310 0.000000 -0.046270 -0.376487 0.546136 0.121573 -0.359310 0.546136 -0.046270 -0.376487 0.000000 -0.046270 -0.376487 0.546136 0.046270 0.376487 0.000000 -0.121573 0.359310 0.546136 -0.121573 0.359310 " />
								<Normal vector="-0.577349 -0.515549 -0.633106 -0.577349 -0.633106 0.515549 -0.577349 0.515549 0.633106 -0.577349 0.633106 -0.515549 -0.577349 0.633106 -0.515549 -0.577349 0.515549 0.633106 0.577349 0.515549 0.633106 0.577349 0.633106 -0.515549 0.577349 0.633106 -0.515549 0.577349 0.515549 0.633106 0.577349 -0.633106 0.515549 0.577349 -0.515549 -0.633106 0.577349 -0.515549 -0.633106 0.577349 -0.633106 0.515549 -0.577349 -0.633106 0.515549 -0.577349 -0.515549 -0.633106 0.577349 0.633106 -0.515549 0.577349 -0.515549 -0.633106 -0.577349 -0.515549 -0.633106 0.577349 0.515549 0.633106 -0.577349 -0.633106 0.515549 0.577349 -0.633106 0.515549 " />
								<TextureCoordinate point="0.0473 0.7726 0.4613 0.7726 0.4613 0.9764 0.0473 0.9764 0.0473 0.7726 0.4613 0.7726 0.4613 0.9764 0.0473 0.9764 0.0473 0.7726 0.4613 0.7726 0.4613 0.9764 0.0473 0.9764 0.5590 0.7750 0.9635 0.7750 0.9635 0.9740 0.5590 0.9740 0.4613 0.7726 0.4613 0.9764 0.0473 0.9764 0.0473 0.7726 0.4613 0.9764 0.0473 0.9764 " />
							</IndexedTriangleSet>
						</Shape>
					</Group>
				</Transform>
				<Transform DEF="Cube_010_TRANSFORM"
				           translation="0.480439 0.025884 -0.019024"
				           scale="1.000000 1.000000 1.000000"
				           rotation="0.000000 1.000000 0.000000 0.000000"
				           >
					<Transform DEF="Cube_010_ifs_TRANSFORM"
					           translation="0.000000 0.000000 0.000000"
					           scale="1.000000 1.000000 1.000000"
					           rotation="0.000000 1.000000 0.000000 0.000000"
					           >
						<Group DEF="group_ME_Cube_023">
							<Shape>
								<Appearance>
									<Material USE="MA_Body" />
								</Appearance>
								<IndexedTriangleSet solid="false"
								                    normalPerVertex="true"
								                    index="0 1 2 0 2 3 4 5 6 4 6 7 8 9 10 8 10 11 12 13 14 12 14 15 4 16 17 4 17 18 19 5 20 19 20 21 "
								                    >
									<Coordinate point="0.000000 -0.062894 -0.540494 0.000000 -0.171073 0.516550 0.000000 0.062894 0.540494 0.000000 0.171073 -0.516550 0.000000 0.171073 -0.516550 0.000000 0.062894 0.540494 0.899734 0.062894 0.540494 0.899734 0.171073 -0.516550 0.899734 0.171073 -0.516550 0.899734 0.062894 0.540494 0.899734 -0.171073 0.516550 0.899734 -0.062894 -0.540494 0.899734 -0.062894 -0.540494 0.899734 -0.171073 0.516550 0.000000 -0.171073 0.516550 0.000000 -0.062894 -0.540494 0.899734 0.171073 -0.516550 0.899734 -0.062894 -0.540494 0.000000 -0.062894 -0.540494 0.899734 0.062894 0.540494 0.000000 -0.171073 0.516550 0.899734 -0.171073 0.516550 " />
									<Normal vector="-0.577349 -0.515549 -0.633106 -0.577349 -0.633106 0.515549 -0.577349 0.515549 0.633106 -0.577349 0.633106 -0.515549 -0.577349 0.633106 -0.515549 -0.577349 0.515549 0.633106 0.577349 0.515549 0.633106 0.577349 0.633106 -0.515549 0.577349 0.633106 -0.515549 0.577349 0.515549 0.633106 0.577349 -0.633106 0.515549 0.577349 -0.515549 -0.633106 0.577349 -0.515549 -0.633106 0.577349 -0.633106 0.515549 -0.577349 -0.633106 0.515549 -0.577349 -0.515549 -0.633106 0.577349 0.633106 -0.515549 0.577349 -0.515549 -0.633106 -0.577349 -0.515549 -0.633106 0.577349 0.515549 0.633106 -0.577349 -0.633106 0.515549 0.577349 -0.633106 0.515549 " />
									<TextureCoordinate point="0.0473 0.7726 0.4613 0.7726 0.4613 0.9764 0.0473 0.9764 0.0473 0.7726 0.4613 0.7726 0.4613 0.9764 0.0473 0.9764 0.0473 0.7726 0.4613 0.7726 0.4613 0.9764 0.0473 0.9764 0.5590 0.7750 0.9635 0.7750 0.9635 0.9740 0.5590 0.9740 0.4613 0.7726 0.4613 0.9764 0.0473 0.9764 0.0473 0.7726 0.4613 0.9764 0.0473 0.9764 " />
								</IndexedTriangleSet>
							</Shape>
						</Group>
					</Transform>
				</Transform>
				<Transform DEF="Cube_011_TRANSFORM"
				           translation="1.338366 0.013532 0.109665"
				           scale="1.000000 1.000000 1.000000"
				           rotation="0.000000 1.000000 0.000000 0.000000"
				           >
					<Transform DEF="Cube_011_ifs_TRANSFORM"
					           translation="0.000000 0.000000 0.000000"
					           scale="1.000000 1.000000 1.000000"
					           rotation="0.000000 1.000000 0.000000 0.000000"
					           >
						<Group DEF="group_ME_Cube_024">
							<Shape>
								<Appearance>
									<Material USE="MA_Body" />
								</Appearance>
								<IndexedTriangleSet solid="false"
								                    normalPerVertex="true"
								                    index="0 1 2 0 2 3 4 5 6 4 6 7 8 9 10 8 10 11 12 13 14 12 14 15 4 16 17 4 17 18 19 5 20 19 20 21 "
								                    >
									<Coordinate point="0.007139 -0.077463 -0.159948 -0.018510 -0.101282 0.145032 -0.007139 0.077463 0.159948 0.018510 0.101282 -0.145032 0.018510 0.101282 -0.145032 -0.007139 0.077463 0.159948 0.837991 0.018153 0.226394 0.863641 0.041973 -0.078586 0.863641 0.041973 -0.078586 0.837991 0.018153 0.226394 0.826620 -0.160591 0.211477 0.852270 -0.136772 -0.093503 0.852270 -0.136772 -0.093503 0.826620 -0.160591 0.211477 -0.018510 -0.101282 0.145032 0.007139 -0.077463 -0.159948 0.863641 0.041973 -0.078586 0.852270 -0.136772 -0.093503 0.007139 -0.077463 -0.159948 0.837991 0.018153 0.226394 -0.018510 -0.101282 0.145032 0.826620 -0.160591 0.211477 " />
									<Normal vector="-0.562456 -0.489090 -0.666616 -0.658925 -0.578692 0.480514 -0.585864 0.569689 0.576342 -0.489395 0.659261 -0.570788 -0.489395 0.659261 -0.570788 -0.585864 0.569689 0.576342 0.562456 0.489090 0.666616 0.658925 0.578692 -0.480514 0.658925 0.578692 -0.480514 0.562456 0.489090 0.666616 0.489395 -0.659261 0.570788 0.585864 -0.569689 -0.576342 0.585864 -0.569689 -0.576342 0.489395 -0.659261 0.570788 -0.658925 -0.578692 0.480514 -0.562456 -0.489090 -0.666616 0.658925 0.578692 -0.480514 0.585864 -0.569689 -0.576342 -0.562456 -0.489090 -0.666616 0.562456 0.489090 0.666616 -0.658925 -0.578692 0.480514 0.489395 -0.659261 0.570788 " />
									<TextureCoordinate point="0.0473 0.7726 0.4613 0.7726 0.4613 0.9764 0.0473 0.9764 0.0473 0.7726 0.4613 0.7726 0.4613 0.9764 0.0473 0.9764 0.0473 0.7726 0.4613 0.7726 0.4613 0.9764 0.0473 0.9764 0.5590 0.7750 0.9635 0.7750 0.9635 0.9740 0.5590 0.9740 0.4613 0.7726 0.4613 0.9764 0.0473 0.9764 0.0473 0.7726 0.4613 0.9764 0.0473 0.9764 " />
								</IndexedTriangleSet>
							</Shape>
						</Group>
					</Transform>
				</Transform>
				<Transform DEF="Cube_012_TRANSFORM"
				           translation="1.259618 -0.015664 0.384960"
				           scale="1.000000 1.000000 1.000000"
				           rotation="0.000000 1.000000 0.000000 0.000000"
				           >
					<Transform DEF="Cube_012_ifs_TRANSFORM"
					           translation="0.000000 0.000000 0.000000"
					           scale="1.000000 1.000000 1.000000"
					           rotation="0.000000 1.000000 0.000000 0.000000"
					           >
						<Group DEF="group_ME_Cube_025">
							<Shape>
								<Appearance>
									<Material USE="MA_Body" />
								</Appearance>
								<IndexedTriangleSet solid="false"
								                    normalPerVertex="true"
								                    index="0 1 2 0 2 3 4 5 6 4 6 7 8 9 10 8 10 11 12 13 14 12 14 15 4 16 17 4 17 18 19 5 20 19 20 21 "
								                    >
									<Coordinate point="0.041426 -0.069129 -0.152969 -0.042540 -0.089647 0.141592 -0.041426 0.069129 0.152969 0.042540 0.089647 -0.141592 0.042540 0.089647 -0.141592 -0.041426 0.069129 0.152969 0.781398 0.046663 0.385955 0.865364 0.067181 0.091393 0.865364 0.067181 0.091393 0.781398 0.046663 0.385955 0.780284 -0.112113 0.374578 0.864250 -0.091595 0.080016 0.864250 -0.091595 0.080016 0.780284 -0.112113 0.374578 -0.042540 -0.089647 0.141592 0.041426 -0.069129 -0.152969 0.865364 0.067181 0.091393 0.864250 -0.091595 0.080016 0.041426 -0.069129 -0.152969 0.781398 0.046663 0.385955 -0.042540 -0.089647 0.141592 0.780284 -0.112113 0.374578 " />
									<Normal vector="-0.401410 -0.522080 -0.752464 -0.717246 -0.599261 0.355480 -0.709189 0.552416 0.438002 -0.393353 0.629597 -0.669942 -0.393353 0.629597 -0.669942 -0.709189 0.552416 0.438002 0.401410 0.522080 0.752464 0.717246 0.599261 -0.355480 0.717246 0.599261 -0.355480 0.401410 0.522080 0.752464 0.393353 -0.629597 0.669942 0.709189 -0.552416 -0.438002 0.709189 -0.552416 -0.438002 0.393353 -0.629597 0.669942 -0.717246 -0.599261 0.355480 -0.401410 -0.522080 -0.752464 0.717246 0.599261 -0.355480 0.709189 -0.552416 -0.438002 -0.401410 -0.522080 -0.752464 0.401410 0.522080 0.752464 -0.717246 -0.599261 0.355480 0.393353 -0.629597 0.669942 " />
									<TextureCoordinate point="0.0473 0.7726 0.4613 0.7726 0.4613 0.9764 0.0473 0.9764 0.0473 0.7726 0.4613 0.7726 0.4613 0.9764 0.0473 0.9764 0.0473 0.7726 0.4613 0.7726 0.4613 0.9764 0.0473 0.9764 0.5590 0.7750 0.9635 0.7750 0.9635 0.9740 0.5590 0.9740 0.4613 0.7726 0.4613 0.9764 0.0473 0.9764 0.0473 0.7726 0.4613 0.9764 0.0473 0.9764 " />
								</IndexedTriangleSet>
							</Shape>
						</Group>
					</Transform>
				</Transform>
				<Transform DEF="Cube_013_TRANSFORM"
				           translation="1.313130 0.041122 -0.201707"
				           scale="1.000000 1.000000 1.000000"
				           rotation="0.000000 1.000000 0.000000 0.000000"
				           >
					<Transform DEF="Cube_013_ifs_TRANSFORM"
					           translation="0.000000 0.000000 0.000000"
					           scale="1.000000 1.000000 1.000000"
					           rotation="0.000000 1.000000 0.000000 0.000000"
					           >
						<Group DEF="group_ME_Cube_026">
							<Shape>
								<Appearance>
									<Material USE="MA_Body" />
								</Appearance>
								<IndexedTriangleSet solid="false"
								                    normalPerVertex="true"
								                    index="0 1 2 0 2 3 4 5 6 4 6 7 8 9 10 8 10 11 12 13 14 12 14 15 4 16 17 4 17 18 19 5 20 19 20 21 "
								                    >
									<Coordinate point="-0.021587 -0.077678 -0.156764 0.005794 -0.094785 0.148516 0.021587 0.077678 0.156764 -0.005794 0.094785 -0.148516 -0.005794 0.094785 -0.148516 0.021587 0.077678 0.156764 0.688100 0.019658 0.093734 0.660720 0.036765 -0.211546 0.660720 0.036765 -0.211546 0.688100 0.019658 0.093734 0.672307 -0.152806 0.085486 0.644927 -0.135699 -0.219794 0.644927 -0.135699 -0.219794 0.672307 -0.152806 0.085486 0.005794 -0.094785 0.148516 -0.021587 -0.077678 -0.156764 0.660720 0.036765 -0.211546 0.644927 -0.135699 -0.219794 -0.021587 -0.077678 -0.156764 0.688100 0.019658 0.093734 0.005794 -0.094785 0.148516 0.672307 -0.152806 0.085486 " />
									<Normal vector="-0.676717 -0.492264 -0.547441 -0.573717 -0.556597 0.600818 -0.468551 0.591968 0.655751 -0.571520 0.656301 -0.492508 -0.571520 0.656301 -0.492508 -0.468551 0.591968 0.655751 0.676717 0.492264 0.547441 0.573717 0.556597 -0.600818 0.573717 0.556597 -0.600818 0.676717 0.492264 0.547441 0.571520 -0.656301 0.492508 0.468551 -0.591968 -0.655751 0.468551 -0.591968 -0.655751 0.571520 -0.656301 0.492508 -0.573717 -0.556597 0.600818 -0.676717 -0.492264 -0.547441 0.573717 0.556597 -0.600818 0.468551 -0.591968 -0.655751 -0.676717 -0.492264 -0.547441 0.676717 0.492264 0.547441 -0.573717 -0.556597 0.600818 0.571520 -0.656301 0.492508 " />
									<TextureCoordinate point="0.0473 0.7726 0.4613 0.7726 0.4613 0.9764 0.0473 0.9764 0.0473 0.7726 0.4613 0.7726 0.4613 0.9764 0.0473 0.9764 0.0473 0.7726 0.4613 0.7726 0.4613 0.9764 0.0473 0.9764 0.5590 0.7750 0.9635 0.7750 0.9635 0.9740 0.5590 0.9740 0.4613 0.7726 0.4613 0.9764 0.0473 0.9764 0.0473 0.7726 0.4613 0.9764 0.0473 0.9764 " />
								</IndexedTriangleSet>
							</Shape>
						</Group>
					</Transform>
				</Transform>
				<Transform DEF="Cube_014_TRANSFORM"
				           translation="1.205356 0.036827 -0.493786"
				           scale="1.000000 1.000000 1.000000"
				           rotation="0.000000 1.000000 0.000000 0.000000"
				           >
					<Transform DEF="Cube_014_ifs_TRANSFORM"
					           translation="0.000000 0.000000 0.000000"
					           scale="1.000000 1.000000 1.000000"
					           rotation="0.000000 1.000000 0.000000 0.000000"
					           >
						<Group DEF="group_ME_Cube_027">
							<Shape>
								<Appearance>
									<Material USE="MA_Body" />
								</Appearance>
								<IndexedTriangleSet solid="false"
								                    normalPerVertex="true"
								                    index="0 1 2 0 2 3 4 5 6 4 6 7 8 9 10 8 10 11 12 13 14 12 14 15 4 16 17 4 17 18 19 5 20 19 20 21 "
								                    >
									<Coordinate point="-0.018178 -0.079808 -0.118760 0.002385 -0.092656 0.110512 0.018178 0.079808 0.118760 -0.002385 0.092656 -0.110512 -0.002385 0.092656 -0.110512 0.018178 0.079808 0.118760 0.438738 0.043198 0.078989 0.418175 0.056046 -0.150283 0.418175 0.056046 -0.150283 0.438738 0.043198 0.078989 0.422945 -0.129266 0.070741 0.402382 -0.116418 -0.158531 0.402382 -0.116418 -0.158531 0.422945 -0.129266 0.070741 0.002385 -0.092656 0.110512 -0.018178 -0.079808 -0.118760 0.418175 0.056046 -0.150283 0.402382 -0.116418 -0.158531 -0.018178 -0.079808 -0.118760 0.438738 0.043198 0.078989 0.002385 -0.092656 0.110512 0.422945 -0.129266 0.070741 " />
									<Normal vector="-0.676717 -0.492264 -0.547441 -0.573717 -0.556597 0.600818 -0.468551 0.591968 0.655751 -0.571520 0.656301 -0.492508 -0.571520 0.656301 -0.492508 -0.468551 0.591968 0.655751 0.676717 0.492264 0.547441 0.573717 0.556597 -0.600818 0.573717 0.556597 -0.600818 0.676717 0.492264 0.547441 0.571520 -0.656301 0.492508 0.468551 -0.591968 -0.655751 0.468551 -0.591968 -0.655751 0.571520 -0.656301 0.492508 -0.573717 -0.556597 0.600818 -0.676717 -0.492264 -0.547441 0.573717 0.556597 -0.600818 0.468551 -0.591968 -0.655751 -0.676717 -0.492264 -0.547441 0.676717 0.492264 0.547441 -0.573717 -0.556597 0.600818 0.571520 -0.656301 0.492508 " />
									<TextureCoordinate point="0.0473 0.7726 0.4613 0.7726 0.4613 0.9764 0.0473 0.9764 0.0473 0.7726 0.4613 0.7726 0.4613 0.9764 0.0473 0.9764 0.0473 0.7726 0.4613 0.7726 0.4613 0.9764 0.0473 0.9764 0.5590 0.7750 0.9635 0.7750 0.9635 0.9740 0.5590 0.9740 0.4613 0.7726 0.4613 0.9764 0.0473 0.9764 0.0473 0.7726 0.4613 0.9764 0.0473 0.9764 " />
								</IndexedTriangleSet>
							</Shape>
						</Group>
					</Transform>
				</Transform>
			</Transform>
			<Transform DEF="leg1_TRANSFORM"
			           translation="0.324297 -0.032382 0.097186"
			           scale="1.000000 1.000000 1.000000"
			           rotation="0.000000 1.000000 0.000000 0.000000"
			           >
				<Transform DEF="leg1_ifs_TRANSFORM"
				           translation="0.000000 0.000000 0.000000"
				           scale="1.000000 1.000000 1.000000"
				           rotation="0.000000 1.000000 0.000000 0.000000"
				           >
					<Group DEF="group_ME_leg1">
						<Shape>
							<Appearance>
								<Material USE="MA_Body" />
							</Appearance>
							<IndexedTriangleSet solid="false"
							                    normalPerVertex="true"
							                    index="0 1 2 0 2 3 4 5 6 4 6 7 8 9 10 8 10 11 12 13 14 12 14 15 4 16 17 4 17 15 18 5 14 18 14 19 "
							                    >
								<Coordinate point="-0.084125 -0.100638 -0.357218 -0.084125 -0.100638 0.000000 -0.084125 0.100638 0.000000 -0.084125 0.100638 -0.357218 -0.084125 0.100638 -0.357218 -0.084125 0.100638 0.000000 0.084125 0.100638 0.000000 0.084125 0.100638 -0.357218 0.084125 0.100638 -0.357218 0.084125 0.100638 0.000000 0.084125 -0.100638 0.000000 0.084125 -0.100638 -0.357218 0.084125 -0.100638 -0.357218 0.084125 -0.100638 0.000000 -0.084125 -0.100638 0.000000 -0.084125 -0.100638 -0.357218 0.084125 0.100638 -0.357218 0.084125 -0.100638 -0.357218 0.084125 0.100638 0.000000 0.084125 -0.100638 0.000000 " />
								<Normal vector="-0.577349 -0.577349 -0.577349 -0.577349 -0.577349 0.577349 -0.577349 0.577349 0.577349 -0.577349 0.577349 -0.577349 -0.577349 0.577349 -0.577349 -0.577349 0.577349 0.577349 0.577349 0.577349 0.577349 0.577349 0.577349 -0.577349 0.577349 0.577349 -0.577349 0.577349 0.577349 0.577349 0.577349 -0.577349 0.577349 0.577349 -0.577349 -0.577349 0.577349 -0.577349 -0.577349 0.577349 -0.577349 0.577349 -0.577349 -0.577349 0.577349 -0.577349 -0.577349 -0.577349 0.577349 0.577349 -0.577349 0.577349 -0.577349 -0.577349 0.577349 0.577349 0.577349 0.577349 -0.577349 0.577349 " />
								<TextureCoordinate point="0.0473 0.5216 0.4613 0.5216 0.4613 0.7254 0.0473 0.7254 0.0473 0.5216 0.4613 0.5216 0.4613 0.7254 0.0473 0.7254 0.0473 0.5216 0.4613 0.5216 0.4613 0.7254 0.0473 0.7254 0.0473 0.5216 0.4613 0.5216 0.4613 0.7254 0.0473 0.7254 0.4613 0.5216 0.4613 0.7254 0.0473 0.5216 0.0473 0.7254 " />
							</IndexedTriangleSet>
						</Shape>
					</Group>
				</Transform>
				<Transform DEF="foot1_TRANSFORM"
				           translation="-0.001008 0.052871 -0.302848"
				           scale="1.000000 1.000000 1.000000"
				           rotation="0.000000 1.000000 0.000000 0.000000"
				           >
					<Transform DEF="foot1_ifs_TRANSFORM"
					           translation="0.000000 0.000000 0.000000"
					           scale="1.000000 1.000000 1.000000"
					           rotation="0.000000 1.000000 0.000000 0.000000"
					           >
						<Group DEF="group_ME_foot1">
							<Shape>
								<Appearance>
									<Material USE="MA_Body" />
								</Appearance>
								<IndexedTriangleSet solid="false"
								                    normalPerVertex="true"
								                    index="0 1 2 0 2 3 4 5 6 4 6 7 8 9 10 8 10 11 12 13 14 12 14 15 4 16 17 4 17 15 18 5 14 18 14 19 "
								                    >
									<Coordinate point="-0.169256 -0.193085 -0.141617 -0.169256 -0.193085 0.000000 -0.169256 0.082751 0.000000 -0.169256 0.082751 -0.141617 -0.169256 0.082751 -0.141617 -0.169256 0.082751 0.000000 0.169256 0.082751 0.000000 0.169256 0.082751 -0.141617 0.169256 0.082751 -0.141617 0.169256 0.082751 0.000000 0.169256 -0.193085 0.000000 0.169256 -0.193085 -0.141617 0.169256 -0.193085 -0.141617 0.169256 -0.193085 0.000000 -0.169256 -0.193085 0.000000 -0.169256 -0.193085 -0.141617 0.169256 0.082751 -0.141617 0.169256 -0.193085 -0.141617 0.169256 0.082751 0.000000 0.169256 -0.193085 0.000000 " />
									<Normal vector="-0.577349 -0.577349 -0.577349 -0.577349 -0.577349 0.577349 -0.577349 0.577349 0.577349 -0.577349 0.577349 -0.577349 -0.577349 0.577349 -0.577349 -0.577349 0.577349 0.577349 0.577349 0.577349 0.577349 0.577349 0.577349 -0.577349 0.577349 0.577349 -0.577349 0.577349 0.577349 0.577349 0.577349 -0.577349 0.577349 0.577349 -0.577349 -0.577349 0.577349 -0.577349 -0.577349 0.577349 -0.577349 0.577349 -0.577349 -0.577349 0.577349 -0.577349 -0.577349 -0.577349 0.577349 0.577349 -0.577349 0.577349 -0.577349 -0.577349 0.577349 0.577349 0.577349 0.577349 -0.577349 0.577349 " />
									<TextureCoordinate point="0.0473 0.5216 0.4613 0.5216 0.4613 0.7254 0.0473 0.7254 0.0473 0.5216 0.4613 0.5216 0.4613 0.7254 0.0473 0.7254 0.0473 0.5216 0.4613 0.5216 0.4613 0.7254 0.0473 0.7254 0.0473 0.5216 0.4613 0.5216 0.4613 0.7254 0.0473 0.7254 0.4613 0.5216 0.4613 0.7254 0.0473 0.5216 0.0473 0.7254 " />
								</IndexedTriangleSet>
							</Shape>
						</Group>
					</Transform>
					<Transform DEF="Cube_028_TRANSFORM"
					           translation="-0.000000 -0.231919 -0.018195"
					           scale="1.000000 1.000000 1.000000"
					           rotation="0.000000 1.000000 0.000000 0.000000"
					           >
						<Transform DEF="Cube_028_ifs_TRANSFORM"
						           translation="0.000000 0.000000 0.000000"
						           scale="1.000000 1.000000 1.000000"
						           rotation="0.000000 1.000000 0.000000 0.000000"
						           >
							<Group DEF="group_ME_Cube_042">
								<Shape>
									<Appearance>
										<Material USE="MA_Body" />
									</Appearance>
									<IndexedTriangleSet solid="false"
									                    normalPerVertex="true"
									                    index="0 1 2 0 2 3 4 5 6 4 6 7 8 9 10 8 10 11 12 13 14 12 14 15 4 16 17 4 17 15 18 5 14 18 14 19 "
									                    >
										<Coordinate point="-0.056246 -0.305533 -0.128217 -0.056246 -0.305533 -0.018897 -0.056246 0.130943 -0.018897 -0.056246 0.130943 -0.128217 -0.056246 0.130943 -0.128217 -0.056246 0.130943 -0.018897 0.056246 0.130943 -0.018897 0.056246 0.130943 -0.128217 0.056246 0.130943 -0.128217 0.056246 0.130943 -0.018897 0.056246 -0.305533 -0.018897 0.056246 -0.305533 -0.128217 0.056246 -0.305533 -0.128217 0.056246 -0.305533 -0.018897 -0.056246 -0.305533 -0.018897 -0.056246 -0.305533 -0.128217 0.056246 0.130943 -0.128217 0.056246 -0.305533 -0.128217 0.056246 0.130943 -0.018897 0.056246 -0.305533 -0.018897 " />
										<Normal vector="-0.577349 -0.577349 -0.577349 -0.577349 -0.577349 0.577349 -0.577349 0.577349 0.577349 -0.577349 0.577349 -0.577349 -0.577349 0.577349 -0.577349 -0.577349 0.577349 0.577349 0.577349 0.577349 0.577349 0.577349 0.577349 -0.577349 0.577349 0.577349 -0.577349 0.577349 0.577349 0.577349 0.577349 -0.577349 0.577349 0.577349 -0.577349 -0.577349 0.577349 -0.577349 -0.577349 0.577349 -0.577349 0.577349 -0.577349 -0.577349 0.577349 -0.577349 -0.577349 -0.577349 0.577349 0.577349 -0.577349 0.577349 -0.577349 -0.577349 0.577349 0.577349 0.577349 0.577349 -0.577349 0.577349 " />
										<TextureCoordinate point="0.0473 0.5216 0.4613 0.5216 0.4613 0.7254 0.0473 0.7254 0.0473 0.5216 0.4613 0.5216 0.4613 0.7254 0.0473 0.7254 0.0473 0.5216 0.4613 0.5216 0.4613 0.7254 0.0473 0.7254 0.0473 0.5216 0.4613 0.5216 0.4613 0.7254 0.0473 0.7254 0.4613 0.5216 0.4613 0.7254 0.0473 0.5216 0.0473 0.7254 " />
									</IndexedTriangleSet>
								</Shape>
							</Group>
						</Transform>
					</Transform>
					<Transform DEF="Cube_029_TRANSFORM"
					           translation="0.151499 -0.168313 -0.018195"
					           scale="1.000000 1.000000 1.000000"
					           rotation="0.000000 1.000000 0.000000 0.000000"
					           >
						<Transform DEF="Cube_029_ifs_TRANSFORM"
						           translation="0.000000 0.000000 0.000000"
						           scale="1.000000 1.000000 1.000000"
						           rotation="0.000000 1.000000 0.000000 0.000000"
						           >
							<Group DEF="group_ME_Cube_043">
								<Shape>
									<Appearance>
										<Material USE="MA_Body" />
									</Appearance>
									<IndexedTriangleSet solid="false"
									                    normalPerVertex="true"
									                    index="0 1 2 0 2 3 4 5 6 4 6 7 8 9 10 8 10 11 12 13 14 12 14 15 4 16 17 4 17 15 18 5 14 18 14 19 "
									                    >
										<Coordinate point="0.086535 -0.298371 -0.128217 0.086535 -0.298371 -0.018897 -0.108930 0.091890 -0.018897 -0.108930 0.091890 -0.128217 -0.108930 0.091890 -0.128217 -0.108930 0.091890 -0.018897 -0.008349 0.142267 -0.018897 -0.008349 0.142267 -0.128217 -0.008349 0.142267 -0.128217 -0.008349 0.142267 -0.018897 0.187116 -0.247995 -0.018897 0.187116 -0.247995 -0.128217 0.187116 -0.247995 -0.128217 0.187116 -0.247995 -0.018897 0.086535 -0.298371 -0.018897 0.086535 -0.298371 -0.128217 -0.008349 0.142267 -0.128217 0.187116 -0.247995 -0.128217 -0.008349 0.142267 -0.018897 0.187116 -0.247995 -0.018897 " />
										<Normal vector="-0.257637 -0.774773 -0.577349 -0.257637 -0.774773 0.577349 -0.774773 0.257637 0.577349 -0.774773 0.257637 -0.577349 -0.774773 0.257637 -0.577349 -0.774773 0.257637 0.577349 0.257637 0.774773 0.577349 0.257637 0.774773 -0.577349 0.257637 0.774773 -0.577349 0.257637 0.774773 0.577349 0.774773 -0.257637 0.577349 0.774773 -0.257637 -0.577349 0.774773 -0.257637 -0.577349 0.774773 -0.257637 0.577349 -0.257637 -0.774773 0.577349 -0.257637 -0.774773 -0.577349 0.257637 0.774773 -0.577349 0.774773 -0.257637 -0.577349 0.257637 0.774773 0.577349 0.774773 -0.257637 0.577349 " />
										<TextureCoordinate point="0.0473 0.5216 0.4613 0.5216 0.4613 0.7254 0.0473 0.7254 0.0473 0.5216 0.4613 0.5216 0.4613 0.7254 0.0473 0.7254 0.0473 0.5216 0.4613 0.5216 0.4613 0.7254 0.0473 0.7254 0.0473 0.5216 0.4613 0.5216 0.4613 0.7254 0.0473 0.7254 0.4613 0.5216 0.4613 0.7254 0.0473 0.5216 0.0473 0.7254 " />
									</IndexedTriangleSet>
								</Shape>
							</Group>
						</Transform>
					</Transform>
					<Transform DEF="Cube_030_TRANSFORM"
					           translation="-0.000000 -0.231919 -0.052347"
					           scale="1.000000 1.000000 1.000000"
					           rotation="0.000000 1.000000 0.000000 0.000000"
					           >
						<Transform DEF="Cube_030_ifs_TRANSFORM"
						           translation="0.000000 0.000000 0.000000"
						           scale="1.000000 1.000000 1.000000"
						           rotation="0.000000 1.000000 0.000000 0.000000"
						           >
							<Group DEF="group_ME_Cube_045">
								<Shape>
									<Appearance>
										<Material USE="MA_Body" />
									</Appearance>
									<IndexedTriangleSet solid="false"
									                    normalPerVertex="true"
									                    index="0 1 2 0 2 3 4 5 6 4 6 7 8 9 10 8 10 11 12 13 14 12 14 15 4 16 17 4 17 15 18 5 14 18 14 19 "
									                    >
										<Coordinate point="-0.239180 -0.215613 -0.091817 -0.239180 -0.215613 0.000000 -0.177378 0.092406 -0.000000 -0.177378 0.092406 -0.091817 -0.177378 0.092406 -0.091817 -0.177378 0.092406 -0.000000 0.177378 0.092406 -0.000000 0.177378 0.092406 -0.091817 0.177378 0.092406 -0.091817 0.177378 0.092406 -0.000000 0.239180 -0.215613 0.000000 0.239180 -0.215613 -0.091817 0.239180 -0.215613 -0.091817 0.239180 -0.215613 0.000000 -0.239180 -0.215613 0.000000 -0.239180 -0.215613 -0.091817 0.177378 0.092406 -0.091817 0.239180 -0.215613 -0.091817 0.177378 0.092406 -0.000000 0.239180 -0.215613 0.000000 " />
										<Normal vector="-0.636830 -0.521744 -0.567644 -0.636830 -0.521744 0.567644 -0.512375 0.625385 0.588458 -0.512375 0.625385 -0.588458 -0.512375 0.625385 -0.588458 -0.512375 0.625385 0.588458 0.512375 0.625385 0.588458 0.512375 0.625385 -0.588458 0.512375 0.625385 -0.588458 0.512375 0.625385 0.588458 0.636830 -0.521744 0.567644 0.636830 -0.521744 -0.567644 0.636830 -0.521744 -0.567644 0.636830 -0.521744 0.567644 -0.636830 -0.521744 0.567644 -0.636830 -0.521744 -0.567644 0.512375 0.625385 -0.588458 0.636830 -0.521744 -0.567644 0.512375 0.625385 0.588458 0.636830 -0.521744 0.567644 " />
										<TextureCoordinate point="0.0473 0.5216 0.4613 0.5216 0.4613 0.7254 0.0473 0.7254 0.0473 0.5216 0.4613 0.5216 0.4613 0.7254 0.0473 0.7254 0.0473 0.5216 0.4613 0.5216 0.4613 0.7254 0.0473 0.7254 0.0473 0.5216 0.4613 0.5216 0.4613 0.7254 0.0473 0.7254 0.4613 0.5216 0.4613 0.7254 0.0473 0.5216 0.0473 0.7254 " />
									</IndexedTriangleSet>
								</Shape>
							</Group>
						</Transform>
					</Transform>
					<Transform DEF="Cube_040_TRANSFORM"
					           translation="-0.150959 -0.168313 -0.018195"
					           scale="1.000000 1.000000 1.000000"
					           rotation="0.000000 1.000000 0.000000 0.000000"
					           >
						<Transform DEF="Cube_040_ifs_TRANSFORM"
						           translation="0.000000 0.000000 0.000000"
						           scale="1.000000 1.000000 1.000000"
						           rotation="0.000000 1.000000 0.000000 0.000000"
						           >
							<Group DEF="group_ME_Cube_056">
								<Shape>
									<Appearance>
										<Material USE="MA_Body" />
									</Appearance>
									<IndexedTriangleSet solid="false"
									                    normalPerVertex="true"
									                    index="0 1 2 0 2 3 4 5 6 4 6 7 8 9 10 8 10 11 12 13 14 12 14 15 4 13 16 4 16 17 18 19 14 18 14 7 "
									                    >
										<Coordinate point="-0.086535 -0.298371 -0.128217 0.108930 0.091890 -0.128217 0.108930 0.091890 -0.018897 -0.086535 -0.298371 -0.018897 0.108930 0.091890 -0.128217 0.008349 0.142267 -0.128217 0.008349 0.142267 -0.018897 0.108930 0.091890 -0.018897 0.008349 0.142267 -0.128217 -0.187116 -0.247995 -0.128217 -0.187116 -0.247995 -0.018897 0.008349 0.142267 -0.018897 -0.187116 -0.247995 -0.128217 -0.086535 -0.298371 -0.128217 -0.086535 -0.298371 -0.018897 -0.187116 -0.247995 -0.018897 -0.187116 -0.247995 -0.128217 0.008349 0.142267 -0.128217 0.008349 0.142267 -0.018897 -0.187116 -0.247995 -0.018897 " />
										<Normal vector="0.257637 -0.774773 -0.577349 0.774773 0.257637 -0.577349 0.774773 0.257637 0.577349 0.257637 -0.774773 0.577349 0.774773 0.257637 -0.577349 -0.257637 0.774773 -0.577349 -0.257637 0.774773 0.577349 0.774773 0.257637 0.577349 -0.257637 0.774773 -0.577349 -0.774773 -0.257637 -0.577349 -0.774773 -0.257637 0.577349 -0.257637 0.774773 0.577349 -0.774773 -0.257637 -0.577349 0.257637 -0.774773 -0.577349 0.257637 -0.774773 0.577349 -0.774773 -0.257637 0.577349 -0.774773 -0.257637 -0.577349 -0.257637 0.774773 -0.577349 -0.257637 0.774773 0.577349 -0.774773 -0.257637 0.577349 " />
										<TextureCoordinate point="0.0473 0.5216 0.0473 0.7254 0.4613 0.7254 0.4613 0.5216 0.0473 0.5216 0.0473 0.7254 0.4613 0.7254 0.4613 0.5216 0.0473 0.5216 0.0473 0.7254 0.4613 0.7254 0.4613 0.5216 0.0473 0.5216 0.0473 0.7254 0.4613 0.7254 0.4613 0.5216 0.4613 0.7254 0.4613 0.5216 0.0473 0.5216 0.0473 0.7254 " />
									</IndexedTriangleSet>
								</Shape>
							</Group>
						</Transform>
					</Transform>
				</Transform>
			</Transform>
			<Transform DEF="wing2_TRANSFORM"
			           translation="-0.684914 -0.124467 1.258348"
			           scale="1.000000 1.000000 1.000000"
			           rotation="0.000000 1.000000 0.000000 0.000000"
			           >
				<Transform DEF="wing2_ifs_TRANSFORM"
				           translation="0.000000 0.000000 0.000000"
				           scale="1.000000 1.000000 1.000000"
				           rotation="0.000000 1.000000 0.000000 0.000000"
				           >
					<Group DEF="group_ME_wing2">
						<Shape>
							<Appearance>
								<Material USE="MA_Body" />
							</Appearance>
							<IndexedTriangleSet solid="false"
							                    normalPerVertex="true"
							                    index="0 1 2 0 2 3 4 5 6 4 6 7 8 9 10 8 10 11 12 13 14 12 14 15 4 16 17 4 17 18 19 20 21 19 21 7 "
							                    >
								<Coordinate point="0.000000 -0.046270 -0.376487 0.000000 0.121573 -0.359310 0.000000 0.046270 0.376487 0.000000 -0.121573 0.359310 0.000000 0.121573 -0.359310 -0.546136 0.121573 -0.359310 -0.546136 0.046270 0.376487 0.000000 0.046270 0.376487 -0.546136 0.121573 -0.359310 -0.546136 -0.046270 -0.376487 -0.546136 -0.121573 0.359310 -0.546136 0.046270 0.376487 -0.546136 -0.046270 -0.376487 0.000000 -0.046270 -0.376487 0.000000 -0.121573 0.359310 -0.546136 -0.121573 0.359310 0.000000 -0.046270 -0.376487 -0.546136 -0.046270 -0.376487 -0.546136 0.121573 -0.359310 -0.546136 0.046270 0.376487 -0.546136 -0.121573 0.359310 0.000000 -0.121573 0.359310 " />
								<Normal vector="0.577349 -0.515549 -0.633106 0.577349 0.633106 -0.515549 0.577349 0.515549 0.633106 0.577349 -0.633106 0.515549 0.577349 0.633106 -0.515549 -0.577349 0.633106 -0.515549 -0.577349 0.515549 0.633106 0.577349 0.515549 0.633106 -0.577349 0.633106 -0.515549 -0.577349 -0.515549 -0.633106 -0.577349 -0.633106 0.515549 -0.577349 0.515549 0.633106 -0.577349 -0.515549 -0.633106 0.577349 -0.515549 -0.633106 0.577349 -0.633106 0.515549 -0.577349 -0.633106 0.515549 0.577349 -0.515549 -0.633106 -0.577349 -0.515549 -0.633106 -0.577349 0.633106 -0.515549 -0.577349 0.515549 0.633106 -0.577349 -0.633106 0.515549 0.577349 -0.633106 0.515549 " />
								<TextureCoordinate point="0.0473 0.7726 0.0473 0.9764 0.4613 0.9764 0.4613 0.7726 0.0473 0.7726 0.0473 0.9764 0.4613 0.9764 0.4613 0.7726 0.0473 0.7726 0.0473 0.9764 0.4613 0.9764 0.4613 0.7726 0.5590 0.7750 0.5590 0.9740 0.9635 0.9740 0.9635 0.7750 0.0473 0.9764 0.4613 0.9764 0.4613 0.7726 0.0473 0.7726 0.0473 0.9764 0.4613 0.9764 " />
							</IndexedTriangleSet>
						</Shape>
					</Group>
				</Transform>
				<Transform DEF="Cube_025_TRANSFORM"
				           translation="-0.480439 0.025884 -0.019024"
				           scale="1.000000 1.000000 1.000000"
				           rotation="0.000000 1.000000 0.000000 0.000000"
				           >
					<Transform DEF="Cube_025_ifs_TRANSFORM"
					           translation="0.000000 0.000000 0.000000"
					           scale="1.000000 1.000000 1.000000"
					           rotation="0.000000 1.000000 0.000000 0.000000"
					           >
						<Group DEF="group_ME_Cube_033">
							<Shape>
								<Appearance>
									<Material USE="MA_Body" />
								</Appearance>
								<IndexedTriangleSet solid="false"
								                    normalPerVertex="true"
								                    index="0 1 2 0 2 3 4 5 6 4 6 7 8 9 10 8 10 11 12 13 14 12 14 15 4 16 17 4 17 18 19 20 21 19 21 7 "
								                    >
									<Coordinate point="0.000000 -0.062894 -0.540494 0.000000 0.171073 -0.516550 0.000000 0.062894 0.540494 0.000000 -0.171073 0.516550 0.000000 0.171073 -0.516550 -0.899734 0.171073 -0.516550 -0.899734 0.062894 0.540494 0.000000 0.062894 0.540494 -0.899734 0.171073 -0.516550 -0.899734 -0.062894 -0.540494 -0.899734 -0.171073 0.516550 -0.899734 0.062894 0.540494 -0.899734 -0.062894 -0.540494 0.000000 -0.062894 -0.540494 0.000000 -0.171073 0.516550 -0.899734 -0.171073 0.516550 0.000000 -0.062894 -0.540494 -0.899734 -0.062894 -0.540494 -0.899734 0.171073 -0.516550 -0.899734 0.062894 0.540494 -0.899734 -0.171073 0.516550 0.000000 -0.171073 0.516550 " />
									<Normal vector="0.577349 -0.515549 -0.633106 0.577349 0.633106 -0.515549 0.577349 0.515549 0.633106 0.577349 -0.633106 0.515549 0.577349 0.633106 -0.515549 -0.577349 0.633106 -0.515549 -0.577349 0.515549 0.633106 0.577349 0.515549 0.633106 -0.577349 0.633106 -0.515549 -0.577349 -0.515549 -0.633106 -0.577349 -0.633106 0.515549 -0.577349 0.515549 0.633106 -0.577349 -0.515549 -0.633106 0.577349 -0.515549 -0.633106 0.577349 -0.633106 0.515549 -0.577349 -0.633106 0.515549 0.577349 -0.515549 -0.633106 -0.577349 -0.515549 -0.633106 -0.577349 0.633106 -0.515549 -0.577349 0.515549 0.633106 -0.577349 -0.633106 0.515549 0.577349 -0.633106 0.515549 " />
									<TextureCoordinate point="0.0473 0.7726 0.0473 0.9764 0.4613 0.9764 0.4613 0.7726 0.0473 0.7726 0.0473 0.9764 0.4613 0.9764 0.4613 0.7726 0.0473 0.7726 0.0473 0.9764 0.4613 0.9764 0.4613 0.7726 0.5590 0.7750 0.5590 0.9740 0.9635 0.9740 0.9635 0.7750 0.0473 0.9764 0.4613 0.9764 0.4613 0.7726 0.0473 0.7726 0.0473 0.9764 0.4613 0.9764 " />
								</IndexedTriangleSet>
							</Shape>
						</Group>
					</Transform>
				</Transform>
				<Transform DEF="Cube_031_TRANSFORM"
				           translation="-1.338366 0.013532 0.109665"
				           scale="1.000000 1.000000 1.000000"
				           rotation="0.000000 1.000000 0.000000 0.000000"
				           >
					<Transform DEF="Cube_031_ifs_TRANSFORM"
					           translation="0.000000 0.000000 0.000000"
					           scale="1.000000 1.000000 1.000000"
					           rotation="0.000000 1.000000 0.000000 0.000000"
					           >
						<Group DEF="group_ME_Cube_038">
							<Shape>
								<Appearance>
									<Material USE="MA_Body" />
								</Appearance>
								<IndexedTriangleSet solid="false"
								                    normalPerVertex="true"
								                    index="0 1 2 0 2 3 4 5 6 4 6 7 8 9 10 8 10 11 12 13 14 12 14 15 4 16 17 4 17 18 19 20 21 19 21 7 "
								                    >
									<Coordinate point="-0.007139 -0.077462 -0.159948 -0.018510 0.101282 -0.145032 0.007139 0.077462 0.159948 0.018510 -0.101282 0.145032 -0.018510 0.101282 -0.145032 -0.863641 0.041973 -0.078586 -0.837991 0.018153 0.226394 0.007139 0.077462 0.159948 -0.863641 0.041973 -0.078586 -0.852270 -0.136772 -0.093503 -0.826620 -0.160591 0.211477 -0.837991 0.018153 0.226394 -0.852270 -0.136772 -0.093503 -0.007139 -0.077462 -0.159948 0.018510 -0.101282 0.145032 -0.826620 -0.160591 0.211477 -0.007139 -0.077462 -0.159948 -0.852270 -0.136772 -0.093503 -0.863641 0.041973 -0.078586 -0.837991 0.018153 0.226394 -0.826620 -0.160591 0.211477 0.018510 -0.101282 0.145032 " />
									<Normal vector="0.562456 -0.489090 -0.666616 0.489395 0.659261 -0.570788 0.585864 0.569689 0.576342 0.658925 -0.578692 0.480514 0.489395 0.659261 -0.570788 -0.658925 0.578692 -0.480514 -0.562456 0.489090 0.666616 0.585864 0.569689 0.576342 -0.658925 0.578692 -0.480514 -0.585864 -0.569689 -0.576342 -0.489395 -0.659261 0.570788 -0.562456 0.489090 0.666616 -0.585864 -0.569689 -0.576342 0.562456 -0.489090 -0.666616 0.658925 -0.578692 0.480514 -0.489395 -0.659261 0.570788 0.562456 -0.489090 -0.666616 -0.585864 -0.569689 -0.576342 -0.658925 0.578692 -0.480514 -0.562456 0.489090 0.666616 -0.489395 -0.659261 0.570788 0.658925 -0.578692 0.480514 " />
									<TextureCoordinate point="0.0473 0.7726 0.0473 0.9764 0.4613 0.9764 0.4613 0.7726 0.0473 0.7726 0.0473 0.9764 0.4613 0.9764 0.4613 0.7726 0.0473 0.7726 0.0473 0.9764 0.4613 0.9764 0.4613 0.7726 0.5590 0.7750 0.5590 0.9740 0.9635 0.9740 0.9635 0.7750 0.0473 0.9764 0.4613 0.9764 0.4613 0.7726 0.0473 0.7726 0.0473 0.9764 0.4613 0.9764 " />
								</IndexedTriangleSet>
							</Shape>
						</Group>
					</Transform>
				</Transform>
				<Transform DEF="Cube_032_TRANSFORM"
				           translation="-1.259618 -0.015664 0.384960"
				           scale="1.000000 1.000000 1.000000"
				           rotation="0.000000 1.000000 0.000000 0.000000"
				           >
					<Transform DEF="Cube_032_ifs_TRANSFORM"
					           translation="0.000000 0.000000 0.000000"
					           scale="1.000000 1.000000 1.000000"
					           rotation="0.000000 1.000000 0.000000 0.000000"
					           >
						<Group DEF="group_ME_Cube_041">
							<Shape>
								<Appearance>
									<Material USE="MA_Body" />
								</Appearance>
								<IndexedTriangleSet solid="false"
								                    normalPerVertex="true"
								                    index="0 1 2 0 2 3 4 5 6 4 6 7 8 9 10 8 10 11 12 13 14 12 14 15 4 16 17 4 17 18 19 20 21 19 21 7 "
								                    >
									<Coordinate point="-0.041426 -0.069129 -0.152969 -0.042540 0.089647 -0.141592 0.041426 0.069129 0.152969 0.042540 -0.089647 0.141592 -0.042540 0.089647 -0.141592 -0.865364 0.067181 0.091393 -0.781398 0.046663 0.385955 0.041426 0.069129 0.152969 -0.865364 0.067181 0.091393 -0.864250 -0.091595 0.080016 -0.780284 -0.112113 0.374578 -0.781398 0.046663 0.385955 -0.864250 -0.091595 0.080016 -0.041426 -0.069129 -0.152969 0.042540 -0.089647 0.141592 -0.780284 -0.112113 0.374578 -0.041426 -0.069129 -0.152969 -0.864250 -0.091595 0.080016 -0.865364 0.067181 0.091393 -0.781398 0.046663 0.385955 -0.780284 -0.112113 0.374578 0.042540 -0.089647 0.141592 " />
									<Normal vector="0.401410 -0.522080 -0.752464 0.393353 0.629597 -0.669942 0.709189 0.552416 0.438002 0.717246 -0.599261 0.355480 0.393353 0.629597 -0.669942 -0.717246 0.599261 -0.355480 -0.401410 0.522080 0.752464 0.709189 0.552416 0.438002 -0.717246 0.599261 -0.355480 -0.709189 -0.552416 -0.438002 -0.393353 -0.629597 0.669942 -0.401410 0.522080 0.752464 -0.709189 -0.552416 -0.438002 0.401410 -0.522080 -0.752464 0.717246 -0.599261 0.355480 -0.393353 -0.629597 0.669942 0.401410 -0.522080 -0.752464 -0.709189 -0.552416 -0.438002 -0.717246 0.599261 -0.355480 -0.401410 0.522080 0.752464 -0.393353 -0.629597 0.669942 0.717246 -0.599261 0.355480 " />
									<TextureCoordinate point="0.0473 0.7726 0.0473 0.9764 0.4613 0.9764 0.4613 0.7726 0.0473 0.7726 0.0473 0.9764 0.4613 0.9764 0.4613 0.7726 0.0473 0.7726 0.0473 0.9764 0.4613 0.9764 0.4613 0.7726 0.5590 0.7750 0.5590 0.9740 0.9635 0.9740 0.9635 0.7750 0.0473 0.9764 0.4613 0.9764 0.4613 0.7726 0.0473 0.7726 0.0473 0.9764 0.4613 0.9764 " />
								</IndexedTriangleSet>
							</Shape>
						</Group>
					</Transform>
				</Transform>
				<Transform DEF="Cube_033_TRANSFORM"
				           translation="-1.313130 0.041122 -0.201707"
				           scale="1.000000 1.000000 1.000000"
				           rotation="0.000000 1.000000 0.000000 0.000000"
				           >
					<Transform DEF="Cube_033_ifs_TRANSFORM"
					           translation="0.000000 0.000000 0.000000"
					           scale="1.000000 1.000000 1.000000"
					           rotation="0.000000 1.000000 0.000000 0.000000"
					           >
						<Group DEF="group_ME_Cube_046">
							<Shape>
								<Appearance>
									<Material USE="MA_Body" />
								</Appearance>
								<IndexedTriangleSet solid="false"
								                    normalPerVertex="true"
								                    index="0 1 2 0 2 3 4 5 6 4 6 7 8 9 10 8 10 11 12 13 14 12 14 15 4 16 17 4 17 18 19 20 21 19 21 7 "
								                    >
									<Coordinate point="0.021587 -0.077678 -0.156764 0.005794 0.094785 -0.148516 -0.021587 0.077678 0.156764 -0.005794 -0.094785 0.148516 0.005794 0.094785 -0.148516 -0.660720 0.036765 -0.211546 -0.688100 0.019658 0.093734 -0.021587 0.077678 0.156764 -0.660720 0.036765 -0.211546 -0.644927 -0.135699 -0.219794 -0.672307 -0.152806 0.085486 -0.688100 0.019658 0.093734 -0.644927 -0.135699 -0.219794 0.021587 -0.077678 -0.156764 -0.005794 -0.094785 0.148516 -0.672307 -0.152806 0.085486 0.021587 -0.077678 -0.156764 -0.644927 -0.135699 -0.219794 -0.660720 0.036765 -0.211546 -0.688100 0.019658 0.093734 -0.672307 -0.152806 0.085486 -0.005794 -0.094785 0.148516 " />
									<Normal vector="0.676717 -0.492264 -0.547441 0.571520 0.656301 -0.492508 0.468551 0.591968 0.655751 0.573717 -0.556597 0.600818 0.571520 0.656301 -0.492508 -0.573717 0.556597 -0.600818 -0.676717 0.492264 0.547441 0.468551 0.591968 0.655751 -0.573717 0.556597 -0.600818 -0.468551 -0.591968 -0.655751 -0.571520 -0.656301 0.492508 -0.676717 0.492264 0.547441 -0.468551 -0.591968 -0.655751 0.676717 -0.492264 -0.547441 0.573717 -0.556597 0.600818 -0.571520 -0.656301 0.492508 0.676717 -0.492264 -0.547441 -0.468551 -0.591968 -0.655751 -0.573717 0.556597 -0.600818 -0.676717 0.492264 0.547441 -0.571520 -0.656301 0.492508 0.573717 -0.556597 0.600818 " />
									<TextureCoordinate point="0.0473 0.7726 0.0473 0.9764 0.4613 0.9764 0.4613 0.7726 0.0473 0.7726 0.0473 0.9764 0.4613 0.9764 0.4613 0.7726 0.0473 0.7726 0.0473 0.9764 0.4613 0.9764 0.4613 0.7726 0.5590 0.7750 0.5590 0.9740 0.9635 0.9740 0.9635 0.7750 0.0473 0.9764 0.4613 0.9764 0.4613 0.7726 0.0473 0.7726 0.0473 0.9764 0.4613 0.9764 " />
								</IndexedTriangleSet>
							</Shape>
						</Group>
					</Transform>
				</Transform>
				<Transform DEF="Cube_034_TRANSFORM"
				           translation="-1.205356 0.036827 -0.493786"
				           scale="1.000000 1.000000 1.000000"
				           rotation="0.000000 1.000000 0.000000 0.000000"
				           >
					<Transform DEF="Cube_034_ifs_TRANSFORM"
					           translation="0.000000 0.000000 0.000000"
					           scale="1.000000 1.000000 1.000000"
					           rotation="0.000000 1.000000 0.000000 0.000000"
					           >
						<Group DEF="group_ME_Cube_047">
							<Shape>
								<Appearance>
									<Material USE="MA_Body" />
								</Appearance>
								<IndexedTriangleSet solid="false"
								                    normalPerVertex="true"
								                    index="0 1 2 0 2 3 4 5 6 4 6 7 8 9 10 8 10 11 12 13 14 12 14 15 4 16 17 4 17 18 19 20 21 19 21 7 "
								                    >
									<Coordinate point="0.018178 -0.079808 -0.118760 0.002385 0.092656 -0.110512 -0.018178 0.079808 0.118760 -0.002385 -0.092656 0.110512 0.002385 0.092656 -0.110512 -0.418175 0.056046 -0.150283 -0.438738 0.043198 0.078989 -0.018178 0.079808 0.118760 -0.418175 0.056046 -0.150283 -0.402382 -0.116418 -0.158531 -0.422945 -0.129266 0.070741 -0.438738 0.043198 0.078989 -0.402382 -0.116418 -0.158531 0.018178 -0.079808 -0.118760 -0.002385 -0.092656 0.110512 -0.422945 -0.129266 0.070741 0.018178 -0.079808 -0.118760 -0.402382 -0.116418 -0.158531 -0.418175 0.056046 -0.150283 -0.438738 0.043198 0.078989 -0.422945 -0.129266 0.070741 -0.002385 -0.092656 0.110512 " />
									<Normal vector="0.676717 -0.492264 -0.547441 0.571520 0.656301 -0.492508 0.468551 0.591968 0.655751 0.573717 -0.556597 0.600818 0.571520 0.656301 -0.492508 -0.573717 0.556597 -0.600818 -0.676717 0.492264 0.547441 0.468551 0.591968 0.655751 -0.573717 0.556597 -0.600818 -0.468551 -0.591968 -0.655751 -0.571520 -0.656301 0.492508 -0.676717 0.492264 0.547441 -0.468551 -0.591968 -0.655751 0.676717 -0.492264 -0.547441 0.573717 -0.556597 0.600818 -0.571520 -0.656301 0.492508 0.676717 -0.492264 -0.547441 -0.468551 -0.591968 -0.655751 -0.573717 0.556597 -0.600818 -0.676717 0.492264 0.547441 -0.571520 -0.656301 0.492508 0.573717 -0.556597 0.600818 " />
									<TextureCoordinate point="0.0473 0.7726 0.0473 0.9764 0.4613 0.9764 0.4613 0.7726 0.0473 0.7726 0.0473 0.9764 0.4613 0.9764 0.4613 0.7726 0.0473 0.7726 0.0473 0.9764 0.4613 0.9764 0.4613 0.7726 0.5590 0.7750 0.5590 0.9740 0.9635 0.9740 0.9635 0.7750 0.0473 0.9764 0.4613 0.9764 0.4613 0.7726 0.0473 0.7726 0.0473 0.9764 0.4613 0.9764 " />
								</IndexedTriangleSet>
							</Shape>
						</Group>
					</Transform>
				</Transform>
			</Transform>
			<Transform DEF="hand1_TRANSFORM"
			           translation="0.684914 -0.124467 1.258348"
			           scale="1.000000 1.000000 1.000000"
			           rotation="0.000000 1.000000 0.000000 0.000000"
			           >
				<Transform DEF="hand1_ifs_TRANSFORM"
				           translation="0.000000 0.000000 0.000000"
				           scale="1.000000 1.000000 1.000000"
				           rotation="0.000000 1.000000 0.000000 0.000000"
				           >
					<Group DEF="group_ME_hand1">
						<Shape>
							<Appearance>
								<Material USE="MA_Body" />
							</Appearance>
							<IndexedTriangleSet solid="false"
							                    normalPerVertex="true"
							                    index="0 1 2 0 2 3 4 5 6 4 6 7 8 9 10 8 10 11 12 13 14 12 14 15 4 16 17 4 17 18 19 5 20 19 20 21 "
							                    >
								<Coordinate point="0.000000 -0.046270 -0.376487 0.000000 -0.121573 0.359310 0.000000 0.046270 0.376487 0.000000 0.121573 -0.359310 0.000000 0.121573 -0.359310 0.000000 0.046270 0.376487 0.546136 0.046270 0.376487 0.546136 0.121573 -0.359310 0.546136 0.121573 -0.359310 0.546136 0.046270 0.376487 0.546136 -0.121573 0.359310 0.546136 -0.046270 -0.376487 0.546136 -0.046270 -0.376487 0.546136 -0.121573 0.359310 0.000000 -0.121573 0.359310 0.000000 -0.046270 -0.376487 0.546136 0.121573 -0.359310 0.546136 -0.046270 -0.376487 0.000000 -0.046270 -0.376487 0.546136 0.046270 0.376487 0.000000 -0.121573 0.359310 0.546136 -0.121573 0.359310 " />
								<Normal vector="-0.577349 -0.515549 -0.633106 -0.577349 -0.633106 0.515549 -0.577349 0.515549 0.633106 -0.577349 0.633106 -0.515549 -0.577349 0.633106 -0.515549 -0.577349 0.515549 0.633106 0.577349 0.515549 0.633106 0.577349 0.633106 -0.515549 0.577349 0.633106 -0.515549 0.577349 0.515549 0.633106 0.577349 -0.633106 0.515549 0.577349 -0.515549 -0.633106 0.577349 -0.515549 -0.633106 0.577349 -0.633106 0.515549 -0.577349 -0.633106 0.515549 -0.577349 -0.515549 -0.633106 0.577349 0.633106 -0.515549 0.577349 -0.515549 -0.633106 -0.577349 -0.515549 -0.633106 0.577349 0.515549 0.633106 -0.577349 -0.633106 0.515549 0.577349 -0.633106 0.515549 " />
								<TextureCoordinate point="0.0473 0.7726 0.4613 0.7726 0.4613 0.9764 0.0473 0.9764 0.0473 0.7726 0.4613 0.7726 0.4613 0.9764 0.0473 0.9764 0.0473 0.7726 0.4613 0.7726 0.4613 0.9764 0.0473 0.9764 0.5590 0.7750 0.9635 0.7750 0.9635 0.9740 0.5590 0.9740 0.4613 0.7726 0.4613 0.9764 0.0473 0.9764 0.0473 0.7726 0.4613 0.9764 0.0473 0.9764 " />
							</IndexedTriangleSet>
						</Shape>
					</Group>
				</Transform>
				<Transform DEF="c1_TRANSFORM"
				           translation="1.032418 -0.024533 -0.997980"
				           scale="1.000000 1.000000 1.000000"
				           rotation="0.000000 1.000000 0.000000 0.000000"
				           >
					<Transform DEF="c1_ifs_TRANSFORM"
					           translation="0.000000 0.000000 0.000000"
					           scale="1.000000 1.000000 1.000000"
					           rotation="0.000000 1.000000 0.000000 0.000000"
					           >
						<Group DEF="group_ME_c1">
							<Shape>
								<Appearance>
									<Material USE="MA_Body" />
								</Appearance>
								<IndexedTriangleSet solid="false"
								                    normalPerVertex="true"
								                    index="0 1 2 0 2 3 4 5 6 4 6 7 8 9 10 8 10 11 12 13 14 12 14 15 16 17 18 16 18 19 20 5 14 20 14 21 "
								                    >
									<Coordinate point="-0.056841 -0.150839 -0.022900 -0.059781 -0.272526 0.785940 -0.157761 -0.071789 0.815784 -0.154821 0.049899 0.006944 -0.154821 0.049899 0.006944 -0.157761 -0.071789 0.815784 0.053902 0.029152 0.831739 0.056841 0.150839 0.022900 0.056841 0.150839 0.022900 0.053902 0.029152 0.831739 0.151882 -0.171586 0.801895 0.154821 -0.049899 -0.006944 0.154821 -0.049899 -0.006944 0.151882 -0.171586 0.801895 -0.059781 -0.272526 0.785940 -0.056841 -0.150839 -0.022900 -0.154821 0.049899 0.006944 0.056841 0.150839 0.022900 0.154821 -0.049899 -0.006944 -0.056841 -0.150839 -0.022900 0.053902 0.029152 0.831739 0.151882 -0.171586 0.801895 " />
									<Normal vector="-0.266823 -0.676321 -0.686544 -0.270974 -0.848109 0.455245 -0.773003 0.180425 0.608173 -0.768853 0.352214 -0.533647 -0.768853 0.352214 -0.533647 -0.773003 0.180425 0.608173 0.266823 0.676321 0.686544 0.270974 0.848109 -0.455245 0.270974 0.848109 -0.455245 0.266823 0.676321 0.686544 0.768853 -0.352214 0.533647 0.773003 -0.180425 -0.608173 0.773003 -0.180425 -0.608173 0.768853 -0.352214 0.533647 -0.270974 -0.848109 0.455245 -0.266823 -0.676321 -0.686544 -0.768853 0.352214 -0.533647 0.270974 0.848109 -0.455245 0.773003 -0.180425 -0.608173 -0.266823 -0.676321 -0.686544 0.266823 0.676321 0.686544 0.768853 -0.352214 0.533647 " />
									<TextureCoordinate point="0.5209 0.5103 0.7309 0.5103 0.7309 0.6137 0.5209 0.6137 0.5209 0.5103 0.7309 0.5103 0.7309 0.6137 0.5209 0.6137 0.5209 0.5103 0.7309 0.5103 0.7309 0.6137 0.5209 0.6137 0.5209 0.5103 0.7309 0.5103 0.7309 0.6137 0.5209 0.6137 0.7816 0.5163 0.9673 0.5163 0.9673 0.6077 0.7816 0.6077 0.5209 0.5103 0.5209 0.6137 " />
								</IndexedTriangleSet>
							</Shape>
						</Group>
					</Transform>
					<Transform DEF="Cube_016_TRANSFORM"
					           translation="-0.002862 -0.118497 0.787632"
					           scale="1.000000 1.000000 1.000000"
					           rotation="0.000000 1.000000 0.000000 0.000000"
					           >
						<Transform DEF="Cube_016_ifs_TRANSFORM"
						           translation="0.000000 0.000000 0.000000"
						           scale="1.000000 1.000000 1.000000"
						           rotation="0.000000 1.000000 0.000000 0.000000"
						           >
							<Group DEF="group_ME_Cube_029">
								<Shape>
									<Appearance>
										<Material USE="MA_Body" />
									</Appearance>
									<IndexedTriangleSet solid="false"
									                    normalPerVertex="true"
									                    index="0 1 2 0 2 3 4 5 6 4 6 7 8 9 10 8 10 11 12 13 14 12 14 15 4 16 17 4 17 15 18 5 14 18 14 19 "
									                    >
										<Coordinate point="-0.047540 -0.126524 -0.010083 -0.082168 -0.174115 0.750371 -0.163290 -0.005098 0.757254 -0.128662 0.042494 -0.003199 -0.128662 0.042494 -0.003199 -0.163290 -0.005098 0.757254 0.012913 0.078932 0.770537 0.047540 0.126524 0.010083 0.047540 0.126524 0.010083 0.012913 0.078932 0.770537 0.094035 -0.090086 0.763653 0.128662 -0.042494 0.003199 0.128662 -0.042494 0.003199 0.094035 -0.090086 0.763653 -0.082168 -0.174115 0.750371 -0.047540 -0.126524 -0.010083 0.047540 0.126524 0.010083 0.128662 -0.042494 0.003199 0.012913 0.078932 0.770537 0.094035 -0.090086 0.763653 " />
										<Normal vector="-0.244057 -0.732047 -0.636006 -0.296457 -0.804102 0.515244 -0.795770 0.236152 0.557604 -0.743339 0.308206 -0.593616 -0.743339 0.308206 -0.593616 -0.795770 0.236152 0.557604 0.244057 0.732047 0.636006 0.296457 0.804102 -0.515244 0.296457 0.804102 -0.515244 0.244057 0.732047 0.636006 0.743339 -0.308206 0.593616 0.795770 -0.236152 -0.557604 0.795770 -0.236152 -0.557604 0.743339 -0.308206 0.593616 -0.296457 -0.804102 0.515244 -0.244057 -0.732047 -0.636006 0.296457 0.804102 -0.515244 0.795770 -0.236152 -0.557604 0.244057 0.732047 0.636006 0.743339 -0.308206 0.593616 " />
										<TextureCoordinate point="0.5209 0.5103 0.7309 0.5103 0.7309 0.6137 0.5209 0.6137 0.5209 0.5103 0.7309 0.5103 0.7309 0.6137 0.5209 0.6137 0.5209 0.5103 0.7309 0.5103 0.7309 0.6137 0.5209 0.6137 0.5209 0.5103 0.7309 0.5103 0.7309 0.6137 0.5209 0.6137 0.7309 0.5103 0.7309 0.6137 0.5209 0.5103 0.5209 0.6137 " />
									</IndexedTriangleSet>
								</Shape>
							</Group>
						</Transform>
						<Transform DEF="Cube_017_TRANSFORM"
						           translation="-0.033812 -0.046471 0.742550"
						           scale="1.000000 1.000000 1.000000"
						           rotation="0.000000 1.000000 0.000000 0.000000"
						           >
							<Transform DEF="Cube_017_ifs_TRANSFORM"
							           translation="0.000000 0.000000 0.000000"
							           scale="1.000000 1.000000 1.000000"
							           rotation="0.000000 1.000000 0.000000 0.000000"
							           >
								<Group DEF="group_ME_Cube_030">
									<Shape>
										<Appearance>
											<Material USE="MA_Body" />
										</Appearance>
										<IndexedTriangleSet solid="false"
										                    normalPerVertex="true"
										                    index="0 1 2 0 2 3 4 5 6 4 6 7 8 9 10 8 10 11 12 13 14 12 14 15 16 17 18 16 18 19 20 5 14 20 14 21 22 23 24 22 24 19 25 26 27 25 27 28 16 29 30 16 30 31 32 33 34 32 34 35 "
										                    >
											<Coordinate point="-0.110018 -0.139419 0.507708 -0.142426 -0.128871 0.870903 -0.237431 0.072610 0.856574 -0.205023 0.062062 0.493380 -0.205023 0.062062 0.493380 -0.237431 0.072610 0.856574 -0.013226 0.179531 0.873475 0.019182 0.168984 0.510280 0.019182 0.168984 0.510280 -0.013226 0.179531 0.873475 0.081779 -0.021950 0.887804 0.114187 -0.032498 0.524609 0.114187 -0.032498 0.524609 0.081779 -0.021950 0.887804 -0.142426 -0.128871 0.870903 -0.110018 -0.139419 0.507708 -0.159605 0.047280 -0.015615 0.064600 0.154201 0.001286 0.159605 -0.047280 0.015615 -0.064600 -0.154201 -0.001286 -0.013226 0.179531 0.873475 0.081779 -0.021950 0.887804 0.159605 -0.047280 0.015615 0.114187 -0.032498 0.524609 -0.110018 -0.139419 0.507708 0.064600 0.154201 0.001286 0.019182 0.168984 0.510280 0.114187 -0.032498 0.524609 0.159605 -0.047280 0.015615 -0.205023 0.062062 0.493380 0.019182 0.168984 0.510280 0.064600 0.154201 0.001286 -0.064600 -0.154201 -0.001286 -0.110018 -0.139419 0.507708 -0.205023 0.062062 0.493380 -0.159605 0.047280 -0.015615 " />
											<Normal vector="-0.335795 -0.941923 -0.002594 -0.325480 -0.752373 0.572680 -0.816919 0.289865 0.498550 -0.937712 0.334574 -0.093387 -0.937712 0.334574 -0.093387 -0.816919 0.289865 0.498550 0.222877 0.785760 0.576952 0.335795 0.941923 0.002594 0.335795 0.941923 0.002594 0.222877 0.785760 0.576952 0.714347 -0.256478 0.651051 0.937712 -0.334574 0.093387 0.937712 -0.334574 0.093387 0.714347 -0.256478 0.651051 -0.325480 -0.752373 0.572680 -0.335795 -0.941923 -0.002594 -0.714347 0.256478 -0.651051 0.325480 0.752373 -0.572680 0.816919 -0.289865 -0.498550 -0.222877 -0.785760 -0.576952 0.222877 0.785760 0.576952 0.714347 -0.256478 0.651051 0.816919 -0.289865 -0.498550 0.937712 -0.334574 0.093387 -0.335795 -0.941923 -0.002594 0.325480 0.752373 -0.572680 0.335795 0.941923 0.002594 0.937712 -0.334574 0.093387 0.816919 -0.289865 -0.498550 -0.937712 0.334574 -0.093387 0.335795 0.941923 0.002594 0.325480 0.752373 -0.572680 -0.222877 -0.785760 -0.576952 -0.335795 -0.941923 -0.002594 -0.937712 0.334574 -0.093387 -0.714347 0.256478 -0.651051 " />
											<TextureCoordinate point="0.5195 0.6403 0.7266 0.6403 0.7266 0.7397 0.5195 0.7397 0.5195 0.6403 0.7266 0.6403 0.7266 0.7397 0.5195 0.7397 0.5195 0.6403 0.7266 0.6403 0.7266 0.7397 0.5195 0.7397 0.5195 0.6403 0.7266 0.6403 0.7266 0.7397 0.5195 0.7397 0.7754 0.6403 0.9825 0.6403 0.9825 0.7397 0.7754 0.7397 0.5195 0.6403 0.5195 0.7397 0.7754 0.6403 0.9825 0.6403 0.9825 0.7397 0.7754 0.6403 0.9825 0.6403 0.9825 0.7397 0.7754 0.7397 0.9825 0.6403 0.9825 0.7397 0.7754 0.7397 0.7754 0.6403 0.9825 0.6403 0.9825 0.7397 0.7754 0.7397 " />
										</IndexedTriangleSet>
									</Shape>
								</Group>
							</Transform>
							<Transform DEF="Cube_018_TRANSFORM"
							           translation="-0.046829 0.040410 0.602012"
							           scale="1.000000 1.000000 1.000000"
							           rotation="0.000000 1.000000 0.000000 0.000000"
							           >
								<Transform DEF="Cube_018_ifs_TRANSFORM"
								           translation="0.000000 0.000000 0.000000"
								           scale="1.000000 1.000000 1.000000"
								           rotation="0.000000 1.000000 0.000000 0.000000"
								           >
									<Group DEF="group_ME_Cube_031">
										<Shape>
											<Appearance>
												<Material USE="MA_Body" />
											</Appearance>
											<IndexedTriangleSet solid="false"
											                    normalPerVertex="true"
											                    index="0 1 2 0 2 3 4 5 6 4 6 7 8 9 10 8 10 11 12 13 14 12 14 15 4 16 17 4 17 15 18 5 14 18 14 19 "
											                    >
												<Coordinate point="-0.061135 -0.161214 0.073456 0.082086 0.191191 0.966082 -0.036216 0.405950 0.900278 -0.179437 0.053545 0.007651 -0.179437 0.053545 0.007651 -0.036216 0.405950 0.900278 0.204357 0.513619 0.819171 0.061135 0.161214 -0.073456 0.061135 0.161214 -0.073456 0.204357 0.513619 0.819171 0.322658 0.298860 0.884975 0.179437 -0.053545 -0.007651 0.179437 -0.053545 -0.007651 0.322658 0.298860 0.884975 0.082086 0.191191 0.966082 -0.061135 -0.161214 0.073456 0.061135 0.161214 -0.073456 0.179437 -0.053545 -0.007651 0.204357 0.513619 0.819171 0.322658 0.298860 0.884975 " />
												<Normal vector="-0.319834 -0.923521 -0.211646 -0.149388 -0.504135 0.850581 -0.687490 0.472671 0.551256 -0.857936 0.053285 -0.510971 -0.857936 0.053285 -0.510971 -0.687490 0.472671 0.551256 0.319834 0.923521 0.211646 0.149388 0.504135 -0.850581 0.149388 0.504135 -0.850581 0.319834 0.923521 0.211646 0.857936 -0.053285 0.510971 0.687490 -0.472671 -0.551256 0.687490 -0.472671 -0.551256 0.857936 -0.053285 0.510971 -0.149388 -0.504135 0.850581 -0.319834 -0.923521 -0.211646 0.149388 0.504135 -0.850581 0.687490 -0.472671 -0.551256 0.319834 0.923521 0.211646 0.857936 -0.053285 0.510971 " />
												<TextureCoordinate point="0.5294 0.6339 0.7372 0.6339 0.7372 0.7362 0.5294 0.7362 0.5294 0.6339 0.7372 0.6339 0.7372 0.7362 0.5294 0.7362 0.5294 0.6339 0.7372 0.6339 0.7372 0.7362 0.5294 0.7362 0.5294 0.6339 0.7372 0.6339 0.7372 0.7362 0.5294 0.7362 0.7372 0.6339 0.7372 0.7362 0.5294 0.6339 0.5294 0.7362 " />
											</IndexedTriangleSet>
										</Shape>
									</Group>
								</Transform>
							</Transform>
							<Transform DEF="Cube_019_TRANSFORM"
							           translation="-0.079705 0.019545 0.598469"
							           scale="1.000000 1.000000 1.000000"
							           rotation="0.000000 1.000000 0.000000 0.000000"
							           >
								<Transform DEF="Cube_019_ifs_TRANSFORM"
								           translation="0.000000 0.000000 0.000000"
								           scale="1.000000 1.000000 1.000000"
								           rotation="0.000000 1.000000 0.000000 0.000000"
								           >
									<Group DEF="group_ME_Cube_032">
										<Shape>
											<Appearance>
												<Material USE="MA_Body" />
											</Appearance>
											<IndexedTriangleSet solid="false"
											                    normalPerVertex="true"
											                    index="0 1 2 0 2 3 4 5 6 4 6 7 8 9 10 8 10 11 12 13 14 12 14 15 4 16 17 4 17 15 18 5 14 18 14 19 "
											                    >
												<Coordinate point="-0.077825 -0.165941 0.009142 -0.276545 -0.023278 0.906953 -0.363434 0.208570 0.850880 -0.164714 0.065907 -0.046930 -0.164714 0.065907 -0.046930 -0.363434 0.208570 0.850880 -0.120895 0.308604 0.888668 0.077825 0.165941 -0.009142 0.077825 0.165941 -0.009142 -0.120895 0.308604 0.888668 -0.034007 0.076757 0.944741 0.164714 -0.065907 0.046930 0.164714 -0.065907 0.046930 -0.034007 0.076757 0.944741 -0.276545 -0.023278 0.906953 -0.077825 -0.165941 0.009142 0.077825 0.165941 -0.009142 0.164714 -0.065907 0.046930 -0.120895 0.308604 0.888668 -0.034007 0.076757 0.944741 " />
												<Normal vector="-0.207373 -0.833674 -0.511826 -0.453963 -0.656636 0.602252 -0.849178 0.397900 0.347209 -0.602588 0.220862 -0.766869 -0.602588 0.220862 -0.766869 -0.849178 0.397900 0.347209 0.207373 0.833674 0.511826 0.453963 0.656636 -0.602252 0.453963 0.656636 -0.602252 0.207373 0.833674 0.511826 0.602588 -0.220862 0.766869 0.849178 -0.397900 -0.347209 0.849178 -0.397900 -0.347209 0.602588 -0.220862 0.766869 -0.453963 -0.656636 0.602252 -0.207373 -0.833674 -0.511826 0.453963 0.656636 -0.602252 0.849178 -0.397900 -0.347209 0.207373 0.833674 0.511826 0.602588 -0.220862 0.766869 " />
												<TextureCoordinate point="0.5294 0.6339 0.7372 0.6339 0.7372 0.7362 0.5294 0.7362 0.5294 0.6339 0.7372 0.6339 0.7372 0.7362 0.5294 0.7362 0.5294 0.6339 0.7372 0.6339 0.7372 0.7362 0.5294 0.7362 0.5294 0.6339 0.7372 0.6339 0.7372 0.7362 0.5294 0.7362 0.7372 0.6339 0.7372 0.7362 0.5294 0.6339 0.5294 0.7362 " />
											</IndexedTriangleSet>
										</Shape>
									</Group>
								</Transform>
							</Transform>
						</Transform>
					</Transform>
				</Transform>
				<Transform DEF="Cube_035_TRANSFORM"
				           translation="0.480439 0.025884 -0.019024"
				           scale="1.000000 1.000000 1.000000"
				           rotation="0.000000 1.000000 0.000000 0.000000"
				           >
					<Transform DEF="Cube_035_ifs_TRANSFORM"
					           translation="0.000000 0.000000 0.000000"
					           scale="1.000000 1.000000 1.000000"
					           rotation="0.000000 1.000000 0.000000 0.000000"
					           >
						<Group DEF="group_ME_Cube_048">
							<Shape>
								<Appearance>
									<Material USE="MA_Body" />
								</Appearance>
								<IndexedTriangleSet solid="false"
								                    normalPerVertex="true"
								                    index="0 1 2 0 2 3 4 5 6 4 6 7 8 9 10 8 10 11 12 13 14 12 14 15 4 16 17 4 17 18 19 5 20 19 20 21 "
								                    >
									<Coordinate point="0.000000 -0.062894 -0.540494 0.000000 -0.171073 0.516550 0.000000 0.062894 0.540494 0.000000 0.171073 -0.516550 0.000000 0.171073 -0.516550 0.000000 0.062894 0.540494 0.899734 0.062894 0.540494 0.899734 0.171073 -0.516550 0.899734 0.171073 -0.516550 0.899734 0.062894 0.540494 0.899734 -0.171073 0.516550 0.899734 -0.062894 -0.540494 0.899734 -0.062894 -0.540494 0.899734 -0.171073 0.516550 0.000000 -0.171073 0.516550 0.000000 -0.062894 -0.540494 0.899734 0.171073 -0.516550 0.899734 -0.062894 -0.540494 0.000000 -0.062894 -0.540494 0.899734 0.062894 0.540494 0.000000 -0.171073 0.516550 0.899734 -0.171073 0.516550 " />
									<Normal vector="-0.577349 -0.515549 -0.633106 -0.577349 -0.633106 0.515549 -0.577349 0.515549 0.633106 -0.577349 0.633106 -0.515549 -0.577349 0.633106 -0.515549 -0.577349 0.515549 0.633106 0.577349 0.515549 0.633106 0.577349 0.633106 -0.515549 0.577349 0.633106 -0.515549 0.577349 0.515549 0.633106 0.577349 -0.633106 0.515549 0.577349 -0.515549 -0.633106 0.577349 -0.515549 -0.633106 0.577349 -0.633106 0.515549 -0.577349 -0.633106 0.515549 -0.577349 -0.515549 -0.633106 0.577349 0.633106 -0.515549 0.577349 -0.515549 -0.633106 -0.577349 -0.515549 -0.633106 0.577349 0.515549 0.633106 -0.577349 -0.633106 0.515549 0.577349 -0.633106 0.515549 " />
									<TextureCoordinate point="0.0473 0.7726 0.4613 0.7726 0.4613 0.9764 0.0473 0.9764 0.0473 0.7726 0.4613 0.7726 0.4613 0.9764 0.0473 0.9764 0.0473 0.7726 0.4613 0.7726 0.4613 0.9764 0.0473 0.9764 0.5590 0.7750 0.9635 0.7750 0.9635 0.9740 0.5590 0.9740 0.4613 0.7726 0.4613 0.9764 0.0473 0.9764 0.0473 0.7726 0.4613 0.9764 0.0473 0.9764 " />
								</IndexedTriangleSet>
							</Shape>
						</Group>
					</Transform>
				</Transform>
				<Transform DEF="Cube_036_TRANSFORM"
				           translation="1.337900 -0.075089 0.109665"
				           scale="1.000000 1.000000 1.000000"
				           rotation="0.000000 1.000000 0.000000 0.000000"
				           >
					<Transform DEF="Cube_036_ifs_TRANSFORM"
					           translation="0.000000 0.000000 0.000000"
					           scale="1.000000 1.000000 1.000000"
					           rotation="0.000000 1.000000 0.000000 0.000000"
					           >
						<Group DEF="group_ME_Cube_049">
							<Shape>
								<Appearance>
									<Material USE="MA_Body" />
								</Appearance>
								<IndexedTriangleSet solid="false"
								                    normalPerVertex="true"
								                    index="0 1 2 0 2 3 4 5 6 4 6 7 8 9 10 8 10 11 12 13 14 12 14 15 4 16 17 4 17 18 19 5 20 19 20 21 "
								                    >
									<Coordinate point="-0.026613 0.059637 -0.165439 -0.062671 0.093819 0.137496 0.026613 -0.059637 0.165439 0.062671 -0.093819 -0.137496 0.062671 -0.093819 -0.137496 0.026613 -0.059637 0.165439 -0.704132 -0.491759 0.127218 -0.668074 -0.525941 -0.175717 -0.668074 -0.525941 -0.175717 -0.704132 -0.491759 0.127218 -0.793416 -0.338302 0.099275 -0.757358 -0.372485 -0.203660 -0.757358 -0.372485 -0.203660 -0.793416 -0.338302 0.099275 -0.062671 0.093819 0.137496 -0.026613 0.059637 -0.165439 -0.668074 -0.525941 -0.175717 -0.757358 -0.372485 -0.203660 -0.026613 0.059637 -0.165439 -0.704132 -0.491759 0.127218 -0.062671 0.093819 0.137496 -0.793416 -0.338302 0.099275 " />
									<Normal vector="0.277444 0.722251 -0.633534 0.141820 0.850826 0.505936 0.715445 -0.135075 0.685446 0.851070 -0.263649 -0.453993 0.851070 -0.263649 -0.453993 0.715445 -0.135075 0.685446 -0.277444 -0.722251 0.633534 -0.141820 -0.850826 -0.505936 -0.141820 -0.850826 -0.505936 -0.277444 -0.722251 0.633534 -0.851070 0.263649 0.453993 -0.715445 0.135075 -0.685446 -0.715445 0.135075 -0.685446 -0.851070 0.263649 0.453993 0.141820 0.850826 0.505936 0.277444 0.722251 -0.633534 -0.141820 -0.850826 -0.505936 -0.715445 0.135075 -0.685446 0.277444 0.722251 -0.633534 -0.277444 -0.722251 0.633534 0.141820 0.850826 0.505936 -0.851070 0.263649 0.453993 " />
									<TextureCoordinate point="0.0473 0.7726 0.4613 0.7726 0.4613 0.9764 0.0473 0.9764 0.0473 0.7726 0.4613 0.7726 0.4613 0.9764 0.0473 0.9764 0.0473 0.7726 0.4613 0.7726 0.4613 0.9764 0.0473 0.9764 0.5590 0.7750 0.9635 0.7750 0.9635 0.9740 0.5590 0.9740 0.4613 0.7726 0.4613 0.9764 0.0473 0.9764 0.0473 0.7726 0.4613 0.9764 0.0473 0.9764 " />
								</IndexedTriangleSet>
							</Shape>
						</Group>
					</Transform>
				</Transform>
				<Transform DEF="Cube_037_TRANSFORM"
				           translation="1.348428 -0.089691 0.384960"
				           scale="1.000000 1.000000 1.000000"
				           rotation="0.000000 1.000000 0.000000 0.000000"
				           >
					<Transform DEF="Cube_037_ifs_TRANSFORM"
					           translation="0.000000 0.000000 0.000000"
					           scale="1.000000 1.000000 1.000000"
					           rotation="0.000000 1.000000 0.000000 0.000000"
					           >
						<Group DEF="group_ME_Cube_050">
							<Shape>
								<Appearance>
									<Material USE="MA_Body" />
								</Appearance>
								<IndexedTriangleSet solid="false"
								                    normalPerVertex="true"
								                    index="0 1 2 0 2 3 4 5 6 4 6 7 8 9 10 8 10 11 12 13 14 12 14 15 4 16 17 4 17 18 19 5 20 19 20 21 "
								                    >
									<Coordinate point="-0.038086 0.038340 -0.164238 -0.037902 0.098808 0.136730 0.038086 -0.038340 0.164238 0.037902 -0.098808 -0.136730 0.037902 -0.098808 -0.136730 0.038086 -0.038340 0.164238 -0.713625 -0.438609 0.245116 -0.713809 -0.499077 -0.055852 -0.713809 -0.499077 -0.055852 -0.713625 -0.438609 0.245116 -0.789613 -0.301461 0.217607 -0.789797 -0.361928 -0.083360 -0.789797 -0.361928 -0.083360 -0.789613 -0.301461 0.217607 -0.037902 0.098808 0.136730 -0.038086 0.038340 -0.164238 -0.713809 -0.499077 -0.055852 -0.789797 -0.361928 -0.083360 -0.038086 0.038340 -0.164238 -0.713625 -0.438609 0.245116 -0.037902 0.098808 0.136730 -0.789613 -0.301461 0.217607 " />
									<Normal vector="0.231361 0.653829 -0.720389 0.232063 0.881252 0.411664 0.783258 -0.113529 0.611194 0.782556 -0.340983 -0.520829 0.782556 -0.340983 -0.520829 0.783258 -0.113529 0.611194 -0.231361 -0.653829 0.720389 -0.232063 -0.881252 -0.411664 -0.232063 -0.881252 -0.411664 -0.231361 -0.653829 0.720389 -0.782556 0.340983 0.520829 -0.783258 0.113529 -0.611194 -0.783258 0.113529 -0.611194 -0.782556 0.340983 0.520829 0.232063 0.881252 0.411664 0.231361 0.653829 -0.720389 -0.232063 -0.881252 -0.411664 -0.783258 0.113529 -0.611194 0.231361 0.653829 -0.720389 -0.231361 -0.653829 0.720389 0.232063 0.881252 0.411664 -0.782556 0.340983 0.520829 " />
									<TextureCoordinate point="0.0473 0.7726 0.4613 0.7726 0.4613 0.9764 0.0473 0.9764 0.0473 0.7726 0.4613 0.7726 0.4613 0.9764 0.0473 0.9764 0.0473 0.7726 0.4613 0.7726 0.4613 0.9764 0.0473 0.9764 0.5590 0.7750 0.9635 0.7750 0.9635 0.9740 0.5590 0.9740 0.4613 0.7726 0.4613 0.9764 0.0473 0.9764 0.0473 0.7726 0.4613 0.9764 0.0473 0.9764 " />
								</IndexedTriangleSet>
							</Shape>
						</Group>
					</Transform>
				</Transform>
				<Transform DEF="Cube_038_TRANSFORM"
				           translation="1.318021 -0.043421 -0.201707"
				           scale="1.000000 1.000000 1.000000"
				           rotation="0.000000 1.000000 0.000000 0.000000"
				           >
					<Transform DEF="Cube_038_ifs_TRANSFORM"
					           translation="0.000000 0.000000 0.000000"
					           scale="1.000000 1.000000 1.000000"
					           rotation="0.000000 1.000000 0.000000 0.000000"
					           >
						<Group DEF="group_ME_Cube_051">
							<Shape>
								<Appearance>
									<Material USE="MA_Body" />
								</Appearance>
								<IndexedTriangleSet solid="false"
								                    normalPerVertex="true"
								                    index="0 1 2 0 2 3 4 5 6 4 6 7 8 9 10 8 10 11 12 13 14 12 14 15 4 16 17 4 17 18 19 5 20 19 20 21 "
								                    >
									<Coordinate point="-0.036681 0.071794 -0.156764 -0.068415 0.065857 0.148516 0.036681 -0.071794 0.156764 0.068415 -0.065857 -0.148516 0.068415 -0.065857 -0.148516 0.036681 -0.071794 0.156764 -0.493255 -0.480174 0.093734 -0.461521 -0.474237 -0.211546 -0.461521 -0.474237 -0.211546 -0.493255 -0.480174 0.093734 -0.598352 -0.342523 0.085486 -0.566617 -0.336586 -0.219794 -0.566617 -0.336586 -0.219794 -0.598352 -0.342523 0.085486 -0.068415 0.065857 0.148516 -0.036681 0.071794 -0.156764 -0.461521 -0.474237 -0.211546 -0.566617 -0.336586 -0.219794 -0.036681 0.071794 -0.156764 -0.493255 -0.480174 0.093734 -0.068415 0.065857 0.148516 -0.598352 -0.342523 0.085486 " />
									<Normal vector="0.165014 0.820399 -0.547441 0.045625 0.798059 0.600818 0.745567 -0.118656 0.655751 0.864925 -0.096316 -0.492508 0.864925 -0.096316 -0.492508 0.745567 -0.118656 0.655751 -0.165014 -0.820399 0.547441 -0.045625 -0.798059 -0.600818 -0.045625 -0.798059 -0.600818 -0.165014 -0.820399 0.547441 -0.864925 0.096316 0.492508 -0.745567 0.118656 -0.655751 -0.745567 0.118656 -0.655751 -0.864925 0.096316 0.492508 0.045625 0.798059 0.600818 0.165014 0.820399 -0.547441 -0.045625 -0.798059 -0.600818 -0.745567 0.118656 -0.655751 0.165014 0.820399 -0.547441 -0.165014 -0.820399 0.547441 0.045625 0.798059 0.600818 -0.864925 0.096316 0.492508 " />
									<TextureCoordinate point="0.0473 0.7726 0.4613 0.7726 0.4613 0.9764 0.0473 0.9764 0.0473 0.7726 0.4613 0.7726 0.4613 0.9764 0.0473 0.9764 0.0473 0.7726 0.4613 0.7726 0.4613 0.9764 0.0473 0.9764 0.5590 0.7750 0.9635 0.7750 0.9635 0.9740 0.5590 0.9740 0.4613 0.7726 0.4613 0.9764 0.0473 0.9764 0.0473 0.7726 0.4613 0.9764 0.0473 0.9764 " />
								</IndexedTriangleSet>
							</Shape>
						</Group>
					</Transform>
				</Transform>
				<Transform DEF="Cube_039_TRANSFORM"
				           translation="1.342559 -0.071117 -0.493786"
				           scale="1.000000 1.000000 1.000000"
				           rotation="0.000000 1.000000 0.000000 0.000000"
				           >
					<Transform DEF="Cube_039_ifs_TRANSFORM"
					           translation="0.000000 0.000000 0.000000"
					           scale="1.000000 1.000000 1.000000"
					           rotation="0.000000 1.000000 0.000000 0.000000"
					           >
						<Group DEF="group_ME_Cube_052">
							<Shape>
								<Appearance>
									<Material USE="MA_Body" />
								</Appearance>
								<IndexedTriangleSet solid="false"
								                    normalPerVertex="true"
								                    index="0 1 2 0 2 3 4 5 6 4 6 7 8 9 10 8 10 11 12 13 14 12 14 15 4 16 17 4 17 18 19 5 20 19 20 21 "
								                    >
									<Coordinate point="-0.037633 0.072688 -0.118760 -0.061632 0.069226 0.110512 0.037633 -0.072688 0.118760 0.061632 -0.069226 -0.110512 0.061632 -0.069226 -0.110512 0.037633 -0.072688 0.118760 -0.307202 -0.316203 0.078989 -0.283203 -0.312742 -0.150283 -0.283203 -0.312742 -0.150283 -0.307202 -0.316203 0.078989 -0.406467 -0.174289 0.070741 -0.382469 -0.170828 -0.158531 -0.382469 -0.170828 -0.158531 -0.406467 -0.174289 0.070741 -0.061632 0.069226 0.110512 -0.037633 0.072688 -0.118760 -0.283203 -0.312742 -0.150283 -0.382469 -0.170828 -0.158531 -0.037633 0.072688 -0.118760 -0.307202 -0.316203 0.078989 -0.061632 0.069226 0.110512 -0.406467 -0.174289 0.070741 " />
									<Normal vector="0.199072 0.812799 -0.547441 0.078860 0.795465 0.600818 0.739952 -0.149632 0.655751 0.860164 -0.132298 -0.492508 0.860164 -0.132298 -0.492508 0.739952 -0.149632 0.655751 -0.199072 -0.812799 0.547441 -0.078860 -0.795465 -0.600818 -0.078860 -0.795465 -0.600818 -0.199072 -0.812799 0.547441 -0.860164 0.132298 0.492508 -0.739952 0.149632 -0.655751 -0.739952 0.149632 -0.655751 -0.860164 0.132298 0.492508 0.078860 0.795465 0.600818 0.199072 0.812799 -0.547441 -0.078860 -0.795465 -0.600818 -0.739952 0.149632 -0.655751 0.199072 0.812799 -0.547441 -0.199072 -0.812799 0.547441 0.078860 0.795465 0.600818 -0.860164 0.132298 0.492508 " />
									<TextureCoordinate point="0.0473 0.7726 0.4613 0.7726 0.4613 0.9764 0.0473 0.9764 0.0473 0.7726 0.4613 0.7726 0.4613 0.9764 0.0473 0.9764 0.0473 0.7726 0.4613 0.7726 0.4613 0.9764 0.0473 0.9764 0.5590 0.7750 0.9635 0.7750 0.9635 0.9740 0.5590 0.9740 0.4613 0.7726 0.4613 0.9764 0.0473 0.9764 0.0473 0.7726 0.4613 0.9764 0.0473 0.9764 " />
								</IndexedTriangleSet>
							</Shape>
						</Group>
					</Transform>
				</Transform>
			</Transform>
			<Transform DEF="leg2_TRANSFORM"
			           translation="-0.330673 -0.032382 0.097186"
			           scale="1.000000 1.000000 1.000000"
			           rotation="0.000000 1.000000 0.000000 0.000000"
			           >
				<Transform DEF="leg2_ifs_TRANSFORM"
				           translation="0.000000 0.000000 0.000000"
				           scale="1.000000 1.000000 1.000000"
				           rotation="0.000000 1.000000 0.000000 0.000000"
				           >
					<Group DEF="group_ME_leg2">
						<Shape>
							<Appearance>
								<Material USE="MA_Body" />
							</Appearance>
							<IndexedTriangleSet solid="false"
							                    normalPerVertex="true"
							                    index="0 1 2 0 2 3 4 5 6 4 6 7 8 9 10 8 10 11 12 13 14 12 14 15 4 13 16 4 16 17 18 19 14 18 14 7 "
							                    >
								<Coordinate point="0.084125 -0.100638 -0.357218 0.084125 0.100638 -0.357218 0.084125 0.100638 0.000000 0.084125 -0.100638 0.000000 0.084125 0.100638 -0.357218 -0.084125 0.100638 -0.357218 -0.084125 0.100638 0.000000 0.084125 0.100638 0.000000 -0.084125 0.100638 -0.357218 -0.084125 -0.100638 -0.357218 -0.084125 -0.100638 0.000000 -0.084125 0.100638 0.000000 -0.084125 -0.100638 -0.357218 0.084125 -0.100638 -0.357218 0.084125 -0.100638 0.000000 -0.084125 -0.100638 0.000000 -0.084125 -0.100638 -0.357218 -0.084125 0.100638 -0.357218 -0.084125 0.100638 0.000000 -0.084125 -0.100638 0.000000 " />
								<Normal vector="0.577349 -0.577349 -0.577349 0.577349 0.577349 -0.577349 0.577349 0.577349 0.577349 0.577349 -0.577349 0.577349 0.577349 0.577349 -0.577349 -0.577349 0.577349 -0.577349 -0.577349 0.577349 0.577349 0.577349 0.577349 0.577349 -0.577349 0.577349 -0.577349 -0.577349 -0.577349 -0.577349 -0.577349 -0.577349 0.577349 -0.577349 0.577349 0.577349 -0.577349 -0.577349 -0.577349 0.577349 -0.577349 -0.577349 0.577349 -0.577349 0.577349 -0.577349 -0.577349 0.577349 -0.577349 -0.577349 -0.577349 -0.577349 0.577349 -0.577349 -0.577349 0.577349 0.577349 -0.577349 -0.577349 0.577349 " />
								<TextureCoordinate point="0.0473 0.5216 0.0473 0.7254 0.4613 0.7254 0.4613 0.5216 0.0473 0.5216 0.0473 0.7254 0.4613 0.7254 0.4613 0.5216 0.0473 0.5216 0.0473 0.7254 0.4613 0.7254 0.4613 0.5216 0.0473 0.5216 0.0473 0.7254 0.4613 0.7254 0.4613 0.5216 0.4613 0.7254 0.4613 0.5216 0.0473 0.5216 0.0473 0.7254 " />
							</IndexedTriangleSet>
						</Shape>
					</Group>
				</Transform>
				<Transform DEF="foot2_TRANSFORM"
				           translation="0.001008 0.052871 -0.302848"
				           scale="1.000000 1.000000 1.000000"
				           rotation="0.000000 1.000000 0.000000 0.000000"
				           >
					<Transform DEF="foot2_ifs_TRANSFORM"
					           translation="0.000000 0.000000 0.000000"
					           scale="1.000000 1.000000 1.000000"
					           rotation="0.000000 1.000000 0.000000 0.000000"
					           >
						<Group DEF="group_ME_foot2">
							<Shape>
								<Appearance>
									<Material USE="MA_Body" />
								</Appearance>
								<IndexedTriangleSet solid="false"
								                    normalPerVertex="true"
								                    index="0 1 2 0 2 3 4 5 6 4 6 7 8 9 10 8 10 11 12 13 14 12 14 15 4 13 16 4 16 17 18 19 14 18 14 7 "
								                    >
									<Coordinate point="0.169256 -0.193085 -0.141617 0.169256 0.082751 -0.141617 0.169256 0.082751 0.000000 0.169256 -0.193085 -0.000000 0.169256 0.082751 -0.141617 -0.169256 0.082751 -0.141617 -0.169256 0.082751 0.000000 0.169256 0.082751 0.000000 -0.169256 0.082751 -0.141617 -0.169256 -0.193085 -0.141617 -0.169256 -0.193085 -0.000000 -0.169256 0.082751 0.000000 -0.169256 -0.193085 -0.141617 0.169256 -0.193085 -0.141617 0.169256 -0.193085 -0.000000 -0.169256 -0.193085 -0.000000 -0.169256 -0.193085 -0.141617 -0.169256 0.082751 -0.141617 -0.169256 0.082751 0.000000 -0.169256 -0.193085 -0.000000 " />
									<Normal vector="0.577349 -0.577349 -0.577349 0.577349 0.577349 -0.577349 0.577349 0.577349 0.577349 0.577349 -0.577349 0.577349 0.577349 0.577349 -0.577349 -0.577349 0.577349 -0.577349 -0.577349 0.577349 0.577349 0.577349 0.577349 0.577349 -0.577349 0.577349 -0.577349 -0.577349 -0.577349 -0.577349 -0.577349 -0.577349 0.577349 -0.577349 0.577349 0.577349 -0.577349 -0.577349 -0.577349 0.577349 -0.577349 -0.577349 0.577349 -0.577349 0.577349 -0.577349 -0.577349 0.577349 -0.577349 -0.577349 -0.577349 -0.577349 0.577349 -0.577349 -0.577349 0.577349 0.577349 -0.577349 -0.577349 0.577349 " />
									<TextureCoordinate point="0.0473 0.5216 0.0473 0.7254 0.4613 0.7254 0.4613 0.5216 0.0473 0.5216 0.0473 0.7254 0.4613 0.7254 0.4613 0.5216 0.0473 0.5216 0.0473 0.7254 0.4613 0.7254 0.4613 0.5216 0.0473 0.5216 0.0473 0.7254 0.4613 0.7254 0.4613 0.5216 0.4613 0.7254 0.4613 0.5216 0.0473 0.5216 0.0473 0.7254 " />
								</IndexedTriangleSet>
							</Shape>
						</Group>
					</Transform>
					<Transform DEF="Cube_041_TRANSFORM"
					           translation="0.000000 -0.231919 -0.018195"
					           scale="1.000000 1.000000 1.000000"
					           rotation="0.000000 1.000000 0.000000 0.000000"
					           >
						<Transform DEF="Cube_041_ifs_TRANSFORM"
						           translation="0.000000 0.000000 0.000000"
						           scale="1.000000 1.000000 1.000000"
						           rotation="0.000000 1.000000 0.000000 0.000000"
						           >
							<Group DEF="group_ME_Cube_057">
								<Shape>
									<Appearance>
										<Material USE="MA_Body" />
									</Appearance>
									<IndexedTriangleSet solid="false"
									                    normalPerVertex="true"
									                    index="0 1 2 0 2 3 4 5 6 4 6 7 8 9 10 8 10 11 12 13 14 12 14 15 4 13 16 4 16 17 18 19 14 18 14 7 "
									                    >
										<Coordinate point="0.056246 -0.305533 -0.128217 0.056246 0.130943 -0.128217 0.056246 0.130943 -0.018897 0.056246 -0.305533 -0.018897 0.056246 0.130943 -0.128217 -0.056246 0.130943 -0.128217 -0.056246 0.130943 -0.018897 0.056246 0.130943 -0.018897 -0.056246 0.130943 -0.128217 -0.056246 -0.305533 -0.128217 -0.056246 -0.305533 -0.018897 -0.056246 0.130943 -0.018897 -0.056246 -0.305533 -0.128217 0.056246 -0.305533 -0.128217 0.056246 -0.305533 -0.018897 -0.056246 -0.305533 -0.018897 -0.056246 -0.305533 -0.128217 -0.056246 0.130943 -0.128217 -0.056246 0.130943 -0.018897 -0.056246 -0.305533 -0.018897 " />
										<Normal vector="0.577349 -0.577349 -0.577349 0.577349 0.577349 -0.577349 0.577349 0.577349 0.577349 0.577349 -0.577349 0.577349 0.577349 0.577349 -0.577349 -0.577349 0.577349 -0.577349 -0.577349 0.577349 0.577349 0.577349 0.577349 0.577349 -0.577349 0.577349 -0.577349 -0.577349 -0.577349 -0.577349 -0.577349 -0.577349 0.577349 -0.577349 0.577349 0.577349 -0.577349 -0.577349 -0.577349 0.577349 -0.577349 -0.577349 0.577349 -0.577349 0.577349 -0.577349 -0.577349 0.577349 -0.577349 -0.577349 -0.577349 -0.577349 0.577349 -0.577349 -0.577349 0.577349 0.577349 -0.577349 -0.577349 0.577349 " />
										<TextureCoordinate point="0.0473 0.5216 0.0473 0.7254 0.4613 0.7254 0.4613 0.5216 0.0473 0.5216 0.0473 0.7254 0.4613 0.7254 0.4613 0.5216 0.0473 0.5216 0.0473 0.7254 0.4613 0.7254 0.4613 0.5216 0.0473 0.5216 0.0473 0.7254 0.4613 0.7254 0.4613 0.5216 0.4613 0.7254 0.4613 0.5216 0.0473 0.5216 0.0473 0.7254 " />
									</IndexedTriangleSet>
								</Shape>
							</Group>
						</Transform>
					</Transform>
					<Transform DEF="Cube_042_TRANSFORM"
					           translation="-0.151499 -0.168313 -0.018195"
					           scale="1.000000 1.000000 1.000000"
					           rotation="0.000000 1.000000 0.000000 0.000000"
					           >
						<Transform DEF="Cube_042_ifs_TRANSFORM"
						           translation="0.000000 0.000000 0.000000"
						           scale="1.000000 1.000000 1.000000"
						           rotation="0.000000 1.000000 0.000000 0.000000"
						           >
							<Group DEF="group_ME_Cube_058">
								<Shape>
									<Appearance>
										<Material USE="MA_Body" />
									</Appearance>
									<IndexedTriangleSet solid="false"
									                    normalPerVertex="true"
									                    index="0 1 2 0 2 3 4 5 6 4 6 7 8 9 10 8 10 11 12 13 14 12 14 15 4 13 16 4 16 17 18 19 14 18 14 7 "
									                    >
										<Coordinate point="-0.086535 -0.298371 -0.128217 0.108930 0.091890 -0.128217 0.108930 0.091890 -0.018897 -0.086535 -0.298371 -0.018897 0.108930 0.091890 -0.128217 0.008349 0.142267 -0.128217 0.008349 0.142267 -0.018897 0.108930 0.091890 -0.018897 0.008349 0.142267 -0.128217 -0.187116 -0.247995 -0.128217 -0.187116 -0.247995 -0.018897 0.008349 0.142267 -0.018897 -0.187116 -0.247995 -0.128217 -0.086535 -0.298371 -0.128217 -0.086535 -0.298371 -0.018897 -0.187116 -0.247995 -0.018897 -0.187116 -0.247995 -0.128217 0.008349 0.142267 -0.128217 0.008349 0.142267 -0.018897 -0.187116 -0.247995 -0.018897 " />
										<Normal vector="0.257637 -0.774773 -0.577349 0.774773 0.257637 -0.577349 0.774773 0.257637 0.577349 0.257637 -0.774773 0.577349 0.774773 0.257637 -0.577349 -0.257637 0.774773 -0.577349 -0.257637 0.774773 0.577349 0.774773 0.257637 0.577349 -0.257637 0.774773 -0.577349 -0.774773 -0.257637 -0.577349 -0.774773 -0.257637 0.577349 -0.257637 0.774773 0.577349 -0.774773 -0.257637 -0.577349 0.257637 -0.774773 -0.577349 0.257637 -0.774773 0.577349 -0.774773 -0.257637 0.577349 -0.774773 -0.257637 -0.577349 -0.257637 0.774773 -0.577349 -0.257637 0.774773 0.577349 -0.774773 -0.257637 0.577349 " />
										<TextureCoordinate point="0.0473 0.5216 0.0473 0.7254 0.4613 0.7254 0.4613 0.5216 0.0473 0.5216 0.0473 0.7254 0.4613 0.7254 0.4613 0.5216 0.0473 0.5216 0.0473 0.7254 0.4613 0.7254 0.4613 0.5216 0.0473 0.5216 0.0473 0.7254 0.4613 0.7254 0.4613 0.5216 0.4613 0.7254 0.4613 0.5216 0.0473 0.5216 0.0473 0.7254 " />
									</IndexedTriangleSet>
								</Shape>
							</Group>
						</Transform>
					</Transform>
					<Transform DEF="Cube_043_TRANSFORM"
					           translation="0.000000 -0.231919 -0.052347"
					           scale="1.000000 1.000000 1.000000"
					           rotation="0.000000 1.000000 0.000000 0.000000"
					           >
						<Transform DEF="Cube_043_ifs_TRANSFORM"
						           translation="0.000000 0.000000 0.000000"
						           scale="1.000000 1.000000 1.000000"
						           rotation="0.000000 1.000000 0.000000 0.000000"
						           >
							<Group DEF="group_ME_Cube_059">
								<Shape>
									<Appearance>
										<Material USE="MA_Body" />
									</Appearance>
									<IndexedTriangleSet solid="false"
									                    normalPerVertex="true"
									                    index="0 1 2 0 2 3 4 5 6 4 6 7 8 9 10 8 10 11 12 13 14 12 14 15 4 13 16 4 16 17 18 19 14 18 14 7 "
									                    >
										<Coordinate point="0.239180 -0.215613 -0.091817 0.177378 0.092406 -0.091817 0.177378 0.092406 0.000000 0.239180 -0.215613 -0.000000 0.177378 0.092406 -0.091817 -0.177378 0.092406 -0.091817 -0.177378 0.092406 0.000000 0.177378 0.092406 0.000000 -0.177378 0.092406 -0.091817 -0.239180 -0.215613 -0.091817 -0.239180 -0.215613 -0.000000 -0.177378 0.092406 0.000000 -0.239180 -0.215613 -0.091817 0.239180 -0.215613 -0.091817 0.239180 -0.215613 -0.000000 -0.239180 -0.215613 -0.000000 -0.239180 -0.215613 -0.091817 -0.177378 0.092406 -0.091817 -0.177378 0.092406 0.000000 -0.239180 -0.215613 -0.000000 " />
										<Normal vector="0.636830 -0.521744 -0.567644 0.512375 0.625385 -0.588458 0.512375 0.625385 0.588458 0.636830 -0.521744 0.567644 0.512375 0.625385 -0.588458 -0.512375 0.625385 -0.588458 -0.512375 0.625385 0.588458 0.512375 0.625385 0.588458 -0.512375 0.625385 -0.588458 -0.636830 -0.521744 -0.567644 -0.636830 -0.521744 0.567644 -0.512375 0.625385 0.588458 -0.636830 -0.521744 -0.567644 0.636830 -0.521744 -0.567644 0.636830 -0.521744 0.567644 -0.636830 -0.521744 0.567644 -0.636830 -0.521744 -0.567644 -0.512375 0.625385 -0.588458 -0.512375 0.625385 0.588458 -0.636830 -0.521744 0.567644 " />
										<TextureCoordinate point="0.0473 0.5216 0.0473 0.7254 0.4613 0.7254 0.4613 0.5216 0.0473 0.5216 0.0473 0.7254 0.4613 0.7254 0.4613 0.5216 0.0473 0.5216 0.0473 0.7254 0.4613 0.7254 0.4613 0.5216 0.0473 0.5216 0.0473 0.7254 0.4613 0.7254 0.4613 0.5216 0.4613 0.7254 0.4613 0.5216 0.0473 0.5216 0.0473 0.7254 " />
									</IndexedTriangleSet>
								</Shape>
							</Group>
						</Transform>
					</Transform>
					<Transform DEF="Cube_044_TRANSFORM"
					           translation="0.150959 -0.168313 -0.018195"
					           scale="1.000000 1.000000 1.000000"
					           rotation="0.000000 1.000000 0.000000 0.000000"
					           >
						<Transform DEF="Cube_044_ifs_TRANSFORM"
						           translation="0.000000 0.000000 0.000000"
						           scale="1.000000 1.000000 1.000000"
						           rotation="0.000000 1.000000 0.000000 0.000000"
						           >
							<Group DEF="group_ME_Cube_060">
								<Shape>
									<Appearance>
										<Material USE="MA_Body" />
									</Appearance>
									<IndexedTriangleSet solid="false"
									                    normalPerVertex="true"
									                    index="0 1 2 0 2 3 4 5 6 4 6 7 8 9 10 8 10 11 12 13 14 12 14 15 4 16 17 4 17 15 18 5 14 18 14 19 "
									                    >
										<Coordinate point="0.086535 -0.298371 -0.128217 0.086535 -0.298371 -0.018897 -0.108930 0.091890 -0.018897 -0.108930 0.091890 -0.128217 -0.108930 0.091890 -0.128217 -0.108930 0.091890 -0.018897 -0.008349 0.142267 -0.018897 -0.008349 0.142267 -0.128217 -0.008349 0.142267 -0.128217 -0.008349 0.142267 -0.018897 0.187116 -0.247995 -0.018897 0.187116 -0.247995 -0.128217 0.187116 -0.247995 -0.128217 0.187116 -0.247995 -0.018897 0.086535 -0.298371 -0.018897 0.086535 -0.298371 -0.128217 -0.008349 0.142267 -0.128217 0.187116 -0.247995 -0.128217 -0.008349 0.142267 -0.018897 0.187116 -0.247995 -0.018897 " />
										<Normal vector="-0.257637 -0.774773 -0.577349 -0.257637 -0.774773 0.577349 -0.774773 0.257637 0.577349 -0.774773 0.257668 -0.577349 -0.774773 0.257668 -0.577349 -0.774773 0.257637 0.577349 0.257637 0.774743 0.577349 0.257637 0.774773 -0.577349 0.257637 0.774773 -0.577349 0.257637 0.774743 0.577349 0.774773 -0.257637 0.577349 0.774773 -0.257637 -0.577349 0.774773 -0.257637 -0.577349 0.774773 -0.257637 0.577349 -0.257637 -0.774773 0.577349 -0.257637 -0.774773 -0.577349 0.257637 0.774773 -0.577349 0.774773 -0.257637 -0.577349 0.257637 0.774743 0.577349 0.774773 -0.257637 0.577349 " />
										<TextureCoordinate point="0.0473 0.5216 0.4613 0.5216 0.4613 0.7254 0.0473 0.7254 0.0473 0.5216 0.4613 0.5216 0.4613 0.7254 0.0473 0.7254 0.0473 0.5216 0.4613 0.5216 0.4613 0.7254 0.0473 0.7254 0.0473 0.5216 0.4613 0.5216 0.4613 0.7254 0.0473 0.7254 0.4613 0.5216 0.4613 0.7254 0.0473 0.5216 0.0473 0.7254 " />
									</IndexedTriangleSet>
								</Shape>
							</Group>
						</Transform>
					</Transform>
				</Transform>
			</Transform>
		</Transform>
	</Scene>
</X3D>