<?xml version="1.0" encoding="UTF-8"?>
<!DOCTYPE X3D PUBLIC "ISO//Web3D//DTD X3D 3.0//EN" "http://www.web3d.org/specifications/x3d-3.0.dtd">
<X3D version="3.0" profile="Immersive" xmlns:xsd="http://www.w3.org/2001/XMLSchema-instance" xsd:noNamespaceSchemaLocation="http://www.web3d.org/specifications/x3d-3.0.xsd">
	<head>
		<meta name="filename" content="garchomp-mega-z.x3d" />
		<meta name="generator" content="Blender 2.93.18" />
	</head>
	<Scene>
		<NavigationInfo headlight="true"
		                visibilityLimit="0.0"
		                type='"EXAMINE", "ANY"'
		                avatarSize="0.25, 1.75, 0.75"
		                />
		<Background DEF="WO_World"
		            groundColor="0.051 0.051 0.051"
		            skyColor="0.051 0.051 0.051"
		            />
		<Transform DEF="body_TRANSFORM"
		           translation="0.000000 -0.289402 0.938996"
		           scale="1.000000 1.000000 1.000000"
		           rotation="0.000000 0.000000 1.000000 3.141593"
		           >
			<Transform DEF="body_ifs_TRANSFORM"
			           translation="0.000000 0.000000 0.000000"
			           scale="1.000000 1.000000 1.000000"
			           rotation="0.000000 1.000000 0.000000 0.000000"
			           >
				<Group DEF="group_ME_body">
					<Shape>
						<Appearance>
							<Material DEF="MA_Body"
							          diffuseColor="0.800 0.800 0.800"
							          specularColor="0.401 0.401 0.401"
							          emissiveColor="0.000 0.000 0.000"
							          ambientIntensity="0.000"
							          shininess="0.500"
							          transparency="0.0"
							          />
						</Appearance>
						<IndexedTriangleSet solid="false"
						                    normalPerVertex="true"
						                    index="0 1 2 0 2 3 4 5 6 4 6 7 8 9 10 8 10 11 12 13 14 12 14 15 16 17 18 16 18 19 20 1 14 20 14 21 22 23 24 22 24 25 26 27 28 26 28 29 30 31 32 30 32 33 34 35 36 34 36 37 38 39 24 38 24 40 41 42 43 41 43 44 45 46 47 45 47 48 49 50 51 49 51 52 53 54 55 53 55 56 57 58 59 57 59 60 61 62 63 61 63 64 65 66 67 65 67 19 68 69 70 68 70 33 71 72 73 71 73 74 75 76 77 75 77 78 30 79 80 30 80 81 82 83 62 82 62 61 84 85 54 84 54 53 86 87 50 86 50 49 88 89 42 88 42 41 90 34 37 90 37 64 91 26 29 91 29 92 93 94 95 93 95 96 84 97 34 84 34 90 98 99 79 98 79 30 100 101 72 100 72 71 97 102 35 97 35 34 57 103 31 57 31 30 104 105 106 104 106 107 108 5 23 108 23 22 109 46 1 109 1 20 75 110 17 75 17 16 111 112 9 111 9 8 113 114 1 113 1 0 "
						                    >
							<Coordinate point="-0.348831 -0.422111 0.307885 -0.348831 -0.517437 0.611895 -0.348831 0.191450 0.834174 -0.348831 0.286775 0.530164 0.279725 0.286775 0.530164 0.279725 0.191450 0.834174 0.348831 0.191450 0.834174 0.348831 0.286775 0.530164 0.348831 -0.422111 0.307885 0.348831 -0.517437 0.611895 0.348831 -0.633471 0.575511 0.348831 -0.538146 0.271501 -0.279725 -0.538146 0.271501 -0.279725 -0.633472 0.575511 -0.348831 -0.633471 0.575511 -0.348831 -0.538146 0.271501 0.279725 -0.296007 -0.094282 0.348831 -0.296007 -0.094282 0.348831 -0.412042 -0.130666 0.279725 -0.412042 -0.130666 -0.279725 -0.517437 0.611895 -0.279725 -0.633472 0.575511 0.348831 -0.517437 0.611895 0.279725 -0.517437 0.611895 0.279725 -0.633472 0.575511 0.348831 -0.633471 0.575511 -0.000000 -0.517437 0.611895 -0.279725 -0.517437 0.611895 -0.279725 -0.633472 0.575511 -0.000000 -0.633472 0.575511 -0.348831 -0.296007 -0.094282 -0.279725 -0.296007 -0.094282 -0.279725 -0.412042 -0.130666 -0.348831 -0.412042 -0.130666 0.000000 -0.296007 -0.094282 0.279725 -0.296007 -0.094282 0.279725 -0.412042 -0.130666 0.000000 -0.412042 -0.130666 0.348831 -0.538146 0.271501 0.348831 -0.633471 0.575511 0.279725 -0.538146 0.271501 0.000000 -0.538146 0.271501 -0.000000 -0.633472 0.575511 -0.279725 -0.633472 0.575511 -0.279725 -0.538146 0.271501 -0.348831 0.286775 0.530164 -0.348831 0.191450 0.834174 -0.279725 0.191450 0.834174 -0.279725 0.286775 0.530164 0.000000 0.286775 0.530164 0.000000 0.191450 0.834174 0.279725 0.191450 0.834174 0.279725 0.286775 0.530164 -0.000000 0.412879 0.127997 0.000000 0.286775 0.530164 0.279725 0.286775 0.530164 0.279725 0.412879 0.127997 -0.348831 0.412879 0.127997 -0.348831 0.286775 0.530164 -0.279725 0.286775 0.530164 -0.279725 0.412879 0.127997 0.000000 -0.412042 -0.130666 0.000000 -0.538146 0.271501 -0.279725 -0.538146 0.271501 -0.279725 -0.412042 -0.130666 0.348831 -0.412042 -0.130666 0.348831 -0.538146 0.271501 0.279725 -0.538146 0.271501 -0.279725 -0.412042 -0.130666 -0.279725 -0.538146 0.271501 -0.348831 -0.538146 0.271501 0.348831 -0.296007 -0.094282 0.348831 -0.422111 0.307885 0.348831 -0.538146 0.271501 0.348831 -0.412042 -0.130666 0.279725 0.412879 0.127997 0.279725 0.286775 0.530164 0.348831 0.286775 0.530164 0.348831 0.412879 0.127997 -0.348831 -0.422111 0.307885 -0.348831 0.286775 0.530164 -0.348831 0.412879 0.127997 0.279725 -0.412042 -0.130666 0.279725 -0.538146 0.271501 -0.279725 0.412879 0.127997 -0.279725 0.286775 0.530164 -0.279725 0.286775 0.530164 -0.279725 0.191450 0.834174 0.279725 -0.538146 0.271501 0.279725 -0.633472 0.575511 -0.279725 -0.296007 -0.094282 0.279725 -0.517437 0.611895 0.279725 -0.633472 0.575511 0.279725 0.191450 0.834174 0.000000 0.191450 0.834174 -0.000000 -0.517437 0.611895 0.279725 -0.517437 0.611895 -0.000000 0.412879 0.127997 -0.348831 -0.412042 -0.130666 -0.348831 -0.538146 0.271501 0.348831 0.412879 0.127997 0.348831 0.286775 0.530164 0.279725 0.412879 0.127997 -0.279725 0.412879 0.127997 0.000000 0.191450 0.834174 -0.279725 0.191450 0.834174 -0.279725 -0.517437 0.611895 -0.000000 -0.517437 0.611895 0.348831 0.191450 0.834174 -0.279725 0.191450 0.834174 0.348831 0.412879 0.127997 0.348831 0.286775 0.530164 0.348831 0.191450 0.834174 -0.348831 -0.538146 0.271501 -0.348831 -0.633471 0.575511 " />
							<Normal vector="-1.000000 0.000000 0.000000 -0.707083 -0.211554 0.674703 -0.577349 0.378155 0.723624 -0.707083 0.674703 0.211554 0.000000 0.954161 0.299173 0.000000 0.463149 0.886258 0.577349 0.378155 0.723624 0.707083 0.674703 0.211554 1.000000 0.000000 0.000000 0.707083 -0.211554 0.674703 0.577349 -0.723624 0.378155 0.707083 -0.674703 -0.211554 0.000000 -0.954161 -0.299173 0.000000 -0.886258 0.463149 -0.577349 -0.723624 0.378155 -0.707083 -0.674703 -0.211554 0.000000 0.299173 -0.954161 0.707083 0.211554 -0.674703 0.577349 -0.378155 -0.723624 0.000000 -0.463149 -0.886258 0.000000 -0.299173 0.954161 0.000000 -0.886258 0.463149 0.707083 -0.211554 0.674703 0.000000 -0.299173 0.954161 0.000000 -0.886258 0.463149 0.577349 -0.723624 0.378155 0.000000 -0.299173 0.954161 0.000000 -0.299173 0.954161 0.000000 -0.886258 0.463149 0.000000 -0.886258 0.463149 -0.707083 0.211554 -0.674703 0.000000 0.299173 -0.954161 0.000000 -0.463149 -0.886258 -0.577349 -0.378155 -0.723624 0.000000 0.299173 -0.954161 0.000000 0.299173 -0.954161 0.000000 -0.463149 -0.886258 0.000000 -0.463149 -0.886258 0.707083 -0.674703 -0.211554 0.577349 -0.723624 0.378155 0.000000 -0.954161 -0.299173 0.000000 -0.954161 -0.299173 0.000000 -0.886258 0.463149 0.000000 -0.886258 0.463149 0.000000 -0.954161 -0.299173 -0.707083 0.674703 0.211554 -0.577349 0.378155 0.723624 0.000000 0.463149 0.886258 0.000000 0.954161 0.299173 0.000000 0.954161 0.299173 0.000000 0.463149 0.886258 0.000000 0.463149 0.886258 0.000000 0.954161 0.299173 0.000000 0.886258 -0.463149 0.000000 0.954161 0.299173 0.000000 0.954161 0.299173 0.000000 0.886258 -0.463149 -0.577349 0.723624 -0.378155 -0.707083 0.674703 0.211554 0.000000 0.954161 0.299173 0.000000 0.886258 -0.463149 0.000000 -0.463149 -0.886258 0.000000 -0.954161 -0.299173 0.000000 -0.954161 -0.299173 0.000000 -0.463149 -0.886258 0.577349 -0.378155 -0.723624 0.707083 -0.674703 -0.211554 0.000000 -0.954161 -0.299173 0.000000 -0.463149 -0.886258 0.000000 -0.954161 -0.299173 -0.707083 -0.674703 -0.211554 0.707083 0.211554 -0.674703 1.000000 0.000000 0.000000 0.707083 -0.674703 -0.211554 0.577349 -0.378155 -0.723624 0.000000 0.886258 -0.463149 0.000000 0.954161 0.299173 0.707083 0.674703 0.211554 0.577349 0.723624 -0.378155 -1.000000 0.000000 0.000000 -0.707083 0.674703 0.211554 -0.577349 0.723624 -0.378155 0.000000 -0.463149 -0.886258 0.000000 -0.954161 -0.299173 0.000000 0.886258 -0.463149 0.000000 0.954161 0.299173 0.000000 0.954161 0.299173 0.000000 0.463149 0.886258 0.000000 -0.954161 -0.299173 0.000000 -0.886258 0.463149 0.000000 0.299173 -0.954161 0.000000 -0.299173 0.954161 0.000000 -0.886258 0.463149 0.000000 0.463149 0.886258 0.000000 0.463149 0.886258 0.000000 -0.299173 0.954161 0.000000 -0.299173 0.954161 0.000000 0.886258 -0.463149 -0.577349 -0.378155 -0.723624 -0.707083 -0.674703 -0.211554 0.577349 0.723624 -0.378155 0.707083 0.674703 0.211554 0.000000 0.886258 -0.463149 0.000000 0.886258 -0.463149 0.000000 0.463149 0.886258 0.000000 0.463149 0.886258 0.000000 -0.299173 0.954161 0.000000 -0.299173 0.954161 0.577349 0.378155 0.723624 0.000000 0.463149 0.886258 0.577349 0.723624 -0.378155 0.707083 0.674703 0.211554 0.577349 0.378155 0.723624 -0.707083 -0.674703 -0.211554 -0.577349 -0.723624 0.378155 " />
							<TextureCoordinate point="0.0654 0.8577 0.1943 0.9040 0.1943 0.9685 0.0654 0.9685 0.0654 0.8396 0.1943 0.8396 0.1943 0.9685 0.0654 0.9685 0.0654 0.9503 0.1943 0.9503 0.1943 0.9685 0.0654 0.9685 0.0654 0.8396 0.1943 0.8396 0.1943 0.9685 0.0654 0.9685 0.0654 0.9503 0.1943 0.9503 0.1943 0.9685 0.0654 0.9685 0.0654 0.9503 0.0654 0.9685 0.0654 0.9503 0.1943 0.9503 0.1943 0.9685 0.0654 0.9685 0.7292 0.6545 0.9210 0.6545 0.9210 0.6075 0.7292 0.6075 0.0654 0.9040 0.1943 0.9503 0.1943 0.9685 0.0654 0.9685 0.1299 0.9503 0.1943 0.9503 0.1943 0.9685 0.1299 0.9685 0.0654 0.8396 0.1943 0.8396 0.0654 0.9685 0.5704 0.0483 0.5704 0.4673 0.8514 0.4673 0.8514 0.0483 0.0654 0.8396 0.1943 0.8396 0.1943 0.9685 0.0654 0.9685 0.0654 0.9040 0.1943 0.9040 0.1943 0.9685 0.0654 0.9685 0.0654 0.9040 0.1943 0.9040 0.1943 0.9685 0.0654 0.9685 0.0654 0.8396 0.1943 0.8396 0.1943 0.9685 0.0654 0.9685 0.0654 0.9040 0.1943 0.9040 0.1943 0.9685 0.0654 0.9685 0.0654 0.8396 0.1943 0.8396 0.1943 0.9685 0.0654 0.8396 0.1943 0.8396 0.1943 0.9685 0.0654 0.9503 0.1943 0.9503 0.1943 0.9685 0.0654 0.9685 0.0654 0.8396 0.1943 0.8396 0.1943 0.9685 0.0654 0.9685 0.1943 0.8577 0.1943 0.9685 0.0654 0.9685 0.0654 0.8396 0.1943 0.8396 0.0654 0.8396 0.1943 0.8396 0.0654 0.8396 0.1943 0.8396 0.8514 0.0483 0.8514 0.4673 0.0654 0.9503 0.9210 0.6545 0.9210 0.6075 0.0297 0.9786 0.0297 0.8417 0.2245 0.8417 0.2245 0.9786 0.1299 0.8396 0.0654 0.8396 0.1943 0.8396 0.0654 0.8396 0.1943 0.8396 0.1943 0.8396 0.1943 0.8396 0.0297 0.9786 0.0297 0.8417 0.2245 0.8417 0.2245 0.9786 0.0654 0.8396 0.0654 0.8396 0.1943 0.8396 0.0654 0.8396 0.1943 0.8396 0.0654 0.8396 0.1943 0.8396 " />
						</IndexedTriangleSet>
					</Shape>
				</Group>
			</Transform>
			<Transform DEF="body1_TRANSFORM"
			           translation="0.000000 -0.194524 0.678746"
			           scale="1.000000 1.000000 1.000000"
			           rotation="0.000000 1.000000 0.000000 0.000000"
			           >
				<Transform DEF="body1_ifs_TRANSFORM"
				           translation="0.000000 0.000000 0.000000"
				           scale="1.000000 1.000000 1.000000"
				           rotation="0.000000 1.000000 0.000000 0.000000"
				           >
					<Group DEF="group_ME_body1">
						<Shape>
							<Appearance>
								<Material USE="MA_Body" />
							</Appearance>
							<IndexedTriangleSet solid="false"
							                    normalPerVertex="true"
							                    index="0 1 2 0 2 3 4 5 6 4 6 7 8 9 10 8 10 11 12 13 14 12 14 15 16 17 18 16 18 19 20 21 22 20 22 23 24 20 23 24 23 25 26 16 19 26 19 27 28 29 13 28 13 12 26 21 5 26 5 4 "
							                    >
								<Coordinate point="-0.276513 -0.328614 -0.108233 -0.276513 -0.453787 0.274649 -0.276513 0.203914 0.489667 -0.276513 0.329087 0.106785 0.000000 0.329087 0.106785 0.000000 0.203914 0.489667 0.276513 0.203914 0.489667 0.276513 0.329087 0.106785 0.276513 0.329087 0.106785 0.276513 0.203914 0.489667 0.276513 -0.453787 0.274649 0.276513 -0.328614 -0.108233 0.000000 -0.328614 -0.108233 0.000000 -0.453787 0.274649 -0.276513 -0.453787 0.274649 -0.276513 -0.328614 -0.108233 0.000000 0.329087 0.106785 0.276513 0.329087 0.106785 0.276513 -0.328614 -0.108233 0.000000 -0.328614 -0.108233 0.000000 0.203914 0.489667 -0.276513 0.203914 0.489667 -0.276513 -0.453787 0.274649 0.000000 -0.453787 0.274649 0.276513 0.203914 0.489667 0.276513 -0.453787 0.274649 -0.276513 0.329087 0.106785 -0.276513 -0.328614 -0.108233 0.276513 -0.328614 -0.108233 0.276513 -0.453787 0.274649 " />
								<Normal vector="-0.577349 -0.369335 -0.728172 -0.577349 -0.728172 0.369335 -0.577349 0.369335 0.728172 -0.577349 0.728172 -0.369335 0.000000 0.891812 -0.452345 0.000000 0.452345 0.891812 0.577349 0.369335 0.728172 0.577349 0.728172 -0.369335 0.577349 0.728172 -0.369335 0.577349 0.369335 0.728172 0.577349 -0.728172 0.369335 0.577349 -0.369335 -0.728172 0.000000 -0.452345 -0.891812 0.000000 -0.891812 0.452345 -0.577349 -0.728172 0.369335 -0.577349 -0.369335 -0.728172 0.000000 0.891812 -0.452345 0.577349 0.728172 -0.369335 0.577349 -0.369335 -0.728172 0.000000 -0.452345 -0.891812 0.000000 0.452345 0.891812 -0.577349 0.369335 0.728172 -0.577349 -0.728172 0.369335 0.000000 -0.891812 0.452345 0.577349 0.369335 0.728172 0.577349 -0.728172 0.369335 -0.577349 0.728172 -0.369335 -0.577349 -0.369335 -0.728172 0.577349 -0.369335 -0.728172 0.577349 -0.728172 0.369335 " />
								<TextureCoordinate point="0.0767 0.8406 0.1933 0.8406 0.1933 0.9572 0.0767 0.9572 0.0767 0.8989 0.1933 0.8989 0.1933 0.9572 0.0767 0.9572 0.0767 0.8406 0.1933 0.8406 0.1933 0.9572 0.0767 0.9572 0.5458 0.5458 0.5458 0.9379 0.9379 0.9379 0.9379 0.5458 0.1350 0.8406 0.1933 0.8406 0.1933 0.9572 0.1350 0.9572 0.1350 0.8406 0.1933 0.8406 0.1933 0.9572 0.1350 0.9572 0.0767 0.8406 0.0767 0.9572 0.0767 0.8406 0.0767 0.9572 0.9379 0.5458 0.9379 0.9379 " />
							</IndexedTriangleSet>
						</Shape>
					</Group>
				</Transform>
				<Transform DEF="Cube_002_TRANSFORM"
				           translation="0.000000 -0.129891 0.324363"
				           scale="1.000000 1.000000 1.000000"
				           rotation="0.000000 1.000000 0.000000 0.000000"
				           >
					<Transform DEF="Cube_002_ifs_TRANSFORM"
					           translation="0.000000 0.000000 0.000000"
					           scale="1.000000 1.000000 1.000000"
					           rotation="0.000000 1.000000 0.000000 0.000000"
					           >
						<Group DEF="group_ME_Cube_002">
							<Shape>
								<Appearance>
									<Material USE="MA_Body" />
								</Appearance>
								<IndexedTriangleSet solid="false"
								                    normalPerVertex="true"
								                    index="0 1 2 0 2 3 4 5 6 4 6 7 8 9 10 8 10 11 12 13 14 12 14 15 16 17 18 16 18 15 19 20 14 19 14 21 22 5 1 22 1 23 4 24 25 4 25 0 26 27 28 26 28 29 30 31 32 30 32 33 "
								                    >
									<Coordinate point="-0.373228 -0.139735 -0.044745 -0.373228 -0.283334 0.413435 -0.373228 0.205046 0.566498 -0.373228 0.348645 0.108318 -0.373228 0.348645 0.108318 -0.373228 0.205046 0.566498 0.373228 0.205046 0.566498 0.373228 0.348645 0.108318 0.373228 -0.139735 -0.044745 0.373228 -0.283334 0.413435 0.373228 -0.491701 0.348130 0.373228 -0.348102 -0.110050 0.373228 -0.348102 -0.110050 0.373228 -0.491701 0.348130 -0.373228 -0.491701 0.348130 -0.373228 -0.348102 -0.110050 -0.373228 -0.139735 -0.044745 0.373228 -0.139735 -0.044745 0.373228 -0.348102 -0.110050 0.373228 -0.283334 0.413435 -0.373228 -0.283334 0.413435 0.373228 -0.491701 0.348130 0.373228 0.205046 0.566498 0.373228 -0.283334 0.413435 0.373228 0.348645 0.108318 0.373228 -0.139735 -0.044745 0.373228 0.348645 0.108318 0.373228 0.205046 0.566498 0.373228 -0.283334 0.413435 0.373228 -0.139735 -0.044745 -0.373228 -0.348102 -0.110050 -0.373228 -0.491701 0.348130 -0.373228 -0.283334 0.413435 -0.373228 -0.139735 -0.044745 " />
									<Normal vector="-0.707083 0.211463 -0.674734 -0.707083 -0.211463 0.674734 -0.577349 0.378246 0.723563 -0.577349 0.723563 -0.378246 -0.577349 0.723563 -0.378246 -0.577349 0.378246 0.723563 0.577349 0.378246 0.723563 0.577349 0.723563 -0.378246 0.707083 0.211463 -0.674734 0.707083 -0.211463 0.674734 0.577349 -0.723563 0.378246 0.577349 -0.378246 -0.723563 0.577349 -0.378246 -0.723563 0.577349 -0.723563 0.378246 -0.577349 -0.723563 0.378246 -0.577349 -0.378246 -0.723563 -0.707083 0.211463 -0.674734 0.707083 0.211463 -0.674734 0.577349 -0.378246 -0.723563 0.707083 -0.211463 0.674734 -0.707083 -0.211463 0.674734 0.577349 -0.723563 0.378246 0.577349 0.378246 0.723563 0.707083 -0.211463 0.674734 0.577349 0.723563 -0.378246 0.707083 0.211463 -0.674734 0.577349 0.723563 -0.378246 0.577349 0.378246 0.723563 0.707083 -0.211463 0.674734 0.707083 0.211463 -0.674734 -0.577349 -0.378246 -0.723563 -0.577349 -0.723563 0.378246 -0.707083 -0.211463 0.674734 -0.707083 0.211463 -0.674734 " />
									<TextureCoordinate point="0.0664 0.9029 0.2155 0.9029 0.2155 0.9775 0.0664 0.9775 0.0664 0.8283 0.2155 0.8283 0.2155 0.9775 0.0664 0.9775 0.3210 0.8520 0.4510 0.8520 0.4510 0.9820 0.3210 0.9820 0.3210 0.8520 0.4510 0.8520 0.4510 0.9820 0.3210 0.9820 0.3210 0.8520 0.4510 0.8520 0.4510 0.9820 0.3210 0.8520 0.4510 0.8520 0.3210 0.9820 0.0664 0.8283 0.0664 0.9329 0.2155 0.8283 0.2155 0.9329 0.0664 0.8283 0.2155 0.8283 0.2155 0.9329 0.0664 0.9329 0.3210 0.8520 0.4510 0.8520 0.4510 0.9820 0.3210 0.9820 " />
								</IndexedTriangleSet>
							</Shape>
						</Group>
					</Transform>
					<Transform DEF="Cube_003_TRANSFORM"
					           translation="0.249918 -0.110233 0.247690"
					           scale="1.000000 1.000000 1.000000"
					           rotation="0.000000 1.000000 0.000000 0.000000"
					           >
						<Transform DEF="Cube_003_ifs_TRANSFORM"
						           translation="0.000000 0.000000 0.000000"
						           scale="1.000000 1.000000 1.000000"
						           rotation="0.000000 1.000000 0.000000 0.000000"
						           >
							<Group DEF="group_ME_Cube_003">
								<Shape>
									<Appearance>
										<Material USE="MA_Body" />
									</Appearance>
									<IndexedTriangleSet solid="false"
									                    normalPerVertex="true"
									                    index="0 1 2 0 2 3 4 5 6 4 6 7 8 9 10 8 10 11 12 13 14 12 14 15 16 17 18 16 18 19 20 1 14 20 14 21 22 5 1 22 1 20 23 24 25 23 25 26 27 28 9 27 9 8 29 30 1 29 1 0 31 29 0 31 0 26 32 27 8 32 8 33 34 35 36 34 36 19 33 8 11 33 11 37 23 4 7 23 7 38 26 0 3 26 3 39 "
									                    >
										<Coordinate point="0.013121 -0.034958 -0.068665 -0.028191 -0.034958 0.147533 -0.028191 0.139874 0.147533 0.013121 0.139874 -0.068665 0.013121 0.139874 -0.068665 -0.028191 0.139874 0.147533 0.277200 0.139874 0.205887 0.318511 0.139874 -0.010310 0.318511 -0.034958 -0.010310 0.277200 -0.034958 0.205887 0.277200 -0.139874 0.205887 0.318511 -0.139874 -0.010310 0.318511 -0.139874 -0.010310 0.277200 -0.139874 0.205887 -0.028191 -0.139874 0.147533 0.013121 -0.139874 -0.068665 0.028191 -0.034958 -0.147533 0.333582 -0.034958 -0.089178 0.333582 -0.139874 -0.089178 0.028191 -0.139874 -0.147533 0.277200 -0.034958 0.205887 0.277200 -0.139874 0.205887 0.277200 0.139874 0.205887 0.028191 0.139874 -0.147533 0.333582 0.139874 -0.089178 0.333582 -0.034958 -0.089178 0.028191 -0.034958 -0.147533 0.318511 0.139874 -0.010310 0.277200 0.139874 0.205887 0.013121 -0.139874 -0.068665 -0.028191 -0.139874 0.147533 0.028191 -0.139874 -0.147533 0.333582 0.139874 -0.089178 0.333582 -0.034958 -0.089178 0.333582 -0.139874 -0.089178 0.318511 -0.139874 -0.010310 0.013121 -0.139874 -0.068665 0.333582 -0.139874 -0.089178 0.333582 0.139874 -0.089178 0.028191 0.139874 -0.147533 " />
										<Normal vector="-0.982208 0.000000 -0.187658 -0.827235 0.000000 0.561815 -0.675436 0.577349 0.458724 -0.694540 0.707083 -0.132694 -0.694540 0.707083 -0.132694 -0.675436 0.577349 0.458724 0.458724 0.577349 0.675436 0.694540 0.707083 0.132694 0.982208 0.000000 0.187658 0.561815 0.000000 0.827235 0.458724 -0.577349 0.675436 0.694540 -0.707083 0.132694 0.694540 -0.707083 0.132694 0.458724 -0.577349 0.675436 -0.675436 -0.577349 0.458724 -0.694540 -0.707083 -0.132694 -0.561815 0.000000 -0.827235 0.827235 0.000000 -0.561815 0.675436 -0.577349 -0.458724 -0.458724 -0.577349 -0.675436 0.561815 0.000000 0.827235 0.458724 -0.577349 0.675436 0.458724 0.577349 0.675436 -0.458724 0.577349 -0.675436 0.675436 0.577349 -0.458724 0.827235 0.000000 -0.561815 -0.561815 0.000000 -0.827235 0.694540 0.707083 0.132694 0.458724 0.577349 0.675436 -0.694540 -0.707083 -0.132694 -0.675436 -0.577349 0.458724 -0.458724 -0.577349 -0.675436 0.675436 0.577349 -0.458724 0.827235 0.000000 -0.561815 0.675436 -0.577349 -0.458724 0.694540 -0.707083 0.132694 -0.694540 -0.707083 -0.132694 0.675436 -0.577349 -0.458724 0.675436 0.577349 -0.458724 -0.458724 0.577349 -0.675436 " />
										<TextureCoordinate point="0.1006 0.9070 0.2323 0.9070 0.2323 0.9810 0.1006 0.9810 0.1006 0.8330 0.2323 0.8330 0.2323 0.9810 0.1006 0.9810 0.1006 0.9255 0.2323 0.9255 0.2323 0.9810 0.1006 0.9810 0.1006 0.8330 0.2323 0.8330 0.2323 0.9810 0.1006 0.9810 0.3194 0.8479 0.4339 0.8479 0.4339 0.9624 0.3194 0.9624 0.0525 0.9255 0.0525 0.9810 0.0525 0.8330 0.0525 0.8330 0.2323 0.8330 0.2323 0.9255 0.0525 0.9070 0.1006 0.8330 0.2323 0.8330 0.1006 0.8330 0.2323 0.8330 0.0525 0.8330 0.0525 0.8330 0.0525 0.9255 0.3194 0.8479 0.4339 0.8479 0.4339 0.9624 0.0525 0.9810 0.0525 0.9810 0.0525 0.9810 " />
									</IndexedTriangleSet>
								</Shape>
							</Group>
						</Transform>
					</Transform>
					<Transform DEF="Cube_001_TRANSFORM"
					           translation="-0.249918 -0.110233 0.247690"
					           scale="1.000000 1.000000 1.000000"
					           rotation="0.000000 1.000000 0.000000 0.000000"
					           >
						<Transform DEF="Cube_001_ifs_TRANSFORM"
						           translation="0.000000 0.000000 0.000000"
						           scale="1.000000 1.000000 1.000000"
						           rotation="0.000000 1.000000 0.000000 0.000000"
						           >
							<Group DEF="group_ME_Cube_004">
								<Shape>
									<Appearance>
										<Material USE="MA_Body" />
									</Appearance>
									<IndexedTriangleSet solid="false"
									                    normalPerVertex="true"
									                    index="0 1 2 0 2 3 4 5 6 4 6 7 8 9 10 8 10 11 12 13 14 12 14 15 16 17 18 16 18 19 20 21 14 20 14 3 22 20 3 22 3 7 23 24 25 23 25 26 27 8 11 27 11 28 29 0 3 29 3 30 31 24 0 31 0 29 32 33 8 32 8 27 34 17 35 34 35 36 33 37 9 33 9 8 23 38 5 23 5 4 24 39 1 24 1 0 "
									                    >
										<Coordinate point="-0.013121 -0.034958 -0.068665 -0.013121 0.139874 -0.068665 0.028191 0.139874 0.147533 0.028191 -0.034958 0.147533 -0.013121 0.139874 -0.068665 -0.318511 0.139874 -0.010310 -0.277200 0.139874 0.205887 0.028191 0.139874 0.147533 -0.318511 -0.034958 -0.010310 -0.318511 -0.139874 -0.010310 -0.277200 -0.139874 0.205887 -0.277200 -0.034958 0.205887 -0.318511 -0.139874 -0.010310 -0.013121 -0.139874 -0.068665 0.028191 -0.139874 0.147533 -0.277200 -0.139874 0.205887 -0.028191 -0.034958 -0.147533 -0.028191 -0.139874 -0.147533 -0.333582 -0.139874 -0.089178 -0.333582 -0.034958 -0.089178 -0.277200 -0.034958 0.205887 -0.277200 -0.139874 0.205887 -0.277200 0.139874 0.205887 -0.028191 0.139874 -0.147533 -0.028191 -0.034958 -0.147533 -0.333582 -0.034958 -0.089178 -0.333582 0.139874 -0.089178 -0.318511 0.139874 -0.010310 -0.277200 0.139874 0.205887 -0.013121 -0.139874 -0.068665 0.028191 -0.139874 0.147533 -0.028191 -0.139874 -0.147533 -0.333582 0.139874 -0.089178 -0.333582 -0.034958 -0.089178 -0.333582 -0.139874 -0.089178 -0.013121 -0.139874 -0.068665 -0.318511 -0.139874 -0.010310 -0.333582 -0.139874 -0.089178 -0.333582 0.139874 -0.089178 -0.028191 0.139874 -0.147533 " />
										<Normal vector="0.982208 0.000000 -0.187658 0.694540 0.707083 -0.132694 0.675436 0.577349 0.458724 0.827235 0.000000 0.561815 0.694540 0.707083 -0.132694 -0.694540 0.707083 0.132694 -0.458724 0.577349 0.675436 0.675436 0.577349 0.458724 -0.982208 0.000000 0.187658 -0.694540 -0.707083 0.132694 -0.458724 -0.577349 0.675436 -0.561815 0.000000 0.827235 -0.694540 -0.707083 0.132694 0.694540 -0.707083 -0.132694 0.675436 -0.577349 0.458724 -0.458724 -0.577349 0.675436 0.561815 0.000000 -0.827235 0.458724 -0.577349 -0.675436 -0.675436 -0.577349 -0.458724 -0.827235 0.000000 -0.561815 -0.561815 0.000000 0.827235 -0.458724 -0.577349 0.675436 -0.458724 0.577349 0.675436 0.458724 0.577349 -0.675436 0.561815 0.000000 -0.827235 -0.827235 0.000000 -0.561815 -0.675436 0.577349 -0.458724 -0.694540 0.707083 0.132694 -0.458724 0.577349 0.675436 0.694540 -0.707083 -0.132694 0.675436 -0.577349 0.458724 0.458724 -0.577349 -0.675436 -0.675436 0.577349 -0.458724 -0.827235 0.000000 -0.561815 -0.675436 -0.577349 -0.458724 0.694540 -0.707083 -0.132694 -0.694540 -0.707083 0.132694 -0.675436 -0.577349 -0.458724 -0.675436 0.577349 -0.458724 0.458724 0.577349 -0.675436 " />
										<TextureCoordinate point="0.1006 0.9070 0.1006 0.9810 0.2323 0.9810 0.2323 0.9070 0.1006 0.8330 0.1006 0.9810 0.2323 0.9810 0.2323 0.8330 0.1006 0.9255 0.1006 0.9810 0.2323 0.9810 0.2323 0.9255 0.1006 0.8330 0.1006 0.9810 0.2323 0.9810 0.2323 0.8330 0.3194 0.8479 0.3194 0.9624 0.4339 0.9624 0.4339 0.8479 0.0525 0.9255 0.0525 0.9810 0.0525 0.8330 0.0525 0.8330 0.0525 0.9070 0.2323 0.9255 0.2323 0.8330 0.1006 0.8330 0.2323 0.8330 0.1006 0.8330 0.2323 0.8330 0.0525 0.8330 0.0525 0.8330 0.0525 0.9255 0.3194 0.8479 0.4339 0.9624 0.4339 0.8479 0.0525 0.9810 0.0525 0.9810 0.0525 0.9810 " />
									</IndexedTriangleSet>
								</Shape>
							</Group>
						</Transform>
					</Transform>
				</Transform>
				<Transform DEF="arm1_TRANSFORM"
				           translation="0.463287 -0.239094 0.565347"
				           scale="1.000000 1.000000 1.000000"
				           rotation="0.000000 1.000000 0.000000 0.000000"
				           >
					<Transform DEF="arm1_ifs_TRANSFORM"
					           translation="0.000000 0.000000 0.000000"
					           scale="1.000000 1.000000 1.000000"
					           rotation="0.000000 1.000000 0.000000 0.000000"
					           >
						<Group DEF="group_ME_arm1">
							<Shape>
								<Appearance>
									<Material USE="MA_Body" />
								</Appearance>
								<IndexedTriangleSet solid="false"
								                    normalPerVertex="true"
								                    index="0 1 2 0 2 3 4 5 6 4 6 7 8 9 10 8 10 11 12 13 14 12 14 15 16 17 18 16 18 19 20 1 14 20 14 21 22 23 1 22 1 20 24 25 17 24 17 16 26 27 9 26 9 8 28 29 1 28 1 0 30 24 16 30 16 0 31 22 20 31 20 32 32 20 21 32 21 33 34 35 36 34 36 37 38 39 13 38 13 12 30 23 5 30 5 4 "
								                    >
									<Coordinate point="-0.005155 -0.042005 -0.079920 0.004995 -0.042025 0.079920 0.005258 0.095904 0.079920 -0.004892 0.095923 -0.079920 0.259527 0.095418 -0.096711 0.269677 0.095399 0.063129 0.425882 0.095100 0.053210 0.415732 0.095120 -0.106630 0.415469 -0.042809 -0.106630 0.425619 -0.042828 0.053210 0.425516 -0.096727 0.053210 0.415366 -0.096708 -0.106630 0.259160 -0.096409 -0.096711 0.269310 -0.096428 0.063129 0.004892 -0.095923 0.079920 -0.005258 -0.095904 -0.079920 0.259263 -0.042510 -0.096711 0.415469 -0.042809 -0.106630 0.415366 -0.096708 -0.106630 0.259160 -0.096409 -0.096711 0.269413 -0.042530 0.063129 0.269310 -0.096428 0.063129 0.269677 0.095399 0.063129 0.005258 0.095904 0.079920 0.259527 0.095418 -0.096711 0.415732 0.095120 -0.106630 0.415732 0.095120 -0.106630 0.425882 0.095100 0.053210 -0.005258 -0.095904 -0.079920 0.004892 -0.095923 0.079920 -0.004892 0.095923 -0.079920 0.425882 0.095100 0.053210 0.425619 -0.042828 0.053210 0.425516 -0.096727 0.053210 -0.005155 -0.042005 -0.079920 0.259263 -0.042510 -0.096711 0.259160 -0.096409 -0.096711 -0.005258 -0.095904 -0.079920 0.415366 -0.096708 -0.106630 0.425516 -0.096727 0.053210 " />
									<Normal vector="-0.750481 0.001404 -0.660848 -0.660848 0.001251 0.750481 -0.538469 0.578356 0.612751 -0.611652 0.578509 -0.539598 -0.043458 0.707175 -0.705679 0.046144 0.706992 0.705679 0.613880 0.576159 0.539598 0.540696 0.576312 -0.612751 0.660848 -0.001251 -0.750481 0.750481 -0.001404 0.660848 0.611652 -0.578509 0.539598 0.538469 -0.578356 -0.612751 -0.046144 -0.706992 -0.705679 0.043458 -0.707175 0.705679 -0.540696 -0.576312 0.612751 -0.613880 -0.576159 -0.539598 -0.063356 0.000092 -0.997986 0.660848 -0.001251 -0.750481 0.538469 -0.578356 -0.612751 -0.046144 -0.706992 -0.705679 0.063356 -0.000092 0.997986 0.043458 -0.707175 0.705679 0.046144 0.706992 0.705679 -0.538469 0.578356 0.612751 -0.043458 0.707175 -0.705679 0.540696 0.576312 -0.612751 0.540696 0.576312 -0.612751 0.613880 0.576159 0.539598 -0.613880 -0.576159 -0.539598 -0.540696 -0.576312 0.612751 -0.611652 0.578509 -0.539598 0.613880 0.576159 0.539598 0.750481 -0.001404 0.660848 0.611652 -0.578509 0.539598 -0.750481 0.001404 -0.660848 -0.063356 0.000092 -0.997986 -0.046144 -0.706992 -0.705679 -0.613880 -0.576159 -0.539598 0.538469 -0.578356 -0.612751 0.611652 -0.578509 0.539598 " />
									<TextureCoordinate point="0.0427 0.8960 0.2227 0.8960 0.2227 0.9700 0.0427 0.9700 0.0427 0.9150 0.2227 0.9150 0.2227 0.9700 0.0427 0.9700 0.0427 0.9284 0.2227 0.9284 0.2227 0.9700 0.0427 0.9700 0.0427 0.8769 0.2227 0.8769 0.2227 0.9700 0.0427 0.9700 0.1559 0.9164 0.2227 0.9284 0.2227 0.9700 0.1559 0.9700 0.1096 0.9164 0.1096 0.9700 0.1096 0.8219 0.2227 0.8219 0.1559 0.8219 0.2227 0.8219 0.0427 0.8219 0.2227 0.8219 0.0427 0.8219 0.2227 0.8219 0.0427 0.8219 0.0427 0.8219 0.0427 0.9284 0.0427 0.9700 0.2734 0.8360 0.3934 0.8360 0.3934 0.9560 0.2734 0.9560 0.0427 0.8219 0.2227 0.8219 " />
								</IndexedTriangleSet>
							</Shape>
						</Group>
					</Transform>
					<Transform DEF="arm1_1_TRANSFORM"
					           translation="0.408967 -0.000781 -0.025970"
					           scale="1.000000 1.000000 1.000000"
					           rotation="0.000000 1.000000 0.000000 0.000000"
					           >
						<Transform DEF="arm1_1_ifs_TRANSFORM"
						           translation="0.000000 0.000000 0.000000"
						           scale="1.000000 1.000000 1.000000"
						           rotation="0.000000 1.000000 0.000000 0.000000"
						           >
							<Group DEF="group_ME_arm1_1">
								<Shape>
									<Appearance>
										<Material USE="MA_Body" />
									</Appearance>
									<IndexedTriangleSet solid="false"
									                    normalPerVertex="true"
									                    index="0 1 2 0 2 3 4 5 6 4 6 7 8 9 10 8 10 11 12 13 14 12 14 15 4 16 17 4 17 15 18 5 14 18 14 19 "
									                    >
										<Coordinate point="-0.013298 -0.108795 -0.085694 -0.009548 -0.108743 0.086259 0.013298 0.108795 0.085694 0.009548 0.108743 -0.086259 0.009548 0.108743 -0.086259 0.013298 0.108795 0.085694 0.392975 0.068900 0.077425 0.389225 0.068848 -0.094528 0.389225 0.068848 -0.094528 0.392975 0.068900 0.077425 0.370129 -0.148638 0.077990 0.366379 -0.148691 -0.093963 0.366379 -0.148691 -0.093963 0.370129 -0.148638 0.077990 -0.009548 -0.108743 0.086259 -0.013298 -0.108795 -0.085694 0.389225 0.068848 -0.094528 0.366379 -0.148691 -0.093963 0.392975 0.068900 0.077425 0.370129 -0.148638 0.077990 " />
										<Normal vector="-0.646931 -0.514023 -0.563219 -0.621754 -0.513688 0.591205 -0.501144 0.634663 0.588214 -0.526322 0.634327 -0.566179 -0.526322 0.634327 -0.566179 -0.501144 0.634663 0.588214 0.646931 0.514023 0.563219 0.621754 0.513688 -0.591205 0.621754 0.513688 -0.591205 0.646931 0.514023 0.563219 0.526322 -0.634327 0.566179 0.501144 -0.634663 -0.588214 0.501144 -0.634663 -0.588214 0.526322 -0.634327 0.566179 -0.621754 -0.513688 0.591205 -0.646931 -0.514023 -0.563219 0.621754 0.513688 -0.591205 0.501144 -0.634663 -0.588214 0.646931 0.514023 0.563219 0.526322 -0.634327 0.566179 " />
										<TextureCoordinate point="0.0427 0.8219 0.2227 0.8219 0.2227 0.9700 0.0427 0.9700 0.0427 0.8219 0.2227 0.8219 0.2227 0.9700 0.0427 0.9700 0.0427 0.8219 0.2227 0.8219 0.2227 0.9700 0.0427 0.9700 0.0427 0.8219 0.2227 0.8219 0.2227 0.9700 0.0427 0.9700 0.2227 0.8219 0.2227 0.9700 0.0427 0.8219 0.0427 0.9700 " />
									</IndexedTriangleSet>
								</Shape>
							</Group>
						</Transform>
						<Transform DEF="Cube_006_TRANSFORM"
						           translation="0.316206 -0.023141 -0.007020"
						           scale="1.000000 1.000000 1.000000"
						           rotation="0.000000 1.000000 0.000000 0.000000"
						           >
							<Transform DEF="Cube_006_ifs_TRANSFORM"
							           translation="0.000000 0.000000 0.000000"
							           scale="1.000000 1.000000 1.000000"
							           rotation="0.000000 1.000000 0.000000 0.000000"
							           >
								<Group DEF="group_ME_Cube_006">
									<Shape>
										<Appearance>
											<Material USE="MA_Body" />
										</Appearance>
										<IndexedTriangleSet solid="false"
										                    normalPerVertex="true"
										                    index="0 1 2 0 2 3 4 5 6 4 6 7 8 9 10 8 10 11 12 13 14 12 14 15 16 17 18 16 18 19 20 21 14 20 14 22 23 20 22 23 22 24 25 26 27 25 27 28 29 30 13 29 13 12 31 21 5 31 5 4 25 31 4 25 4 32 33 34 35 33 35 36 37 12 15 37 15 28 38 8 11 38 11 39 32 4 7 32 7 40 41 0 3 41 3 42 "
										                    >
											<Coordinate point="-0.029096 -0.126364 0.000000 -0.029333 -0.126309 0.099330 0.028859 0.126418 0.099330 0.029096 0.126364 -0.000000 0.265365 0.071961 0.000594 0.265128 0.072015 0.099924 0.427903 0.034535 0.100333 0.428140 0.034480 0.001003 0.428140 0.034480 0.001003 0.427903 0.034535 0.100333 0.369711 -0.218192 0.100333 0.369948 -0.218247 0.001003 0.207172 -0.180766 0.000594 0.206935 -0.180712 0.099924 -0.029333 -0.126309 0.099330 -0.029096 -0.126364 0.000000 0.265602 0.071906 -0.098736 0.428378 0.034426 -0.098326 0.370185 -0.218301 -0.098326 0.207409 -0.180821 -0.098736 0.265128 0.072015 0.099924 0.028859 0.126418 0.099330 0.206935 -0.180712 0.099924 0.427903 0.034535 0.100333 0.369711 -0.218192 0.100333 0.029333 0.126309 -0.099330 0.265602 0.071906 -0.098736 0.207409 -0.180821 -0.098736 -0.028859 -0.126418 -0.099330 0.369948 -0.218247 0.001003 0.369711 -0.218192 0.100333 0.029096 0.126364 -0.000000 0.265602 0.071906 -0.098736 0.370185 -0.218301 -0.098326 0.369948 -0.218247 0.001003 0.207172 -0.180766 0.000594 0.207409 -0.180821 -0.098736 0.207409 -0.180821 -0.098736 0.428378 0.034426 -0.098326 0.370185 -0.218301 -0.098326 0.428378 0.034426 -0.098326 -0.028859 -0.126418 -0.099330 0.029333 0.126309 -0.099330 " />
											<Normal vector="-0.847713 -0.530381 -0.001709 -0.693533 -0.432752 0.575915 -0.434431 0.692465 0.575915 -0.530381 0.847713 -0.001709 0.224372 0.974487 0.000000 0.156957 0.689444 0.707083 0.690786 0.433393 0.578753 0.847713 0.530381 0.001709 0.847713 0.530381 0.001709 0.690786 0.433393 0.578753 0.431684 -0.691855 0.578753 0.530381 -0.847713 0.001709 -0.224372 -0.974487 0.000000 -0.160344 -0.688681 0.707083 -0.693533 -0.432752 0.575915 -0.847713 -0.530381 -0.001709 0.160344 0.688681 -0.707083 0.693533 0.432752 -0.575915 0.434431 -0.692465 -0.575915 -0.156957 -0.689444 -0.707083 0.156957 0.689444 0.707083 -0.434431 0.692465 0.575915 -0.160344 -0.688681 0.707083 0.690786 0.433393 0.578753 0.431684 -0.691855 0.578753 -0.431684 0.691855 -0.578753 0.160344 0.688681 -0.707083 -0.156957 -0.689444 -0.707083 -0.690786 -0.433393 -0.578753 0.530381 -0.847713 0.001709 0.431684 -0.691855 0.578753 -0.530381 0.847713 -0.001709 0.160344 0.688681 -0.707083 0.434431 -0.692465 -0.575915 0.530381 -0.847713 0.001709 -0.224372 -0.974487 0.000000 -0.156957 -0.689444 -0.707083 -0.156957 -0.689444 -0.707083 0.693533 0.432752 -0.575915 0.434431 -0.692465 -0.575915 0.693533 0.432752 -0.575915 -0.690786 -0.433393 -0.578753 -0.431684 0.691855 -0.578753 " />
											<TextureCoordinate point="0.1327 0.8219 0.2227 0.8219 0.2227 0.9700 0.1327 0.9700 0.1327 0.9096 0.2227 0.9096 0.2227 0.9700 0.1327 0.9700 0.1327 0.8219 0.2227 0.8219 0.2227 0.9700 0.1327 0.9700 0.1327 0.8823 0.2227 0.8823 0.2227 0.9700 0.1327 0.9700 0.3706 0.8219 0.4441 0.8219 0.4441 0.9700 0.3706 0.9700 0.1161 0.8219 0.2227 0.8219 0.1161 0.9700 0.0427 0.8219 0.0427 0.9700 0.0427 0.8219 0.1493 0.8219 0.1493 0.9700 0.0427 0.9700 0.1327 0.8219 0.2227 0.8219 0.1327 0.8219 0.0427 0.9096 0.2641 0.8219 0.3541 0.8219 0.3541 0.8823 0.2641 0.8823 0.0427 0.8823 0.0427 0.8219 0.0427 0.9700 0.0427 0.9700 0.0427 0.8219 0.0427 0.9700 " />
										</IndexedTriangleSet>
									</Shape>
								</Group>
							</Transform>
							<Transform DEF="Cube_007_TRANSFORM"
							           translation="0.379214 -0.087317 0.000953"
							           scale="1.000000 1.000000 1.000000"
							           rotation="0.000000 1.000000 0.000000 0.000000"
							           >
								<Transform DEF="Cube_007_ifs_TRANSFORM"
								           translation="0.000000 0.000000 0.000000"
								           scale="1.000000 1.000000 1.000000"
								           rotation="0.000000 1.000000 0.000000 0.000000"
								           >
									<Group DEF="group_ME_Cube_007">
										<Shape>
											<Appearance>
												<Material USE="MA_Body" />
											</Appearance>
											<IndexedTriangleSet solid="false"
											                    normalPerVertex="true"
											                    index="0 1 2 0 2 3 4 5 6 4 6 7 8 9 10 8 10 11 12 13 14 12 14 15 16 17 18 16 18 19 20 5 14 20 14 21 22 23 24 22 24 19 25 26 27 25 27 28 16 29 30 16 30 31 32 33 34 32 34 35 "
											                    >
												<Coordinate point="-0.030562 -0.132727 0.000000 -0.030805 -0.132671 0.102096 0.030318 0.132783 0.102096 0.030562 0.132727 -0.000000 0.030562 0.132727 -0.000000 0.030318 0.132783 0.102096 0.405269 0.046448 0.103039 0.405513 0.046392 0.000943 0.405513 0.046392 0.000943 0.405269 0.046448 0.103039 0.344146 -0.219007 0.103039 0.344389 -0.219063 0.000943 0.344389 -0.219063 0.000943 0.344146 -0.219007 0.103039 -0.030805 -0.132671 0.102096 -0.030562 -0.132727 0.000000 0.030805 0.132671 -0.102096 0.405756 0.046336 -0.101153 0.344633 -0.219119 -0.101153 -0.030318 -0.132783 -0.102096 0.405269 0.046448 0.103039 0.344146 -0.219007 0.103039 0.344633 -0.219119 -0.101153 0.344389 -0.219063 0.000943 -0.030562 -0.132727 0.000000 0.405756 0.046336 -0.101153 0.405513 0.046392 0.000943 0.344389 -0.219063 0.000943 0.344633 -0.219119 -0.101153 0.030562 0.132727 -0.000000 0.405513 0.046392 0.000943 0.405756 0.046336 -0.101153 -0.030318 -0.132783 -0.102096 -0.030562 -0.132727 0.000000 0.030562 0.132727 -0.000000 0.030805 0.132671 -0.102096 " />
												<Normal vector="-0.847713 -0.530381 -0.001709 -0.693533 -0.432752 0.575915 -0.434431 0.692465 0.575915 -0.530381 0.847713 -0.001709 -0.530381 0.847713 -0.001709 -0.434431 0.692465 0.575915 0.690786 0.433393 0.578753 0.847713 0.530381 0.001709 0.847713 0.530381 0.001709 0.690786 0.433393 0.578753 0.431684 -0.691855 0.578753 0.530381 -0.847713 0.001709 0.530381 -0.847713 0.001709 0.431684 -0.691855 0.578753 -0.693533 -0.432752 0.575915 -0.847713 -0.530381 -0.001709 -0.431684 0.691855 -0.578753 0.693533 0.432752 -0.575915 0.434431 -0.692465 -0.575915 -0.690786 -0.433393 -0.578753 0.690786 0.433393 0.578753 0.431684 -0.691855 0.578753 0.434431 -0.692465 -0.575915 0.530381 -0.847713 0.001709 -0.847713 -0.530381 -0.001709 0.693533 0.432752 -0.575915 0.847713 0.530381 0.001709 0.530381 -0.847713 0.001709 0.434431 -0.692465 -0.575915 -0.530381 0.847713 -0.001709 0.847713 0.530381 0.001709 0.693533 0.432752 -0.575915 -0.690786 -0.433393 -0.578753 -0.847713 -0.530381 -0.001709 -0.530381 0.847713 -0.001709 -0.431684 0.691855 -0.578753 " />
												<TextureCoordinate point="0.1327 0.8219 0.2227 0.8219 0.2227 0.9700 0.1327 0.9700 0.1327 0.8219 0.2227 0.8219 0.2227 0.9700 0.1327 0.9700 0.1327 0.8219 0.2227 0.8219 0.2227 0.9700 0.1327 0.9700 0.1327 0.8219 0.2227 0.8219 0.2227 0.9700 0.1327 0.9700 0.2641 0.8219 0.4441 0.8219 0.4441 0.9700 0.2641 0.9700 0.0427 0.8219 0.0427 0.9700 0.2641 0.8219 0.3541 0.8219 0.3541 0.9700 0.2641 0.8219 0.3541 0.8219 0.3541 0.9700 0.2641 0.9700 0.3541 0.8219 0.3541 0.9700 0.2641 0.9700 0.2641 0.8219 0.3541 0.8219 0.3541 0.9700 0.2641 0.9700 " />
											</IndexedTriangleSet>
										</Shape>
									</Group>
								</Transform>
							</Transform>
						</Transform>
						<Transform DEF="Cube_008_TRANSFORM"
						           translation="0.090475 0.011325 -0.001932"
						           scale="1.000000 1.000000 1.000000"
						           rotation="0.000000 1.000000 0.000000 0.000000"
						           >
							<Transform DEF="Cube_008_ifs_TRANSFORM"
							           translation="0.000000 0.000000 0.000000"
							           scale="1.000000 1.000000 1.000000"
							           rotation="0.000000 1.000000 0.000000 0.000000"
							           >
								<Group DEF="group_ME_Cube_008">
									<Shape>
										<Appearance>
											<Material USE="MA_Body" />
										</Appearance>
										<IndexedTriangleSet solid="false"
										                    normalPerVertex="true"
										                    index="0 1 2 0 2 3 4 5 6 4 6 7 8 9 10 8 10 11 12 13 14 12 14 15 4 16 17 4 17 15 18 5 14 18 14 19 "
										                    >
											<Coordinate point="0.029036 -0.105659 -0.075899 0.032095 -0.104359 0.076463 -0.029036 0.105659 0.075899 -0.032095 0.104359 -0.076463 -0.032095 0.104359 -0.076463 -0.029036 0.105659 0.075899 0.319347 0.207044 0.068040 0.316289 0.205744 -0.084322 0.316289 0.205744 -0.084322 0.319347 0.207044 0.068040 0.380479 -0.002974 0.068605 0.377420 -0.004274 -0.083758 0.377420 -0.004274 -0.083758 0.380479 -0.002974 0.068605 0.032095 -0.104359 0.076463 0.029036 -0.105659 -0.075899 0.316289 0.205744 -0.084322 0.377420 -0.004274 -0.083758 0.319347 0.207044 0.068040 0.380479 -0.002974 0.068605 " />
											<Normal vector="-0.404431 -0.720542 -0.563219 -0.381268 -0.710685 0.591205 -0.703970 0.397961 0.588214 -0.727165 0.388104 -0.566179 -0.727165 0.388104 -0.566179 -0.703970 0.397961 0.588214 0.404431 0.720542 0.563219 0.381268 0.710685 -0.591205 0.381268 0.710685 -0.591205 0.404431 0.720542 0.563219 0.727165 -0.388104 0.566179 0.703970 -0.397961 -0.588214 0.703970 -0.397961 -0.588214 0.727165 -0.388104 0.566179 -0.381268 -0.710685 0.591205 -0.404431 -0.720542 -0.563219 0.381268 0.710685 -0.591205 0.703970 -0.397961 -0.588214 0.404431 0.720542 0.563219 0.727165 -0.388104 0.566179 " />
											<TextureCoordinate point="0.0427 0.8219 0.2227 0.8219 0.2227 0.9700 0.0427 0.9700 0.0427 0.8219 0.2227 0.8219 0.2227 0.9700 0.0427 0.9700 0.0427 0.8219 0.2227 0.8219 0.2227 0.9700 0.0427 0.9700 0.0427 0.8219 0.2227 0.8219 0.2227 0.9700 0.0427 0.9700 0.2227 0.8219 0.2227 0.9700 0.0427 0.8219 0.0427 0.9700 " />
										</IndexedTriangleSet>
									</Shape>
								</Group>
							</Transform>
						</Transform>
						<Transform DEF="Cube_009_TRANSFORM"
						           translation="0.389657 0.023263 0.000065"
						           scale="1.000000 1.000000 1.000000"
						           rotation="0.000000 1.000000 0.000000 0.000000"
						           >
							<Transform DEF="Cube_009_ifs_TRANSFORM"
							           translation="0.000000 0.000000 0.000000"
							           scale="1.000000 1.000000 1.000000"
							           rotation="0.000000 1.000000 0.000000 0.000000"
							           >
								<Group DEF="group_ME_Cube_009">
									<Shape>
										<Appearance>
											<Material USE="MA_Body" />
										</Appearance>
										<IndexedTriangleSet solid="false"
										                    normalPerVertex="true"
										                    index="0 1 2 0 2 3 4 5 6 4 6 7 8 9 10 8 10 11 12 13 14 12 14 15 16 17 18 16 18 19 20 21 14 20 14 22 23 24 25 23 25 26 27 28 29 27 29 30 31 32 33 31 33 34 35 21 36 35 36 37 27 35 37 27 37 38 39 31 34 39 34 40 41 12 15 41 15 30 42 8 11 42 11 43 44 45 46 44 46 47 48 0 3 48 3 49 "
										                    >
											<Coordinate point="0.056220 -0.192962 0.000518 0.057888 -0.192253 0.083622 -0.054551 0.193671 0.082587 -0.056220 0.192962 -0.000518 0.100424 0.238591 -0.004052 0.102092 0.239300 0.079053 0.258735 0.284928 0.075519 0.257067 0.284219 -0.007586 0.257067 0.284219 -0.007586 0.258735 0.284928 0.075519 0.371175 -0.100995 0.076555 0.369506 -0.101704 -0.006550 0.212863 -0.147333 -0.003016 0.214531 -0.146624 0.080088 0.057888 -0.192253 0.083622 0.056220 -0.192962 0.000518 0.098755 0.237881 -0.087156 0.255399 0.283510 -0.090690 0.367838 -0.102413 -0.089655 0.211195 -0.148042 -0.086121 0.102092 0.239300 0.079053 -0.054551 0.193671 0.082587 0.214531 -0.146624 0.080088 0.258735 0.284928 0.075519 0.102092 0.239300 0.079053 0.214531 -0.146624 0.080088 0.371175 -0.100995 0.076555 -0.057888 0.192253 -0.083622 0.098755 0.237881 -0.087156 0.211195 -0.148042 -0.086121 0.054551 -0.193671 -0.082587 0.369506 -0.101704 -0.006550 0.371175 -0.100995 0.076555 0.214531 -0.146624 0.080088 0.212863 -0.147333 -0.003016 -0.056220 0.192962 -0.000518 0.102092 0.239300 0.079053 0.100424 0.238591 -0.004052 0.098755 0.237881 -0.087156 0.367838 -0.102413 -0.089655 0.211195 -0.148042 -0.086121 0.211195 -0.148042 -0.086121 0.255399 0.283510 -0.090690 0.367838 -0.102413 -0.089655 0.098755 0.237881 -0.087156 0.100424 0.238591 -0.004052 0.257067 0.284219 -0.007586 0.255399 0.283510 -0.090690 0.054551 -0.193671 -0.082587 -0.057888 0.192253 -0.083622 " />
											<Normal vector="-0.480911 -0.876583 0.017121 -0.381085 -0.710776 0.591174 -0.704062 0.397778 0.588214 -0.876522 0.481155 0.013489 -0.279702 0.960051 -0.002564 -0.183599 0.684896 0.705100 0.404248 0.720634 0.563219 0.480911 0.876583 -0.017121 0.480911 0.876583 -0.017121 0.404248 0.720634 0.563219 0.727256 -0.387921 0.566179 0.876522 -0.481155 -0.013489 0.279702 -0.960051 0.002564 0.211982 -0.672842 0.708731 -0.381085 -0.710776 0.591174 -0.480911 -0.876583 0.017121 -0.211982 0.672842 -0.708731 0.381085 0.710776 -0.591174 0.704062 -0.397778 -0.588214 0.183599 -0.684896 -0.705100 -0.183599 0.684896 0.705100 -0.704062 0.397778 0.588214 0.211982 -0.672842 0.708731 0.404248 0.720634 0.563219 -0.183599 0.684896 0.705100 0.211982 -0.672842 0.708731 0.727256 -0.387921 0.566179 -0.727256 0.387921 -0.566179 -0.211982 0.672842 -0.708731 0.183599 -0.684896 -0.705100 -0.404248 -0.720634 -0.563219 0.876522 -0.481155 -0.013489 0.727256 -0.387921 0.566179 0.211982 -0.672842 0.708731 0.279702 -0.960051 0.002564 -0.876522 0.481155 0.013489 -0.183599 0.684896 0.705100 -0.279702 0.960051 -0.002564 -0.211982 0.672842 -0.708731 0.704062 -0.397778 -0.588214 0.183599 -0.684896 -0.705100 0.183599 -0.684896 -0.705100 0.381085 0.710776 -0.591174 0.704062 -0.397778 -0.588214 -0.211982 0.672842 -0.708731 -0.279702 0.960051 -0.002564 0.480911 0.876583 -0.017121 0.381085 0.710776 -0.591174 -0.404248 -0.720634 -0.563219 -0.727256 0.387921 -0.566179 " />
											<TextureCoordinate point="0.1327 0.8219 0.2227 0.8219 0.2227 0.9700 0.1327 0.9700 0.1284 0.9009 0.2124 0.9009 0.2124 0.9701 0.1284 0.9701 0.3597 0.8219 0.4497 0.8219 0.4497 0.9700 0.3597 0.9700 0.1327 0.8960 0.2227 0.8960 0.2227 0.9700 0.1327 0.9700 0.3597 0.8219 0.4497 0.8219 0.4497 0.9700 0.3597 0.9700 0.1327 0.8219 0.2227 0.8219 0.1327 0.9700 0.0443 0.8317 0.1284 0.8317 0.1284 0.9701 0.0443 0.9701 0.0427 0.8219 0.1327 0.8219 0.1327 0.9700 0.0427 0.9700 0.3597 0.8219 0.4497 0.8219 0.4497 0.8960 0.3597 0.8960 0.1327 0.8219 0.2227 0.8960 0.1327 0.8960 0.0427 0.8960 0.2697 0.8219 0.2697 0.8960 0.0427 0.8960 0.2697 0.8219 0.2697 0.9700 0.2697 0.8960 0.3597 0.8960 0.3597 0.9700 0.2697 0.9700 0.0427 0.8219 0.0427 0.9700 " />
										</IndexedTriangleSet>
									</Shape>
								</Group>
							</Transform>
							<Transform DEF="Cube_010_TRANSFORM"
							           translation="0.454527 -0.144514 -0.004986"
							           scale="1.000000 1.000000 1.000000"
							           rotation="0.000000 1.000000 0.000000 0.000000"
							           >
								<Transform DEF="Cube_010_ifs_TRANSFORM"
								           translation="0.000000 0.000000 0.000000"
								           scale="1.000000 1.000000 1.000000"
								           rotation="0.000000 1.000000 0.000000 0.000000"
								           >
									<Group DEF="group_ME_Cube_010">
										<Shape>
											<Appearance>
												<Material USE="MA_Body" />
											</Appearance>
											<IndexedTriangleSet solid="false"
											                    normalPerVertex="true"
											                    index="0 1 2 0 2 3 4 5 6 4 6 7 8 9 10 8 10 11 12 13 14 12 14 15 16 17 18 16 18 19 20 5 14 20 14 21 22 23 24 22 24 19 25 26 27 25 27 28 16 29 30 16 30 31 32 33 34 32 34 35 "
											                    >
												<Coordinate point="0.232527 0.007447 -0.001417 0.233082 0.008301 0.094123 -0.231972 -0.006592 0.096958 -0.232527 -0.007447 0.001417 -0.232527 -0.007447 0.001417 -0.231972 -0.006592 0.096958 -0.249576 0.542207 0.092150 -0.250131 0.541352 -0.003390 -0.250131 0.541352 -0.003390 -0.249576 0.542207 0.092150 0.215478 0.557100 0.089315 0.214923 0.556245 -0.006225 0.214923 0.556245 -0.006225 0.215478 0.557100 0.089315 0.233082 0.008301 0.094123 0.232527 0.007447 -0.001417 -0.233082 -0.008301 -0.094123 -0.250687 0.540497 -0.098930 0.214368 0.555391 -0.101765 0.231972 0.006592 -0.096958 -0.249576 0.542207 0.092150 0.215478 0.557100 0.089315 0.214368 0.555391 -0.101765 0.214923 0.556245 -0.006225 0.232527 0.007447 -0.001417 -0.250687 0.540497 -0.098930 -0.250131 0.541352 -0.003390 0.214923 0.556245 -0.006225 0.214368 0.555391 -0.101765 -0.232527 -0.007447 0.001417 -0.250131 0.541352 -0.003390 -0.250687 0.540497 -0.098930 0.231972 0.006592 -0.096958 0.232527 0.007447 -0.001417 -0.232527 -0.007447 0.001417 -0.233082 -0.008301 -0.094123 " />
												<Normal vector="0.729392 -0.684072 0.001862 0.598895 -0.553362 0.578845 -0.555162 -0.590320 0.585864 -0.684042 -0.729331 0.010498 -0.684042 -0.729331 0.010498 -0.555162 -0.590320 0.585864 -0.592181 0.563707 0.575762 -0.729392 0.684072 -0.001862 -0.729392 0.684072 -0.001862 -0.592181 0.563707 0.575762 0.561876 0.600665 0.568743 0.684042 0.729331 -0.010498 0.684042 0.729331 -0.010498 0.561876 0.600665 0.568743 0.598895 -0.553362 0.578845 0.729392 -0.684072 0.001862 -0.561876 -0.600665 -0.568743 -0.598895 0.553362 -0.578845 0.555162 0.590320 -0.585864 0.592181 -0.563707 -0.575762 -0.592181 0.563707 0.575762 0.561876 0.600665 0.568743 0.555162 0.590320 -0.585864 0.684042 0.729331 -0.010498 0.729392 -0.684072 0.001862 -0.598895 0.553362 -0.578845 -0.729392 0.684072 -0.001862 0.684042 0.729331 -0.010498 0.555162 0.590320 -0.585864 -0.684042 -0.729331 0.010498 -0.729392 0.684072 -0.001862 -0.598895 0.553362 -0.578845 0.592181 -0.563707 -0.575762 0.729392 -0.684072 0.001862 -0.684042 -0.729331 0.010498 -0.561876 -0.600665 -0.568743 " />
												<TextureCoordinate point="0.1327 0.8219 0.2227 0.8219 0.2227 0.9700 0.1327 0.9700 0.1327 0.8219 0.2227 0.8219 0.2227 0.9700 0.1327 0.9700 0.1327 0.8219 0.2227 0.8219 0.2227 0.9700 0.1327 0.9700 0.1327 0.8219 0.2227 0.8219 0.2227 0.9700 0.1327 0.9700 0.2678 0.8256 0.4741 0.8256 0.4741 0.9738 0.2678 0.9738 0.0427 0.8219 0.0427 0.9700 0.2678 0.8256 0.3710 0.8256 0.3710 0.9738 0.2678 0.8256 0.3710 0.8256 0.3710 0.9738 0.2678 0.9738 0.3710 0.8256 0.3710 0.9738 0.2678 0.9738 0.2678 0.8256 0.3710 0.8256 0.3710 0.9738 0.2678 0.9738 " />
											</IndexedTriangleSet>
										</Shape>
									</Group>
								</Transform>
							</Transform>
						</Transform>
						<Transform DEF="Cube_011_TRANSFORM"
						           translation="0.647439 0.355873 -0.008046"
						           scale="1.000000 1.000000 1.000000"
						           rotation="0.000000 1.000000 0.000000 0.000000"
						           >
							<Transform DEF="Cube_011_ifs_TRANSFORM"
							           translation="0.000000 0.000000 0.000000"
							           scale="1.000000 1.000000 1.000000"
							           rotation="0.000000 1.000000 0.000000 0.000000"
							           >
								<Group DEF="group_ME_Cube_011">
									<Shape>
										<Appearance>
											<Material USE="MA_Body" />
										</Appearance>
										<IndexedTriangleSet solid="false"
										                    normalPerVertex="true"
										                    index="0 1 2 0 2 3 4 5 6 4 6 7 8 9 10 8 10 11 12 13 14 12 14 15 16 17 18 16 18 19 20 5 14 20 14 21 22 23 24 22 24 19 25 26 27 25 27 28 16 29 30 16 30 31 32 33 34 32 34 35 "
										                    >
											<Coordinate point="0.402776 0.043724 -0.002731 0.403275 0.044494 0.083265 -0.402276 -0.042955 0.088728 -0.402776 -0.043724 0.002731 -0.402776 -0.043724 0.002731 -0.402276 -0.042955 0.088728 -0.455905 0.450798 0.084622 -0.456404 0.450029 -0.001375 -0.456404 0.450029 -0.001375 -0.455905 0.450798 0.084622 0.349647 0.538247 0.079160 0.349147 0.537478 -0.006837 0.349147 0.537478 -0.006837 0.349647 0.538247 0.079160 0.403275 0.044494 0.083265 0.402776 0.043724 -0.002731 -0.403275 -0.044494 -0.083265 -0.456904 0.449259 -0.087371 0.348648 0.536708 -0.092834 0.402276 0.042955 -0.088728 -0.455905 0.450798 0.084622 0.349647 0.538247 0.079160 0.348648 0.536708 -0.092834 0.349147 0.537478 -0.006837 0.402776 0.043724 -0.002731 -0.456904 0.449259 -0.087371 -0.456404 0.450029 -0.001375 0.349147 0.537478 -0.006837 0.348648 0.536708 -0.092834 -0.402776 -0.043724 0.002731 -0.456404 0.450029 -0.001375 -0.456904 0.449259 -0.087371 0.402276 0.042955 -0.088728 0.402776 0.043724 -0.002731 -0.402776 -0.043724 0.002731 -0.403275 -0.044494 -0.083265 " />
											<Normal vector="0.779290 -0.626606 0.001068 0.639637 -0.506455 0.578173 -0.508255 -0.631092 0.585955 -0.626606 -0.779260 0.010590 -0.626606 -0.779260 0.010590 -0.508255 -0.631092 0.585955 -0.632923 0.516800 0.576434 -0.779290 0.626606 -0.001068 -0.779290 0.626606 -0.001068 -0.632923 0.516800 0.576434 0.514969 0.641407 0.568651 0.626606 0.779260 -0.010590 0.626606 0.779260 -0.010590 0.514969 0.641407 0.568651 0.639637 -0.506455 0.578173 0.779290 -0.626606 0.001068 -0.514969 -0.641407 -0.568651 -0.639637 0.506455 -0.578173 0.508255 0.631092 -0.585955 0.632923 -0.516800 -0.576434 -0.632923 0.516800 0.576434 0.514969 0.641407 0.568651 0.508255 0.631092 -0.585955 0.626606 0.779260 -0.010590 0.779290 -0.626606 0.001068 -0.639637 0.506455 -0.578173 -0.779290 0.626606 -0.001068 0.626606 0.779260 -0.010590 0.508255 0.631092 -0.585955 -0.626606 -0.779260 0.010590 -0.779290 0.626606 -0.001068 -0.639637 0.506455 -0.578173 0.632923 -0.516800 -0.576434 0.779290 -0.626606 0.001068 -0.626606 -0.779260 0.010590 -0.514969 -0.641407 -0.568651 " />
											<TextureCoordinate point="0.1327 0.8219 0.2227 0.8219 0.2227 0.9700 0.1327 0.9700 0.1327 0.8219 0.2227 0.8219 0.2227 0.9700 0.1327 0.9700 0.1327 0.8219 0.2227 0.8219 0.2227 0.9700 0.1327 0.9700 0.1327 0.8219 0.2227 0.8219 0.2227 0.9700 0.1327 0.9700 0.2678 0.8256 0.4741 0.8256 0.4741 0.9738 0.2678 0.9738 0.0427 0.8219 0.0427 0.9700 0.2678 0.8256 0.3710 0.8256 0.3710 0.9738 0.2678 0.8256 0.3710 0.8256 0.3710 0.9738 0.2678 0.9738 0.3710 0.8256 0.3710 0.9738 0.2678 0.9738 0.2678 0.8256 0.3710 0.8256 0.3710 0.9738 0.2678 0.9738 " />
										</IndexedTriangleSet>
									</Shape>
								</Group>
							</Transform>
							<Transform DEF="Cube_012_TRANSFORM"
							           translation="-0.054051 0.429365 -0.003527"
							           scale="1.000000 1.000000 1.000000"
							           rotation="0.000000 1.000000 0.000000 0.000000"
							           >
								<Transform DEF="Cube_012_ifs_TRANSFORM"
								           translation="0.000000 0.000000 0.000000"
								           scale="1.000000 1.000000 1.000000"
								           rotation="0.000000 1.000000 0.000000 0.000000"
								           >
									<Group DEF="group_ME_Cube_012">
										<Shape>
											<Appearance>
												<Material USE="MA_Body" />
											</Appearance>
											<IndexedTriangleSet solid="false"
											                    normalPerVertex="true"
											                    index="0 1 2 0 2 3 4 5 6 4 6 7 8 9 10 8 10 11 12 13 14 12 14 15 16 17 18 16 18 19 20 5 14 20 14 21 22 23 24 22 24 19 25 26 27 25 27 28 16 29 30 16 30 31 32 33 34 32 34 35 "
											                    >
												<Coordinate point="0.377336 0.068389 -0.002804 0.377676 0.069815 0.077634 -0.376997 -0.066963 0.083242 -0.377336 -0.068389 0.002804 -0.377336 -0.068389 0.002804 -0.376997 -0.066963 0.083242 -0.482518 0.514843 0.073372 -0.482857 0.513417 -0.007066 -0.482857 0.513417 -0.007066 -0.482518 0.514843 0.073372 0.272155 0.651621 0.067764 0.271816 0.650195 -0.012674 0.271816 0.650195 -0.012674 0.272155 0.651621 0.067764 0.377676 0.069815 0.077634 0.377336 0.068389 -0.002804 -0.377676 -0.069815 -0.077634 -0.483196 0.511991 -0.087503 0.271477 0.648769 -0.093111 0.376997 0.066963 -0.083242 -0.482518 0.514843 0.073372 0.272155 0.651621 0.067764 0.271477 0.648769 -0.093111 0.271816 0.650195 -0.012674 0.377336 0.068389 -0.002804 -0.483196 0.511991 -0.087503 -0.482857 0.513417 -0.007066 0.271816 0.650195 -0.012674 0.271477 0.648769 -0.093111 -0.377336 -0.068389 0.002804 -0.482857 0.513417 -0.007066 -0.483196 0.511991 -0.087503 0.376997 0.066963 -0.083242 0.377336 0.068389 -0.002804 -0.377336 -0.068389 0.002804 -0.377676 -0.069815 -0.077634 " />
												<Normal vector="0.821894 -0.569536 0.006623 0.673513 -0.454787 0.582659 -0.462600 -0.660726 0.591083 -0.569567 -0.821741 0.016968 -0.569567 -0.821741 0.016968 -0.462600 -0.660726 0.591083 -0.668661 0.475265 0.571825 -0.821894 0.569536 -0.006623 -0.821894 0.569536 -0.006623 -0.668661 0.475265 0.571825 0.467483 0.681173 0.563372 0.569567 0.821741 -0.016968 0.569567 0.821741 -0.016968 0.467483 0.681173 0.563372 0.673513 -0.454787 0.582659 0.821894 -0.569536 0.006623 -0.467483 -0.681173 -0.563372 -0.673513 0.454787 -0.582659 0.462600 0.660726 -0.591083 0.668661 -0.475265 -0.571825 -0.668661 0.475265 0.571825 0.467483 0.681173 0.563372 0.462600 0.660726 -0.591083 0.569567 0.821741 -0.016968 0.821894 -0.569536 0.006623 -0.673513 0.454787 -0.582659 -0.821894 0.569536 -0.006623 0.569567 0.821741 -0.016968 0.462600 0.660726 -0.591083 -0.569567 -0.821741 0.016968 -0.821894 0.569536 -0.006623 -0.673513 0.454787 -0.582659 0.668661 -0.475265 -0.571825 0.821894 -0.569536 0.006623 -0.569567 -0.821741 0.016968 -0.467483 -0.681173 -0.563372 " />
												<TextureCoordinate point="0.1327 0.8219 0.2227 0.8219 0.2227 0.9700 0.1327 0.9700 0.1327 0.8219 0.2227 0.8219 0.2227 0.9700 0.1327 0.9700 0.1327 0.8219 0.2227 0.8219 0.2227 0.9700 0.1327 0.9700 0.1327 0.8219 0.2227 0.8219 0.2227 0.9700 0.1327 0.9700 0.2678 0.8256 0.4741 0.8256 0.4741 0.9738 0.2678 0.9738 0.0427 0.8219 0.0427 0.9700 0.2678 0.8256 0.3710 0.8256 0.3710 0.9738 0.2678 0.8256 0.3710 0.8256 0.3710 0.9738 0.2678 0.9738 0.3710 0.8256 0.3710 0.9738 0.2678 0.9738 0.2678 0.8256 0.3710 0.8256 0.3710 0.9738 0.2678 0.9738 " />
											</IndexedTriangleSet>
										</Shape>
									</Group>
								</Transform>
								<Transform DEF="Cube_013_TRANSFORM"
								           translation="-0.107800 0.526010 -0.008871"
								           scale="1.000000 1.000000 1.000000"
								           rotation="0.000000 1.000000 0.000000 0.000000"
								           >
									<Transform DEF="Cube_013_ifs_TRANSFORM"
									           translation="0.000000 0.000000 0.000000"
									           scale="1.000000 1.000000 1.000000"
									           rotation="0.000000 1.000000 0.000000 0.000000"
									           >
										<Group DEF="group_ME_Cube_013">
											<Shape>
												<Appearance>
													<Material USE="MA_Body" />
												</Appearance>
												<IndexedTriangleSet solid="false"
												                    normalPerVertex="true"
												                    index="0 1 2 0 2 3 4 5 6 4 6 7 8 9 10 8 10 11 12 13 14 12 14 15 16 17 18 16 18 19 20 5 14 20 14 21 22 23 24 22 24 19 25 26 27 25 27 28 16 29 30 16 30 31 32 33 34 32 34 35 "
												                    >
													<Coordinate point="0.321824 0.100364 -0.003137 0.322142 0.101702 0.072289 -0.321506 -0.099027 0.078563 -0.321824 -0.100364 0.003137 -0.321824 -0.100364 0.003137 -0.321506 -0.099027 0.078563 -0.468383 0.371700 0.070837 -0.468701 0.370363 -0.004589 -0.468701 0.370363 -0.004589 -0.468383 0.371700 0.070837 0.175265 0.572429 0.064563 0.174947 0.571092 -0.010863 0.174947 0.571092 -0.010863 0.175265 0.572429 0.064563 0.322142 0.101702 0.072289 0.321824 0.100364 -0.003137 -0.322142 -0.101702 -0.072289 -0.469019 0.369025 -0.080015 0.174629 0.569754 -0.086289 0.321506 0.099027 -0.078563 -0.468383 0.371700 0.070837 0.175265 0.572429 0.064563 0.174629 0.569754 -0.086289 0.174947 0.571092 -0.010863 0.321824 0.100364 -0.003137 -0.469019 0.369025 -0.080015 -0.468701 0.370363 -0.004589 0.174947 0.571092 -0.010863 0.174629 0.569754 -0.086289 -0.321824 -0.100364 0.003137 -0.468701 0.370363 -0.004589 -0.469019 0.369025 -0.080015 0.321506 0.099027 -0.078563 0.321824 0.100364 -0.003137 -0.321824 -0.100364 0.003137 -0.322142 -0.101702 -0.072289 " />
													<Normal vector="0.885586 -0.464400 0.004486 0.725516 -0.368938 0.580920 -0.376751 -0.712699 0.591662 -0.464400 -0.885433 0.017640 -0.464400 -0.885433 0.017640 -0.376751 -0.712699 0.591662 -0.720634 0.389416 0.573565 -0.885586 0.464400 -0.004486 -0.885586 0.464400 -0.004486 -0.720634 0.389416 0.573565 0.381603 0.733177 0.562822 0.464400 0.885433 -0.017640 0.464400 0.885433 -0.017640 0.381603 0.733177 0.562822 0.725516 -0.368938 0.580920 0.885586 -0.464400 0.004486 -0.381603 -0.733177 -0.562822 -0.725516 0.368938 -0.580920 0.376751 0.712699 -0.591662 0.720634 -0.389416 -0.573565 -0.720634 0.389416 0.573565 0.381603 0.733177 0.562822 0.376751 0.712699 -0.591662 0.464400 0.885433 -0.017640 0.885586 -0.464400 0.004486 -0.725516 0.368938 -0.580920 -0.885586 0.464400 -0.004486 0.464400 0.885433 -0.017640 0.376751 0.712699 -0.591662 -0.464400 -0.885433 0.017640 -0.885586 0.464400 -0.004486 -0.725516 0.368938 -0.580920 0.720634 -0.389416 -0.573565 0.885586 -0.464400 0.004486 -0.464400 -0.885433 0.017640 -0.381603 -0.733177 -0.562822 " />
													<TextureCoordinate point="0.1327 0.8219 0.2227 0.8219 0.2227 0.9700 0.1327 0.9700 0.1327 0.8219 0.2227 0.8219 0.2227 0.9700 0.1327 0.9700 0.1327 0.8219 0.2227 0.8219 0.2227 0.9700 0.1327 0.9700 0.1327 0.8219 0.2227 0.8219 0.2227 0.9700 0.1327 0.9700 0.2678 0.8256 0.4741 0.8256 0.4741 0.9738 0.2678 0.9738 0.0427 0.8219 0.0427 0.9700 0.2678 0.8256 0.3710 0.8256 0.3710 0.9738 0.2678 0.8256 0.3710 0.8256 0.3710 0.9738 0.2678 0.9738 0.3710 0.8256 0.3710 0.9738 0.2678 0.9738 0.2678 0.8256 0.3710 0.8256 0.3710 0.9738 0.2678 0.9738 " />
												</IndexedTriangleSet>
											</Shape>
										</Group>
									</Transform>
									<Transform DEF="Cube_014_TRANSFORM"
									           translation="-0.123074 0.414277 -0.006788"
									           scale="1.000000 1.000000 1.000000"
									           rotation="0.000000 1.000000 0.000000 0.000000"
									           >
										<Transform DEF="Cube_014_ifs_TRANSFORM"
										           translation="0.000000 0.000000 0.000000"
										           scale="1.000000 1.000000 1.000000"
										           rotation="0.000000 1.000000 0.000000 0.000000"
										           >
											<Group DEF="group_ME_Cube_014">
												<Shape>
													<Appearance>
														<Material USE="MA_Body" />
													</Appearance>
													<IndexedTriangleSet solid="false"
													                    normalPerVertex="true"
													                    index="0 1 2 0 2 3 4 5 6 4 6 7 8 9 10 8 10 11 12 13 14 12 14 15 16 17 18 16 18 19 20 5 14 20 14 21 22 23 24 22 24 19 25 26 27 25 27 28 16 29 30 16 30 31 32 33 34 32 34 35 "
													                    >
														<Coordinate point="0.263161 0.115528 -0.002674 0.263324 0.116859 0.070890 -0.262998 -0.114198 0.076238 -0.263161 -0.115528 0.002674 -0.263161 -0.115528 0.002674 -0.262998 -0.114198 0.076238 -0.483004 0.386754 0.067666 -0.483167 0.385423 -0.005898 -0.483167 0.385423 -0.005898 -0.483004 0.386754 0.067666 0.043318 0.617811 0.062317 0.043155 0.616480 -0.011247 0.043155 0.616480 -0.011247 0.043318 0.617811 0.062317 0.263324 0.116859 0.070890 0.263161 0.115528 -0.002674 -0.263324 -0.116859 -0.070890 -0.483331 0.384093 -0.079462 0.042991 0.615150 -0.084811 0.262998 0.114198 -0.076238 -0.483004 0.386754 0.067666 0.043318 0.617811 0.062317 0.042991 0.615150 -0.084811 0.043155 0.616480 -0.011247 0.263161 0.115528 -0.002674 -0.483331 0.384093 -0.079462 -0.483167 0.385423 -0.005898 0.043155 0.616480 -0.011247 0.042991 0.615150 -0.084811 -0.263161 -0.115528 0.002674 -0.483167 0.385423 -0.005898 -0.483331 0.384093 -0.079462 0.262998 0.114198 -0.076238 0.263161 0.115528 -0.002674 -0.263161 -0.115528 0.002674 -0.263324 -0.116859 -0.070890 " />
														<Normal vector="0.931730 -0.363109 0.004486 0.762017 -0.286019 0.580920 -0.295206 -0.750175 0.591662 -0.363109 -0.931547 0.017640 -0.363109 -0.931547 0.017640 -0.295206 -0.750175 0.591662 -0.759453 0.306894 0.573565 -0.931730 0.363109 -0.004486 -0.931730 0.363109 -0.004486 -0.759453 0.306894 0.573565 0.297769 0.771050 0.562822 0.363109 0.931547 -0.017640 0.363109 0.931547 -0.017640 0.297769 0.771050 0.562822 0.762017 -0.286019 0.580920 0.931730 -0.363109 0.004486 -0.297769 -0.771050 -0.562822 -0.762017 0.286019 -0.580920 0.295206 0.750175 -0.591662 0.759453 -0.306925 -0.573565 -0.759453 0.306894 0.573565 0.297769 0.771050 0.562822 0.295206 0.750175 -0.591662 0.363109 0.931547 -0.017640 0.931730 -0.363109 0.004486 -0.762017 0.286019 -0.580920 -0.931730 0.363109 -0.004486 0.363109 0.931547 -0.017640 0.295206 0.750175 -0.591662 -0.363109 -0.931547 0.017640 -0.931730 0.363109 -0.004486 -0.762017 0.286019 -0.580920 0.759453 -0.306925 -0.573565 0.931730 -0.363109 0.004486 -0.363109 -0.931547 0.017640 -0.297769 -0.771050 -0.562822 " />
														<TextureCoordinate point="0.1327 0.8219 0.2227 0.8219 0.2227 0.9700 0.1327 0.9700 0.1327 0.8219 0.2227 0.8219 0.2227 0.9700 0.1327 0.9700 0.1327 0.8219 0.2227 0.8219 0.2227 0.9700 0.1327 0.9700 0.1327 0.8219 0.2227 0.8219 0.2227 0.9700 0.1327 0.9700 0.2678 0.8256 0.4741 0.8256 0.4741 0.9738 0.2678 0.9738 0.0427 0.8219 0.0427 0.9700 0.2678 0.8256 0.3710 0.8256 0.3710 0.9738 0.2678 0.8256 0.3710 0.8256 0.3710 0.9738 0.2678 0.9738 0.3710 0.8256 0.3710 0.9738 0.2678 0.9738 0.2678 0.8256 0.3710 0.8256 0.3710 0.9738 0.2678 0.9738 " />
													</IndexedTriangleSet>
												</Shape>
											</Group>
										</Transform>
										<Transform DEF="Cube_015_TRANSFORM"
										           translation="-0.183532 0.417901 -0.007151"
										           scale="1.000000 1.000000 1.000000"
										           rotation="0.000000 1.000000 0.000000 0.000000"
										           >
											<Transform DEF="Cube_015_ifs_TRANSFORM"
											           translation="0.000000 0.000000 0.000000"
											           scale="1.000000 1.000000 1.000000"
											           rotation="0.000000 1.000000 0.000000 0.000000"
											           >
												<Group DEF="group_ME_Cube_015">
													<Shape>
														<Appearance>
															<Material USE="MA_Body" />
														</Appearance>
														<IndexedTriangleSet solid="false"
														                    normalPerVertex="true"
														                    index="0 1 2 0 2 3 4 5 6 4 6 7 8 9 10 8 10 11 12 13 14 12 14 15 16 17 18 16 18 19 20 5 14 20 14 21 22 23 24 22 24 19 25 26 27 25 27 28 16 29 30 16 30 31 32 33 34 32 34 35 "
														                    >
															<Coordinate point="0.179178 0.105308 -0.001934 0.179181 0.106092 0.041088 -0.179174 -0.104524 0.044956 -0.179178 -0.105308 0.001934 -0.179178 -0.105308 0.001934 -0.179174 -0.104524 0.044956 -0.619509 0.644438 0.031343 -0.619513 0.643654 -0.011679 -0.619513 0.643654 -0.011679 -0.619509 0.644438 0.031343 -0.261154 0.855054 0.027476 -0.261157 0.854270 -0.015546 -0.261157 0.854270 -0.015546 -0.261154 0.855054 0.027476 0.179181 0.106092 0.041088 0.179178 0.105308 -0.001934 -0.179181 -0.106092 -0.041088 -0.619516 0.642870 -0.054701 -0.261161 0.853486 -0.058568 0.179174 0.104524 -0.044956 -0.619509 0.644438 0.031343 -0.261154 0.855054 0.027476 -0.261161 0.853486 -0.058568 -0.261157 0.854270 -0.015546 0.179178 0.105308 -0.001934 -0.619516 0.642870 -0.054701 -0.619513 0.643654 -0.011679 -0.261157 0.854270 -0.015546 -0.261161 0.853486 -0.058568 -0.179178 -0.105308 0.001934 -0.619513 0.643654 -0.011679 -0.619516 0.642870 -0.054701 0.179174 0.104524 -0.044956 0.179178 0.105308 -0.001934 -0.179178 -0.105308 0.001934 -0.179181 -0.106092 -0.041088 " />
															<Normal vector="0.967895 -0.251198 0.004486 0.790338 -0.194586 0.580920 -0.205084 -0.779626 0.591662 -0.251228 -0.967742 0.017640 -0.251228 -0.967742 0.017640 -0.205084 -0.779626 0.591662 -0.790246 0.215613 0.573565 -0.967895 0.251198 -0.004486 -0.967895 0.251198 -0.004486 -0.790246 0.215613 0.573565 0.205176 0.800684 0.562822 0.251228 0.967742 -0.017640 0.251228 0.967742 -0.017640 0.205176 0.800684 0.562822 0.790338 -0.194586 0.580920 0.967895 -0.251198 0.004486 -0.205176 -0.800684 -0.562822 -0.790338 0.194586 -0.580920 0.205084 0.779626 -0.591662 0.790246 -0.215613 -0.573565 -0.790246 0.215613 0.573565 0.205176 0.800684 0.562822 0.205084 0.779626 -0.591662 0.251228 0.967742 -0.017640 0.967895 -0.251198 0.004486 -0.790338 0.194586 -0.580920 -0.967895 0.251198 -0.004486 0.251228 0.967742 -0.017640 0.205084 0.779626 -0.591662 -0.251228 -0.967742 0.017640 -0.967895 0.251198 -0.004486 -0.790338 0.194586 -0.580920 0.790246 -0.215613 -0.573565 0.967895 -0.251198 0.004486 -0.251228 -0.967742 0.017640 -0.205176 -0.800684 -0.562822 " />
															<TextureCoordinate point="0.1327 0.8219 0.2227 0.8219 0.2227 0.9700 0.1327 0.9700 0.1327 0.8219 0.2227 0.8219 0.2227 0.9700 0.1327 0.9700 0.1327 0.8219 0.2227 0.8219 0.2227 0.9700 0.1327 0.9700 0.1327 0.8219 0.2227 0.8219 0.2227 0.9700 0.1327 0.9700 0.2678 0.8256 0.4741 0.8256 0.4741 0.9738 0.2678 0.9738 0.0427 0.8219 0.0427 0.9700 0.2678 0.8256 0.3710 0.8256 0.3710 0.9738 0.2678 0.8256 0.3710 0.8256 0.3710 0.9738 0.2678 0.9738 0.3710 0.8256 0.3710 0.9738 0.2678 0.9738 0.2678 0.8256 0.3710 0.8256 0.3710 0.9738 0.2678 0.9738 " />
														</IndexedTriangleSet>
													</Shape>
												</Group>
											</Transform>
										</Transform>
									</Transform>
								</Transform>
							</Transform>
							<Transform DEF="Cube_023_TRANSFORM"
							           translation="0.372949 -0.557513 0.003014"
							           scale="1.000000 1.000000 1.000000"
							           rotation="0.000000 1.000000 0.000000 0.000000"
							           >
								<Transform DEF="Cube_023_ifs_TRANSFORM"
								           translation="0.000000 0.000000 0.000000"
								           scale="1.000000 1.000000 1.000000"
								           rotation="0.000000 1.000000 0.000000 0.000000"
								           >
									<Group DEF="group_ME_Cube_023">
										<Shape>
											<Appearance>
												<Material USE="MA_Body" />
											</Appearance>
											<IndexedTriangleSet solid="false"
											                    normalPerVertex="true"
											                    index="0 1 2 0 2 3 4 5 6 4 6 7 8 9 10 8 10 11 12 13 14 12 14 15 4 16 17 4 17 15 18 5 14 18 14 19 "
											                    >
												<Coordinate point="0.004931 -0.055428 -0.055647 0.004931 -0.055428 0.055647 -0.004931 0.055428 0.055647 -0.004931 0.055428 -0.055647 -0.004931 0.055428 -0.055647 -0.004931 0.055428 0.055647 0.414357 0.092725 0.055647 0.414357 0.092725 -0.055647 0.414357 0.092725 -0.055647 0.414357 0.092725 0.055647 0.424218 -0.018131 0.055647 0.424218 -0.018131 -0.055647 0.424218 -0.018131 -0.055647 0.424218 -0.018131 0.055647 0.004931 -0.055428 0.055647 0.004931 -0.055428 -0.055647 0.414357 0.092725 -0.055647 0.424218 -0.018131 -0.055647 0.414357 0.092725 0.055647 0.424218 -0.018131 0.055647 " />
												<Normal vector="-0.523911 -0.626209 -0.577349 -0.523911 -0.626209 0.577349 -0.626209 0.523911 0.577349 -0.626209 0.523911 -0.577349 -0.626209 0.523911 -0.577349 -0.626209 0.523911 0.577349 0.523911 0.626209 0.577349 0.523911 0.626209 -0.577349 0.523911 0.626209 -0.577349 0.523911 0.626209 0.577349 0.626209 -0.523911 0.577349 0.626209 -0.523911 -0.577349 0.626209 -0.523911 -0.577349 0.626209 -0.523911 0.577349 -0.523911 -0.626209 0.577349 -0.523911 -0.626209 -0.577349 0.523911 0.626209 -0.577349 0.626209 -0.523911 -0.577349 0.523911 0.626209 0.577349 0.626209 -0.523911 0.577349 " />
												<TextureCoordinate point="0.2719 0.7016 0.4662 0.7016 0.4662 0.7939 0.2719 0.7939 0.2719 0.7016 0.4662 0.7016 0.4662 0.7939 0.2719 0.7939 0.2719 0.7016 0.4662 0.7016 0.4662 0.7939 0.2719 0.7939 0.2719 0.7016 0.4662 0.7016 0.4662 0.7939 0.2719 0.7939 0.4662 0.7016 0.4662 0.7939 0.2719 0.7016 0.2719 0.7939 " />
											</IndexedTriangleSet>
										</Shape>
									</Group>
								</Transform>
							</Transform>
							<Transform DEF="Cube_024_TRANSFORM"
							           translation="0.323713 -0.004006 -0.009465"
							           scale="1.000000 1.000000 1.000000"
							           rotation="0.000000 1.000000 0.000000 0.000000"
							           >
								<Transform DEF="Cube_024_ifs_TRANSFORM"
								           translation="0.000000 0.000000 0.000000"
								           scale="1.000000 1.000000 1.000000"
								           rotation="0.000000 1.000000 0.000000 0.000000"
								           >
									<Group DEF="group_ME_Cube_024">
										<Shape>
											<Appearance>
												<Material USE="MA_Body" />
											</Appearance>
											<IndexedTriangleSet solid="false"
											                    normalPerVertex="true"
											                    index="0 1 2 0 2 3 4 5 6 4 6 7 8 9 10 8 10 11 12 13 14 12 14 15 4 16 17 4 17 15 18 5 14 18 14 19 "
											                    >
												<Coordinate point="0.032390 -0.204712 -0.051908 0.032390 -0.204712 0.051908 -0.032390 0.204712 0.051908 -0.032390 0.204712 -0.051908 -0.032390 0.204712 -0.051908 -0.032390 0.204712 0.051908 0.260198 0.251006 0.051908 0.260198 0.251006 -0.051908 0.260198 0.251006 -0.051908 0.260198 0.251006 0.051908 0.324978 -0.158418 0.051908 0.324978 -0.158418 -0.051908 0.324978 -0.158418 -0.051908 0.324978 -0.158418 0.051908 0.032390 -0.204712 0.051908 0.032390 -0.204712 -0.051908 0.260198 0.251006 -0.051908 0.324978 -0.158418 -0.051908 0.260198 0.251006 0.051908 0.324978 -0.158418 0.051908 " />
												<Normal vector="-0.480026 -0.660482 -0.577349 -0.480026 -0.660482 0.577349 -0.660482 0.480026 0.577349 -0.660482 0.480026 -0.577349 -0.660482 0.480026 -0.577349 -0.660482 0.480026 0.577349 0.480026 0.660482 0.577349 0.480026 0.660482 -0.577349 0.480026 0.660482 -0.577349 0.480026 0.660482 0.577349 0.660482 -0.480026 0.577349 0.660482 -0.480026 -0.577349 0.660482 -0.480026 -0.577349 0.660482 -0.480026 0.577349 -0.480026 -0.660482 0.577349 -0.480026 -0.660482 -0.577349 0.480026 0.660482 -0.577349 0.660482 -0.480026 -0.577349 0.480026 0.660482 0.577349 0.660482 -0.480026 0.577349 " />
												<TextureCoordinate point="0.2719 0.7016 0.4662 0.7016 0.4662 0.7939 0.2719 0.7939 0.2719 0.7016 0.4662 0.7016 0.4662 0.7939 0.2719 0.7939 0.2719 0.7016 0.4662 0.7016 0.4662 0.7939 0.2719 0.7939 0.2719 0.7016 0.4662 0.7016 0.4662 0.7939 0.2719 0.7939 0.4662 0.7016 0.4662 0.7939 0.2719 0.7016 0.2719 0.7939 " />
											</IndexedTriangleSet>
										</Shape>
									</Group>
								</Transform>
								<Transform DEF="Cube_025_TRANSFORM"
								           translation="0.248300 0.039287 0.000000"
								           scale="1.000000 1.000000 1.000000"
								           rotation="0.000000 1.000000 0.000000 0.000000"
								           >
									<Transform DEF="Cube_025_ifs_TRANSFORM"
									           translation="0.000000 0.000000 0.000000"
									           scale="1.000000 1.000000 1.000000"
									           rotation="0.000000 1.000000 0.000000 0.000000"
									           >
										<Group DEF="group_ME_Cube_025">
											<Shape>
												<Appearance>
													<Material USE="MA_Body" />
												</Appearance>
												<IndexedTriangleSet solid="false"
												                    normalPerVertex="true"
												                    index="0 1 2 0 2 3 4 5 6 4 6 7 8 9 10 8 10 11 12 13 14 12 14 15 4 16 17 4 17 15 18 5 14 18 14 19 "
												                    >
													<Coordinate point="0.036221 -0.126497 -0.041427 0.036221 -0.126497 0.041427 -0.036221 0.126497 0.041427 -0.036221 0.126497 -0.041427 -0.036221 0.126497 -0.041427 -0.036221 0.126497 0.041427 0.289931 0.219887 0.041427 0.289931 0.219887 -0.041427 0.289931 0.219887 -0.041427 0.289931 0.219887 0.041427 0.362373 -0.033108 0.041427 0.362373 -0.033108 -0.041427 0.362373 -0.033108 -0.041427 0.362373 -0.033108 0.041427 0.036221 -0.126497 0.041427 0.036221 -0.126497 -0.041427 0.289931 0.219887 -0.041427 0.362373 -0.033108 -0.041427 0.289931 0.219887 0.041427 0.362373 -0.033108 0.041427 " />
													<Normal vector="-0.396100 -0.713950 -0.577349 -0.396100 -0.713950 0.577349 -0.713950 0.396100 0.577349 -0.713950 0.396100 -0.577349 -0.713950 0.396100 -0.577349 -0.713950 0.396100 0.577349 0.396100 0.713950 0.577349 0.396100 0.713950 -0.577349 0.396100 0.713950 -0.577349 0.396100 0.713950 0.577349 0.713950 -0.396100 0.577349 0.713950 -0.396100 -0.577349 0.713950 -0.396100 -0.577349 0.713950 -0.396100 0.577349 -0.396100 -0.713950 0.577349 -0.396100 -0.713950 -0.577349 0.396100 0.713950 -0.577349 0.713950 -0.396100 -0.577349 0.396100 0.713950 0.577349 0.713950 -0.396100 0.577349 " />
													<TextureCoordinate point="0.2719 0.7016 0.4662 0.7016 0.4662 0.7939 0.2719 0.7939 0.2719 0.7016 0.4662 0.7016 0.4662 0.7939 0.2719 0.7939 0.2719 0.7016 0.4662 0.7016 0.4662 0.7939 0.2719 0.7939 0.2719 0.7016 0.4662 0.7016 0.4662 0.7939 0.2719 0.7939 0.4662 0.7016 0.4662 0.7939 0.2719 0.7016 0.2719 0.7939 " />
												</IndexedTriangleSet>
											</Shape>
										</Group>
									</Transform>
								</Transform>
							</Transform>
							<Transform DEF="Cube_026_TRANSFORM"
							           translation="0.251090 0.657982 -0.012913"
							           scale="1.000000 1.000000 1.000000"
							           rotation="0.000000 1.000000 0.000000 0.000000"
							           >
								<Transform DEF="Cube_026_ifs_TRANSFORM"
								           translation="0.000000 0.000000 0.000000"
								           scale="1.000000 1.000000 1.000000"
								           rotation="0.000000 1.000000 0.000000 0.000000"
								           >
									<Group DEF="group_ME_Cube_026">
										<Shape>
											<Appearance>
												<Material USE="MA_Body" />
											</Appearance>
											<IndexedTriangleSet solid="false"
											                    normalPerVertex="true"
											                    index="0 1 2 0 2 3 4 5 6 4 6 7 8 9 10 8 10 11 12 13 14 12 14 15 4 16 17 4 17 15 18 5 14 18 14 19 "
											                    >
												<Coordinate point="0.051125 -0.175092 -0.053306 0.051125 -0.175092 0.053306 -0.051125 0.175092 0.053306 -0.051125 0.175092 -0.053306 -0.051125 0.175092 -0.053306 -0.051125 0.175092 0.053306 0.199127 0.248163 0.053306 0.199127 0.248163 -0.053306 0.199127 0.248163 -0.053306 0.199127 0.248163 0.053306 0.301378 -0.102021 0.053306 0.301378 -0.102021 -0.053306 0.301378 -0.102021 -0.053306 0.301378 -0.102021 0.053306 0.051125 -0.175092 0.053306 0.051125 -0.175092 -0.053306 0.199127 0.248163 -0.053306 0.301378 -0.102021 -0.053306 0.199127 0.248163 0.053306 0.301378 -0.102021 0.053306 " />
												<Normal vector="-0.392376 -0.716025 -0.577349 -0.392376 -0.716025 0.577349 -0.716025 0.392376 0.577349 -0.716025 0.392376 -0.577349 -0.716025 0.392376 -0.577349 -0.716025 0.392376 0.577349 0.392376 0.716025 0.577349 0.392376 0.716025 -0.577349 0.392376 0.716025 -0.577349 0.392376 0.716025 0.577349 0.716025 -0.392376 0.577349 0.716025 -0.392376 -0.577349 0.716025 -0.392376 -0.577349 0.716025 -0.392376 0.577349 -0.392376 -0.716025 0.577349 -0.392376 -0.716025 -0.577349 0.392376 0.716025 -0.577349 0.716025 -0.392376 -0.577349 0.392376 0.716025 0.577349 0.716025 -0.392376 0.577349 " />
												<TextureCoordinate point="0.2719 0.7016 0.4662 0.7016 0.4662 0.7939 0.2719 0.7939 0.2719 0.7016 0.4662 0.7016 0.4662 0.7939 0.2719 0.7939 0.2719 0.7016 0.4662 0.7016 0.4662 0.7939 0.2719 0.7939 0.2719 0.7016 0.4662 0.7016 0.4662 0.7939 0.2719 0.7939 0.4662 0.7016 0.4662 0.7939 0.2719 0.7016 0.2719 0.7939 " />
											</IndexedTriangleSet>
										</Shape>
									</Group>
								</Transform>
								<Transform DEF="Cube_027_TRANSFORM"
								           translation="0.205032 0.079086 -0.000000"
								           scale="1.000000 1.000000 1.000000"
								           rotation="0.000000 1.000000 0.000000 0.000000"
								           >
									<Transform DEF="Cube_027_ifs_TRANSFORM"
									           translation="0.000000 0.000000 0.000000"
									           scale="1.000000 1.000000 1.000000"
									           rotation="0.000000 1.000000 0.000000 0.000000"
									           >
										<Group DEF="group_ME_Cube_027">
											<Shape>
												<Appearance>
													<Material USE="MA_Body" />
												</Appearance>
												<IndexedTriangleSet solid="false"
												                    normalPerVertex="true"
												                    index="0 1 2 0 2 3 4 5 6 4 6 7 8 9 10 8 10 11 12 13 14 12 14 15 4 16 17 4 17 15 18 5 14 18 14 19 "
												                    >
													<Coordinate point="0.045739 -0.106385 -0.042543 0.045739 -0.106385 0.042543 -0.045739 0.106385 0.042543 -0.045739 0.106385 -0.042543 -0.045739 0.106385 -0.042543 -0.045739 0.106385 0.042543 0.186585 0.206271 0.042543 0.186585 0.206271 -0.042543 0.186585 0.206271 -0.042543 0.186585 0.206271 0.042543 0.278064 -0.006500 0.042543 0.278064 -0.006500 -0.042543 0.278064 -0.006500 -0.042543 0.278064 -0.006500 0.042543 0.045739 -0.106385 0.042543 0.045739 -0.106385 -0.042543 0.186585 0.206271 -0.042543 0.278064 -0.006500 -0.042543 0.186585 0.206271 0.042543 0.278064 -0.006500 0.042543 " />
													<Normal vector="-0.302347 -0.758446 -0.577349 -0.302347 -0.758446 0.577349 -0.758446 0.302347 0.577349 -0.758446 0.302347 -0.577349 -0.758446 0.302347 -0.577349 -0.758446 0.302347 0.577349 0.302347 0.758446 0.577349 0.302347 0.758446 -0.577349 0.302347 0.758446 -0.577349 0.302347 0.758446 0.577349 0.758446 -0.302347 0.577349 0.758446 -0.302347 -0.577349 0.758446 -0.302347 -0.577349 0.758446 -0.302347 0.577349 -0.302347 -0.758446 0.577349 -0.302347 -0.758446 -0.577349 0.302347 0.758446 -0.577349 0.758446 -0.302347 -0.577349 0.302347 0.758446 0.577349 0.758446 -0.302347 0.577349 " />
													<TextureCoordinate point="0.2719 0.7016 0.4662 0.7016 0.4662 0.7939 0.2719 0.7939 0.2719 0.7016 0.4662 0.7016 0.4662 0.7939 0.2719 0.7939 0.2719 0.7016 0.4662 0.7016 0.4662 0.7939 0.2719 0.7939 0.2719 0.7016 0.4662 0.7016 0.4662 0.7939 0.2719 0.7939 0.4662 0.7016 0.4662 0.7939 0.2719 0.7016 0.2719 0.7939 " />
												</IndexedTriangleSet>
											</Shape>
										</Group>
									</Transform>
								</Transform>
							</Transform>
							<Transform DEF="Cube_028_TRANSFORM"
							           translation="0.041692 1.226767 -0.016954"
							           scale="1.000000 1.000000 1.000000"
							           rotation="0.000000 1.000000 0.000000 0.000000"
							           >
								<Transform DEF="Cube_028_ifs_TRANSFORM"
								           translation="0.000000 0.000000 0.000000"
								           scale="1.000000 1.000000 1.000000"
								           rotation="0.000000 1.000000 0.000000 0.000000"
								           >
									<Group DEF="group_ME_Cube_028">
										<Shape>
											<Appearance>
												<Material USE="MA_Body" />
											</Appearance>
											<IndexedTriangleSet solid="false"
											                    normalPerVertex="true"
											                    index="0 1 2 0 2 3 4 5 6 4 6 7 8 9 10 8 10 11 12 13 14 12 14 15 4 16 17 4 17 15 18 5 14 18 14 19 "
											                    >
												<Coordinate point="0.072053 -0.154368 -0.050232 0.072053 -0.154368 0.050232 -0.072053 0.154368 0.050232 -0.072053 0.154368 -0.050232 -0.072053 0.154368 -0.050232 -0.072053 0.154368 0.050232 0.148579 0.257351 0.050232 0.148579 0.257351 -0.050232 0.148579 0.257351 -0.050232 0.148579 0.257351 0.050232 0.292685 -0.051384 0.050232 0.292685 -0.051384 -0.050232 0.292685 -0.051384 -0.050232 0.292685 -0.051384 0.050232 0.072053 -0.154368 0.050232 0.072053 -0.154368 -0.050232 0.148579 0.257351 -0.050232 0.292685 -0.051384 -0.050232 0.148579 0.257351 0.050232 0.292685 -0.051384 0.050232 " />
												<Normal vector="-0.278970 -0.767357 -0.577349 -0.278970 -0.767357 0.577349 -0.767357 0.278970 0.577349 -0.767357 0.278970 -0.577349 -0.767357 0.278970 -0.577349 -0.767357 0.278970 0.577349 0.278970 0.767357 0.577349 0.278970 0.767357 -0.577349 0.278970 0.767357 -0.577349 0.278970 0.767357 0.577349 0.767357 -0.278970 0.577349 0.767357 -0.278970 -0.577349 0.767357 -0.278970 -0.577349 0.767357 -0.278970 0.577349 -0.278970 -0.767357 0.577349 -0.278970 -0.767357 -0.577349 0.278970 0.767357 -0.577349 0.767357 -0.278970 -0.577349 0.278970 0.767357 0.577349 0.767357 -0.278970 0.577349 " />
												<TextureCoordinate point="0.2719 0.7016 0.4662 0.7016 0.4662 0.7939 0.2719 0.7939 0.2719 0.7016 0.4662 0.7016 0.4662 0.7939 0.2719 0.7939 0.2719 0.7016 0.4662 0.7016 0.4662 0.7939 0.2719 0.7939 0.2719 0.7016 0.4662 0.7016 0.4662 0.7939 0.2719 0.7939 0.4662 0.7016 0.4662 0.7939 0.2719 0.7016 0.2719 0.7939 " />
											</IndexedTriangleSet>
										</Shape>
									</Group>
								</Transform>
								<Transform DEF="Cube_029_TRANSFORM"
								           translation="0.178035 0.102115 0.000000"
								           scale="1.000000 1.000000 1.000000"
								           rotation="0.000000 1.000000 0.000000 0.000000"
								           >
									<Transform DEF="Cube_029_ifs_TRANSFORM"
									           translation="0.000000 0.000000 0.000000"
									           scale="1.000000 1.000000 1.000000"
									           rotation="0.000000 1.000000 0.000000 0.000000"
									           >
										<Group DEF="group_ME_Cube_029">
											<Shape>
												<Appearance>
													<Material USE="MA_Body" />
												</Appearance>
												<IndexedTriangleSet solid="false"
												                    normalPerVertex="true"
												                    index="0 1 2 0 2 3 4 5 6 4 6 7 8 9 10 8 10 11 12 13 14 12 14 15 4 16 17 4 17 15 18 5 14 18 14 19 "
												                    >
													<Coordinate point="0.057327 -0.091710 -0.040090 0.057327 -0.091710 0.040090 -0.057327 0.091710 0.040090 -0.057327 0.091710 -0.040090 -0.057327 0.091710 -0.040090 -0.057327 0.091710 0.040090 0.142949 0.216900 0.040090 0.142949 0.216900 -0.040090 0.142949 0.216900 -0.040090 0.142949 0.216900 0.040090 0.257602 0.033481 0.040090 0.257602 0.033481 -0.040090 0.257602 0.033481 -0.040090 0.257602 0.033481 0.040090 0.057327 -0.091710 0.040090 0.057327 -0.091710 -0.040090 0.142949 0.216900 -0.040090 0.257602 0.033481 -0.040090 0.142949 0.216900 0.040090 0.257602 0.033481 0.040090 " />
													<Normal vector="-0.183538 -0.795587 -0.577349 -0.183538 -0.795587 0.577349 -0.795587 0.183538 0.577349 -0.795587 0.183538 -0.577349 -0.795587 0.183538 -0.577349 -0.795587 0.183538 0.577349 0.183538 0.795587 0.577349 0.183538 0.795587 -0.577349 0.183538 0.795587 -0.577349 0.183538 0.795587 0.577349 0.795587 -0.183538 0.577349 0.795587 -0.183538 -0.577349 0.795587 -0.183538 -0.577349 0.795587 -0.183538 0.577349 -0.183538 -0.795587 0.577349 -0.183538 -0.795587 -0.577349 0.183538 0.795587 -0.577349 0.795587 -0.183538 -0.577349 0.183538 0.795587 0.577349 0.795587 -0.183538 0.577349 " />
													<TextureCoordinate point="0.2719 0.7016 0.4662 0.7016 0.4662 0.7939 0.2719 0.7939 0.2719 0.7016 0.4662 0.7016 0.4662 0.7939 0.2719 0.7939 0.2719 0.7016 0.4662 0.7016 0.4662 0.7939 0.2719 0.7939 0.2719 0.7016 0.4662 0.7016 0.4662 0.7939 0.2719 0.7939 0.4662 0.7016 0.4662 0.7939 0.2719 0.7016 0.2719 0.7939 " />
												</IndexedTriangleSet>
											</Shape>
										</Group>
									</Transform>
								</Transform>
							</Transform>
							<Transform DEF="Cube_030_TRANSFORM"
							           translation="-0.196832 1.747571 -0.025037"
							           scale="1.000000 1.000000 1.000000"
							           rotation="0.000000 1.000000 0.000000 0.000000"
							           >
								<Transform DEF="Cube_030_ifs_TRANSFORM"
								           translation="0.000000 0.000000 0.000000"
								           scale="1.000000 1.000000 1.000000"
								           rotation="0.000000 1.000000 0.000000 0.000000"
								           >
									<Group DEF="group_ME_Cube_030">
										<Shape>
											<Appearance>
												<Material USE="MA_Body" />
											</Appearance>
											<IndexedTriangleSet solid="false"
											                    normalPerVertex="true"
											                    index="0 1 2 0 2 3 4 5 6 4 6 7 8 9 10 8 10 11 12 13 14 12 14 15 4 16 17 4 17 15 18 5 14 18 14 19 "
											                    >
												<Coordinate point="0.083879 -0.104486 -0.045287 0.083879 -0.104486 0.045287 -0.083879 0.104486 0.045287 -0.083879 0.104486 -0.045287 -0.083879 0.104486 -0.045287 -0.083879 0.104486 0.045287 0.065459 0.224370 0.045287 0.065459 0.224370 -0.045287 0.065459 0.224370 -0.045287 0.065459 0.224370 0.045287 0.233216 0.015399 0.045287 0.233216 0.015399 -0.045287 0.233216 0.015399 -0.045287 0.233216 0.015399 0.045287 0.083879 -0.104486 0.045287 0.083879 -0.104486 -0.045287 0.065459 0.224370 -0.045287 0.233216 0.015399 -0.045287 0.065459 0.224370 0.045287 0.233216 0.015399 0.045287 " />
												<Normal vector="-0.088778 -0.811640 -0.577349 -0.088778 -0.811640 0.577349 -0.811640 0.088778 0.577349 -0.811640 0.088778 -0.577349 -0.811640 0.088778 -0.577349 -0.811640 0.088778 0.577349 0.088778 0.811640 0.577349 0.088778 0.811640 -0.577349 0.088778 0.811640 -0.577349 0.088778 0.811640 0.577349 0.811640 -0.088778 0.577349 0.811640 -0.088778 -0.577349 0.811640 -0.088778 -0.577349 0.811640 -0.088778 0.577349 -0.088778 -0.811640 0.577349 -0.088778 -0.811640 -0.577349 0.088778 0.811640 -0.577349 0.811640 -0.088778 -0.577349 0.088778 0.811640 0.577349 0.811640 -0.088778 0.577349 " />
												<TextureCoordinate point="0.2719 0.7016 0.4662 0.7016 0.4662 0.7939 0.2719 0.7939 0.2719 0.7016 0.4662 0.7016 0.4662 0.7939 0.2719 0.7939 0.2719 0.7016 0.4662 0.7016 0.4662 0.7939 0.2719 0.7939 0.2719 0.7016 0.4662 0.7016 0.4662 0.7939 0.2719 0.7939 0.4662 0.7016 0.4662 0.7939 0.2719 0.7016 0.2719 0.7939 " />
											</IndexedTriangleSet>
										</Shape>
									</Group>
								</Transform>
								<Transform DEF="Cube_031_TRANSFORM"
								           translation="0.116955 0.111266 0.000000"
								           scale="1.000000 1.000000 1.000000"
								           rotation="0.000000 1.000000 0.000000 0.000000"
								           >
									<Transform DEF="Cube_031_ifs_TRANSFORM"
									           translation="0.000000 0.000000 0.000000"
									           scale="1.000000 1.000000 1.000000"
									           rotation="0.000000 1.000000 0.000000 0.000000"
									           >
										<Group DEF="group_ME_Cube_031">
											<Shape>
												<Appearance>
													<Material USE="MA_Body" />
												</Appearance>
												<IndexedTriangleSet solid="false"
												                    normalPerVertex="true"
												                    index="0 1 2 0 2 3 4 5 6 4 6 7 8 9 10 8 10 11 12 13 14 12 14 15 4 16 17 4 17 15 18 5 14 18 14 19 "
												                    >
													<Coordinate point="0.060926 -0.059363 -0.036143 0.060926 -0.059363 0.036143 -0.060926 0.059363 0.036143 -0.060926 0.059363 -0.036143 -0.060926 0.059363 -0.036143 -0.060926 0.059363 0.036143 0.068712 0.192413 0.036143 0.068712 0.192413 -0.036143 0.068712 0.192413 -0.036143 0.068712 0.192413 0.036143 0.190564 0.073687 0.036143 0.190564 0.073687 -0.036143 0.190564 0.073687 -0.036143 0.190564 0.073687 0.036143 0.060926 -0.059363 0.036143 0.060926 -0.059363 -0.036143 0.068712 0.192413 -0.036143 0.190564 0.073687 -0.036143 0.068712 0.192413 0.036143 0.190564 0.073687 0.036143 " />
													<Normal vector="0.010590 -0.816401 -0.577349 0.010590 -0.816401 0.577349 -0.816401 -0.010590 0.577349 -0.816401 -0.010590 -0.577349 -0.816401 -0.010590 -0.577349 -0.816401 -0.010590 0.577349 -0.010590 0.816401 0.577349 -0.010590 0.816401 -0.577349 -0.010590 0.816401 -0.577349 -0.010590 0.816401 0.577349 0.816401 0.010590 0.577349 0.816401 0.010590 -0.577349 0.816401 0.010590 -0.577349 0.816401 0.010590 0.577349 0.010590 -0.816401 0.577349 0.010590 -0.816401 -0.577349 -0.010590 0.816401 -0.577349 0.816401 0.010590 -0.577349 -0.010590 0.816401 0.577349 0.816401 0.010590 0.577349 " />
													<TextureCoordinate point="0.2719 0.7016 0.4662 0.7016 0.4662 0.7939 0.2719 0.7939 0.2719 0.7016 0.4662 0.7016 0.4662 0.7939 0.2719 0.7939 0.2719 0.7016 0.4662 0.7016 0.4662 0.7939 0.2719 0.7939 0.2719 0.7016 0.4662 0.7016 0.4662 0.7939 0.2719 0.7939 0.4662 0.7016 0.4662 0.7939 0.2719 0.7016 0.2719 0.7939 " />
												</IndexedTriangleSet>
											</Shape>
										</Group>
									</Transform>
								</Transform>
							</Transform>
						</Transform>
					</Transform>
					<Transform DEF="Cube_079_TRANSFORM"
					           translation="0.261476 -0.017292 0.030707"
					           scale="1.000000 1.000000 1.000000"
					           rotation="0.000000 1.000000 0.000000 0.000000"
					           >
						<Transform DEF="Cube_079_ifs_TRANSFORM"
						           translation="0.000000 0.000000 0.000000"
						           scale="1.000000 1.000000 1.000000"
						           rotation="0.000000 1.000000 0.000000 0.000000"
						           >
							<Group DEF="group_ME_Cube_016">
								<Shape>
									<Appearance>
										<Material USE="MA_Body" />
									</Appearance>
									<IndexedTriangleSet solid="false"
									                    normalPerVertex="true"
									                    index="0 1 2 0 2 3 4 5 6 4 6 7 8 9 10 8 10 11 12 13 14 12 14 15 4 16 17 4 17 15 18 5 14 18 14 19 "
									                    >
										<Coordinate point="0.070967 -0.022367 0.003680 -0.071098 -0.022096 -0.002639 -0.070967 0.022367 -0.003680 0.071098 0.022096 0.002639 0.071098 0.022096 0.002639 -0.070967 0.022367 -0.003680 -0.079425 0.026847 0.186678 0.062640 0.026575 0.192997 0.062640 0.026575 0.192997 -0.079425 0.026847 0.186678 -0.079556 -0.017616 0.187718 0.062509 -0.017887 0.194037 0.062509 -0.017887 0.194037 -0.079556 -0.017616 0.187718 -0.071098 -0.022096 -0.002639 0.070967 -0.022367 0.003680 0.062640 0.026575 0.192997 0.062509 -0.017887 0.194037 -0.079425 0.026847 0.186678 -0.079556 -0.017616 0.187718 " />
										<Normal vector="0.600696 -0.591845 -0.537431 -0.552843 -0.589648 -0.588763 -0.549425 0.564714 -0.615772 0.604083 0.562517 -0.564470 0.604083 0.562517 -0.564470 -0.549425 0.564714 -0.615772 -0.600696 0.591845 0.537431 0.552843 0.589648 0.588763 0.552843 0.589648 0.588763 -0.600696 0.591845 0.537431 -0.604083 -0.562517 0.564470 0.549425 -0.564714 0.615772 0.549425 -0.564714 0.615772 -0.604083 -0.562517 0.564470 -0.552843 -0.589648 -0.588763 0.600696 -0.591845 -0.537431 0.552843 0.589648 0.588763 0.549425 -0.564714 0.615772 -0.600696 0.591845 0.537431 -0.604083 -0.562517 0.564470 " />
										<TextureCoordinate point="0.3185 0.7028 0.4122 0.7028 0.4122 0.7965 0.3185 0.7965 0.3185 0.7028 0.4122 0.7028 0.4122 0.7965 0.3185 0.7965 0.3185 0.7028 0.4122 0.7028 0.4122 0.7965 0.3185 0.7965 0.3185 0.7028 0.4122 0.7028 0.4122 0.7965 0.3185 0.7965 0.4122 0.7028 0.4122 0.7965 0.3185 0.7028 0.3185 0.7965 " />
									</IndexedTriangleSet>
								</Shape>
							</Group>
						</Transform>
					</Transform>
				</Transform>
				<Transform DEF="Cube_040_TRANSFORM"
				           translation="0.000000 0.113633 0.496201"
				           scale="1.000000 1.000000 1.000000"
				           rotation="0.000000 1.000000 0.000000 0.000000"
				           >
					<Transform DEF="Cube_040_ifs_TRANSFORM"
					           translation="0.000000 0.000000 0.000000"
					           scale="1.000000 1.000000 1.000000"
					           rotation="0.000000 1.000000 0.000000 0.000000"
					           >
						<Group DEF="group_ME_Cube_040">
							<Shape>
								<Appearance>
									<Material USE="MA_Body" />
								</Appearance>
								<IndexedTriangleSet solid="false"
								                    normalPerVertex="true"
								                    index="0 1 2 0 2 3 4 5 6 4 6 7 8 9 10 8 10 11 12 13 14 12 14 15 4 16 17 4 17 15 18 5 14 18 14 19 "
								                    >
									<Coordinate point="-0.087491 0.099448 -0.288239 -0.087491 -0.099448 0.288239 -0.087491 0.366257 0.448916 -0.087491 0.565153 -0.127561 -0.087491 0.565153 -0.127561 -0.087491 0.366257 0.448916 0.087491 0.366257 0.448916 0.087491 0.565153 -0.127561 0.087491 0.565153 -0.127561 0.087491 0.366257 0.448916 0.087491 -0.099448 0.288239 0.087491 0.099448 -0.288239 0.087491 0.099448 -0.288239 0.087491 -0.099448 0.288239 -0.087491 -0.099448 0.288239 -0.087491 0.099448 -0.288239 0.087491 0.565153 -0.127561 0.087491 0.099448 -0.288239 0.087491 0.366257 0.448916 0.087491 -0.099448 0.288239 " />
									<Normal vector="-0.577349 -0.357463 -0.734062 -0.577349 -0.734062 0.357463 -0.577349 0.357463 0.734062 -0.577349 0.734062 -0.357463 -0.577349 0.734062 -0.357463 -0.577349 0.357463 0.734062 0.577349 0.357463 0.734062 0.577349 0.734062 -0.357463 0.577349 0.734062 -0.357463 0.577349 0.357463 0.734062 0.577349 -0.734062 0.357463 0.577349 -0.357463 -0.734062 0.577349 -0.357463 -0.734062 0.577349 -0.734062 0.357463 -0.577349 -0.734062 0.357463 -0.577349 -0.357463 -0.734062 0.577349 0.734062 -0.357463 0.577349 -0.357463 -0.734062 0.577349 0.357463 0.734062 0.577349 -0.734062 0.357463 " />
									<TextureCoordinate point="0.0506 0.8401 0.2108 0.8401 0.2108 0.9710 0.0506 0.9710 0.0506 0.8401 0.2108 0.8401 0.2108 0.9710 0.0506 0.9710 0.0506 0.8401 0.2108 0.8401 0.2108 0.9710 0.0506 0.9710 0.0506 0.8401 0.2108 0.8401 0.2108 0.9710 0.0506 0.9710 0.2108 0.8401 0.2108 0.9710 0.0506 0.8401 0.0506 0.9710 " />
								</IndexedTriangleSet>
							</Shape>
						</Group>
					</Transform>
					<Transform DEF="Cube_041_TRANSFORM"
					           translation="0.000000 0.390455 0.137326"
					           scale="1.000000 1.000000 1.000000"
					           rotation="0.000000 1.000000 0.000000 0.000000"
					           >
						<Transform DEF="Cube_041_ifs_TRANSFORM"
						           translation="0.000000 0.000000 0.000000"
						           scale="1.000000 1.000000 1.000000"
						           rotation="0.000000 1.000000 0.000000 0.000000"
						           >
							<Group DEF="group_ME_Cube_041">
								<Shape>
									<Appearance>
										<Material USE="MA_Body" />
									</Appearance>
									<IndexedTriangleSet solid="false"
									                    normalPerVertex="true"
									                    index="0 1 2 0 2 3 4 5 6 4 6 7 8 9 10 8 10 11 12 13 14 12 14 15 4 16 17 4 17 15 18 5 14 18 14 19 "
									                    >
										<Coordinate point="-0.063705 0.027988 -0.265676 -0.063705 -0.027988 0.265676 -0.063705 0.830704 0.356138 -0.063705 0.886681 -0.175215 -0.063705 0.886681 -0.175215 -0.063705 0.830704 0.356138 0.063705 0.830704 0.356138 0.063705 0.886681 -0.175215 0.063705 0.886681 -0.175215 0.063705 0.830704 0.356138 0.063705 -0.027988 0.265676 0.063705 0.027988 -0.265676 0.063705 0.027988 -0.265676 0.063705 -0.027988 0.265676 -0.063705 -0.027988 0.265676 -0.063705 0.027988 -0.265676 0.063705 0.886681 -0.175215 0.063705 0.027988 -0.265676 0.063705 0.830704 0.356138 0.063705 -0.027988 0.265676 " />
										<Normal vector="-0.577349 -0.513657 -0.634632 -0.577349 -0.634632 0.513657 -0.577349 0.513657 0.634632 -0.577349 0.634632 -0.513657 -0.577349 0.634632 -0.513657 -0.577349 0.513657 0.634632 0.577349 0.513657 0.634632 0.577349 0.634632 -0.513657 0.577349 0.634632 -0.513657 0.577349 0.513657 0.634632 0.577349 -0.634632 0.513657 0.577349 -0.513657 -0.634632 0.577349 -0.513657 -0.634632 0.577349 -0.634632 0.513657 -0.577349 -0.634632 0.513657 -0.577349 -0.513657 -0.634632 0.577349 0.634632 -0.513657 0.577349 -0.513657 -0.634632 0.577349 0.513657 0.634632 0.577349 -0.634632 0.513657 " />
										<TextureCoordinate point="0.0506 0.8401 0.2108 0.8401 0.2108 0.9710 0.0506 0.9710 0.0506 0.8401 0.2108 0.8401 0.2108 0.9710 0.0506 0.9710 0.0506 0.8401 0.2108 0.8401 0.2108 0.9710 0.0506 0.9710 0.0506 0.8401 0.2108 0.8401 0.2108 0.9710 0.0506 0.9710 0.2108 0.8401 0.2108 0.9710 0.0506 0.8401 0.0506 0.9710 " />
									</IndexedTriangleSet>
								</Shape>
							</Group>
						</Transform>
						<Transform DEF="Cube_042_TRANSFORM"
						           translation="0.000000 0.791025 0.126513"
						           scale="1.000000 1.000000 1.000000"
						           rotation="0.000000 1.000000 0.000000 0.000000"
						           >
							<Transform DEF="Cube_042_ifs_TRANSFORM"
							           translation="0.000000 0.000000 0.000000"
							           scale="1.000000 1.000000 1.000000"
							           rotation="0.000000 1.000000 0.000000 0.000000"
							           >
								<Group DEF="group_ME_Cube_042">
									<Shape>
										<Appearance>
											<Material USE="MA_Body" />
										</Appearance>
										<IndexedTriangleSet solid="false"
										                    normalPerVertex="true"
										                    index="0 1 2 0 2 3 4 5 6 4 6 7 8 9 10 8 10 11 12 13 14 12 14 15 4 16 17 4 17 15 18 5 14 18 14 19 "
										                    >
											<Coordinate point="-0.035328 0.023191 -0.181162 -0.035328 -0.023191 0.181162 -0.035328 0.503808 0.248625 -0.035328 0.550190 -0.113700 -0.035328 0.550190 -0.113700 -0.035328 0.503808 0.248625 0.035328 0.503808 0.248625 0.035328 0.550190 -0.113700 0.035328 0.550190 -0.113700 0.035328 0.503808 0.248625 0.035328 -0.023191 0.181162 0.035328 0.023191 -0.181162 0.035328 0.023191 -0.181162 0.035328 -0.023191 0.181162 -0.035328 -0.023191 0.181162 -0.035328 0.023191 -0.181162 0.035328 0.550190 -0.113700 0.035328 0.023191 -0.181162 0.035328 0.503808 0.248625 0.035328 -0.023191 0.181162 " />
											<Normal vector="-0.577349 -0.499344 -0.645985 -0.577349 -0.645985 0.499344 -0.577349 0.499344 0.645985 -0.577349 0.645985 -0.499344 -0.577349 0.645985 -0.499344 -0.577349 0.499344 0.645985 0.577349 0.499344 0.645985 0.577349 0.645985 -0.499344 0.577349 0.645985 -0.499344 0.577349 0.499344 0.645985 0.577349 -0.645985 0.499344 0.577349 -0.499344 -0.645985 0.577349 -0.499344 -0.645985 0.577349 -0.645985 0.499344 -0.577349 -0.645985 0.499344 -0.577349 -0.499344 -0.645985 0.577349 0.645985 -0.499344 0.577349 -0.499344 -0.645985 0.577349 0.499344 0.645985 0.577349 -0.645985 0.499344 " />
											<TextureCoordinate point="0.0506 0.8401 0.2108 0.8401 0.2108 0.9710 0.0506 0.9710 0.0506 0.8401 0.2108 0.8401 0.2108 0.9710 0.0506 0.9710 0.0506 0.8401 0.2108 0.8401 0.2108 0.9710 0.0506 0.9710 0.0506 0.8401 0.2108 0.8401 0.2108 0.9710 0.0506 0.9710 0.2108 0.8401 0.2108 0.9710 0.0506 0.8401 0.0506 0.9710 " />
										</IndexedTriangleSet>
									</Shape>
								</Group>
							</Transform>
							<Transform DEF="Cube_016_TRANSFORM"
							           translation="0.000000 0.456460 0.059950"
							           scale="1.000000 1.000000 1.000000"
							           rotation="0.000000 1.000000 0.000000 0.000000"
							           >
								<Transform DEF="Cube_016_ifs_TRANSFORM"
								           translation="0.000000 0.000000 0.000000"
								           scale="1.000000 1.000000 1.000000"
								           rotation="0.000000 1.000000 0.000000 0.000000"
								           >
									<Group DEF="group_ME_Cube_043">
										<Shape>
											<Appearance>
												<Material USE="MA_Body" />
											</Appearance>
											<IndexedTriangleSet solid="false"
											                    normalPerVertex="true"
											                    index="0 1 2 0 2 3 4 5 6 4 6 7 8 9 10 8 10 11 12 13 14 12 14 15 4 16 17 4 17 15 18 5 14 18 14 19 "
											                    >
												<Coordinate point="-0.029055 0.012126 -0.125068 -0.029055 -0.012126 0.125068 -0.029055 0.645436 0.188821 -0.029055 0.669687 -0.061315 -0.029055 0.669687 -0.061315 -0.029055 0.645436 0.188821 0.029055 0.645436 0.188821 0.029055 0.669687 -0.061315 0.029055 0.669687 -0.061315 0.029055 0.645436 0.188821 0.029055 -0.012126 0.125068 0.029055 0.012126 -0.125068 0.029055 0.012126 -0.125068 0.029055 -0.012126 0.125068 -0.029055 -0.012126 0.125068 -0.029055 0.012126 -0.125068 0.029055 0.669687 -0.061315 0.029055 0.012126 -0.125068 0.029055 0.645436 0.188821 0.029055 -0.012126 0.125068 " />
												<Normal vector="-0.577349 -0.518937 -0.630360 -0.577349 -0.630360 0.518937 -0.577349 0.518937 0.630360 -0.577349 0.630360 -0.518937 -0.577349 0.630360 -0.518937 -0.577349 0.518937 0.630360 0.577349 0.518937 0.630360 0.577349 0.630360 -0.518937 0.577349 0.630360 -0.518937 0.577349 0.518937 0.630360 0.577349 -0.630360 0.518937 0.577349 -0.518937 -0.630360 0.577349 -0.518937 -0.630360 0.577349 -0.630360 0.518937 -0.577349 -0.630360 0.518937 -0.577349 -0.518937 -0.630360 0.577349 0.630360 -0.518937 0.577349 -0.518937 -0.630360 0.577349 0.518937 0.630360 0.577349 -0.630360 0.518937 " />
												<TextureCoordinate point="0.0506 0.8401 0.2108 0.8401 0.2108 0.9710 0.0506 0.9710 0.0506 0.8401 0.2108 0.8401 0.2108 0.9710 0.0506 0.9710 0.0506 0.8401 0.2108 0.8401 0.2108 0.9710 0.0506 0.9710 0.0506 0.8401 0.2108 0.8401 0.2108 0.9710 0.0506 0.9710 0.2108 0.8401 0.2108 0.9710 0.0506 0.8401 0.0506 0.9710 " />
											</IndexedTriangleSet>
										</Shape>
									</Group>
								</Transform>
							</Transform>
						</Transform>
					</Transform>
					<Transform DEF="Cube_043_TRANSFORM"
					           translation="0.000000 0.345231 -0.081572"
					           scale="1.000000 1.000000 1.000000"
					           rotation="0.000000 1.000000 0.000000 0.000000"
					           >
						<Transform DEF="Cube_043_ifs_TRANSFORM"
						           translation="0.000000 0.000000 0.000000"
						           scale="1.000000 1.000000 1.000000"
						           rotation="0.000000 1.000000 0.000000 0.000000"
						           >
							<Group DEF="group_ME_Cube_044">
								<Shape>
									<Appearance>
										<Material USE="MA_Body" />
									</Appearance>
									<IndexedTriangleSet solid="false"
									                    normalPerVertex="true"
									                    index="0 1 2 0 2 3 4 5 6 4 6 7 8 9 10 8 10 11 12 13 14 12 14 15 4 16 17 4 17 15 18 5 14 18 14 19 "
									                    >
										<Coordinate point="-0.057018 -0.009343 -0.110893 -0.057018 0.009343 0.110893 -0.057018 0.601785 0.060980 -0.057018 0.583100 -0.160805 -0.057018 0.583100 -0.160805 -0.057018 0.601785 0.060980 0.057018 0.601785 0.060980 0.057018 0.583100 -0.160805 0.057018 0.583100 -0.160805 0.057018 0.601785 0.060980 0.057018 0.009343 0.110893 0.057018 -0.009343 -0.110893 0.057018 -0.009343 -0.110893 0.057018 0.009343 0.110893 -0.057018 0.009343 0.110893 -0.057018 -0.009343 -0.110893 0.057018 0.583100 -0.160805 0.057018 -0.009343 -0.110893 0.057018 0.601785 0.060980 0.057018 0.009343 0.110893 " />
										<Normal vector="-0.577349 -0.623768 -0.526841 -0.577349 -0.526841 0.623768 -0.577349 0.623768 0.526841 -0.577349 0.526841 -0.623768 -0.577349 0.526841 -0.623768 -0.577349 0.623768 0.526841 0.577349 0.623768 0.526841 0.577349 0.526841 -0.623768 0.577349 0.526841 -0.623768 0.577349 0.623768 0.526841 0.577349 -0.526841 0.623768 0.577349 -0.623768 -0.526841 0.577349 -0.623768 -0.526841 0.577349 -0.526841 0.623768 -0.577349 -0.526841 0.623768 -0.577349 -0.623768 -0.526841 0.577349 0.526841 -0.623768 0.577349 -0.623768 -0.526841 0.577349 0.623768 0.526841 0.577349 -0.526841 0.623768 " />
										<TextureCoordinate point="0.0506 0.8401 0.2108 0.8401 0.2108 0.9710 0.0506 0.9710 0.0506 0.8401 0.2108 0.8401 0.2108 0.9710 0.0506 0.9710 0.0506 0.8401 0.2108 0.8401 0.2108 0.9710 0.0506 0.9710 0.0506 0.8401 0.2108 0.8401 0.2108 0.9710 0.0506 0.9710 0.2108 0.8401 0.2108 0.9710 0.0506 0.8401 0.0506 0.9710 " />
									</IndexedTriangleSet>
								</Shape>
							</Group>
						</Transform>
						<Transform DEF="Cube_044_TRANSFORM"
						           translation="0.000000 0.515719 -0.054955"
						           scale="1.000000 1.000000 1.000000"
						           rotation="0.000000 1.000000 0.000000 0.000000"
						           >
							<Transform DEF="Cube_044_ifs_TRANSFORM"
							           translation="0.000000 0.000000 0.000000"
							           scale="1.000000 1.000000 1.000000"
							           rotation="0.000000 1.000000 0.000000 0.000000"
							           >
								<Group DEF="group_ME_Cube_045">
									<Shape>
										<Appearance>
											<Material USE="MA_Body" />
										</Appearance>
										<IndexedTriangleSet solid="false"
										                    normalPerVertex="true"
										                    index="0 1 2 0 2 3 4 5 6 4 6 7 8 9 10 8 10 11 12 13 14 12 14 15 4 16 17 4 17 15 18 5 14 18 14 19 "
										                    >
											<Coordinate point="-0.048567 0.059878 -0.093803 -0.048567 -0.059878 0.093803 -0.048567 0.261844 0.299172 -0.048567 0.381601 0.111566 -0.048567 0.381601 0.111566 -0.048567 0.261844 0.299172 0.048567 0.261844 0.299172 0.048567 0.381601 0.111566 0.048567 0.381601 0.111566 0.048567 0.261844 0.299172 0.048567 -0.059878 0.093803 0.048567 0.059878 -0.093803 0.048567 0.059878 -0.093803 0.048567 -0.059878 0.093803 -0.048567 -0.059878 0.093803 -0.048567 0.059878 -0.093803 0.048567 0.381601 0.111566 0.048567 0.059878 -0.093803 0.048567 0.261844 0.299172 0.048567 -0.059878 0.093803 " />
											<Normal vector="-0.577349 -0.176000 -0.797296 -0.577349 -0.797296 0.176000 -0.577349 0.176000 0.797296 -0.577349 0.797296 -0.176000 -0.577349 0.797296 -0.176000 -0.577349 0.176000 0.797296 0.577349 0.176000 0.797296 0.577349 0.797296 -0.176000 0.577349 0.797296 -0.176000 0.577349 0.176000 0.797296 0.577349 -0.797296 0.176000 0.577349 -0.176000 -0.797296 0.577349 -0.176000 -0.797296 0.577349 -0.797296 0.176000 -0.577349 -0.797296 0.176000 -0.577349 -0.176000 -0.797296 0.577349 0.797296 -0.176000 0.577349 -0.176000 -0.797296 0.577349 0.176000 0.797296 0.577349 -0.797296 0.176000 " />
											<TextureCoordinate point="0.0506 0.8401 0.2108 0.8401 0.2108 0.9710 0.0506 0.9710 0.0506 0.8401 0.2108 0.8401 0.2108 0.9710 0.0506 0.9710 0.0506 0.8401 0.2108 0.8401 0.2108 0.9710 0.0506 0.9710 0.0506 0.8401 0.2108 0.8401 0.2108 0.9710 0.0506 0.9710 0.2108 0.8401 0.2108 0.9710 0.0506 0.8401 0.0506 0.9710 " />
										</IndexedTriangleSet>
									</Shape>
								</Group>
							</Transform>
						</Transform>
					</Transform>
				</Transform>
				<Transform DEF="neck_TRANSFORM"
				           translation="0.000000 -0.221496 0.660560"
				           scale="1.000000 1.000000 1.000000"
				           rotation="0.000000 1.000000 0.000000 0.000000"
				           >
					<Transform DEF="neck_ifs_TRANSFORM"
					           translation="0.000000 0.000000 0.000000"
					           scale="1.000000 1.000000 1.000000"
					           rotation="0.000000 1.000000 0.000000 0.000000"
					           >
						<Group DEF="group_ME_neck">
							<Shape>
								<Appearance>
									<Material USE="MA_Body" />
								</Appearance>
								<IndexedTriangleSet solid="false"
								                    normalPerVertex="true"
								                    index="0 1 2 0 2 3 4 5 6 4 6 7 8 9 10 8 10 11 12 13 14 12 14 15 16 17 18 16 18 15 19 20 14 19 14 21 22 5 23 22 23 24 4 25 26 4 26 27 28 29 30 28 30 31 32 33 34 32 34 35 "
								                    >
									<Coordinate point="-0.300879 -0.190310 -0.068972 -0.300879 -0.288616 0.202279 -0.300879 0.177581 0.371236 -0.300879 0.275887 0.099986 -0.300879 0.275887 0.099986 -0.300879 0.177581 0.371236 0.300879 0.177581 0.371236 0.300879 0.275887 0.099986 0.300879 -0.190310 -0.068972 0.300879 -0.288616 0.202279 0.300879 -0.374193 0.171264 0.300879 -0.275887 -0.099986 0.300879 -0.275887 -0.099986 0.300879 -0.374193 0.171264 -0.300879 -0.374193 0.171264 -0.300879 -0.275887 -0.099986 -0.300879 -0.190310 -0.068972 0.300879 -0.190310 -0.068972 0.300879 -0.275887 -0.099986 0.300879 -0.288616 0.202279 -0.300879 -0.288616 0.202279 0.300879 -0.374193 0.171264 0.300879 0.177581 0.371236 -0.300879 -0.288616 0.202279 0.300879 -0.288616 0.202279 0.300879 0.275887 0.099986 0.300879 -0.190310 -0.068972 -0.300879 -0.190310 -0.068972 0.300879 0.275887 0.099986 0.300879 0.177581 0.371236 0.300879 -0.288616 0.202279 0.300879 -0.190310 -0.068972 -0.300879 -0.275887 -0.099986 -0.300879 -0.374193 0.171264 -0.300879 -0.288616 0.202279 -0.300879 -0.190310 -0.068972 " />
									<Normal vector="-0.707083 0.240913 -0.664785 -0.707083 -0.240913 0.664785 -0.577349 0.346080 0.739494 -0.577349 0.739494 -0.346080 -0.577349 0.739494 -0.346080 -0.577349 0.346080 0.739494 0.577349 0.346080 0.739494 0.577349 0.739494 -0.346080 0.707083 0.240913 -0.664785 0.707083 -0.240913 0.664785 0.577349 -0.739494 0.346080 0.577349 -0.346080 -0.739494 0.577349 -0.346080 -0.739494 0.577349 -0.739494 0.346080 -0.577349 -0.739494 0.346080 -0.577349 -0.346080 -0.739494 -0.707083 0.240913 -0.664785 0.707083 0.240913 -0.664785 0.577349 -0.346080 -0.739494 0.707083 -0.240913 0.664785 -0.707083 -0.240913 0.664785 0.577349 -0.739494 0.346080 0.577349 0.346080 0.739494 -0.707083 -0.240913 0.664785 0.707083 -0.240913 0.664785 0.577349 0.739494 -0.346080 0.707083 0.240913 -0.664785 -0.707083 0.240913 -0.664785 0.577349 0.739494 -0.346080 0.577349 0.346080 0.739494 0.707083 -0.240913 0.664785 0.707083 0.240913 -0.664785 -0.577349 -0.346080 -0.739494 -0.577349 -0.739494 0.346080 -0.707083 -0.240913 0.664785 -0.707083 0.240913 -0.664785 " />
									<TextureCoordinate point="0.0219 0.8188 0.2285 0.8188 0.2285 0.9808 0.0219 0.9808 0.0219 0.8188 0.2285 0.8188 0.2285 0.9808 0.0219 0.9808 0.2662 0.8300 0.4607 0.8300 0.4607 0.9666 0.2662 0.9666 0.2662 0.8300 0.4607 0.8300 0.4607 0.9666 0.2662 0.9666 0.2662 0.8300 0.4607 0.8300 0.4607 0.9666 0.2662 0.8300 0.4607 0.8300 0.2662 0.9666 0.0219 0.8188 0.2285 0.9808 0.0219 0.9808 0.2285 0.8188 0.2285 0.9808 0.0219 0.9808 0.0219 0.8188 0.2285 0.8188 0.2285 0.9808 0.0219 0.9808 0.2662 0.8300 0.4607 0.8300 0.4607 0.9666 0.2662 0.9666 " />
								</IndexedTriangleSet>
							</Shape>
						</Group>
					</Transform>
					<Transform DEF="head_TRANSFORM"
					           translation="0.000000 -0.051823 0.171171"
					           scale="1.000000 1.000000 1.000000"
					           rotation="0.000000 1.000000 0.000000 0.000000"
					           >
						<Transform DEF="head_ifs_TRANSFORM"
						           translation="0.000000 0.000000 0.000000"
						           scale="1.000000 1.000000 1.000000"
						           rotation="0.000000 1.000000 0.000000 0.000000"
						           >
							<Group DEF="group_ME_head">
								<Shape>
									<Appearance>
										<Material USE="MA_Body" />
									</Appearance>
									<IndexedTriangleSet solid="false"
									                    normalPerVertex="true"
									                    index="0 1 2 0 2 3 4 5 6 4 6 7 8 9 10 8 10 11 12 13 14 12 14 15 16 17 18 16 18 19 20 21 14 20 14 22 23 24 25 23 25 26 27 28 29 27 29 30 31 32 33 31 33 34 35 36 37 35 37 38 39 40 41 39 41 42 43 44 45 43 45 46 47 48 49 47 49 50 51 52 53 51 53 54 55 56 57 55 57 58 59 60 61 59 61 62 63 64 65 63 65 66 67 68 69 67 69 70 71 72 73 71 73 74 75 76 77 75 77 78 79 80 81 79 81 82 83 84 85 83 85 86 87 88 89 87 89 90 91 92 93 91 93 94 95 96 97 95 97 98 99 100 101 99 101 102 103 104 105 103 105 106 107 108 109 107 109 110 111 112 113 111 113 114 115 116 117 115 117 118 119 120 121 119 121 122 123 124 125 123 125 126 127 128 129 127 129 130 131 132 133 131 133 134 135 136 137 135 137 138 138 137 124 138 124 123 139 140 141 139 141 142 142 141 116 142 116 115 143 144 145 143 145 146 146 145 104 146 104 103 147 148 149 147 149 150 150 149 96 150 96 95 151 152 153 151 153 154 154 153 76 154 76 75 155 156 157 155 157 158 158 157 68 158 68 67 159 160 161 159 161 162 162 161 56 162 56 55 163 164 165 163 165 166 166 165 48 166 48 47 139 167 168 139 168 169 167 27 30 167 30 168 170 171 172 170 172 173 171 23 26 171 26 172 174 175 176 174 176 177 178 179 180 178 180 181 182 183 184 182 184 185 183 16 19 183 19 184 186 187 188 186 188 189 190 191 192 190 192 193 194 24 195 194 195 196 196 195 5 196 5 4 197 196 4 197 4 198 199 194 196 199 196 197 200 189 12 200 12 201 202 186 189 202 189 200 203 35 38 203 38 204 205 31 34 205 34 206 201 12 15 201 15 207 208 8 11 208 11 209 198 4 7 198 7 210 211 0 3 211 3 212 "
									                    >
										<Coordinate point="-0.239865 -0.282383 0.212352 -0.239865 -0.351557 0.321912 -0.239865 -0.046880 0.514278 -0.239865 0.022294 0.404718 0.136741 0.022294 0.404718 0.136741 -0.046880 0.514278 0.239865 -0.046880 0.514278 0.239865 0.022294 0.404718 0.239865 -0.282383 0.212352 0.239865 -0.351557 0.321912 0.239865 -0.444157 0.263447 0.239865 -0.374983 0.153887 -0.136741 -0.374983 0.153887 -0.136741 -0.444157 0.263447 -0.239865 -0.444157 0.263447 -0.239865 -0.374983 0.153887 0.136741 -0.106038 -0.066950 0.239865 -0.106038 -0.066950 0.239865 -0.198639 -0.125416 0.136741 -0.198639 -0.125416 -0.136741 -0.351557 0.321912 -0.239865 -0.351557 0.321912 -0.136741 -0.444157 0.263447 -0.136741 -0.046880 0.514278 -0.239865 -0.046880 0.514278 -0.239865 -0.351557 0.321912 -0.136741 -0.351557 0.321912 0.136741 0.198639 0.125416 0.239865 0.198639 0.125416 0.239865 -0.106038 -0.066950 0.136741 -0.106038 -0.066950 0.239865 0.022294 0.404718 0.239865 -0.046880 0.514278 0.239865 -0.351557 0.321912 0.239865 -0.282383 0.212352 -0.239865 -0.374983 0.153887 -0.239865 -0.444157 0.263447 -0.239865 -0.351557 0.321912 -0.239865 -0.282383 0.212352 -0.239865 -0.293940 0.025527 -0.239865 -0.305810 0.044327 -0.239865 -0.213209 0.102792 -0.239865 -0.201340 0.083992 0.239865 0.103337 0.276358 0.239865 0.091468 0.295158 0.239865 -0.213209 0.102792 0.239865 -0.201340 0.083992 -0.136741 -0.293940 0.025527 -0.136741 -0.305810 0.044327 -0.239865 -0.305810 0.044327 -0.239865 -0.293940 0.025527 0.239865 -0.201340 0.083992 0.239865 -0.213209 0.102792 0.239865 -0.305810 0.044327 0.239865 -0.293940 0.025527 0.136741 0.103337 0.276358 0.136741 0.091468 0.295158 0.239865 0.091468 0.295158 0.239865 0.103337 0.276358 -0.239865 -0.201340 0.083992 -0.239865 -0.213209 0.102792 -0.239865 0.091468 0.295158 -0.239865 0.103337 0.276358 -0.239865 -0.170481 0.035118 -0.239865 -0.201340 0.083992 -0.239865 0.103337 0.276358 -0.239865 0.134196 0.227483 0.136741 0.134196 0.227483 0.136741 0.103337 0.276358 0.239865 0.103337 0.276358 0.239865 0.134196 0.227483 0.239865 -0.170481 0.035118 0.239865 -0.201340 0.083992 0.239865 -0.293940 0.025527 0.239865 -0.263082 -0.023348 -0.136741 -0.263082 -0.023348 -0.136741 -0.293940 0.025527 -0.239865 -0.293940 0.025527 -0.239865 -0.263082 -0.023348 0.239865 0.134196 0.227483 0.239865 0.103337 0.276358 0.239865 -0.201340 0.083992 0.239865 -0.170481 0.035118 -0.239865 -0.263082 -0.023348 -0.239865 -0.293940 0.025527 -0.239865 -0.201340 0.083992 -0.239865 -0.170481 0.035118 -0.239865 -0.251185 -0.042191 -0.239865 -0.263082 -0.023348 -0.239865 -0.170481 0.035118 -0.239865 -0.158584 0.016275 0.239865 0.146093 0.208640 0.239865 0.134196 0.227483 0.239865 -0.170481 0.035118 0.239865 -0.158584 0.016275 -0.136741 -0.251185 -0.042191 -0.136741 -0.263082 -0.023348 -0.239865 -0.263082 -0.023348 -0.239865 -0.251185 -0.042191 0.239865 -0.158584 0.016275 0.239865 -0.170481 0.035118 0.239865 -0.263082 -0.023348 0.239865 -0.251185 -0.042191 0.136741 0.146093 0.208640 0.136741 0.134196 0.227483 0.239865 0.134196 0.227483 0.239865 0.146093 0.208640 -0.239865 -0.158584 0.016275 -0.239865 -0.170481 0.035118 -0.239865 0.134196 0.227483 -0.239865 0.146093 0.208640 -0.239865 -0.106038 -0.066950 -0.239865 -0.158584 0.016275 -0.239865 0.146093 0.208640 -0.239865 0.198639 0.125416 0.136741 0.198639 0.125416 0.136741 0.146093 0.208640 0.239865 0.146093 0.208640 0.239865 0.198639 0.125416 0.239865 -0.106038 -0.066950 0.239865 -0.158584 0.016275 0.239865 -0.251185 -0.042191 0.239865 -0.198639 -0.125416 -0.136741 -0.198639 -0.125416 -0.136741 -0.251185 -0.042191 -0.239865 -0.251185 -0.042191 -0.239865 -0.198639 -0.125416 0.239865 0.198639 0.125416 0.239865 0.146093 0.208640 0.239865 -0.158584 0.016275 0.239865 -0.106038 -0.066950 -0.239865 -0.198639 -0.125416 -0.239865 -0.251185 -0.042191 -0.239865 -0.158584 0.016275 -0.239865 -0.106038 -0.066950 0.239865 -0.198639 -0.125416 0.239865 -0.251185 -0.042191 0.136741 -0.251185 -0.042191 0.136741 -0.198639 -0.125416 -0.239865 0.198639 0.125416 -0.239865 0.146093 0.208640 -0.136741 0.146093 0.208640 -0.136741 0.198639 0.125416 -0.239865 0.146093 0.208640 -0.239865 0.134196 0.227483 -0.136741 0.134196 0.227483 -0.136741 0.146093 0.208640 0.239865 -0.251185 -0.042191 0.239865 -0.263082 -0.023348 0.136741 -0.263082 -0.023348 0.136741 -0.251185 -0.042191 0.239865 -0.263082 -0.023348 0.239865 -0.293940 0.025527 0.136741 -0.293940 0.025527 0.136741 -0.263082 -0.023348 -0.239865 0.134196 0.227483 -0.239865 0.103337 0.276358 -0.136741 0.103337 0.276358 -0.136741 0.134196 0.227483 -0.239865 0.103337 0.276358 -0.239865 0.091468 0.295158 -0.136741 0.091468 0.295158 -0.136741 0.103337 0.276358 0.239865 -0.293940 0.025527 0.239865 -0.305810 0.044327 0.136741 -0.305810 0.044327 0.136741 -0.293940 0.025527 -0.136741 0.198639 0.125416 -0.136741 -0.106038 -0.066950 -0.239865 -0.106038 -0.066950 0.239865 -0.046880 0.514278 0.136741 -0.046880 0.514278 0.136741 -0.351557 0.321912 0.239865 -0.351557 0.321912 0.239865 -0.351557 0.321912 0.136741 -0.351557 0.321912 0.136741 -0.444157 0.263447 0.239865 -0.444157 0.263447 0.136741 -0.351557 0.321912 -0.136741 -0.351557 0.321912 -0.136741 -0.444157 0.263447 0.136741 -0.444157 0.263447 -0.239865 -0.106038 -0.066950 -0.136741 -0.106038 -0.066950 -0.136741 -0.198639 -0.125416 -0.239865 -0.198639 -0.125416 0.239865 -0.374983 0.153887 0.239865 -0.444157 0.263447 0.136741 -0.444157 0.263447 0.136741 -0.374983 0.153887 0.136741 -0.374983 0.153887 0.136741 -0.444157 0.263447 -0.136741 -0.444157 0.263447 -0.136741 -0.374983 0.153887 -0.239865 0.022294 0.404718 -0.136741 -0.046880 0.514278 -0.136741 0.022294 0.404718 -0.136741 0.091468 0.295158 0.136741 0.091468 0.295158 -0.239865 0.091468 0.295158 0.136741 -0.305810 0.044327 -0.136741 -0.305810 0.044327 0.239865 -0.305810 0.044327 -0.239865 -0.305810 0.044327 -0.239865 -0.213209 0.102792 0.239865 0.091468 0.295158 0.239865 -0.213209 0.102792 -0.239865 -0.305810 0.044327 0.239865 -0.213209 0.102792 0.239865 -0.305810 0.044327 0.239865 0.091468 0.295158 -0.239865 -0.213209 0.102792 -0.239865 0.091468 0.295158 " />
										<Normal vector="-1.000000 0.000000 0.000000 -0.707083 -0.377483 0.597888 -0.577349 0.179937 0.796411 -0.707083 0.597888 0.377483 0.000000 0.845546 0.533860 0.000000 0.220374 0.975402 0.577349 0.179937 0.796411 0.707083 0.597888 0.377483 1.000000 0.000000 0.000000 0.707083 -0.377483 0.597888 0.577349 -0.796411 0.179937 0.707083 -0.597888 -0.377483 0.000000 -0.845546 -0.533860 0.000000 -0.975402 0.220374 -0.577349 -0.796411 0.179937 -0.707083 -0.597888 -0.377483 0.000000 0.533860 -0.845546 0.707083 0.377483 -0.597888 0.577349 -0.179937 -0.796411 0.000000 -0.220374 -0.975402 0.000000 -0.533860 0.845546 -0.707083 -0.377483 0.597888 0.000000 -0.975402 0.220374 0.000000 0.220374 0.975402 -0.577349 0.179937 0.796411 -0.707083 -0.377483 0.597888 0.000000 -0.533860 0.845546 0.000000 0.975402 -0.220374 0.577349 0.796411 -0.179937 0.707083 0.377483 -0.597888 0.000000 0.533860 -0.845546 0.707083 0.597888 0.377483 0.577349 0.179937 0.796411 0.707083 -0.377483 0.597888 1.000000 0.000000 0.000000 -0.707083 -0.597888 -0.377483 -0.577349 -0.796411 0.179937 -0.707083 -0.377483 0.597888 -1.000000 0.000000 0.000000 -0.707083 -0.597888 -0.377483 -0.707083 -0.597888 -0.377483 -1.000000 0.000000 0.000000 -1.000000 0.000000 0.000000 0.707083 0.597888 0.377483 0.707083 0.597888 0.377483 1.000000 0.000000 0.000000 1.000000 0.000000 0.000000 0.000000 -0.845546 -0.533860 0.000000 -0.845546 -0.533860 -0.707083 -0.597888 -0.377483 -0.707083 -0.597888 -0.377483 1.000000 0.000000 0.000000 1.000000 0.000000 0.000000 0.707083 -0.597888 -0.377483 0.707083 -0.597888 -0.377483 0.000000 0.845546 0.533860 0.000000 0.845546 0.533860 0.707083 0.597888 0.377483 0.707083 0.597888 0.377483 -1.000000 0.000000 0.000000 -1.000000 0.000000 0.000000 -0.707083 0.597888 0.377483 -0.707083 0.597888 0.377483 -1.000000 0.000000 0.000000 -1.000000 0.000000 0.000000 -0.707083 0.597888 0.377483 -0.707083 0.597888 0.377483 0.000000 0.845546 0.533860 0.000000 0.845546 0.533860 0.707083 0.597888 0.377483 0.707083 0.597888 0.377483 1.000000 0.000000 0.000000 1.000000 0.000000 0.000000 0.707083 -0.597888 -0.377483 0.707083 -0.597888 -0.377483 0.000000 -0.845546 -0.533860 0.000000 -0.845546 -0.533860 -0.707083 -0.597888 -0.377483 -0.707083 -0.597888 -0.377483 0.707083 0.597888 0.377483 0.707083 0.597888 0.377483 1.000000 0.000000 0.000000 1.000000 0.000000 0.000000 -0.707083 -0.597888 -0.377483 -0.707083 -0.597888 -0.377483 -1.000000 0.000000 0.000000 -1.000000 0.000000 0.000000 -0.707083 -0.597888 -0.377483 -0.707083 -0.597888 -0.377483 -1.000000 0.000000 0.000000 -1.000000 0.000000 0.000000 0.707083 0.597888 0.377483 0.707083 0.597888 0.377483 1.000000 0.000000 0.000000 1.000000 0.000000 0.000000 0.000000 -0.845546 -0.533860 0.000000 -0.845546 -0.533860 -0.707083 -0.597888 -0.377483 -0.707083 -0.597888 -0.377483 1.000000 0.000000 0.000000 1.000000 0.000000 0.000000 0.707083 -0.597888 -0.377483 0.707083 -0.597888 -0.377483 0.000000 0.845546 0.533860 0.000000 0.845546 0.533860 0.707083 0.597888 0.377483 0.707083 0.597888 0.377483 -1.000000 0.000000 0.000000 -1.000000 0.000000 0.000000 -0.707083 0.597888 0.377483 -0.707083 0.597888 0.377483 -0.707083 0.377483 -0.597888 -1.000000 0.000000 0.000000 -0.707083 0.597888 0.377483 -0.577349 0.796411 -0.179937 0.000000 0.975402 -0.220374 0.000000 0.845546 0.533860 0.707083 0.597888 0.377483 0.577349 0.796411 -0.179937 0.707083 0.377483 -0.597888 1.000000 0.000000 0.000000 0.707083 -0.597888 -0.377483 0.577349 -0.179937 -0.796411 0.000000 -0.220374 -0.975402 0.000000 -0.845546 -0.533860 -0.707083 -0.597888 -0.377483 -0.577349 -0.179937 -0.796411 0.577349 0.796411 -0.179937 0.707083 0.597888 0.377483 1.000000 0.000000 0.000000 0.707083 0.377483 -0.597888 -0.577349 -0.179937 -0.796411 -0.707083 -0.597888 -0.377483 -1.000000 0.000000 0.000000 -0.707083 0.377483 -0.597888 0.577349 -0.179937 -0.796411 0.707083 -0.597888 -0.377483 0.000000 -0.845546 -0.533860 0.000000 -0.220374 -0.975402 -0.577349 0.796411 -0.179937 -0.707083 0.597888 0.377483 0.000000 0.845546 0.533860 0.000000 0.975402 -0.220374 -0.707083 0.597888 0.377483 -0.707083 0.597888 0.377483 0.000000 0.845546 0.533860 0.000000 0.845546 0.533860 0.707083 -0.597888 -0.377483 0.707083 -0.597888 -0.377483 0.000000 -0.845546 -0.533860 0.000000 -0.845546 -0.533860 0.707083 -0.597888 -0.377483 0.707083 -0.597888 -0.377483 0.000000 -0.845546 -0.533860 0.000000 -0.845546 -0.533860 -0.707083 0.597888 0.377483 -0.707083 0.597888 0.377483 0.000000 0.845546 0.533860 0.000000 0.845546 0.533860 -0.707083 0.597888 0.377483 -0.707083 0.597888 0.377483 0.000000 0.845546 0.533860 0.000000 0.845546 0.533860 0.707083 -0.597888 -0.377483 0.707083 -0.597888 -0.377483 0.000000 -0.845546 -0.533860 0.000000 -0.845546 -0.533860 0.000000 0.975402 -0.220374 0.000000 0.533860 -0.845546 -0.707083 0.377483 -0.597888 0.577349 0.179937 0.796411 0.000000 0.220374 0.975402 0.000000 -0.533860 0.845546 0.707083 -0.377483 0.597888 0.707083 -0.377483 0.597888 0.000000 -0.533860 0.845546 0.000000 -0.975402 0.220374 0.577349 -0.796411 0.179937 0.000000 -0.533860 0.845546 0.000000 -0.533860 0.845546 0.000000 -0.975402 0.220374 0.000000 -0.975402 0.220374 -0.707083 0.377483 -0.597888 0.000000 0.533860 -0.845546 0.000000 -0.220374 -0.975402 -0.577349 -0.179937 -0.796411 0.707083 -0.597888 -0.377483 0.577349 -0.796411 0.179937 0.000000 -0.975402 0.220374 0.000000 -0.845546 -0.533860 0.000000 -0.845546 -0.533860 0.000000 -0.975402 0.220374 0.000000 -0.975402 0.220374 0.000000 -0.845546 -0.533860 -0.707083 0.597888 0.377483 0.000000 0.220374 0.975402 0.000000 0.845546 0.533860 0.000000 0.845546 0.533860 0.000000 0.845546 0.533860 -0.707083 0.597888 0.377483 0.000000 -0.845546 -0.533860 0.000000 -0.845546 -0.533860 0.707083 -0.597888 -0.377483 -0.707083 -0.597888 -0.377483 -1.000000 0.000000 0.000000 0.707083 0.597888 0.377483 1.000000 0.000000 0.000000 -0.707083 -0.597888 -0.377483 1.000000 0.000000 0.000000 0.707083 -0.597888 -0.377483 0.707083 0.597888 0.377483 -1.000000 0.000000 0.000000 -0.707083 0.597888 0.377483 " />
										<TextureCoordinate point="0.1252 0.8188 0.2285 0.8188 0.2285 0.9808 0.1252 0.9808 0.1252 0.9268 0.2285 0.9268 0.2285 0.9808 0.1252 0.9808 0.3664 0.8282 0.4618 0.8282 0.4618 0.9743 0.3664 0.9743 0.3664 0.9256 0.4618 0.9256 0.4618 0.9743 0.3664 0.9743 0.3982 0.8282 0.4618 0.8282 0.4618 0.9743 0.3982 0.9743 0.3982 0.8282 0.4618 0.8282 0.3982 0.9743 0.1596 0.8188 0.2285 0.8188 0.2285 0.9808 0.1596 0.9808 0.1596 0.8188 0.2285 0.8188 0.2285 0.9808 0.1596 0.9808 0.1252 0.8188 0.2285 0.8188 0.2285 0.9808 0.1252 0.9808 0.3664 0.8282 0.4618 0.8282 0.4618 0.9743 0.3664 0.9743 0.2710 0.8282 0.4618 0.8282 0.4618 0.9743 0.2710 0.9743 0.0163 0.7005 0.2342 0.7005 0.2342 0.7984 0.0163 0.7984 0.2710 0.9256 0.4618 0.9256 0.4618 0.9743 0.2710 0.9743 0.2710 0.8282 0.4618 0.8282 0.4618 0.9743 0.2710 0.9743 0.0163 0.7657 0.2342 0.7657 0.2342 0.7984 0.0163 0.7984 0.0163 0.7005 0.2342 0.7005 0.2342 0.7984 0.0163 0.7984 0.0219 0.8188 0.2285 0.8188 0.2285 0.9808 0.0219 0.9808 0.0219 0.9268 0.2285 0.9268 0.2285 0.9808 0.0219 0.9808 0.2710 0.8282 0.4618 0.8282 0.4618 0.9743 0.2710 0.9743 0.2710 0.9256 0.4618 0.9256 0.4618 0.9743 0.2710 0.9743 0.0219 0.8188 0.2285 0.8188 0.2285 0.9808 0.0219 0.9808 0.2710 0.8282 0.4618 0.8282 0.4618 0.9743 0.2710 0.9743 0.2710 0.8282 0.4618 0.8282 0.4618 0.9743 0.2710 0.9743 0.0163 0.7005 0.2342 0.7005 0.2342 0.7984 0.0163 0.7984 0.0219 0.9268 0.2285 0.9268 0.2285 0.9808 0.0219 0.9808 0.2710 0.8282 0.4618 0.8282 0.4618 0.9743 0.2710 0.9743 0.0163 0.7657 0.2342 0.7657 0.2342 0.7984 0.0163 0.7984 0.0163 0.7005 0.2342 0.7005 0.2342 0.7984 0.0163 0.7984 0.0219 0.8188 0.2285 0.8188 0.2285 0.9808 0.0219 0.9808 0.0219 0.9268 0.2285 0.9268 0.2285 0.9808 0.0219 0.9808 0.2710 0.8282 0.4618 0.8282 0.4618 0.9743 0.2710 0.9743 0.0219 0.9268 0.2285 0.9268 0.2285 0.9808 0.0219 0.9808 0.0219 0.8188 0.2285 0.8188 0.2285 0.9808 0.0219 0.9808 0.2710 0.8282 0.4618 0.8282 0.4618 0.9743 0.2710 0.9743 0.0219 0.8188 0.2285 0.8188 0.2285 0.8728 0.0219 0.8728 0.0219 0.8188 0.2285 0.8188 0.2285 0.8728 0.0219 0.8728 0.0163 0.7005 0.2342 0.7005 0.2342 0.7331 0.0163 0.7331 0.0219 0.8188 0.2285 0.8188 0.2285 0.8728 0.0219 0.8728 0.2710 0.8282 0.4618 0.8282 0.4618 0.8769 0.2710 0.8769 0.0219 0.8188 0.2285 0.8188 0.2285 0.8728 0.0219 0.8728 0.0163 0.7005 0.2342 0.7005 0.2342 0.7331 0.0163 0.7331 0.2710 0.8282 0.4618 0.8282 0.4618 0.8769 0.2710 0.8769 0.0908 0.8188 0.0908 0.9808 0.0219 0.9808 0.0219 0.8188 0.0908 0.8188 0.0908 0.9808 0.0219 0.9808 0.2710 0.8282 0.3346 0.8282 0.3346 0.9743 0.2710 0.9743 0.3108 0.6235 0.3744 0.6235 0.3744 0.6669 0.3108 0.6669 0.2710 0.8282 0.3346 0.8282 0.3346 0.9743 0.2710 0.9743 0.3664 0.8282 0.4618 0.8282 0.4618 0.8769 0.3664 0.8769 0.3426 0.6379 0.4380 0.6379 0.4380 0.6524 0.3426 0.6524 0.1252 0.8188 0.2285 0.8728 0.1252 0.8728 0.0219 0.8728 0.0219 0.9268 0.0219 0.8188 0.2710 0.8769 0.2710 0.9256 0.2710 0.8282 0.2710 0.8282 0.2710 0.9743 0.0219 0.8188 0.0219 0.9808 0.2710 0.9743 0.2710 0.8282 0.2710 0.9743 0.0219 0.9808 0.0219 0.8188 0.0219 0.9808 " />
									</IndexedTriangleSet>
								</Shape>
							</Group>
						</Transform>
						<Transform DEF="Cube_075_TRANSFORM"
						           translation="0.058302 -0.909926 0.468178"
						           scale="1.000000 1.000000 1.000000"
						           rotation="0.000000 1.000000 0.000000 0.000000"
						           >
							<Transform DEF="Cube_075_ifs_TRANSFORM"
							           translation="0.000000 0.000000 0.000000"
							           scale="1.000000 1.000000 1.000000"
							           rotation="0.000000 1.000000 0.000000 0.000000"
							           >
								<Group DEF="group_ME_Cube_074">
									<Shape>
										<Appearance>
											<Material USE="MA_Body" />
										</Appearance>
										<IndexedTriangleSet solid="false"
										                    normalPerVertex="true"
										                    index="0 1 2 0 2 3 4 5 6 4 6 7 8 9 10 8 10 11 12 13 14 12 14 15 4 16 17 4 17 15 18 5 14 18 14 19 "
										                    >
											<Coordinate point="0.096851 0.201409 0.011579 -0.038472 0.034234 -0.017670 -0.028969 0.015878 0.043278 0.106354 0.183053 0.072527 0.106354 0.183053 0.072527 -0.028969 0.015878 0.043278 0.038472 -0.034234 0.017670 0.173795 0.132942 0.046919 0.173795 0.132942 0.046919 0.038472 -0.034234 0.017670 0.028969 -0.015878 -0.043278 0.164292 0.151297 -0.014029 0.164292 0.151297 -0.014029 0.028969 -0.015878 -0.043278 -0.038472 0.034234 -0.017670 0.096851 0.201409 0.011579 0.173795 0.132942 0.046919 0.164292 0.151297 -0.014029 0.038472 -0.034234 0.017670 0.028969 -0.015878 -0.043278 " />
											<Normal vector="-0.168584 0.938688 -0.300638 -0.888455 0.049379 -0.456221 -0.717978 -0.279946 0.637257 0.001892 0.609363 0.792871 0.001892 0.609363 0.792871 -0.717978 -0.279946 0.637257 0.168584 -0.938688 0.300638 0.888455 -0.049379 0.456221 0.888455 -0.049379 0.456221 0.168584 -0.938688 0.300638 -0.001892 -0.609363 -0.792871 0.717978 0.279946 -0.637257 0.717978 0.279946 -0.637257 -0.001892 -0.609363 -0.792871 -0.888455 0.049379 -0.456221 -0.168584 0.938688 -0.300638 0.888455 -0.049379 0.456221 0.717978 0.279946 -0.637257 0.168584 -0.938688 0.300638 -0.001892 -0.609363 -0.792871 " />
											<TextureCoordinate point="0.0301 0.5222 0.2263 0.5222 0.2263 0.6759 0.0301 0.6759 0.0301 0.5222 0.2263 0.5222 0.2263 0.6759 0.0301 0.6759 0.0301 0.5222 0.2263 0.5222 0.2263 0.6759 0.0301 0.6759 0.0301 0.5222 0.2263 0.5222 0.2263 0.6759 0.0301 0.6759 0.2263 0.5222 0.2263 0.6759 0.0301 0.5222 0.0301 0.6759 " />
										</IndexedTriangleSet>
									</Shape>
								</Group>
							</Transform>
						</Transform>
						<Transform DEF="Cube_074_TRANSFORM"
						           translation="0.076725 -0.918952 0.412346"
						           scale="1.000000 1.000000 1.000000"
						           rotation="0.000000 1.000000 0.000000 0.000000"
						           >
							<Transform DEF="Cube_074_ifs_TRANSFORM"
							           translation="0.000000 0.000000 0.000000"
							           scale="1.000000 1.000000 1.000000"
							           rotation="0.000000 1.000000 0.000000 0.000000"
							           >
								<Group DEF="group_ME_Cube_073">
									<Shape>
										<Appearance>
											<Material USE="MA_Body" />
										</Appearance>
										<IndexedTriangleSet solid="false"
										                    normalPerVertex="true"
										                    index="0 1 2 0 2 3 4 5 6 4 6 7 8 9 10 8 10 11 12 13 14 12 14 15 4 16 17 4 17 15 18 5 14 18 14 19 "
										                    >
											<Coordinate point="0.045844 0.106396 -0.046362 -0.019887 0.007956 -0.026838 0.001484 0.005717 0.033826 0.067215 0.104157 0.014302 0.067215 0.104157 0.014302 0.001484 0.005717 0.033826 0.019887 -0.007956 0.026838 0.085617 0.090484 0.007315 0.085617 0.090484 0.007315 0.019887 -0.007956 0.026838 -0.001484 -0.005717 -0.033826 0.064246 0.092722 -0.053349 0.064246 0.092722 -0.053349 -0.001484 -0.005717 -0.033826 -0.019887 0.007956 -0.026838 0.045844 0.106396 -0.046362 0.085617 0.090484 0.007315 0.064246 0.092722 -0.053349 0.019887 -0.007956 0.026838 -0.001484 -0.005717 -0.033826 " />
											<Normal vector="-0.318674 0.823206 -0.469832 -0.951323 -0.124271 -0.281930 -0.567888 -0.164434 0.806482 0.064760 0.783044 0.618549 0.064760 0.783044 0.618549 -0.567888 -0.164434 0.806482 0.318674 -0.823206 0.469832 0.951323 0.124271 0.281930 0.951323 0.124271 0.281930 0.318674 -0.823206 0.469832 -0.064760 -0.783044 -0.618549 0.567888 0.164434 -0.806482 0.567888 0.164434 -0.806482 -0.064760 -0.783044 -0.618549 -0.951323 -0.124271 -0.281930 -0.318674 0.823206 -0.469832 0.951323 0.124271 0.281930 0.567888 0.164434 -0.806482 0.318674 -0.823206 0.469832 -0.064760 -0.783044 -0.618549 " />
											<TextureCoordinate point="0.0301 0.5222 0.2263 0.5222 0.2263 0.6759 0.0301 0.6759 0.0301 0.5222 0.2263 0.5222 0.2263 0.6759 0.0301 0.6759 0.0301 0.5222 0.2263 0.5222 0.2263 0.6759 0.0301 0.6759 0.0301 0.5222 0.2263 0.5222 0.2263 0.6759 0.0301 0.6759 0.2263 0.5222 0.2263 0.6759 0.0301 0.5222 0.0301 0.6759 " />
										</IndexedTriangleSet>
									</Shape>
								</Group>
							</Transform>
						</Transform>
						<Transform DEF="Cube_073_TRANSFORM"
						           translation="0.000000 -0.882487 0.327111"
						           scale="1.000000 1.000000 1.000000"
						           rotation="0.000000 1.000000 0.000000 0.000000"
						           >
							<Transform DEF="Cube_073_ifs_TRANSFORM"
							           translation="0.000000 0.000000 0.000000"
							           scale="1.000000 1.000000 1.000000"
							           rotation="0.000000 1.000000 0.000000 0.000000"
							           >
								<Group DEF="group_ME_Cube_072">
									<Shape>
										<Appearance>
											<Material USE="MA_Body" />
										</Appearance>
										<IndexedTriangleSet solid="false"
										                    normalPerVertex="true"
										                    index="0 1 2 0 2 3 4 5 6 4 6 7 8 9 10 8 10 11 12 13 14 12 14 15 4 16 17 4 17 15 18 5 14 18 14 19 "
										                    >
											<Coordinate point="-0.040488 0.057648 -0.063225 -0.040488 -0.007552 -0.009097 -0.040488 0.007552 0.009097 -0.040488 0.072753 -0.045031 -0.040488 0.072753 -0.045031 -0.040488 0.007552 0.009097 0.040488 0.007552 0.009097 0.040488 0.072753 -0.045031 0.040488 0.072753 -0.045031 0.040488 0.007552 0.009097 0.040488 -0.007552 -0.009097 0.040488 0.057648 -0.063225 0.040488 0.057648 -0.063225 0.040488 -0.007552 -0.009097 -0.040488 -0.007552 -0.009097 -0.040488 0.057648 -0.063225 0.040488 0.072753 -0.045031 0.040488 0.057648 -0.063225 0.040488 0.007552 0.009097 0.040488 -0.007552 -0.009097 " />
											<Normal vector="-0.577349 0.075411 -0.812983 -0.577349 -0.812983 -0.075411 -0.577349 -0.075411 0.812983 -0.577349 0.812983 0.075411 -0.577349 0.812983 0.075411 -0.577349 -0.075411 0.812983 0.577349 -0.075411 0.812983 0.577349 0.812983 0.075411 0.577349 0.812983 0.075411 0.577349 -0.075411 0.812983 0.577349 -0.812983 -0.075411 0.577349 0.075411 -0.812983 0.577349 0.075411 -0.812983 0.577349 -0.812983 -0.075411 -0.577349 -0.812983 -0.075411 -0.577349 0.075411 -0.812983 0.577349 0.812983 0.075411 0.577349 0.075411 -0.812983 0.577349 -0.075411 0.812983 0.577349 -0.812983 -0.075411 " />
											<TextureCoordinate point="0.0301 0.5222 0.2263 0.5222 0.2263 0.6759 0.0301 0.6759 0.0301 0.5222 0.2263 0.5222 0.2263 0.6759 0.0301 0.6759 0.0301 0.5222 0.2263 0.5222 0.2263 0.6759 0.0301 0.6759 0.0301 0.5222 0.2263 0.5222 0.2263 0.6759 0.0301 0.6759 0.2263 0.5222 0.2263 0.6759 0.0301 0.5222 0.0301 0.6759 " />
										</IndexedTriangleSet>
									</Shape>
								</Group>
							</Transform>
						</Transform>
						<Transform DEF="Cube_071_TRANSFORM"
						           translation="0.000000 -0.083130 0.419248"
						           scale="1.000000 1.000000 1.000000"
						           rotation="0.000000 1.000000 0.000000 0.000000"
						           >
							<Transform DEF="Cube_071_ifs_TRANSFORM"
							           translation="0.000000 0.000000 0.000000"
							           scale="1.000000 1.000000 1.000000"
							           rotation="0.000000 1.000000 0.000000 0.000000"
							           >
								<Group DEF="group_ME_Cube_081">
									<Shape>
										<Appearance>
											<Material USE="MA_Body" />
										</Appearance>
										<IndexedTriangleSet solid="false"
										                    normalPerVertex="true"
										                    index="0 1 2 0 2 3 4 5 6 4 6 7 8 9 10 8 10 11 12 13 14 12 14 15 0 16 17 0 17 15 18 1 14 18 14 19 20 5 1 20 1 18 21 22 23 21 23 24 25 26 9 25 9 8 27 28 1 27 1 0 "
										                    >
											<Coordinate point="-0.135606 -0.580979 -0.148850 -0.135606 -0.595677 0.133859 -0.135606 -0.008547 0.164385 -0.135606 0.006152 -0.118325 -0.135606 0.006152 -0.118325 -0.135606 -0.008547 0.164385 0.135606 -0.008547 0.164385 0.135606 0.006152 -0.118325 0.135606 -0.580979 -0.148850 0.135606 -0.595677 0.133859 0.135606 -0.713604 0.127728 0.135606 -0.698906 -0.154981 0.135606 -0.698906 -0.154981 0.135606 -0.713604 0.127728 -0.135606 -0.713604 0.127728 -0.135606 -0.698906 -0.154981 0.135606 -0.580979 -0.148850 0.135606 -0.698906 -0.154981 0.135606 -0.595677 0.133859 0.135606 -0.713604 0.127728 0.135606 -0.008547 0.164385 -0.135606 0.006152 -0.118325 0.135606 0.006152 -0.118325 0.135606 -0.580979 -0.148850 -0.135606 -0.580979 -0.148850 0.135606 0.006152 -0.118325 0.135606 -0.008547 0.164385 -0.135606 -0.698906 -0.154981 -0.135606 -0.713604 0.127728 " />
											<Normal vector="-0.707083 0.036683 -0.706137 -0.707083 -0.036683 0.706137 -0.577349 0.546587 0.606525 -0.577349 0.606525 -0.546587 -0.577349 0.606525 -0.546587 -0.577349 0.546587 0.606525 0.577349 0.546587 0.606525 0.577349 0.606525 -0.546587 0.707083 0.036683 -0.706137 0.707083 -0.036683 0.706137 0.577349 -0.606525 0.546587 0.577349 -0.546587 -0.606525 0.577349 -0.546587 -0.606525 0.577349 -0.606525 0.546587 -0.577349 -0.606525 0.546587 -0.577349 -0.546587 -0.606525 0.707083 0.036683 -0.706137 0.577349 -0.546587 -0.606525 0.707083 -0.036683 0.706137 0.577349 -0.606525 0.546587 0.577349 0.546587 0.606525 -0.577349 0.606525 -0.546587 0.577349 0.606525 -0.546587 0.707083 0.036683 -0.706137 -0.707083 0.036683 -0.706137 0.577349 0.606525 -0.546587 0.577349 0.546587 0.606525 -0.577349 -0.546587 -0.606525 -0.577349 -0.606525 0.546587 " />
											<TextureCoordinate point="0.0280 0.9048 0.2357 0.9048 0.2357 0.9862 0.0280 0.9862 0.0280 0.8233 0.2357 0.8233 0.2357 0.9862 0.0280 0.9862 0.0280 0.9048 0.2357 0.9048 0.2357 0.9862 0.0280 0.9862 0.0280 0.8233 0.2357 0.8233 0.2357 0.9862 0.0280 0.9862 0.2357 0.9048 0.2357 0.9862 0.0280 0.9048 0.0280 0.9862 0.0280 0.8233 0.2705 0.6249 0.4782 0.6249 0.4782 0.6721 0.2705 0.6721 0.0280 0.8233 0.2357 0.8233 0.0280 0.8233 0.2357 0.8233 " />
										</IndexedTriangleSet>
									</Shape>
								</Group>
							</Transform>
						</Transform>
						<Transform DEF="Cube_070_TRANSFORM"
						           translation="0.000000 -0.829918 0.427577"
						           scale="1.000000 1.000000 1.000000"
						           rotation="0.000000 1.000000 0.000000 0.000000"
						           >
							<Transform DEF="Cube_070_ifs_TRANSFORM"
							           translation="0.000000 0.000000 0.000000"
							           scale="1.000000 1.000000 1.000000"
							           rotation="0.000000 1.000000 0.000000 0.000000"
							           >
								<Group DEF="group_ME_Cube_082">
									<Shape>
										<Appearance>
											<Material USE="MA_Body" />
										</Appearance>
										<IndexedTriangleSet solid="false"
										                    normalPerVertex="true"
										                    index="0 1 2 0 2 3 4 5 6 4 6 7 8 9 10 8 10 11 12 13 14 12 14 15 16 17 18 16 18 19 20 5 14 20 14 21 22 23 24 22 24 19 25 26 27 25 27 28 16 29 30 16 30 31 32 33 34 32 34 35 "
										                    >
											<Coordinate point="-0.087291 -0.061111 0.068566 -0.087291 -0.028500 0.080160 -0.087291 0.028500 -0.080160 -0.087291 -0.038961 -0.104145 -0.087291 -0.038961 -0.104145 -0.087291 0.028500 -0.080160 0.087291 0.028500 -0.080160 0.087291 -0.038961 -0.104145 0.087291 -0.038961 -0.104145 0.087291 0.028500 -0.080160 0.087291 -0.028500 0.080160 0.087291 -0.061111 0.068566 0.087291 -0.061111 0.068566 0.087291 -0.028500 0.080160 -0.087291 -0.028500 0.080160 -0.087291 -0.061111 0.068566 -0.087291 -0.071822 -0.115829 0.087291 -0.071822 -0.115829 0.087291 -0.128822 0.044492 -0.087291 -0.128822 0.044492 0.087291 0.028500 -0.080160 0.087291 -0.028500 0.080160 0.087291 -0.128822 0.044492 0.087291 -0.061111 0.068566 -0.087291 -0.061111 0.068566 0.087291 -0.071822 -0.115829 0.087291 -0.038961 -0.104145 0.087291 -0.061111 0.068566 0.087291 -0.128822 0.044492 -0.087291 -0.038961 -0.104145 0.087291 -0.038961 -0.104145 0.087291 -0.071822 -0.115829 -0.087291 -0.128822 0.044492 -0.087291 -0.061111 0.068566 -0.087291 -0.038961 -0.104145 -0.087291 -0.071822 -0.115829 " />
											<Normal vector="-0.707083 -0.236854 0.666250 -0.577349 0.350566 0.737388 -0.577349 0.737388 -0.350566 -0.707083 0.236854 -0.666250 -0.707083 0.236854 -0.666250 -0.577349 0.737388 -0.350566 0.577349 0.737388 -0.350566 0.707083 0.236854 -0.666250 0.707083 0.236854 -0.666250 0.577349 0.737388 -0.350566 0.577349 0.350566 0.737388 0.707083 -0.236854 0.666250 0.707083 -0.236854 0.666250 0.577349 0.350566 0.737388 -0.577349 0.350566 0.737388 -0.707083 -0.236854 0.666250 -0.577349 -0.350566 -0.737388 0.577349 -0.350566 -0.737388 0.577349 -0.737388 0.350566 -0.577349 -0.737388 0.350566 0.577349 0.737388 -0.350566 0.577349 0.350566 0.737388 0.577349 -0.737388 0.350566 0.707083 -0.236854 0.666250 -0.707083 -0.236854 0.666250 0.577349 -0.350566 -0.737388 0.707083 0.236854 -0.666250 0.707083 -0.236854 0.666250 0.577349 -0.737388 0.350566 -0.707083 0.236854 -0.666250 0.707083 0.236854 -0.666250 0.577349 -0.350566 -0.737388 -0.577349 -0.737388 0.350566 -0.707083 -0.236854 0.666250 -0.707083 0.236854 -0.666250 -0.577349 -0.350566 -0.737388 " />
											<TextureCoordinate point="0.1252 0.8188 0.2285 0.8188 0.2285 0.9808 0.1252 0.9808 0.1252 0.8188 0.2285 0.8188 0.2285 0.9808 0.1252 0.9808 0.1252 0.8188 0.2285 0.8188 0.2285 0.9808 0.1252 0.9808 0.1252 0.8188 0.2285 0.8188 0.2285 0.9808 0.1252 0.9808 0.0214 0.5377 0.2250 0.5377 0.2250 0.6697 0.0214 0.6697 0.0219 0.8188 0.0219 0.9808 0.0214 0.5377 0.2250 0.5377 0.2250 0.6697 0.0214 0.5377 0.2250 0.5377 0.2250 0.6697 0.0214 0.6697 0.2250 0.5377 0.2250 0.6697 0.0214 0.6697 0.0214 0.5377 0.2250 0.5377 0.2250 0.6697 0.0214 0.6697 " />
										</IndexedTriangleSet>
									</Shape>
								</Group>
							</Transform>
						</Transform>
						<Transform DEF="Cube_069_TRANSFORM"
						           translation="0.000000 -0.840464 0.381227"
						           scale="1.000000 1.000000 1.000000"
						           rotation="0.000000 1.000000 0.000000 0.000000"
						           >
							<Transform DEF="Cube_069_ifs_TRANSFORM"
							           translation="0.000000 0.000000 0.000000"
							           scale="1.000000 1.000000 1.000000"
							           rotation="0.000000 1.000000 0.000000 0.000000"
							           >
								<Group DEF="group_ME_Cube_070">
									<Shape>
										<Appearance>
											<Material USE="MA_Body" />
										</Appearance>
										<IndexedTriangleSet solid="false"
										                    normalPerVertex="true"
										                    index="0 1 2 0 2 3 4 5 6 4 6 7 8 9 10 8 10 11 12 13 14 12 14 15 4 16 17 4 17 15 18 5 14 18 14 19 "
										                    >
											<Coordinate point="-0.083981 0.121241 -0.184782 -0.083981 -0.041347 -0.049805 -0.083981 0.041347 0.049805 -0.083981 0.203935 -0.085171 -0.083981 0.203935 -0.085171 -0.083981 0.041347 0.049805 0.083981 0.041347 0.049805 0.083981 0.203935 -0.085171 0.083981 0.203935 -0.085171 0.083981 0.041347 0.049805 0.083981 -0.041347 -0.049805 0.083981 0.121241 -0.184782 0.083981 0.121241 -0.184782 0.083981 -0.041347 -0.049805 -0.083981 -0.041347 -0.049805 -0.083981 0.121241 -0.184782 0.083981 0.203935 -0.085171 0.083981 0.121241 -0.184782 0.083981 0.041347 0.049805 0.083981 -0.041347 -0.049805 " />
											<Normal vector="-0.577349 0.075411 -0.812983 -0.577349 -0.812983 -0.075411 -0.577349 -0.075411 0.812983 -0.577349 0.812983 0.075411 -0.577349 0.812983 0.075411 -0.577349 -0.075411 0.812983 0.577349 -0.075411 0.812983 0.577349 0.812983 0.075411 0.577349 0.812983 0.075411 0.577349 -0.075411 0.812983 0.577349 -0.812983 -0.075411 0.577349 0.075411 -0.812983 0.577349 0.075411 -0.812983 0.577349 -0.812983 -0.075411 -0.577349 -0.812983 -0.075411 -0.577349 0.075411 -0.812983 0.577349 0.812983 0.075411 0.577349 0.075411 -0.812983 0.577349 -0.075411 0.812983 0.577349 -0.812983 -0.075411 " />
											<TextureCoordinate point="0.0219 0.8188 0.2285 0.8188 0.2285 0.9808 0.0219 0.9808 0.0219 0.8188 0.2285 0.8188 0.2285 0.9808 0.0219 0.9808 0.0219 0.8188 0.2285 0.8188 0.2285 0.9808 0.0219 0.9808 0.0219 0.8188 0.2285 0.8188 0.2285 0.9808 0.0219 0.9808 0.2285 0.8188 0.2285 0.9808 0.0219 0.8188 0.0219 0.9808 " />
										</IndexedTriangleSet>
									</Shape>
								</Group>
							</Transform>
						</Transform>
						<Transform DEF="Cube_068_TRANSFORM"
						           translation="0.000000 -0.845345 0.436761"
						           scale="1.000000 1.000000 1.000000"
						           rotation="0.000000 1.000000 0.000000 0.000000"
						           >
							<Transform DEF="Cube_068_ifs_TRANSFORM"
							           translation="0.000000 0.000000 0.000000"
							           scale="1.000000 1.000000 1.000000"
							           rotation="0.000000 1.000000 0.000000 0.000000"
							           >
								<Group DEF="group_ME_Cube_069">
									<Shape>
										<Appearance>
											<Material USE="MA_Body" />
										</Appearance>
										<IndexedTriangleSet solid="false"
										                    normalPerVertex="true"
										                    index="0 1 2 0 2 3 4 5 6 4 6 7 8 9 10 8 10 11 12 13 14 12 14 15 4 16 17 4 17 15 18 5 14 18 14 19 "
										                    >
											<Coordinate point="-0.300517 0.014178 -0.058390 -0.300517 -0.014178 0.058390 -0.300517 0.312204 0.137642 -0.300517 0.340560 0.020861 -0.300517 0.340560 0.020861 -0.300517 0.312204 0.137642 0.300517 0.312204 0.137642 0.300517 0.340560 0.020861 0.300517 0.340560 0.020861 0.300517 0.312204 0.137642 0.300517 -0.014178 0.058390 0.300517 0.014178 -0.058390 0.300517 0.014178 -0.058390 0.300517 -0.014178 0.058390 -0.300517 -0.014178 0.058390 -0.300517 0.014178 -0.058390 0.300517 0.340560 0.020861 0.300517 0.014178 -0.058390 0.300517 0.312204 0.137642 0.300517 -0.014178 0.058390 " />
											<Normal vector="-0.577349 -0.424787 -0.697256 -0.577349 -0.697256 0.424787 -0.577349 0.424787 0.697256 -0.577349 0.697256 -0.424787 -0.577349 0.697256 -0.424787 -0.577349 0.424787 0.697256 0.577349 0.424787 0.697256 0.577349 0.697256 -0.424787 0.577349 0.697256 -0.424787 0.577349 0.424787 0.697256 0.577349 -0.697256 0.424787 0.577349 -0.424787 -0.697256 0.577349 -0.424787 -0.697256 0.577349 -0.697256 0.424787 -0.577349 -0.697256 0.424787 -0.577349 -0.424787 -0.697256 0.577349 0.697256 -0.424787 0.577349 -0.424787 -0.697256 0.577349 0.424787 0.697256 0.577349 -0.697256 0.424787 " />
											<TextureCoordinate point="0.0219 0.8188 0.2285 0.8188 0.2285 0.9808 0.0219 0.9808 0.0219 0.8188 0.2285 0.8188 0.2285 0.9808 0.0219 0.9808 0.0219 0.8188 0.2285 0.8188 0.2285 0.9808 0.0219 0.9808 0.0219 0.8188 0.2285 0.8188 0.2285 0.9808 0.0219 0.9808 0.2285 0.8188 0.2285 0.9808 0.0219 0.8188 0.0219 0.9808 " />
										</IndexedTriangleSet>
									</Shape>
								</Group>
							</Transform>
						</Transform>
						<Transform DEF="Cube_067_TRANSFORM"
						           translation="0.000000 -0.623649 0.514125"
						           scale="1.000000 1.000000 1.000000"
						           rotation="0.000000 1.000000 0.000000 0.000000"
						           >
							<Transform DEF="Cube_067_ifs_TRANSFORM"
							           translation="0.000000 0.000000 0.000000"
							           scale="1.000000 1.000000 1.000000"
							           rotation="0.000000 1.000000 0.000000 0.000000"
							           >
								<Group DEF="group_ME_Cube_068">
									<Shape>
										<Appearance>
											<Material USE="MA_Body" />
										</Appearance>
										<IndexedTriangleSet solid="false"
										                    normalPerVertex="true"
										                    index="0 1 2 0 2 3 4 5 6 4 6 7 8 9 10 8 10 11 12 13 14 12 14 15 4 16 17 4 17 15 18 5 14 18 14 19 "
										                    >
											<Coordinate point="-0.480237 -0.000580 -0.069123 -0.480237 0.000580 0.069123 -0.480237 0.279706 0.066783 -0.480237 0.278547 -0.071464 -0.480237 0.278547 -0.071464 -0.480237 0.279706 0.066783 0.480237 0.279706 0.066783 0.480237 0.278547 -0.071464 0.480237 0.278547 -0.071464 0.480237 0.279706 0.066783 0.480237 0.000580 0.069123 0.480237 -0.000580 -0.069123 0.480237 -0.000580 -0.069123 0.480237 0.000580 0.069123 -0.480237 0.000580 0.069123 -0.480237 -0.000580 -0.069123 0.480237 0.278547 -0.071464 0.480237 -0.000580 -0.069123 0.480237 0.279706 0.066783 0.480237 0.000580 0.069123 " />
											<Normal vector="-0.577349 -0.582141 -0.572466 -0.577349 -0.572466 0.582141 -0.577349 0.582141 0.572466 -0.577349 0.572466 -0.582141 -0.577349 0.572466 -0.582141 -0.577349 0.582141 0.572466 0.577349 0.582141 0.572466 0.577349 0.572466 -0.582141 0.577349 0.572466 -0.582141 0.577349 0.582141 0.572466 0.577349 -0.572466 0.582141 0.577349 -0.582141 -0.572466 0.577349 -0.582141 -0.572466 0.577349 -0.572466 0.582141 -0.577349 -0.572466 0.582141 -0.577349 -0.582141 -0.572466 0.577349 0.572466 -0.582141 0.577349 -0.582141 -0.572466 0.577349 0.582141 0.572466 0.577349 -0.572466 0.582141 " />
											<TextureCoordinate point="0.0219 0.8188 0.2285 0.8188 0.2285 0.9808 0.0219 0.9808 0.0219 0.8188 0.2285 0.8188 0.2285 0.9808 0.0219 0.9808 0.0219 0.8188 0.2285 0.8188 0.2285 0.9808 0.0219 0.9808 0.0219 0.8188 0.2285 0.8188 0.2285 0.9808 0.0219 0.9808 0.2285 0.8188 0.2285 0.9808 0.0219 0.8188 0.0219 0.9808 " />
										</IndexedTriangleSet>
									</Shape>
								</Group>
							</Transform>
							<Transform DEF="Cube_072_TRANSFORM"
							           translation="0.422014 0.136543 0.002534"
							           scale="1.000000 1.000000 1.000000"
							           rotation="0.000000 1.000000 0.000000 0.000000"
							           >
								<Transform DEF="Cube_072_ifs_TRANSFORM"
								           translation="0.000000 0.000000 0.000000"
								           scale="1.000000 1.000000 1.000000"
								           rotation="0.000000 1.000000 0.000000 0.000000"
								           >
									<Group DEF="group_ME_Cube_071">
										<Shape>
											<Appearance>
												<Material USE="MA_Body" />
											</Appearance>
											<IndexedTriangleSet solid="false"
											                    normalPerVertex="true"
											                    index="0 1 2 0 2 3 4 5 6 4 6 7 8 9 10 8 10 11 12 13 14 12 14 15 16 17 18 16 18 19 20 21 22 20 22 23 "
											                    >
												<Coordinate point="0.000000 -0.143368 -0.143368 0.000000 -0.143368 0.143368 0.000000 0.143368 0.143368 0.000000 0.143368 -0.143368 0.000000 0.143368 -0.143368 0.000000 0.143368 0.143368 0.286735 0.143368 0.143368 0.286735 0.143368 -0.143368 0.286735 0.143368 -0.143368 0.286735 0.143368 0.143368 0.286735 -0.143368 0.143368 0.286735 -0.143368 -0.143368 0.286735 -0.143368 -0.143368 0.286735 -0.143368 0.143368 0.000000 -0.143368 0.143368 0.000000 -0.143368 -0.143368 0.000000 0.143368 -0.143368 0.286735 0.143368 -0.143368 0.286735 -0.143368 -0.143368 0.000000 -0.143368 -0.143368 0.286735 0.143368 0.143368 0.000000 0.143368 0.143368 0.000000 -0.143368 0.143368 0.286735 -0.143368 0.143368 " />
												<Normal vector="-0.577349 -0.577349 -0.577349 -0.577349 -0.577349 0.577349 -0.577349 0.577349 0.577349 -0.577349 0.577349 -0.577349 -0.577349 0.577349 -0.577349 -0.577349 0.577349 0.577349 0.577349 0.577349 0.577349 0.577349 0.577349 -0.577349 0.577349 0.577349 -0.577349 0.577349 0.577349 0.577349 0.577349 -0.577349 0.577349 0.577349 -0.577349 -0.577349 0.577349 -0.577349 -0.577349 0.577349 -0.577349 0.577349 -0.577349 -0.577349 0.577349 -0.577349 -0.577349 -0.577349 -0.577349 0.577349 -0.577349 0.577349 0.577349 -0.577349 0.577349 -0.577349 -0.577349 -0.577349 -0.577349 -0.577349 0.577349 0.577349 0.577349 -0.577349 0.577349 0.577349 -0.577349 -0.577349 0.577349 0.577349 -0.577349 0.577349 " />
												<TextureCoordinate point="0.3071 0.8416 0.4406 0.8416 0.4406 0.9751 0.3071 0.9751 0.0433 0.7137 0.2188 0.7137 0.2188 0.7868 0.0433 0.7868 0.3071 0.8416 0.4406 0.8416 0.4406 0.9751 0.3071 0.9751 0.0433 0.7137 0.2188 0.7137 0.2188 0.7868 0.0433 0.7868 0.3071 0.8416 0.4406 0.8416 0.4406 0.9751 0.3071 0.9751 0.3071 0.8416 0.4406 0.8416 0.4406 0.9751 0.3071 0.9751 " />
											</IndexedTriangleSet>
										</Shape>
									</Group>
								</Transform>
								<Transform DEF="Cube_058_TRANSFORM"
								           translation="0.018066 0.037577 0.000401"
								           scale="1.000000 1.000000 1.000000"
								           rotation="0.000000 1.000000 0.000000 0.000000"
								           >
									<Transform DEF="Cube_058_ifs_TRANSFORM"
									           translation="0.000000 0.000000 0.000000"
									           scale="1.000000 1.000000 1.000000"
									           rotation="0.000000 1.000000 0.000000 0.000000"
									           >
										<Group DEF="group_ME_Cube_063">
											<Shape>
												<Appearance>
													<Material USE="MA_Body" />
												</Appearance>
												<IndexedTriangleSet solid="false"
												                    normalPerVertex="true"
												                    index="0 1 2 0 2 3 4 5 6 4 6 7 8 9 10 8 10 11 12 13 14 12 14 15 4 16 17 4 17 15 18 5 14 18 14 19 "
												                    >
													<Coordinate point="0.000000 -0.345316 -0.121490 0.000000 -0.345316 0.121490 0.000000 0.345316 0.121490 0.000000 0.345316 -0.121490 0.000000 0.345316 -0.121490 0.000000 0.345316 0.121490 0.248639 0.345316 0.121490 0.248639 0.345316 -0.121490 0.248639 0.345316 -0.121490 0.248639 0.345316 0.121490 0.248639 -0.345316 0.121490 0.248639 -0.345316 -0.121490 0.248639 -0.345316 -0.121490 0.248639 -0.345316 0.121490 0.000000 -0.345316 0.121490 0.000000 -0.345316 -0.121490 0.248639 0.345316 -0.121490 0.248639 -0.345316 -0.121490 0.248639 0.345316 0.121490 0.248639 -0.345316 0.121490 " />
													<Normal vector="-0.577349 -0.577349 -0.577349 -0.577349 -0.577349 0.577349 -0.577349 0.577349 0.577349 -0.577349 0.577349 -0.577349 -0.577349 0.577349 -0.577349 -0.577349 0.577349 0.577349 0.577349 0.577349 0.577349 0.577349 0.577349 -0.577349 0.577349 0.577349 -0.577349 0.577349 0.577349 0.577349 0.577349 -0.577349 0.577349 0.577349 -0.577349 -0.577349 0.577349 -0.577349 -0.577349 0.577349 -0.577349 0.577349 -0.577349 -0.577349 0.577349 -0.577349 -0.577349 -0.577349 0.577349 0.577349 -0.577349 0.577349 -0.577349 -0.577349 0.577349 0.577349 0.577349 0.577349 -0.577349 0.577349 " />
													<TextureCoordinate point="0.0219 0.8188 0.2285 0.8188 0.2285 0.9808 0.0219 0.9808 0.0219 0.8188 0.2285 0.8188 0.2285 0.9808 0.0219 0.9808 0.0219 0.8188 0.2285 0.8188 0.2285 0.9808 0.0219 0.9808 0.0219 0.8188 0.2285 0.8188 0.2285 0.9808 0.0219 0.9808 0.2285 0.8188 0.2285 0.9808 0.0219 0.8188 0.0219 0.9808 " />
												</IndexedTriangleSet>
											</Shape>
										</Group>
									</Transform>
								</Transform>
							</Transform>
						</Transform>
						<Transform DEF="Cube_066_TRANSFORM"
						           translation="0.000000 -0.190330 0.398974"
						           scale="1.000000 1.000000 1.000000"
						           rotation="0.000000 1.000000 0.000000 0.000000"
						           >
							<Transform DEF="Cube_066_ifs_TRANSFORM"
							           translation="0.000000 0.000000 0.000000"
							           scale="1.000000 1.000000 1.000000"
							           rotation="0.000000 1.000000 0.000000 0.000000"
							           >
								<Group DEF="group_ME_Cube_067">
									<Shape>
										<Appearance>
											<Material USE="MA_Body" />
										</Appearance>
										<IndexedTriangleSet solid="false"
										                    normalPerVertex="true"
										                    index="0 1 2 0 2 3 4 5 6 4 6 7 8 9 10 8 10 11 12 13 14 12 14 15 16 17 18 16 18 19 20 1 14 20 14 21 22 23 24 22 24 25 23 20 21 23 21 24 26 27 28 26 28 29 30 31 32 30 32 33 34 35 36 34 36 37 37 36 13 37 13 12 38 39 40 38 40 41 41 40 5 41 5 4 42 43 16 42 16 27 44 42 27 44 27 26 45 46 20 45 20 23 47 45 23 47 23 22 46 39 1 46 1 20 43 48 17 43 17 16 49 50 9 49 9 8 51 52 1 51 1 0 53 51 0 53 0 26 54 49 8 54 8 55 56 41 4 56 4 57 44 38 41 44 41 56 58 59 60 58 60 33 61 34 37 61 37 62 63 12 15 63 15 29 55 8 11 55 11 64 57 4 7 57 7 65 26 0 3 26 3 66 "
										                    >
											<Coordinate point="-0.260756 -0.178707 -0.066605 -0.260756 -0.188046 0.119840 -0.260756 0.038163 0.131170 -0.260756 0.047502 -0.055274 0.148295 0.047502 -0.055274 0.148295 0.038163 0.131170 0.260756 0.038163 0.131170 0.260756 0.047502 -0.055274 0.260756 -0.178707 -0.066605 0.260756 -0.188046 0.119840 0.260756 -0.277297 0.115369 0.260756 -0.267958 -0.071076 -0.148295 -0.267958 -0.071076 -0.148295 -0.277297 0.115369 -0.260756 -0.277297 0.115369 -0.260756 -0.267958 -0.071076 0.148295 -0.177190 -0.133359 0.260756 -0.177190 -0.133359 0.260756 -0.266441 -0.137829 0.148295 -0.266441 -0.137829 -0.148295 -0.188046 0.119840 -0.148295 -0.277297 0.115369 0.260756 -0.188046 0.119840 0.148295 -0.188046 0.119840 0.148295 -0.277297 0.115369 0.260756 -0.277297 0.115369 -0.260756 -0.177190 -0.133359 -0.148295 -0.177190 -0.133359 -0.148295 -0.266441 -0.137829 -0.260756 -0.266441 -0.137829 -0.148295 -0.177190 -0.133359 0.148295 -0.177190 -0.133359 0.148295 -0.266441 -0.137829 -0.148295 -0.266441 -0.137829 0.260756 -0.267958 -0.071076 0.260756 -0.277297 0.115369 0.148295 -0.277297 0.115369 0.148295 -0.267958 -0.071076 -0.260756 0.047502 -0.055274 -0.260756 0.038163 0.131170 -0.148295 0.038163 0.131170 -0.148295 0.047502 -0.055274 -0.148295 0.049019 -0.122028 0.148295 0.049019 -0.122028 -0.260756 0.049019 -0.122028 0.148295 0.038163 0.131170 -0.148295 0.038163 0.131170 0.260756 0.038163 0.131170 0.260756 0.049019 -0.122028 0.260756 0.047502 -0.055274 0.260756 0.038163 0.131170 -0.260756 -0.267958 -0.071076 -0.260756 -0.277297 0.115369 -0.260756 -0.266441 -0.137829 0.260756 0.049019 -0.122028 0.260756 -0.177190 -0.133359 -0.148295 0.049019 -0.122028 0.148295 0.049019 -0.122028 0.148295 -0.266441 -0.137829 0.148295 -0.267958 -0.071076 -0.148295 -0.267958 -0.071076 0.260756 -0.266441 -0.137829 0.148295 -0.266441 -0.137829 -0.148295 -0.266441 -0.137829 0.260756 -0.266441 -0.137829 0.260756 0.049019 -0.122028 -0.260756 0.049019 -0.122028 " />
											<Normal vector="-1.000000 0.000000 0.000000 -0.707083 -0.035371 0.706198 -0.577349 0.547716 0.605487 -0.704031 0.709677 0.025819 0.000000 0.999329 0.036348 0.000000 0.670827 0.741569 0.577349 0.547716 0.605487 0.704031 0.709677 0.025819 1.000000 0.000000 0.000000 0.707083 -0.035371 0.706198 0.577349 -0.605487 0.547716 0.710166 -0.703513 -0.025605 0.000000 -0.999329 -0.036348 0.000000 -0.741569 0.670827 -0.577349 -0.605487 0.547716 -0.710166 -0.703513 -0.025605 0.000000 0.050020 -0.998718 0.707083 0.035371 -0.706198 0.575915 -0.556627 -0.598682 0.000000 -0.680898 -0.732353 0.000000 -0.050020 0.998718 0.000000 -0.741569 0.670827 0.707083 -0.035371 0.706198 0.000000 -0.050020 0.998718 0.000000 -0.741569 0.670827 0.577349 -0.605487 0.547716 -0.707083 0.035371 -0.706198 0.000000 0.050020 -0.998718 0.000000 -0.680898 -0.732353 -0.575915 -0.556627 -0.598682 0.000000 0.050020 -0.998718 0.000000 0.050020 -0.998718 0.000000 -0.680898 -0.732353 0.000000 -0.680898 -0.732353 0.710166 -0.703513 -0.025605 0.577349 -0.605487 0.547716 0.000000 -0.741569 0.670827 0.000000 -0.999329 -0.036348 -0.704031 0.709677 0.025819 -0.577349 0.547716 0.605487 0.000000 0.670827 0.741569 0.000000 0.999329 0.036348 0.000000 0.732353 -0.680898 0.000000 0.732353 -0.680898 -0.578784 0.597217 -0.555254 0.000000 0.670827 0.741569 0.000000 0.670827 0.741569 0.577349 0.547716 0.605487 0.578784 0.597217 -0.555254 0.704031 0.709677 0.025819 0.577349 0.547716 0.605487 -0.710166 -0.703513 -0.025605 -0.577349 -0.605487 0.547716 -0.575915 -0.556627 -0.598682 0.578784 0.597217 -0.555254 0.707083 0.035371 -0.706198 0.000000 0.732353 -0.680898 0.000000 0.732353 -0.680898 0.000000 -0.680898 -0.732353 0.000000 -0.999329 -0.036348 0.000000 -0.999329 -0.036348 0.575915 -0.556627 -0.598682 0.000000 -0.680898 -0.732353 0.000000 -0.680898 -0.732353 0.575915 -0.556627 -0.598682 0.578784 0.597217 -0.555254 -0.578784 0.597217 -0.555254 " />
											<TextureCoordinate point="0.1252 0.8998 0.2285 0.8998 0.2285 0.9808 0.1252 0.9808 0.1252 0.9268 0.2285 0.9268 0.2285 0.9808 0.1252 0.9808 0.1252 0.8998 0.2285 0.8998 0.2285 0.9808 0.1252 0.9808 0.1252 0.9268 0.2285 0.9268 0.2285 0.9808 0.1252 0.9808 0.1596 0.8998 0.2285 0.8998 0.2285 0.9808 0.1596 0.9808 0.1596 0.8998 0.1596 0.9808 0.0219 0.8998 0.0908 0.8998 0.0908 0.9808 0.0219 0.9808 0.0219 0.8998 0.0908 0.8998 0.0908 0.9808 0.0219 0.9808 0.2728 0.6174 0.4559 0.6174 0.4559 0.6735 0.2728 0.6735 0.1252 0.8188 0.2285 0.8188 0.2285 0.8728 0.1252 0.8728 0.1252 0.8188 0.2285 0.8188 0.2285 0.8728 0.1252 0.8728 0.0908 0.8188 0.1596 0.8188 0.0219 0.8188 0.0908 0.8188 0.1596 0.8188 0.0219 0.8188 0.2285 0.8188 0.1252 0.8188 0.2285 0.8188 0.1252 0.8188 0.2285 0.8188 0.0219 0.8188 0.0219 0.8188 0.0219 0.8998 0.0219 0.8728 0.0219 0.9268 0.2728 0.6174 0.4559 0.6174 0.4559 0.6735 0.0219 0.8188 0.0219 0.8728 0.0219 0.9268 0.0219 0.9808 0.0219 0.9808 0.0219 0.9808 " />
										</IndexedTriangleSet>
									</Shape>
								</Group>
							</Transform>
							<Transform DEF="Cube_065_TRANSFORM"
							           translation="0.195210 -0.240857 -0.017778"
							           scale="1.000000 1.000000 1.000000"
							           rotation="0.000000 1.000000 0.000000 0.000000"
							           >
								<Transform DEF="Cube_065_ifs_TRANSFORM"
								           translation="0.000000 0.000000 0.000000"
								           scale="1.000000 1.000000 1.000000"
								           rotation="0.000000 1.000000 0.000000 0.000000"
								           >
									<Group DEF="group_ME_Cube_066">
										<Shape>
											<Appearance>
												<Material USE="MA_Body" />
											</Appearance>
											<IndexedTriangleSet solid="false"
											                    normalPerVertex="true"
											                    index="0 1 2 0 2 3 4 5 6 4 6 7 8 9 10 8 10 11 12 13 14 12 14 15 16 17 18 16 18 19 20 1 14 20 14 21 22 12 15 22 15 19 23 8 11 23 11 24 25 4 7 25 7 26 16 0 3 16 3 27 28 29 0 28 0 16 30 5 1 30 1 20 25 31 17 25 17 16 32 33 9 32 9 8 29 34 1 29 1 0 "
											                    >
												<Coordinate point="-0.134104 -0.261269 0.033241 -0.122512 -0.260992 0.129033 -0.035735 0.016000 0.117730 -0.047327 0.015722 0.021938 -0.047327 0.015722 0.021938 -0.035735 0.016000 0.117730 0.062796 -0.015352 0.105898 0.051204 -0.015629 0.010106 -0.035573 -0.292620 0.021409 -0.023981 -0.292343 0.117201 -0.031549 -0.316498 0.118187 -0.043140 -0.316775 0.022395 -0.043140 -0.316775 0.022395 -0.031549 -0.316498 0.118187 -0.130080 -0.285147 0.130019 -0.141671 -0.285424 0.034227 -0.149573 -0.261640 -0.094595 -0.051042 -0.292991 -0.106427 -0.058609 -0.317146 -0.105441 -0.157140 -0.285794 -0.093609 -0.023981 -0.292343 0.117201 -0.031549 -0.316498 0.118187 -0.058609 -0.317146 -0.105441 -0.051042 -0.292991 -0.106427 -0.058609 -0.317146 -0.105441 -0.062796 0.015352 -0.105898 0.035735 -0.016000 -0.117730 -0.062796 0.015352 -0.105898 -0.157140 -0.285794 -0.093609 -0.141671 -0.285424 0.034227 0.062796 -0.015352 0.105898 0.035735 -0.016000 -0.117730 0.051204 -0.015629 0.010106 0.062796 -0.015352 0.105898 -0.130080 -0.285147 0.130019 " />
												<Normal vector="-0.946745 0.301218 0.113681 -0.584490 0.215033 0.782373 -0.304758 0.726096 0.616321 -0.458205 0.887265 0.052858 -0.458205 0.887265 0.052858 -0.304758 0.726096 0.616321 0.788415 0.378246 0.485061 0.880673 0.461226 -0.107883 0.946745 -0.301218 -0.113681 0.754387 -0.210974 0.621570 0.443464 -0.722770 0.529984 0.458205 -0.887265 -0.052858 0.458205 -0.887265 -0.052858 0.443464 -0.722770 0.529984 -0.649709 -0.374920 0.661245 -0.880673 -0.461226 0.107883 -0.754387 0.210974 -0.621570 0.584490 -0.215033 -0.782373 0.304758 -0.726096 -0.616321 -0.788415 -0.378246 -0.485061 0.754387 -0.210974 0.621570 0.443464 -0.722770 0.529984 0.304758 -0.726096 -0.616321 0.584490 -0.215033 -0.782373 0.304758 -0.726096 -0.616321 -0.443464 0.722770 -0.529984 0.649709 0.374920 -0.661245 -0.443464 0.722770 -0.529984 -0.788415 -0.378246 -0.485061 -0.880673 -0.461226 0.107883 0.788415 0.378246 0.485061 0.649709 0.374920 -0.661245 0.880673 0.461226 -0.107883 0.788415 0.378246 0.485061 -0.649709 -0.374920 0.661245 " />
												<TextureCoordinate point="0.1260 0.9118 0.2212 0.9118 0.2212 0.9865 0.1260 0.9865 0.1260 0.8372 0.2212 0.8372 0.2212 0.9865 0.1260 0.9865 0.1260 0.9118 0.2212 0.9118 0.2212 0.9865 0.1260 0.9865 0.1260 0.8372 0.2212 0.8372 0.2212 0.9865 0.1260 0.9865 0.0308 0.9118 0.2212 0.9118 0.2212 0.9865 0.0308 0.9865 0.0308 0.9118 0.0308 0.9865 0.0308 0.8372 0.0308 0.9118 0.0308 0.9865 0.0308 0.8372 0.0308 0.9865 0.0308 0.9865 0.0308 0.8372 0.1260 0.8372 0.0308 0.8372 0.2212 0.8372 0.1260 0.8372 0.2212 0.8372 0.2212 0.8372 " />
											</IndexedTriangleSet>
										</Shape>
										<Shape>
											<Appearance>
												<Material DEF="MA_Eye"
												          diffuseColor="0.800 0.800 0.800"
												          specularColor="0.401 0.401 0.401"
												          emissiveColor="0.000 0.000 0.000"
												          ambientIntensity="0.000"
												          shininess="0.500"
												          transparency="0.0"
												          />
											</Appearance>
											<IndexedTriangleSet solid="false"
											                    normalPerVertex="true"
											                    index="0 1 2 0 2 3 "
											                    >
												<Coordinate point="0.035735 -0.016000 -0.117730 0.051204 -0.015629 0.010106 -0.035573 -0.292620 0.021409 -0.051042 -0.292991 -0.106427 " />
												<Normal vector="0.649709 0.374920 -0.661245 0.880673 0.461226 -0.107883 0.946745 -0.301218 -0.113681 0.584490 -0.215033 -0.782373 " />
												<TextureCoordinate point="0.1060 0.6435 0.0728 0.8489 0.9313 0.8835 0.9644 0.6782 " />
											</IndexedTriangleSet>
										</Shape>
									</Group>
								</Transform>
							</Transform>
							<Transform DEF="Cube_059_TRANSFORM"
							           translation="-0.195210 -0.240857 -0.017778"
							           scale="1.000000 1.000000 1.000000"
							           rotation="0.000000 1.000000 0.000000 0.000000"
							           >
								<Transform DEF="Cube_059_ifs_TRANSFORM"
								           translation="0.000000 0.000000 0.000000"
								           scale="1.000000 1.000000 1.000000"
								           rotation="0.000000 1.000000 0.000000 0.000000"
								           >
									<Group DEF="group_ME_Cube_064">
										<Shape>
											<Appearance>
												<Material USE="MA_Body" />
											</Appearance>
											<IndexedTriangleSet solid="false"
											                    normalPerVertex="true"
											                    index="0 1 2 0 2 3 4 5 6 4 6 7 8 9 10 8 10 11 12 13 14 12 14 15 16 17 18 16 18 19 20 21 14 20 14 3 22 17 13 22 13 12 23 24 9 23 9 8 25 26 5 25 5 4 16 27 1 16 1 0 28 16 0 28 0 29 30 20 3 30 3 7 25 16 19 25 19 31 32 8 11 32 11 33 29 0 3 29 3 34 "
											                    >
												<Coordinate point="0.134104 -0.261269 0.033241 0.047327 0.015722 0.021938 0.035735 0.016000 0.117730 0.122512 -0.260992 0.129033 0.047327 0.015722 0.021938 -0.051204 -0.015629 0.010106 -0.062796 -0.015352 0.105898 0.035735 0.016000 0.117730 0.035573 -0.292620 0.021409 0.043140 -0.316775 0.022395 0.031549 -0.316498 0.118187 0.023981 -0.292343 0.117201 0.043140 -0.316775 0.022395 0.141671 -0.285424 0.034227 0.130080 -0.285147 0.130019 0.031549 -0.316498 0.118187 0.149573 -0.261640 -0.094595 0.157140 -0.285794 -0.093609 0.058609 -0.317146 -0.105441 0.051042 -0.292991 -0.106427 0.023981 -0.292343 0.117201 0.031549 -0.316498 0.118187 0.058609 -0.317146 -0.105441 0.051042 -0.292991 -0.106427 0.058609 -0.317146 -0.105441 0.062796 0.015352 -0.105898 -0.035735 -0.016000 -0.117730 0.062796 0.015352 -0.105898 0.157140 -0.285794 -0.093609 0.141671 -0.285424 0.034227 -0.062796 -0.015352 0.105898 -0.035735 -0.016000 -0.117730 -0.051204 -0.015629 0.010106 -0.062796 -0.015352 0.105898 0.130080 -0.285147 0.130019 " />
												<Normal vector="0.946745 0.301218 0.113681 0.458205 0.887265 0.052858 0.304758 0.726096 0.616321 0.584490 0.215033 0.782373 0.458205 0.887265 0.052858 -0.880673 0.461226 -0.107883 -0.788415 0.378246 0.485061 0.304758 0.726096 0.616321 -0.946745 -0.301218 -0.113681 -0.458205 -0.887265 -0.052858 -0.443464 -0.722770 0.529984 -0.754387 -0.210974 0.621570 -0.458205 -0.887265 -0.052858 0.880673 -0.461226 0.107883 0.649709 -0.374920 0.661245 -0.443464 -0.722770 0.529984 0.754387 0.210974 -0.621570 0.788415 -0.378246 -0.485061 -0.304758 -0.726096 -0.616321 -0.584490 -0.215033 -0.782373 -0.754387 -0.210974 0.621570 -0.443464 -0.722770 0.529984 -0.304758 -0.726096 -0.616321 -0.584490 -0.215033 -0.782373 -0.304758 -0.726096 -0.616321 0.443464 0.722770 -0.529984 -0.649709 0.374920 -0.661245 0.443464 0.722770 -0.529984 0.788415 -0.378246 -0.485061 0.880673 -0.461226 0.107883 -0.788415 0.378246 0.485061 -0.649709 0.374920 -0.661245 -0.880673 0.461226 -0.107883 -0.788415 0.378246 0.485061 0.649709 -0.374920 0.661245 " />
												<TextureCoordinate point="0.1322 0.8994 0.1322 0.9567 0.2052 0.9567 0.2052 0.8994 0.1322 0.8422 0.1322 0.9567 0.2052 0.9567 0.2052 0.8422 0.1322 0.8994 0.1322 0.9567 0.2052 0.9567 0.2052 0.8994 0.1322 0.8422 0.1322 0.9567 0.2052 0.9567 0.2052 0.8422 0.0591 0.8994 0.0591 0.9567 0.2052 0.9567 0.2052 0.8994 0.0591 0.8994 0.0591 0.9567 0.0591 0.8422 0.0591 0.8994 0.0591 0.9567 0.0591 0.8422 0.0591 0.9567 0.0591 0.9567 0.0591 0.8422 0.1322 0.8422 0.0591 0.8422 0.2052 0.8422 0.1322 0.8422 0.2052 0.8422 0.2052 0.8422 " />
											</IndexedTriangleSet>
										</Shape>
										<Shape>
											<Appearance>
												<Material USE="MA_Eye" />
											</Appearance>
											<IndexedTriangleSet solid="false"
											                    normalPerVertex="true"
											                    index="0 1 2 0 2 3 "
											                    >
												<Coordinate point="-0.035735 -0.016000 -0.117730 0.051042 -0.292991 -0.106427 0.035573 -0.292620 0.021409 -0.051204 -0.015629 0.010106 " />
												<Normal vector="-0.649709 0.374920 -0.661245 -0.584490 -0.215033 -0.782373 -0.946745 -0.301218 -0.113681 -0.880673 0.461226 -0.107883 " />
												<TextureCoordinate point="0.1060 0.6435 0.9644 0.6782 0.9313 0.8835 0.0728 0.8489 " />
											</IndexedTriangleSet>
										</Shape>
									</Group>
								</Transform>
							</Transform>
						</Transform>
						<Transform DEF="Cube_061_TRANSFORM"
						           translation="-0.422014 -0.487105 0.516659"
						           scale="1.000000 1.000000 1.000000"
						           rotation="0.000000 1.000000 0.000000 0.000000"
						           >
							<Transform DEF="Cube_061_ifs_TRANSFORM"
							           translation="0.000000 0.000000 0.000000"
							           scale="1.000000 1.000000 1.000000"
							           rotation="0.000000 1.000000 0.000000 0.000000"
							           >
								<Group DEF="group_ME_Cube_062">
									<Shape>
										<Appearance>
											<Material USE="MA_Body" />
										</Appearance>
										<IndexedTriangleSet solid="false"
										                    normalPerVertex="true"
										                    index="0 1 2 0 2 3 4 5 6 4 6 7 8 9 10 8 10 11 12 13 14 12 14 15 16 17 18 16 18 19 20 21 22 20 22 23 "
										                    >
											<Coordinate point="0.000000 -0.143368 -0.143368 0.000000 0.143368 -0.143368 0.000000 0.143368 0.143368 0.000000 -0.143368 0.143368 0.000000 0.143368 -0.143368 -0.286735 0.143368 -0.143368 -0.286735 0.143368 0.143368 0.000000 0.143368 0.143368 -0.286735 0.143368 -0.143368 -0.286735 -0.143368 -0.143368 -0.286735 -0.143368 0.143368 -0.286735 0.143368 0.143368 -0.286735 -0.143368 -0.143368 0.000000 -0.143368 -0.143368 0.000000 -0.143368 0.143368 -0.286735 -0.143368 0.143368 0.000000 0.143368 -0.143368 0.000000 -0.143368 -0.143368 -0.286735 -0.143368 -0.143368 -0.286735 0.143368 -0.143368 -0.286735 0.143368 0.143368 -0.286735 -0.143368 0.143368 0.000000 -0.143368 0.143368 0.000000 0.143368 0.143368 " />
											<Normal vector="0.577349 -0.577349 -0.577349 0.577349 0.577349 -0.577349 0.577349 0.577349 0.577349 0.577349 -0.577349 0.577349 0.577349 0.577349 -0.577349 -0.577349 0.577349 -0.577349 -0.577349 0.577349 0.577349 0.577349 0.577349 0.577349 -0.577349 0.577349 -0.577349 -0.577349 -0.577349 -0.577349 -0.577349 -0.577349 0.577349 -0.577349 0.577349 0.577349 -0.577349 -0.577349 -0.577349 0.577349 -0.577349 -0.577349 0.577349 -0.577349 0.577349 -0.577349 -0.577349 0.577349 0.577349 0.577349 -0.577349 0.577349 -0.577349 -0.577349 -0.577349 -0.577349 -0.577349 -0.577349 0.577349 -0.577349 -0.577349 0.577349 0.577349 -0.577349 -0.577349 0.577349 0.577349 -0.577349 0.577349 0.577349 0.577349 0.577349 " />
											<TextureCoordinate point="0.3234 0.8505 0.4472 0.8505 0.4472 0.9742 0.3234 0.9742 0.0647 0.7185 0.2273 0.7185 0.2273 0.7863 0.0647 0.7863 0.3234 0.8505 0.4472 0.8505 0.4472 0.9742 0.3234 0.9742 0.0647 0.7185 0.2273 0.7185 0.2273 0.7863 0.0647 0.7863 0.3234 0.8505 0.4472 0.8505 0.4472 0.9742 0.3234 0.9742 0.3234 0.8505 0.4472 0.8505 0.4472 0.9742 0.3234 0.9742 " />
										</IndexedTriangleSet>
									</Shape>
								</Group>
							</Transform>
							<Transform DEF="Cube_062_TRANSFORM"
							           translation="-0.018066 0.037577 0.000401"
							           scale="1.000000 1.000000 1.000000"
							           rotation="0.000000 1.000000 0.000000 0.000000"
							           >
								<Transform DEF="Cube_062_ifs_TRANSFORM"
								           translation="0.000000 0.000000 0.000000"
								           scale="1.000000 1.000000 1.000000"
								           rotation="0.000000 1.000000 0.000000 0.000000"
								           >
									<Group DEF="group_ME_Cube_061">
										<Shape>
											<Appearance>
												<Material USE="MA_Body" />
											</Appearance>
											<IndexedTriangleSet solid="false"
											                    normalPerVertex="true"
											                    index="0 1 2 0 2 3 4 5 6 4 6 7 8 9 10 8 10 11 12 13 14 12 14 15 4 13 16 4 16 17 18 19 14 18 14 7 "
											                    >
												<Coordinate point="0.000000 -0.345316 -0.121490 0.000000 0.345316 -0.121490 0.000000 0.345316 0.121490 0.000000 -0.345316 0.121490 0.000000 0.345316 -0.121490 -0.248639 0.345316 -0.121490 -0.248639 0.345316 0.121490 0.000000 0.345316 0.121490 -0.248639 0.345316 -0.121490 -0.248639 -0.345316 -0.121490 -0.248639 -0.345316 0.121490 -0.248639 0.345316 0.121490 -0.248639 -0.345316 -0.121490 0.000000 -0.345316 -0.121490 0.000000 -0.345316 0.121490 -0.248639 -0.345316 0.121490 -0.248639 -0.345316 -0.121490 -0.248639 0.345316 -0.121490 -0.248639 0.345316 0.121490 -0.248639 -0.345316 0.121490 " />
												<Normal vector="0.577349 -0.577349 -0.577349 0.577349 0.577349 -0.577349 0.577349 0.577349 0.577349 0.577349 -0.577349 0.577349 0.577349 0.577349 -0.577349 -0.577349 0.577349 -0.577349 -0.577349 0.577349 0.577349 0.577349 0.577349 0.577349 -0.577349 0.577349 -0.577349 -0.577349 -0.577349 -0.577349 -0.577349 -0.577349 0.577349 -0.577349 0.577349 0.577349 -0.577349 -0.577349 -0.577349 0.577349 -0.577349 -0.577349 0.577349 -0.577349 0.577349 -0.577349 -0.577349 0.577349 -0.577349 -0.577349 -0.577349 -0.577349 0.577349 -0.577349 -0.577349 0.577349 0.577349 -0.577349 -0.577349 0.577349 " />
												<TextureCoordinate point="0.0219 0.8188 0.0219 0.9808 0.2285 0.9808 0.2285 0.8188 0.0219 0.8188 0.0219 0.9808 0.2285 0.9808 0.2285 0.8188 0.0219 0.8188 0.0219 0.9808 0.2285 0.9808 0.2285 0.8188 0.0219 0.8188 0.0219 0.9808 0.2285 0.9808 0.2285 0.8188 0.2285 0.9808 0.2285 0.8188 0.0219 0.8188 0.0219 0.9808 " />
											</IndexedTriangleSet>
										</Shape>
									</Group>
								</Transform>
							</Transform>
						</Transform>
						<Transform DEF="Cube_063_TRANSFORM"
						           translation="-0.058302 -0.909926 0.468178"
						           scale="1.000000 1.000000 1.000000"
						           rotation="0.000000 1.000000 0.000000 0.000000"
						           >
							<Transform DEF="Cube_063_ifs_TRANSFORM"
							           translation="0.000000 0.000000 0.000000"
							           scale="1.000000 1.000000 1.000000"
							           rotation="0.000000 1.000000 0.000000 0.000000"
							           >
								<Group DEF="group_ME_Cube_060">
									<Shape>
										<Appearance>
											<Material USE="MA_Body" />
										</Appearance>
										<IndexedTriangleSet solid="false"
										                    normalPerVertex="true"
										                    index="0 1 2 0 2 3 4 5 6 4 6 7 8 9 10 8 10 11 12 13 14 12 14 15 4 13 16 4 16 17 18 19 14 18 14 7 "
										                    >
											<Coordinate point="-0.096851 0.201409 0.011579 -0.106354 0.183053 0.072527 0.028969 0.015878 0.043278 0.038472 0.034234 -0.017670 -0.106354 0.183053 0.072527 -0.173795 0.132942 0.046919 -0.038472 -0.034234 0.017670 0.028969 0.015878 0.043278 -0.173795 0.132942 0.046919 -0.164292 0.151297 -0.014028 -0.028969 -0.015878 -0.043278 -0.038472 -0.034234 0.017670 -0.164292 0.151297 -0.014028 -0.096851 0.201409 0.011579 0.038472 0.034234 -0.017670 -0.028969 -0.015878 -0.043278 -0.164292 0.151297 -0.014028 -0.173795 0.132942 0.046919 -0.038472 -0.034234 0.017670 -0.028969 -0.015878 -0.043278 " />
											<Normal vector="0.168584 0.938688 -0.300638 -0.001892 0.609363 0.792871 0.717978 -0.279946 0.637257 0.888455 0.049379 -0.456221 -0.001892 0.609363 0.792871 -0.888455 -0.049379 0.456221 -0.168584 -0.938688 0.300638 0.717978 -0.279946 0.637257 -0.888455 -0.049379 0.456221 -0.717978 0.279946 -0.637257 0.001892 -0.609363 -0.792871 -0.168584 -0.938688 0.300638 -0.717978 0.279946 -0.637257 0.168584 0.938688 -0.300638 0.888455 0.049379 -0.456221 0.001892 -0.609363 -0.792871 -0.717978 0.279946 -0.637257 -0.888455 -0.049379 0.456221 -0.168584 -0.938688 0.300638 0.001892 -0.609363 -0.792871 " />
											<TextureCoordinate point="0.0301 0.5222 0.0301 0.6759 0.2263 0.6759 0.2263 0.5222 0.0301 0.5222 0.0301 0.6759 0.2263 0.6759 0.2263 0.5222 0.0301 0.5222 0.0301 0.6759 0.2263 0.6759 0.2263 0.5222 0.0301 0.5222 0.0301 0.6759 0.2263 0.6759 0.2263 0.5222 0.2263 0.6759 0.2263 0.5222 0.0301 0.5222 0.0301 0.6759 " />
										</IndexedTriangleSet>
									</Shape>
								</Group>
							</Transform>
						</Transform>
						<Transform DEF="Cube_064_TRANSFORM"
						           translation="-0.076725 -0.918952 0.412346"
						           scale="1.000000 1.000000 1.000000"
						           rotation="0.000000 1.000000 0.000000 0.000000"
						           >
							<Transform DEF="Cube_064_ifs_TRANSFORM"
							           translation="0.000000 0.000000 0.000000"
							           scale="1.000000 1.000000 1.000000"
							           rotation="0.000000 1.000000 0.000000 0.000000"
							           >
								<Group DEF="group_ME_Cube_059">
									<Shape>
										<Appearance>
											<Material USE="MA_Body" />
										</Appearance>
										<IndexedTriangleSet solid="false"
										                    normalPerVertex="true"
										                    index="0 1 2 0 2 3 4 5 6 4 6 7 8 9 10 8 10 11 12 13 14 12 14 15 4 13 16 4 16 17 18 19 14 18 14 7 "
										                    >
											<Coordinate point="-0.045844 0.106396 -0.046362 -0.067215 0.104157 0.014302 -0.001484 0.005717 0.033826 0.019887 0.007956 -0.026838 -0.067215 0.104157 0.014302 -0.085617 0.090484 0.007315 -0.019887 -0.007956 0.026838 -0.001484 0.005717 0.033826 -0.085617 0.090484 0.007315 -0.064246 0.092722 -0.053349 0.001484 -0.005717 -0.033826 -0.019887 -0.007956 0.026838 -0.064246 0.092722 -0.053349 -0.045844 0.106396 -0.046362 0.019887 0.007956 -0.026838 0.001484 -0.005717 -0.033826 -0.064246 0.092722 -0.053349 -0.085617 0.090484 0.007315 -0.019887 -0.007956 0.026838 0.001484 -0.005717 -0.033826 " />
											<Normal vector="0.318674 0.823206 -0.469832 -0.064760 0.783044 0.618549 0.567888 -0.164434 0.806482 0.951323 -0.124271 -0.281930 -0.064760 0.783044 0.618549 -0.951323 0.124271 0.281930 -0.318674 -0.823206 0.469832 0.567888 -0.164434 0.806482 -0.951323 0.124271 0.281930 -0.567888 0.164434 -0.806482 0.064760 -0.783044 -0.618549 -0.318674 -0.823206 0.469832 -0.567888 0.164434 -0.806482 0.318674 0.823206 -0.469832 0.951323 -0.124271 -0.281930 0.064760 -0.783044 -0.618549 -0.567888 0.164434 -0.806482 -0.951323 0.124271 0.281930 -0.318674 -0.823206 0.469832 0.064760 -0.783044 -0.618549 " />
											<TextureCoordinate point="0.0301 0.5222 0.0301 0.6759 0.2263 0.6759 0.2263 0.5222 0.0301 0.5222 0.0301 0.6759 0.2263 0.6759 0.2263 0.5222 0.0301 0.5222 0.0301 0.6759 0.2263 0.6759 0.2263 0.5222 0.0301 0.5222 0.0301 0.6759 0.2263 0.6759 0.2263 0.5222 0.2263 0.6759 0.2263 0.5222 0.0301 0.5222 0.0301 0.6759 " />
										</IndexedTriangleSet>
									</Shape>
								</Group>
							</Transform>
						</Transform>
						<Transform DEF="mouth_TRANSFORM"
						           translation="0.000000 -0.333153 0.169030"
						           scale="1.000000 1.000000 1.000000"
						           rotation="0.000000 1.000000 0.000000 0.000000"
						           >
							<Transform DEF="mouth_ifs_TRANSFORM"
							           translation="0.000000 0.000000 0.000000"
							           scale="1.000000 1.000000 1.000000"
							           rotation="0.000000 1.000000 0.000000 0.000000"
							           >
								<Group DEF="group_ME_mouth">
									<Shape>
										<Appearance>
											<Material USE="MA_Body" />
										</Appearance>
										<IndexedTriangleSet solid="false"
										                    normalPerVertex="true"
										                    index="0 1 2 0 2 3 4 5 6 4 6 7 8 9 10 8 10 11 12 13 14 12 14 15 16 17 18 16 18 19 20 21 14 20 14 22 23 24 25 23 25 26 27 28 29 27 29 30 31 32 33 31 33 34 32 16 19 32 19 33 35 36 37 35 37 38 39 40 41 39 41 42 43 21 44 43 44 45 45 44 5 45 5 4 46 45 4 46 4 47 31 43 45 31 45 46 48 38 12 48 12 49 50 35 38 50 38 48 49 12 15 49 15 34 51 8 11 51 11 52 47 4 7 47 7 53 54 0 3 54 3 55 "
										                    >
											<Coordinate point="-0.170304 -0.165108 0.078357 -0.170304 -0.163526 0.096715 -0.170304 0.007067 0.082015 -0.170304 0.005485 0.063658 0.105773 0.005485 0.063658 0.105773 0.007067 0.082015 0.170304 0.007067 0.082015 0.170304 0.005485 0.063658 0.170304 0.005485 0.063658 0.170304 0.007067 0.082015 0.170304 -0.163526 0.096715 0.170304 -0.165108 0.078357 -0.105773 -0.165108 0.078357 -0.105773 -0.163526 0.096715 -0.170304 -0.163526 0.096715 -0.170304 -0.165108 0.078357 0.105773 -0.007067 -0.082015 0.170304 -0.007067 -0.082015 0.170304 -0.177660 -0.067316 0.105773 -0.177660 -0.067316 -0.105773 0.007067 0.082015 -0.170304 0.007067 0.082015 -0.105773 -0.163526 0.096715 0.170304 0.007067 0.082015 0.105773 0.007067 0.082015 0.105773 -0.163526 0.096715 0.170304 -0.163526 0.096715 0.105773 0.007067 0.082015 -0.105773 0.007067 0.082015 -0.105773 -0.163526 0.096715 0.105773 -0.163526 0.096715 -0.170304 -0.007067 -0.082015 -0.105773 -0.007067 -0.082015 -0.105773 -0.177660 -0.067316 -0.170304 -0.177660 -0.067316 0.170304 -0.165108 0.078357 0.170304 -0.163526 0.096715 0.105773 -0.163526 0.096715 0.105773 -0.165108 0.078357 0.105773 -0.165108 0.078357 0.105773 -0.163526 0.096715 -0.105773 -0.163526 0.096715 -0.105773 -0.165108 0.078357 -0.170304 0.005485 0.063658 -0.105773 0.007067 0.082015 -0.105773 0.005485 0.063658 -0.105773 -0.007067 -0.082015 0.105773 -0.007067 -0.082015 0.105773 -0.177660 -0.067316 -0.105773 -0.177660 -0.067316 0.170304 -0.177660 -0.067316 0.170304 -0.007067 -0.082015 0.170304 -0.177660 -0.067316 0.170304 -0.007067 -0.082015 -0.170304 -0.177660 -0.067316 -0.170304 -0.007067 -0.082015 " />
											<Normal vector="-0.707083 -0.704489 0.060701 -0.577349 -0.525651 0.624775 -0.577349 0.624775 0.525651 -0.707083 0.704489 -0.060701 0.000000 0.996307 -0.085849 0.000000 0.765191 0.643788 0.577349 0.624775 0.525651 0.707083 0.704489 -0.060701 0.707083 0.704489 -0.060701 0.577349 0.624775 0.525651 0.577349 -0.525651 0.624775 0.707083 -0.704489 0.060701 0.000000 -0.996307 0.085849 0.000000 -0.643788 0.765191 -0.577349 -0.525651 0.624775 -0.707083 -0.704489 0.060701 0.000000 0.643788 -0.765191 0.577349 0.525651 -0.624775 0.577349 -0.624775 -0.525651 0.000000 -0.765191 -0.643788 0.000000 0.765191 0.643788 -0.577349 0.624775 0.525651 0.000000 -0.643788 0.765191 0.577349 0.624775 0.525651 0.000000 0.765191 0.643788 0.000000 -0.643788 0.765191 0.577349 -0.525651 0.624775 0.000000 0.765191 0.643788 0.000000 0.765191 0.643788 0.000000 -0.643788 0.765191 0.000000 -0.643788 0.765191 -0.577349 0.525651 -0.624775 0.000000 0.643788 -0.765191 0.000000 -0.765191 -0.643788 -0.577349 -0.624775 -0.525651 0.707083 -0.704489 0.060701 0.577349 -0.525651 0.624775 0.000000 -0.643788 0.765191 0.000000 -0.996307 0.085849 0.000000 -0.996307 0.085849 0.000000 -0.643788 0.765191 0.000000 -0.643788 0.765191 0.000000 -0.996307 0.085849 -0.707083 0.704489 -0.060701 0.000000 0.765191 0.643788 0.000000 0.996307 -0.085849 0.000000 0.643788 -0.765191 0.000000 0.643788 -0.765191 0.000000 -0.765191 -0.643788 0.000000 -0.765191 -0.643788 0.577349 -0.624775 -0.525651 0.577349 0.525651 -0.624775 0.577349 -0.624775 -0.525651 0.577349 0.525651 -0.624775 -0.577349 -0.624775 -0.525651 -0.577349 0.525651 -0.624775 " />
											<TextureCoordinate point="0.3578 0.8487 0.4441 0.8487 0.4441 0.9657 0.3578 0.9657 0.3578 0.9267 0.4441 0.9267 0.4441 0.9657 0.3578 0.9657 0.3578 0.8487 0.4441 0.8487 0.4441 0.9657 0.3578 0.9657 0.3578 0.9267 0.4441 0.9267 0.4441 0.9657 0.3578 0.9657 0.3866 0.8487 0.4441 0.8487 0.4441 0.9657 0.3866 0.9657 0.3866 0.8487 0.4441 0.8487 0.3866 0.9657 0.2716 0.8487 0.3291 0.8487 0.3291 0.9657 0.2716 0.9657 0.2974 0.5360 0.3549 0.5360 0.3549 0.5842 0.2974 0.5842 0.2716 0.8487 0.3291 0.8487 0.3291 0.9657 0.2716 0.9657 0.3578 0.8487 0.4441 0.8487 0.4441 0.8877 0.3578 0.8877 0.3261 0.5521 0.4124 0.5521 0.4124 0.5681 0.3261 0.5681 0.3578 0.8487 0.4441 0.8877 0.3578 0.8877 0.2716 0.8877 0.2716 0.9267 0.2716 0.8877 0.2716 0.9267 0.2716 0.8487 0.2716 0.8487 0.2716 0.9657 0.2716 0.9657 0.2716 0.8487 0.2716 0.9657 " />
										</IndexedTriangleSet>
									</Shape>
								</Group>
							</Transform>
							<Transform DEF="Cube_060_TRANSFORM"
							           translation="0.000000 -0.149807 0.029388"
							           scale="1.000000 1.000000 1.000000"
							           rotation="0.000000 1.000000 0.000000 0.000000"
							           >
								<Transform DEF="Cube_060_ifs_TRANSFORM"
								           translation="0.000000 0.000000 0.000000"
								           scale="1.000000 1.000000 1.000000"
								           rotation="0.000000 1.000000 0.000000 0.000000"
								           >
									<Group DEF="group_ME_Cube_065">
										<Shape>
											<Appearance>
												<Material USE="MA_Body" />
											</Appearance>
											<IndexedTriangleSet solid="false"
											                    normalPerVertex="true"
											                    index="0 1 2 0 2 3 4 5 6 4 6 7 8 9 10 8 10 11 12 13 14 12 14 15 16 17 18 16 18 19 20 1 14 20 14 21 22 23 24 22 24 25 23 20 21 23 21 24 0 26 27 0 27 15 26 16 19 26 19 27 28 29 30 28 30 31 31 30 13 31 13 12 32 33 34 32 34 35 35 34 5 35 5 4 36 37 16 36 16 26 32 36 26 32 26 0 38 39 40 38 40 41 42 43 23 42 23 22 44 33 1 44 1 20 37 45 17 37 17 16 46 47 9 46 9 8 48 49 1 48 1 0 "
											                    >
												<Coordinate point="-0.122255 -0.123225 -0.032712 -0.122255 -0.106814 0.069609 -0.122255 0.008206 0.051161 -0.122255 -0.008206 -0.051161 0.068990 -0.008206 -0.051161 0.068990 0.008206 0.051161 0.122255 0.008206 0.051161 0.122255 -0.008206 -0.051161 0.122255 -0.123225 -0.032712 0.122255 -0.106814 0.069609 0.122255 -0.162797 0.078589 0.122255 -0.179209 -0.023733 -0.068990 -0.179209 -0.023733 -0.068990 -0.162797 0.078589 -0.122255 -0.162797 0.078589 -0.122255 -0.179209 -0.023733 0.068990 -0.123225 -0.032712 0.122255 -0.123225 -0.032712 0.122255 -0.179209 -0.023733 0.068990 -0.179209 -0.023733 -0.068990 -0.106814 0.069609 -0.068990 -0.162797 0.078589 0.122255 -0.106814 0.069609 0.068990 -0.106814 0.069609 0.068990 -0.162797 0.078589 0.122255 -0.162797 0.078589 -0.068990 -0.123225 -0.032712 -0.068990 -0.179209 -0.023733 0.122255 -0.179209 -0.023733 0.122255 -0.162797 0.078589 0.068990 -0.162797 0.078589 0.068990 -0.179209 -0.023733 -0.122255 -0.008206 -0.051161 -0.122255 0.008206 0.051161 -0.068990 0.008206 0.051161 -0.068990 -0.008206 -0.051161 -0.068990 -0.008206 -0.051161 0.068990 -0.008206 -0.051161 0.068990 0.008206 0.051161 -0.068990 0.008206 0.051161 -0.068990 -0.106814 0.069609 0.068990 -0.106814 0.069609 0.122255 0.008206 0.051161 0.068990 0.008206 0.051161 -0.068990 0.008206 0.051161 0.122255 -0.008206 -0.051161 0.122255 -0.008206 -0.051161 0.122255 0.008206 0.051161 -0.122255 -0.179209 -0.023733 -0.122255 -0.162797 0.078589 " />
												<Normal vector="-0.707083 -0.111972 -0.698172 -0.707083 0.111972 0.698172 -0.577349 0.661489 0.478622 -0.577349 0.478622 -0.661489 0.000000 0.586169 -0.810144 0.000000 0.810144 0.586169 0.577349 0.661489 0.478622 0.577349 0.478622 -0.661489 0.707083 -0.111972 -0.698172 0.707083 0.111972 0.698172 0.577349 -0.478622 0.661489 0.577349 -0.661489 -0.478622 0.000000 -0.810144 -0.586169 0.000000 -0.586169 0.810144 -0.577349 -0.478622 0.661489 -0.577349 -0.661489 -0.478622 0.000000 -0.158361 -0.987365 0.707083 -0.111972 -0.698172 0.577349 -0.661489 -0.478622 0.000000 -0.810144 -0.586169 0.000000 0.158361 0.987365 0.000000 -0.586169 0.810144 0.707083 0.111972 0.698172 0.000000 0.158361 0.987365 0.000000 -0.586169 0.810144 0.577349 -0.478622 0.661489 0.000000 -0.158361 -0.987365 0.000000 -0.810144 -0.586169 0.577349 -0.661489 -0.478622 0.577349 -0.478622 0.661489 0.000000 -0.586169 0.810144 0.000000 -0.810144 -0.586169 -0.577349 0.478622 -0.661489 -0.577349 0.661489 0.478622 0.000000 0.810144 0.586169 0.000000 0.586169 -0.810144 0.000000 0.586169 -0.810144 0.000000 0.586169 -0.810144 0.000000 0.810144 0.586169 0.000000 0.810144 0.586169 0.000000 0.158361 0.987365 0.000000 0.158361 0.987365 0.577349 0.661489 0.478622 0.000000 0.810144 0.586169 0.000000 0.810144 0.586169 0.577349 0.478622 -0.661489 0.577349 0.478622 -0.661489 0.577349 0.661489 0.478622 -0.577349 -0.661489 -0.478622 -0.577349 -0.478622 0.661489 " />
												<TextureCoordinate point="0.2716 0.9072 0.4441 0.9072 0.4441 0.9657 0.2716 0.9657 0.2716 0.9267 0.4441 0.9267 0.4441 0.9657 0.2716 0.9657 0.2716 0.9072 0.4441 0.9072 0.4441 0.9657 0.2716 0.9657 0.2716 0.9267 0.4441 0.9267 0.4441 0.9657 0.2716 0.9657 0.3866 0.9072 0.4441 0.9072 0.4441 0.9657 0.3866 0.9657 0.3866 0.9072 0.3866 0.9657 0.2716 0.9072 0.3291 0.9072 0.3291 0.9657 0.2716 0.9657 0.3291 0.9072 0.3291 0.9657 0.2716 0.8487 0.4441 0.8487 0.4441 0.8877 0.2716 0.8877 0.2716 0.8487 0.4441 0.8487 0.4441 0.8877 0.2716 0.8877 0.3291 0.8487 0.3866 0.8487 0.3315 0.5406 0.4334 0.5406 0.4334 0.5833 0.3315 0.5833 0.2716 0.8487 0.3291 0.8487 0.3866 0.8487 0.4441 0.8487 0.2716 0.8487 0.4441 0.8487 0.2716 0.8487 0.4441 0.8487 " />
											</IndexedTriangleSet>
										</Shape>
									</Group>
								</Transform>
							</Transform>
							<Transform DEF="Plane_TRANSFORM"
							           translation="0.136701 -0.091082 0.081644"
							           scale="1.000000 1.000000 1.000000"
							           rotation="0.000000 1.000000 0.000000 0.000000"
							           >
								<Transform DEF="Plane_ifs_TRANSFORM"
								           translation="0.000000 0.000000 0.000000"
								           scale="1.000000 1.000000 1.000000"
								           rotation="0.000000 1.000000 0.000000 0.000000"
								           >
									<Group DEF="group_ME_Plane">
										<Shape>
											<Appearance>
												<Material USE="MA_Body" />
											</Appearance>
											<IndexedTriangleSet solid="false"
											                    normalPerVertex="true"
											                    index="0 1 2 0 2 3 "
											                    >
												<Coordinate point="-0.011867 -0.014898 0.086605 -0.009071 -0.021141 0.001249 0.009071 0.021141 -0.001249 0.006275 0.027383 0.084106 " />
												<Normal vector="0.918638 -0.390667 0.058657 0.918638 -0.390667 0.058657 0.918638 -0.390667 0.058657 0.918638 -0.390667 0.058657 " />
												<TextureCoordinate point="0.3046 0.7033 0.4389 0.7033 0.4389 0.7889 0.3046 0.7889 " />
											</IndexedTriangleSet>
										</Shape>
									</Group>
								</Transform>
							</Transform>
							<Transform DEF="Plane_001_TRANSFORM"
							           translation="0.112684 -0.160469 0.085932"
							           scale="1.000000 1.000000 1.000000"
							           rotation="0.000000 1.000000 0.000000 0.000000"
							           >
								<Transform DEF="Plane_001_ifs_TRANSFORM"
								           translation="0.000000 0.000000 0.000000"
								           scale="1.000000 1.000000 1.000000"
								           rotation="0.000000 1.000000 0.000000 0.000000"
								           >
									<Group DEF="group_ME_Plane_001">
										<Shape>
											<Appearance>
												<Material USE="MA_Body" />
											</Appearance>
											<IndexedTriangleSet solid="false"
											                    normalPerVertex="true"
											                    index="0 1 2 0 2 3 "
											                    >
												<Coordinate point="-0.011619 -0.015450 0.079052 -0.009071 -0.021141 0.001249 0.009071 0.021141 -0.001249 0.006522 0.026831 0.076554 " />
												<Normal vector="0.918638 -0.390667 0.058657 0.918638 -0.390667 0.058657 0.918638 -0.390667 0.058657 0.918638 -0.390667 0.058657 " />
												<TextureCoordinate point="0.2703 0.7093 0.4648 0.7093 0.4648 0.7901 0.2703 0.7901 " />
											</IndexedTriangleSet>
										</Shape>
									</Group>
								</Transform>
							</Transform>
							<Transform DEF="Plane_002_TRANSFORM"
							           translation="0.076265 -0.224889 0.085913"
							           scale="1.000000 1.000000 1.000000"
							           rotation="0.000000 1.000000 0.000000 0.000000"
							           >
								<Transform DEF="Plane_002_ifs_TRANSFORM"
								           translation="0.000000 0.000000 0.000000"
								           scale="1.000000 1.000000 1.000000"
								           rotation="0.000000 1.000000 0.000000 0.000000"
								           >
									<Group DEF="group_ME_Plane_002">
										<Shape>
											<Appearance>
												<Material USE="MA_Body" />
											</Appearance>
											<IndexedTriangleSet solid="false"
											                    normalPerVertex="true"
											                    index="0 1 2 0 2 3 "
											                    >
												<Coordinate point="-0.014937 -0.009698 0.089131 -0.015242 -0.020272 0.002529 0.015242 0.020272 -0.002529 0.015548 0.030847 0.084073 " />
												<Normal vector="0.801477 -0.593921 0.069674 0.801477 -0.593921 0.069674 0.801477 -0.593921 0.069674 0.801477 -0.593921 0.069674 " />
												<TextureCoordinate point="0.2703 0.7093 0.4648 0.7093 0.4648 0.7901 0.2703 0.7901 " />
											</IndexedTriangleSet>
										</Shape>
									</Group>
								</Transform>
							</Transform>
							<Transform DEF="Plane_007_TRANSFORM"
							           translation="-0.136701 -0.091082 0.081644"
							           scale="1.000000 1.000000 1.000000"
							           rotation="0.000000 1.000000 0.000000 0.000000"
							           >
								<Transform DEF="Plane_007_ifs_TRANSFORM"
								           translation="0.000000 0.000000 0.000000"
								           scale="1.000000 1.000000 1.000000"
								           rotation="0.000000 1.000000 0.000000 0.000000"
								           >
									<Group DEF="group_ME_Plane_007">
										<Shape>
											<Appearance>
												<Material USE="MA_Body" />
											</Appearance>
											<IndexedTriangleSet solid="false"
											                    normalPerVertex="true"
											                    index="0 1 2 0 2 3 "
											                    >
												<Coordinate point="0.011867 -0.014898 0.086605 -0.006275 0.027383 0.084106 -0.009071 0.021141 -0.001249 0.009071 -0.021141 0.001249 " />
												<Normal vector="-0.918638 -0.390667 0.058657 -0.918638 -0.390667 0.058657 -0.918638 -0.390667 0.058657 -0.918638 -0.390667 0.058657 " />
												<TextureCoordinate point="0.2703 0.7093 0.2703 0.7901 0.4648 0.7901 0.4648 0.7093 " />
											</IndexedTriangleSet>
										</Shape>
									</Group>
								</Transform>
							</Transform>
							<Transform DEF="Plane_008_TRANSFORM"
							           translation="-0.112684 -0.160469 0.085932"
							           scale="1.000000 1.000000 1.000000"
							           rotation="0.000000 1.000000 0.000000 0.000000"
							           >
								<Transform DEF="Plane_008_ifs_TRANSFORM"
								           translation="0.000000 0.000000 0.000000"
								           scale="1.000000 1.000000 1.000000"
								           rotation="0.000000 1.000000 0.000000 0.000000"
								           >
									<Group DEF="group_ME_Plane_008">
										<Shape>
											<Appearance>
												<Material USE="MA_Body" />
											</Appearance>
											<IndexedTriangleSet solid="false"
											                    normalPerVertex="true"
											                    index="0 1 2 0 2 3 "
											                    >
												<Coordinate point="0.011619 -0.015450 0.079052 -0.006522 0.026831 0.076554 -0.009071 0.021141 -0.001249 0.009071 -0.021141 0.001249 " />
												<Normal vector="-0.918638 -0.390667 0.058657 -0.918638 -0.390667 0.058657 -0.918638 -0.390667 0.058657 -0.918638 -0.390667 0.058657 " />
												<TextureCoordinate point="0.2703 0.7093 0.2703 0.7901 0.4648 0.7901 0.4648 0.7093 " />
											</IndexedTriangleSet>
										</Shape>
									</Group>
								</Transform>
							</Transform>
							<Transform DEF="Plane_009_TRANSFORM"
							           translation="-0.076265 -0.224889 0.085913"
							           scale="1.000000 1.000000 1.000000"
							           rotation="0.000000 1.000000 0.000000 0.000000"
							           >
								<Transform DEF="Plane_009_ifs_TRANSFORM"
								           translation="0.000000 0.000000 0.000000"
								           scale="1.000000 1.000000 1.000000"
								           rotation="0.000000 1.000000 0.000000 0.000000"
								           >
									<Group DEF="group_ME_Plane_009">
										<Shape>
											<Appearance>
												<Material USE="MA_Body" />
											</Appearance>
											<IndexedTriangleSet solid="false"
											                    normalPerVertex="true"
											                    index="0 1 2 0 2 3 "
											                    >
												<Coordinate point="0.014937 -0.009698 0.089131 -0.015548 0.030847 0.084073 -0.015242 0.020272 -0.002529 0.015242 -0.020272 0.002529 " />
												<Normal vector="-0.801477 -0.593921 0.069674 -0.801477 -0.593921 0.069674 -0.801477 -0.593921 0.069674 -0.801477 -0.593921 0.069674 " />
												<TextureCoordinate point="0.2703 0.7093 0.2703 0.7901 0.4648 0.7901 0.4648 0.7093 " />
											</IndexedTriangleSet>
										</Shape>
									</Group>
								</Transform>
							</Transform>
						</Transform>
						<Transform DEF="Plane_003_TRANSFORM"
						           translation="0.159549 -0.532757 0.278715"
						           scale="1.000000 1.000000 1.000000"
						           rotation="0.000000 1.000000 0.000000 0.000000"
						           >
							<Transform DEF="Plane_003_ifs_TRANSFORM"
							           translation="0.000000 0.000000 0.000000"
							           scale="1.000000 1.000000 1.000000"
							           rotation="0.000000 1.000000 0.000000 0.000000"
							           >
								<Group DEF="group_ME_Plane_003">
									<Shape>
										<Appearance>
											<Material USE="MA_Body" />
										</Appearance>
										<IndexedTriangleSet solid="false"
										                    normalPerVertex="true"
										                    index="0 1 2 0 2 3 "
										                    >
											<Coordinate point="-0.011703 0.021163 -0.073484 0.010286 0.025007 -0.004685 -0.010286 -0.025007 0.004685 -0.032274 -0.028852 -0.064115 " />
											<Normal vector="0.875820 -0.408399 -0.257088 0.875820 -0.408399 -0.257088 0.875820 -0.408399 -0.257088 0.875820 -0.408399 -0.257088 " />
											<TextureCoordinate point="0.2703 0.7093 0.4648 0.7093 0.4648 0.7901 0.2703 0.7901 " />
										</IndexedTriangleSet>
									</Shape>
								</Group>
							</Transform>
						</Transform>
						<Transform DEF="Plane_004_TRANSFORM"
						           translation="0.138358 -0.605184 0.289011"
						           scale="1.000000 1.000000 1.000000"
						           rotation="0.000000 1.000000 0.000000 0.000000"
						           >
							<Transform DEF="Plane_004_ifs_TRANSFORM"
							           translation="0.000000 0.000000 0.000000"
							           scale="1.000000 1.000000 1.000000"
							           rotation="0.000000 1.000000 0.000000 0.000000"
							           >
								<Group DEF="group_ME_Plane_004">
									<Shape>
										<Appearance>
											<Material USE="MA_Body" />
										</Appearance>
										<IndexedTriangleSet solid="false"
										                    normalPerVertex="true"
										                    index="0 1 2 0 2 3 "
										                    >
											<Coordinate point="-0.002172 0.013601 -0.077765 0.006468 0.022188 -0.003310 -0.006468 -0.022188 0.003310 -0.015109 -0.030776 -0.071146 " />
											<Normal vector="0.953978 -0.289621 -0.077303 0.953978 -0.289621 -0.077303 0.953978 -0.289621 -0.077303 0.953978 -0.289621 -0.077303 " />
											<TextureCoordinate point="0.2703 0.7093 0.4648 0.7093 0.4648 0.7901 0.2703 0.7901 " />
										</IndexedTriangleSet>
									</Shape>
								</Group>
							</Transform>
						</Transform>
						<Transform DEF="Plane_005_TRANSFORM"
						           translation="-0.159549 -0.532757 0.278715"
						           scale="1.000000 1.000000 1.000000"
						           rotation="0.000000 1.000000 0.000000 0.000000"
						           >
							<Transform DEF="Plane_005_ifs_TRANSFORM"
							           translation="0.000000 0.000000 0.000000"
							           scale="1.000000 1.000000 1.000000"
							           rotation="0.000000 1.000000 0.000000 0.000000"
							           >
								<Group DEF="group_ME_Plane_005">
									<Shape>
										<Appearance>
											<Material USE="MA_Body" />
										</Appearance>
										<IndexedTriangleSet solid="false"
										                    normalPerVertex="true"
										                    index="0 1 2 0 2 3 "
										                    >
											<Coordinate point="0.011703 0.021163 -0.073484 0.032274 -0.028852 -0.064115 0.010286 -0.025007 0.004685 -0.010286 0.025007 -0.004685 " />
											<Normal vector="-0.875820 -0.408399 -0.257088 -0.875820 -0.408399 -0.257088 -0.875820 -0.408399 -0.257088 -0.875820 -0.408399 -0.257088 " />
											<TextureCoordinate point="0.2703 0.7093 0.2703 0.7901 0.4648 0.7901 0.4648 0.7093 " />
										</IndexedTriangleSet>
									</Shape>
								</Group>
							</Transform>
						</Transform>
						<Transform DEF="Plane_006_TRANSFORM"
						           translation="-0.138358 -0.605184 0.289011"
						           scale="1.000000 1.000000 1.000000"
						           rotation="0.000000 1.000000 0.000000 0.000000"
						           >
							<Transform DEF="Plane_006_ifs_TRANSFORM"
							           translation="0.000000 0.000000 0.000000"
							           scale="1.000000 1.000000 1.000000"
							           rotation="0.000000 1.000000 0.000000 0.000000"
							           >
								<Group DEF="group_ME_Plane_006">
									<Shape>
										<Appearance>
											<Material USE="MA_Body" />
										</Appearance>
										<IndexedTriangleSet solid="false"
										                    normalPerVertex="true"
										                    index="0 1 2 0 2 3 "
										                    >
											<Coordinate point="0.002172 0.013601 -0.077765 0.015109 -0.030776 -0.071146 0.006468 -0.022188 0.003310 -0.006468 0.022188 -0.003310 " />
											<Normal vector="-0.953978 -0.289621 -0.077303 -0.953978 -0.289621 -0.077303 -0.953978 -0.289621 -0.077303 -0.953978 -0.289621 -0.077303 " />
											<TextureCoordinate point="0.2703 0.7093 0.2703 0.7901 0.4648 0.7901 0.4648 0.7093 " />
										</IndexedTriangleSet>
									</Shape>
								</Group>
							</Transform>
						</Transform>
						<Transform DEF="Cube_076_TRANSFORM"
						           translation="0.671408 -0.480755 0.542916"
						           scale="1.000000 1.000000 1.000000"
						           rotation="0.000000 1.000000 0.000000 0.000000"
						           >
							<Transform DEF="Cube_076_ifs_TRANSFORM"
							           translation="0.000000 0.000000 0.000000"
							           scale="1.000000 1.000000 1.000000"
							           rotation="0.000000 1.000000 0.000000 0.000000"
							           >
								<Group DEF="group_ME_Cube_075">
									<Shape>
										<Appearance>
											<Material USE="MA_Body" />
										</Appearance>
										<IndexedTriangleSet solid="false"
										                    normalPerVertex="true"
										                    index="0 1 2 0 2 3 4 5 6 4 6 7 8 9 10 8 10 11 12 13 14 12 14 15 4 16 17 4 17 15 18 5 14 18 14 19 "
										                    >
											<Coordinate point="0.010102 -0.071968 -0.019783 0.004111 -0.072537 0.019854 -0.010102 0.071968 0.019783 -0.004111 0.072537 -0.019854 -0.004111 0.072537 -0.019854 -0.010102 0.071968 0.019783 0.271204 0.099658 0.062700 0.277195 0.100228 0.023064 0.277195 0.100228 0.023064 0.271204 0.099658 0.062700 0.285418 -0.044846 0.062772 0.291409 -0.044277 0.023135 0.291409 -0.044277 0.023135 0.285418 -0.044846 0.062772 0.004111 -0.072537 0.019854 0.010102 -0.071968 -0.019783 0.277195 0.100228 0.023064 0.291409 -0.044277 0.023135 0.271204 0.099658 0.062700 0.285418 -0.044846 0.062772 " />
											<Normal vector="-0.425245 -0.622272 -0.657186 -0.597797 -0.638691 0.484420 -0.710837 0.510453 0.483840 -0.538285 0.526841 -0.657735 -0.538285 0.526841 -0.657735 -0.710837 0.510453 0.483840 0.425245 0.622272 0.657186 0.597797 0.638691 -0.484420 0.597797 0.638691 -0.484420 0.425245 0.622272 0.657186 0.538285 -0.526841 0.657735 0.710837 -0.510453 -0.483840 0.710837 -0.510453 -0.483840 0.538285 -0.526841 0.657735 -0.597797 -0.638691 0.484420 -0.425245 -0.622272 -0.657186 0.597797 0.638691 -0.484420 0.710837 -0.510453 -0.483840 0.425245 0.622272 0.657186 0.538285 -0.526841 0.657735 " />
											<TextureCoordinate point="0.0155 0.8253 0.2349 0.8253 0.2349 0.9742 0.0155 0.9742 0.0155 0.8253 0.2349 0.8253 0.2349 0.9742 0.0155 0.9742 0.0155 0.8253 0.2349 0.8253 0.2349 0.9742 0.0155 0.9742 0.0155 0.8253 0.2349 0.8253 0.2349 0.9742 0.0155 0.9742 0.2349 0.8253 0.2349 0.9742 0.0155 0.8253 0.0155 0.9742 " />
										</IndexedTriangleSet>
									</Shape>
								</Group>
							</Transform>
							<Transform DEF="Cube_077_TRANSFORM"
							           translation="0.254616 0.023867 0.037393"
							           scale="1.000000 1.000000 1.000000"
							           rotation="0.000000 1.000000 0.000000 0.000000"
							           >
								<Transform DEF="Cube_077_ifs_TRANSFORM"
								           translation="0.000000 0.000000 0.000000"
								           scale="1.000000 1.000000 1.000000"
								           rotation="0.000000 1.000000 0.000000 0.000000"
								           >
									<Group DEF="group_ME_Cube_076">
										<Shape>
											<Appearance>
												<Material USE="MA_Body" />
											</Appearance>
											<IndexedTriangleSet solid="false"
											                    normalPerVertex="true"
											                    index="0 1 2 0 2 3 4 5 6 4 6 7 8 9 10 8 10 11 12 13 14 12 14 15 4 16 17 4 17 15 18 5 14 18 14 19 "
											                    >
												<Coordinate point="0.005262 -0.051446 -0.008394 0.002075 -0.050400 0.014156 -0.005964 0.059655 0.007913 -0.002777 0.058608 -0.014636 -0.002777 0.058608 -0.014636 -0.005964 0.059655 0.007913 0.251924 0.080505 0.043397 0.255112 0.079459 0.020847 0.255112 0.079459 0.020847 0.251924 0.080505 0.043397 0.259963 -0.029549 0.049639 0.263151 -0.030596 0.027090 0.263151 -0.030596 0.027090 0.259963 -0.029549 0.049639 0.002075 -0.050400 0.014156 0.005262 -0.051446 -0.008394 0.255112 0.079459 0.020847 0.263151 -0.030596 0.027090 0.251924 0.080505 0.043397 0.259963 -0.029549 0.049639 " />
												<Normal vector="-0.447401 -0.647481 -0.616901 -0.608844 -0.594470 0.525224 -0.692831 0.555284 0.460005 -0.531388 0.502304 -0.682119 -0.531388 0.502304 -0.682119 -0.692831 0.555284 0.460005 0.447401 0.647481 0.616901 0.608844 0.594470 -0.525224 0.608844 0.594470 -0.525224 0.447401 0.647481 0.616901 0.531388 -0.502304 0.682119 0.692831 -0.555284 -0.460005 0.692831 -0.555284 -0.460005 0.531388 -0.502304 0.682119 -0.608844 -0.594470 0.525224 -0.447401 -0.647481 -0.616901 0.608844 0.594470 -0.525224 0.692831 -0.555284 -0.460005 0.447401 0.647481 0.616901 0.531388 -0.502304 0.682119 " />
												<TextureCoordinate point="0.0155 0.8253 0.2349 0.8253 0.2349 0.9742 0.0155 0.9742 0.0155 0.8253 0.2349 0.8253 0.2349 0.9742 0.0155 0.9742 0.0155 0.8253 0.2349 0.8253 0.2349 0.9742 0.0155 0.9742 0.0155 0.8253 0.2349 0.8253 0.2349 0.9742 0.0155 0.9742 0.2349 0.8253 0.2349 0.9742 0.0155 0.8253 0.0155 0.9742 " />
											</IndexedTriangleSet>
										</Shape>
									</Group>
								</Transform>
								<Transform DEF="Cube_078_TRANSFORM"
								           translation="0.232388 0.027708 0.031560"
								           scale="1.000000 1.000000 1.000000"
								           rotation="0.000000 1.000000 0.000000 0.000000"
								           >
									<Transform DEF="Cube_078_ifs_TRANSFORM"
									           translation="0.000000 0.000000 0.000000"
									           scale="1.000000 1.000000 1.000000"
									           rotation="0.000000 1.000000 0.000000 0.000000"
									           >
										<Group DEF="group_ME_Cube_077">
											<Shape>
												<Appearance>
													<Material USE="MA_Body" />
												</Appearance>
												<IndexedTriangleSet solid="false"
												                    normalPerVertex="true"
												                    index="0 1 2 0 2 3 4 5 6 4 6 7 8 9 10 8 10 11 12 13 14 12 14 15 4 16 17 4 17 15 18 5 14 18 14 19 "
												                    >
													<Coordinate point="0.004479 -0.031429 -0.007335 0.001872 -0.030574 0.011109 -0.004479 0.031429 0.007335 -0.001872 0.030574 -0.011109 -0.001872 0.030574 -0.011109 -0.004479 0.031429 0.007335 0.290351 0.064073 0.047492 0.292958 0.063217 0.029048 0.292958 0.063217 0.029048 0.290351 0.064073 0.047492 0.296702 0.002070 0.051266 0.299309 0.001214 0.032823 0.299309 0.001214 0.032823 0.296702 0.002070 0.051266 0.001872 -0.030574 0.011109 0.004479 -0.031429 -0.007335 0.292958 0.063217 0.029048 0.299309 0.001214 0.032823 0.290351 0.064073 0.047492 0.296702 0.002070 0.051266 " />
													<Normal vector="-0.429212 -0.662740 -0.613605 -0.590625 -0.609760 0.528489 -0.708090 0.536821 0.458693 -0.546648 0.483810 -0.683401 -0.546648 0.483810 -0.683401 -0.708090 0.536821 0.458693 0.429212 0.662740 0.613605 0.590625 0.609760 -0.528489 0.590625 0.609760 -0.528489 0.429212 0.662740 0.613605 0.546648 -0.483810 0.683401 0.708090 -0.536821 -0.458693 0.708090 -0.536821 -0.458693 0.546648 -0.483810 0.683401 -0.590625 -0.609760 0.528489 -0.429212 -0.662740 -0.613605 0.590625 0.609760 -0.528489 0.708090 -0.536821 -0.458693 0.429212 0.662740 0.613605 0.546648 -0.483810 0.683401 " />
													<TextureCoordinate point="0.0155 0.8253 0.2349 0.8253 0.2349 0.9742 0.0155 0.9742 0.0155 0.8253 0.2349 0.8253 0.2349 0.9742 0.0155 0.9742 0.0155 0.8253 0.2349 0.8253 0.2349 0.9742 0.0155 0.9742 0.0155 0.8253 0.2349 0.8253 0.2349 0.9742 0.0155 0.9742 0.2349 0.8253 0.2349 0.9742 0.0155 0.8253 0.0155 0.9742 " />
												</IndexedTriangleSet>
											</Shape>
										</Group>
									</Transform>
								</Transform>
							</Transform>
						</Transform>
						<Transform DEF="Cube_096_TRANSFORM"
						           translation="-0.671408 -0.480755 0.542916"
						           scale="1.000000 1.000000 1.000000"
						           rotation="0.000000 1.000000 0.000000 0.000000"
						           >
							<Transform DEF="Cube_096_ifs_TRANSFORM"
							           translation="0.000000 0.000000 0.000000"
							           scale="1.000000 1.000000 1.000000"
							           rotation="0.000000 1.000000 0.000000 0.000000"
							           >
								<Group DEF="group_ME_Cube_097">
									<Shape>
										<Appearance>
											<Material USE="MA_Body" />
										</Appearance>
										<IndexedTriangleSet solid="false"
										                    normalPerVertex="true"
										                    index="0 1 2 0 2 3 4 5 6 4 6 7 8 9 10 8 10 11 12 13 14 12 14 15 4 13 16 4 16 17 18 19 14 18 14 7 "
										                    >
											<Coordinate point="-0.010102 -0.071968 -0.019783 0.004111 0.072537 -0.019854 0.010102 0.071968 0.019783 -0.004111 -0.072537 0.019854 0.004111 0.072537 -0.019854 -0.277195 0.100228 0.023064 -0.271204 0.099658 0.062700 0.010102 0.071968 0.019783 -0.277195 0.100228 0.023064 -0.291409 -0.044277 0.023135 -0.285418 -0.044846 0.062772 -0.271204 0.099658 0.062700 -0.291409 -0.044277 0.023135 -0.010102 -0.071968 -0.019783 -0.004111 -0.072537 0.019854 -0.285418 -0.044846 0.062772 -0.291409 -0.044277 0.023135 -0.277195 0.100228 0.023064 -0.271204 0.099658 0.062700 -0.285418 -0.044846 0.062772 " />
											<Normal vector="0.425245 -0.622272 -0.657186 0.538285 0.526841 -0.657735 0.710837 0.510453 0.483840 0.597797 -0.638691 0.484420 0.538285 0.526841 -0.657735 -0.597797 0.638691 -0.484420 -0.425245 0.622272 0.657186 0.710837 0.510453 0.483840 -0.597797 0.638691 -0.484420 -0.710837 -0.510453 -0.483840 -0.538285 -0.526841 0.657735 -0.425245 0.622272 0.657186 -0.710837 -0.510453 -0.483840 0.425245 -0.622272 -0.657186 0.597797 -0.638691 0.484420 -0.538285 -0.526841 0.657735 -0.710837 -0.510453 -0.483840 -0.597797 0.638691 -0.484420 -0.425245 0.622272 0.657186 -0.538285 -0.526841 0.657735 " />
											<TextureCoordinate point="0.0155 0.8253 0.0155 0.9742 0.2349 0.9742 0.2349 0.8253 0.0155 0.8253 0.0155 0.9742 0.2349 0.9742 0.2349 0.8253 0.0155 0.8253 0.0155 0.9742 0.2349 0.9742 0.2349 0.8253 0.0155 0.8253 0.0155 0.9742 0.2349 0.9742 0.2349 0.8253 0.2349 0.9742 0.2349 0.8253 0.0155 0.8253 0.0155 0.9742 " />
										</IndexedTriangleSet>
									</Shape>
								</Group>
							</Transform>
							<Transform DEF="Cube_097_TRANSFORM"
							           translation="-0.254616 0.023867 0.037393"
							           scale="1.000000 1.000000 1.000000"
							           rotation="0.000000 1.000000 0.000000 0.000000"
							           >
								<Transform DEF="Cube_097_ifs_TRANSFORM"
								           translation="0.000000 0.000000 0.000000"
								           scale="1.000000 1.000000 1.000000"
								           rotation="0.000000 1.000000 0.000000 0.000000"
								           >
									<Group DEF="group_ME_Cube_098">
										<Shape>
											<Appearance>
												<Material USE="MA_Body" />
											</Appearance>
											<IndexedTriangleSet solid="false"
											                    normalPerVertex="true"
											                    index="0 1 2 0 2 3 4 5 6 4 6 7 8 9 10 8 10 11 12 13 14 12 14 15 4 13 16 4 16 17 18 19 14 18 14 7 "
											                    >
												<Coordinate point="-0.005262 -0.051446 -0.008394 0.002777 0.058608 -0.014636 0.005964 0.059655 0.007913 -0.002075 -0.050400 0.014156 0.002777 0.058608 -0.014636 -0.255112 0.079459 0.020847 -0.251924 0.080505 0.043397 0.005964 0.059655 0.007913 -0.255112 0.079459 0.020847 -0.263151 -0.030596 0.027090 -0.259963 -0.029549 0.049639 -0.251924 0.080505 0.043397 -0.263151 -0.030596 0.027090 -0.005262 -0.051446 -0.008394 -0.002075 -0.050400 0.014156 -0.259963 -0.029549 0.049639 -0.263151 -0.030596 0.027090 -0.255112 0.079459 0.020847 -0.251924 0.080505 0.043397 -0.259963 -0.029549 0.049639 " />
												<Normal vector="0.447401 -0.647481 -0.616901 0.531388 0.502304 -0.682119 0.692831 0.555284 0.460005 0.608844 -0.594470 0.525224 0.531388 0.502304 -0.682119 -0.608844 0.594470 -0.525224 -0.447401 0.647481 0.616901 0.692831 0.555284 0.460005 -0.608844 0.594470 -0.525224 -0.692831 -0.555284 -0.460005 -0.531388 -0.502304 0.682119 -0.447401 0.647481 0.616901 -0.692831 -0.555284 -0.460005 0.447401 -0.647481 -0.616901 0.608844 -0.594470 0.525224 -0.531388 -0.502304 0.682119 -0.692831 -0.555284 -0.460005 -0.608844 0.594470 -0.525224 -0.447401 0.647481 0.616901 -0.531388 -0.502304 0.682119 " />
												<TextureCoordinate point="0.0155 0.8253 0.0155 0.9742 0.2349 0.9742 0.2349 0.8253 0.0155 0.8253 0.0155 0.9742 0.2349 0.9742 0.2349 0.8253 0.0155 0.8253 0.0155 0.9742 0.2349 0.9742 0.2349 0.8253 0.0155 0.8253 0.0155 0.9742 0.2349 0.9742 0.2349 0.8253 0.2349 0.9742 0.2349 0.8253 0.0155 0.8253 0.0155 0.9742 " />
											</IndexedTriangleSet>
										</Shape>
									</Group>
								</Transform>
								<Transform DEF="Cube_098_TRANSFORM"
								           translation="-0.232388 0.027708 0.031560"
								           scale="1.000000 1.000000 1.000000"
								           rotation="0.000000 1.000000 0.000000 0.000000"
								           >
									<Transform DEF="Cube_098_ifs_TRANSFORM"
									           translation="0.000000 0.000000 0.000000"
									           scale="1.000000 1.000000 1.000000"
									           rotation="0.000000 1.000000 0.000000 0.000000"
									           >
										<Group DEF="group_ME_Cube_099">
											<Shape>
												<Appearance>
													<Material USE="MA_Body" />
												</Appearance>
												<IndexedTriangleSet solid="false"
												                    normalPerVertex="true"
												                    index="0 1 2 0 2 3 4 5 6 4 6 7 8 9 10 8 10 11 12 13 14 12 14 15 4 13 16 4 16 17 18 19 14 18 14 7 "
												                    >
													<Coordinate point="-0.004479 -0.031429 -0.007335 0.001872 0.030574 -0.011109 0.004479 0.031429 0.007335 -0.001872 -0.030574 0.011109 0.001872 0.030574 -0.011109 -0.292958 0.063217 0.029048 -0.290351 0.064073 0.047492 0.004479 0.031429 0.007335 -0.292958 0.063217 0.029048 -0.299309 0.001214 0.032823 -0.296702 0.002070 0.051266 -0.290351 0.064073 0.047492 -0.299309 0.001214 0.032823 -0.004479 -0.031429 -0.007335 -0.001872 -0.030574 0.011109 -0.296702 0.002070 0.051266 -0.299309 0.001214 0.032823 -0.292958 0.063217 0.029048 -0.290351 0.064073 0.047492 -0.296702 0.002070 0.051266 " />
													<Normal vector="0.429212 -0.662740 -0.613605 0.546648 0.483810 -0.683401 0.708090 0.536821 0.458693 0.590625 -0.609760 0.528489 0.546648 0.483810 -0.683401 -0.590625 0.609760 -0.528489 -0.429212 0.662740 0.613605 0.708090 0.536821 0.458693 -0.590625 0.609760 -0.528489 -0.708090 -0.536821 -0.458693 -0.546648 -0.483810 0.683401 -0.429212 0.662740 0.613605 -0.708090 -0.536821 -0.458693 0.429212 -0.662740 -0.613605 0.590625 -0.609760 0.528489 -0.546648 -0.483810 0.683401 -0.708090 -0.536821 -0.458693 -0.590625 0.609760 -0.528489 -0.429212 0.662740 0.613605 -0.546648 -0.483810 0.683401 " />
													<TextureCoordinate point="0.0155 0.8253 0.0155 0.9742 0.2349 0.9742 0.2349 0.8253 0.0155 0.8253 0.0155 0.9742 0.2349 0.9742 0.2349 0.8253 0.0155 0.8253 0.0155 0.9742 0.2349 0.9742 0.2349 0.8253 0.0155 0.8253 0.0155 0.9742 0.2349 0.9742 0.2349 0.8253 0.2349 0.9742 0.2349 0.8253 0.0155 0.8253 0.0155 0.9742 " />
												</IndexedTriangleSet>
											</Shape>
										</Group>
									</Transform>
								</Transform>
							</Transform>
						</Transform>
					</Transform>
				</Transform>
				<Transform DEF="arm2_TRANSFORM"
				           translation="-0.463287 -0.239094 0.565347"
				           scale="1.000000 1.000000 1.000000"
				           rotation="0.000000 1.000000 0.000000 0.000000"
				           >
					<Transform DEF="arm2_ifs_TRANSFORM"
					           translation="0.000000 0.000000 0.000000"
					           scale="1.000000 1.000000 1.000000"
					           rotation="0.000000 1.000000 0.000000 0.000000"
					           >
						<Group DEF="group_ME_arm2">
							<Shape>
								<Appearance>
									<Material USE="MA_Body" />
								</Appearance>
								<IndexedTriangleSet solid="false"
								                    normalPerVertex="true"
								                    index="0 1 2 0 2 3 4 5 6 4 6 7 8 9 10 8 10 11 12 13 14 12 14 15 16 17 18 16 18 19 20 21 14 20 14 3 22 20 3 22 3 23 24 16 19 24 19 25 26 8 11 26 11 27 28 0 3 28 3 29 30 0 16 30 16 24 31 32 20 31 20 22 32 33 21 32 21 20 34 35 36 34 36 37 38 12 15 38 15 39 30 4 7 30 7 23 "
								                    >
									<Coordinate point="0.005155 -0.042005 -0.079920 0.004892 0.095923 -0.079920 -0.005258 0.095904 0.079920 -0.004995 -0.042025 0.079920 -0.259527 0.095418 -0.096711 -0.415732 0.095120 -0.106630 -0.425882 0.095100 0.053210 -0.269677 0.095399 0.063129 -0.415469 -0.042809 -0.106630 -0.415366 -0.096708 -0.106630 -0.425516 -0.096727 0.053210 -0.425619 -0.042828 0.053210 -0.259160 -0.096409 -0.096711 0.005258 -0.095904 -0.079920 -0.004892 -0.095923 0.079920 -0.269310 -0.096428 0.063129 -0.259263 -0.042510 -0.096711 -0.259160 -0.096409 -0.096711 -0.415366 -0.096708 -0.106630 -0.415469 -0.042809 -0.106630 -0.269413 -0.042530 0.063129 -0.269310 -0.096428 0.063129 -0.269677 0.095399 0.063129 -0.005258 0.095904 0.079920 -0.259527 0.095418 -0.096711 -0.415732 0.095120 -0.106630 -0.415732 0.095120 -0.106630 -0.425882 0.095100 0.053210 0.005258 -0.095904 -0.079920 -0.004892 -0.095923 0.079920 0.004892 0.095923 -0.079920 -0.425882 0.095100 0.053210 -0.425619 -0.042828 0.053210 -0.425516 -0.096727 0.053210 0.005155 -0.042005 -0.079920 0.005258 -0.095904 -0.079920 -0.259160 -0.096409 -0.096711 -0.259263 -0.042510 -0.096711 -0.415366 -0.096708 -0.106630 -0.425516 -0.096727 0.053210 " />
									<Normal vector="0.750481 0.001404 -0.660848 0.611652 0.578509 -0.539598 0.538469 0.578356 0.612751 0.660848 0.001251 0.750481 0.043458 0.707175 -0.705679 -0.540696 0.576312 -0.612751 -0.613880 0.576159 0.539598 -0.046144 0.706992 0.705679 -0.660848 -0.001251 -0.750481 -0.538469 -0.578356 -0.612751 -0.611652 -0.578509 0.539598 -0.750481 -0.001404 0.660848 0.046144 -0.706992 -0.705679 0.613880 -0.576159 -0.539598 0.540696 -0.576312 0.612751 -0.043458 -0.707175 0.705679 0.063356 0.000092 -0.997986 0.046144 -0.706992 -0.705679 -0.538469 -0.578356 -0.612751 -0.660848 -0.001251 -0.750481 -0.063356 -0.000092 0.997986 -0.043458 -0.707175 0.705679 -0.046144 0.706992 0.705679 0.538469 0.578356 0.612751 0.043458 0.707175 -0.705679 -0.540696 0.576312 -0.612751 -0.540696 0.576312 -0.612751 -0.613880 0.576159 0.539598 0.613880 -0.576159 -0.539598 0.540696 -0.576312 0.612751 0.611652 0.578509 -0.539598 -0.613880 0.576159 0.539598 -0.750481 -0.001404 0.660848 -0.611652 -0.578509 0.539598 0.750481 0.001404 -0.660848 0.613880 -0.576159 -0.539598 0.046144 -0.706992 -0.705679 0.063356 0.000092 -0.997986 -0.538469 -0.578356 -0.612751 -0.611652 -0.578509 0.539598 " />
									<TextureCoordinate point="0.0427 0.8960 0.0427 0.9700 0.2227 0.9700 0.2227 0.8960 0.0427 0.9150 0.0427 0.9700 0.2227 0.9700 0.2227 0.9150 0.0427 0.9284 0.0427 0.9700 0.2227 0.9700 0.2227 0.9284 0.0427 0.8769 0.0427 0.9700 0.2227 0.9700 0.2227 0.8769 0.1559 0.9164 0.1559 0.9700 0.2227 0.9700 0.2227 0.9284 0.1096 0.9164 0.1096 0.9700 0.1096 0.8219 0.2227 0.8219 0.1559 0.8219 0.2227 0.8219 0.0427 0.8219 0.2227 0.8219 0.0427 0.8219 0.2227 0.8219 0.0427 0.8219 0.0427 0.8219 0.0427 0.9284 0.0427 0.9700 0.2734 0.8360 0.2734 0.9560 0.3934 0.9560 0.3934 0.8360 0.0427 0.8219 0.2227 0.8219 " />
								</IndexedTriangleSet>
							</Shape>
						</Group>
					</Transform>
					<Transform DEF="arm2_1_TRANSFORM"
					           translation="-0.408967 -0.000781 -0.025970"
					           scale="1.000000 1.000000 1.000000"
					           rotation="0.000000 1.000000 0.000000 0.000000"
					           >
						<Transform DEF="arm2_1_ifs_TRANSFORM"
						           translation="0.000000 0.000000 0.000000"
						           scale="1.000000 1.000000 1.000000"
						           rotation="0.000000 1.000000 0.000000 0.000000"
						           >
							<Group DEF="group_ME_arm2_1">
								<Shape>
									<Appearance>
										<Material USE="MA_Body" />
									</Appearance>
									<IndexedTriangleSet solid="false"
									                    normalPerVertex="true"
									                    index="0 1 2 0 2 3 4 5 6 4 6 7 8 9 10 8 10 11 12 13 14 12 14 15 4 13 16 4 16 17 18 19 14 18 14 7 "
									                    >
										<Coordinate point="0.013298 -0.108795 -0.085694 -0.009548 0.108743 -0.086259 -0.013298 0.108795 0.085694 0.009548 -0.108743 0.086259 -0.009548 0.108743 -0.086259 -0.389225 0.068848 -0.094528 -0.392975 0.068900 0.077425 -0.013298 0.108795 0.085694 -0.389225 0.068848 -0.094528 -0.366379 -0.148691 -0.093963 -0.370129 -0.148638 0.077990 -0.392975 0.068900 0.077425 -0.366379 -0.148691 -0.093963 0.013298 -0.108795 -0.085694 0.009548 -0.108743 0.086259 -0.370129 -0.148638 0.077990 -0.366379 -0.148691 -0.093963 -0.389225 0.068848 -0.094528 -0.392975 0.068900 0.077425 -0.370129 -0.148638 0.077990 " />
										<Normal vector="0.646931 -0.514023 -0.563219 0.526322 0.634327 -0.566179 0.501144 0.634663 0.588214 0.621754 -0.513688 0.591205 0.526322 0.634327 -0.566179 -0.621754 0.513688 -0.591205 -0.646931 0.514023 0.563219 0.501144 0.634663 0.588214 -0.621754 0.513688 -0.591205 -0.501144 -0.634663 -0.588214 -0.526322 -0.634327 0.566179 -0.646931 0.514023 0.563219 -0.501144 -0.634663 -0.588214 0.646931 -0.514023 -0.563219 0.621754 -0.513688 0.591205 -0.526322 -0.634327 0.566179 -0.501144 -0.634663 -0.588214 -0.621754 0.513688 -0.591205 -0.646931 0.514023 0.563219 -0.526322 -0.634327 0.566179 " />
										<TextureCoordinate point="0.0427 0.8219 0.0427 0.9700 0.2227 0.9700 0.2227 0.8219 0.0427 0.8219 0.0427 0.9700 0.2227 0.9700 0.2227 0.8219 0.0427 0.8219 0.0427 0.9700 0.2227 0.9700 0.2227 0.8219 0.0427 0.8219 0.0427 0.9700 0.2227 0.9700 0.2227 0.8219 0.2227 0.9700 0.2227 0.8219 0.0427 0.8219 0.0427 0.9700 " />
									</IndexedTriangleSet>
								</Shape>
							</Group>
						</Transform>
						<Transform DEF="Cube_004_TRANSFORM"
						           translation="-0.316206 -0.023141 -0.007020"
						           scale="1.000000 1.000000 1.000000"
						           rotation="0.000000 1.000000 0.000000 0.000000"
						           >
							<Transform DEF="Cube_004_ifs_TRANSFORM"
							           translation="0.000000 0.000000 0.000000"
							           scale="1.000000 1.000000 1.000000"
							           rotation="0.000000 1.000000 0.000000 0.000000"
							           >
								<Group DEF="group_ME_Cube_005">
									<Shape>
										<Appearance>
											<Material USE="MA_Body" />
										</Appearance>
										<IndexedTriangleSet solid="false"
										                    normalPerVertex="true"
										                    index="0 1 2 0 2 3 4 5 6 4 6 7 8 9 10 8 10 11 12 13 14 12 14 15 16 17 18 16 18 19 20 21 14 20 14 22 23 24 21 23 21 20 25 26 27 25 27 28 29 12 15 29 15 30 31 4 7 31 7 22 25 32 4 25 4 31 33 34 35 33 35 36 37 26 13 37 13 12 38 39 9 38 9 8 32 40 5 32 5 4 41 42 1 41 1 0 "
										                    >
											<Coordinate point="0.029096 -0.126364 -0.000000 -0.029096 0.126364 0.000000 -0.028859 0.126418 0.099330 0.029333 -0.126309 0.099330 -0.265365 0.071961 0.000594 -0.428140 0.034480 0.001003 -0.427903 0.034535 0.100333 -0.265128 0.072015 0.099924 -0.428140 0.034480 0.001003 -0.369948 -0.218247 0.001003 -0.369711 -0.218192 0.100333 -0.427903 0.034535 0.100333 -0.207172 -0.180766 0.000594 0.029096 -0.126364 -0.000000 0.029333 -0.126309 0.099330 -0.206935 -0.180712 0.099924 -0.265602 0.071906 -0.098736 -0.207409 -0.180821 -0.098736 -0.370185 -0.218301 -0.098326 -0.428378 0.034426 -0.098326 -0.265128 0.072015 0.099924 -0.206935 -0.180712 0.099924 -0.028859 0.126418 0.099330 -0.427903 0.034535 0.100333 -0.369711 -0.218192 0.100333 -0.029333 0.126309 -0.099330 0.028859 -0.126418 -0.099330 -0.207409 -0.180821 -0.098736 -0.265602 0.071906 -0.098736 -0.369948 -0.218247 0.001003 -0.369711 -0.218192 0.100333 -0.029096 0.126364 0.000000 -0.265602 0.071906 -0.098736 -0.370185 -0.218301 -0.098326 -0.207409 -0.180821 -0.098736 -0.207172 -0.180766 0.000594 -0.369948 -0.218247 0.001003 -0.207409 -0.180821 -0.098736 -0.428378 0.034426 -0.098326 -0.370185 -0.218301 -0.098326 -0.428378 0.034426 -0.098326 0.028859 -0.126418 -0.099330 -0.029333 0.126309 -0.099330 " />
											<Normal vector="0.847713 -0.530381 -0.001709 0.530381 0.847713 -0.001709 0.434431 0.692465 0.575915 0.693533 -0.432752 0.575915 -0.224372 0.974487 0.000000 -0.847713 0.530381 0.001709 -0.690786 0.433393 0.578753 -0.156957 0.689444 0.707083 -0.847713 0.530381 0.001709 -0.530381 -0.847713 0.001709 -0.431684 -0.691855 0.578753 -0.690786 0.433393 0.578753 0.224372 -0.974487 0.000000 0.847713 -0.530381 -0.001709 0.693533 -0.432752 0.575915 0.160344 -0.688681 0.707083 -0.160344 0.688681 -0.707083 0.156957 -0.689444 -0.707083 -0.434431 -0.692465 -0.575915 -0.693533 0.432752 -0.575915 -0.156957 0.689444 0.707083 0.160344 -0.688681 0.707083 0.434431 0.692465 0.575915 -0.690786 0.433393 0.578753 -0.431684 -0.691855 0.578753 0.431684 0.691855 -0.578753 0.690786 -0.433393 -0.578753 0.156957 -0.689444 -0.707083 -0.160344 0.688681 -0.707083 -0.530381 -0.847713 0.001709 -0.431684 -0.691855 0.578753 0.530381 0.847713 -0.001709 -0.160344 0.688681 -0.707083 -0.434431 -0.692465 -0.575915 0.156957 -0.689444 -0.707083 0.224372 -0.974487 0.000000 -0.530381 -0.847713 0.001709 0.156957 -0.689444 -0.707083 -0.693533 0.432752 -0.575915 -0.434431 -0.692465 -0.575915 -0.693533 0.432752 -0.575915 0.690786 -0.433393 -0.578753 0.431684 0.691855 -0.578753 " />
											<TextureCoordinate point="0.1327 0.8219 0.1327 0.9700 0.2227 0.9700 0.2227 0.8219 0.1327 0.9096 0.1327 0.9700 0.2227 0.9700 0.2227 0.9096 0.1327 0.8219 0.1327 0.9700 0.2227 0.9700 0.2227 0.8219 0.1327 0.8823 0.1327 0.9700 0.2227 0.9700 0.2227 0.8823 0.3706 0.8219 0.3706 0.9700 0.4441 0.9700 0.4441 0.8219 0.1161 0.8219 0.1161 0.9700 0.2227 0.8219 0.0427 0.8219 0.0427 0.9700 0.0427 0.8219 0.0427 0.9700 0.1493 0.9700 0.1493 0.8219 0.1327 0.8219 0.2227 0.8219 0.1327 0.8219 0.0427 0.9096 0.2641 0.8219 0.2641 0.8823 0.3541 0.8823 0.3541 0.8219 0.0427 0.8823 0.0427 0.8219 0.0427 0.9700 0.0427 0.9700 0.0427 0.8219 0.0427 0.9700 " />
										</IndexedTriangleSet>
									</Shape>
								</Group>
							</Transform>
							<Transform DEF="Cube_005_TRANSFORM"
							           translation="-0.379214 -0.087317 0.000953"
							           scale="1.000000 1.000000 1.000000"
							           rotation="0.000000 1.000000 0.000000 0.000000"
							           >
								<Transform DEF="Cube_005_ifs_TRANSFORM"
								           translation="0.000000 0.000000 0.000000"
								           scale="1.000000 1.000000 1.000000"
								           rotation="0.000000 1.000000 0.000000 0.000000"
								           >
									<Group DEF="group_ME_Cube_017">
										<Shape>
											<Appearance>
												<Material USE="MA_Body" />
											</Appearance>
											<IndexedTriangleSet solid="false"
											                    normalPerVertex="true"
											                    index="0 1 2 0 2 3 4 5 6 4 6 7 8 9 10 8 10 11 12 13 14 12 14 15 16 17 18 16 18 19 20 21 14 20 14 7 22 17 23 22 23 24 25 26 27 25 27 28 16 29 30 16 30 31 32 33 34 32 34 35 "
											                    >
												<Coordinate point="0.030562 -0.132727 -0.000000 -0.030562 0.132727 0.000000 -0.030318 0.132783 0.102096 0.030805 -0.132671 0.102096 -0.030562 0.132727 0.000000 -0.405513 0.046392 0.000943 -0.405269 0.046448 0.103039 -0.030318 0.132783 0.102096 -0.405513 0.046392 0.000943 -0.344389 -0.219063 0.000943 -0.344146 -0.219007 0.103039 -0.405269 0.046448 0.103039 -0.344389 -0.219063 0.000943 0.030562 -0.132727 -0.000000 0.030805 -0.132671 0.102096 -0.344146 -0.219007 0.103039 -0.030805 0.132671 -0.102096 0.030318 -0.132783 -0.102096 -0.344633 -0.219119 -0.101153 -0.405756 0.046336 -0.101153 -0.405269 0.046448 0.103039 -0.344146 -0.219007 0.103039 -0.344633 -0.219119 -0.101153 0.030562 -0.132727 -0.000000 -0.344389 -0.219063 0.000943 -0.405756 0.046336 -0.101153 -0.344633 -0.219119 -0.101153 -0.344389 -0.219063 0.000943 -0.405513 0.046392 0.000943 -0.405756 0.046336 -0.101153 -0.405513 0.046392 0.000943 -0.030562 0.132727 0.000000 0.030318 -0.132783 -0.102096 -0.030805 0.132671 -0.102096 -0.030562 0.132727 0.000000 0.030562 -0.132727 -0.000000 " />
												<Normal vector="0.847713 -0.530381 -0.001709 0.530381 0.847713 -0.001709 0.434431 0.692465 0.575915 0.693533 -0.432752 0.575915 0.530381 0.847713 -0.001709 -0.847713 0.530381 0.001709 -0.690786 0.433393 0.578753 0.434431 0.692465 0.575915 -0.847713 0.530381 0.001709 -0.530381 -0.847713 0.001709 -0.431684 -0.691855 0.578753 -0.690786 0.433393 0.578753 -0.530381 -0.847713 0.001709 0.847713 -0.530381 -0.001709 0.693533 -0.432752 0.575915 -0.431684 -0.691855 0.578753 0.431684 0.691855 -0.578753 0.690786 -0.433393 -0.578753 -0.434431 -0.692465 -0.575915 -0.693533 0.432752 -0.575915 -0.690786 0.433393 0.578753 -0.431684 -0.691855 0.578753 -0.434431 -0.692465 -0.575915 0.847713 -0.530381 -0.001709 -0.530381 -0.847713 0.001709 -0.693533 0.432752 -0.575915 -0.434431 -0.692465 -0.575915 -0.530381 -0.847713 0.001709 -0.847713 0.530381 0.001709 -0.693533 0.432752 -0.575915 -0.847713 0.530381 0.001709 0.530381 0.847713 -0.001709 0.690786 -0.433393 -0.578753 0.431684 0.691855 -0.578753 0.530381 0.847713 -0.001709 0.847713 -0.530381 -0.001709 " />
												<TextureCoordinate point="0.1327 0.8219 0.1327 0.9700 0.2227 0.9700 0.2227 0.8219 0.1327 0.8219 0.1327 0.9700 0.2227 0.9700 0.2227 0.8219 0.1327 0.8219 0.1327 0.9700 0.2227 0.9700 0.2227 0.8219 0.1327 0.8219 0.1327 0.9700 0.2227 0.9700 0.2227 0.8219 0.2641 0.8219 0.2641 0.9700 0.4441 0.9700 0.4441 0.8219 0.0427 0.8219 0.0427 0.9700 0.2641 0.8219 0.3541 0.9700 0.3541 0.8219 0.2641 0.8219 0.2641 0.9700 0.3541 0.9700 0.3541 0.8219 0.2641 0.9700 0.3541 0.9700 0.3541 0.8219 0.2641 0.8219 0.2641 0.9700 0.3541 0.9700 0.3541 0.8219 " />
											</IndexedTriangleSet>
										</Shape>
									</Group>
								</Transform>
							</Transform>
						</Transform>
						<Transform DEF="Cube_017_TRANSFORM"
						           translation="-0.090475 0.011325 -0.001932"
						           scale="1.000000 1.000000 1.000000"
						           rotation="0.000000 1.000000 0.000000 0.000000"
						           >
							<Transform DEF="Cube_017_ifs_TRANSFORM"
							           translation="0.000000 0.000000 0.000000"
							           scale="1.000000 1.000000 1.000000"
							           rotation="0.000000 1.000000 0.000000 0.000000"
							           >
								<Group DEF="group_ME_Cube_019">
									<Shape>
										<Appearance>
											<Material USE="MA_Body" />
										</Appearance>
										<IndexedTriangleSet solid="false"
										                    normalPerVertex="true"
										                    index="0 1 2 0 2 3 4 5 6 4 6 7 8 9 10 8 10 11 12 13 14 12 14 15 4 13 16 4 16 17 18 19 14 18 14 7 "
										                    >
											<Coordinate point="-0.029036 -0.105659 -0.075899 0.032095 0.104359 -0.076463 0.029036 0.105659 0.075899 -0.032095 -0.104359 0.076463 0.032095 0.104359 -0.076463 -0.316289 0.205744 -0.084322 -0.319347 0.207044 0.068040 0.029036 0.105659 0.075899 -0.316289 0.205744 -0.084322 -0.377420 -0.004274 -0.083758 -0.380479 -0.002974 0.068605 -0.319347 0.207044 0.068040 -0.377420 -0.004274 -0.083758 -0.029036 -0.105659 -0.075899 -0.032095 -0.104359 0.076463 -0.380479 -0.002974 0.068605 -0.377420 -0.004274 -0.083758 -0.316289 0.205744 -0.084322 -0.319347 0.207044 0.068040 -0.380479 -0.002974 0.068605 " />
											<Normal vector="0.404431 -0.720542 -0.563219 0.727165 0.388104 -0.566179 0.703970 0.397961 0.588214 0.381268 -0.710685 0.591205 0.727165 0.388104 -0.566179 -0.381268 0.710685 -0.591205 -0.404431 0.720542 0.563219 0.703970 0.397961 0.588214 -0.381268 0.710685 -0.591205 -0.703970 -0.397961 -0.588214 -0.727165 -0.388104 0.566179 -0.404431 0.720542 0.563219 -0.703970 -0.397961 -0.588214 0.404431 -0.720542 -0.563219 0.381268 -0.710685 0.591205 -0.727165 -0.388104 0.566179 -0.703970 -0.397961 -0.588214 -0.381268 0.710685 -0.591205 -0.404431 0.720542 0.563219 -0.727165 -0.388104 0.566179 " />
											<TextureCoordinate point="0.0427 0.8219 0.0427 0.9700 0.2227 0.9700 0.2227 0.8219 0.0427 0.8219 0.0427 0.9700 0.2227 0.9700 0.2227 0.8219 0.0427 0.8219 0.0427 0.9700 0.2227 0.9700 0.2227 0.8219 0.0427 0.8219 0.0427 0.9700 0.2227 0.9700 0.2227 0.8219 0.2227 0.9700 0.2227 0.8219 0.0427 0.8219 0.0427 0.9700 " />
										</IndexedTriangleSet>
									</Shape>
								</Group>
							</Transform>
						</Transform>
						<Transform DEF="Cube_019_TRANSFORM"
						           translation="-0.389657 0.023263 0.000065"
						           scale="1.000000 1.000000 1.000000"
						           rotation="0.000000 1.000000 0.000000 0.000000"
						           >
							<Transform DEF="Cube_019_ifs_TRANSFORM"
							           translation="0.000000 0.000000 0.000000"
							           scale="1.000000 1.000000 1.000000"
							           rotation="0.000000 1.000000 0.000000 0.000000"
							           >
								<Group DEF="group_ME_Cube_021">
									<Shape>
										<Appearance>
											<Material USE="MA_Body" />
										</Appearance>
										<IndexedTriangleSet solid="false"
										                    normalPerVertex="true"
										                    index="0 1 2 0 2 3 4 5 6 4 6 7 8 9 10 8 10 11 12 13 14 12 14 15 16 17 18 16 18 19 20 21 14 20 14 22 23 24 25 23 25 26 27 28 29 27 29 30 31 32 33 31 33 34 35 36 37 35 37 22 27 38 36 27 36 35 39 40 32 39 32 31 41 28 13 41 13 12 42 43 9 42 9 8 44 45 46 44 46 47 48 49 1 48 1 0 "
										                    >
											<Coordinate point="-0.056220 -0.192962 0.000518 0.056220 0.192962 -0.000518 0.054551 0.193671 0.082587 -0.057888 -0.192253 0.083622 -0.100424 0.238591 -0.004052 -0.257067 0.284219 -0.007586 -0.258735 0.284928 0.075519 -0.102092 0.239300 0.079053 -0.257067 0.284219 -0.007586 -0.369506 -0.101704 -0.006550 -0.371175 -0.100995 0.076555 -0.258735 0.284928 0.075519 -0.212863 -0.147333 -0.003016 -0.056220 -0.192962 0.000518 -0.057888 -0.192253 0.083622 -0.214531 -0.146624 0.080088 -0.098755 0.237881 -0.087156 -0.211195 -0.148042 -0.086121 -0.367838 -0.102413 -0.089655 -0.255399 0.283510 -0.090690 -0.102092 0.239300 0.079053 -0.214531 -0.146624 0.080088 0.054551 0.193671 0.082587 -0.258735 0.284928 0.075519 -0.371175 -0.100995 0.076555 -0.214531 -0.146624 0.080088 -0.102092 0.239300 0.079053 0.057888 0.192253 -0.083622 -0.054551 -0.193671 -0.082587 -0.211195 -0.148042 -0.086121 -0.098755 0.237881 -0.087156 -0.369506 -0.101704 -0.006550 -0.212863 -0.147333 -0.003016 -0.214531 -0.146624 0.080088 -0.371175 -0.100995 0.076555 0.056220 0.192962 -0.000518 -0.100424 0.238591 -0.004052 -0.102092 0.239300 0.079053 -0.098755 0.237881 -0.087156 -0.367838 -0.102413 -0.089655 -0.211195 -0.148042 -0.086121 -0.211195 -0.148042 -0.086121 -0.255399 0.283510 -0.090690 -0.367838 -0.102413 -0.089655 -0.098755 0.237881 -0.087156 -0.255399 0.283510 -0.090690 -0.257067 0.284219 -0.007586 -0.100424 0.238591 -0.004052 -0.054551 -0.193671 -0.082587 0.057888 0.192253 -0.083622 " />
											<Normal vector="0.480911 -0.876583 0.017121 0.876522 0.481155 0.013489 0.704062 0.397778 0.588214 0.381085 -0.710776 0.591174 0.279702 0.960051 -0.002564 -0.480911 0.876583 -0.017121 -0.404248 0.720634 0.563219 0.183599 0.684896 0.705100 -0.480911 0.876583 -0.017121 -0.876522 -0.481155 -0.013489 -0.727256 -0.387921 0.566179 -0.404248 0.720634 0.563219 -0.279702 -0.960051 0.002564 0.480911 -0.876583 0.017121 0.381085 -0.710776 0.591174 -0.211982 -0.672842 0.708731 0.211982 0.672842 -0.708731 -0.183599 -0.684896 -0.705100 -0.704062 -0.397778 -0.588214 -0.381085 0.710776 -0.591174 0.183599 0.684896 0.705100 -0.211982 -0.672842 0.708731 0.704062 0.397778 0.588214 -0.404248 0.720634 0.563219 -0.727256 -0.387921 0.566179 -0.211982 -0.672842 0.708731 0.183599 0.684896 0.705100 0.727256 0.387921 -0.566179 0.404248 -0.720634 -0.563219 -0.183599 -0.684896 -0.705100 0.211982 0.672842 -0.708731 -0.876522 -0.481155 -0.013489 -0.279702 -0.960051 0.002564 -0.211982 -0.672842 0.708731 -0.727256 -0.387921 0.566179 0.876522 0.481155 0.013489 0.279702 0.960051 -0.002564 0.183599 0.684896 0.705100 0.211982 0.672842 -0.708731 -0.704062 -0.397778 -0.588214 -0.183599 -0.684896 -0.705100 -0.183599 -0.684896 -0.705100 -0.381085 0.710776 -0.591174 -0.704062 -0.397778 -0.588214 0.211982 0.672842 -0.708731 -0.381085 0.710776 -0.591174 -0.480911 0.876583 -0.017121 0.279702 0.960051 -0.002564 0.404248 -0.720634 -0.563219 0.727256 0.387921 -0.566179 " />
											<TextureCoordinate point="0.1327 0.8219 0.1327 0.9700 0.2227 0.9700 0.2227 0.8219 0.1284 0.9009 0.1284 0.9701 0.2124 0.9701 0.2124 0.9009 0.3597 0.8219 0.3597 0.9700 0.4497 0.9700 0.4497 0.8219 0.1327 0.8960 0.1327 0.9700 0.2227 0.9700 0.2227 0.8960 0.3597 0.8219 0.3597 0.9700 0.4497 0.9700 0.4497 0.8219 0.1327 0.8219 0.1327 0.9700 0.2227 0.8219 0.0443 0.8317 0.0443 0.9701 0.1284 0.9701 0.1284 0.8317 0.0427 0.8219 0.0427 0.9700 0.1327 0.9700 0.1327 0.8219 0.3597 0.8219 0.3597 0.8960 0.4497 0.8960 0.4497 0.8219 0.1327 0.8219 0.1327 0.8960 0.2227 0.8960 0.0427 0.8960 0.2697 0.8219 0.2697 0.8960 0.0427 0.8960 0.2697 0.8219 0.2697 0.9700 0.2697 0.8960 0.2697 0.9700 0.3597 0.9700 0.3597 0.8960 0.0427 0.8219 0.0427 0.9700 " />
										</IndexedTriangleSet>
									</Shape>
								</Group>
							</Transform>
							<Transform DEF="Cube_021_TRANSFORM"
							           translation="-0.454527 -0.144514 -0.004986"
							           scale="1.000000 1.000000 1.000000"
							           rotation="0.000000 1.000000 0.000000 0.000000"
							           >
								<Transform DEF="Cube_021_ifs_TRANSFORM"
								           translation="0.000000 0.000000 0.000000"
								           scale="1.000000 1.000000 1.000000"
								           rotation="0.000000 1.000000 0.000000 0.000000"
								           >
									<Group DEF="group_ME_Cube_033">
										<Shape>
											<Appearance>
												<Material USE="MA_Body" />
											</Appearance>
											<IndexedTriangleSet solid="false"
											                    normalPerVertex="true"
											                    index="0 1 2 0 2 3 4 5 6 4 6 7 8 9 10 8 10 11 12 13 14 12 14 15 16 17 18 16 18 19 20 21 14 20 14 7 22 17 23 22 23 24 25 26 27 25 27 28 16 29 30 16 30 31 32 33 34 32 34 35 "
											                    >
												<Coordinate point="-0.232527 0.007447 -0.001417 0.232527 -0.007447 0.001417 0.231972 -0.006592 0.096958 -0.233082 0.008301 0.094123 0.232527 -0.007447 0.001417 0.250131 0.541352 -0.003390 0.249576 0.542207 0.092150 0.231972 -0.006592 0.096958 0.250131 0.541352 -0.003390 -0.214923 0.556245 -0.006225 -0.215478 0.557100 0.089315 0.249576 0.542207 0.092150 -0.214923 0.556245 -0.006225 -0.232527 0.007447 -0.001417 -0.233082 0.008301 0.094123 -0.215478 0.557100 0.089315 0.233082 -0.008301 -0.094123 -0.231972 0.006592 -0.096958 -0.214368 0.555391 -0.101765 0.250687 0.540497 -0.098930 0.249576 0.542207 0.092150 -0.215478 0.557100 0.089315 -0.214368 0.555391 -0.101765 -0.232527 0.007447 -0.001417 -0.214923 0.556245 -0.006225 0.250687 0.540497 -0.098930 -0.214368 0.555391 -0.101765 -0.214923 0.556245 -0.006225 0.250131 0.541352 -0.003390 0.250687 0.540497 -0.098930 0.250131 0.541352 -0.003390 0.232527 -0.007447 0.001417 -0.231972 0.006592 -0.096958 0.233082 -0.008301 -0.094123 0.232527 -0.007447 0.001417 -0.232527 0.007447 -0.001417 " />
												<Normal vector="-0.729392 -0.684072 0.001862 0.684042 -0.729331 0.010498 0.555162 -0.590320 0.585864 -0.598895 -0.553362 0.578845 0.684042 -0.729331 0.010498 0.729392 0.684072 -0.001862 0.592181 0.563707 0.575762 0.555162 -0.590320 0.585864 0.729392 0.684072 -0.001862 -0.684042 0.729331 -0.010498 -0.561876 0.600665 0.568743 0.592181 0.563707 0.575762 -0.684042 0.729331 -0.010498 -0.729392 -0.684072 0.001862 -0.598895 -0.553362 0.578845 -0.561876 0.600665 0.568743 0.561876 -0.600665 -0.568743 -0.592181 -0.563707 -0.575762 -0.555162 0.590320 -0.585864 0.598895 0.553362 -0.578845 0.592181 0.563707 0.575762 -0.561876 0.600665 0.568743 -0.555162 0.590320 -0.585864 -0.729392 -0.684072 0.001862 -0.684042 0.729331 -0.010498 0.598895 0.553362 -0.578845 -0.555162 0.590320 -0.585864 -0.684042 0.729331 -0.010498 0.729392 0.684072 -0.001862 0.598895 0.553362 -0.578845 0.729392 0.684072 -0.001862 0.684042 -0.729331 0.010498 -0.592181 -0.563707 -0.575762 0.561876 -0.600665 -0.568743 0.684042 -0.729331 0.010498 -0.729392 -0.684072 0.001862 " />
												<TextureCoordinate point="0.1327 0.8219 0.1327 0.9700 0.2227 0.9700 0.2227 0.8219 0.1327 0.8219 0.1327 0.9700 0.2227 0.9700 0.2227 0.8219 0.1327 0.8219 0.1327 0.9700 0.2227 0.9700 0.2227 0.8219 0.1327 0.8219 0.1327 0.9700 0.2227 0.9700 0.2227 0.8219 0.2678 0.8256 0.2678 0.9738 0.4741 0.9738 0.4741 0.8256 0.0427 0.8219 0.0427 0.9700 0.2678 0.8256 0.3710 0.9738 0.3710 0.8256 0.2678 0.8256 0.2678 0.9738 0.3710 0.9738 0.3710 0.8256 0.2678 0.9738 0.3710 0.9738 0.3710 0.8256 0.2678 0.8256 0.2678 0.9738 0.3710 0.9738 0.3710 0.8256 " />
											</IndexedTriangleSet>
										</Shape>
									</Group>
								</Transform>
							</Transform>
						</Transform>
						<Transform DEF="Cube_033_TRANSFORM"
						           translation="-0.647439 0.355873 -0.008046"
						           scale="1.000000 1.000000 1.000000"
						           rotation="0.000000 1.000000 0.000000 0.000000"
						           >
							<Transform DEF="Cube_033_ifs_TRANSFORM"
							           translation="0.000000 0.000000 0.000000"
							           scale="1.000000 1.000000 1.000000"
							           rotation="0.000000 1.000000 0.000000 0.000000"
							           >
								<Group DEF="group_ME_Cube_034">
									<Shape>
										<Appearance>
											<Material USE="MA_Body" />
										</Appearance>
										<IndexedTriangleSet solid="false"
										                    normalPerVertex="true"
										                    index="0 1 2 0 2 3 4 5 6 4 6 7 8 9 10 8 10 11 12 13 14 12 14 15 16 17 18 16 18 19 20 21 14 20 14 7 22 17 23 22 23 24 25 26 27 25 27 28 16 29 30 16 30 31 32 33 34 32 34 35 "
										                    >
											<Coordinate point="-0.402776 0.043724 -0.002731 0.402776 -0.043724 0.002731 0.402276 -0.042955 0.088728 -0.403275 0.044494 0.083266 0.402776 -0.043724 0.002731 0.456404 0.450029 -0.001375 0.455905 0.450798 0.084622 0.402276 -0.042955 0.088728 0.456404 0.450029 -0.001375 -0.349147 0.537478 -0.006837 -0.349647 0.538247 0.079160 0.455905 0.450798 0.084622 -0.349147 0.537478 -0.006837 -0.402776 0.043724 -0.002731 -0.403275 0.044494 0.083266 -0.349647 0.538247 0.079160 0.403275 -0.044494 -0.083266 -0.402276 0.042955 -0.088728 -0.348648 0.536708 -0.092834 0.456904 0.449259 -0.087371 0.455905 0.450798 0.084622 -0.349647 0.538247 0.079160 -0.348648 0.536708 -0.092834 -0.402776 0.043724 -0.002731 -0.349147 0.537478 -0.006837 0.456904 0.449259 -0.087371 -0.348648 0.536708 -0.092834 -0.349147 0.537478 -0.006837 0.456404 0.450029 -0.001375 0.456904 0.449259 -0.087371 0.456404 0.450029 -0.001375 0.402776 -0.043724 0.002731 -0.402276 0.042955 -0.088728 0.403275 -0.044494 -0.083266 0.402776 -0.043724 0.002731 -0.402776 0.043724 -0.002731 " />
											<Normal vector="-0.779290 -0.626606 0.001068 0.626606 -0.779260 0.010590 0.508255 -0.631092 0.585955 -0.639637 -0.506455 0.578173 0.626606 -0.779260 0.010590 0.779290 0.626606 -0.001068 0.632923 0.516800 0.576434 0.508255 -0.631092 0.585955 0.779290 0.626606 -0.001068 -0.626606 0.779260 -0.010590 -0.514969 0.641407 0.568651 0.632923 0.516800 0.576434 -0.626606 0.779260 -0.010590 -0.779290 -0.626606 0.001068 -0.639637 -0.506455 0.578173 -0.514969 0.641407 0.568651 0.514969 -0.641407 -0.568651 -0.632923 -0.516800 -0.576434 -0.508255 0.631092 -0.585955 0.639637 0.506455 -0.578173 0.632923 0.516800 0.576434 -0.514969 0.641407 0.568651 -0.508255 0.631092 -0.585955 -0.779290 -0.626606 0.001068 -0.626606 0.779260 -0.010590 0.639637 0.506455 -0.578173 -0.508255 0.631092 -0.585955 -0.626606 0.779260 -0.010590 0.779290 0.626606 -0.001068 0.639637 0.506455 -0.578173 0.779290 0.626606 -0.001068 0.626606 -0.779260 0.010590 -0.632923 -0.516800 -0.576434 0.514969 -0.641407 -0.568651 0.626606 -0.779260 0.010590 -0.779290 -0.626606 0.001068 " />
											<TextureCoordinate point="0.1327 0.8219 0.1327 0.9700 0.2227 0.9700 0.2227 0.8219 0.1327 0.8219 0.1327 0.9700 0.2227 0.9700 0.2227 0.8219 0.1327 0.8219 0.1327 0.9700 0.2227 0.9700 0.2227 0.8219 0.1327 0.8219 0.1327 0.9700 0.2227 0.9700 0.2227 0.8219 0.2678 0.8256 0.2678 0.9738 0.4741 0.9738 0.4741 0.8256 0.0427 0.8219 0.0427 0.9700 0.2678 0.8256 0.3710 0.9738 0.3710 0.8256 0.2678 0.8256 0.2678 0.9738 0.3710 0.9738 0.3710 0.8256 0.2678 0.9738 0.3710 0.9738 0.3710 0.8256 0.2678 0.8256 0.2678 0.9738 0.3710 0.9738 0.3710 0.8256 " />
										</IndexedTriangleSet>
									</Shape>
								</Group>
							</Transform>
							<Transform DEF="Cube_034_TRANSFORM"
							           translation="0.054051 0.429365 -0.003527"
							           scale="1.000000 1.000000 1.000000"
							           rotation="0.000000 1.000000 0.000000 0.000000"
							           >
								<Transform DEF="Cube_034_ifs_TRANSFORM"
								           translation="0.000000 0.000000 0.000000"
								           scale="1.000000 1.000000 1.000000"
								           rotation="0.000000 1.000000 0.000000 0.000000"
								           >
									<Group DEF="group_ME_Cube_035">
										<Shape>
											<Appearance>
												<Material USE="MA_Body" />
											</Appearance>
											<IndexedTriangleSet solid="false"
											                    normalPerVertex="true"
											                    index="0 1 2 0 2 3 4 5 6 4 6 7 8 9 10 8 10 11 12 13 14 12 14 15 16 17 18 16 18 19 20 21 14 20 14 7 22 17 23 22 23 24 25 26 27 25 27 28 16 29 30 16 30 31 32 33 34 32 34 35 "
											                    >
												<Coordinate point="-0.377336 0.068389 -0.002804 0.377336 -0.068389 0.002804 0.376997 -0.066963 0.083242 -0.377676 0.069815 0.077634 0.377336 -0.068389 0.002804 0.482857 0.513417 -0.007066 0.482518 0.514843 0.073372 0.376997 -0.066963 0.083242 0.482857 0.513417 -0.007066 -0.271816 0.650195 -0.012674 -0.272155 0.651621 0.067764 0.482518 0.514843 0.073372 -0.271816 0.650195 -0.012674 -0.377336 0.068389 -0.002804 -0.377676 0.069815 0.077634 -0.272155 0.651621 0.067764 0.377676 -0.069815 -0.077634 -0.376997 0.066963 -0.083242 -0.271477 0.648769 -0.093111 0.483196 0.511991 -0.087503 0.482518 0.514843 0.073372 -0.272155 0.651621 0.067764 -0.271477 0.648769 -0.093111 -0.377336 0.068389 -0.002804 -0.271816 0.650195 -0.012674 0.483196 0.511991 -0.087503 -0.271477 0.648769 -0.093111 -0.271816 0.650195 -0.012674 0.482857 0.513417 -0.007066 0.483196 0.511991 -0.087503 0.482857 0.513417 -0.007066 0.377336 -0.068389 0.002804 -0.376997 0.066963 -0.083242 0.377676 -0.069815 -0.077634 0.377336 -0.068389 0.002804 -0.377336 0.068389 -0.002804 " />
												<Normal vector="-0.821894 -0.569536 0.006623 0.569567 -0.821741 0.016968 0.462600 -0.660726 0.591083 -0.673513 -0.454787 0.582659 0.569567 -0.821741 0.016968 0.821894 0.569536 -0.006623 0.668661 0.475265 0.571825 0.462600 -0.660726 0.591083 0.821894 0.569536 -0.006623 -0.569567 0.821741 -0.016968 -0.467483 0.681173 0.563372 0.668661 0.475265 0.571825 -0.569567 0.821741 -0.016968 -0.821894 -0.569536 0.006623 -0.673513 -0.454787 0.582659 -0.467483 0.681173 0.563372 0.467483 -0.681173 -0.563372 -0.668661 -0.475265 -0.571825 -0.462600 0.660726 -0.591083 0.673513 0.454787 -0.582659 0.668661 0.475265 0.571825 -0.467483 0.681173 0.563372 -0.462600 0.660726 -0.591083 -0.821894 -0.569536 0.006623 -0.569567 0.821741 -0.016968 0.673513 0.454787 -0.582659 -0.462600 0.660726 -0.591083 -0.569567 0.821741 -0.016968 0.821894 0.569536 -0.006623 0.673513 0.454787 -0.582659 0.821894 0.569536 -0.006623 0.569567 -0.821741 0.016968 -0.668661 -0.475265 -0.571825 0.467483 -0.681173 -0.563372 0.569567 -0.821741 0.016968 -0.821894 -0.569536 0.006623 " />
												<TextureCoordinate point="0.1327 0.8219 0.1327 0.9700 0.2227 0.9700 0.2227 0.8219 0.1327 0.8219 0.1327 0.9700 0.2227 0.9700 0.2227 0.8219 0.1327 0.8219 0.1327 0.9700 0.2227 0.9700 0.2227 0.8219 0.1327 0.8219 0.1327 0.9700 0.2227 0.9700 0.2227 0.8219 0.2678 0.8256 0.2678 0.9738 0.4741 0.9738 0.4741 0.8256 0.0427 0.8219 0.0427 0.9700 0.2678 0.8256 0.3710 0.9738 0.3710 0.8256 0.2678 0.8256 0.2678 0.9738 0.3710 0.9738 0.3710 0.8256 0.2678 0.9738 0.3710 0.9738 0.3710 0.8256 0.2678 0.8256 0.2678 0.9738 0.3710 0.9738 0.3710 0.8256 " />
											</IndexedTriangleSet>
										</Shape>
									</Group>
								</Transform>
								<Transform DEF="Cube_035_TRANSFORM"
								           translation="0.107800 0.526010 -0.008871"
								           scale="1.000000 1.000000 1.000000"
								           rotation="0.000000 1.000000 0.000000 0.000000"
								           >
									<Transform DEF="Cube_035_ifs_TRANSFORM"
									           translation="0.000000 0.000000 0.000000"
									           scale="1.000000 1.000000 1.000000"
									           rotation="0.000000 1.000000 0.000000 0.000000"
									           >
										<Group DEF="group_ME_Cube_036">
											<Shape>
												<Appearance>
													<Material USE="MA_Body" />
												</Appearance>
												<IndexedTriangleSet solid="false"
												                    normalPerVertex="true"
												                    index="0 1 2 0 2 3 4 5 6 4 6 7 8 9 10 8 10 11 12 13 14 12 14 15 16 17 18 16 18 19 20 21 14 20 14 7 22 17 23 22 23 24 25 26 27 25 27 28 16 29 30 16 30 31 32 33 34 32 34 35 "
												                    >
													<Coordinate point="-0.321824 0.100364 -0.003137 0.321824 -0.100364 0.003137 0.321506 -0.099027 0.078563 -0.322142 0.101702 0.072289 0.321824 -0.100364 0.003137 0.468701 0.370363 -0.004589 0.468383 0.371700 0.070837 0.321506 -0.099027 0.078563 0.468701 0.370363 -0.004589 -0.174947 0.571092 -0.010863 -0.175265 0.572429 0.064563 0.468383 0.371700 0.070837 -0.174947 0.571092 -0.010863 -0.321824 0.100364 -0.003137 -0.322142 0.101702 0.072289 -0.175265 0.572429 0.064563 0.322142 -0.101702 -0.072289 -0.321506 0.099027 -0.078563 -0.174629 0.569754 -0.086289 0.469019 0.369025 -0.080015 0.468383 0.371700 0.070837 -0.175265 0.572429 0.064563 -0.174629 0.569754 -0.086289 -0.321824 0.100364 -0.003137 -0.174947 0.571092 -0.010863 0.469019 0.369025 -0.080015 -0.174629 0.569754 -0.086289 -0.174947 0.571092 -0.010863 0.468701 0.370363 -0.004589 0.469019 0.369025 -0.080015 0.468701 0.370363 -0.004589 0.321824 -0.100364 0.003137 -0.321506 0.099027 -0.078563 0.322142 -0.101702 -0.072289 0.321824 -0.100364 0.003137 -0.321824 0.100364 -0.003137 " />
													<Normal vector="-0.885586 -0.464400 0.004486 0.464400 -0.885433 0.017640 0.376751 -0.712699 0.591662 -0.725516 -0.368938 0.580920 0.464400 -0.885433 0.017640 0.885586 0.464400 -0.004486 0.720634 0.389416 0.573565 0.376751 -0.712699 0.591662 0.885586 0.464400 -0.004486 -0.464400 0.885433 -0.017640 -0.381603 0.733177 0.562822 0.720634 0.389416 0.573565 -0.464400 0.885433 -0.017640 -0.885586 -0.464400 0.004486 -0.725516 -0.368938 0.580920 -0.381603 0.733177 0.562822 0.381603 -0.733177 -0.562822 -0.720634 -0.389416 -0.573565 -0.376751 0.712699 -0.591662 0.725516 0.368938 -0.580920 0.720634 0.389416 0.573565 -0.381603 0.733177 0.562822 -0.376751 0.712699 -0.591662 -0.885586 -0.464400 0.004486 -0.464400 0.885433 -0.017640 0.725516 0.368938 -0.580920 -0.376751 0.712699 -0.591662 -0.464400 0.885433 -0.017640 0.885586 0.464400 -0.004486 0.725516 0.368938 -0.580920 0.885586 0.464400 -0.004486 0.464400 -0.885433 0.017640 -0.720634 -0.389416 -0.573565 0.381603 -0.733177 -0.562822 0.464400 -0.885433 0.017640 -0.885586 -0.464400 0.004486 " />
													<TextureCoordinate point="0.1327 0.8219 0.1327 0.9700 0.2227 0.9700 0.2227 0.8219 0.1327 0.8219 0.1327 0.9700 0.2227 0.9700 0.2227 0.8219 0.1327 0.8219 0.1327 0.9700 0.2227 0.9700 0.2227 0.8219 0.1327 0.8219 0.1327 0.9700 0.2227 0.9700 0.2227 0.8219 0.2678 0.8256 0.2678 0.9738 0.4741 0.9738 0.4741 0.8256 0.0427 0.8219 0.0427 0.9700 0.2678 0.8256 0.3710 0.9738 0.3710 0.8256 0.2678 0.8256 0.2678 0.9738 0.3710 0.9738 0.3710 0.8256 0.2678 0.9738 0.3710 0.9738 0.3710 0.8256 0.2678 0.8256 0.2678 0.9738 0.3710 0.9738 0.3710 0.8256 " />
												</IndexedTriangleSet>
											</Shape>
										</Group>
									</Transform>
									<Transform DEF="Cube_036_TRANSFORM"
									           translation="0.123074 0.414277 -0.006788"
									           scale="1.000000 1.000000 1.000000"
									           rotation="0.000000 1.000000 0.000000 0.000000"
									           >
										<Transform DEF="Cube_036_ifs_TRANSFORM"
										           translation="0.000000 0.000000 0.000000"
										           scale="1.000000 1.000000 1.000000"
										           rotation="0.000000 1.000000 0.000000 0.000000"
										           >
											<Group DEF="group_ME_Cube_037">
												<Shape>
													<Appearance>
														<Material USE="MA_Body" />
													</Appearance>
													<IndexedTriangleSet solid="false"
													                    normalPerVertex="true"
													                    index="0 1 2 0 2 3 4 5 6 4 6 7 8 9 10 8 10 11 12 13 14 12 14 15 16 17 18 16 18 19 20 21 14 20 14 7 22 17 23 22 23 24 25 26 27 25 27 28 16 29 30 16 30 31 32 33 34 32 34 35 "
													                    >
														<Coordinate point="-0.263161 0.115528 -0.002674 0.263161 -0.115528 0.002674 0.262998 -0.114198 0.076238 -0.263324 0.116859 0.070890 0.263161 -0.115528 0.002674 0.483167 0.385423 -0.005898 0.483004 0.386754 0.067666 0.262998 -0.114198 0.076238 0.483167 0.385423 -0.005898 -0.043155 0.616480 -0.011247 -0.043318 0.617811 0.062317 0.483004 0.386754 0.067666 -0.043155 0.616480 -0.011247 -0.263161 0.115528 -0.002674 -0.263324 0.116859 0.070890 -0.043318 0.617811 0.062317 0.263324 -0.116859 -0.070890 -0.262998 0.114198 -0.076238 -0.042991 0.615150 -0.084810 0.483331 0.384093 -0.079462 0.483004 0.386754 0.067666 -0.043318 0.617811 0.062317 -0.042991 0.615150 -0.084810 -0.263161 0.115528 -0.002674 -0.043155 0.616480 -0.011247 0.483331 0.384093 -0.079462 -0.042991 0.615150 -0.084810 -0.043155 0.616480 -0.011247 0.483167 0.385423 -0.005898 0.483331 0.384093 -0.079462 0.483167 0.385423 -0.005898 0.263161 -0.115528 0.002674 -0.262998 0.114198 -0.076238 0.263324 -0.116859 -0.070890 0.263161 -0.115528 0.002674 -0.263161 0.115528 -0.002674 " />
														<Normal vector="-0.931730 -0.363109 0.004486 0.363109 -0.931547 0.017640 0.295206 -0.750175 0.591662 -0.762017 -0.286019 0.580920 0.363109 -0.931547 0.017640 0.931730 0.363109 -0.004486 0.759453 0.306894 0.573565 0.295206 -0.750175 0.591662 0.931730 0.363109 -0.004486 -0.363109 0.931547 -0.017640 -0.297769 0.771050 0.562822 0.759453 0.306894 0.573565 -0.363109 0.931547 -0.017640 -0.931730 -0.363109 0.004486 -0.762017 -0.286019 0.580920 -0.297769 0.771050 0.562822 0.297769 -0.771050 -0.562822 -0.759453 -0.306925 -0.573565 -0.295206 0.750175 -0.591662 0.762017 0.286019 -0.580920 0.759453 0.306894 0.573565 -0.297769 0.771050 0.562822 -0.295206 0.750175 -0.591662 -0.931730 -0.363109 0.004486 -0.363109 0.931547 -0.017640 0.762017 0.286019 -0.580920 -0.295206 0.750175 -0.591662 -0.363109 0.931547 -0.017640 0.931730 0.363109 -0.004486 0.762017 0.286019 -0.580920 0.931730 0.363109 -0.004486 0.363109 -0.931547 0.017640 -0.759453 -0.306925 -0.573565 0.297769 -0.771050 -0.562822 0.363109 -0.931547 0.017640 -0.931730 -0.363109 0.004486 " />
														<TextureCoordinate point="0.1327 0.8219 0.1327 0.9700 0.2227 0.9700 0.2227 0.8219 0.1327 0.8219 0.1327 0.9700 0.2227 0.9700 0.2227 0.8219 0.1327 0.8219 0.1327 0.9700 0.2227 0.9700 0.2227 0.8219 0.1327 0.8219 0.1327 0.9700 0.2227 0.9700 0.2227 0.8219 0.2678 0.8256 0.2678 0.9738 0.4741 0.9738 0.4741 0.8256 0.0427 0.8219 0.0427 0.9700 0.2678 0.8256 0.3710 0.9738 0.3710 0.8256 0.2678 0.8256 0.2678 0.9738 0.3710 0.9738 0.3710 0.8256 0.2678 0.9738 0.3710 0.9738 0.3710 0.8256 0.2678 0.8256 0.2678 0.9738 0.3710 0.9738 0.3710 0.8256 " />
													</IndexedTriangleSet>
												</Shape>
											</Group>
										</Transform>
										<Transform DEF="Cube_037_TRANSFORM"
										           translation="0.183532 0.417901 -0.007151"
										           scale="1.000000 1.000000 1.000000"
										           rotation="0.000000 1.000000 0.000000 0.000000"
										           >
											<Transform DEF="Cube_037_ifs_TRANSFORM"
											           translation="0.000000 0.000000 0.000000"
											           scale="1.000000 1.000000 1.000000"
											           rotation="0.000000 1.000000 0.000000 0.000000"
											           >
												<Group DEF="group_ME_Cube_078">
													<Shape>
														<Appearance>
															<Material USE="MA_Body" />
														</Appearance>
														<IndexedTriangleSet solid="false"
														                    normalPerVertex="true"
														                    index="0 1 2 0 2 3 4 5 6 4 6 7 8 9 10 8 10 11 12 13 14 12 14 15 16 17 18 16 18 19 20 21 14 20 14 7 22 17 23 22 23 24 25 26 27 25 27 28 16 29 30 16 30 31 32 33 34 32 34 35 "
														                    >
															<Coordinate point="-0.179178 0.105308 -0.001934 0.179178 -0.105308 0.001934 0.179174 -0.104524 0.044956 -0.179181 0.106092 0.041088 0.179178 -0.105308 0.001934 0.619513 0.643654 -0.011679 0.619509 0.644438 0.031344 0.179174 -0.104524 0.044956 0.619513 0.643654 -0.011679 0.261157 0.854270 -0.015546 0.261154 0.855054 0.027476 0.619509 0.644438 0.031344 0.261157 0.854270 -0.015546 -0.179178 0.105308 -0.001934 -0.179181 0.106092 0.041088 0.261154 0.855054 0.027476 0.179181 -0.106092 -0.041088 -0.179174 0.104524 -0.044956 0.261161 0.853486 -0.058568 0.619516 0.642870 -0.054701 0.619509 0.644438 0.031344 0.261154 0.855054 0.027476 0.261161 0.853486 -0.058568 -0.179178 0.105308 -0.001934 0.261157 0.854270 -0.015546 0.619516 0.642870 -0.054701 0.261161 0.853486 -0.058568 0.261157 0.854270 -0.015546 0.619513 0.643654 -0.011679 0.619516 0.642870 -0.054701 0.619513 0.643654 -0.011679 0.179178 -0.105308 0.001934 -0.179174 0.104524 -0.044956 0.179181 -0.106092 -0.041088 0.179178 -0.105308 0.001934 -0.179178 0.105308 -0.001934 " />
															<Normal vector="-0.967895 -0.251198 0.004486 0.251228 -0.967742 0.017640 0.205084 -0.779626 0.591662 -0.790338 -0.194586 0.580920 0.251228 -0.967742 0.017640 0.967895 0.251198 -0.004486 0.790246 0.215613 0.573565 0.205084 -0.779626 0.591662 0.967895 0.251198 -0.004486 -0.251228 0.967742 -0.017640 -0.205176 0.800684 0.562822 0.790246 0.215613 0.573565 -0.251228 0.967742 -0.017640 -0.967895 -0.251198 0.004486 -0.790338 -0.194586 0.580920 -0.205176 0.800684 0.562822 0.205176 -0.800684 -0.562822 -0.790246 -0.215613 -0.573565 -0.205084 0.779626 -0.591662 0.790338 0.194586 -0.580920 0.790246 0.215613 0.573565 -0.205176 0.800684 0.562822 -0.205084 0.779626 -0.591662 -0.967895 -0.251198 0.004486 -0.251228 0.967742 -0.017640 0.790338 0.194586 -0.580920 -0.205084 0.779626 -0.591662 -0.251228 0.967742 -0.017640 0.967895 0.251198 -0.004486 0.790338 0.194586 -0.580920 0.967895 0.251198 -0.004486 0.251228 -0.967742 0.017640 -0.790246 -0.215613 -0.573565 0.205176 -0.800684 -0.562822 0.251228 -0.967742 0.017640 -0.967895 -0.251198 0.004486 " />
															<TextureCoordinate point="0.1327 0.8219 0.1327 0.9700 0.2227 0.9700 0.2227 0.8219 0.1327 0.8219 0.1327 0.9700 0.2227 0.9700 0.2227 0.8219 0.1327 0.8219 0.1327 0.9700 0.2227 0.9700 0.2227 0.8219 0.1327 0.8219 0.1327 0.9700 0.2227 0.9700 0.2227 0.8219 0.2678 0.8256 0.2678 0.9738 0.4741 0.9738 0.4741 0.8256 0.0427 0.8219 0.0427 0.9700 0.2678 0.8256 0.3710 0.9738 0.3710 0.8256 0.2678 0.8256 0.2678 0.9738 0.3710 0.9738 0.3710 0.8256 0.2678 0.9738 0.3710 0.9738 0.3710 0.8256 0.2678 0.8256 0.2678 0.9738 0.3710 0.9738 0.3710 0.8256 " />
														</IndexedTriangleSet>
													</Shape>
												</Group>
											</Transform>
										</Transform>
									</Transform>
								</Transform>
							</Transform>
							<Transform DEF="Cube_083_TRANSFORM"
							           translation="-0.372949 -0.557513 0.003014"
							           scale="1.000000 1.000000 1.000000"
							           rotation="0.000000 1.000000 0.000000 0.000000"
							           >
								<Transform DEF="Cube_083_ifs_TRANSFORM"
								           translation="0.000000 0.000000 0.000000"
								           scale="1.000000 1.000000 1.000000"
								           rotation="0.000000 1.000000 0.000000 0.000000"
								           >
									<Group DEF="group_ME_Cube_084">
										<Shape>
											<Appearance>
												<Material USE="MA_Body" />
											</Appearance>
											<IndexedTriangleSet solid="false"
											                    normalPerVertex="true"
											                    index="0 1 2 0 2 3 4 5 6 4 6 7 8 9 10 8 10 11 12 13 14 12 14 15 4 13 16 4 16 17 18 19 14 18 14 7 "
											                    >
												<Coordinate point="-0.004931 -0.055428 -0.055647 0.004931 0.055428 -0.055647 0.004931 0.055428 0.055647 -0.004931 -0.055428 0.055647 0.004931 0.055428 -0.055647 -0.414357 0.092725 -0.055647 -0.414357 0.092725 0.055647 0.004931 0.055428 0.055647 -0.414357 0.092725 -0.055647 -0.424218 -0.018131 -0.055647 -0.424218 -0.018131 0.055647 -0.414357 0.092725 0.055647 -0.424218 -0.018131 -0.055647 -0.004931 -0.055428 -0.055647 -0.004931 -0.055428 0.055647 -0.424218 -0.018131 0.055647 -0.424218 -0.018131 -0.055647 -0.414357 0.092725 -0.055647 -0.414357 0.092725 0.055647 -0.424218 -0.018131 0.055647 " />
												<Normal vector="0.523911 -0.626209 -0.577349 0.626209 0.523911 -0.577349 0.626209 0.523911 0.577349 0.523911 -0.626209 0.577349 0.626209 0.523911 -0.577349 -0.523911 0.626209 -0.577349 -0.523911 0.626209 0.577349 0.626209 0.523911 0.577349 -0.523911 0.626209 -0.577349 -0.626209 -0.523911 -0.577349 -0.626209 -0.523911 0.577349 -0.523911 0.626209 0.577349 -0.626209 -0.523911 -0.577349 0.523911 -0.626209 -0.577349 0.523911 -0.626209 0.577349 -0.626209 -0.523911 0.577349 -0.626209 -0.523911 -0.577349 -0.523911 0.626209 -0.577349 -0.523911 0.626209 0.577349 -0.626209 -0.523911 0.577349 " />
												<TextureCoordinate point="0.2719 0.7016 0.2719 0.7939 0.4662 0.7939 0.4662 0.7016 0.2719 0.7016 0.2719 0.7939 0.4662 0.7939 0.4662 0.7016 0.2719 0.7016 0.2719 0.7939 0.4662 0.7939 0.4662 0.7016 0.2719 0.7016 0.2719 0.7939 0.4662 0.7939 0.4662 0.7016 0.4662 0.7939 0.4662 0.7016 0.2719 0.7016 0.2719 0.7939 " />
											</IndexedTriangleSet>
										</Shape>
									</Group>
								</Transform>
							</Transform>
							<Transform DEF="Cube_084_TRANSFORM"
							           translation="-0.323713 -0.004006 -0.009465"
							           scale="1.000000 1.000000 1.000000"
							           rotation="0.000000 1.000000 0.000000 0.000000"
							           >
								<Transform DEF="Cube_084_ifs_TRANSFORM"
								           translation="0.000000 0.000000 0.000000"
								           scale="1.000000 1.000000 1.000000"
								           rotation="0.000000 1.000000 0.000000 0.000000"
								           >
									<Group DEF="group_ME_Cube_085">
										<Shape>
											<Appearance>
												<Material USE="MA_Body" />
											</Appearance>
											<IndexedTriangleSet solid="false"
											                    normalPerVertex="true"
											                    index="0 1 2 0 2 3 4 5 6 4 6 7 8 9 10 8 10 11 12 13 14 12 14 15 4 13 16 4 16 17 18 19 14 18 14 7 "
											                    >
												<Coordinate point="-0.032390 -0.204712 -0.051908 0.032390 0.204712 -0.051908 0.032390 0.204712 0.051908 -0.032390 -0.204712 0.051908 0.032390 0.204712 -0.051908 -0.260198 0.251006 -0.051908 -0.260198 0.251006 0.051908 0.032390 0.204712 0.051908 -0.260198 0.251006 -0.051908 -0.324978 -0.158418 -0.051908 -0.324978 -0.158418 0.051908 -0.260198 0.251006 0.051908 -0.324978 -0.158418 -0.051908 -0.032390 -0.204712 -0.051908 -0.032390 -0.204712 0.051908 -0.324978 -0.158418 0.051908 -0.324978 -0.158418 -0.051908 -0.260198 0.251006 -0.051908 -0.260198 0.251006 0.051908 -0.324978 -0.158418 0.051908 " />
												<Normal vector="0.480026 -0.660482 -0.577349 0.660482 0.480026 -0.577349 0.660482 0.480026 0.577349 0.480026 -0.660482 0.577349 0.660482 0.480026 -0.577349 -0.480026 0.660482 -0.577349 -0.480026 0.660482 0.577349 0.660482 0.480026 0.577349 -0.480026 0.660482 -0.577349 -0.660482 -0.480026 -0.577349 -0.660482 -0.480026 0.577349 -0.480026 0.660482 0.577349 -0.660482 -0.480026 -0.577349 0.480026 -0.660482 -0.577349 0.480026 -0.660482 0.577349 -0.660482 -0.480026 0.577349 -0.660482 -0.480026 -0.577349 -0.480026 0.660482 -0.577349 -0.480026 0.660482 0.577349 -0.660482 -0.480026 0.577349 " />
												<TextureCoordinate point="0.2719 0.7016 0.2719 0.7939 0.4662 0.7939 0.4662 0.7016 0.2719 0.7016 0.2719 0.7939 0.4662 0.7939 0.4662 0.7016 0.2719 0.7016 0.2719 0.7939 0.4662 0.7939 0.4662 0.7016 0.2719 0.7016 0.2719 0.7939 0.4662 0.7939 0.4662 0.7016 0.4662 0.7939 0.4662 0.7016 0.2719 0.7016 0.2719 0.7939 " />
											</IndexedTriangleSet>
										</Shape>
									</Group>
								</Transform>
								<Transform DEF="Cube_085_TRANSFORM"
								           translation="-0.248300 0.039287 0.000000"
								           scale="1.000000 1.000000 1.000000"
								           rotation="0.000000 1.000000 0.000000 0.000000"
								           >
									<Transform DEF="Cube_085_ifs_TRANSFORM"
									           translation="0.000000 0.000000 0.000000"
									           scale="1.000000 1.000000 1.000000"
									           rotation="0.000000 1.000000 0.000000 0.000000"
									           >
										<Group DEF="group_ME_Cube_086">
											<Shape>
												<Appearance>
													<Material USE="MA_Body" />
												</Appearance>
												<IndexedTriangleSet solid="false"
												                    normalPerVertex="true"
												                    index="0 1 2 0 2 3 4 5 6 4 6 7 8 9 10 8 10 11 12 13 14 12 14 15 4 13 16 4 16 17 18 19 14 18 14 7 "
												                    >
													<Coordinate point="-0.036221 -0.126497 -0.041427 0.036221 0.126497 -0.041427 0.036221 0.126497 0.041427 -0.036221 -0.126497 0.041427 0.036221 0.126497 -0.041427 -0.289931 0.219887 -0.041427 -0.289931 0.219887 0.041427 0.036221 0.126497 0.041427 -0.289931 0.219887 -0.041427 -0.362373 -0.033108 -0.041427 -0.362373 -0.033108 0.041427 -0.289931 0.219887 0.041427 -0.362373 -0.033108 -0.041427 -0.036221 -0.126497 -0.041427 -0.036221 -0.126497 0.041427 -0.362373 -0.033108 0.041427 -0.362373 -0.033108 -0.041427 -0.289931 0.219887 -0.041427 -0.289931 0.219887 0.041427 -0.362373 -0.033108 0.041427 " />
													<Normal vector="0.396100 -0.713950 -0.577349 0.713950 0.396100 -0.577349 0.713950 0.396100 0.577349 0.396100 -0.713950 0.577349 0.713950 0.396100 -0.577349 -0.396100 0.713950 -0.577349 -0.396100 0.713950 0.577349 0.713950 0.396100 0.577349 -0.396100 0.713950 -0.577349 -0.713950 -0.396100 -0.577349 -0.713950 -0.396100 0.577349 -0.396100 0.713950 0.577349 -0.713950 -0.396100 -0.577349 0.396100 -0.713950 -0.577349 0.396100 -0.713950 0.577349 -0.713950 -0.396100 0.577349 -0.713950 -0.396100 -0.577349 -0.396100 0.713950 -0.577349 -0.396100 0.713950 0.577349 -0.713950 -0.396100 0.577349 " />
													<TextureCoordinate point="0.2719 0.7016 0.2719 0.7939 0.4662 0.7939 0.4662 0.7016 0.2719 0.7016 0.2719 0.7939 0.4662 0.7939 0.4662 0.7016 0.2719 0.7016 0.2719 0.7939 0.4662 0.7939 0.4662 0.7016 0.2719 0.7016 0.2719 0.7939 0.4662 0.7939 0.4662 0.7016 0.4662 0.7939 0.4662 0.7016 0.2719 0.7016 0.2719 0.7939 " />
												</IndexedTriangleSet>
											</Shape>
										</Group>
									</Transform>
								</Transform>
							</Transform>
							<Transform DEF="Cube_086_TRANSFORM"
							           translation="-0.251090 0.657982 -0.012913"
							           scale="1.000000 1.000000 1.000000"
							           rotation="0.000000 1.000000 0.000000 0.000000"
							           >
								<Transform DEF="Cube_086_ifs_TRANSFORM"
								           translation="0.000000 0.000000 0.000000"
								           scale="1.000000 1.000000 1.000000"
								           rotation="0.000000 1.000000 0.000000 0.000000"
								           >
									<Group DEF="group_ME_Cube_087">
										<Shape>
											<Appearance>
												<Material USE="MA_Body" />
											</Appearance>
											<IndexedTriangleSet solid="false"
											                    normalPerVertex="true"
											                    index="0 1 2 0 2 3 4 5 6 4 6 7 8 9 10 8 10 11 12 13 14 12 14 15 4 13 16 4 16 17 18 19 14 18 14 7 "
											                    >
												<Coordinate point="-0.051125 -0.175092 -0.053306 0.051125 0.175092 -0.053306 0.051125 0.175092 0.053306 -0.051125 -0.175092 0.053306 0.051125 0.175092 -0.053306 -0.199127 0.248163 -0.053306 -0.199127 0.248163 0.053306 0.051125 0.175092 0.053306 -0.199127 0.248163 -0.053306 -0.301378 -0.102021 -0.053306 -0.301378 -0.102021 0.053306 -0.199127 0.248163 0.053306 -0.301378 -0.102021 -0.053306 -0.051125 -0.175092 -0.053306 -0.051125 -0.175092 0.053306 -0.301378 -0.102021 0.053306 -0.301378 -0.102021 -0.053306 -0.199127 0.248163 -0.053306 -0.199127 0.248163 0.053306 -0.301378 -0.102021 0.053306 " />
												<Normal vector="0.392376 -0.716025 -0.577349 0.716025 0.392376 -0.577349 0.716025 0.392376 0.577349 0.392376 -0.716025 0.577349 0.716025 0.392376 -0.577349 -0.392376 0.716025 -0.577349 -0.392376 0.716025 0.577349 0.716025 0.392376 0.577349 -0.392376 0.716025 -0.577349 -0.716025 -0.392376 -0.577349 -0.716025 -0.392376 0.577349 -0.392376 0.716025 0.577349 -0.716025 -0.392376 -0.577349 0.392376 -0.716025 -0.577349 0.392376 -0.716025 0.577349 -0.716025 -0.392376 0.577349 -0.716025 -0.392376 -0.577349 -0.392376 0.716025 -0.577349 -0.392376 0.716025 0.577349 -0.716025 -0.392376 0.577349 " />
												<TextureCoordinate point="0.2719 0.7016 0.2719 0.7939 0.4662 0.7939 0.4662 0.7016 0.2719 0.7016 0.2719 0.7939 0.4662 0.7939 0.4662 0.7016 0.2719 0.7016 0.2719 0.7939 0.4662 0.7939 0.4662 0.7016 0.2719 0.7016 0.2719 0.7939 0.4662 0.7939 0.4662 0.7016 0.4662 0.7939 0.4662 0.7016 0.2719 0.7016 0.2719 0.7939 " />
											</IndexedTriangleSet>
										</Shape>
									</Group>
								</Transform>
								<Transform DEF="Cube_087_TRANSFORM"
								           translation="-0.205032 0.079086 -0.000000"
								           scale="1.000000 1.000000 1.000000"
								           rotation="0.000000 1.000000 0.000000 0.000000"
								           >
									<Transform DEF="Cube_087_ifs_TRANSFORM"
									           translation="0.000000 0.000000 0.000000"
									           scale="1.000000 1.000000 1.000000"
									           rotation="0.000000 1.000000 0.000000 0.000000"
									           >
										<Group DEF="group_ME_Cube_088">
											<Shape>
												<Appearance>
													<Material USE="MA_Body" />
												</Appearance>
												<IndexedTriangleSet solid="false"
												                    normalPerVertex="true"
												                    index="0 1 2 0 2 3 4 5 6 4 6 7 8 9 10 8 10 11 12 13 14 12 14 15 4 13 16 4 16 17 18 19 14 18 14 7 "
												                    >
													<Coordinate point="-0.045739 -0.106385 -0.042543 0.045739 0.106385 -0.042543 0.045739 0.106385 0.042543 -0.045739 -0.106385 0.042543 0.045739 0.106385 -0.042543 -0.186585 0.206271 -0.042543 -0.186585 0.206271 0.042543 0.045739 0.106385 0.042543 -0.186585 0.206271 -0.042543 -0.278064 -0.006500 -0.042543 -0.278064 -0.006500 0.042543 -0.186585 0.206271 0.042543 -0.278064 -0.006500 -0.042543 -0.045739 -0.106385 -0.042543 -0.045739 -0.106385 0.042543 -0.278064 -0.006500 0.042543 -0.278064 -0.006500 -0.042543 -0.186585 0.206271 -0.042543 -0.186585 0.206271 0.042543 -0.278064 -0.006500 0.042543 " />
													<Normal vector="0.302347 -0.758446 -0.577349 0.758446 0.302347 -0.577349 0.758446 0.302347 0.577349 0.302347 -0.758446 0.577349 0.758446 0.302347 -0.577349 -0.302347 0.758446 -0.577349 -0.302347 0.758446 0.577349 0.758446 0.302347 0.577349 -0.302347 0.758446 -0.577349 -0.758446 -0.302347 -0.577349 -0.758446 -0.302347 0.577349 -0.302347 0.758446 0.577349 -0.758446 -0.302347 -0.577349 0.302347 -0.758446 -0.577349 0.302347 -0.758446 0.577349 -0.758446 -0.302347 0.577349 -0.758446 -0.302347 -0.577349 -0.302347 0.758446 -0.577349 -0.302347 0.758446 0.577349 -0.758446 -0.302347 0.577349 " />
													<TextureCoordinate point="0.2719 0.7016 0.2719 0.7939 0.4662 0.7939 0.4662 0.7016 0.2719 0.7016 0.2719 0.7939 0.4662 0.7939 0.4662 0.7016 0.2719 0.7016 0.2719 0.7939 0.4662 0.7939 0.4662 0.7016 0.2719 0.7016 0.2719 0.7939 0.4662 0.7939 0.4662 0.7016 0.4662 0.7939 0.4662 0.7016 0.2719 0.7016 0.2719 0.7939 " />
												</IndexedTriangleSet>
											</Shape>
										</Group>
									</Transform>
								</Transform>
							</Transform>
							<Transform DEF="Cube_088_TRANSFORM"
							           translation="-0.041692 1.226767 -0.016954"
							           scale="1.000000 1.000000 1.000000"
							           rotation="0.000000 1.000000 0.000000 0.000000"
							           >
								<Transform DEF="Cube_088_ifs_TRANSFORM"
								           translation="0.000000 0.000000 0.000000"
								           scale="1.000000 1.000000 1.000000"
								           rotation="0.000000 1.000000 0.000000 0.000000"
								           >
									<Group DEF="group_ME_Cube_089">
										<Shape>
											<Appearance>
												<Material USE="MA_Body" />
											</Appearance>
											<IndexedTriangleSet solid="false"
											                    normalPerVertex="true"
											                    index="0 1 2 0 2 3 4 5 6 4 6 7 8 9 10 8 10 11 12 13 14 12 14 15 4 13 16 4 16 17 18 19 14 18 14 7 "
											                    >
												<Coordinate point="-0.072053 -0.154368 -0.050232 0.072053 0.154368 -0.050232 0.072053 0.154368 0.050232 -0.072053 -0.154368 0.050232 0.072053 0.154368 -0.050232 -0.148579 0.257351 -0.050232 -0.148579 0.257351 0.050232 0.072053 0.154368 0.050232 -0.148579 0.257351 -0.050232 -0.292685 -0.051384 -0.050232 -0.292685 -0.051384 0.050232 -0.148579 0.257351 0.050232 -0.292685 -0.051384 -0.050232 -0.072053 -0.154368 -0.050232 -0.072053 -0.154368 0.050232 -0.292685 -0.051384 0.050232 -0.292685 -0.051384 -0.050232 -0.148579 0.257351 -0.050232 -0.148579 0.257351 0.050232 -0.292685 -0.051384 0.050232 " />
												<Normal vector="0.278970 -0.767357 -0.577349 0.767357 0.278970 -0.577349 0.767357 0.278970 0.577349 0.278970 -0.767357 0.577349 0.767357 0.278970 -0.577349 -0.278970 0.767357 -0.577349 -0.278970 0.767357 0.577349 0.767357 0.278970 0.577349 -0.278970 0.767357 -0.577349 -0.767357 -0.278970 -0.577349 -0.767357 -0.278970 0.577349 -0.278970 0.767357 0.577349 -0.767357 -0.278970 -0.577349 0.278970 -0.767357 -0.577349 0.278970 -0.767357 0.577349 -0.767357 -0.278970 0.577349 -0.767357 -0.278970 -0.577349 -0.278970 0.767357 -0.577349 -0.278970 0.767357 0.577349 -0.767357 -0.278970 0.577349 " />
												<TextureCoordinate point="0.2719 0.7016 0.2719 0.7939 0.4662 0.7939 0.4662 0.7016 0.2719 0.7016 0.2719 0.7939 0.4662 0.7939 0.4662 0.7016 0.2719 0.7016 0.2719 0.7939 0.4662 0.7939 0.4662 0.7016 0.2719 0.7016 0.2719 0.7939 0.4662 0.7939 0.4662 0.7016 0.4662 0.7939 0.4662 0.7016 0.2719 0.7016 0.2719 0.7939 " />
											</IndexedTriangleSet>
										</Shape>
									</Group>
								</Transform>
								<Transform DEF="Cube_089_TRANSFORM"
								           translation="-0.178035 0.102115 0.000000"
								           scale="1.000000 1.000000 1.000000"
								           rotation="0.000000 1.000000 0.000000 0.000000"
								           >
									<Transform DEF="Cube_089_ifs_TRANSFORM"
									           translation="0.000000 0.000000 0.000000"
									           scale="1.000000 1.000000 1.000000"
									           rotation="0.000000 1.000000 0.000000 0.000000"
									           >
										<Group DEF="group_ME_Cube_090">
											<Shape>
												<Appearance>
													<Material USE="MA_Body" />
												</Appearance>
												<IndexedTriangleSet solid="false"
												                    normalPerVertex="true"
												                    index="0 1 2 0 2 3 4 5 6 4 6 7 8 9 10 8 10 11 12 13 14 12 14 15 4 13 16 4 16 17 18 19 14 18 14 7 "
												                    >
													<Coordinate point="-0.057327 -0.091710 -0.040090 0.057327 0.091710 -0.040090 0.057327 0.091710 0.040090 -0.057327 -0.091710 0.040090 0.057327 0.091710 -0.040090 -0.142949 0.216900 -0.040090 -0.142949 0.216900 0.040090 0.057327 0.091710 0.040090 -0.142949 0.216900 -0.040090 -0.257602 0.033481 -0.040090 -0.257602 0.033481 0.040090 -0.142949 0.216900 0.040090 -0.257602 0.033481 -0.040090 -0.057327 -0.091710 -0.040090 -0.057327 -0.091710 0.040090 -0.257602 0.033481 0.040090 -0.257602 0.033481 -0.040090 -0.142949 0.216900 -0.040090 -0.142949 0.216900 0.040090 -0.257602 0.033481 0.040090 " />
													<Normal vector="0.183538 -0.795587 -0.577349 0.795587 0.183538 -0.577349 0.795587 0.183538 0.577349 0.183538 -0.795587 0.577349 0.795587 0.183538 -0.577349 -0.183538 0.795587 -0.577349 -0.183538 0.795587 0.577349 0.795587 0.183538 0.577349 -0.183538 0.795587 -0.577349 -0.795587 -0.183538 -0.577349 -0.795587 -0.183538 0.577349 -0.183538 0.795587 0.577349 -0.795587 -0.183538 -0.577349 0.183538 -0.795587 -0.577349 0.183538 -0.795587 0.577349 -0.795587 -0.183538 0.577349 -0.795587 -0.183538 -0.577349 -0.183538 0.795587 -0.577349 -0.183538 0.795587 0.577349 -0.795587 -0.183538 0.577349 " />
													<TextureCoordinate point="0.2719 0.7016 0.2719 0.7939 0.4662 0.7939 0.4662 0.7016 0.2719 0.7016 0.2719 0.7939 0.4662 0.7939 0.4662 0.7016 0.2719 0.7016 0.2719 0.7939 0.4662 0.7939 0.4662 0.7016 0.2719 0.7016 0.2719 0.7939 0.4662 0.7939 0.4662 0.7016 0.4662 0.7939 0.4662 0.7016 0.2719 0.7016 0.2719 0.7939 " />
												</IndexedTriangleSet>
											</Shape>
										</Group>
									</Transform>
								</Transform>
							</Transform>
							<Transform DEF="Cube_090_TRANSFORM"
							           translation="0.196832 1.747571 -0.025037"
							           scale="1.000000 1.000000 1.000000"
							           rotation="0.000000 1.000000 0.000000 0.000000"
							           >
								<Transform DEF="Cube_090_ifs_TRANSFORM"
								           translation="0.000000 0.000000 0.000000"
								           scale="1.000000 1.000000 1.000000"
								           rotation="0.000000 1.000000 0.000000 0.000000"
								           >
									<Group DEF="group_ME_Cube_091">
										<Shape>
											<Appearance>
												<Material USE="MA_Body" />
											</Appearance>
											<IndexedTriangleSet solid="false"
											                    normalPerVertex="true"
											                    index="0 1 2 0 2 3 4 5 6 4 6 7 8 9 10 8 10 11 12 13 14 12 14 15 4 13 16 4 16 17 18 19 14 18 14 7 "
											                    >
												<Coordinate point="-0.083879 -0.104486 -0.045287 0.083879 0.104486 -0.045287 0.083879 0.104486 0.045287 -0.083879 -0.104486 0.045287 0.083879 0.104486 -0.045287 -0.065459 0.224370 -0.045287 -0.065459 0.224370 0.045287 0.083879 0.104486 0.045287 -0.065459 0.224370 -0.045287 -0.233216 0.015399 -0.045287 -0.233216 0.015399 0.045287 -0.065459 0.224370 0.045287 -0.233216 0.015399 -0.045287 -0.083879 -0.104486 -0.045287 -0.083879 -0.104486 0.045287 -0.233216 0.015399 0.045287 -0.233216 0.015399 -0.045287 -0.065459 0.224370 -0.045287 -0.065459 0.224370 0.045287 -0.233216 0.015399 0.045287 " />
												<Normal vector="0.088778 -0.811640 -0.577349 0.811640 0.088778 -0.577349 0.811640 0.088778 0.577349 0.088778 -0.811640 0.577349 0.811640 0.088778 -0.577349 -0.088778 0.811640 -0.577349 -0.088778 0.811640 0.577349 0.811640 0.088778 0.577349 -0.088778 0.811640 -0.577349 -0.811640 -0.088778 -0.577349 -0.811640 -0.088778 0.577349 -0.088778 0.811640 0.577349 -0.811640 -0.088778 -0.577349 0.088778 -0.811640 -0.577349 0.088778 -0.811640 0.577349 -0.811640 -0.088778 0.577349 -0.811640 -0.088778 -0.577349 -0.088778 0.811640 -0.577349 -0.088778 0.811640 0.577349 -0.811640 -0.088778 0.577349 " />
												<TextureCoordinate point="0.2719 0.7016 0.2719 0.7939 0.4662 0.7939 0.4662 0.7016 0.2719 0.7016 0.2719 0.7939 0.4662 0.7939 0.4662 0.7016 0.2719 0.7016 0.2719 0.7939 0.4662 0.7939 0.4662 0.7016 0.2719 0.7016 0.2719 0.7939 0.4662 0.7939 0.4662 0.7016 0.4662 0.7939 0.4662 0.7016 0.2719 0.7016 0.2719 0.7939 " />
											</IndexedTriangleSet>
										</Shape>
									</Group>
								</Transform>
								<Transform DEF="Cube_091_TRANSFORM"
								           translation="-0.116955 0.111266 0.000000"
								           scale="1.000000 1.000000 1.000000"
								           rotation="0.000000 1.000000 0.000000 0.000000"
								           >
									<Transform DEF="Cube_091_ifs_TRANSFORM"
									           translation="0.000000 0.000000 0.000000"
									           scale="1.000000 1.000000 1.000000"
									           rotation="0.000000 1.000000 0.000000 0.000000"
									           >
										<Group DEF="group_ME_Cube_092">
											<Shape>
												<Appearance>
													<Material USE="MA_Body" />
												</Appearance>
												<IndexedTriangleSet solid="false"
												                    normalPerVertex="true"
												                    index="0 1 2 0 2 3 4 5 6 4 6 7 8 9 10 8 10 11 12 13 14 12 14 15 4 13 16 4 16 17 18 19 14 18 14 7 "
												                    >
													<Coordinate point="-0.060926 -0.059363 -0.036143 0.060926 0.059363 -0.036143 0.060926 0.059363 0.036143 -0.060926 -0.059363 0.036143 0.060926 0.059363 -0.036143 -0.068712 0.192413 -0.036143 -0.068712 0.192413 0.036143 0.060926 0.059363 0.036143 -0.068712 0.192413 -0.036143 -0.190564 0.073687 -0.036143 -0.190564 0.073687 0.036143 -0.068712 0.192413 0.036143 -0.190564 0.073687 -0.036143 -0.060926 -0.059363 -0.036143 -0.060926 -0.059363 0.036143 -0.190564 0.073687 0.036143 -0.190564 0.073687 -0.036143 -0.068712 0.192413 -0.036143 -0.068712 0.192413 0.036143 -0.190564 0.073687 0.036143 " />
													<Normal vector="-0.010590 -0.816401 -0.577349 0.816401 -0.010590 -0.577349 0.816401 -0.010590 0.577349 -0.010590 -0.816401 0.577349 0.816401 -0.010590 -0.577349 0.010590 0.816401 -0.577349 0.010590 0.816401 0.577349 0.816401 -0.010590 0.577349 0.010590 0.816401 -0.577349 -0.816401 0.010590 -0.577349 -0.816401 0.010590 0.577349 0.010590 0.816401 0.577349 -0.816401 0.010590 -0.577349 -0.010590 -0.816401 -0.577349 -0.010590 -0.816401 0.577349 -0.816401 0.010590 0.577349 -0.816401 0.010590 -0.577349 0.010590 0.816401 -0.577349 0.010590 0.816401 0.577349 -0.816401 0.010590 0.577349 " />
													<TextureCoordinate point="0.2719 0.7016 0.2719 0.7939 0.4662 0.7939 0.4662 0.7016 0.2719 0.7016 0.2719 0.7939 0.4662 0.7939 0.4662 0.7016 0.2719 0.7016 0.2719 0.7939 0.4662 0.7939 0.4662 0.7016 0.2719 0.7016 0.2719 0.7939 0.4662 0.7939 0.4662 0.7016 0.4662 0.7939 0.4662 0.7016 0.2719 0.7016 0.2719 0.7939 " />
												</IndexedTriangleSet>
											</Shape>
										</Group>
									</Transform>
								</Transform>
							</Transform>
						</Transform>
					</Transform>
					<Transform DEF="Cube_099_TRANSFORM"
					           translation="-0.261476 -0.017292 0.030707"
					           scale="1.000000 1.000000 1.000000"
					           rotation="0.000000 1.000000 0.000000 0.000000"
					           >
						<Transform DEF="Cube_099_ifs_TRANSFORM"
						           translation="0.000000 0.000000 0.000000"
						           scale="1.000000 1.000000 1.000000"
						           rotation="0.000000 1.000000 0.000000 0.000000"
						           >
							<Group DEF="group_ME_Cube_100">
								<Shape>
									<Appearance>
										<Material USE="MA_Body" />
									</Appearance>
									<IndexedTriangleSet solid="false"
									                    normalPerVertex="true"
									                    index="0 1 2 0 2 3 4 5 6 4 6 7 8 9 10 8 10 11 12 13 14 12 14 15 4 13 16 4 16 17 18 19 14 18 14 7 "
									                    >
										<Coordinate point="-0.070967 -0.022367 0.003680 -0.071098 0.022096 0.002639 0.070967 0.022367 -0.003680 0.071098 -0.022096 -0.002639 -0.071098 0.022096 0.002639 -0.062640 0.026575 0.192997 0.079425 0.026847 0.186678 0.070967 0.022367 -0.003680 -0.062640 0.026575 0.192997 -0.062509 -0.017887 0.194037 0.079556 -0.017616 0.187718 0.079425 0.026847 0.186678 -0.062509 -0.017887 0.194037 -0.070967 -0.022367 0.003680 0.071098 -0.022096 -0.002639 0.079556 -0.017616 0.187718 -0.062509 -0.017887 0.194037 -0.062640 0.026575 0.192997 0.079425 0.026847 0.186678 0.079556 -0.017616 0.187718 " />
										<Normal vector="-0.600696 -0.591845 -0.537431 -0.604083 0.562517 -0.564470 0.549425 0.564714 -0.615772 0.552843 -0.589648 -0.588763 -0.604083 0.562517 -0.564470 -0.552843 0.589648 0.588763 0.600696 0.591845 0.537431 0.549425 0.564714 -0.615772 -0.552843 0.589648 0.588763 -0.549425 -0.564714 0.615772 0.604083 -0.562517 0.564470 0.600696 0.591845 0.537431 -0.549425 -0.564714 0.615772 -0.600696 -0.591845 -0.537431 0.552843 -0.589648 -0.588763 0.604083 -0.562517 0.564470 -0.549425 -0.564714 0.615772 -0.552843 0.589648 0.588763 0.600696 0.591845 0.537431 0.604083 -0.562517 0.564470 " />
										<TextureCoordinate point="0.3185 0.7028 0.3185 0.7965 0.4122 0.7965 0.4122 0.7028 0.3185 0.7028 0.3185 0.7965 0.4122 0.7965 0.4122 0.7028 0.3185 0.7028 0.3185 0.7965 0.4122 0.7965 0.4122 0.7028 0.3185 0.7028 0.3185 0.7965 0.4122 0.7965 0.4122 0.7028 0.4122 0.7965 0.4122 0.7028 0.3185 0.7028 0.3185 0.7965 " />
									</IndexedTriangleSet>
								</Shape>
							</Group>
						</Transform>
					</Transform>
				</Transform>
			</Transform>
			<Transform DEF="leg1_TRANSFORM"
			           translation="0.191520 -0.023678 0.554842"
			           scale="1.000000 1.000000 1.000000"
			           rotation="0.000000 1.000000 0.000000 0.000000"
			           >
				<Transform DEF="leg1_ifs_TRANSFORM"
				           translation="0.000000 0.000000 0.000000"
				           scale="1.000000 1.000000 1.000000"
				           rotation="0.000000 1.000000 0.000000 0.000000"
				           >
					<Group DEF="group_ME_leg1">
						<Shape>
							<Appearance>
								<Material USE="MA_Body" />
							</Appearance>
							<IndexedTriangleSet solid="false"
							                    normalPerVertex="true"
							                    index="0 1 2 0 2 3 4 5 6 4 6 7 8 9 10 8 10 11 12 13 14 12 14 15 4 16 17 4 17 15 18 5 14 18 14 19 "
							                    >
								<Coordinate point="0.196875 -0.585519 -0.448091 -0.187835 -0.320065 0.026747 -0.187835 0.190428 -0.258639 0.196875 -0.075026 -0.733477 0.196875 -0.075026 -0.733477 -0.187835 0.190428 -0.258639 0.187835 0.320065 -0.026747 0.572545 0.054611 -0.501585 0.572545 0.054611 -0.501585 0.187835 0.320065 -0.026747 0.187835 -0.190428 0.258639 0.572545 -0.455882 -0.216199 0.572545 -0.455882 -0.216199 0.187835 -0.190428 0.258639 -0.187835 -0.320065 0.026747 0.196875 -0.585519 -0.448091 0.572545 0.054611 -0.501585 0.572545 -0.455882 -0.216199 0.187835 0.320065 -0.026747 0.187835 -0.190428 0.258639 " />
								<Normal vector="-0.138005 -0.896634 -0.420698 -0.804743 -0.436567 0.402203 -0.804743 0.571276 -0.161229 -0.138005 0.111240 -0.984130 -0.138005 0.111240 -0.984130 -0.804743 0.571276 -0.161229 0.138005 0.896634 0.420698 0.804743 0.436567 -0.402203 0.804743 0.436567 -0.402203 0.138005 0.896634 0.420698 0.138005 -0.111240 0.984130 0.804743 -0.571276 0.161229 0.804743 -0.571276 0.161229 0.138005 -0.111240 0.984130 -0.804743 -0.436567 0.402203 -0.138005 -0.896634 -0.420698 0.804743 0.436567 -0.402203 0.804743 -0.571276 0.161229 0.138005 0.896634 0.420698 0.138005 -0.111240 0.984130 " />
								<TextureCoordinate point="0.0339 0.8221 0.2240 0.8221 0.2240 0.9774 0.0339 0.9774 0.0339 0.8221 0.2240 0.8221 0.2240 0.9774 0.0339 0.9774 0.0339 0.8221 0.2240 0.8221 0.2240 0.9774 0.0339 0.9774 0.0339 0.8221 0.2240 0.8221 0.2240 0.9774 0.0339 0.9774 0.2240 0.8221 0.2240 0.9774 0.0339 0.8221 0.0339 0.9774 " />
							</IndexedTriangleSet>
						</Shape>
					</Group>
				</Transform>
				<Transform DEF="Cube_018_TRANSFORM"
				           translation="0.298738 -0.229850 -0.381190"
				           scale="1.000000 1.000000 1.000000"
				           rotation="0.000000 1.000000 0.000000 0.000000"
				           >
					<Transform DEF="Cube_018_ifs_TRANSFORM"
					           translation="0.000000 0.000000 0.000000"
					           scale="1.000000 1.000000 1.000000"
					           rotation="0.000000 1.000000 0.000000 0.000000"
					           >
						<Group DEF="group_ME_Cube_018">
							<Shape>
								<Appearance>
									<Material USE="MA_Body" />
								</Appearance>
								<IndexedTriangleSet solid="false"
								                    normalPerVertex="true"
								                    index="0 1 2 0 2 3 4 5 6 4 6 7 8 9 10 8 10 11 12 13 14 12 14 15 4 16 17 4 17 15 18 5 14 18 14 19 "
								                    >
									<Coordinate point="0.095625 -0.437189 -0.288905 -0.157537 -0.265277 0.018607 -0.157537 0.154797 -0.216232 0.095625 -0.017115 -0.523744 0.095625 -0.017115 -0.523744 -0.157537 0.154797 -0.216232 0.157537 0.265277 -0.018607 0.410700 0.093365 -0.326119 0.410700 0.093365 -0.326119 0.157537 0.265277 -0.018607 0.157537 -0.154797 0.216232 0.410700 -0.326709 -0.091280 0.410700 -0.326709 -0.091280 0.157537 -0.154797 0.216232 -0.157537 -0.265277 0.018607 0.095625 -0.437189 -0.288905 0.410700 0.093365 -0.326119 0.410700 -0.326709 -0.091280 0.157537 0.265277 -0.018607 0.157537 -0.154797 0.216232 " />
									<Normal vector="-0.131932 -0.897122 -0.421583 -0.805750 -0.439558 0.396863 -0.805750 0.568316 -0.166540 -0.131932 0.110752 -0.985046 -0.131932 0.110752 -0.985046 -0.805750 0.568316 -0.166540 0.131932 0.897122 0.421583 0.805750 0.439558 -0.396863 0.805750 0.439558 -0.396863 0.131932 0.897122 0.421583 0.131932 -0.110752 0.985046 0.805750 -0.568316 0.166540 0.805750 -0.568316 0.166540 0.131932 -0.110752 0.985046 -0.805750 -0.439558 0.396863 -0.131932 -0.897122 -0.421583 0.805750 0.439558 -0.396863 0.805750 -0.568316 0.166540 0.131932 0.897122 0.421583 0.131932 -0.110752 0.985046 " />
									<TextureCoordinate point="0.0339 0.8221 0.2240 0.8221 0.2240 0.9774 0.0339 0.9774 0.0339 0.8221 0.2240 0.8221 0.2240 0.9774 0.0339 0.9774 0.0339 0.8221 0.2240 0.8221 0.2240 0.9774 0.0339 0.9774 0.0339 0.8221 0.2240 0.8221 0.2240 0.9774 0.0339 0.9774 0.2240 0.8221 0.2240 0.9774 0.0339 0.8221 0.0339 0.9774 " />
								</IndexedTriangleSet>
							</Shape>
						</Group>
					</Transform>
				</Transform>
				<Transform DEF="leg1_1_TRANSFORM"
				           translation="0.569349 -0.531087 -0.580645"
				           scale="1.000000 1.000000 1.000000"
				           rotation="0.000000 1.000000 0.000000 0.000000"
				           >
					<Transform DEF="leg1_1_ifs_TRANSFORM"
					           translation="0.000000 0.000000 0.000000"
					           scale="1.000000 1.000000 1.000000"
					           rotation="0.000000 1.000000 0.000000 0.000000"
					           >
						<Group DEF="group_ME_leg1_1">
							<Shape>
								<Appearance>
									<Material USE="MA_Body" />
								</Appearance>
								<IndexedTriangleSet solid="false"
								                    normalPerVertex="true"
								                    index="0 1 2 0 2 3 4 5 6 4 6 7 8 9 10 8 10 11 12 13 14 12 14 15 4 16 17 4 17 15 18 5 14 18 14 19 "
								                    >
									<Coordinate point="-0.142096 0.066919 -0.318789 -0.083658 -0.135166 -0.104802 -0.159367 0.050442 0.091158 -0.217805 0.252527 -0.122829 -0.217805 0.252527 -0.122829 -0.159367 0.050442 0.091158 0.083658 0.135166 0.104802 0.025220 0.337251 -0.109186 0.025220 0.337251 -0.109186 0.083658 0.135166 0.104802 0.159367 -0.050442 -0.091158 0.100929 0.151643 -0.305146 0.100929 0.151643 -0.305146 0.159367 -0.050442 -0.091158 -0.083658 -0.135166 -0.104802 -0.142096 0.066919 -0.318789 0.025220 0.337251 -0.109186 0.100929 0.151643 -0.305146 0.083658 0.135166 0.104802 0.159367 -0.050442 -0.091158 " />
									<Normal vector="-0.500900 -0.183233 -0.845851 -0.276040 -0.960875 -0.022431 -0.587878 -0.196326 0.784722 -0.812769 0.581286 -0.038667 -0.812769 0.581286 -0.038667 -0.587878 -0.196326 0.784722 0.500900 0.183233 0.845851 0.276040 0.960875 0.022431 0.276040 0.960875 0.022431 0.500900 0.183233 0.845851 0.812769 -0.581286 0.038667 0.587878 0.196326 -0.784722 0.587878 0.196326 -0.784722 0.812769 -0.581286 0.038667 -0.276040 -0.960875 -0.022431 -0.500900 -0.183233 -0.845851 0.276040 0.960875 0.022431 0.587878 0.196326 -0.784722 0.500900 0.183233 0.845851 0.812769 -0.581286 0.038667 " />
									<TextureCoordinate point="0.0339 0.8221 0.2240 0.8221 0.2240 0.9774 0.0339 0.9774 0.0339 0.8221 0.2240 0.8221 0.2240 0.9774 0.0339 0.9774 0.0339 0.8221 0.2240 0.8221 0.2240 0.9774 0.0339 0.9774 0.0339 0.8221 0.2240 0.8221 0.2240 0.9774 0.0339 0.9774 0.2240 0.8221 0.2240 0.9774 0.0339 0.8221 0.0339 0.9774 " />
								</IndexedTriangleSet>
							</Shape>
						</Group>
					</Transform>
					<Transform DEF="Cube_020_TRANSFORM"
					           translation="-0.043211 0.170125 -0.177884"
					           scale="1.000000 1.000000 1.000000"
					           rotation="0.000000 1.000000 0.000000 0.000000"
					           >
						<Transform DEF="Cube_020_ifs_TRANSFORM"
						           translation="0.000000 0.000000 0.000000"
						           scale="1.000000 1.000000 1.000000"
						           rotation="0.000000 1.000000 0.000000 0.000000"
						           >
							<Group DEF="group_ME_Cube_020">
								<Shape>
									<Appearance>
										<Material USE="MA_Body" />
									</Appearance>
									<IndexedTriangleSet solid="false"
									                    normalPerVertex="true"
									                    index="0 1 2 0 2 3 4 5 6 4 6 7 8 9 10 8 10 11 12 13 14 12 14 15 16 17 18 16 18 19 20 5 14 20 14 21 22 23 24 22 24 19 25 26 27 25 27 28 16 29 30 16 30 31 32 33 34 32 34 35 36 37 38 36 38 39 40 41 42 40 42 43 44 45 46 44 46 47 48 49 50 48 50 51 "
									                    >
										<Coordinate point="-0.122642 0.039334 -0.288525 -0.055547 -0.123171 -0.077012 -0.124714 0.050243 0.078162 -0.167516 0.153907 -0.056766 -0.167516 0.153907 -0.056766 -0.124714 0.050243 0.078162 0.055547 0.123171 0.077012 0.012746 0.226836 -0.057917 0.012746 0.226836 -0.057917 0.055547 0.123171 0.077012 0.124714 -0.050243 -0.078162 0.057619 0.112263 -0.289676 0.057619 0.112263 -0.289676 0.124714 -0.050243 -0.078162 -0.055547 -0.123171 -0.077012 -0.122642 0.039334 -0.288525 -0.232027 0.310154 -0.260133 -0.051765 0.383082 -0.261284 0.017402 0.209669 -0.416458 -0.162859 0.136740 -0.415307 0.055547 0.123171 0.077012 0.124714 -0.050243 -0.078162 0.017402 0.209669 -0.416458 0.038392 0.158831 -0.350288 -0.141869 0.085902 -0.349137 -0.051765 0.383082 -0.261284 -0.006481 0.273404 -0.118529 0.038392 0.158831 -0.350288 0.017402 0.209669 -0.416458 -0.186743 0.200475 -0.117378 -0.006481 0.273404 -0.118529 -0.051765 0.383082 -0.261284 -0.162859 0.136740 -0.415307 -0.141869 0.085902 -0.349137 -0.186743 0.200475 -0.117378 -0.232027 0.310154 -0.260133 0.038392 0.158831 -0.350288 0.057619 0.112263 -0.289676 -0.122642 0.039334 -0.288525 -0.141869 0.085902 -0.349137 -0.006481 0.273404 -0.118529 0.012746 0.226836 -0.057917 0.057619 0.112263 -0.289676 0.038392 0.158831 -0.350288 -0.186743 0.200475 -0.117378 -0.167516 0.153907 -0.056766 0.012746 0.226836 -0.057917 -0.006481 0.273404 -0.118529 -0.141869 0.085902 -0.349137 -0.122642 0.039334 -0.288525 -0.167516 0.153907 -0.056766 -0.186743 0.200475 -0.117378 " />
										<Normal vector="-0.453993 -0.770287 -0.447768 -0.229835 -0.970061 0.078372 -0.558824 -0.145207 0.816431 -0.856929 0.239906 0.456160 -0.856929 0.239906 0.456160 -0.558824 -0.145207 0.816431 0.511521 0.287790 0.809595 0.453993 0.770287 0.447768 0.453993 0.770287 0.447768 0.511521 0.287790 0.809595 0.840510 -0.537004 0.071535 0.856929 -0.239906 -0.456160 0.856929 -0.239906 -0.456160 0.840510 -0.537004 0.071535 -0.229835 -0.970061 0.078372 -0.453993 -0.770287 -0.447768 -0.840510 0.537004 -0.071535 0.229835 0.970061 -0.078372 0.558824 0.145207 -0.816431 -0.511521 -0.287790 -0.809595 0.511521 0.287790 0.809595 0.840510 -0.537004 0.071535 0.558824 0.145207 -0.816431 0.856929 -0.239906 -0.456160 -0.453993 -0.770287 -0.447768 0.229835 0.970061 -0.078372 0.453993 0.770287 0.447768 0.856929 -0.239906 -0.456160 0.558824 0.145207 -0.816431 -0.856929 0.239906 0.456160 0.453993 0.770287 0.447768 0.229835 0.970061 -0.078372 -0.511521 -0.287790 -0.809595 -0.453993 -0.770287 -0.447768 -0.856929 0.239906 0.456160 -0.840510 0.537004 -0.071535 0.856929 -0.239906 -0.456160 0.856929 -0.239906 -0.456160 -0.453993 -0.770287 -0.447768 -0.453993 -0.770287 -0.447768 0.453993 0.770287 0.447768 0.453993 0.770287 0.447768 0.856929 -0.239906 -0.456160 0.856929 -0.239906 -0.456160 -0.856929 0.239906 0.456160 -0.856929 0.239906 0.456160 0.453993 0.770287 0.447768 0.453993 0.770287 0.447768 -0.453993 -0.770287 -0.447768 -0.453993 -0.770287 -0.447768 -0.856929 0.239906 0.456160 -0.856929 0.239906 0.456160 " />
										<TextureCoordinate point="0.0261 0.8265 0.2319 0.8265 0.2319 0.9730 0.0261 0.9730 0.0261 0.8265 0.2319 0.8265 0.2319 0.9730 0.0261 0.9730 0.0261 0.8265 0.2319 0.8265 0.2319 0.9730 0.0261 0.9730 0.0261 0.8265 0.2319 0.8265 0.2319 0.9730 0.0261 0.9730 0.0261 0.8265 0.2319 0.8265 0.2319 0.9730 0.0261 0.9730 0.0261 0.8265 0.0261 0.9730 0.0261 0.8265 0.2319 0.8265 0.2319 0.9730 0.0261 0.8265 0.2319 0.8265 0.2319 0.9730 0.0261 0.9730 0.2319 0.8265 0.2319 0.9730 0.0261 0.9730 0.0261 0.8265 0.2319 0.8265 0.2319 0.9730 0.0261 0.9730 0.0261 0.5263 0.2319 0.5263 0.2319 0.6728 0.0261 0.6728 0.0261 0.5263 0.2319 0.5263 0.2319 0.6728 0.0261 0.6728 0.0261 0.5263 0.2319 0.5263 0.2319 0.6728 0.0261 0.6728 0.0261 0.5263 0.2319 0.5263 0.2319 0.6728 0.0261 0.6728 " />
									</IndexedTriangleSet>
								</Shape>
							</Group>
						</Transform>
					</Transform>
					<Transform DEF="foot1_TRANSFORM"
					           translation="-0.158186 0.426705 -0.494825"
					           scale="1.000000 1.000000 1.000000"
					           rotation="0.000000 1.000000 0.000000 0.000000"
					           >
						<Transform DEF="foot1_ifs_TRANSFORM"
						           translation="0.000000 0.000000 0.000000"
						           scale="1.000000 1.000000 1.000000"
						           rotation="0.000000 1.000000 0.000000 0.000000"
						           >
							<Group DEF="group_ME_foot1">
								<Shape>
									<Appearance>
										<Material USE="MA_Body" />
									</Appearance>
									<IndexedTriangleSet solid="false"
									                    normalPerVertex="true"
									                    index="0 1 2 0 2 3 4 5 6 4 6 7 8 9 10 8 10 11 12 13 14 12 14 15 4 16 17 4 17 15 18 5 14 18 14 19 "
									                    >
										<Coordinate point="-0.062802 -0.227381 -0.422916 -0.014985 -0.351401 -0.254471 -0.170293 0.051412 0.086195 -0.218110 0.175433 -0.082249 -0.218110 0.175433 -0.082249 -0.170293 0.051412 0.086195 0.091702 0.152427 0.086195 0.043885 0.276447 -0.082249 0.043885 0.276447 -0.082249 0.091702 0.152427 0.086195 0.247009 -0.250387 -0.254471 0.199192 -0.126366 -0.422916 0.199192 -0.126366 -0.422916 0.247009 -0.250387 -0.254471 -0.014985 -0.351401 -0.254471 -0.062802 -0.227381 -0.422916 0.043885 0.276447 -0.082249 0.199192 -0.126366 -0.422916 0.091702 0.152427 0.086195 0.247009 -0.250387 -0.254471 " />
										<Normal vector="-0.504288 -0.296884 -0.810877 -0.246956 -0.964263 0.095584 -0.573077 -0.118503 0.810877 -0.830378 0.548875 -0.095584 -0.830378 0.548875 -0.095584 -0.573077 -0.118503 0.810877 0.504288 0.296884 0.810877 0.246956 0.964263 -0.095584 0.246956 0.964263 -0.095584 0.504288 0.296884 0.810877 0.830378 -0.548875 0.095584 0.573077 0.118503 -0.810877 0.573077 0.118503 -0.810877 0.830378 -0.548875 0.095584 -0.246956 -0.964263 0.095584 -0.504288 -0.296884 -0.810877 0.246956 0.964263 -0.095584 0.573077 0.118503 -0.810877 0.504288 0.296884 0.810877 0.830378 -0.548875 0.095584 " />
										<TextureCoordinate point="0.0339 0.8221 0.2240 0.8221 0.2240 0.9774 0.0339 0.9774 0.0339 0.8221 0.2240 0.8221 0.2240 0.9774 0.0339 0.9774 0.0339 0.8221 0.2240 0.8221 0.2240 0.9774 0.0339 0.9774 0.0339 0.8221 0.2240 0.8221 0.2240 0.9774 0.0339 0.9774 0.2240 0.8221 0.2240 0.9774 0.0339 0.8221 0.0339 0.9774 " />
									</IndexedTriangleSet>
								</Shape>
							</Group>
						</Transform>
						<Transform DEF="Cube_022_TRANSFORM"
						           translation="0.069394 -0.179983 -0.328763"
						           scale="1.000000 1.000000 1.000000"
						           rotation="0.000000 1.000000 0.000000 0.000000"
						           >
							<Transform DEF="Cube_022_ifs_TRANSFORM"
							           translation="0.000000 0.000000 0.000000"
							           scale="1.000000 1.000000 1.000000"
							           rotation="0.000000 1.000000 0.000000 0.000000"
							           >
								<Group DEF="group_ME_Cube_022">
									<Shape>
										<Appearance>
											<Material USE="MA_Body" />
										</Appearance>
										<IndexedTriangleSet solid="false"
										                    normalPerVertex="true"
										                    index="0 1 2 0 2 3 4 5 6 4 6 7 8 9 10 8 10 11 12 13 14 12 14 15 4 16 17 4 17 15 18 5 14 18 14 19 "
										                    >
											<Coordinate point="-0.082151 -0.348439 -0.127171 -0.076697 -0.362584 0.047361 -0.176833 -0.061232 0.074913 -0.182287 -0.047088 -0.099620 -0.182287 -0.047088 -0.099620 -0.176833 -0.061232 0.074913 0.178845 0.057095 0.073388 0.173392 0.071239 -0.101144 0.173392 0.071239 -0.101144 0.178845 0.057095 0.073388 0.278981 -0.244256 0.045837 0.273527 -0.230112 -0.128695 0.273527 -0.230112 -0.128695 0.278981 -0.244256 0.045837 -0.076697 -0.362584 0.047361 -0.082151 -0.348439 -0.127171 0.173392 0.071239 -0.101144 0.273527 -0.230112 -0.128695 0.178845 0.057095 0.073388 0.278981 -0.244256 0.045837 " />
											<Normal vector="-0.384411 -0.681478 -0.622730 -0.348460 -0.774682 0.527604 -0.711203 0.316965 0.627430 -0.747154 0.410199 -0.522904 -0.747154 0.410199 -0.522904 -0.711203 0.316965 0.627430 0.384411 0.681478 0.622730 0.348460 0.774682 -0.527604 0.348460 0.774682 -0.527604 0.384411 0.681478 0.622730 0.747154 -0.410199 0.522904 0.711203 -0.316965 -0.627430 0.711203 -0.316965 -0.627430 0.747154 -0.410199 0.522904 -0.348460 -0.774682 0.527604 -0.384411 -0.681478 -0.622730 0.348460 0.774682 -0.527604 0.711203 -0.316965 -0.627430 0.384411 0.681478 0.622730 0.747154 -0.410199 0.522904 " />
											<TextureCoordinate point="0.0339 0.8221 0.2240 0.8221 0.2240 0.9774 0.0339 0.9774 0.0339 0.8221 0.2240 0.8221 0.2240 0.9774 0.0339 0.9774 0.0339 0.8221 0.2240 0.8221 0.2240 0.9774 0.0339 0.9774 0.0339 0.8221 0.2240 0.8221 0.2240 0.9774 0.0339 0.9774 0.2240 0.8221 0.2240 0.9774 0.0339 0.8221 0.0339 0.9774 " />
										</IndexedTriangleSet>
									</Shape>
								</Group>
							</Transform>
							<Transform DEF="Cube_055_TRANSFORM"
							           translation="0.094108 -0.281549 -0.066503"
							           scale="1.000000 1.000000 1.000000"
							           rotation="0.000000 1.000000 0.000000 0.000000"
							           >
								<Transform DEF="Cube_055_ifs_TRANSFORM"
								           translation="0.000000 0.000000 0.000000"
								           scale="1.000000 1.000000 1.000000"
								           rotation="0.000000 1.000000 0.000000 0.000000"
								           >
									<Group DEF="group_ME_Cube_056">
										<Shape>
											<Appearance>
												<Material USE="MA_Body" />
											</Appearance>
											<IndexedTriangleSet solid="false"
											                    normalPerVertex="true"
											                    index="0 1 2 0 2 3 4 5 6 4 6 7 8 9 10 8 10 11 12 13 14 12 14 15 4 16 17 4 17 15 18 5 14 18 14 19 "
											                    >
												<Coordinate point="0.022008 -0.316953 -0.061151 0.022825 -0.319217 0.047562 -0.076611 -0.027375 0.054389 -0.077428 -0.025111 -0.054324 -0.077428 -0.025111 -0.054324 -0.076611 -0.027375 0.054389 0.077428 0.025111 0.054324 0.076611 0.027375 -0.054389 0.076611 0.027375 -0.054389 0.077428 0.025111 0.054324 0.176865 -0.266732 0.047498 0.176048 -0.264467 -0.061215 0.176048 -0.264467 -0.061215 0.176865 -0.266732 0.047498 0.022825 -0.319217 0.047562 0.022008 -0.316953 -0.061151 0.076611 0.027375 -0.054389 0.176048 -0.264467 -0.061215 0.077428 0.025111 0.054324 0.176865 -0.266732 0.047498 " />
												<Normal vector="-0.364666 -0.720542 -0.589740 -0.355998 -0.744591 0.564653 -0.728294 0.348125 0.590197 -0.736991 0.372173 -0.564196 -0.736991 0.372173 -0.564196 -0.728294 0.348125 0.590197 0.364666 0.720542 0.589740 0.355998 0.744591 -0.564653 0.355998 0.744591 -0.564653 0.364666 0.720542 0.589740 0.736991 -0.372173 0.564196 0.728294 -0.348125 -0.590197 0.728294 -0.348125 -0.590197 0.736991 -0.372173 0.564196 -0.355998 -0.744591 0.564653 -0.364666 -0.720542 -0.589740 0.355998 0.744591 -0.564653 0.728294 -0.348125 -0.590197 0.364666 0.720542 0.589740 0.736991 -0.372173 0.564196 " />
												<TextureCoordinate point="0.0339 0.8221 0.2240 0.8221 0.2240 0.9774 0.0339 0.9774 0.0339 0.8221 0.2240 0.8221 0.2240 0.9774 0.0339 0.9774 0.0339 0.8221 0.2240 0.8221 0.2240 0.9774 0.0339 0.9774 0.0339 0.8221 0.2240 0.8221 0.2240 0.9774 0.0339 0.9774 0.2240 0.8221 0.2240 0.9774 0.0339 0.8221 0.0339 0.9774 " />
											</IndexedTriangleSet>
										</Shape>
									</Group>
								</Transform>
							</Transform>
							<Transform DEF="Cube_056_TRANSFORM"
							           translation="0.184996 -0.144604 -0.064307"
							           scale="1.000000 1.000000 1.000000"
							           rotation="0.000000 1.000000 0.000000 0.000000"
							           >
								<Transform DEF="Cube_056_ifs_TRANSFORM"
								           translation="0.000000 0.000000 0.000000"
								           scale="1.000000 1.000000 1.000000"
								           rotation="0.000000 1.000000 0.000000 0.000000"
								           >
									<Group DEF="group_ME_Cube_057">
										<Shape>
											<Appearance>
												<Material USE="MA_Body" />
											</Appearance>
											<IndexedTriangleSet solid="false"
											                    normalPerVertex="true"
											                    index="0 1 2 0 2 3 4 5 6 4 6 7 8 9 10 8 10 11 12 13 14 12 14 15 4 16 17 4 17 15 18 5 14 18 14 19 "
											                    >
												<Coordinate point="0.116106 -0.265735 -0.055856 0.116830 -0.267800 0.043000 -0.052210 -0.040039 0.048998 -0.052934 -0.037973 -0.049858 -0.052934 -0.037973 -0.049858 -0.052210 -0.040039 0.048998 0.052934 0.037973 0.049858 0.052210 0.040039 -0.048998 0.052210 0.040039 -0.048998 0.052934 0.037973 0.049858 0.221974 -0.189788 0.043859 0.221249 -0.187722 -0.054996 0.221249 -0.187722 -0.054996 0.221974 -0.189788 0.043859 0.116830 -0.267800 0.043000 0.116106 -0.265735 -0.055856 0.052210 0.040039 -0.048998 0.221249 -0.187722 -0.054996 0.052934 0.037973 0.049858 0.221974 -0.189788 0.043859 " />
												<Normal vector="-0.123844 -0.795434 -0.593188 -0.115390 -0.819575 0.561205 -0.803430 0.107425 0.585620 -0.811884 0.131535 -0.568773 -0.811884 0.131535 -0.568773 -0.803430 0.107425 0.585620 0.123844 0.795434 0.593188 0.115390 0.819575 -0.561205 0.115390 0.819575 -0.561205 0.123844 0.795434 0.593188 0.811884 -0.131535 0.568773 0.803430 -0.107425 -0.585620 0.803430 -0.107425 -0.585620 0.811884 -0.131535 0.568773 -0.115390 -0.819575 0.561205 -0.123844 -0.795434 -0.593188 0.115390 0.819575 -0.561205 0.803430 -0.107425 -0.585620 0.123844 0.795434 0.593188 0.811884 -0.131535 0.568773 " />
												<TextureCoordinate point="0.0339 0.8221 0.2240 0.8221 0.2240 0.9774 0.0339 0.9774 0.0339 0.8221 0.2240 0.8221 0.2240 0.9774 0.0339 0.9774 0.0339 0.8221 0.2240 0.8221 0.2240 0.9774 0.0339 0.9774 0.0339 0.8221 0.2240 0.8221 0.2240 0.9774 0.0339 0.9774 0.2240 0.8221 0.2240 0.9774 0.0339 0.8221 0.0339 0.9774 " />
											</IndexedTriangleSet>
										</Shape>
									</Group>
								</Transform>
							</Transform>
							<Transform DEF="Cube_057_TRANSFORM"
							           translation="-0.062003 -0.237663 -0.052920"
							           scale="1.000000 1.000000 1.000000"
							           rotation="0.000000 1.000000 0.000000 0.000000"
							           >
								<Transform DEF="Cube_057_ifs_TRANSFORM"
								           translation="0.000000 0.000000 0.000000"
								           scale="1.000000 1.000000 1.000000"
								           rotation="0.000000 1.000000 0.000000 0.000000"
								           >
									<Group DEF="group_ME_Cube_058">
										<Shape>
											<Appearance>
												<Material USE="MA_Body" />
											</Appearance>
											<IndexedTriangleSet solid="false"
											                    normalPerVertex="true"
											                    index="0 1 2 0 2 3 4 5 6 4 6 7 8 9 10 8 10 11 12 13 14 12 14 15 4 16 17 4 17 15 18 5 14 18 14 19 "
											                    >
												<Coordinate point="-0.063195 -0.283023 -0.055856 -0.063830 -0.285118 0.043000 -0.065778 -0.001488 0.048998 -0.065143 0.000607 -0.049858 -0.065143 0.000607 -0.049858 -0.065778 -0.001488 0.048998 0.065143 -0.000607 0.049858 0.065778 0.001488 -0.048998 0.065778 0.001488 -0.048998 0.065143 -0.000607 0.049858 0.067091 -0.284237 0.043859 0.067726 -0.282142 -0.054996 0.067726 -0.282142 -0.054996 0.067091 -0.284237 0.043859 -0.063830 -0.285118 0.043000 -0.063195 -0.283023 -0.055856 0.065778 0.001488 -0.048998 0.067726 -0.282142 -0.054996 0.065143 -0.000607 0.049858 0.067091 -0.284237 0.043859 " />
												<Normal vector="-0.569628 -0.568834 -0.593188 -0.577044 -0.593310 0.561205 -0.584979 0.561083 0.585620 -0.577563 0.585528 -0.568773 -0.577563 0.585528 -0.568773 -0.584979 0.561083 0.585620 0.569628 0.568834 0.593188 0.577044 0.593310 -0.561205 0.577044 0.593310 -0.561205 0.569628 0.568834 0.593188 0.577563 -0.585528 0.568773 0.584979 -0.561083 -0.585620 0.584979 -0.561083 -0.585620 0.577563 -0.585528 0.568773 -0.577044 -0.593310 0.561205 -0.569628 -0.568834 -0.593188 0.577044 0.593310 -0.561205 0.584979 -0.561083 -0.585620 0.569628 0.568834 0.593188 0.577563 -0.585528 0.568773 " />
												<TextureCoordinate point="0.0339 0.8221 0.2240 0.8221 0.2240 0.9774 0.0339 0.9774 0.0339 0.8221 0.2240 0.8221 0.2240 0.9774 0.0339 0.9774 0.0339 0.8221 0.2240 0.8221 0.2240 0.9774 0.0339 0.9774 0.0339 0.8221 0.2240 0.8221 0.2240 0.9774 0.0339 0.9774 0.2240 0.8221 0.2240 0.9774 0.0339 0.8221 0.0339 0.9774 " />
											</IndexedTriangleSet>
										</Shape>
									</Group>
								</Transform>
							</Transform>
						</Transform>
					</Transform>
				</Transform>
				<Transform DEF="Cube_039_TRANSFORM"
				           translation="0.425541 -0.443681 -0.423198"
				           scale="1.000000 1.000000 1.000000"
				           rotation="0.000000 1.000000 0.000000 0.000000"
				           >
					<Transform DEF="Cube_039_ifs_TRANSFORM"
					           translation="0.000000 0.000000 0.000000"
					           scale="1.000000 1.000000 1.000000"
					           rotation="0.000000 1.000000 0.000000 0.000000"
					           >
						<Group DEF="group_ME_Cube_039">
							<Shape>
								<Appearance>
									<Material USE="MA_Body" />
								</Appearance>
								<IndexedTriangleSet solid="false"
								                    normalPerVertex="true"
								                    index="0 1 2 0 2 3 4 5 6 4 6 7 8 9 10 8 10 11 12 13 14 12 14 15 4 16 17 4 17 15 18 5 14 18 14 19 "
								                    >
									<Coordinate point="-0.028874 -0.293996 0.173622 -0.104500 -0.197142 0.260051 -0.068216 0.038195 0.028078 0.007410 -0.058659 -0.058351 0.007410 -0.058659 -0.058351 -0.068216 0.038195 0.028078 -0.007410 0.058659 0.058351 0.068216 -0.038195 -0.028078 0.068216 -0.038195 -0.028078 -0.007410 0.058659 0.058351 -0.043694 -0.176677 0.290324 0.031932 -0.273531 0.203894 0.031932 -0.273531 0.203894 -0.043694 -0.176677 0.290324 -0.104500 -0.197142 0.260051 -0.028874 -0.293996 0.173622 0.068216 -0.038195 -0.028078 0.031932 -0.273531 0.203894 -0.007410 0.058659 0.058351 -0.043694 -0.176677 0.290324 " />
									<Normal vector="-0.267251 -0.947478 -0.175634 -0.848506 -0.203040 0.488632 -0.722465 0.614368 -0.317087 -0.141209 -0.130039 -0.981384 -0.141209 -0.130039 -0.981384 -0.722465 0.614368 -0.317087 0.267251 0.947478 0.175634 0.848506 0.203040 -0.488632 0.848506 0.203040 -0.488632 0.267251 0.947478 0.175634 0.141209 0.130039 0.981384 0.722465 -0.614368 0.317087 0.722465 -0.614368 0.317087 0.141209 0.130039 0.981384 -0.848506 -0.203040 0.488632 -0.267251 -0.947478 -0.175634 0.848506 0.203040 -0.488632 0.722465 -0.614368 0.317087 0.267251 0.947478 0.175634 0.141209 0.130039 0.981384 " />
									<TextureCoordinate point="0.2719 0.7016 0.4662 0.7016 0.4662 0.7939 0.2719 0.7939 0.2719 0.7016 0.4662 0.7016 0.4662 0.7939 0.2719 0.7939 0.2719 0.7016 0.4662 0.7016 0.4662 0.7939 0.2719 0.7939 0.2719 0.7016 0.4662 0.7016 0.4662 0.7939 0.2719 0.7939 0.4662 0.7016 0.4662 0.7939 0.2719 0.7016 0.2719 0.7939 " />
								</IndexedTriangleSet>
							</Shape>
						</Group>
					</Transform>
				</Transform>
			</Transform>
			<Transform DEF="Cube_032_TRANSFORM"
			           translation="0.000000 -0.129061 0.297582"
			           scale="1.000000 1.000000 1.000000"
			           rotation="0.000000 1.000000 0.000000 0.000000"
			           >
				<Transform DEF="Cube_032_ifs_TRANSFORM"
				           translation="0.000000 0.000000 0.000000"
				           scale="1.000000 1.000000 1.000000"
				           rotation="0.000000 1.000000 0.000000 0.000000"
				           >
					<Group DEF="group_ME_Cube_032">
						<Shape>
							<Appearance>
								<Material USE="MA_Body" />
							</Appearance>
							<IndexedTriangleSet solid="false"
							                    normalPerVertex="true"
							                    index="0 1 2 0 2 3 4 5 6 4 6 7 8 9 10 8 10 11 12 13 14 12 14 15 4 16 17 4 17 15 18 5 14 18 14 19 "
							                    >
								<Coordinate point="-0.296531 0.065024 0.402987 -0.296531 0.593386 0.316389 -0.296531 0.461342 -0.489258 -0.296531 -0.067021 -0.402660 -0.296531 -0.067021 -0.402660 -0.296531 0.461342 -0.489258 0.296531 0.461342 -0.489258 0.296531 -0.067021 -0.402660 0.296531 -0.067021 -0.402660 0.296531 0.461342 -0.489258 0.296531 0.593386 0.316389 0.296531 0.065024 0.402987 0.296531 0.065024 0.402987 0.296531 0.593386 0.316389 -0.296531 0.593386 0.316389 -0.296531 0.065024 0.402987 0.296531 -0.067021 -0.402660 0.296531 0.065024 0.402987 0.296531 0.461342 -0.489258 0.296531 0.593386 0.316389 " />
								<Normal vector="-0.577349 -0.476363 0.663106 -0.577349 0.663106 0.476363 -0.577349 0.476363 -0.663106 -0.577349 -0.663106 -0.476363 -0.577349 -0.663106 -0.476363 -0.577349 0.476363 -0.663106 0.577349 0.476363 -0.663106 0.577349 -0.663106 -0.476363 0.577349 -0.663106 -0.476363 0.577349 0.476363 -0.663106 0.577349 0.663106 0.476363 0.577349 -0.476363 0.663106 0.577349 -0.476363 0.663106 0.577349 0.663106 0.476363 -0.577349 0.663106 0.476363 -0.577349 -0.476363 0.663106 0.577349 -0.663106 -0.476363 0.577349 -0.476363 0.663106 0.577349 0.476363 -0.663106 0.577349 0.663106 0.476363 " />
								<TextureCoordinate point="0.0367 0.8429 0.2034 0.8429 0.2034 0.9790 0.0367 0.9790 0.0367 0.8429 0.2034 0.8429 0.2034 0.9790 0.0367 0.9790 0.0367 0.8429 0.2034 0.8429 0.2034 0.9790 0.0367 0.9790 0.0367 0.8429 0.2034 0.8429 0.2034 0.9790 0.0367 0.9790 0.2034 0.8429 0.2034 0.9790 0.0367 0.8429 0.0367 0.9790 " />
							</IndexedTriangleSet>
						</Shape>
					</Group>
				</Transform>
			</Transform>
			<Transform DEF="tail_TRANSFORM"
			           translation="0.000000 0.303874 0.232217"
			           scale="1.000000 1.000000 1.000000"
			           rotation="0.000000 1.000000 0.000000 0.000000"
			           >
				<Transform DEF="tail_ifs_TRANSFORM"
				           translation="0.000000 0.000000 0.000000"
				           scale="1.000000 1.000000 1.000000"
				           rotation="0.000000 1.000000 0.000000 0.000000"
				           >
					<Group DEF="group_ME_tail">
						<Shape>
							<Appearance>
								<Material USE="MA_Body" />
							</Appearance>
							<IndexedTriangleSet solid="false"
							                    normalPerVertex="true"
							                    index="0 1 2 0 2 3 4 5 6 4 6 7 8 9 10 8 10 11 12 13 14 12 14 15 4 16 17 4 17 15 18 5 14 18 14 19 "
							                    >
								<Coordinate point="-0.312078 0.000000 -0.354810 -0.312078 0.000000 0.354810 -0.312078 0.577217 0.354810 -0.312078 0.577217 -0.354810 -0.312078 0.577217 -0.354810 -0.312078 0.577217 0.354810 0.312078 0.577217 0.354810 0.312078 0.577217 -0.354810 0.312078 0.577217 -0.354810 0.312078 0.577217 0.354810 0.312078 0.000000 0.354810 0.312078 0.000000 -0.354810 0.312078 0.000000 -0.354810 0.312078 0.000000 0.354810 -0.312078 0.000000 0.354810 -0.312078 0.000000 -0.354810 0.312078 0.577217 -0.354810 0.312078 0.000000 -0.354810 0.312078 0.577217 0.354810 0.312078 0.000000 0.354810 " />
								<Normal vector="-0.577349 -0.577349 -0.577349 -0.577349 -0.577349 0.577349 -0.577349 0.577349 0.577349 -0.577349 0.577349 -0.577349 -0.577349 0.577349 -0.577349 -0.577349 0.577349 0.577349 0.577349 0.577349 0.577349 0.577349 0.577349 -0.577349 0.577349 0.577349 -0.577349 0.577349 0.577349 0.577349 0.577349 -0.577349 0.577349 0.577349 -0.577349 -0.577349 0.577349 -0.577349 -0.577349 0.577349 -0.577349 0.577349 -0.577349 -0.577349 0.577349 -0.577349 -0.577349 -0.577349 0.577349 0.577349 -0.577349 0.577349 -0.577349 -0.577349 0.577349 0.577349 0.577349 0.577349 -0.577349 0.577349 " />
								<TextureCoordinate point="0.0339 0.8221 0.2240 0.8221 0.2240 0.9774 0.0339 0.9774 0.0339 0.8221 0.2240 0.8221 0.2240 0.9774 0.0339 0.9774 0.0339 0.8221 0.2240 0.8221 0.2240 0.9774 0.0339 0.9774 0.0339 0.8221 0.2240 0.8221 0.2240 0.9774 0.0339 0.9774 0.2240 0.8221 0.2240 0.9774 0.0339 0.8221 0.0339 0.9774 " />
							</IndexedTriangleSet>
						</Shape>
					</Group>
				</Transform>
				<Transform DEF="tail1_TRANSFORM"
				           translation="0.000000 0.547468 -0.000000"
				           scale="1.000000 1.000000 1.000000"
				           rotation="0.000000 1.000000 0.000000 0.000000"
				           >
					<Transform DEF="tail1_ifs_TRANSFORM"
					           translation="0.000000 0.000000 0.000000"
					           scale="1.000000 1.000000 1.000000"
					           rotation="0.000000 1.000000 0.000000 0.000000"
					           >
						<Group DEF="group_ME_tail1">
							<Shape>
								<Appearance>
									<Material USE="MA_Body" />
								</Appearance>
								<IndexedTriangleSet solid="false"
								                    normalPerVertex="true"
								                    index="0 1 2 0 2 3 4 5 6 4 6 7 8 9 10 8 10 11 12 13 14 12 14 15 4 16 17 4 17 15 18 5 14 18 14 19 "
								                    >
									<Coordinate point="-0.259202 0.000000 -0.294694 -0.259202 0.000000 0.294694 -0.259202 0.483955 0.294694 -0.259202 0.483955 -0.294694 -0.259202 0.483955 -0.294694 -0.259202 0.483955 0.294694 0.259202 0.483955 0.294694 0.259202 0.483955 -0.294694 0.259202 0.483955 -0.294694 0.259202 0.483955 0.294694 0.259202 0.000000 0.294694 0.259202 0.000000 -0.294694 0.259202 0.000000 -0.294694 0.259202 0.000000 0.294694 -0.259202 0.000000 0.294694 -0.259202 0.000000 -0.294694 0.259202 0.483955 -0.294694 0.259202 0.000000 -0.294694 0.259202 0.483955 0.294694 0.259202 0.000000 0.294694 " />
									<Normal vector="-0.577349 -0.577349 -0.577349 -0.577349 -0.577349 0.577349 -0.577349 0.577349 0.577349 -0.577349 0.577349 -0.577349 -0.577349 0.577349 -0.577349 -0.577349 0.577349 0.577349 0.577349 0.577349 0.577349 0.577349 0.577349 -0.577349 0.577349 0.577349 -0.577349 0.577349 0.577349 0.577349 0.577349 -0.577349 0.577349 0.577349 -0.577349 -0.577349 0.577349 -0.577349 -0.577349 0.577349 -0.577349 0.577349 -0.577349 -0.577349 0.577349 -0.577349 -0.577349 -0.577349 0.577349 0.577349 -0.577349 0.577349 -0.577349 -0.577349 0.577349 0.577349 0.577349 0.577349 -0.577349 0.577349 " />
									<TextureCoordinate point="0.0339 0.8221 0.2240 0.8221 0.2240 0.9774 0.0339 0.9774 0.0339 0.8221 0.2240 0.8221 0.2240 0.9774 0.0339 0.9774 0.0339 0.8221 0.2240 0.8221 0.2240 0.9774 0.0339 0.9774 0.0339 0.8221 0.2240 0.8221 0.2240 0.9774 0.0339 0.9774 0.2240 0.8221 0.2240 0.9774 0.0339 0.8221 0.0339 0.9774 " />
								</IndexedTriangleSet>
							</Shape>
						</Group>
					</Transform>
					<Transform DEF="tail2_TRANSFORM"
					           translation="0.000000 0.458085 0.000000"
					           scale="1.000000 1.000000 1.000000"
					           rotation="0.000000 1.000000 0.000000 0.000000"
					           >
						<Transform DEF="tail2_ifs_TRANSFORM"
						           translation="0.000000 0.000000 0.000000"
						           scale="1.000000 1.000000 1.000000"
						           rotation="0.000000 1.000000 0.000000 0.000000"
						           >
							<Group DEF="group_ME_tail2">
								<Shape>
									<Appearance>
										<Material USE="MA_Body" />
									</Appearance>
									<IndexedTriangleSet solid="false"
									                    normalPerVertex="true"
									                    index="0 1 2 0 2 3 4 5 6 4 6 7 8 9 10 8 10 11 12 13 14 12 14 15 4 16 17 4 17 15 18 5 14 18 14 19 "
									                    >
										<Coordinate point="-0.203375 0.000000 -0.231223 -0.203375 0.000000 0.231223 -0.203375 0.419942 0.231223 -0.203375 0.419942 -0.231223 -0.203375 0.419942 -0.231223 -0.203375 0.419942 0.231223 0.203375 0.419942 0.231223 0.203375 0.419942 -0.231223 0.203375 0.419942 -0.231223 0.203375 0.419942 0.231223 0.203375 0.000000 0.231223 0.203375 0.000000 -0.231223 0.203375 0.000000 -0.231223 0.203375 0.000000 0.231223 -0.203375 0.000000 0.231223 -0.203375 0.000000 -0.231223 0.203375 0.419942 -0.231223 0.203375 0.000000 -0.231223 0.203375 0.419942 0.231223 0.203375 0.000000 0.231223 " />
										<Normal vector="-0.577349 -0.577349 -0.577349 -0.577349 -0.577349 0.577349 -0.577349 0.577349 0.577349 -0.577349 0.577349 -0.577349 -0.577349 0.577349 -0.577349 -0.577349 0.577349 0.577349 0.577349 0.577349 0.577349 0.577349 0.577349 -0.577349 0.577349 0.577349 -0.577349 0.577349 0.577349 0.577349 0.577349 -0.577349 0.577349 0.577349 -0.577349 -0.577349 0.577349 -0.577349 -0.577349 0.577349 -0.577349 0.577349 -0.577349 -0.577349 0.577349 -0.577349 -0.577349 -0.577349 0.577349 0.577349 -0.577349 0.577349 -0.577349 -0.577349 0.577349 0.577349 0.577349 0.577349 -0.577349 0.577349 " />
										<TextureCoordinate point="0.0339 0.8221 0.2240 0.8221 0.2240 0.9774 0.0339 0.9774 0.0339 0.8221 0.2240 0.8221 0.2240 0.9774 0.0339 0.9774 0.0339 0.8221 0.2240 0.8221 0.2240 0.9774 0.0339 0.9774 0.0339 0.8221 0.2240 0.8221 0.2240 0.9774 0.0339 0.9774 0.2240 0.8221 0.2240 0.9774 0.0339 0.8221 0.0339 0.9774 " />
									</IndexedTriangleSet>
								</Shape>
							</Group>
						</Transform>
						<Transform DEF="tail3_TRANSFORM"
						           translation="-0.000000 0.393842 0.000000"
						           scale="1.000000 1.000000 1.000000"
						           rotation="0.000000 1.000000 0.000000 0.000000"
						           >
							<Transform DEF="tail3_ifs_TRANSFORM"
							           translation="0.000000 0.000000 0.000000"
							           scale="1.000000 1.000000 1.000000"
							           rotation="0.000000 1.000000 0.000000 0.000000"
							           >
								<Group DEF="group_ME_tail3">
									<Shape>
										<Appearance>
											<Material USE="MA_Body" />
										</Appearance>
										<IndexedTriangleSet solid="false"
										                    normalPerVertex="true"
										                    index="0 1 2 0 2 3 4 5 6 4 6 7 8 9 10 8 10 11 12 13 14 12 14 15 16 17 18 16 18 15 19 20 14 19 14 21 22 5 1 22 1 23 4 24 25 4 25 0 26 27 28 26 28 29 30 31 32 30 32 33 34 35 36 34 36 37 38 39 40 38 40 41 42 43 44 42 44 45 46 47 48 46 48 49 "
										                    >
											<Coordinate point="-0.163669 0.302372 -0.186080 -0.163669 0.302372 0.186080 -0.163669 0.344988 0.186080 -0.163669 0.344988 -0.186080 -0.163669 0.344988 -0.186080 -0.163669 0.344988 0.186080 0.163669 0.344988 0.186080 0.163669 0.344988 -0.186080 0.163669 0.199566 -0.186080 0.163669 0.199566 0.186080 0.163669 0.000000 0.186080 0.163669 0.000000 -0.186080 0.163669 0.000000 -0.186080 0.163669 0.000000 0.186080 -0.163669 0.000000 0.186080 -0.163669 0.000000 -0.186080 -0.163669 0.199566 -0.186080 0.163669 0.199566 -0.186080 0.163669 0.000000 -0.186080 0.163669 0.199566 0.186080 -0.163669 0.199566 0.186080 0.163669 0.000000 0.186080 0.163669 0.344988 0.186080 0.163669 0.302372 0.186080 0.163669 0.344988 -0.186080 0.163669 0.302372 -0.186080 0.163669 0.344988 -0.186080 0.163669 0.344988 0.186080 0.163669 0.302372 0.186080 0.163669 0.302372 -0.186080 -0.163669 0.199566 -0.186080 -0.163669 0.199566 0.186080 -0.163669 0.302372 0.186080 -0.163669 0.302372 -0.186080 -0.163669 0.000000 -0.186080 -0.163669 0.000000 0.186080 -0.163669 0.199566 0.186080 -0.163669 0.199566 -0.186080 0.163669 0.302372 0.186080 -0.163669 0.302372 0.186080 -0.163669 0.199566 0.186080 0.163669 0.199566 0.186080 -0.163669 0.302372 -0.186080 0.163669 0.302372 -0.186080 0.163669 0.199566 -0.186080 -0.163669 0.199566 -0.186080 0.163669 0.302372 -0.186080 0.163669 0.302372 0.186080 0.163669 0.199566 0.186080 0.163669 0.199566 -0.186080 " />
											<Normal vector="-0.707083 0.000000 -0.707083 -0.707083 0.000000 0.707083 -0.577349 0.577349 0.577349 -0.577349 0.577349 -0.577349 -0.577349 0.577349 -0.577349 -0.577349 0.577349 0.577349 0.577349 0.577349 0.577349 0.577349 0.577349 -0.577349 0.707083 0.000000 -0.707083 0.707083 0.000000 0.707083 0.577349 -0.577349 0.577349 0.577349 -0.577349 -0.577349 0.577349 -0.577349 -0.577349 0.577349 -0.577349 0.577349 -0.577349 -0.577349 0.577349 -0.577349 -0.577349 -0.577349 -0.707083 0.000000 -0.707083 0.707083 0.000000 -0.707083 0.577349 -0.577349 -0.577349 0.707083 0.000000 0.707083 -0.707083 0.000000 0.707083 0.577349 -0.577349 0.577349 0.577349 0.577349 0.577349 0.707083 0.000000 0.707083 0.577349 0.577349 -0.577349 0.707083 0.000000 -0.707083 0.577349 0.577349 -0.577349 0.577349 0.577349 0.577349 0.707083 0.000000 0.707083 0.707083 0.000000 -0.707083 -0.707083 0.000000 -0.707083 -0.707083 0.000000 0.707083 -0.707083 0.000000 0.707083 -0.707083 0.000000 -0.707083 -0.577349 -0.577349 -0.577349 -0.577349 -0.577349 0.577349 -0.707083 0.000000 0.707083 -0.707083 0.000000 -0.707083 0.707083 0.000000 0.707083 -0.707083 0.000000 0.707083 -0.707083 0.000000 0.707083 0.707083 0.000000 0.707083 -0.707083 0.000000 -0.707083 0.707083 0.000000 -0.707083 0.707083 0.000000 -0.707083 -0.707083 0.000000 -0.707083 0.707083 0.000000 -0.707083 0.707083 0.000000 0.707083 0.707083 0.000000 0.707083 0.707083 0.000000 -0.707083 " />
											<TextureCoordinate point="0.0339 0.8997 0.2240 0.8997 0.2240 0.9774 0.0339 0.9774 0.0339 0.8221 0.2240 0.8221 0.2240 0.9774 0.0339 0.9774 0.0339 0.8875 0.2240 0.8875 0.2240 0.9774 0.0339 0.9774 0.0339 0.8221 0.2240 0.8221 0.2240 0.9774 0.0339 0.9774 0.0339 0.9261 0.2240 0.8875 0.2240 0.9774 0.0339 0.8875 0.2240 0.9261 0.0339 0.9774 0.0339 0.8221 0.0339 0.8413 0.2240 0.8221 0.2240 0.8413 0.0339 0.8221 0.2240 0.8221 0.2240 0.8413 0.0339 0.8413 0.0469 0.5287 0.1998 0.5287 0.1998 0.6817 0.0469 0.6817 0.0339 0.8221 0.2240 0.8221 0.2240 0.8733 0.0339 0.8733 0.0469 0.5287 0.1998 0.5287 0.1998 0.6817 0.0469 0.6817 0.0469 0.5287 0.1998 0.5287 0.1998 0.6817 0.0469 0.6817 0.0469 0.5287 0.1998 0.5287 0.1998 0.6817 0.0469 0.6817 " />
										</IndexedTriangleSet>
									</Shape>
								</Group>
							</Transform>
							<Transform DEF="tail4_TRANSFORM"
							           translation="0.000000 0.312839 -0.000000"
							           scale="1.000000 1.000000 1.000000"
							           rotation="0.000000 1.000000 0.000000 0.000000"
							           >
								<Transform DEF="tail4_ifs_TRANSFORM"
								           translation="0.000000 0.000000 0.000000"
								           scale="1.000000 1.000000 1.000000"
								           rotation="0.000000 1.000000 0.000000 0.000000"
								           >
									<Group DEF="group_ME_tail4">
										<Shape>
											<Appearance>
												<Material USE="MA_Body" />
											</Appearance>
											<IndexedTriangleSet solid="false"
											                    normalPerVertex="true"
											                    index="0 1 2 0 2 3 4 5 6 4 6 7 8 9 10 8 10 11 12 13 14 12 14 15 4 16 17 4 17 15 18 5 14 18 14 19 "
											                    >
												<Coordinate point="-0.129986 0.002679 -0.138526 -0.129986 -0.002679 0.138526 -0.129986 0.471337 0.147693 -0.129986 0.476695 -0.129359 -0.129986 0.476695 -0.129359 -0.129986 0.471337 0.147693 0.129986 0.471337 0.147693 0.129986 0.476695 -0.129359 0.129986 0.476695 -0.129359 0.129986 0.471337 0.147693 0.129986 -0.002679 0.138526 0.129986 0.002679 -0.138526 0.129986 0.002679 -0.138526 0.129986 -0.002679 0.138526 -0.129986 -0.002679 0.138526 -0.129986 0.002679 -0.138526 0.129986 0.476695 -0.129359 0.129986 0.002679 -0.138526 0.129986 0.471337 0.147693 0.129986 -0.002679 0.138526 " />
												<Normal vector="-0.577349 -0.566057 -0.588397 -0.577349 -0.588397 0.566057 -0.577349 0.566057 0.588397 -0.577349 0.588397 -0.566057 -0.577349 0.588397 -0.566057 -0.577349 0.566057 0.588397 0.577349 0.566057 0.588397 0.577349 0.588397 -0.566057 0.577349 0.588397 -0.566057 0.577349 0.566057 0.588397 0.577349 -0.588397 0.566057 0.577349 -0.566057 -0.588397 0.577349 -0.566057 -0.588397 0.577349 -0.588397 0.566057 -0.577349 -0.588397 0.566057 -0.577349 -0.566057 -0.588397 0.577349 0.588397 -0.566057 0.577349 -0.566057 -0.588397 0.577349 0.566057 0.588397 0.577349 -0.588397 0.566057 " />
												<TextureCoordinate point="0.0339 0.8221 0.2240 0.8221 0.2240 0.9774 0.0339 0.9774 0.0339 0.8221 0.2240 0.8221 0.2240 0.9774 0.0339 0.9774 0.0339 0.8221 0.2240 0.8221 0.2240 0.9774 0.0339 0.9774 0.0339 0.8221 0.2240 0.8221 0.2240 0.9774 0.0339 0.9774 0.2240 0.8221 0.2240 0.9774 0.0339 0.8221 0.0339 0.9774 " />
											</IndexedTriangleSet>
										</Shape>
									</Group>
								</Transform>
								<Transform DEF="Cube_038_TRANSFORM"
								           translation="0.000000 0.437699 0.016220"
								           scale="1.000000 1.000000 1.000000"
								           rotation="0.000000 1.000000 0.000000 0.000000"
								           >
									<Transform DEF="Cube_038_ifs_TRANSFORM"
									           translation="0.000000 0.000000 0.000000"
									           scale="1.000000 1.000000 1.000000"
									           rotation="0.000000 1.000000 0.000000 0.000000"
									           >
										<Group DEF="group_ME_Cube_038">
											<Shape>
												<Appearance>
													<Material USE="MA_Body" />
												</Appearance>
												<IndexedTriangleSet solid="false"
												                    normalPerVertex="true"
												                    index="0 1 2 0 2 3 4 5 6 4 6 7 8 9 10 8 10 11 12 13 14 12 14 15 4 16 17 4 17 15 18 5 14 18 14 19 "
												                    >
													<Coordinate point="-0.076175 0.002650 -0.081152 -0.076175 -0.002650 0.081152 -0.076175 0.446791 0.095826 -0.076175 0.452090 -0.066478 -0.076175 0.452090 -0.066478 -0.076175 0.446791 0.095826 0.076175 0.446791 0.095826 0.076175 0.452090 -0.066478 0.076175 0.452090 -0.066478 0.076175 0.446791 0.095826 0.076175 -0.002650 0.081152 0.076175 0.002650 -0.081152 0.076175 0.002650 -0.081152 0.076175 -0.002650 0.081152 -0.076175 -0.002650 0.081152 -0.076175 0.002650 -0.081152 0.076175 0.452090 -0.066478 0.076175 0.002650 -0.081152 0.076175 0.446791 0.095826 0.076175 -0.002650 0.081152 " />
													<Normal vector="-0.577349 -0.558184 -0.595874 -0.577349 -0.595874 0.558184 -0.577349 0.558184 0.595874 -0.577349 0.595874 -0.558184 -0.577349 0.595874 -0.558184 -0.577349 0.558184 0.595874 0.577349 0.558184 0.595874 0.577349 0.595874 -0.558184 0.577349 0.595874 -0.558184 0.577349 0.558184 0.595874 0.577349 -0.595874 0.558184 0.577349 -0.558184 -0.595874 0.577349 -0.558184 -0.595874 0.577349 -0.595874 0.558184 -0.577349 -0.595874 0.558184 -0.577349 -0.558184 -0.595874 0.577349 0.595874 -0.558184 0.577349 -0.558184 -0.595874 0.577349 0.558184 0.595874 0.577349 -0.595874 0.558184 " />
													<TextureCoordinate point="0.2719 0.7016 0.4662 0.7016 0.4662 0.7939 0.2719 0.7939 0.2719 0.7016 0.4662 0.7016 0.4662 0.7939 0.2719 0.7939 0.2719 0.7016 0.4662 0.7016 0.4662 0.7939 0.2719 0.7939 0.2719 0.7016 0.4662 0.7016 0.4662 0.7939 0.2719 0.7939 0.4662 0.7016 0.4662 0.7939 0.2719 0.7016 0.2719 0.7939 " />
												</IndexedTriangleSet>
											</Shape>
										</Group>
									</Transform>
								</Transform>
								<Transform DEF="Cube_049_TRANSFORM"
								           translation="0.000000 0.241775 -0.058808"
								           scale="1.000000 1.000000 1.000000"
								           rotation="0.000000 1.000000 0.000000 0.000000"
								           >
									<Transform DEF="Cube_049_ifs_TRANSFORM"
									           translation="0.000000 0.000000 0.000000"
									           scale="1.000000 1.000000 1.000000"
									           rotation="0.000000 1.000000 0.000000 0.000000"
									           >
										<Group DEF="group_ME_Cube_050">
											<Shape>
												<Appearance>
													<Material USE="MA_Body" />
												</Appearance>
												<IndexedTriangleSet solid="false"
												                    normalPerVertex="true"
												                    index="0 1 2 0 2 3 4 5 6 4 6 7 8 9 10 8 10 11 12 13 14 12 14 15 4 16 17 4 17 15 18 5 14 18 14 19 "
												                    >
													<Coordinate point="-0.041118 -0.125714 -0.247095 -0.041118 -0.162855 -0.027550 -0.041118 0.162855 0.027550 -0.041118 0.199995 -0.191994 -0.041118 0.199995 -0.191994 -0.041118 0.162855 0.027550 0.041118 0.162855 0.027550 0.041118 0.199995 -0.191994 0.041118 0.199995 -0.191994 0.041118 0.162855 0.027550 0.041118 -0.162855 -0.027550 0.041118 -0.125714 -0.247095 0.041118 -0.125714 -0.247095 0.041118 -0.162855 -0.027550 -0.041118 -0.162855 -0.027550 -0.041118 -0.125714 -0.247095 0.041118 0.199995 -0.191994 0.041118 -0.125714 -0.247095 0.041118 0.162855 0.027550 0.041118 -0.162855 -0.027550 " />
													<Normal vector="-0.577349 -0.472945 -0.665548 -0.577349 -0.665548 0.472945 -0.577349 0.472945 0.665548 -0.577349 0.665548 -0.472945 -0.577349 0.665548 -0.472945 -0.577349 0.472945 0.665548 0.577349 0.472945 0.665548 0.577349 0.665548 -0.472945 0.577349 0.665548 -0.472945 0.577349 0.472945 0.665548 0.577349 -0.665548 0.472945 0.577349 -0.472945 -0.665548 0.577349 -0.472945 -0.665548 0.577349 -0.665548 0.472945 -0.577349 -0.665548 0.472945 -0.577349 -0.472945 -0.665548 0.577349 0.665548 -0.472945 0.577349 -0.472945 -0.665548 0.577349 0.472945 0.665548 0.577349 -0.665548 0.472945 " />
													<TextureCoordinate point="0.0339 0.8221 0.2240 0.8221 0.2240 0.9774 0.0339 0.9774 0.0339 0.8221 0.2240 0.8221 0.2240 0.9774 0.0339 0.9774 0.0339 0.8221 0.2240 0.8221 0.2240 0.9774 0.0339 0.9774 0.0339 0.8221 0.2240 0.8221 0.2240 0.9774 0.0339 0.9774 0.2240 0.8221 0.2240 0.9774 0.0339 0.8221 0.0339 0.9774 " />
												</IndexedTriangleSet>
											</Shape>
										</Group>
									</Transform>
									<Transform DEF="Cube_050_TRANSFORM"
									           translation="0.000000 0.062037 -0.189611"
									           scale="1.000000 1.000000 1.000000"
									           rotation="0.000000 1.000000 0.000000 0.000000"
									           >
										<Transform DEF="Cube_050_ifs_TRANSFORM"
										           translation="0.000000 0.000000 0.000000"
										           scale="1.000000 1.000000 1.000000"
										           rotation="0.000000 1.000000 0.000000 0.000000"
										           >
											<Group DEF="group_ME_Cube_051">
												<Shape>
													<Appearance>
														<Material USE="MA_Body" />
													</Appearance>
													<IndexedTriangleSet solid="false"
													                    normalPerVertex="true"
													                    index="0 1 2 0 2 3 4 5 6 4 6 7 8 9 10 8 10 11 12 13 14 12 14 15 4 16 17 4 17 15 18 5 14 18 14 19 "
													                    >
														<Coordinate point="-0.021793 -0.034831 -0.318030 -0.021793 -0.110588 -0.028984 -0.021793 0.110588 0.028984 -0.021793 0.186344 -0.260062 -0.021793 0.186344 -0.260062 -0.021793 0.110588 0.028984 0.021793 0.110588 0.028984 0.021793 0.186344 -0.260062 0.021793 0.186344 -0.260062 0.021793 0.110588 0.028984 0.021793 -0.110588 -0.028984 0.021793 -0.034831 -0.318030 0.021793 -0.034831 -0.318030 0.021793 -0.110588 -0.028984 -0.021793 -0.110588 -0.028984 -0.021793 -0.034831 -0.318030 0.021793 0.186344 -0.260062 0.021793 -0.034831 -0.318030 0.021793 0.110588 0.028984 0.021793 -0.110588 -0.028984 " />
														<Normal vector="-0.577349 -0.412091 -0.704856 -0.577349 -0.704856 0.412091 -0.577349 0.412091 0.704856 -0.577349 0.704856 -0.412091 -0.577349 0.704856 -0.412091 -0.577349 0.412091 0.704856 0.577349 0.412091 0.704856 0.577349 0.704856 -0.412091 0.577349 0.704856 -0.412091 0.577349 0.412091 0.704856 0.577349 -0.704856 0.412091 0.577349 -0.412091 -0.704856 0.577349 -0.412091 -0.704856 0.577349 -0.704856 0.412091 -0.577349 -0.704856 0.412091 -0.577349 -0.412091 -0.704856 0.577349 0.704856 -0.412091 0.577349 -0.412091 -0.704856 0.577349 0.412091 0.704856 0.577349 -0.704856 0.412091 " />
														<TextureCoordinate point="0.0339 0.8221 0.2240 0.8221 0.2240 0.9774 0.0339 0.9774 0.0339 0.8221 0.2240 0.8221 0.2240 0.9774 0.0339 0.9774 0.0339 0.8221 0.2240 0.8221 0.2240 0.9774 0.0339 0.9774 0.0339 0.8221 0.2240 0.8221 0.2240 0.9774 0.0339 0.9774 0.2240 0.8221 0.2240 0.9774 0.0339 0.8221 0.0339 0.9774 " />
													</IndexedTriangleSet>
												</Shape>
											</Group>
										</Transform>
									</Transform>
								</Transform>
								<Transform DEF="Cube_051_TRANSFORM"
								           translation="0.000000 0.206321 0.088552"
								           scale="1.000000 1.000000 1.000000"
								           rotation="0.000000 1.000000 0.000000 0.000000"
								           >
									<Transform DEF="Cube_051_ifs_TRANSFORM"
									           translation="0.000000 0.000000 0.000000"
									           scale="1.000000 1.000000 1.000000"
									           rotation="0.000000 1.000000 0.000000 0.000000"
									           >
										<Group DEF="group_ME_Cube_052">
											<Shape>
												<Appearance>
													<Material USE="MA_Body" />
												</Appearance>
												<IndexedTriangleSet solid="false"
												                    normalPerVertex="true"
												                    index="0 1 2 0 2 3 4 5 6 4 6 7 8 9 10 8 10 11 12 13 14 12 14 15 4 16 17 4 17 15 18 5 14 18 14 19 "
												                    >
													<Coordinate point="-0.050178 0.244089 0.320014 -0.050178 0.185719 -0.030893 -0.050178 -0.185719 0.030893 -0.050178 -0.127349 0.381799 -0.050178 -0.127349 0.381799 -0.050178 -0.185719 0.030893 0.050178 -0.185719 0.030893 0.050178 -0.127349 0.381799 0.050178 -0.127349 0.381799 0.050178 -0.185719 0.030893 0.050178 0.185719 -0.030893 0.050178 0.244089 0.320014 0.050178 0.244089 0.320014 0.050178 0.185719 -0.030893 -0.050178 0.185719 -0.030893 -0.050178 0.244089 0.320014 0.050178 -0.127349 0.381799 0.050178 0.244089 0.320014 0.050178 -0.185719 0.030893 0.050178 0.185719 -0.030893 " />
													<Normal vector="-0.577349 0.664235 0.474776 -0.577349 0.474776 -0.664235 -0.577349 -0.664235 -0.474776 -0.577349 -0.474776 0.664235 -0.577349 -0.474776 0.664235 -0.577349 -0.664235 -0.474776 0.577349 -0.664235 -0.474776 0.577349 -0.474776 0.664235 0.577349 -0.474776 0.664235 0.577349 -0.664235 -0.474776 0.577349 0.474776 -0.664235 0.577349 0.664235 0.474776 0.577349 0.664235 0.474776 0.577349 0.474776 -0.664235 -0.577349 0.474776 -0.664235 -0.577349 0.664235 0.474776 0.577349 -0.474776 0.664235 0.577349 0.664235 0.474776 0.577349 -0.664235 -0.474776 0.577349 0.474776 -0.664235 " />
													<TextureCoordinate point="0.0339 0.8221 0.2240 0.8221 0.2240 0.9774 0.0339 0.9774 0.0339 0.8221 0.2240 0.8221 0.2240 0.9774 0.0339 0.9774 0.0339 0.8221 0.2240 0.8221 0.2240 0.9774 0.0339 0.9774 0.0339 0.8221 0.2240 0.8221 0.2240 0.9774 0.0339 0.9774 0.2240 0.8221 0.2240 0.9774 0.0339 0.8221 0.0339 0.9774 " />
												</IndexedTriangleSet>
											</Shape>
										</Group>
									</Transform>
									<Transform DEF="Cube_052_TRANSFORM"
									           translation="-0.000000 0.057457 0.316282"
									           scale="1.000000 1.000000 1.000000"
									           rotation="0.000000 1.000000 0.000000 0.000000"
									           >
										<Transform DEF="Cube_052_ifs_TRANSFORM"
										           translation="0.000000 0.000000 0.000000"
										           scale="1.000000 1.000000 1.000000"
										           rotation="0.000000 1.000000 0.000000 0.000000"
										           >
											<Group DEF="group_ME_Cube_053">
												<Shape>
													<Appearance>
														<Material USE="MA_Body" />
													</Appearance>
													<IndexedTriangleSet solid="false"
													                    normalPerVertex="true"
													                    index="0 1 2 0 2 3 4 5 6 4 6 7 8 9 10 8 10 11 12 13 14 12 14 15 4 16 17 4 17 15 18 5 14 18 14 19 "
													                    >
														<Coordinate point="-0.038635 0.208202 0.265603 -0.038635 0.141440 -0.031756 -0.038635 -0.141440 0.031756 -0.038635 -0.074678 0.329114 -0.038635 -0.074678 0.329114 -0.038635 -0.141440 0.031756 0.038635 -0.141440 0.031756 0.038635 -0.074678 0.329114 0.038635 -0.074678 0.329114 0.038635 -0.141440 0.031756 0.038635 0.141440 -0.031756 0.038635 0.208202 0.265603 0.038635 0.208202 0.265603 0.038635 0.141440 -0.031756 -0.038635 0.141440 -0.031756 -0.038635 0.208202 0.265603 0.038635 -0.074678 0.329114 0.038635 0.208202 0.265603 0.038635 -0.141440 0.031756 0.038635 0.141440 -0.031756 " />
														<Normal vector="-0.577349 0.689779 0.436842 -0.577349 0.436842 -0.689779 -0.577349 -0.689779 -0.436842 -0.577349 -0.436842 0.689779 -0.577349 -0.436842 0.689779 -0.577349 -0.689779 -0.436842 0.577349 -0.689779 -0.436842 0.577349 -0.436842 0.689779 0.577349 -0.436842 0.689779 0.577349 -0.689779 -0.436842 0.577349 0.436842 -0.689779 0.577349 0.689779 0.436842 0.577349 0.689779 0.436842 0.577349 0.436842 -0.689779 -0.577349 0.436842 -0.689779 -0.577349 0.689779 0.436842 0.577349 -0.436842 0.689779 0.577349 0.689779 0.436842 0.577349 -0.689779 -0.436842 0.577349 0.436842 -0.689779 " />
														<TextureCoordinate point="0.0339 0.8221 0.2240 0.8221 0.2240 0.9774 0.0339 0.9774 0.0339 0.8221 0.2240 0.8221 0.2240 0.9774 0.0339 0.9774 0.0339 0.8221 0.2240 0.8221 0.2240 0.9774 0.0339 0.9774 0.0339 0.8221 0.2240 0.8221 0.2240 0.9774 0.0339 0.9774 0.2240 0.8221 0.2240 0.9774 0.0339 0.8221 0.0339 0.9774 " />
													</IndexedTriangleSet>
												</Shape>
											</Group>
										</Transform>
										<Transform DEF="Cube_053_TRANSFORM"
										           translation="0.000000 0.067697 0.256620"
										           scale="1.000000 1.000000 1.000000"
										           rotation="0.000000 1.000000 0.000000 0.000000"
										           >
											<Transform DEF="Cube_053_ifs_TRANSFORM"
											           translation="0.000000 0.000000 0.000000"
											           scale="1.000000 1.000000 1.000000"
											           rotation="0.000000 1.000000 0.000000 0.000000"
											           >
												<Group DEF="group_ME_Cube_054">
													<Shape>
														<Appearance>
															<Material USE="MA_Body" />
														</Appearance>
														<IndexedTriangleSet solid="false"
														                    normalPerVertex="true"
														                    index="0 1 2 0 2 3 4 5 6 4 6 7 8 9 10 8 10 11 12 13 14 12 14 15 4 16 17 4 17 15 18 5 14 18 14 19 "
														                    >
															<Coordinate point="-0.029257 0.167322 0.207211 -0.029257 0.092526 -0.029265 -0.029257 -0.092526 0.029265 -0.029257 -0.017729 0.265742 -0.029257 -0.017729 0.265742 -0.029257 -0.092526 0.029265 0.029257 -0.092526 0.029265 0.029257 -0.017729 0.265742 0.029257 -0.017729 0.265742 0.029257 -0.092526 0.029265 0.029257 0.092526 -0.029265 0.029257 0.167322 0.207211 0.029257 0.167322 0.207211 0.029257 0.092526 -0.029265 -0.029257 0.092526 -0.029265 -0.029257 0.167322 0.207211 0.029257 -0.017729 0.265742 0.029257 0.167322 0.207211 0.029257 -0.092526 0.029265 0.029257 0.092526 -0.029265 " />
															<Normal vector="-0.577349 0.724570 0.376354 -0.577349 0.376354 -0.724570 -0.577349 -0.724570 -0.376354 -0.577349 -0.376354 0.724570 -0.577349 -0.376354 0.724570 -0.577349 -0.724570 -0.376354 0.577349 -0.724570 -0.376354 0.577349 -0.376354 0.724570 0.577349 -0.376354 0.724570 0.577349 -0.724570 -0.376354 0.577349 0.376354 -0.724570 0.577349 0.724570 0.376354 0.577349 0.724570 0.376354 0.577349 0.376354 -0.724570 -0.577349 0.376354 -0.724570 -0.577349 0.724570 0.376354 0.577349 -0.376354 0.724570 0.577349 0.724570 0.376354 0.577349 -0.724570 -0.376354 0.577349 0.376354 -0.724570 " />
															<TextureCoordinate point="0.0339 0.8221 0.2240 0.8221 0.2240 0.9774 0.0339 0.9774 0.0339 0.8221 0.2240 0.8221 0.2240 0.9774 0.0339 0.9774 0.0339 0.8221 0.2240 0.8221 0.2240 0.9774 0.0339 0.9774 0.0339 0.8221 0.2240 0.8221 0.2240 0.9774 0.0339 0.9774 0.2240 0.8221 0.2240 0.9774 0.0339 0.8221 0.0339 0.9774 " />
														</IndexedTriangleSet>
													</Shape>
												</Group>
											</Transform>
											<Transform DEF="Cube_054_TRANSFORM"
											           translation="-0.000000 0.079319 0.213754"
											           scale="1.000000 1.000000 1.000000"
											           rotation="0.000000 1.000000 0.000000 0.000000"
											           >
												<Transform DEF="Cube_054_ifs_TRANSFORM"
												           translation="0.000000 0.000000 0.000000"
												           scale="1.000000 1.000000 1.000000"
												           rotation="0.000000 1.000000 0.000000 0.000000"
												           >
													<Group DEF="group_ME_Cube_055">
														<Shape>
															<Appearance>
																<Material USE="MA_Body" />
															</Appearance>
															<IndexedTriangleSet solid="false"
															                    normalPerVertex="true"
															                    index="0 1 2 0 2 3 4 5 6 4 6 7 8 9 10 8 10 11 12 13 14 12 14 15 4 16 17 4 17 15 18 5 14 18 14 19 "
															                    >
																<Coordinate point="-0.021320 0.120538 0.145924 -0.021320 0.051974 -0.021309 -0.021320 -0.051974 0.021309 -0.021320 0.016589 0.188542 -0.021320 0.016589 0.188542 -0.021320 -0.051974 0.021309 0.021320 -0.051974 0.021309 0.021320 0.016589 0.188542 0.021320 0.016589 0.188542 0.021320 -0.051974 0.021309 0.021320 0.051974 -0.021309 0.021320 0.120538 0.145924 0.021320 0.120538 0.145924 0.021320 0.051974 -0.021309 -0.021320 0.051974 -0.021309 -0.021320 0.120538 0.145924 0.021320 0.016589 0.188542 0.021320 0.120538 0.145924 0.021320 -0.051974 0.021309 0.021320 0.051974 -0.021309 " />
																<Normal vector="-0.577349 0.753197 0.315165 -0.577349 0.315165 -0.753197 -0.577349 -0.753197 -0.315165 -0.577349 -0.315165 0.753197 -0.577349 -0.315165 0.753197 -0.577349 -0.753197 -0.315165 0.577349 -0.753197 -0.315165 0.577349 -0.315165 0.753197 0.577349 -0.315165 0.753197 0.577349 -0.753197 -0.315165 0.577349 0.315165 -0.753197 0.577349 0.753197 0.315165 0.577349 0.753197 0.315165 0.577349 0.315165 -0.753197 -0.577349 0.315165 -0.753197 -0.577349 0.753197 0.315165 0.577349 -0.315165 0.753197 0.577349 0.753197 0.315165 0.577349 -0.753197 -0.315165 0.577349 0.315165 -0.753197 " />
																<TextureCoordinate point="0.0339 0.8221 0.2240 0.8221 0.2240 0.9774 0.0339 0.9774 0.0339 0.8221 0.2240 0.8221 0.2240 0.9774 0.0339 0.9774 0.0339 0.8221 0.2240 0.8221 0.2240 0.9774 0.0339 0.9774 0.0339 0.8221 0.2240 0.8221 0.2240 0.9774 0.0339 0.9774 0.2240 0.8221 0.2240 0.9774 0.0339 0.8221 0.0339 0.9774 " />
															</IndexedTriangleSet>
														</Shape>
													</Group>
												</Transform>
											</Transform>
										</Transform>
									</Transform>
								</Transform>
							</Transform>
						</Transform>
						<Transform DEF="Cube_047_TRANSFORM"
						           translation="0.000000 0.172899 0.175143"
						           scale="1.000000 1.000000 1.000000"
						           rotation="0.000000 1.000000 0.000000 0.000000"
						           >
							<Transform DEF="Cube_047_ifs_TRANSFORM"
							           translation="0.000000 0.000000 0.000000"
							           scale="1.000000 1.000000 1.000000"
							           rotation="0.000000 1.000000 0.000000 0.000000"
							           >
								<Group DEF="group_ME_Cube_048">
									<Shape>
										<Appearance>
											<Material USE="MA_Body" />
										</Appearance>
										<IndexedTriangleSet solid="false"
										                    normalPerVertex="true"
										                    index="0 1 2 0 2 3 4 5 6 4 6 7 8 9 10 8 10 11 12 13 14 12 14 15 4 16 17 4 17 15 18 5 14 18 14 19 "
										                    >
											<Coordinate point="-0.036042 0.169876 -0.044893 -0.036042 -0.169876 0.044893 -0.036042 -0.115372 0.251134 -0.036042 0.224379 0.161347 -0.036042 0.224379 0.161347 -0.036042 -0.115372 0.251134 0.036042 -0.115372 0.251134 0.036042 0.224379 0.161347 0.036042 0.224379 0.161347 0.036042 -0.115372 0.251134 0.036042 -0.169876 0.044893 0.036042 0.169876 -0.044893 0.036042 0.169876 -0.044893 0.036042 -0.169876 0.044893 -0.036042 -0.169876 0.044893 -0.036042 0.169876 -0.044893 0.036042 0.224379 0.161347 0.036042 0.169876 -0.044893 0.036042 -0.115372 0.251134 0.036042 -0.169876 0.044893 " />
											<Normal vector="-0.577349 0.410657 -0.705679 -0.577349 -0.705679 -0.410657 -0.577349 -0.410657 0.705679 -0.577349 0.705679 0.410657 -0.577349 0.705679 0.410657 -0.577349 -0.410657 0.705679 0.577349 -0.410657 0.705679 0.577349 0.705679 0.410657 0.577349 0.705679 0.410657 0.577349 -0.410657 0.705679 0.577349 -0.705679 -0.410657 0.577349 0.410657 -0.705679 0.577349 0.410657 -0.705679 0.577349 -0.705679 -0.410657 -0.577349 -0.705679 -0.410657 -0.577349 0.410657 -0.705679 0.577349 0.705679 0.410657 0.577349 0.410657 -0.705679 0.577349 -0.410657 0.705679 0.577349 -0.705679 -0.410657 " />
											<TextureCoordinate point="0.0339 0.8221 0.2240 0.8221 0.2240 0.9774 0.0339 0.9774 0.0339 0.8221 0.2240 0.8221 0.2240 0.9774 0.0339 0.9774 0.0339 0.8221 0.2240 0.8221 0.2240 0.9774 0.0339 0.9774 0.0339 0.8221 0.2240 0.8221 0.2240 0.9774 0.0339 0.9774 0.2240 0.8221 0.2240 0.9774 0.0339 0.8221 0.0339 0.9774 " />
										</IndexedTriangleSet>
									</Shape>
								</Group>
							</Transform>
							<Transform DEF="Cube_048_TRANSFORM"
							           translation="0.000000 0.043144 0.138045"
							           scale="1.000000 1.000000 1.000000"
							           rotation="0.000000 1.000000 0.000000 0.000000"
							           >
								<Transform DEF="Cube_048_ifs_TRANSFORM"
								           translation="0.000000 0.000000 0.000000"
								           scale="1.000000 1.000000 1.000000"
								           rotation="0.000000 1.000000 0.000000 0.000000"
								           >
									<Group DEF="group_ME_Cube_049">
										<Shape>
											<Appearance>
												<Material USE="MA_Body" />
											</Appearance>
											<IndexedTriangleSet solid="false"
											                    normalPerVertex="true"
											                    index="0 1 2 0 2 3 4 5 6 4 6 7 8 9 10 8 10 11 12 13 14 12 14 15 4 16 17 4 17 15 18 5 14 18 14 19 "
											                    >
												<Coordinate point="-0.024657 0.094756 -0.058564 -0.024657 -0.094756 0.058564 -0.024657 0.018868 0.242406 -0.024657 0.208379 0.125279 -0.024657 0.208379 0.125279 -0.024657 0.018868 0.242406 0.024657 0.018868 0.242406 0.024657 0.208379 0.125279 0.024657 0.208379 0.125279 0.024657 0.018868 0.242406 0.024657 -0.094756 0.058564 0.024657 0.094756 -0.058564 0.024657 0.094756 -0.058564 0.024657 -0.094756 0.058564 -0.024657 -0.094756 0.058564 -0.024657 0.094756 -0.058564 0.024657 0.208379 0.125279 0.024657 0.094756 -0.058564 0.024657 0.018868 0.242406 0.024657 -0.094756 0.058564 " />
												<Normal vector="-0.577349 0.187567 -0.794641 -0.577349 -0.794641 -0.187567 -0.577349 -0.187567 0.794641 -0.577349 0.794641 0.187567 -0.577349 0.794641 0.187567 -0.577349 -0.187567 0.794641 0.577349 -0.187567 0.794641 0.577349 0.794641 0.187567 0.577349 0.794641 0.187567 0.577349 -0.187567 0.794641 0.577349 -0.794641 -0.187567 0.577349 0.187567 -0.794641 0.577349 0.187567 -0.794641 0.577349 -0.794641 -0.187567 -0.577349 -0.794641 -0.187567 -0.577349 0.187567 -0.794641 0.577349 0.794641 0.187567 0.577349 0.187567 -0.794641 0.577349 -0.187567 0.794641 0.577349 -0.794641 -0.187567 " />
												<TextureCoordinate point="0.0339 0.8221 0.2240 0.8221 0.2240 0.9774 0.0339 0.9774 0.0339 0.8221 0.2240 0.8221 0.2240 0.9774 0.0339 0.9774 0.0339 0.8221 0.2240 0.8221 0.2240 0.9774 0.0339 0.9774 0.0339 0.8221 0.2240 0.8221 0.2240 0.9774 0.0339 0.9774 0.2240 0.8221 0.2240 0.9774 0.0339 0.8221 0.0339 0.9774 " />
											</IndexedTriangleSet>
										</Shape>
									</Group>
								</Transform>
							</Transform>
						</Transform>
					</Transform>
					<Transform DEF="Cube_045_TRANSFORM"
					           translation="0.000000 0.053916 0.225253"
					           scale="1.000000 1.000000 1.000000"
					           rotation="0.000000 1.000000 0.000000 0.000000"
					           >
						<Transform DEF="Cube_045_ifs_TRANSFORM"
						           translation="0.000000 0.000000 0.000000"
						           scale="1.000000 1.000000 1.000000"
						           rotation="0.000000 1.000000 0.000000 0.000000"
						           >
							<Group DEF="group_ME_Cube_046">
								<Shape>
									<Appearance>
										<Material USE="MA_Body" />
									</Appearance>
									<IndexedTriangleSet solid="false"
									                    normalPerVertex="true"
									                    index="0 1 2 0 2 3 4 5 6 4 6 7 8 9 10 8 10 11 12 13 14 12 14 15 4 16 17 4 17 15 18 5 14 18 14 19 "
									                    >
										<Coordinate point="-0.040555 0.191147 -0.050515 -0.040555 -0.191147 0.050515 -0.040555 -0.129818 0.282580 -0.040555 0.252475 0.181550 -0.040555 0.252475 0.181550 -0.040555 -0.129818 0.282580 0.040555 -0.129818 0.282580 0.040555 0.252475 0.181550 0.040555 0.252475 0.181550 0.040555 -0.129818 0.282580 0.040555 -0.191147 0.050515 0.040555 0.191147 -0.050515 0.040555 0.191147 -0.050515 0.040555 -0.191147 0.050515 -0.040555 -0.191147 0.050515 -0.040555 0.191147 -0.050515 0.040555 0.252475 0.181550 0.040555 0.191147 -0.050515 0.040555 -0.129818 0.282580 0.040555 -0.191147 0.050515 " />
										<Normal vector="-0.577349 0.410657 -0.705679 -0.577349 -0.705679 -0.410657 -0.577349 -0.410657 0.705679 -0.577349 0.705679 0.410657 -0.577349 0.705679 0.410657 -0.577349 -0.410657 0.705679 0.577349 -0.410657 0.705679 0.577349 0.705679 0.410657 0.577349 0.705679 0.410657 0.577349 -0.410657 0.705679 0.577349 -0.705679 -0.410657 0.577349 0.410657 -0.705679 0.577349 0.410657 -0.705679 0.577349 -0.705679 -0.410657 -0.577349 -0.705679 -0.410657 -0.577349 0.410657 -0.705679 0.577349 0.705679 0.410657 0.577349 0.410657 -0.705679 0.577349 -0.410657 0.705679 0.577349 -0.705679 -0.410657 " />
										<TextureCoordinate point="0.0339 0.8221 0.2240 0.8221 0.2240 0.9774 0.0339 0.9774 0.0339 0.8221 0.2240 0.8221 0.2240 0.9774 0.0339 0.9774 0.0339 0.8221 0.2240 0.8221 0.2240 0.9774 0.0339 0.9774 0.0339 0.8221 0.2240 0.8221 0.2240 0.9774 0.0339 0.9774 0.2240 0.8221 0.2240 0.9774 0.0339 0.8221 0.0339 0.9774 " />
									</IndexedTriangleSet>
								</Shape>
							</Group>
						</Transform>
						<Transform DEF="Cube_046_TRANSFORM"
						           translation="0.000000 0.048547 0.155331"
						           scale="1.000000 1.000000 1.000000"
						           rotation="0.000000 1.000000 0.000000 0.000000"
						           >
							<Transform DEF="Cube_046_ifs_TRANSFORM"
							           translation="0.000000 0.000000 0.000000"
							           scale="1.000000 1.000000 1.000000"
							           rotation="0.000000 1.000000 0.000000 0.000000"
							           >
								<Group DEF="group_ME_Cube_047">
									<Shape>
										<Appearance>
											<Material USE="MA_Body" />
										</Appearance>
										<IndexedTriangleSet solid="false"
										                    normalPerVertex="true"
										                    index="0 1 2 0 2 3 4 5 6 4 6 7 8 9 10 8 10 11 12 13 14 12 14 15 4 16 17 4 17 15 18 5 14 18 14 19 "
										                    >
											<Coordinate point="-0.027745 0.106621 -0.065897 -0.027745 -0.106621 0.065897 -0.027745 0.054262 0.326205 -0.027745 0.267503 0.194412 -0.027745 0.267503 0.194412 -0.027745 0.054262 0.326205 0.027745 0.054262 0.326205 0.027745 0.267503 0.194412 0.027745 0.267503 0.194412 0.027745 0.054262 0.326205 0.027745 -0.106621 0.065897 0.027745 0.106621 -0.065897 0.027745 0.106621 -0.065897 0.027745 -0.106621 0.065897 -0.027745 -0.106621 0.065897 -0.027745 0.106621 -0.065897 0.027745 0.267503 0.194412 0.027745 0.106621 -0.065897 0.027745 0.054262 0.326205 0.027745 -0.106621 0.065897 " />
											<Normal vector="-0.577349 0.187567 -0.794641 -0.577349 -0.794641 -0.187567 -0.577349 -0.187567 0.794641 -0.577349 0.794641 0.187567 -0.577349 0.794641 0.187567 -0.577349 -0.187567 0.794641 0.577349 -0.187567 0.794641 0.577349 0.794641 0.187567 0.577349 0.794641 0.187567 0.577349 -0.187567 0.794641 0.577349 -0.794641 -0.187567 0.577349 0.187567 -0.794641 0.577349 0.187567 -0.794641 0.577349 -0.794641 -0.187567 -0.577349 -0.794641 -0.187567 -0.577349 0.187567 -0.794641 0.577349 0.794641 0.187567 0.577349 0.187567 -0.794641 0.577349 -0.187567 0.794641 0.577349 -0.794641 -0.187567 " />
											<TextureCoordinate point="0.0339 0.8221 0.2240 0.8221 0.2240 0.9774 0.0339 0.9774 0.0339 0.8221 0.2240 0.8221 0.2240 0.9774 0.0339 0.9774 0.0339 0.8221 0.2240 0.8221 0.2240 0.9774 0.0339 0.9774 0.0339 0.8221 0.2240 0.8221 0.2240 0.9774 0.0339 0.9774 0.2240 0.8221 0.2240 0.9774 0.0339 0.8221 0.0339 0.9774 " />
										</IndexedTriangleSet>
									</Shape>
								</Group>
							</Transform>
						</Transform>
					</Transform>
				</Transform>
			</Transform>
			<Transform DEF="leg2_TRANSFORM"
			           translation="-0.191520 -0.023678 0.554842"
			           scale="1.000000 1.000000 1.000000"
			           rotation="0.000000 1.000000 0.000000 0.000000"
			           >
				<Transform DEF="leg2_ifs_TRANSFORM"
				           translation="0.000000 0.000000 0.000000"
				           scale="1.000000 1.000000 1.000000"
				           rotation="0.000000 1.000000 0.000000 0.000000"
				           >
					<Group DEF="group_ME_leg2">
						<Shape>
							<Appearance>
								<Material USE="MA_Body" />
							</Appearance>
							<IndexedTriangleSet solid="false"
							                    normalPerVertex="true"
							                    index="0 1 2 0 2 3 4 5 6 4 6 7 8 9 10 8 10 11 12 13 14 12 14 15 4 13 16 4 16 17 18 19 14 18 14 7 "
							                    >
								<Coordinate point="-0.196875 -0.585519 -0.448091 -0.196875 -0.075026 -0.733477 0.187835 0.190428 -0.258639 0.187835 -0.320065 0.026747 -0.196875 -0.075026 -0.733477 -0.572545 0.054611 -0.501585 -0.187835 0.320065 -0.026747 0.187835 0.190428 -0.258639 -0.572545 0.054611 -0.501585 -0.572545 -0.455882 -0.216199 -0.187835 -0.190428 0.258639 -0.187835 0.320065 -0.026747 -0.572545 -0.455882 -0.216199 -0.196875 -0.585519 -0.448091 0.187835 -0.320065 0.026747 -0.187835 -0.190428 0.258639 -0.572545 -0.455882 -0.216199 -0.572545 0.054611 -0.501585 -0.187835 0.320065 -0.026747 -0.187835 -0.190428 0.258639 " />
								<Normal vector="0.138005 -0.896634 -0.420698 0.138005 0.111240 -0.984130 0.804743 0.571276 -0.161229 0.804743 -0.436567 0.402203 0.138005 0.111240 -0.984130 -0.804743 0.436567 -0.402203 -0.138005 0.896634 0.420698 0.804743 0.571276 -0.161229 -0.804743 0.436567 -0.402203 -0.804743 -0.571276 0.161229 -0.138005 -0.111240 0.984130 -0.138005 0.896634 0.420698 -0.804743 -0.571276 0.161229 0.138005 -0.896634 -0.420698 0.804743 -0.436567 0.402203 -0.138005 -0.111240 0.984130 -0.804743 -0.571276 0.161229 -0.804743 0.436567 -0.402203 -0.138005 0.896634 0.420698 -0.138005 -0.111240 0.984130 " />
								<TextureCoordinate point="0.0339 0.8221 0.0339 0.9774 0.2240 0.9774 0.2240 0.8221 0.0339 0.8221 0.0339 0.9774 0.2240 0.9774 0.2240 0.8221 0.0339 0.8221 0.0339 0.9774 0.2240 0.9774 0.2240 0.8221 0.0339 0.8221 0.0339 0.9774 0.2240 0.9774 0.2240 0.8221 0.2240 0.9774 0.2240 0.8221 0.0339 0.8221 0.0339 0.9774 " />
							</IndexedTriangleSet>
						</Shape>
					</Group>
				</Transform>
				<Transform DEF="Cube_080_TRANSFORM"
				           translation="-0.298738 -0.229850 -0.381190"
				           scale="1.000000 1.000000 1.000000"
				           rotation="0.000000 1.000000 0.000000 0.000000"
				           >
					<Transform DEF="Cube_080_ifs_TRANSFORM"
					           translation="0.000000 0.000000 0.000000"
					           scale="1.000000 1.000000 1.000000"
					           rotation="0.000000 1.000000 0.000000 0.000000"
					           >
						<Group DEF="group_ME_Cube_079">
							<Shape>
								<Appearance>
									<Material USE="MA_Body" />
								</Appearance>
								<IndexedTriangleSet solid="false"
								                    normalPerVertex="true"
								                    index="0 1 2 0 2 3 4 5 6 4 6 7 8 9 10 8 10 11 12 13 14 12 14 15 4 13 16 4 16 17 18 19 14 18 14 7 "
								                    >
									<Coordinate point="-0.095625 -0.437189 -0.288905 -0.095625 -0.017115 -0.523744 0.157537 0.154797 -0.216232 0.157537 -0.265277 0.018607 -0.095625 -0.017115 -0.523744 -0.410700 0.093365 -0.326119 -0.157537 0.265277 -0.018607 0.157537 0.154797 -0.216232 -0.410700 0.093365 -0.326119 -0.410700 -0.326709 -0.091280 -0.157537 -0.154797 0.216232 -0.157537 0.265277 -0.018607 -0.410700 -0.326709 -0.091280 -0.095625 -0.437189 -0.288905 0.157537 -0.265277 0.018607 -0.157537 -0.154797 0.216232 -0.410700 -0.326709 -0.091280 -0.410700 0.093365 -0.326119 -0.157537 0.265277 -0.018607 -0.157537 -0.154797 0.216232 " />
									<Normal vector="0.131932 -0.897122 -0.421583 0.131932 0.110752 -0.985046 0.805750 0.568316 -0.166540 0.805750 -0.439558 0.396863 0.131932 0.110752 -0.985046 -0.805750 0.439558 -0.396863 -0.131932 0.897122 0.421583 0.805750 0.568316 -0.166540 -0.805750 0.439558 -0.396863 -0.805750 -0.568316 0.166540 -0.131932 -0.110752 0.985046 -0.131932 0.897122 0.421583 -0.805750 -0.568316 0.166540 0.131932 -0.897122 -0.421583 0.805750 -0.439558 0.396863 -0.131932 -0.110752 0.985046 -0.805750 -0.568316 0.166540 -0.805750 0.439558 -0.396863 -0.131932 0.897122 0.421583 -0.131932 -0.110752 0.985046 " />
									<TextureCoordinate point="0.0339 0.8221 0.0339 0.9774 0.2240 0.9774 0.2240 0.8221 0.0339 0.8221 0.0339 0.9774 0.2240 0.9774 0.2240 0.8221 0.0339 0.8221 0.0339 0.9774 0.2240 0.9774 0.2240 0.8221 0.0339 0.8221 0.0339 0.9774 0.2240 0.9774 0.2240 0.8221 0.2240 0.9774 0.2240 0.8221 0.0339 0.8221 0.0339 0.9774 " />
								</IndexedTriangleSet>
							</Shape>
						</Group>
					</Transform>
				</Transform>
				<Transform DEF="leg2_1_TRANSFORM"
				           translation="-0.569349 -0.531087 -0.580645"
				           scale="1.000000 1.000000 1.000000"
				           rotation="0.000000 1.000000 0.000000 0.000000"
				           >
					<Transform DEF="leg2_1_ifs_TRANSFORM"
					           translation="0.000000 0.000000 0.000000"
					           scale="1.000000 1.000000 1.000000"
					           rotation="0.000000 1.000000 0.000000 0.000000"
					           >
						<Group DEF="group_ME_leg2_1">
							<Shape>
								<Appearance>
									<Material USE="MA_Body" />
								</Appearance>
								<IndexedTriangleSet solid="false"
								                    normalPerVertex="true"
								                    index="0 1 2 0 2 3 4 5 6 4 6 7 8 9 10 8 10 11 12 13 14 12 14 15 4 13 16 4 16 17 18 19 14 18 14 7 "
								                    >
									<Coordinate point="0.142096 0.066919 -0.318789 0.217805 0.252527 -0.122829 0.159367 0.050442 0.091158 0.083658 -0.135166 -0.104802 0.217805 0.252527 -0.122829 -0.025220 0.337251 -0.109186 -0.083658 0.135166 0.104802 0.159367 0.050442 0.091158 -0.025220 0.337251 -0.109186 -0.100929 0.151643 -0.305146 -0.159367 -0.050442 -0.091158 -0.083658 0.135166 0.104802 -0.100929 0.151643 -0.305146 0.142096 0.066919 -0.318789 0.083658 -0.135166 -0.104802 -0.159367 -0.050442 -0.091158 -0.100929 0.151643 -0.305146 -0.025220 0.337251 -0.109186 -0.083658 0.135166 0.104802 -0.159367 -0.050442 -0.091158 " />
									<Normal vector="0.500900 -0.183233 -0.845851 0.812769 0.581286 -0.038667 0.587878 -0.196326 0.784722 0.276040 -0.960875 -0.022431 0.812769 0.581286 -0.038667 -0.276040 0.960875 0.022431 -0.500900 0.183233 0.845851 0.587878 -0.196326 0.784722 -0.276040 0.960875 0.022431 -0.587878 0.196326 -0.784722 -0.812769 -0.581286 0.038667 -0.500900 0.183233 0.845851 -0.587878 0.196326 -0.784722 0.500900 -0.183233 -0.845851 0.276040 -0.960875 -0.022431 -0.812769 -0.581286 0.038667 -0.587878 0.196326 -0.784722 -0.276040 0.960875 0.022431 -0.500900 0.183233 0.845851 -0.812769 -0.581286 0.038667 " />
									<TextureCoordinate point="0.0339 0.8221 0.0339 0.9774 0.2240 0.9774 0.2240 0.8221 0.0339 0.8221 0.0339 0.9774 0.2240 0.9774 0.2240 0.8221 0.0339 0.8221 0.0339 0.9774 0.2240 0.9774 0.2240 0.8221 0.0339 0.8221 0.0339 0.9774 0.2240 0.9774 0.2240 0.8221 0.2240 0.9774 0.2240 0.8221 0.0339 0.8221 0.0339 0.9774 " />
								</IndexedTriangleSet>
							</Shape>
						</Group>
					</Transform>
					<Transform DEF="Cube_081_TRANSFORM"
					           translation="0.043211 0.170125 -0.177884"
					           scale="1.000000 1.000000 1.000000"
					           rotation="0.000000 1.000000 0.000000 0.000000"
					           >
						<Transform DEF="Cube_081_ifs_TRANSFORM"
						           translation="0.000000 0.000000 0.000000"
						           scale="1.000000 1.000000 1.000000"
						           rotation="0.000000 1.000000 0.000000 0.000000"
						           >
							<Group DEF="group_ME_Cube_080">
								<Shape>
									<Appearance>
										<Material USE="MA_Body" />
									</Appearance>
									<IndexedTriangleSet solid="false"
									                    normalPerVertex="true"
									                    index="0 1 2 0 2 3 4 5 6 4 6 7 8 9 10 8 10 11 12 13 14 12 14 15 16 17 18 16 18 19 20 21 14 20 14 7 22 17 23 22 23 24 25 26 27 25 27 28 16 29 30 16 30 31 32 33 34 32 34 35 36 37 38 36 38 39 40 41 42 40 42 43 44 45 46 44 46 47 48 49 50 48 50 51 "
									                    >
										<Coordinate point="0.122642 0.039334 -0.288525 0.167516 0.153907 -0.056766 0.124714 0.050242 0.078162 0.055547 -0.123171 -0.077012 0.167516 0.153907 -0.056766 -0.012746 0.226836 -0.057917 -0.055547 0.123171 0.077012 0.124714 0.050242 0.078162 -0.012746 0.226836 -0.057917 -0.057619 0.112263 -0.289676 -0.124714 -0.050242 -0.078162 -0.055547 0.123171 0.077012 -0.057619 0.112263 -0.289676 0.122642 0.039334 -0.288525 0.055547 -0.123171 -0.077012 -0.124714 -0.050242 -0.078162 0.232027 0.310154 -0.260133 0.162859 0.136740 -0.415307 -0.017402 0.209669 -0.416458 0.051765 0.383082 -0.261284 -0.055547 0.123171 0.077012 -0.124714 -0.050242 -0.078162 -0.017402 0.209669 -0.416458 0.141869 0.085902 -0.349137 -0.038392 0.158831 -0.350288 0.051765 0.383082 -0.261284 -0.017402 0.209669 -0.416458 -0.038392 0.158831 -0.350288 0.006481 0.273404 -0.118529 0.051765 0.383082 -0.261284 0.006481 0.273404 -0.118529 0.186743 0.200475 -0.117378 0.162859 0.136740 -0.415307 0.232027 0.310154 -0.260133 0.186743 0.200475 -0.117378 0.141869 0.085902 -0.349137 -0.038392 0.158831 -0.350288 0.141869 0.085902 -0.349137 0.122642 0.039334 -0.288525 -0.057619 0.112263 -0.289676 0.006481 0.273404 -0.118529 -0.038392 0.158831 -0.350288 -0.057619 0.112263 -0.289676 -0.012746 0.226836 -0.057917 0.186743 0.200475 -0.117378 0.006481 0.273404 -0.118529 -0.012746 0.226836 -0.057917 0.167516 0.153907 -0.056766 0.141869 0.085902 -0.349137 0.186743 0.200475 -0.117378 0.167516 0.153907 -0.056766 0.122642 0.039334 -0.288525 " />
										<Normal vector="0.453993 -0.770287 -0.447768 0.856929 0.239906 0.456160 0.558824 -0.145207 0.816431 0.229835 -0.970061 0.078372 0.856929 0.239906 0.456160 -0.453993 0.770287 0.447768 -0.511521 0.287790 0.809595 0.558824 -0.145207 0.816431 -0.453993 0.770287 0.447768 -0.856929 -0.239906 -0.456160 -0.840510 -0.537004 0.071535 -0.511521 0.287790 0.809595 -0.856929 -0.239906 -0.456160 0.453993 -0.770287 -0.447768 0.229835 -0.970061 0.078372 -0.840510 -0.537004 0.071535 0.840510 0.537004 -0.071535 0.511521 -0.287790 -0.809595 -0.558824 0.145207 -0.816431 -0.229835 0.970061 -0.078372 -0.511521 0.287790 0.809595 -0.840510 -0.537004 0.071535 -0.558824 0.145207 -0.816431 0.453993 -0.770287 -0.447768 -0.856929 -0.239906 -0.456160 -0.229835 0.970061 -0.078372 -0.558824 0.145207 -0.816431 -0.856929 -0.239906 -0.456160 -0.453993 0.770287 0.447768 -0.229835 0.970061 -0.078372 -0.453993 0.770287 0.447768 0.856929 0.239906 0.456160 0.511521 -0.287790 -0.809595 0.840510 0.537004 -0.071535 0.856929 0.239906 0.456160 0.453993 -0.770287 -0.447768 -0.856929 -0.239906 -0.456160 0.453993 -0.770287 -0.447768 0.453993 -0.770287 -0.447768 -0.856929 -0.239906 -0.456160 -0.453993 0.770287 0.447768 -0.856929 -0.239906 -0.456160 -0.856929 -0.239906 -0.456160 -0.453993 0.770287 0.447768 0.856929 0.239906 0.456160 -0.453993 0.770287 0.447768 -0.453993 0.770287 0.447768 0.856929 0.239906 0.456160 0.453993 -0.770287 -0.447768 0.856929 0.239906 0.456160 0.856929 0.239906 0.456160 0.453993 -0.770287 -0.447768 " />
										<TextureCoordinate point="0.0261 0.8265 0.0261 0.9730 0.2319 0.9730 0.2319 0.8265 0.0261 0.8265 0.0261 0.9730 0.2319 0.9730 0.2319 0.8265 0.0261 0.8265 0.0261 0.9730 0.2319 0.9730 0.2319 0.8265 0.0261 0.8265 0.0261 0.9730 0.2319 0.9730 0.2319 0.8265 0.0261 0.8265 0.0261 0.9730 0.2319 0.9730 0.2319 0.8265 0.0261 0.8265 0.0261 0.9730 0.0261 0.8265 0.2319 0.9730 0.2319 0.8265 0.0261 0.8265 0.0261 0.9730 0.2319 0.9730 0.2319 0.8265 0.0261 0.9730 0.2319 0.9730 0.2319 0.8265 0.0261 0.8265 0.0261 0.9730 0.2319 0.9730 0.2319 0.8265 0.0261 0.5263 0.0261 0.6728 0.2319 0.6728 0.2319 0.5263 0.0261 0.5263 0.0261 0.6728 0.2319 0.6728 0.2319 0.5263 0.0261 0.5263 0.0261 0.6728 0.2319 0.6728 0.2319 0.5263 0.0261 0.5263 0.0261 0.6728 0.2319 0.6728 0.2319 0.5263 " />
									</IndexedTriangleSet>
								</Shape>
							</Group>
						</Transform>
					</Transform>
					<Transform DEF="foot2_TRANSFORM"
					           translation="0.158186 0.426705 -0.494825"
					           scale="1.000000 1.000000 1.000000"
					           rotation="0.000000 1.000000 0.000000 0.000000"
					           >
						<Transform DEF="foot2_ifs_TRANSFORM"
						           translation="0.000000 0.000000 0.000000"
						           scale="1.000000 1.000000 1.000000"
						           rotation="0.000000 1.000000 0.000000 0.000000"
						           >
							<Group DEF="group_ME_foot2">
								<Shape>
									<Appearance>
										<Material USE="MA_Body" />
									</Appearance>
									<IndexedTriangleSet solid="false"
									                    normalPerVertex="true"
									                    index="0 1 2 0 2 3 4 5 6 4 6 7 8 9 10 8 10 11 12 13 14 12 14 15 4 13 16 4 16 17 18 19 14 18 14 7 "
									                    >
										<Coordinate point="0.062802 -0.227380 -0.422916 0.218110 0.175433 -0.082249 0.170293 0.051412 0.086195 0.014985 -0.351401 -0.254471 0.218110 0.175433 -0.082249 -0.043885 0.276447 -0.082249 -0.091702 0.152426 0.086195 0.170293 0.051412 0.086195 -0.043885 0.276447 -0.082249 -0.199192 -0.126366 -0.422916 -0.247009 -0.250387 -0.254471 -0.091702 0.152426 0.086195 -0.199192 -0.126366 -0.422916 0.062802 -0.227380 -0.422916 0.014985 -0.351401 -0.254471 -0.247009 -0.250387 -0.254471 -0.199192 -0.126366 -0.422916 -0.043885 0.276447 -0.082249 -0.091702 0.152426 0.086195 -0.247009 -0.250387 -0.254471 " />
										<Normal vector="0.504288 -0.296884 -0.810877 0.830378 0.548875 -0.095584 0.573077 -0.118503 0.810877 0.246956 -0.964263 0.095584 0.830378 0.548875 -0.095584 -0.246956 0.964263 -0.095584 -0.504288 0.296884 0.810877 0.573077 -0.118503 0.810877 -0.246956 0.964263 -0.095584 -0.573077 0.118503 -0.810877 -0.830378 -0.548875 0.095584 -0.504288 0.296884 0.810877 -0.573077 0.118503 -0.810877 0.504288 -0.296884 -0.810877 0.246956 -0.964263 0.095584 -0.830378 -0.548875 0.095584 -0.573077 0.118503 -0.810877 -0.246956 0.964263 -0.095584 -0.504288 0.296884 0.810877 -0.830378 -0.548875 0.095584 " />
										<TextureCoordinate point="0.0339 0.8221 0.0339 0.9774 0.2240 0.9774 0.2240 0.8221 0.0339 0.8221 0.0339 0.9774 0.2240 0.9774 0.2240 0.8221 0.0339 0.8221 0.0339 0.9774 0.2240 0.9774 0.2240 0.8221 0.0339 0.8221 0.0339 0.9774 0.2240 0.9774 0.2240 0.8221 0.2240 0.9774 0.2240 0.8221 0.0339 0.8221 0.0339 0.9774 " />
									</IndexedTriangleSet>
								</Shape>
							</Group>
						</Transform>
						<Transform DEF="Cube_082_TRANSFORM"
						           translation="-0.069394 -0.179983 -0.328763"
						           scale="1.000000 1.000000 1.000000"
						           rotation="0.000000 1.000000 0.000000 0.000000"
						           >
							<Transform DEF="Cube_082_ifs_TRANSFORM"
							           translation="0.000000 0.000000 0.000000"
							           scale="1.000000 1.000000 1.000000"
							           rotation="0.000000 1.000000 0.000000 0.000000"
							           >
								<Group DEF="group_ME_Cube_083">
									<Shape>
										<Appearance>
											<Material USE="MA_Body" />
										</Appearance>
										<IndexedTriangleSet solid="false"
										                    normalPerVertex="true"
										                    index="0 1 2 0 2 3 4 5 6 4 6 7 8 9 10 8 10 11 12 13 14 12 14 15 4 13 16 4 16 17 18 19 14 18 14 7 "
										                    >
											<Coordinate point="0.082151 -0.348439 -0.127171 0.182287 -0.047088 -0.099620 0.176833 -0.061232 0.074913 0.076697 -0.362584 0.047361 0.182287 -0.047088 -0.099620 -0.173392 0.071239 -0.101144 -0.178845 0.057095 0.073388 0.176833 -0.061232 0.074913 -0.173392 0.071239 -0.101144 -0.273527 -0.230112 -0.128695 -0.278981 -0.244256 0.045837 -0.178845 0.057095 0.073388 -0.273527 -0.230112 -0.128695 0.082151 -0.348439 -0.127171 0.076697 -0.362584 0.047361 -0.278981 -0.244256 0.045837 -0.273527 -0.230112 -0.128695 -0.173392 0.071239 -0.101144 -0.178845 0.057095 0.073388 -0.278981 -0.244256 0.045837 " />
											<Normal vector="0.384411 -0.681478 -0.622730 0.747154 0.410199 -0.522904 0.711203 0.316965 0.627430 0.348460 -0.774682 0.527604 0.747154 0.410199 -0.522904 -0.348460 0.774682 -0.527604 -0.384411 0.681478 0.622730 0.711203 0.316965 0.627430 -0.348460 0.774682 -0.527604 -0.711203 -0.316965 -0.627430 -0.747154 -0.410199 0.522904 -0.384411 0.681478 0.622730 -0.711203 -0.316965 -0.627430 0.384411 -0.681478 -0.622730 0.348460 -0.774682 0.527604 -0.747154 -0.410199 0.522904 -0.711203 -0.316965 -0.627430 -0.348460 0.774682 -0.527604 -0.384411 0.681478 0.622730 -0.747154 -0.410199 0.522904 " />
											<TextureCoordinate point="0.0339 0.8221 0.0339 0.9774 0.2240 0.9774 0.2240 0.8221 0.0339 0.8221 0.0339 0.9774 0.2240 0.9774 0.2240 0.8221 0.0339 0.8221 0.0339 0.9774 0.2240 0.9774 0.2240 0.8221 0.0339 0.8221 0.0339 0.9774 0.2240 0.9774 0.2240 0.8221 0.2240 0.9774 0.2240 0.8221 0.0339 0.8221 0.0339 0.9774 " />
										</IndexedTriangleSet>
									</Shape>
								</Group>
							</Transform>
							<Transform DEF="Cube_093_TRANSFORM"
							           translation="-0.094108 -0.281549 -0.066503"
							           scale="1.000000 1.000000 1.000000"
							           rotation="0.000000 1.000000 0.000000 0.000000"
							           >
								<Transform DEF="Cube_093_ifs_TRANSFORM"
								           translation="0.000000 0.000000 0.000000"
								           scale="1.000000 1.000000 1.000000"
								           rotation="0.000000 1.000000 0.000000 0.000000"
								           >
									<Group DEF="group_ME_Cube_094">
										<Shape>
											<Appearance>
												<Material USE="MA_Body" />
											</Appearance>
											<IndexedTriangleSet solid="false"
											                    normalPerVertex="true"
											                    index="0 1 2 0 2 3 4 5 6 4 6 7 8 9 10 8 10 11 12 13 14 12 14 15 4 13 16 4 16 17 18 19 14 18 14 7 "
											                    >
												<Coordinate point="-0.022008 -0.316953 -0.061151 0.077428 -0.025111 -0.054324 0.076611 -0.027375 0.054389 -0.022825 -0.319217 0.047562 0.077428 -0.025111 -0.054324 -0.076611 0.027375 -0.054389 -0.077428 0.025111 0.054324 0.076611 -0.027375 0.054389 -0.076611 0.027375 -0.054389 -0.176048 -0.264467 -0.061215 -0.176865 -0.266732 0.047498 -0.077428 0.025111 0.054324 -0.176048 -0.264467 -0.061215 -0.022008 -0.316953 -0.061151 -0.022825 -0.319217 0.047562 -0.176865 -0.266732 0.047498 -0.176048 -0.264467 -0.061215 -0.076611 0.027375 -0.054389 -0.077428 0.025111 0.054324 -0.176865 -0.266732 0.047498 " />
												<Normal vector="0.364666 -0.720542 -0.589740 0.736991 0.372173 -0.564196 0.728294 0.348125 0.590197 0.355998 -0.744591 0.564653 0.736991 0.372173 -0.564196 -0.355998 0.744591 -0.564653 -0.364666 0.720542 0.589740 0.728294 0.348125 0.590197 -0.355998 0.744591 -0.564653 -0.728294 -0.348125 -0.590197 -0.736991 -0.372173 0.564196 -0.364666 0.720542 0.589740 -0.728294 -0.348125 -0.590197 0.364666 -0.720542 -0.589740 0.355998 -0.744591 0.564653 -0.736991 -0.372173 0.564196 -0.728294 -0.348125 -0.590197 -0.355998 0.744591 -0.564653 -0.364666 0.720542 0.589740 -0.736991 -0.372173 0.564196 " />
												<TextureCoordinate point="0.0339 0.8221 0.0339 0.9774 0.2240 0.9774 0.2240 0.8221 0.0339 0.8221 0.0339 0.9774 0.2240 0.9774 0.2240 0.8221 0.0339 0.8221 0.0339 0.9774 0.2240 0.9774 0.2240 0.8221 0.0339 0.8221 0.0339 0.9774 0.2240 0.9774 0.2240 0.8221 0.2240 0.9774 0.2240 0.8221 0.0339 0.8221 0.0339 0.9774 " />
											</IndexedTriangleSet>
										</Shape>
									</Group>
								</Transform>
							</Transform>
							<Transform DEF="Cube_094_TRANSFORM"
							           translation="-0.184996 -0.144604 -0.064307"
							           scale="1.000000 1.000000 1.000000"
							           rotation="0.000000 1.000000 0.000000 0.000000"
							           >
								<Transform DEF="Cube_094_ifs_TRANSFORM"
								           translation="0.000000 0.000000 0.000000"
								           scale="1.000000 1.000000 1.000000"
								           rotation="0.000000 1.000000 0.000000 0.000000"
								           >
									<Group DEF="group_ME_Cube_095">
										<Shape>
											<Appearance>
												<Material USE="MA_Body" />
											</Appearance>
											<IndexedTriangleSet solid="false"
											                    normalPerVertex="true"
											                    index="0 1 2 0 2 3 4 5 6 4 6 7 8 9 10 8 10 11 12 13 14 12 14 15 4 13 16 4 16 17 18 19 14 18 14 7 "
											                    >
												<Coordinate point="-0.116106 -0.265735 -0.055856 0.052934 -0.037973 -0.049858 0.052210 -0.040039 0.048998 -0.116830 -0.267800 0.043000 0.052934 -0.037973 -0.049858 -0.052210 0.040039 -0.048998 -0.052934 0.037973 0.049858 0.052210 -0.040039 0.048998 -0.052210 0.040039 -0.048998 -0.221249 -0.187722 -0.054996 -0.221974 -0.189788 0.043859 -0.052934 0.037973 0.049858 -0.221249 -0.187722 -0.054996 -0.116106 -0.265735 -0.055856 -0.116830 -0.267800 0.043000 -0.221974 -0.189788 0.043859 -0.221249 -0.187722 -0.054996 -0.052210 0.040039 -0.048998 -0.052934 0.037973 0.049858 -0.221974 -0.189788 0.043859 " />
												<Normal vector="0.123844 -0.795434 -0.593188 0.811884 0.131535 -0.568773 0.803430 0.107425 0.585620 0.115390 -0.819575 0.561205 0.811884 0.131535 -0.568773 -0.115390 0.819575 -0.561205 -0.123844 0.795434 0.593188 0.803430 0.107425 0.585620 -0.115390 0.819575 -0.561205 -0.803430 -0.107425 -0.585620 -0.811884 -0.131535 0.568773 -0.123844 0.795434 0.593188 -0.803430 -0.107425 -0.585620 0.123844 -0.795434 -0.593188 0.115390 -0.819575 0.561205 -0.811884 -0.131535 0.568773 -0.803430 -0.107425 -0.585620 -0.115390 0.819575 -0.561205 -0.123844 0.795434 0.593188 -0.811884 -0.131535 0.568773 " />
												<TextureCoordinate point="0.0339 0.8221 0.0339 0.9774 0.2240 0.9774 0.2240 0.8221 0.0339 0.8221 0.0339 0.9774 0.2240 0.9774 0.2240 0.8221 0.0339 0.8221 0.0339 0.9774 0.2240 0.9774 0.2240 0.8221 0.0339 0.8221 0.0339 0.9774 0.2240 0.9774 0.2240 0.8221 0.2240 0.9774 0.2240 0.8221 0.0339 0.8221 0.0339 0.9774 " />
											</IndexedTriangleSet>
										</Shape>
									</Group>
								</Transform>
							</Transform>
							<Transform DEF="Cube_095_TRANSFORM"
							           translation="0.062003 -0.237663 -0.052920"
							           scale="1.000000 1.000000 1.000000"
							           rotation="0.000000 1.000000 0.000000 0.000000"
							           >
								<Transform DEF="Cube_095_ifs_TRANSFORM"
								           translation="0.000000 0.000000 0.000000"
								           scale="1.000000 1.000000 1.000000"
								           rotation="0.000000 1.000000 0.000000 0.000000"
								           >
									<Group DEF="group_ME_Cube_096">
										<Shape>
											<Appearance>
												<Material USE="MA_Body" />
											</Appearance>
											<IndexedTriangleSet solid="false"
											                    normalPerVertex="true"
											                    index="0 1 2 0 2 3 4 5 6 4 6 7 8 9 10 8 10 11 12 13 14 12 14 15 4 13 16 4 16 17 18 19 14 18 14 7 "
											                    >
												<Coordinate point="0.063195 -0.283023 -0.055856 0.065143 0.000607 -0.049858 0.065778 -0.001488 0.048998 0.063830 -0.285118 0.043000 0.065143 0.000607 -0.049858 -0.065778 0.001488 -0.048998 -0.065143 -0.000607 0.049858 0.065778 -0.001488 0.048998 -0.065778 0.001488 -0.048998 -0.067726 -0.282142 -0.054996 -0.067091 -0.284237 0.043859 -0.065143 -0.000607 0.049858 -0.067726 -0.282142 -0.054996 0.063195 -0.283023 -0.055856 0.063830 -0.285118 0.043000 -0.067091 -0.284237 0.043859 -0.067726 -0.282142 -0.054996 -0.065778 0.001488 -0.048998 -0.065143 -0.000607 0.049858 -0.067091 -0.284237 0.043859 " />
												<Normal vector="0.569628 -0.568834 -0.593188 0.577563 0.585528 -0.568773 0.584979 0.561083 0.585620 0.577044 -0.593310 0.561205 0.577563 0.585528 -0.568773 -0.577044 0.593310 -0.561205 -0.569628 0.568834 0.593188 0.584979 0.561083 0.585620 -0.577044 0.593310 -0.561205 -0.584979 -0.561083 -0.585620 -0.577563 -0.585528 0.568773 -0.569628 0.568834 0.593188 -0.584979 -0.561083 -0.585620 0.569628 -0.568834 -0.593188 0.577044 -0.593310 0.561205 -0.577563 -0.585528 0.568773 -0.584979 -0.561083 -0.585620 -0.577044 0.593310 -0.561205 -0.569628 0.568834 0.593188 -0.577563 -0.585528 0.568773 " />
												<TextureCoordinate point="0.0339 0.8221 0.0339 0.9774 0.2240 0.9774 0.2240 0.8221 0.0339 0.8221 0.0339 0.9774 0.2240 0.9774 0.2240 0.8221 0.0339 0.8221 0.0339 0.9774 0.2240 0.9774 0.2240 0.8221 0.0339 0.8221 0.0339 0.9774 0.2240 0.9774 0.2240 0.8221 0.2240 0.9774 0.2240 0.8221 0.0339 0.8221 0.0339 0.9774 " />
											</IndexedTriangleSet>
										</Shape>
									</Group>
								</Transform>
							</Transform>
						</Transform>
					</Transform>
				</Transform>
				<Transform DEF="Cube_092_TRANSFORM"
				           translation="-0.425541 -0.443681 -0.423198"
				           scale="1.000000 1.000000 1.000000"
				           rotation="0.000000 1.000000 0.000000 0.000000"
				           >
					<Transform DEF="Cube_092_ifs_TRANSFORM"
					           translation="0.000000 0.000000 0.000000"
					           scale="1.000000 1.000000 1.000000"
					           rotation="0.000000 1.000000 0.000000 0.000000"
					           >
						<Group DEF="group_ME_Cube_093">
							<Shape>
								<Appearance>
									<Material USE="MA_Body" />
								</Appearance>
								<IndexedTriangleSet solid="false"
								                    normalPerVertex="true"
								                    index="0 1 2 0 2 3 4 5 6 4 6 7 8 9 10 8 10 11 12 13 14 12 14 15 4 13 16 4 16 17 18 19 14 18 14 7 "
								                    >
									<Coordinate point="0.028874 -0.293996 0.173622 -0.007410 -0.058659 -0.058351 0.068216 0.038194 0.028078 0.104500 -0.197142 0.260051 -0.007410 -0.058659 -0.058351 -0.068216 -0.038194 -0.028078 0.007410 0.058659 0.058351 0.068216 0.038194 0.028078 -0.068216 -0.038194 -0.028078 -0.031932 -0.273531 0.203894 0.043694 -0.176677 0.290324 0.007410 0.058659 0.058351 -0.031932 -0.273531 0.203894 0.028874 -0.293996 0.173622 0.104500 -0.197142 0.260051 0.043694 -0.176677 0.290324 -0.031932 -0.273531 0.203894 -0.068216 -0.038194 -0.028078 0.007410 0.058659 0.058351 0.043694 -0.176677 0.290324 " />
									<Normal vector="0.267251 -0.947478 -0.175634 0.141209 -0.130039 -0.981384 0.722465 0.614368 -0.317087 0.848506 -0.203040 0.488632 0.141209 -0.130039 -0.981384 -0.848506 0.203040 -0.488632 -0.267251 0.947478 0.175634 0.722465 0.614368 -0.317087 -0.848506 0.203040 -0.488632 -0.722465 -0.614368 0.317087 -0.141209 0.130039 0.981384 -0.267251 0.947478 0.175634 -0.722465 -0.614368 0.317087 0.267251 -0.947478 -0.175634 0.848506 -0.203040 0.488632 -0.141209 0.130039 0.981384 -0.722465 -0.614368 0.317087 -0.848506 0.203040 -0.488632 -0.267251 0.947478 0.175634 -0.141209 0.130039 0.981384 " />
									<TextureCoordinate point="0.2719 0.7016 0.2719 0.7939 0.4662 0.7939 0.4662 0.7016 0.2719 0.7016 0.2719 0.7939 0.4662 0.7939 0.4662 0.7016 0.2719 0.7016 0.2719 0.7939 0.4662 0.7939 0.4662 0.7016 0.2719 0.7016 0.2719 0.7939 0.4662 0.7939 0.4662 0.7016 0.4662 0.7939 0.4662 0.7016 0.2719 0.7016 0.2719 0.7939 " />
								</IndexedTriangleSet>
							</Shape>
						</Group>
					</Transform>
				</Transform>
			</Transform>
		</Transform>
	</Scene>
</X3D>