<?xml version="1.0" encoding="UTF-8"?>
<!DOCTYPE X3D PUBLIC "ISO//Web3D//DTD X3D 3.0//EN" "http://www.web3d.org/specifications/x3d-3.0.dtd">
<X3D version="3.0" profile="Immersive" xmlns:xsd="http://www.w3.org/2001/XMLSchema-instance" xsd:noNamespaceSchemaLocation="http://www.web3d.org/specifications/x3d-3.0.xsd">
	<head>
		<meta name="filename" content="glameow.x3d" />
		<meta name="generator" content="Blender 2.93.18" />
	</head>
	<Scene>
		<NavigationInfo headlight="true"
		                visibilityLimit="0.0"
		                type='"EXAMINE", "ANY"'
		                avatarSize="0.25, 1.75, 0.75"
		                />
		<Background DEF="WO_World"
		            groundColor="0.051 0.051 0.051"
		            skyColor="0.051 0.051 0.051"
		            />
		<Transform DEF="body_TRANSFORM"
		           translation="0.000000 -1.523646 1.816815"
		           scale="1.000000 1.000000 1.000000"
		           rotation="0.000000 0.000000 1.000000 3.141593"
		           >
			<Transform DEF="body_ifs_TRANSFORM"
			           translation="0.000000 0.000000 0.000000"
			           scale="1.000000 1.000000 1.000000"
			           rotation="0.000000 1.000000 0.000000 0.000000"
			           >
				<Group DEF="group_ME_body">
					<Shape>
						<Appearance>
							<Material DEF="MA_Body"
							          diffuseColor="0.800 0.800 0.800"
							          specularColor="0.401 0.401 0.401"
							          emissiveColor="0.000 0.000 0.000"
							          ambientIntensity="0.000"
							          shininess="0.500"
							          transparency="0.0"
							          />
						</Appearance>
						<IndexedTriangleSet solid="false"
						                    normalPerVertex="true"
						                    index="0 1 2 0 2 3 4 5 6 4 6 7 8 9 10 8 10 11 12 13 14 12 14 15 4 16 17 4 17 15 18 5 14 18 14 19 "
						                    >
							<Coordinate point="-0.457023 -0.957491 -0.557239 -0.457023 -1.022444 0.426513 -0.457023 -0.032476 0.491876 -0.457023 0.032476 -0.491876 -0.457023 0.032476 -0.491876 -0.457023 -0.032476 0.491876 0.457023 -0.032476 0.491876 0.457023 0.032476 -0.491876 0.457023 0.032476 -0.491876 0.457023 -0.032476 0.491876 0.457023 -1.022444 0.426513 0.457023 -0.957491 -0.557239 0.457023 -0.957491 -0.557239 0.457023 -1.022444 0.426513 -0.457023 -1.022444 0.426513 -0.457023 -0.957491 -0.557239 0.457023 0.032476 -0.491876 0.457023 -0.957491 -0.557239 0.457023 -0.032476 0.491876 0.457023 -1.022444 0.426513 " />
							<Normal vector="-0.577349 -0.538041 -0.614124 -0.577349 -0.614124 0.538041 -0.577349 0.538041 0.614124 -0.577349 0.614124 -0.538041 -0.577349 0.614124 -0.538041 -0.577349 0.538041 0.614124 0.577349 0.538041 0.614124 0.577349 0.614124 -0.538041 0.577349 0.614124 -0.538041 0.577349 0.538041 0.614124 0.577349 -0.614124 0.538041 0.577349 -0.538041 -0.614124 0.577349 -0.538041 -0.614124 0.577349 -0.614124 0.538041 -0.577349 -0.614124 0.538041 -0.577349 -0.538041 -0.614124 0.577349 0.614124 -0.538041 0.577349 -0.538041 -0.614124 0.577349 0.538041 0.614124 0.577349 -0.614124 0.538041 " />
							<TextureCoordinate point="0.0222 0.4579 0.2252 0.4579 0.2252 0.9752 0.0222 0.9752 0.0222 0.4579 0.2252 0.4579 0.2252 0.9752 0.0222 0.9752 0.0222 0.4579 0.2252 0.4579 0.2252 0.9752 0.0222 0.9752 0.0222 0.4579 0.2252 0.4579 0.2252 0.9752 0.0222 0.9752 0.2252 0.4579 0.2252 0.9752 0.0222 0.4579 0.0222 0.9752 " />
						</IndexedTriangleSet>
					</Shape>
				</Group>
			</Transform>
			<Transform DEF="body1_TRANSFORM"
			           translation="0.000000 -0.907540 -0.041304"
			           scale="1.000000 1.000000 1.000000"
			           rotation="0.000000 1.000000 0.000000 0.000000"
			           >
				<Transform DEF="body1_ifs_TRANSFORM"
				           translation="0.000000 0.000000 0.000000"
				           scale="1.000000 1.000000 1.000000"
				           rotation="0.000000 1.000000 0.000000 0.000000"
				           >
					<Group DEF="group_ME_body1">
						<Shape>
							<Appearance>
								<Material USE="MA_Body" />
							</Appearance>
							<IndexedTriangleSet solid="false"
							                    normalPerVertex="true"
							                    index="0 1 2 0 2 3 4 5 6 4 6 7 8 9 10 8 10 11 12 13 14 12 14 15 4 16 17 4 17 15 18 5 14 18 14 19 "
							                    >
								<Coordinate point="-0.423925 -0.666480 -0.423244 -0.423925 -0.706471 0.352464 -0.423925 -0.019995 0.387854 -0.423925 0.019995 -0.387854 -0.423925 0.019995 -0.387854 -0.423925 -0.019995 0.387854 0.423925 -0.019995 0.387854 0.423925 0.019995 -0.387854 0.423925 0.019995 -0.387854 0.423925 -0.019995 0.387854 0.423925 -0.706471 0.352464 0.423925 -0.666480 -0.423244 0.423925 -0.666480 -0.423244 0.423925 -0.706471 0.352464 -0.423925 -0.706471 0.352464 -0.423925 -0.666480 -0.423244 0.423925 0.019995 -0.387854 0.423925 -0.666480 -0.423244 0.423925 -0.019995 0.387854 0.423925 -0.706471 0.352464 " />
								<Normal vector="-0.577349 -0.546831 -0.606281 -0.577349 -0.606281 0.546831 -0.577349 0.546831 0.606281 -0.577349 0.606281 -0.546831 -0.577349 0.606281 -0.546831 -0.577349 0.546831 0.606281 0.577349 0.546831 0.606281 0.577349 0.606281 -0.546831 0.577349 0.606281 -0.546831 0.577349 0.546831 0.606281 0.577349 -0.606281 0.546831 0.577349 -0.546831 -0.606281 0.577349 -0.546831 -0.606281 0.577349 -0.606281 0.546831 -0.577349 -0.606281 0.546831 -0.577349 -0.546831 -0.606281 0.577349 0.606281 -0.546831 0.577349 -0.546831 -0.606281 0.577349 0.546831 0.606281 0.577349 -0.606281 0.546831 " />
								<TextureCoordinate point="0.0222 0.4579 0.2252 0.4579 0.2252 0.9752 0.0222 0.9752 0.0222 0.4579 0.2252 0.4579 0.2252 0.9752 0.0222 0.9752 0.0222 0.4579 0.2252 0.4579 0.2252 0.9752 0.0222 0.9752 0.0222 0.4579 0.2252 0.4579 0.2252 0.9752 0.0222 0.9752 0.2252 0.4579 0.2252 0.9752 0.0222 0.4579 0.0222 0.9752 " />
							</IndexedTriangleSet>
						</Shape>
					</Group>
				</Transform>
				<Transform DEF="Cube_002_TRANSFORM"
				           translation="0.000000 -0.554880 -0.021884"
				           scale="1.000000 1.000000 1.000000"
				           rotation="0.000000 1.000000 0.000000 0.000000"
				           >
					<Transform DEF="Cube_002_ifs_TRANSFORM"
					           translation="0.000000 0.000000 0.000000"
					           scale="1.000000 1.000000 1.000000"
					           rotation="0.000000 1.000000 0.000000 0.000000"
					           >
						<Group DEF="group_ME_Cube_002">
							<Shape>
								<Appearance>
									<Material USE="MA_Body" />
								</Appearance>
								<IndexedTriangleSet solid="false"
								                    normalPerVertex="true"
								                    index="0 1 2 0 2 3 4 5 6 4 6 7 8 9 10 8 10 11 12 13 14 12 14 15 4 16 17 4 17 15 18 5 14 18 14 19 "
								                    >
									<Coordinate point="-0.456842 -1.094702 -0.395070 -0.456842 -1.011830 0.575025 -0.456842 0.041436 0.485048 -0.456842 -0.041436 -0.485048 -0.456842 -0.041436 -0.485048 -0.456842 0.041436 0.485048 0.456842 0.041436 0.485048 0.456842 -0.041436 -0.485048 0.456842 -0.041436 -0.485048 0.456842 0.041436 0.485048 0.456842 -1.011830 0.575025 0.456842 -1.094702 -0.395070 0.456842 -1.094702 -0.395070 0.456842 -1.011830 0.575025 -0.456842 -1.011830 0.575025 -0.456842 -1.094702 -0.395070 0.456842 -0.041436 -0.485048 0.456842 -1.094702 -0.395070 0.456842 0.041436 0.485048 0.456842 -1.011830 0.575025 " />
									<Normal vector="-0.577349 -0.624378 -0.526109 -0.577349 -0.526109 0.624378 -0.577349 0.624378 0.526109 -0.577349 0.526109 -0.624378 -0.577349 0.526109 -0.624378 -0.577349 0.624378 0.526109 0.577349 0.624378 0.526109 0.577349 0.526109 -0.624378 0.577349 0.526109 -0.624378 0.577349 0.624378 0.526109 0.577349 -0.526109 0.624378 0.577349 -0.624378 -0.526109 0.577349 -0.624378 -0.526109 0.577349 -0.526109 0.624378 -0.577349 -0.526109 0.624378 -0.577349 -0.624378 -0.526109 0.577349 0.526109 -0.624378 0.577349 -0.624378 -0.526109 0.577349 0.624378 0.526109 0.577349 -0.526109 0.624378 " />
									<TextureCoordinate point="0.0222 0.4579 0.2252 0.4579 0.2252 0.9752 0.0222 0.9752 0.0222 0.4579 0.2252 0.4579 0.2252 0.9752 0.0222 0.9752 0.0222 0.4579 0.2252 0.4579 0.2252 0.9752 0.0222 0.9752 0.0222 0.4579 0.2252 0.4579 0.2252 0.9752 0.0222 0.9752 0.2252 0.4579 0.2252 0.9752 0.0222 0.4579 0.0222 0.9752 " />
								</IndexedTriangleSet>
							</Shape>
						</Group>
					</Transform>
				</Transform>
				<Transform DEF="neck_TRANSFORM"
				           translation="0.000000 -1.375505 0.321581"
				           scale="1.000000 1.000000 1.000000"
				           rotation="0.000000 1.000000 0.000000 0.000000"
				           >
					<Transform DEF="neck_ifs_TRANSFORM"
					           translation="0.000000 0.000000 0.000000"
					           scale="1.000000 1.000000 1.000000"
					           rotation="0.000000 1.000000 0.000000 0.000000"
					           >
						<Group DEF="group_ME_neck">
							<Shape>
								<Appearance>
									<Material USE="MA_Body" />
								</Appearance>
								<IndexedTriangleSet solid="false"
								                    normalPerVertex="true"
								                    index="0 1 2 0 2 3 4 5 6 4 6 7 8 9 10 8 10 11 12 13 14 12 14 15 4 16 17 4 17 15 18 5 14 18 14 19 "
								                    >
									<Coordinate point="-0.152875 -0.186157 -0.126413 -0.152875 -0.413465 0.208323 -0.152875 -0.041151 0.461149 -0.152875 0.186157 0.126413 -0.152875 0.186157 0.126413 -0.152875 -0.041151 0.461149 0.152875 -0.041151 0.461149 0.152875 0.186157 0.126413 0.152875 0.186157 0.126413 0.152875 -0.041151 0.461149 0.152875 -0.413465 0.208323 0.152875 -0.186157 -0.126413 0.152875 -0.186157 -0.126413 0.152875 -0.413465 0.208323 -0.152875 -0.413465 0.208323 -0.152875 -0.186157 -0.126413 0.152875 0.186157 0.126413 0.152875 -0.186157 -0.126413 0.152875 -0.041151 0.461149 0.152875 -0.413465 0.208323 " />
									<Normal vector="-0.577349 -0.153264 -0.801965 -0.577349 -0.801965 0.153264 -0.577349 0.153264 0.801965 -0.577349 0.801965 -0.153264 -0.577349 0.801965 -0.153264 -0.577349 0.153264 0.801965 0.577349 0.153264 0.801965 0.577349 0.801965 -0.153264 0.577349 0.801965 -0.153264 0.577349 0.153264 0.801965 0.577349 -0.801965 0.153264 0.577349 -0.153264 -0.801965 0.577349 -0.153264 -0.801965 0.577349 -0.801965 0.153264 -0.577349 -0.801965 0.153264 -0.577349 -0.153264 -0.801965 0.577349 0.801965 -0.153264 0.577349 -0.153264 -0.801965 0.577349 0.153264 0.801965 0.577349 -0.801965 0.153264 " />
									<TextureCoordinate point="0.0222 0.4579 0.2252 0.4579 0.2252 0.9752 0.0222 0.9752 0.0222 0.4579 0.2252 0.4579 0.2252 0.9752 0.0222 0.9752 0.0222 0.4579 0.2252 0.4579 0.2252 0.9752 0.0222 0.9752 0.0222 0.4579 0.2252 0.4579 0.2252 0.9752 0.0222 0.9752 0.2252 0.4579 0.2252 0.9752 0.0222 0.4579 0.0222 0.9752 " />
								</IndexedTriangleSet>
							</Shape>
						</Group>
					</Transform>
					<Transform DEF="Cube_004_TRANSFORM"
					           translation="0.000000 -0.197553 0.287392"
					           scale="1.000000 1.000000 1.000000"
					           rotation="0.000000 1.000000 0.000000 0.000000"
					           >
						<Transform DEF="Cube_004_ifs_TRANSFORM"
						           translation="0.000000 0.000000 0.000000"
						           scale="1.000000 1.000000 1.000000"
						           rotation="0.000000 1.000000 0.000000 0.000000"
						           >
							<Group DEF="group_ME_Cube_004">
								<Shape>
									<Appearance>
										<Material USE="MA_Body" />
									</Appearance>
									<IndexedTriangleSet solid="false"
									                    normalPerVertex="true"
									                    index="0 1 2 0 2 3 4 5 6 4 6 7 8 9 10 8 10 11 12 13 14 12 14 15 4 16 17 4 17 15 18 5 14 18 14 19 "
									                    >
										<Coordinate point="-0.125454 -0.136285 -0.076957 -0.125454 -0.313023 0.236030 -0.125454 -0.040453 0.389945 -0.125454 0.136285 0.076957 -0.125454 0.136285 0.076957 -0.125454 -0.040453 0.389945 0.125454 -0.040453 0.389945 0.125454 0.136285 0.076957 0.125454 0.136285 0.076957 0.125454 -0.040453 0.389945 0.125454 -0.313023 0.236030 0.125454 -0.136285 -0.076957 0.125454 -0.136285 -0.076957 0.125454 -0.313023 0.236030 -0.125454 -0.313023 0.236030 -0.125454 -0.136285 -0.076957 0.125454 0.136285 0.076957 0.125454 -0.136285 -0.076957 0.125454 -0.040453 0.389945 0.125454 -0.313023 0.236030 " />
										<Normal vector="-0.577349 -0.218848 -0.786615 -0.577349 -0.786615 0.218848 -0.577349 0.218848 0.786615 -0.577349 0.786615 -0.218848 -0.577349 0.786615 -0.218848 -0.577349 0.218848 0.786615 0.577349 0.218848 0.786615 0.577349 0.786615 -0.218848 0.577349 0.786615 -0.218848 0.577349 0.218848 0.786615 0.577349 -0.786615 0.218848 0.577349 -0.218848 -0.786615 0.577349 -0.218848 -0.786615 0.577349 -0.786615 0.218848 -0.577349 -0.786615 0.218848 -0.577349 -0.218848 -0.786615 0.577349 0.786615 -0.218848 0.577349 -0.218848 -0.786615 0.577349 0.218848 0.786615 0.577349 -0.786615 0.218848 " />
										<TextureCoordinate point="0.0222 0.4579 0.2252 0.4579 0.2252 0.9752 0.0222 0.9752 0.0222 0.4579 0.2252 0.4579 0.2252 0.9752 0.0222 0.9752 0.0222 0.4579 0.2252 0.4579 0.2252 0.9752 0.0222 0.9752 0.0222 0.4579 0.2252 0.4579 0.2252 0.9752 0.0222 0.9752 0.2252 0.4579 0.2252 0.9752 0.0222 0.4579 0.0222 0.9752 " />
									</IndexedTriangleSet>
								</Shape>
							</Group>
						</Transform>
					</Transform>
					<Transform DEF="head_TRANSFORM"
					           translation="0.000000 -0.291384 0.479264"
					           scale="1.000000 1.000000 1.000000"
					           rotation="0.000000 1.000000 0.000000 0.000000"
					           >
						<Transform DEF="head_ifs_TRANSFORM"
						           translation="0.000000 0.000000 0.000000"
						           scale="1.000000 1.000000 1.000000"
						           rotation="0.000000 1.000000 0.000000 0.000000"
						           >
							<Group DEF="group_ME_head">
								<Shape>
									<Appearance>
										<Material USE="MA_Body" />
									</Appearance>
									<IndexedTriangleSet solid="false"
									                    normalPerVertex="true"
									                    index="0 1 2 0 2 3 4 5 6 4 6 7 8 9 10 8 10 11 12 13 14 12 14 15 16 17 18 16 18 19 20 21 14 20 14 22 23 24 25 23 25 26 27 28 29 27 29 30 31 32 33 31 33 34 35 36 37 35 37 38 39 12 15 39 15 40 41 8 11 41 11 42 43 4 7 43 7 44 45 0 3 45 3 46 47 48 49 47 49 50 51 52 4 51 4 43 53 54 55 53 55 56 57 58 59 57 59 60 61 62 63 61 63 64 65 66 32 65 32 31 67 68 69 67 69 70 71 72 24 71 24 23 73 74 75 73 75 76 77 20 22 77 22 78 61 79 80 61 80 26 81 16 19 81 19 82 54 83 84 54 84 55 85 86 13 85 13 12 48 21 87 48 87 49 52 88 5 52 5 4 49 87 89 49 89 90 91 92 88 91 88 52 55 84 93 55 93 94 95 96 86 95 86 85 79 97 98 79 98 80 99 81 82 99 82 100 74 101 102 74 102 75 103 77 78 103 78 104 70 69 105 70 105 106 107 108 72 107 72 71 64 63 109 64 109 110 111 112 66 111 66 65 113 114 115 113 115 116 117 118 58 117 58 57 50 49 90 50 90 119 120 91 52 120 52 51 119 90 91 119 91 120 116 115 118 116 118 117 110 109 112 110 112 111 106 105 108 106 108 107 101 103 104 101 104 102 97 99 100 97 100 98 94 93 96 94 96 95 90 89 92 90 92 91 109 119 120 109 120 112 112 120 51 112 51 66 63 50 119 63 119 109 121 113 116 121 116 122 123 57 60 123 60 124 68 53 56 68 56 69 66 51 43 66 43 32 62 47 50 62 50 63 36 45 46 36 46 37 32 43 44 32 44 33 28 41 42 28 42 29 24 39 40 24 40 25 "
									                    >
										<Coordinate point="-0.912259 -1.051227 0.705075 -0.912259 -1.215566 1.134139 -0.912259 -0.025430 1.589983 -0.912259 0.138909 1.160919 0.525859 0.138909 1.160919 0.525859 -0.025430 1.589983 0.912259 -0.025430 1.589983 0.912259 0.138909 1.160919 0.912259 0.138909 1.160919 0.912259 -0.025430 1.589983 0.912259 -1.215566 1.134139 0.912259 -1.051227 0.705075 -0.525859 -1.051227 0.705075 -0.525859 -1.215566 1.134139 -0.912259 -1.215566 1.134139 -0.912259 -1.051227 0.705075 0.525859 0.508906 0.194921 0.912259 0.508906 0.194921 0.912259 -0.681231 -0.260924 0.525859 -0.681231 -0.260924 -0.525859 -0.025430 1.589983 -0.912259 -0.025430 1.589983 -0.525859 -1.215566 1.134139 -0.525859 -0.681231 -0.260924 -0.525859 -0.785733 0.011913 -0.912259 -0.785733 0.011913 -0.912259 -0.681231 -0.260924 0.912259 0.508906 0.194921 0.912259 0.404403 0.467758 0.912259 -0.785733 0.011913 0.912259 -0.681231 -0.260924 0.525859 0.508906 0.194921 0.525859 0.404403 0.467758 0.912259 0.404403 0.467758 0.912259 0.508906 0.194921 -0.912259 -0.681231 -0.260924 -0.912259 -0.785733 0.011913 -0.912259 0.404403 0.467758 -0.912259 0.508906 0.194921 -0.525859 -0.960311 0.467709 -0.912259 -0.960311 0.467709 0.912259 0.229825 0.923554 0.912259 -0.960311 0.467709 0.525859 0.229825 0.923554 0.912259 0.229825 0.923554 -0.912259 -0.960311 0.467709 -0.912259 0.229825 0.923554 -0.912259 0.229825 0.923554 -0.912259 0.138909 1.160919 -0.525859 0.138909 1.160919 -0.525859 0.229825 0.923554 0.308187 0.229825 0.923554 0.308187 0.138909 1.160919 0.912259 -0.960311 0.467709 0.912259 -1.051227 0.705075 0.525859 -1.051227 0.705075 0.525859 -0.960311 0.467709 -0.308187 -0.960311 0.467709 -0.308187 -1.051227 0.705075 -0.525859 -1.051227 0.705075 -0.525859 -0.960311 0.467709 -0.912259 0.508906 0.194921 -0.912259 0.404403 0.467758 -0.525859 0.404403 0.467758 -0.525859 0.508906 0.194921 0.308187 0.508906 0.194921 0.308187 0.404403 0.467758 0.912259 -0.681231 -0.260924 0.912259 -0.785733 0.011913 0.525859 -0.785733 0.011913 0.525859 -0.681231 -0.260924 -0.308187 -0.681231 -0.260924 -0.308187 -0.785733 0.011913 0.912259 -0.025430 1.589983 0.525859 -0.025430 1.589983 0.525859 -1.215566 1.134139 0.912259 -1.215566 1.134139 -0.308187 -0.025430 1.589983 -0.308187 -1.215566 1.134139 -0.525859 0.508906 0.194921 -0.525859 -0.681231 -0.260924 0.308187 0.508906 0.194921 0.308187 -0.681231 -0.260924 0.912259 -1.215566 1.134139 0.525859 -1.215566 1.134139 -0.308187 -1.051227 0.705075 -0.308187 -1.215566 1.134139 -0.525859 -0.025430 1.589983 0.308187 -0.025430 1.589983 -0.308187 -0.025430 1.589983 -0.308187 0.138909 1.160919 0.000000 0.138909 1.160919 0.000000 -0.025430 1.589983 0.308187 -1.215566 1.134139 0.308187 -1.051227 0.705075 -0.000000 -1.051227 0.705075 -0.000000 -1.215566 1.134139 -0.308187 0.508906 0.194921 -0.308187 -0.681231 -0.260924 -0.000000 0.508906 0.194921 0.000000 -0.681231 -0.260924 0.308187 -0.025430 1.589983 0.308187 -1.215566 1.134139 0.000000 -0.025430 1.589983 -0.000000 -1.215566 1.134139 0.308187 -0.785733 0.011913 0.308187 -0.681231 -0.260924 0.000000 -0.681231 -0.260924 -0.000000 -0.785733 0.011913 -0.308187 0.404403 0.467758 -0.308187 0.508906 0.194921 -0.000000 0.508906 0.194921 0.000000 0.404403 0.467758 0.525859 -0.960311 0.467709 0.525859 -1.051227 0.705075 0.308187 -1.051227 0.705075 0.308187 -0.960311 0.467709 -0.000000 -0.960311 0.467709 -0.000000 -1.051227 0.705075 -0.308187 0.229825 0.923554 0.000000 0.229825 0.923554 0.525859 -0.785733 0.011913 0.308187 -0.785733 0.011913 -0.308187 -0.785733 0.011913 -0.525859 -0.785733 0.011913 " />
										<Normal vector="-0.707083 -0.660298 -0.252907 -0.577349 -0.745659 0.332621 -0.577349 0.332621 0.745659 -0.707083 0.660298 0.252907 0.000000 0.933836 0.357677 0.000000 0.407392 0.913236 0.577349 0.332621 0.745659 0.707083 0.660298 0.252907 0.707083 0.660298 0.252907 0.577349 0.332621 0.745659 0.577349 -0.745659 0.332621 0.707083 -0.660298 -0.252907 0.000000 -0.933836 -0.357677 0.000000 -0.913236 0.407392 -0.577349 -0.745659 0.332621 -0.707083 -0.660298 -0.252907 0.000000 0.913236 -0.407392 0.577349 0.745659 -0.332621 0.577349 -0.332621 -0.745659 0.000000 -0.407392 -0.913236 0.000000 0.407392 0.913236 -0.577349 0.332621 0.745659 0.000000 -0.913236 0.407392 0.000000 -0.407392 -0.913236 0.000000 -0.933836 -0.357677 -0.707083 -0.660298 -0.252907 -0.577349 -0.332621 -0.745659 0.577349 0.745659 -0.332621 0.707083 0.660298 0.252907 0.707083 -0.660298 -0.252907 0.577349 -0.332621 -0.745659 0.000000 0.913236 -0.407392 0.000000 0.933836 0.357677 0.707083 0.660298 0.252907 0.577349 0.745659 -0.332621 -0.577349 -0.332621 -0.745659 -0.707083 -0.660298 -0.252907 -0.707083 0.660298 0.252907 -0.577349 0.745659 -0.332621 0.000000 -0.933836 -0.357677 -0.707083 -0.660298 -0.252907 0.707083 0.660298 0.252907 0.707083 -0.660298 -0.252907 0.000000 0.933836 0.357677 0.707083 0.660298 0.252907 -0.707083 -0.660298 -0.252907 -0.707083 0.660298 0.252907 -0.707083 0.660298 0.252907 -0.707083 0.660298 0.252907 0.000000 0.933836 0.357677 0.000000 0.933836 0.357677 0.000000 0.933836 0.357677 0.000000 0.933836 0.357677 0.707083 -0.660298 -0.252907 0.707083 -0.660298 -0.252907 0.000000 -0.933836 -0.357677 0.000000 -0.933836 -0.357677 0.000000 -0.933836 -0.357677 0.000000 -0.933836 -0.357677 0.000000 -0.933836 -0.357677 0.000000 -0.933836 -0.357677 -0.577349 0.745659 -0.332621 -0.707083 0.660298 0.252907 0.000000 0.933836 0.357677 0.000000 0.913236 -0.407392 0.000000 0.913236 -0.407392 0.000000 0.933836 0.357677 0.577349 -0.332621 -0.745659 0.707083 -0.660298 -0.252907 0.000000 -0.933836 -0.357677 0.000000 -0.407392 -0.913236 0.000000 -0.407392 -0.913236 0.000000 -0.933836 -0.357677 0.577349 0.332621 0.745659 0.000000 0.407392 0.913236 0.000000 -0.913236 0.407392 0.577349 -0.745659 0.332621 0.000000 0.407392 0.913236 0.000000 -0.913236 0.407392 0.000000 0.913236 -0.407392 0.000000 -0.407392 -0.913236 0.000000 0.913236 -0.407392 0.000000 -0.407392 -0.913236 0.577349 -0.745659 0.332621 0.000000 -0.913236 0.407392 0.000000 -0.933836 -0.357677 0.000000 -0.913236 0.407392 0.000000 0.407392 0.913236 0.000000 0.407392 0.913236 0.000000 0.407392 0.913236 0.000000 0.933836 0.357677 0.000000 0.933836 0.357677 0.000000 0.407392 0.913236 0.000000 -0.913236 0.407392 0.000000 -0.933836 -0.357677 0.000000 -0.933836 -0.357677 0.000000 -0.913236 0.407392 0.000000 0.913236 -0.407392 0.000000 -0.407392 -0.913236 0.000000 0.913236 -0.407392 0.000000 -0.407392 -0.913236 0.000000 0.407392 0.913236 0.000000 -0.913236 0.407392 0.000000 0.407392 0.913236 0.000000 -0.913236 0.407392 0.000000 -0.933836 -0.357677 0.000000 -0.407392 -0.913236 0.000000 -0.407392 -0.913236 0.000000 -0.933836 -0.357677 0.000000 0.933836 0.357677 0.000000 0.913236 -0.407392 0.000000 0.913236 -0.407392 0.000000 0.933836 0.357677 0.000000 -0.933836 -0.357677 0.000000 -0.933836 -0.357677 0.000000 -0.933836 -0.357677 0.000000 -0.933836 -0.357677 0.000000 -0.933836 -0.357677 0.000000 -0.933836 -0.357677 0.000000 0.933836 0.357677 0.000000 0.933836 0.357677 0.000000 -0.933836 -0.357677 0.000000 -0.933836 -0.357677 0.000000 -0.933836 -0.357677 0.000000 -0.933836 -0.357677 " />
										<TextureCoordinate point="0.1628 0.4579 0.2252 0.4579 0.2252 0.9752 0.1628 0.9752 0.1628 0.8028 0.2252 0.8028 0.2252 0.9752 0.1628 0.9752 0.1628 0.4579 0.2252 0.4579 0.2252 0.9752 0.1628 0.9752 0.1628 0.8028 0.2252 0.8028 0.2252 0.9752 0.1628 0.9752 0.1575 0.4579 0.2252 0.4579 0.2252 0.9752 0.1575 0.9752 0.1575 0.4579 0.2252 0.4579 0.1575 0.9752 0.0222 0.8028 0.0619 0.8028 0.0619 0.9752 0.0222 0.9752 0.0222 0.4579 0.0619 0.4579 0.0619 0.9752 0.0222 0.9752 0.0222 0.8028 0.0619 0.8028 0.0619 0.9752 0.0222 0.9752 0.0222 0.4579 0.0619 0.4579 0.0619 0.9752 0.0222 0.9752 0.1282 0.8028 0.1282 0.9752 0.1282 0.4579 0.1282 0.9752 0.1282 0.8028 0.1282 0.9752 0.1282 0.4579 0.1282 0.9752 0.1282 0.4579 0.1628 0.4579 0.1628 0.6303 0.1282 0.6303 0.1282 0.7453 0.1628 0.7453 0.1282 0.4579 0.1628 0.4579 0.1628 0.6303 0.1282 0.6303 0.7593 0.6547 0.7593 0.9908 0.5361 0.9908 0.5361 0.6547 0.0222 0.4579 0.0619 0.4579 0.0619 0.6303 0.0222 0.6303 0.0222 0.7453 0.0619 0.7453 0.0222 0.4579 0.0619 0.4579 0.0619 0.6303 0.0222 0.6303 0.0222 0.7453 0.0619 0.7453 0.0222 0.4579 0.0899 0.4579 0.0899 0.9752 0.0222 0.9752 0.1350 0.4579 0.1350 0.9752 0.0899 0.4579 0.0899 0.9752 0.1350 0.4579 0.1350 0.9752 0.2252 0.4579 0.2252 0.6303 0.1628 0.7453 0.2252 0.7453 0.2252 0.6303 0.2252 0.7453 0.2252 0.6878 0.1628 0.6878 0.1628 0.7166 0.2252 0.7166 0.2252 0.6878 0.1628 0.6878 0.1628 0.7166 0.2252 0.7166 0.1124 0.4579 0.1124 0.9752 0.1237 0.4579 0.1237 0.9752 0.1124 0.4579 0.1124 0.9752 0.1237 0.4579 0.1237 0.9752 0.0619 0.6878 0.0222 0.6878 0.0222 0.7166 0.0619 0.7166 0.0619 0.6878 0.0222 0.6878 0.0222 0.7166 0.0619 0.7166 0.5361 0.6547 0.5361 0.9908 0.7593 0.9908 0.7593 0.6547 0.9798 0.6547 0.9798 0.9908 0.1282 0.6878 0.1282 0.7166 0.5361 0.0092 0.7593 0.0092 0.7593 0.0092 0.5361 0.0092 " />
									</IndexedTriangleSet>
								</Shape>
								<Shape>
									<Appearance>
										<Material DEF="MA_Face"
										          diffuseColor="0.800 0.800 0.800"
										          specularColor="0.401 0.401 0.401"
										          emissiveColor="0.000 0.000 0.000"
										          ambientIntensity="0.000"
										          shininess="0.500"
										          transparency="0.0"
										          />
									</Appearance>
									<IndexedTriangleSet solid="false"
									                    normalPerVertex="true"
									                    index="0 1 2 0 2 3 3 2 4 3 4 5 "
									                    >
										<Coordinate point="0.308187 -0.785733 0.011913 0.308187 -0.960311 0.467709 -0.000000 -0.960311 0.467709 -0.000000 -0.785733 0.011913 -0.308187 -0.960311 0.467709 -0.308187 -0.785733 0.011913 " />
										<Normal vector="0.000000 -0.933836 -0.357677 0.000000 -0.933836 -0.357677 0.000000 -0.933836 -0.357677 0.000000 -0.933836 -0.357677 0.000000 -0.933836 -0.357677 0.000000 -0.933836 -0.357677 " />
										<TextureCoordinate point="0.6155 0.5565 0.6155 0.9630 0.9924 0.9630 0.9924 0.5565 0.6155 0.9630 0.6155 0.5565 " />
									</IndexedTriangleSet>
								</Shape>
							</Group>
						</Transform>
						<Transform DEF="Cube_025_TRANSFORM"
						           translation="0.596739 -0.865547 0.265038"
						           scale="1.000000 1.000000 1.000000"
						           rotation="0.000000 1.000000 0.000000 0.000000"
						           >
							<Transform DEF="Cube_025_ifs_TRANSFORM"
							           translation="0.000000 0.000000 0.000000"
							           scale="1.000000 1.000000 1.000000"
							           rotation="0.000000 1.000000 0.000000 0.000000"
							           >
								<Group DEF="group_ME_Cube_025">
									<Shape>
										<Appearance>
											<Material USE="MA_Body" />
										</Appearance>
										<IndexedTriangleSet solid="false"
										                    normalPerVertex="true"
										                    index="0 1 2 0 2 3 4 5 6 4 6 7 8 9 10 8 10 11 12 13 14 12 14 15 4 16 17 4 17 15 18 5 14 18 14 19 "
										                    >
											<Coordinate point="-0.003583 -0.009609 -0.023969 -0.000564 -0.023116 0.012044 0.003583 0.009609 0.023969 0.000564 0.023116 -0.012044 0.000564 0.023116 -0.012044 0.003583 0.009609 0.023969 1.340818 -0.103556 -0.130553 1.337800 -0.090050 -0.166567 1.337800 -0.090050 -0.166567 1.340818 -0.103556 -0.130553 1.336671 -0.136281 -0.142478 1.333652 -0.122775 -0.178492 1.333652 -0.122775 -0.178492 1.336671 -0.136281 -0.142478 -0.000564 -0.023116 0.012044 -0.003583 -0.009609 -0.023969 1.337800 -0.090050 -0.166567 1.333652 -0.122775 -0.178492 1.340818 -0.103556 -0.130553 1.336671 -0.136281 -0.142478 " />
											<Normal vector="-0.684927 -0.288156 -0.669149 -0.594592 -0.692373 0.408673 -0.458052 0.384899 0.801233 -0.548418 0.789117 -0.276589 -0.548418 0.789117 -0.276589 -0.458052 0.384899 0.801233 0.684927 0.288156 0.669149 0.594592 0.692373 -0.408673 0.594592 0.692373 -0.408673 0.684927 0.288156 0.669149 0.548418 -0.789117 0.276589 0.458052 -0.384899 -0.801233 0.458052 -0.384899 -0.801233 0.548418 -0.789117 0.276589 -0.594592 -0.692373 0.408673 -0.684927 -0.288156 -0.669149 0.594592 0.692373 -0.408673 0.458052 -0.384899 -0.801233 0.684927 0.288156 0.669149 0.548418 -0.789117 0.276589 " />
											<TextureCoordinate point="0.0504 0.0512 0.2032 0.0512 0.2032 0.3819 0.0504 0.3819 0.0504 0.0512 0.2032 0.0512 0.2032 0.3819 0.0504 0.3819 0.0504 0.0512 0.2032 0.0512 0.2032 0.3819 0.0504 0.3819 0.0504 0.0512 0.2032 0.0512 0.2032 0.3819 0.0504 0.3819 0.2032 0.0512 0.2032 0.3819 0.0504 0.0512 0.0504 0.3819 " />
										</IndexedTriangleSet>
									</Shape>
								</Group>
							</Transform>
						</Transform>
						<Transform DEF="Cube_026_TRANSFORM"
						           translation="0.596589 -0.799527 0.144053"
						           scale="1.000000 1.000000 1.000000"
						           rotation="0.000000 1.000000 0.000000 0.000000"
						           >
							<Transform DEF="Cube_026_ifs_TRANSFORM"
							           translation="0.000000 0.000000 0.000000"
							           scale="1.000000 1.000000 1.000000"
							           rotation="0.000000 1.000000 0.000000 0.000000"
							           >
								<Group DEF="group_ME_Cube_026">
									<Shape>
										<Appearance>
											<Material USE="MA_Body" />
										</Appearance>
										<IndexedTriangleSet solid="false"
										                    normalPerVertex="true"
										                    index="0 1 2 0 2 3 4 5 6 4 6 7 8 9 10 8 10 11 12 13 14 12 14 15 4 16 17 4 17 15 18 5 14 18 14 19 "
										                    >
											<Coordinate point="-0.008452 -0.005987 -0.023925 0.001279 -0.024643 0.008413 0.008452 0.005987 0.023925 -0.001279 0.024643 -0.008413 -0.001279 0.024643 -0.008413 0.008452 0.005987 0.023925 1.259600 -0.073214 -0.398262 1.249869 -0.054558 -0.430600 1.249869 -0.054558 -0.430600 1.259600 -0.073214 -0.398262 1.252427 -0.103845 -0.413774 1.242695 -0.085189 -0.446113 1.242695 -0.085189 -0.446113 1.252427 -0.103845 -0.413774 0.001279 -0.024643 0.008413 -0.008452 -0.005987 -0.023925 1.249869 -0.054558 -0.430600 1.242695 -0.085189 -0.446113 1.259600 -0.073214 -0.398262 1.252427 -0.103845 -0.413774 " />
											<Normal vector="-0.809748 -0.190405 -0.554979 -0.518509 -0.748772 0.412854 -0.282357 0.259560 0.923521 -0.573595 0.817927 -0.044313 -0.573595 0.817927 -0.044313 -0.282357 0.259560 0.923521 0.809748 0.190405 0.554979 0.518509 0.748772 -0.412854 0.518509 0.748772 -0.412854 0.809748 0.190405 0.554979 0.573595 -0.817927 0.044313 0.282357 -0.259560 -0.923521 0.282357 -0.259560 -0.923521 0.573595 -0.817927 0.044313 -0.518509 -0.748772 0.412854 -0.809748 -0.190405 -0.554979 0.518509 0.748772 -0.412854 0.282357 -0.259560 -0.923521 0.809748 0.190405 0.554979 0.573595 -0.817927 0.044313 " />
											<TextureCoordinate point="0.0504 0.0512 0.2032 0.0512 0.2032 0.3819 0.0504 0.3819 0.0504 0.0512 0.2032 0.0512 0.2032 0.3819 0.0504 0.3819 0.0504 0.0512 0.2032 0.0512 0.2032 0.3819 0.0504 0.3819 0.0504 0.0512 0.2032 0.0512 0.2032 0.3819 0.0504 0.3819 0.2032 0.0512 0.2032 0.3819 0.0504 0.0512 0.0504 0.3819 " />
										</IndexedTriangleSet>
									</Shape>
								</Group>
							</Transform>
						</Transform>
						<Transform DEF="orl1_TRANSFORM"
						           translation="0.500934 -0.102356 0.816532"
						           scale="1.000000 1.000000 1.000000"
						           rotation="0.000000 1.000000 0.000000 0.000000"
						           >
							<Transform DEF="orl1_ifs_TRANSFORM"
							           translation="0.000000 0.000000 0.000000"
							           scale="1.000000 1.000000 1.000000"
							           rotation="0.000000 1.000000 0.000000 0.000000"
							           >
								<Group DEF="group_ME_orl1">
									<Shape>
										<Appearance>
											<Material USE="MA_Body" />
										</Appearance>
										<IndexedTriangleSet solid="false"
										                    normalPerVertex="true"
										                    index="0 1 2 0 2 3 4 5 6 4 6 7 8 9 10 8 10 11 12 13 14 12 14 15 16 17 18 16 18 19 20 1 14 20 14 21 22 23 24 22 24 25 26 27 28 26 28 29 0 30 31 0 31 15 30 16 19 30 19 31 32 33 34 32 34 35 36 37 38 36 38 39 40 41 42 40 42 43 43 42 5 43 5 4 44 45 16 44 16 30 40 44 30 40 30 0 46 47 20 46 20 23 48 46 23 48 23 22 47 41 1 47 1 20 45 49 17 45 17 16 50 51 9 50 9 8 52 53 1 52 1 0 "
										                    >
											<Coordinate point="-0.353916 -0.209062 0.326815 0.126225 0.059334 1.018463 -0.036683 0.341025 1.022242 -0.516824 0.072629 0.330594 0.015764 0.387235 -0.161212 0.495905 0.655631 0.530436 0.671148 0.759149 0.368612 0.191008 0.490753 -0.323036 0.353916 0.209062 -0.326815 0.834056 0.477458 0.364833 0.996965 0.195767 0.361054 0.516824 -0.072629 -0.330594 -0.080744 -0.425619 0.221216 0.399396 -0.157223 0.912863 0.289133 -0.222356 1.014683 -0.191008 -0.490753 0.323036 0.178672 0.105544 -0.164991 0.353916 0.209062 -0.326815 0.516824 -0.072629 -0.330594 0.341580 -0.176147 -0.168770 0.236488 0.124468 0.916643 0.399396 -0.157223 0.912863 0.834056 0.477458 0.364833 0.658813 0.373940 0.526657 0.821721 0.092249 0.522878 0.996965 0.195767 0.361054 0.658813 0.373940 0.526657 0.236488 0.124468 0.916643 0.399396 -0.157223 0.912863 0.821721 0.092249 0.522878 -0.243652 -0.143928 0.224995 -0.080744 -0.425619 0.221216 0.516824 -0.072629 -0.330594 0.996965 0.195767 0.361054 0.821721 0.092249 0.522878 0.341580 -0.176147 -0.168770 0.341580 -0.176147 -0.168770 0.821721 0.092249 0.522878 0.399396 -0.157223 0.912863 -0.080744 -0.425619 0.221216 -0.516824 0.072629 0.330594 -0.036683 0.341025 1.022242 0.073580 0.406159 0.920422 -0.406561 0.137763 0.228774 -0.406561 0.137763 0.228774 0.015764 0.387235 -0.161212 0.495905 0.655631 0.530436 0.073580 0.406159 0.920422 0.671148 0.759149 0.368612 0.191008 0.490753 -0.323036 0.191008 0.490753 -0.323036 0.671148 0.759149 0.368612 -0.191008 -0.490753 0.323036 0.289133 -0.222356 1.014683 " />
											<Normal vector="-0.860714 -0.496261 -0.113346 -0.092349 -0.066744 0.993469 -0.364422 0.445235 0.817866 -0.991791 0.094546 -0.085849 -0.738151 0.397290 -0.545213 0.030183 0.826807 0.561632 0.413770 0.904935 0.099246 -0.213599 0.554247 -0.804468 0.092349 0.066744 -0.993469 0.860714 0.496261 0.113346 0.991791 -0.094546 0.085849 0.364422 -0.445235 -0.817866 -0.030183 -0.826807 -0.561632 0.738151 -0.397290 0.545213 0.213599 -0.554247 0.804468 -0.413770 -0.904935 -0.099246 -0.543321 -0.303690 -0.782647 0.092349 0.066744 -0.993469 0.364422 -0.445235 -0.817866 -0.030183 -0.826807 -0.561632 0.543321 0.303690 0.782647 0.738151 -0.397290 0.545213 0.860714 0.496261 0.113346 0.543321 0.303690 0.782647 0.738151 -0.397290 0.545213 0.991791 -0.094546 0.085849 0.543321 0.303690 0.782647 0.543321 0.303690 0.782647 0.738151 -0.397290 0.545213 0.738151 -0.397290 0.545213 -0.543321 -0.303690 -0.782647 -0.030183 -0.826807 -0.561632 0.364422 -0.445235 -0.817866 0.991791 -0.094546 0.085849 0.738151 -0.397290 0.545213 -0.030183 -0.826807 -0.561632 -0.030183 -0.826807 -0.561632 0.738151 -0.397290 0.545213 0.738151 -0.397290 0.545213 -0.030183 -0.826807 -0.561632 -0.991791 0.094546 -0.085849 -0.364422 0.445235 0.817866 0.030183 0.826807 0.561632 -0.738151 0.397290 -0.545213 -0.738151 0.397290 -0.545213 -0.738151 0.397290 -0.545213 0.030183 0.826807 0.561632 0.030183 0.826807 0.561632 0.413770 0.904935 0.099246 -0.213599 0.554247 -0.804468 -0.213599 0.554247 -0.804468 0.413770 0.904935 0.099246 -0.413770 -0.904935 -0.099246 0.213599 -0.554247 0.804468 " />
											<TextureCoordinate point="0.0222 0.7166 0.2252 0.7166 0.2252 0.9752 0.0222 0.9752 0.0222 0.8028 0.2252 0.8028 0.2252 0.9752 0.0222 0.9752 0.0222 0.7166 0.2252 0.7166 0.2252 0.9752 0.0222 0.9752 0.0222 0.8028 0.2252 0.8028 0.2252 0.9752 0.0222 0.9752 0.1575 0.7166 0.2252 0.7166 0.2252 0.9752 0.1575 0.9752 0.1575 0.7166 0.1575 0.9752 0.0222 0.7166 0.0899 0.7166 0.0899 0.9752 0.0222 0.9752 0.3401 0.1278 0.4062 0.1278 0.4062 0.4184 0.3401 0.4184 0.0899 0.7166 0.0899 0.9752 0.0222 0.4579 0.2252 0.4579 0.2252 0.6303 0.0222 0.6303 0.2739 0.0309 0.4723 0.0309 0.4723 0.2246 0.2739 0.2246 0.0222 0.4579 0.2252 0.4579 0.2252 0.6303 0.0222 0.6303 0.0899 0.4579 0.1575 0.4579 0.0899 0.4579 0.1575 0.4579 0.0222 0.4579 0.2252 0.4579 0.0222 0.4579 0.2252 0.4579 0.0222 0.4579 0.2252 0.4579 " />
										</IndexedTriangleSet>
									</Shape>
								</Group>
							</Transform>
							<Transform DEF="Cube_028_TRANSFORM"
							           translation="0.415222 0.185648 0.605767"
							           scale="1.000000 1.000000 1.000000"
							           rotation="0.000000 1.000000 0.000000 0.000000"
							           >
								<Transform DEF="Cube_028_ifs_TRANSFORM"
								           translation="0.000000 0.000000 0.000000"
								           scale="1.000000 1.000000 1.000000"
								           rotation="0.000000 1.000000 0.000000 0.000000"
								           >
									<Group DEF="group_ME_Cube_028">
										<Shape>
											<Appearance>
												<Material USE="MA_Body" />
											</Appearance>
											<IndexedTriangleSet solid="false"
											                    normalPerVertex="true"
											                    index="0 1 2 0 2 3 4 5 6 4 6 7 8 9 10 8 10 11 12 13 14 12 14 15 16 17 18 16 18 19 20 21 14 20 14 22 23 24 25 23 25 26 27 28 29 27 29 30 31 32 33 31 33 34 35 36 37 35 37 38 39 40 41 39 41 42 42 41 32 42 32 31 43 44 45 43 45 46 47 48 49 47 49 50 51 52 53 51 53 54 52 20 22 52 22 53 39 55 56 39 56 26 55 16 19 55 19 56 57 58 59 57 59 60 60 59 13 60 13 12 61 21 62 61 62 63 63 62 5 63 5 4 "
											                    >
												<Coordinate point="-0.017158 -0.308057 0.460461 0.152490 -0.215822 0.898426 -0.099780 0.152402 0.918596 -0.269428 0.060167 0.480632 0.108463 0.330193 0.277387 0.278110 0.422428 0.715351 0.439078 0.537450 0.628776 0.269431 0.445215 0.190812 0.269431 0.445215 0.190812 0.439078 0.537450 0.628776 0.691349 0.169225 0.608606 0.521701 0.076990 0.170641 0.097438 -0.226172 0.398827 0.267085 -0.133937 0.836792 0.152490 -0.215822 0.898426 -0.017158 -0.308057 0.460461 -0.017674 0.261614 -0.048250 0.143294 0.376636 -0.134825 0.395565 0.008412 -0.154995 0.234596 -0.106610 -0.068420 0.014815 0.234288 0.856962 -0.099780 0.152402 0.918596 0.267085 -0.133937 0.836792 -0.028699 -0.294750 0.073191 0.097438 -0.226172 0.398827 -0.017158 -0.308057 0.460461 -0.143294 -0.376636 0.134825 0.143294 0.376636 -0.134825 0.269431 0.445215 0.190812 0.521701 0.076990 0.170641 0.395565 0.008412 -0.154995 -0.017674 0.261614 -0.048250 0.108463 0.330193 0.277387 0.269431 0.445215 0.190812 0.143294 0.376636 -0.134825 -0.143294 -0.376636 0.134825 -0.017158 -0.308057 0.460461 -0.269428 0.060167 0.480632 -0.395565 -0.008412 0.154995 -0.395565 -0.008412 0.154995 -0.269428 0.060167 0.480632 -0.154832 0.142053 0.418997 -0.280969 0.073474 0.093361 0.395565 0.008412 -0.154995 0.521701 0.076990 0.170641 0.360733 -0.038031 0.257217 0.234596 -0.106610 -0.068420 0.234596 -0.106610 -0.068420 0.360733 -0.038031 0.257217 0.097438 -0.226172 0.398827 -0.028699 -0.294750 0.073191 0.439078 0.537450 0.628776 0.278110 0.422428 0.715351 0.530380 0.054204 0.695181 0.691349 0.169225 0.608606 -0.280969 0.073474 0.093361 -0.028699 -0.294750 0.073191 0.521701 0.076990 0.170641 0.691349 0.169225 0.608606 0.530380 0.054204 0.695181 0.360733 -0.038031 0.257217 -0.269428 0.060167 0.480632 0.014815 0.234288 0.856962 -0.154832 0.142053 0.418997 " />
												<Normal vector="-0.127812 -0.959349 0.251534 0.100253 -0.672048 0.733665 -0.551683 0.279550 0.785791 -0.926298 0.206122 0.315378 -0.564592 0.824122 0.045137 -0.148595 0.718986 0.678915 0.309000 0.894559 0.322886 0.127812 0.959349 -0.251534 0.127812 0.959349 -0.251534 0.309000 0.894559 0.322886 0.960936 -0.057039 0.270730 0.926298 -0.206122 -0.315378 0.564592 -0.824122 -0.045137 0.649831 -0.446455 0.615070 0.100253 -0.672048 0.733665 -0.127812 -0.959349 0.251534 -0.649831 0.446455 -0.615070 -0.100253 0.672048 -0.733665 0.551683 -0.279550 -0.785791 0.148595 -0.718986 -0.678915 -0.148595 0.718986 0.678915 -0.551683 0.279550 0.785791 0.649831 -0.446455 0.615070 0.148595 -0.718986 -0.678915 0.564592 -0.824122 -0.045137 -0.127812 -0.959349 0.251534 -0.309000 -0.894559 -0.322886 -0.100253 0.672048 -0.733665 0.127812 0.959349 -0.251534 0.926298 -0.206122 -0.315378 0.551683 -0.279550 -0.785791 -0.649831 0.446455 -0.615070 -0.564592 0.824122 0.045137 0.127812 0.959349 -0.251534 -0.100253 0.672048 -0.733665 -0.309000 -0.894559 -0.322886 -0.127812 -0.959349 0.251534 -0.926298 0.206122 0.315378 -0.960936 0.057039 -0.270730 -0.960936 0.057039 -0.270730 -0.926298 0.206122 0.315378 -0.564592 0.824122 0.045137 -0.649831 0.446455 -0.615070 0.551683 -0.279550 -0.785791 0.926298 -0.206122 -0.315378 0.564592 -0.824122 -0.045137 0.148595 -0.718986 -0.678915 0.148595 -0.718986 -0.678915 0.564592 -0.824122 -0.045137 0.564592 -0.824122 -0.045137 0.148595 -0.718986 -0.678915 0.309000 0.894559 0.322886 -0.148595 0.718986 0.678915 0.649831 -0.446455 0.615070 0.960936 -0.057039 0.270730 -0.649831 0.446455 -0.615070 0.148595 -0.718986 -0.678915 0.926298 -0.206122 -0.315378 0.960936 -0.057039 0.270730 0.649831 -0.446455 0.615070 0.564592 -0.824122 -0.045137 -0.926298 0.206122 0.315378 -0.148595 0.718986 0.678915 -0.564592 0.824122 0.045137 " />
												<TextureCoordinate point="0.3570 0.4818 0.4683 0.4818 0.4683 0.9513 0.3570 0.9513 0.3570 0.7948 0.4683 0.7948 0.4683 0.9513 0.3570 0.9513 0.3570 0.4818 0.4683 0.4818 0.4683 0.9513 0.3570 0.9513 0.3570 0.7948 0.4683 0.7948 0.4683 0.9513 0.3570 0.9513 0.1575 0.4579 0.2252 0.4579 0.2252 0.9752 0.1575 0.9752 0.4036 0.4818 0.4683 0.4818 0.4036 0.9513 0.0222 0.8028 0.1088 0.8028 0.1088 0.9752 0.0222 0.9752 0.0222 0.4579 0.1088 0.4579 0.1088 0.9752 0.0222 0.9752 0.0222 0.8028 0.1088 0.8028 0.1088 0.9752 0.0222 0.9752 0.0222 0.4579 0.1088 0.4579 0.1088 0.9752 0.0222 0.9752 0.0222 0.4579 0.1088 0.4579 0.1088 0.6303 0.0222 0.6303 0.0222 0.4579 0.1088 0.4579 0.1088 0.6303 0.0222 0.6303 0.2763 0.0398 0.4714 0.0398 0.4714 0.4089 0.2763 0.4089 0.2743 0.4818 0.3390 0.4818 0.3390 0.9513 0.2743 0.9513 0.0899 0.4579 0.0899 0.9752 0.3570 0.4818 0.4683 0.4818 0.4683 0.6383 0.3570 0.6383 0.3570 0.4818 0.4683 0.6383 0.3570 0.6383 " />
											</IndexedTriangleSet>
										</Shape>
									</Group>
								</Transform>
							</Transform>
						</Transform>
						<Transform DEF="Plane_TRANSFORM"
						           translation="0.501236 -1.038465 0.667702"
						           scale="1.000000 1.000000 1.000000"
						           rotation="0.000000 1.000000 0.000000 0.000000"
						           >
							<Transform DEF="Plane_ifs_TRANSFORM"
							           translation="0.000000 0.000000 0.000000"
							           scale="1.000000 1.000000 1.000000"
							           rotation="0.000000 1.000000 0.000000 0.000000"
							           >
								<Group DEF="group_ME_Plane">
									<Shape>
										<Appearance>
											<Material USE="MA_Face" />
										</Appearance>
										<IndexedTriangleSet solid="false"
										                    normalPerVertex="true"
										                    index="0 1 2 0 2 3 "
										                    >
											<Coordinate point="-0.372539 0.133098 -0.347952 0.372539 0.133098 -0.347952 0.372539 -0.133098 0.347952 -0.372539 -0.133098 0.347952 " />
											<Normal vector="0.000000 -0.933988 -0.357250 0.000000 -0.933988 -0.357250 0.000000 -0.933988 -0.357250 0.000000 -0.933988 -0.357250 " />
											<TextureCoordinate point="0.0136 0.5153 0.4786 0.5153 0.4786 0.9691 0.0136 0.9691 " />
										</IndexedTriangleSet>
									</Shape>
								</Group>
							</Transform>
						</Transform>
						<Transform DEF="orl2_TRANSFORM"
						           translation="-0.500934 -0.102356 0.816532"
						           scale="1.000000 1.000000 1.000000"
						           rotation="0.000000 1.000000 0.000000 0.000000"
						           >
							<Transform DEF="orl2_ifs_TRANSFORM"
							           translation="0.000000 0.000000 0.000000"
							           scale="1.000000 1.000000 1.000000"
							           rotation="0.000000 1.000000 0.000000 0.000000"
							           >
								<Group DEF="group_ME_orl2">
									<Shape>
										<Appearance>
											<Material USE="MA_Body" />
										</Appearance>
										<IndexedTriangleSet solid="false"
										                    normalPerVertex="true"
										                    index="0 1 2 0 2 3 4 5 6 4 6 7 8 9 10 8 10 11 12 13 14 12 14 15 16 17 18 16 18 19 20 21 14 20 14 3 22 23 24 22 24 25 26 27 28 26 28 29 0 13 30 0 30 31 31 30 17 31 17 16 32 33 34 32 34 35 36 37 38 36 38 39 40 41 42 40 42 43 41 4 7 41 7 42 44 31 16 44 16 45 40 0 31 40 31 44 46 25 20 46 20 47 48 22 25 48 25 46 47 20 3 47 3 43 45 16 19 45 19 49 50 8 11 50 11 51 52 0 3 52 3 53 "
										                    >
											<Coordinate point="0.353916 -0.209062 0.326815 0.516824 0.072629 0.330594 0.036683 0.341025 1.022242 -0.126225 0.059334 1.018463 -0.015764 0.387235 -0.161211 -0.191008 0.490753 -0.323036 -0.671148 0.759149 0.368612 -0.495905 0.655631 0.530437 -0.353916 0.209062 -0.326815 -0.516824 -0.072629 -0.330594 -0.996965 0.195767 0.361054 -0.834056 0.477458 0.364833 0.080744 -0.425619 0.221215 0.191008 -0.490753 0.323036 -0.289133 -0.222357 1.014683 -0.399396 -0.157223 0.912863 -0.178672 0.105544 -0.164991 -0.341580 -0.176147 -0.168770 -0.516824 -0.072629 -0.330594 -0.353916 0.209062 -0.326815 -0.236488 0.124468 0.916643 -0.399396 -0.157223 0.912863 -0.834056 0.477458 0.364833 -0.996965 0.195767 0.361054 -0.821721 0.092249 0.522878 -0.658813 0.373940 0.526657 -0.658813 0.373940 0.526657 -0.821721 0.092249 0.522878 -0.399396 -0.157223 0.912863 -0.236488 0.124468 0.916643 0.080744 -0.425619 0.221215 0.243652 -0.143928 0.224995 -0.516824 -0.072629 -0.330594 -0.341580 -0.176147 -0.168770 -0.821721 0.092249 0.522878 -0.996965 0.195767 0.361054 -0.341580 -0.176147 -0.168770 0.080744 -0.425619 0.221215 -0.399396 -0.157223 0.912863 -0.821721 0.092249 0.522878 0.516824 0.072629 0.330594 0.406561 0.137763 0.228774 -0.073580 0.406159 0.920422 0.036683 0.341025 1.022242 0.406561 0.137763 0.228774 -0.015764 0.387235 -0.161211 -0.495905 0.655631 0.530437 -0.073580 0.406159 0.920422 -0.671148 0.759149 0.368612 -0.191008 0.490753 -0.323036 -0.191008 0.490753 -0.323036 -0.671148 0.759149 0.368612 0.191008 -0.490753 0.323036 -0.289133 -0.222357 1.014683 " />
											<Normal vector="0.860714 -0.496261 -0.113346 0.991791 0.094546 -0.085849 0.364422 0.445235 0.817866 0.092349 -0.066744 0.993469 0.738151 0.397290 -0.545213 0.213599 0.554247 -0.804468 -0.413770 0.904935 0.099246 -0.030183 0.826807 0.561632 -0.092349 0.066744 -0.993469 -0.364422 -0.445235 -0.817866 -0.991791 -0.094546 0.085849 -0.860714 0.496261 0.113346 0.030183 -0.826807 -0.561632 0.413770 -0.904935 -0.099246 -0.213599 -0.554247 0.804468 -0.738151 -0.397290 0.545213 0.543321 -0.303690 -0.782647 0.030183 -0.826807 -0.561632 -0.364422 -0.445235 -0.817866 -0.092349 0.066744 -0.993469 -0.543321 0.303690 0.782647 -0.738151 -0.397290 0.545213 -0.860714 0.496261 0.113346 -0.991791 -0.094546 0.085849 -0.738151 -0.397290 0.545213 -0.543321 0.303690 0.782647 -0.543321 0.303690 0.782647 -0.738151 -0.397290 0.545213 -0.738151 -0.397290 0.545213 -0.543321 0.303690 0.782647 0.030183 -0.826807 -0.561632 0.543321 -0.303690 -0.782647 -0.364422 -0.445235 -0.817866 0.030183 -0.826807 -0.561632 -0.738151 -0.397290 0.545213 -0.991791 -0.094546 0.085849 0.030183 -0.826807 -0.561632 0.030183 -0.826807 -0.561632 -0.738151 -0.397290 0.545213 -0.738151 -0.397290 0.545213 0.991791 0.094546 -0.085849 0.738151 0.397290 -0.545213 -0.030183 0.826807 0.561632 0.364422 0.445235 0.817866 0.738151 0.397290 -0.545213 0.738151 0.397290 -0.545213 -0.030183 0.826807 0.561632 -0.030183 0.826807 0.561632 -0.413770 0.904935 0.099246 0.213599 0.554247 -0.804468 0.213599 0.554247 -0.804468 -0.413770 0.904935 0.099246 0.413770 -0.904935 -0.099246 -0.213599 -0.554247 0.804468 " />
											<TextureCoordinate point="0.0222 0.7166 0.0222 0.9752 0.2252 0.9752 0.2252 0.7166 0.0222 0.8028 0.0222 0.9752 0.2252 0.9752 0.2252 0.8028 0.0222 0.7166 0.0222 0.9752 0.2252 0.9752 0.2252 0.7166 0.0222 0.8028 0.0222 0.9752 0.2252 0.9752 0.2252 0.8028 0.1575 0.7166 0.1575 0.9752 0.2252 0.9752 0.2252 0.7166 0.1575 0.7166 0.1575 0.9752 0.0222 0.7166 0.0222 0.9752 0.0899 0.9752 0.0899 0.7166 0.3401 0.1278 0.3401 0.4184 0.4062 0.4184 0.4062 0.1278 0.0899 0.9752 0.0899 0.7166 0.0222 0.4579 0.0222 0.6303 0.2252 0.6303 0.2252 0.4579 0.2739 0.0309 0.2739 0.2246 0.4723 0.2246 0.4723 0.0309 0.0222 0.4579 0.0222 0.6303 0.2252 0.6303 0.2252 0.4579 0.0899 0.4579 0.1575 0.4579 0.0899 0.4579 0.1575 0.4579 0.0222 0.4579 0.2252 0.4579 0.0222 0.4579 0.2252 0.4579 0.0222 0.4579 0.2252 0.4579 " />
										</IndexedTriangleSet>
									</Shape>
								</Group>
							</Transform>
							<Transform DEF="Cube_031_TRANSFORM"
							           translation="-0.415222 0.185648 0.605767"
							           scale="1.000000 1.000000 1.000000"
							           rotation="0.000000 1.000000 0.000000 0.000000"
							           >
								<Transform DEF="Cube_031_ifs_TRANSFORM"
								           translation="0.000000 0.000000 0.000000"
								           scale="1.000000 1.000000 1.000000"
								           rotation="0.000000 1.000000 0.000000 0.000000"
								           >
									<Group DEF="group_ME_Cube_027">
										<Shape>
											<Appearance>
												<Material USE="MA_Body" />
											</Appearance>
											<IndexedTriangleSet solid="false"
											                    normalPerVertex="true"
											                    index="0 1 2 0 2 3 4 5 6 4 6 7 8 9 10 8 10 11 12 13 14 12 14 15 16 17 18 16 18 19 20 21 14 20 14 22 23 24 25 23 25 26 27 28 29 27 29 30 31 32 33 31 33 34 35 36 37 35 37 38 39 40 41 39 41 42 40 31 34 40 34 41 43 44 45 43 45 46 47 48 49 47 49 50 51 52 53 51 53 54 54 53 21 54 21 20 39 24 55 39 55 56 56 55 17 56 17 16 57 58 59 57 59 60 58 12 15 58 15 59 61 62 63 61 63 22 62 4 7 62 7 63 "
											                    >
												<Coordinate point="0.017158 -0.308057 0.460461 0.269428 0.060167 0.480632 0.099780 0.152402 0.918596 -0.152490 -0.215822 0.898426 -0.108463 0.330193 0.277387 -0.269431 0.445215 0.190812 -0.439078 0.537450 0.628776 -0.278110 0.422428 0.715351 -0.269431 0.445215 0.190812 -0.521701 0.076990 0.170641 -0.691349 0.169225 0.608606 -0.439078 0.537450 0.628776 -0.097438 -0.226172 0.398827 0.017158 -0.308057 0.460461 -0.152490 -0.215822 0.898426 -0.267085 -0.133937 0.836792 0.017674 0.261614 -0.048250 -0.234596 -0.106610 -0.068420 -0.395565 0.008412 -0.154995 -0.143294 0.376636 -0.134825 -0.014815 0.234288 0.856962 -0.267085 -0.133937 0.836792 0.099780 0.152402 0.918596 0.028699 -0.294750 0.073191 0.143294 -0.376636 0.134825 0.017158 -0.308057 0.460461 -0.097438 -0.226172 0.398827 -0.143294 0.376636 -0.134825 -0.395565 0.008412 -0.154995 -0.521701 0.076990 0.170641 -0.269431 0.445215 0.190812 0.017674 0.261614 -0.048250 -0.143294 0.376636 -0.134825 -0.269431 0.445215 0.190812 -0.108463 0.330193 0.277387 0.143294 -0.376636 0.134825 0.395565 -0.008412 0.154995 0.269428 0.060167 0.480632 0.017158 -0.308057 0.460461 0.395565 -0.008412 0.154995 0.280969 0.073474 0.093361 0.154832 0.142053 0.418997 0.269428 0.060167 0.480632 -0.395565 0.008412 -0.154995 -0.234596 -0.106610 -0.068420 -0.360733 -0.038031 0.257217 -0.521701 0.076990 0.170641 -0.234596 -0.106610 -0.068420 0.028699 -0.294750 0.073191 -0.097438 -0.226172 0.398827 -0.360733 -0.038031 0.257217 -0.439078 0.537450 0.628776 -0.691349 0.169225 0.608606 -0.530380 0.054204 0.695181 -0.278110 0.422428 0.715351 0.028699 -0.294750 0.073191 0.280969 0.073474 0.093361 -0.521701 0.076990 0.170641 -0.360733 -0.038031 0.257217 -0.530380 0.054204 0.695181 -0.691349 0.169225 0.608606 0.269428 0.060167 0.480632 0.154832 0.142053 0.418997 -0.014815 0.234288 0.856962 " />
												<Normal vector="0.127812 -0.959349 0.251534 0.926298 0.206122 0.315378 0.551683 0.279550 0.785791 -0.100253 -0.672048 0.733665 0.564592 0.824122 0.045137 -0.127812 0.959349 -0.251534 -0.309000 0.894559 0.322886 0.148595 0.718986 0.678915 -0.127812 0.959349 -0.251534 -0.926298 -0.206122 -0.315378 -0.960936 -0.057039 0.270730 -0.309000 0.894559 0.322886 -0.564592 -0.824122 -0.045137 0.127812 -0.959349 0.251534 -0.100253 -0.672048 0.733665 -0.649831 -0.446455 0.615070 0.649831 0.446455 -0.615070 -0.148595 -0.718986 -0.678915 -0.551683 -0.279550 -0.785791 0.100253 0.672048 -0.733665 0.148595 0.718986 0.678915 -0.649831 -0.446455 0.615070 0.551683 0.279550 0.785791 -0.148595 -0.718986 -0.678915 0.309000 -0.894559 -0.322886 0.127812 -0.959349 0.251534 -0.564592 -0.824122 -0.045137 0.100253 0.672048 -0.733665 -0.551683 -0.279550 -0.785791 -0.926298 -0.206122 -0.315378 -0.127812 0.959349 -0.251534 0.649831 0.446455 -0.615070 0.100253 0.672048 -0.733665 -0.127812 0.959349 -0.251534 0.564592 0.824122 0.045137 0.309000 -0.894559 -0.322886 0.960936 0.057039 -0.270730 0.926298 0.206122 0.315378 0.127812 -0.959349 0.251534 0.960936 0.057039 -0.270730 0.649831 0.446455 -0.615070 0.564592 0.824122 0.045137 0.926298 0.206122 0.315378 -0.551683 -0.279550 -0.785791 -0.148595 -0.718986 -0.678915 -0.564592 -0.824122 -0.045137 -0.926298 -0.206122 -0.315378 -0.148595 -0.718986 -0.678915 -0.148595 -0.718986 -0.678915 -0.564592 -0.824122 -0.045137 -0.564592 -0.824122 -0.045137 -0.309000 0.894559 0.322886 -0.960936 -0.057039 0.270730 -0.649831 -0.446455 0.615070 0.148595 0.718986 0.678915 -0.148595 -0.718986 -0.678915 0.649831 0.446455 -0.615070 -0.926298 -0.206122 -0.315378 -0.564592 -0.824122 -0.045137 -0.649831 -0.446455 0.615070 -0.960936 -0.057039 0.270730 0.926298 0.206122 0.315378 0.564592 0.824122 0.045137 0.148595 0.718986 0.678915 " />
												<TextureCoordinate point="0.3570 0.4818 0.3570 0.9513 0.4683 0.9513 0.4683 0.4818 0.3570 0.7948 0.3570 0.9513 0.4683 0.9513 0.4683 0.7948 0.3570 0.4818 0.3570 0.9513 0.4683 0.9513 0.4683 0.4818 0.3570 0.7948 0.3570 0.9513 0.4683 0.9513 0.4683 0.7948 0.1575 0.4579 0.1575 0.9752 0.2252 0.9752 0.2252 0.4579 0.4036 0.4818 0.4036 0.9513 0.4683 0.4818 0.0222 0.8028 0.0222 0.9752 0.1088 0.9752 0.1088 0.8028 0.0222 0.4579 0.0222 0.9752 0.1088 0.9752 0.1088 0.4579 0.0222 0.8028 0.0222 0.9752 0.1088 0.9752 0.1088 0.8028 0.0222 0.4579 0.0222 0.9752 0.1088 0.9752 0.1088 0.4579 0.0222 0.4579 0.0222 0.6303 0.1088 0.6303 0.1088 0.4579 0.0222 0.4579 0.0222 0.6303 0.1088 0.6303 0.1088 0.4579 0.2763 0.0398 0.2763 0.4089 0.4714 0.4089 0.4714 0.0398 0.2743 0.4818 0.2743 0.9513 0.3390 0.9513 0.3390 0.4818 0.0899 0.9752 0.0899 0.4579 0.3570 0.4818 0.3570 0.6383 0.4683 0.6383 0.4683 0.4818 0.3570 0.4818 0.3570 0.6383 0.4683 0.6383 " />
											</IndexedTriangleSet>
										</Shape>
									</Group>
								</Transform>
							</Transform>
						</Transform>
						<Transform DEF="Plane_001_TRANSFORM"
						           translation="-0.501236 -1.038465 0.667702"
						           scale="1.000000 1.000000 1.000000"
						           rotation="0.000000 1.000000 0.000000 0.000000"
						           >
							<Transform DEF="Plane_001_ifs_TRANSFORM"
							           translation="0.000000 0.000000 0.000000"
							           scale="1.000000 1.000000 1.000000"
							           rotation="0.000000 1.000000 0.000000 0.000000"
							           >
								<Group DEF="group_ME_Plane_001">
									<Shape>
										<Appearance>
											<Material USE="MA_Face" />
										</Appearance>
										<IndexedTriangleSet solid="false"
										                    normalPerVertex="true"
										                    index="0 1 2 0 2 3 "
										                    >
											<Coordinate point="0.372539 0.133098 -0.347952 0.372539 -0.133098 0.347952 -0.372539 -0.133098 0.347952 -0.372539 0.133098 -0.347952 " />
											<Normal vector="0.000000 -0.933988 -0.357250 0.000000 -0.933988 -0.357250 0.000000 -0.933988 -0.357250 0.000000 -0.933988 -0.357250 " />
											<TextureCoordinate point="0.0136 0.5153 0.0136 0.9691 0.4786 0.9691 0.4786 0.5153 " />
										</IndexedTriangleSet>
									</Shape>
								</Group>
							</Transform>
						</Transform>
						<Transform DEF="Cube_024_TRANSFORM"
						           translation="-0.596739 -0.865547 0.265038"
						           scale="1.000000 1.000000 1.000000"
						           rotation="0.000000 1.000000 0.000000 0.000000"
						           >
							<Transform DEF="Cube_024_ifs_TRANSFORM"
							           translation="0.000000 0.000000 0.000000"
							           scale="1.000000 1.000000 1.000000"
							           rotation="0.000000 1.000000 0.000000 0.000000"
							           >
								<Group DEF="group_ME_Cube_029">
									<Shape>
										<Appearance>
											<Material USE="MA_Body" />
										</Appearance>
										<IndexedTriangleSet solid="false"
										                    normalPerVertex="true"
										                    index="0 1 2 0 2 3 4 5 6 4 6 7 8 9 10 8 10 11 12 13 14 12 14 15 4 13 16 4 16 17 18 19 14 18 14 7 "
										                    >
											<Coordinate point="0.003583 -0.009609 -0.023969 -0.000564 0.023116 -0.012044 -0.003583 0.009609 0.023969 0.000564 -0.023116 0.012044 -0.000564 0.023116 -0.012044 -1.337800 -0.090050 -0.166567 -1.340818 -0.103556 -0.130553 -0.003583 0.009609 0.023969 -1.337800 -0.090050 -0.166567 -1.333652 -0.122775 -0.178492 -1.336671 -0.136281 -0.142478 -1.340818 -0.103556 -0.130553 -1.333652 -0.122775 -0.178492 0.003583 -0.009609 -0.023969 0.000564 -0.023116 0.012044 -1.336671 -0.136281 -0.142478 -1.333652 -0.122775 -0.178492 -1.337800 -0.090050 -0.166567 -1.340818 -0.103556 -0.130553 -1.336671 -0.136281 -0.142478 " />
											<Normal vector="0.684927 -0.288156 -0.669149 0.548418 0.789117 -0.276589 0.458052 0.384899 0.801233 0.594592 -0.692373 0.408673 0.548418 0.789117 -0.276589 -0.594592 0.692373 -0.408673 -0.684927 0.288156 0.669149 0.458052 0.384899 0.801233 -0.594592 0.692373 -0.408673 -0.458052 -0.384899 -0.801233 -0.548418 -0.789117 0.276589 -0.684927 0.288156 0.669149 -0.458052 -0.384899 -0.801233 0.684927 -0.288156 -0.669149 0.594592 -0.692373 0.408673 -0.548418 -0.789117 0.276589 -0.458052 -0.384899 -0.801233 -0.594592 0.692373 -0.408673 -0.684927 0.288156 0.669149 -0.548418 -0.789117 0.276589 " />
											<TextureCoordinate point="0.0504 0.0512 0.0504 0.3819 0.2032 0.3819 0.2032 0.0512 0.0504 0.0512 0.0504 0.3819 0.2032 0.3819 0.2032 0.0512 0.0504 0.0512 0.0504 0.3819 0.2032 0.3819 0.2032 0.0512 0.0504 0.0512 0.0504 0.3819 0.2032 0.3819 0.2032 0.0512 0.2032 0.3819 0.2032 0.0512 0.0504 0.0512 0.0504 0.3819 " />
										</IndexedTriangleSet>
									</Shape>
								</Group>
							</Transform>
						</Transform>
						<Transform DEF="Cube_027_TRANSFORM"
						           translation="-0.596589 -0.799527 0.144053"
						           scale="1.000000 1.000000 1.000000"
						           rotation="0.000000 1.000000 0.000000 0.000000"
						           >
							<Transform DEF="Cube_027_ifs_TRANSFORM"
							           translation="0.000000 0.000000 0.000000"
							           scale="1.000000 1.000000 1.000000"
							           rotation="0.000000 1.000000 0.000000 0.000000"
							           >
								<Group DEF="group_ME_Cube_030">
									<Shape>
										<Appearance>
											<Material USE="MA_Body" />
										</Appearance>
										<IndexedTriangleSet solid="false"
										                    normalPerVertex="true"
										                    index="0 1 2 0 2 3 4 5 6 4 6 7 8 9 10 8 10 11 12 13 14 12 14 15 4 13 16 4 16 17 18 19 14 18 14 7 "
										                    >
											<Coordinate point="0.008452 -0.005987 -0.023925 0.001279 0.024643 -0.008413 -0.008452 0.005987 0.023925 -0.001279 -0.024643 0.008413 0.001279 0.024643 -0.008413 -1.249869 -0.054558 -0.430600 -1.259600 -0.073214 -0.398262 -0.008452 0.005987 0.023925 -1.249869 -0.054558 -0.430600 -1.242695 -0.085189 -0.446113 -1.252427 -0.103845 -0.413774 -1.259600 -0.073214 -0.398262 -1.242695 -0.085189 -0.446113 0.008452 -0.005987 -0.023925 -0.001279 -0.024643 0.008413 -1.252427 -0.103845 -0.413774 -1.242695 -0.085189 -0.446113 -1.249869 -0.054558 -0.430600 -1.259600 -0.073214 -0.398262 -1.252427 -0.103845 -0.413774 " />
											<Normal vector="0.809748 -0.190405 -0.554979 0.573595 0.817927 -0.044313 0.282357 0.259560 0.923521 0.518509 -0.748772 0.412854 0.573595 0.817927 -0.044313 -0.518509 0.748772 -0.412854 -0.809748 0.190405 0.554979 0.282357 0.259560 0.923521 -0.518509 0.748772 -0.412854 -0.282357 -0.259560 -0.923521 -0.573595 -0.817927 0.044313 -0.809748 0.190405 0.554979 -0.282357 -0.259560 -0.923521 0.809748 -0.190405 -0.554979 0.518509 -0.748772 0.412854 -0.573595 -0.817927 0.044313 -0.282357 -0.259560 -0.923521 -0.518509 0.748772 -0.412854 -0.809748 0.190405 0.554979 -0.573595 -0.817927 0.044313 " />
											<TextureCoordinate point="0.0504 0.0512 0.0504 0.3819 0.2032 0.3819 0.2032 0.0512 0.0504 0.0512 0.0504 0.3819 0.2032 0.3819 0.2032 0.0512 0.0504 0.0512 0.0504 0.3819 0.2032 0.3819 0.2032 0.0512 0.0504 0.0512 0.0504 0.3819 0.2032 0.3819 0.2032 0.0512 0.2032 0.3819 0.2032 0.0512 0.0504 0.0512 0.0504 0.3819 " />
										</IndexedTriangleSet>
									</Shape>
								</Group>
							</Transform>
						</Transform>
					</Transform>
				</Transform>
				<Transform DEF="leg1_TRANSFORM"
				           translation="0.337221 -1.103238 0.171467"
				           scale="1.000000 1.000000 1.000000"
				           rotation="0.000000 1.000000 0.000000 0.000000"
				           >
					<Transform DEF="leg1_ifs_TRANSFORM"
					           translation="0.000000 0.000000 0.000000"
					           scale="1.000000 1.000000 1.000000"
					           rotation="0.000000 1.000000 0.000000 0.000000"
					           >
						<Group DEF="group_ME_leg1">
							<Shape>
								<Appearance>
									<Material USE="MA_Body" />
								</Appearance>
								<IndexedTriangleSet solid="false"
								                    normalPerVertex="true"
								                    index="0 1 2 0 2 3 4 5 6 4 6 7 8 9 10 8 10 11 12 13 14 12 14 15 4 16 17 4 17 15 18 5 14 18 14 19 "
								                    >
									<Coordinate point="-0.226682 -0.281691 -0.774064 -0.226682 -0.250682 0.009915 -0.226682 0.250682 -0.009915 -0.226682 0.219673 -0.793894 -0.226682 0.219673 -0.793894 -0.226682 0.250682 -0.009915 0.226682 0.250682 -0.009915 0.226682 0.219673 -0.793894 0.226682 0.219673 -0.793894 0.226682 0.250682 -0.009915 0.226682 -0.250682 0.009915 0.226682 -0.281691 -0.774064 0.226682 -0.281691 -0.774064 0.226682 -0.250682 0.009915 -0.226682 -0.250682 0.009915 -0.226682 -0.281691 -0.774064 0.226682 0.219673 -0.793894 0.226682 -0.281691 -0.774064 0.226682 0.250682 -0.009915 0.226682 -0.250682 0.009915 " />
									<Normal vector="-0.577349 -0.599689 -0.554064 -0.577349 -0.554064 0.599689 -0.577349 0.599689 0.554064 -0.577349 0.554064 -0.599689 -0.577349 0.554064 -0.599689 -0.577349 0.599689 0.554064 0.577349 0.599689 0.554064 0.577349 0.554064 -0.599689 0.577349 0.554064 -0.599689 0.577349 0.599689 0.554064 0.577349 -0.554064 0.599689 0.577349 -0.599689 -0.554064 0.577349 -0.599689 -0.554064 0.577349 -0.554064 0.599689 -0.577349 -0.554064 0.599689 -0.577349 -0.599689 -0.554064 0.577349 0.554064 -0.599689 0.577349 -0.599689 -0.554064 0.577349 0.599689 0.554064 0.577349 -0.554064 0.599689 " />
									<TextureCoordinate point="0.0222 0.4579 0.2252 0.4579 0.2252 0.9752 0.0222 0.9752 0.0222 0.4579 0.2252 0.4579 0.2252 0.9752 0.0222 0.9752 0.0222 0.4579 0.2252 0.4579 0.2252 0.9752 0.0222 0.9752 0.0222 0.4579 0.2252 0.4579 0.2252 0.9752 0.0222 0.9752 0.2252 0.4579 0.2252 0.9752 0.0222 0.4579 0.0222 0.9752 " />
								</IndexedTriangleSet>
							</Shape>
						</Group>
					</Transform>
					<Transform DEF="leg1_1_TRANSFORM"
					           translation="0.003218 -0.031073 -0.748648"
					           scale="1.000000 1.000000 1.000000"
					           rotation="0.000000 1.000000 0.000000 0.000000"
					           >
						<Transform DEF="leg1_1_ifs_TRANSFORM"
						           translation="0.000000 0.000000 0.000000"
						           scale="1.000000 1.000000 1.000000"
						           rotation="0.000000 1.000000 0.000000 0.000000"
						           >
							<Group DEF="group_ME_leg1_1">
								<Shape>
									<Appearance>
										<Material USE="MA_Body" />
									</Appearance>
									<IndexedTriangleSet solid="false"
									                    normalPerVertex="true"
									                    index="0 1 2 0 2 3 4 5 6 4 6 7 8 9 10 8 10 11 12 13 14 12 14 15 4 16 17 4 17 15 18 5 14 18 14 19 "
									                    >
										<Coordinate point="-0.195668 -0.188149 -0.527882 -0.195668 -0.195220 -0.002628 -0.195668 0.195220 0.002628 -0.195668 0.202290 -0.522627 -0.195668 0.202290 -0.522627 -0.195668 0.195220 0.002628 0.195668 0.195220 0.002628 0.195668 0.202290 -0.522627 0.195668 0.202290 -0.522627 0.195668 0.195220 0.002628 0.195668 -0.195220 -0.002628 0.195668 -0.188149 -0.527882 0.195668 -0.188149 -0.527882 0.195668 -0.195220 -0.002628 -0.195668 -0.195220 -0.002628 -0.195668 -0.188149 -0.527882 0.195668 0.202290 -0.522627 0.195668 -0.188149 -0.527882 0.195668 0.195220 0.002628 0.195668 -0.195220 -0.002628 " />
										<Normal vector="-0.577349 -0.569506 -0.585040 -0.577349 -0.585040 0.569506 -0.577349 0.569506 0.585040 -0.577349 0.585040 -0.569506 -0.577349 0.585040 -0.569506 -0.577349 0.569506 0.585040 0.577349 0.569506 0.585040 0.577349 0.585040 -0.569506 0.577349 0.585040 -0.569506 0.577349 0.569506 0.585040 0.577349 -0.585040 0.569506 0.577349 -0.569506 -0.585040 0.577349 -0.569506 -0.585040 0.577349 -0.585040 0.569506 -0.577349 -0.585040 0.569506 -0.577349 -0.569506 -0.585040 0.577349 0.585040 -0.569506 0.577349 -0.569506 -0.585040 0.577349 0.569506 0.585040 0.577349 -0.585040 0.569506 " />
										<TextureCoordinate point="0.0222 0.4579 0.2252 0.4579 0.2252 0.9752 0.0222 0.9752 0.0222 0.4579 0.2252 0.4579 0.2252 0.9752 0.0222 0.9752 0.0222 0.4579 0.2252 0.4579 0.2252 0.9752 0.0222 0.9752 0.0222 0.4579 0.2252 0.4579 0.2252 0.9752 0.0222 0.9752 0.2252 0.4579 0.2252 0.9752 0.0222 0.4579 0.0222 0.9752 " />
									</IndexedTriangleSet>
								</Shape>
							</Group>
						</Transform>
						<Transform DEF="Cube_014_TRANSFORM"
						           translation="0.000000 0.014979 -0.491766"
						           scale="1.000000 1.000000 1.000000"
						           rotation="0.000000 1.000000 0.000000 0.000000"
						           >
							<Transform DEF="Cube_014_ifs_TRANSFORM"
							           translation="0.000000 0.000000 0.000000"
							           scale="1.000000 1.000000 1.000000"
							           rotation="0.000000 1.000000 0.000000 0.000000"
							           >
								<Group DEF="group_ME_Cube_014">
									<Shape>
										<Appearance>
											<Material USE="MA_Body" />
										</Appearance>
										<IndexedTriangleSet solid="false"
										                    normalPerVertex="true"
										                    index="0 1 2 0 2 3 4 5 6 4 6 7 8 9 10 8 10 11 12 13 14 12 14 15 16 17 18 16 18 19 20 5 14 20 14 21 22 23 24 22 24 19 25 26 27 25 27 28 16 29 30 16 30 31 32 33 34 32 34 35 "
										                    >
											<Coordinate point="-0.166094 -0.174016 -0.391646 -0.166094 -0.157348 0.006586 -0.166094 0.157348 -0.006586 -0.166094 0.140680 -0.404817 -0.166094 0.140680 -0.404817 -0.166094 0.157348 -0.006586 0.166094 0.157348 -0.006586 0.166094 0.140680 -0.404817 0.166094 0.140680 -0.404817 0.166094 0.157348 -0.006586 0.166094 -0.157348 0.006586 0.166094 -0.174016 -0.391646 0.166094 -0.174016 -0.391646 0.166094 -0.157348 0.006586 -0.166094 -0.157348 0.006586 -0.166094 -0.174016 -0.391646 -0.166094 0.137524 -0.480220 0.166094 0.137524 -0.480220 0.166094 -0.177172 -0.467048 -0.166094 -0.177172 -0.467048 0.166094 0.157348 -0.006586 0.166094 -0.157348 0.006586 0.166094 -0.177172 -0.467048 0.166094 -0.174016 -0.391646 -0.166094 -0.174016 -0.391646 0.166094 0.137524 -0.480220 0.166094 0.140680 -0.404817 0.166094 -0.174016 -0.391646 0.166094 -0.177172 -0.467048 -0.166094 0.140680 -0.404817 0.166094 0.140680 -0.404817 0.166094 0.137524 -0.480220 -0.166094 -0.177172 -0.467048 -0.166094 -0.174016 -0.391646 -0.166094 0.140680 -0.404817 -0.166094 0.137524 -0.480220 " />
											<Normal vector="-0.707083 -0.706473 0.029542 -0.577349 -0.552690 0.600971 -0.577349 0.600971 0.552690 -0.707083 0.706473 -0.029542 -0.707083 0.706473 -0.029542 -0.577349 0.600971 0.552690 0.577349 0.600971 0.552690 0.707083 0.706473 -0.029542 0.707083 0.706473 -0.029542 0.577349 0.600971 0.552690 0.577349 -0.552690 0.600971 0.707083 -0.706473 0.029542 0.707083 -0.706473 0.029542 0.577349 -0.552690 0.600971 -0.577349 -0.552690 0.600971 -0.707083 -0.706473 0.029542 -0.577349 0.552690 -0.600971 0.577349 0.552690 -0.600971 0.577349 -0.600971 -0.552690 -0.577349 -0.600971 -0.552690 0.577349 0.600971 0.552690 0.577349 -0.552690 0.600971 0.577349 -0.600971 -0.552690 0.707083 -0.706473 0.029542 -0.707083 -0.706473 0.029542 0.577349 0.552690 -0.600971 0.707083 0.706473 -0.029542 0.707083 -0.706473 0.029542 0.577349 -0.600971 -0.552690 -0.707083 0.706473 -0.029542 0.707083 0.706473 -0.029542 0.577349 0.552690 -0.600971 -0.577349 -0.600971 -0.552690 -0.707083 -0.706473 0.029542 -0.707083 0.706473 -0.029542 -0.577349 0.552690 -0.600971 " />
											<TextureCoordinate point="0.0545 0.4579 0.2252 0.4579 0.2252 0.9752 0.0545 0.9752 0.0545 0.4579 0.2252 0.4579 0.2252 0.9752 0.0545 0.9752 0.0545 0.4579 0.2252 0.4579 0.2252 0.9752 0.0545 0.9752 0.0545 0.4579 0.2252 0.4579 0.2252 0.9752 0.0545 0.9752 0.2807 0.4723 0.4692 0.4723 0.4692 0.9530 0.2807 0.9530 0.0222 0.4579 0.0222 0.9752 0.2807 0.4723 0.3107 0.4723 0.3107 0.9530 0.2807 0.4723 0.3107 0.4723 0.3107 0.9530 0.2807 0.9530 0.3107 0.4723 0.3107 0.9530 0.2807 0.9530 0.2807 0.4723 0.3107 0.4723 0.3107 0.9530 0.2807 0.9530 " />
										</IndexedTriangleSet>
									</Shape>
								</Group>
							</Transform>
						</Transform>
						<Transform DEF="foot1_TRANSFORM"
						           translation="-0.001788 0.082841 -0.980004"
						           scale="1.000000 1.000000 1.000000"
						           rotation="0.000000 1.000000 0.000000 0.000000"
						           >
							<Transform DEF="foot1_ifs_TRANSFORM"
							           translation="0.000000 0.000000 0.000000"
							           scale="1.000000 1.000000 1.000000"
							           rotation="0.000000 1.000000 0.000000 0.000000"
							           >
								<Group DEF="group_ME_foot1">
									<Shape>
										<Appearance>
											<Material USE="MA_Body" />
										</Appearance>
										<IndexedTriangleSet solid="false"
										                    normalPerVertex="true"
										                    index="0 1 2 0 2 3 4 5 6 4 6 7 8 9 10 8 10 11 12 13 14 12 14 15 16 17 18 16 18 15 5 4 14 5 14 19 20 21 22 20 22 23 3 2 24 3 24 25 9 8 26 9 26 27 17 16 28 17 28 29 "
										                    >
											<Coordinate point="-0.159756 -0.383092 -0.043577 -0.159756 -0.055350 0.114650 -0.159756 0.055350 -0.114650 -0.159756 -0.272391 -0.272877 -0.159756 0.055350 -0.114650 0.159756 0.055350 -0.114650 0.083392 -0.038586 -0.160000 -0.052964 -0.038586 -0.160000 0.159756 -0.272391 -0.272877 0.159756 0.055350 -0.114650 0.159756 -0.055350 0.114650 0.159756 -0.383092 -0.043577 0.159756 -0.383092 -0.043577 0.159756 -0.055350 0.114650 -0.159756 -0.055350 0.114650 -0.159756 -0.383092 -0.043577 -0.159756 -0.272391 -0.272877 0.159756 -0.272391 -0.272877 0.159756 -0.383092 -0.043577 0.159756 -0.055350 0.114650 -0.052964 -0.178455 -0.227526 -0.052964 -0.038586 -0.160000 0.083392 -0.038586 -0.160000 0.083392 -0.178455 -0.227526 -0.052964 -0.038586 -0.160000 -0.052964 -0.178455 -0.227526 0.083392 -0.178455 -0.227526 0.083392 -0.038586 -0.160000 -0.052964 -0.178455 -0.227526 0.083392 -0.178455 -0.227526 " />
											<Normal vector="-0.577349 -0.770928 0.268899 -0.577349 0.268899 0.770928 -0.577349 0.770928 -0.268899 -0.577349 -0.268899 -0.770928 -0.577349 0.770928 -0.268899 0.577349 0.770928 -0.268899 0.000000 0.434736 -0.900540 0.000000 0.434736 -0.900540 0.577349 -0.268899 -0.770928 0.577349 0.770928 -0.268899 0.577349 0.268899 0.770928 0.577349 -0.770928 0.268899 0.577349 -0.770928 0.268899 0.577349 0.268899 0.770928 -0.577349 0.268899 0.770928 -0.577349 -0.770928 0.268899 -0.577349 -0.268899 -0.770928 0.577349 -0.268899 -0.770928 0.577349 -0.770928 0.268899 0.577349 0.268899 0.770928 0.000000 0.434736 -0.900540 0.000000 0.434736 -0.900540 0.000000 0.434736 -0.900540 0.000000 0.434736 -0.900540 0.000000 0.434736 -0.900540 0.000000 0.434736 -0.900540 0.000000 0.434736 -0.900540 0.000000 0.434736 -0.900540 0.000000 0.434736 -0.900540 0.000000 0.434736 -0.900540 " />
											<TextureCoordinate point="0.2681 0.4579 0.4818 0.4579 0.4818 0.9752 0.2681 0.9752 0.4818 0.4579 0.2681 0.4579 0.2681 0.4579 0.4818 0.4579 0.2681 0.4579 0.4818 0.4579 0.4818 0.9752 0.2681 0.9752 0.2681 0.4579 0.4818 0.4579 0.4818 0.9752 0.2681 0.9752 0.2681 0.4579 0.4818 0.4579 0.4818 0.9752 0.2681 0.9752 0.2780 0.0341 0.4719 0.0341 0.4719 0.3834 0.2780 0.3834 0.4818 0.9752 0.2681 0.9752 0.2681 0.4579 0.4818 0.4579 0.2681 0.4579 0.4818 0.4579 " />
										</IndexedTriangleSet>
									</Shape>
								</Group>
							</Transform>
						</Transform>
						<Transform DEF="Cube_016_TRANSFORM"
						           translation="0.105340 0.076628 -0.363730"
						           scale="1.000000 1.000000 1.000000"
						           rotation="0.000000 1.000000 0.000000 0.000000"
						           >
							<Transform DEF="Cube_016_ifs_TRANSFORM"
							           translation="0.000000 0.000000 0.000000"
							           scale="1.000000 1.000000 1.000000"
							           rotation="0.000000 1.000000 0.000000 0.000000"
							           >
								<Group DEF="group_ME_Cube_016">
									<Shape>
										<Appearance>
											<Material USE="MA_Body" />
										</Appearance>
										<IndexedTriangleSet solid="false"
										                    normalPerVertex="true"
										                    index="0 1 2 0 2 3 4 5 6 4 6 7 8 9 10 8 10 11 12 13 14 12 14 15 4 16 17 4 17 15 18 5 14 18 14 19 "
										                    >
											<Coordinate point="-0.088694 -0.071912 0.079823 0.034443 0.318105 0.568008 0.033130 0.483007 0.436597 -0.090007 0.092990 -0.051588 -0.090007 0.092990 -0.051588 0.033130 0.483007 0.436597 0.211831 0.461929 0.408361 0.088694 0.071912 -0.079823 0.088694 0.071912 -0.079823 0.211831 0.461929 0.408361 0.213144 0.297027 0.539772 0.090007 -0.092990 0.051588 0.090007 -0.092990 0.051588 0.213144 0.297027 0.539772 0.034443 0.318105 0.568008 -0.088694 -0.071912 0.079823 0.088694 0.071912 -0.079823 0.090007 -0.092990 0.051588 0.211831 0.461929 0.408361 0.213144 0.297027 0.539772 " />
											<Normal vector="-0.674459 -0.738243 0.006745 -0.451216 -0.031098 0.891842 -0.458388 0.871883 0.172246 -0.681661 0.164739 -0.712851 -0.681661 0.164739 -0.712851 -0.458388 0.871883 0.172246 0.674459 0.738243 -0.006745 0.451216 0.031098 -0.891842 0.451216 0.031098 -0.891842 0.674459 0.738243 -0.006745 0.681661 -0.164739 0.712851 0.458388 -0.871883 -0.172246 0.458388 -0.871883 -0.172246 0.681661 -0.164739 0.712851 -0.451216 -0.031098 0.891842 -0.674459 -0.738243 0.006745 0.451216 0.031098 -0.891842 0.458388 -0.871883 -0.172246 0.674459 0.738243 -0.006745 0.681661 -0.164739 0.712851 " />
											<TextureCoordinate point="0.0222 0.4579 0.2252 0.4579 0.2252 0.9752 0.0222 0.9752 0.0222 0.4579 0.2252 0.4579 0.2252 0.9752 0.0222 0.9752 0.0222 0.4579 0.2252 0.4579 0.2252 0.9752 0.0222 0.9752 0.0222 0.4579 0.2252 0.4579 0.2252 0.9752 0.0222 0.9752 0.2252 0.4579 0.2252 0.9752 0.0222 0.4579 0.0222 0.9752 " />
										</IndexedTriangleSet>
									</Shape>
								</Group>
							</Transform>
						</Transform>
						<Transform DEF="Cube_017_TRANSFORM"
						           translation="0.100831 0.092308 -0.635412"
						           scale="1.000000 1.000000 1.000000"
						           rotation="0.000000 1.000000 0.000000 0.000000"
						           >
							<Transform DEF="Cube_017_ifs_TRANSFORM"
							           translation="0.000000 0.000000 0.000000"
							           scale="1.000000 1.000000 1.000000"
							           rotation="0.000000 1.000000 0.000000 0.000000"
							           >
								<Group DEF="group_ME_Cube_017">
									<Shape>
										<Appearance>
											<Material USE="MA_Body" />
										</Appearance>
										<IndexedTriangleSet solid="false"
										                    normalPerVertex="true"
										                    index="0 1 2 0 2 3 4 5 6 4 6 7 8 9 10 8 10 11 12 13 14 12 14 15 4 16 17 4 17 15 18 5 14 18 14 19 "
										                    >
											<Coordinate point="-0.070507 -0.050393 0.055661 0.007498 0.189113 0.371309 0.005957 0.305617 0.283290 -0.072048 0.066111 -0.032359 -0.072048 0.066111 -0.032359 0.005957 0.305617 0.283290 0.148511 0.289899 0.259988 0.070507 0.050393 -0.055661 0.070507 0.050393 -0.055661 0.148511 0.289899 0.259988 0.150053 0.173394 0.348007 0.072048 -0.066111 0.032359 0.072048 -0.066111 0.032359 0.150053 0.173394 0.348007 0.007498 0.189113 0.371309 -0.070507 -0.050393 0.055661 0.070507 0.050393 -0.055661 0.072048 -0.066111 0.032359 0.148511 0.289899 0.259988 0.150053 0.173394 0.348007 " />
											<Normal vector="-0.671865 -0.740562 -0.010651 -0.448805 -0.055757 0.891873 -0.461013 0.865505 0.195837 -0.684042 0.180670 -0.706687 -0.684042 0.180670 -0.706687 -0.461013 0.865505 0.195837 0.671865 0.740562 0.010651 0.448805 0.055757 -0.891873 0.448805 0.055757 -0.891873 0.671865 0.740562 0.010651 0.684042 -0.180670 0.706687 0.461013 -0.865505 -0.195837 0.461013 -0.865505 -0.195837 0.684042 -0.180670 0.706687 -0.448805 -0.055757 0.891873 -0.671865 -0.740562 -0.010651 0.448805 0.055757 -0.891873 0.461013 -0.865505 -0.195837 0.671865 0.740562 0.010651 0.684042 -0.180670 0.706687 " />
											<TextureCoordinate point="0.0222 0.4579 0.2252 0.4579 0.2252 0.9752 0.0222 0.9752 0.0222 0.4579 0.2252 0.4579 0.2252 0.9752 0.0222 0.9752 0.0222 0.4579 0.2252 0.4579 0.2252 0.9752 0.0222 0.9752 0.0222 0.4579 0.2252 0.4579 0.2252 0.9752 0.0222 0.9752 0.2252 0.4579 0.2252 0.9752 0.0222 0.4579 0.0222 0.9752 " />
										</IndexedTriangleSet>
									</Shape>
								</Group>
							</Transform>
						</Transform>
					</Transform>
				</Transform>
				<Transform DEF="Cube_018_TRANSFORM"
				           translation="0.184301 -1.479984 0.255256"
				           scale="1.000000 1.000000 1.000000"
				           rotation="0.000000 1.000000 0.000000 0.000000"
				           >
					<Transform DEF="Cube_018_ifs_TRANSFORM"
					           translation="0.000000 0.000000 0.000000"
					           scale="1.000000 1.000000 1.000000"
					           rotation="0.000000 1.000000 0.000000 0.000000"
					           >
						<Group DEF="group_ME_Cube_018">
							<Shape>
								<Appearance>
									<Material USE="MA_Body" />
								</Appearance>
								<IndexedTriangleSet solid="false"
								                    normalPerVertex="true"
								                    index="0 1 2 0 2 3 4 5 6 4 6 7 8 9 10 8 10 11 12 13 14 12 14 15 4 16 17 4 17 15 18 5 14 18 14 19 "
								                    >
									<Coordinate point="-0.081983 -0.109839 -0.058711 0.071864 -0.370678 0.214445 0.071864 -0.197125 0.380171 -0.081983 0.063713 0.107015 -0.081983 0.063713 0.107015 0.071864 -0.197125 0.380171 0.235831 -0.150999 0.331867 0.081983 0.109839 0.058711 0.081983 0.109839 0.058711 0.235831 -0.150999 0.331867 0.235831 -0.324552 0.166140 0.081983 -0.063713 -0.107015 0.081983 -0.063713 -0.107015 0.235831 -0.324552 0.166140 0.071864 -0.370678 0.214445 -0.081983 -0.109839 -0.058711 0.081983 0.109839 0.058711 0.081983 -0.063713 -0.107015 0.235831 -0.150999 0.331867 0.235831 -0.324552 0.166140 " />
									<Normal vector="-0.752464 -0.198675 -0.627888 -0.316874 -0.937223 0.145482 -0.316874 -0.102115 0.942930 -0.752464 0.636402 0.169530 -0.752464 0.636402 0.169530 -0.316874 -0.102115 0.942930 0.752464 0.198675 0.627888 0.316874 0.937223 -0.145482 0.316874 0.937223 -0.145482 0.752464 0.198675 0.627888 0.752464 -0.636402 -0.169530 0.316874 0.102115 -0.942930 0.316874 0.102115 -0.942930 0.752464 -0.636402 -0.169530 -0.316874 -0.937223 0.145482 -0.752464 -0.198675 -0.627888 0.316874 0.937223 -0.145482 0.316874 0.102115 -0.942930 0.752464 0.198675 0.627888 0.752464 -0.636402 -0.169530 " />
									<TextureCoordinate point="0.0222 0.4579 0.2252 0.4579 0.2252 0.9752 0.0222 0.9752 0.0222 0.4579 0.2252 0.4579 0.2252 0.9752 0.0222 0.9752 0.0222 0.4579 0.2252 0.4579 0.2252 0.9752 0.0222 0.9752 0.0222 0.4579 0.2252 0.4579 0.2252 0.9752 0.0222 0.9752 0.2252 0.4579 0.2252 0.9752 0.0222 0.4579 0.0222 0.9752 " />
								</IndexedTriangleSet>
							</Shape>
						</Group>
					</Transform>
				</Transform>
				<Transform DEF="Cube_019_TRANSFORM"
				           translation="0.189706 -1.376154 0.450545"
				           scale="1.000000 1.000000 1.000000"
				           rotation="0.000000 1.000000 0.000000 0.000000"
				           >
					<Transform DEF="Cube_019_ifs_TRANSFORM"
					           translation="0.000000 0.000000 0.000000"
					           scale="1.000000 1.000000 1.000000"
					           rotation="0.000000 1.000000 0.000000 0.000000"
					           >
						<Group DEF="group_ME_Cube_019">
							<Shape>
								<Appearance>
									<Material USE="MA_Body" />
								</Appearance>
								<IndexedTriangleSet solid="false"
								                    normalPerVertex="true"
								                    index="0 1 2 0 2 3 4 5 6 4 6 7 8 9 10 8 10 11 12 13 14 12 14 15 4 16 17 4 17 15 18 5 14 18 14 19 "
								                    >
									<Coordinate point="-0.024283 -0.133717 -0.023278 0.100521 -0.216388 0.321422 0.009003 -0.031144 0.398985 -0.115801 0.051527 0.054285 -0.115801 0.051527 0.054285 0.009003 -0.031144 0.398985 0.149086 0.051046 0.367978 0.024283 0.133717 0.023278 0.024283 0.133717 0.023278 0.149086 0.051046 0.367978 0.240604 -0.134198 0.290414 0.115801 -0.051527 -0.054285 0.115801 -0.051527 -0.054285 0.240604 -0.134198 0.290414 0.100521 -0.216388 0.321422 -0.024283 -0.133717 -0.023278 0.024283 0.133717 0.023278 0.115801 -0.051527 -0.054285 0.149086 0.051046 0.367978 0.240604 -0.134198 0.290414 " />
									<Normal vector="-0.441450 -0.644581 -0.624195 -0.057955 -0.898587 0.434919 -0.536790 0.070589 0.840724 -0.920255 0.324625 -0.218360 -0.920255 0.324625 -0.218360 -0.536790 0.070589 0.840724 0.441450 0.644581 0.624195 0.057955 0.898587 -0.434919 0.057955 0.898587 -0.434919 0.441450 0.644581 0.624195 0.920255 -0.324625 0.218360 0.536790 -0.070589 -0.840724 0.536790 -0.070589 -0.840724 0.920255 -0.324625 0.218360 -0.057955 -0.898587 0.434919 -0.441450 -0.644581 -0.624195 0.057955 0.898587 -0.434919 0.536790 -0.070589 -0.840724 0.441450 0.644581 0.624195 0.920255 -0.324625 0.218360 " />
									<TextureCoordinate point="0.0222 0.4579 0.2252 0.4579 0.2252 0.9752 0.0222 0.9752 0.0222 0.4579 0.2252 0.4579 0.2252 0.9752 0.0222 0.9752 0.0222 0.4579 0.2252 0.4579 0.2252 0.9752 0.0222 0.9752 0.0222 0.4579 0.2252 0.4579 0.2252 0.9752 0.0222 0.9752 0.2252 0.4579 0.2252 0.9752 0.0222 0.4579 0.0222 0.9752 " />
								</IndexedTriangleSet>
							</Shape>
						</Group>
					</Transform>
				</Transform>
				<Transform DEF="Cube_020_TRANSFORM"
				           translation="0.000000 -1.290994 0.479513"
				           scale="1.000000 1.000000 1.000000"
				           rotation="0.000000 1.000000 0.000000 0.000000"
				           >
					<Transform DEF="Cube_020_ifs_TRANSFORM"
					           translation="0.000000 0.000000 0.000000"
					           scale="1.000000 1.000000 1.000000"
					           rotation="0.000000 1.000000 0.000000 0.000000"
					           >
						<Group DEF="group_ME_Cube_020">
							<Shape>
								<Appearance>
									<Material USE="MA_Body" />
								</Appearance>
								<IndexedTriangleSet solid="false"
								                    normalPerVertex="true"
								                    index="0 1 2 0 2 3 4 5 6 4 6 7 8 9 10 8 10 11 12 13 14 12 14 15 4 16 17 4 17 15 18 5 14 18 14 19 "
								                    >
									<Coordinate point="-0.126117 -0.100240 -0.000000 -0.126117 -0.100240 0.438961 -0.126117 0.100240 0.438961 -0.126117 0.100240 0.000000 -0.126117 0.100240 0.000000 -0.126117 0.100240 0.438961 0.126117 0.100240 0.438961 0.126117 0.100240 0.000000 0.126117 0.100240 0.000000 0.126117 0.100240 0.438961 0.126117 -0.100240 0.438961 0.126117 -0.100240 -0.000000 0.126117 -0.100240 -0.000000 0.126117 -0.100240 0.438961 -0.126117 -0.100240 0.438961 -0.126117 -0.100240 -0.000000 0.126117 0.100240 0.000000 0.126117 -0.100240 -0.000000 0.126117 0.100240 0.438961 0.126117 -0.100240 0.438961 " />
									<Normal vector="-0.577349 -0.577349 -0.577349 -0.577349 -0.577349 0.577349 -0.577349 0.577349 0.577349 -0.577349 0.577349 -0.577349 -0.577349 0.577349 -0.577349 -0.577349 0.577349 0.577349 0.577349 0.577349 0.577349 0.577349 0.577349 -0.577349 0.577349 0.577349 -0.577349 0.577349 0.577349 0.577349 0.577349 -0.577349 0.577349 0.577349 -0.577349 -0.577349 0.577349 -0.577349 -0.577349 0.577349 -0.577349 0.577349 -0.577349 -0.577349 0.577349 -0.577349 -0.577349 -0.577349 0.577349 0.577349 -0.577349 0.577349 -0.577349 -0.577349 0.577349 0.577349 0.577349 0.577349 -0.577349 0.577349 " />
									<TextureCoordinate point="0.0222 0.4579 0.2252 0.4579 0.2252 0.9752 0.0222 0.9752 0.0222 0.4579 0.2252 0.4579 0.2252 0.9752 0.0222 0.9752 0.0222 0.4579 0.2252 0.4579 0.2252 0.9752 0.0222 0.9752 0.0222 0.4579 0.2252 0.4579 0.2252 0.9752 0.0222 0.9752 0.2252 0.4579 0.2252 0.9752 0.0222 0.4579 0.0222 0.9752 " />
								</IndexedTriangleSet>
							</Shape>
						</Group>
					</Transform>
				</Transform>
				<Transform DEF="leg2_TRANSFORM"
				           translation="-0.337221 -1.103238 0.171467"
				           scale="1.000000 1.000000 1.000000"
				           rotation="0.000000 1.000000 0.000000 0.000000"
				           >
					<Transform DEF="leg2_ifs_TRANSFORM"
					           translation="0.000000 0.000000 0.000000"
					           scale="1.000000 1.000000 1.000000"
					           rotation="0.000000 1.000000 0.000000 0.000000"
					           >
						<Group DEF="group_ME_leg2">
							<Shape>
								<Appearance>
									<Material USE="MA_Body" />
								</Appearance>
								<IndexedTriangleSet solid="false"
								                    normalPerVertex="true"
								                    index="0 1 2 0 2 3 4 5 6 4 6 7 8 9 10 8 10 11 12 13 14 12 14 15 4 13 16 4 16 17 18 19 14 18 14 7 "
								                    >
									<Coordinate point="0.226682 -0.281691 -0.774064 0.226682 0.219673 -0.793894 0.226682 0.250682 -0.009915 0.226682 -0.250682 0.009915 0.226682 0.219673 -0.793894 -0.226682 0.219673 -0.793894 -0.226682 0.250682 -0.009915 0.226682 0.250682 -0.009915 -0.226682 0.219673 -0.793894 -0.226682 -0.281691 -0.774064 -0.226682 -0.250682 0.009915 -0.226682 0.250682 -0.009915 -0.226682 -0.281691 -0.774064 0.226682 -0.281691 -0.774064 0.226682 -0.250682 0.009915 -0.226682 -0.250682 0.009915 -0.226682 -0.281691 -0.774064 -0.226682 0.219673 -0.793894 -0.226682 0.250682 -0.009915 -0.226682 -0.250682 0.009915 " />
									<Normal vector="0.577349 -0.599689 -0.554064 0.577349 0.554064 -0.599689 0.577349 0.599689 0.554064 0.577349 -0.554064 0.599689 0.577349 0.554064 -0.599689 -0.577349 0.554064 -0.599689 -0.577349 0.599689 0.554064 0.577349 0.599689 0.554064 -0.577349 0.554064 -0.599689 -0.577349 -0.599689 -0.554064 -0.577349 -0.554064 0.599689 -0.577349 0.599689 0.554064 -0.577349 -0.599689 -0.554064 0.577349 -0.599689 -0.554064 0.577349 -0.554064 0.599689 -0.577349 -0.554064 0.599689 -0.577349 -0.599689 -0.554064 -0.577349 0.554064 -0.599689 -0.577349 0.599689 0.554064 -0.577349 -0.554064 0.599689 " />
									<TextureCoordinate point="0.0222 0.4579 0.0222 0.9752 0.2252 0.9752 0.2252 0.4579 0.0222 0.4579 0.0222 0.9752 0.2252 0.9752 0.2252 0.4579 0.0222 0.4579 0.0222 0.9752 0.2252 0.9752 0.2252 0.4579 0.0222 0.4579 0.0222 0.9752 0.2252 0.9752 0.2252 0.4579 0.2252 0.9752 0.2252 0.4579 0.0222 0.4579 0.0222 0.9752 " />
								</IndexedTriangleSet>
							</Shape>
						</Group>
					</Transform>
					<Transform DEF="leg2_1_TRANSFORM"
					           translation="-0.003218 -0.031073 -0.748648"
					           scale="1.000000 1.000000 1.000000"
					           rotation="0.000000 1.000000 0.000000 0.000000"
					           >
						<Transform DEF="leg2_1_ifs_TRANSFORM"
						           translation="0.000000 0.000000 0.000000"
						           scale="1.000000 1.000000 1.000000"
						           rotation="0.000000 1.000000 0.000000 0.000000"
						           >
							<Group DEF="group_ME_leg2_1">
								<Shape>
									<Appearance>
										<Material USE="MA_Body" />
									</Appearance>
									<IndexedTriangleSet solid="false"
									                    normalPerVertex="true"
									                    index="0 1 2 0 2 3 4 5 6 4 6 7 8 9 10 8 10 11 12 13 14 12 14 15 4 13 16 4 16 17 18 19 14 18 14 7 "
									                    >
										<Coordinate point="0.195668 -0.188149 -0.527882 0.195668 0.202290 -0.522627 0.195668 0.195220 0.002628 0.195668 -0.195220 -0.002628 0.195668 0.202290 -0.522627 -0.195668 0.202290 -0.522627 -0.195668 0.195220 0.002628 0.195668 0.195220 0.002628 -0.195668 0.202290 -0.522627 -0.195668 -0.188149 -0.527882 -0.195668 -0.195220 -0.002628 -0.195668 0.195220 0.002628 -0.195668 -0.188149 -0.527882 0.195668 -0.188149 -0.527882 0.195668 -0.195220 -0.002628 -0.195668 -0.195220 -0.002628 -0.195668 -0.188149 -0.527882 -0.195668 0.202290 -0.522627 -0.195668 0.195220 0.002628 -0.195668 -0.195220 -0.002628 " />
										<Normal vector="0.577349 -0.569506 -0.585040 0.577349 0.585040 -0.569506 0.577349 0.569506 0.585040 0.577349 -0.585040 0.569506 0.577349 0.585040 -0.569506 -0.577349 0.585040 -0.569506 -0.577349 0.569506 0.585040 0.577349 0.569506 0.585040 -0.577349 0.585040 -0.569506 -0.577349 -0.569506 -0.585040 -0.577349 -0.585040 0.569506 -0.577349 0.569506 0.585040 -0.577349 -0.569506 -0.585040 0.577349 -0.569506 -0.585040 0.577349 -0.585040 0.569506 -0.577349 -0.585040 0.569506 -0.577349 -0.569506 -0.585040 -0.577349 0.585040 -0.569506 -0.577349 0.569506 0.585040 -0.577349 -0.585040 0.569506 " />
										<TextureCoordinate point="0.0222 0.4579 0.0222 0.9752 0.2252 0.9752 0.2252 0.4579 0.0222 0.4579 0.0222 0.9752 0.2252 0.9752 0.2252 0.4579 0.0222 0.4579 0.0222 0.9752 0.2252 0.9752 0.2252 0.4579 0.0222 0.4579 0.0222 0.9752 0.2252 0.9752 0.2252 0.4579 0.2252 0.9752 0.2252 0.4579 0.0222 0.4579 0.0222 0.9752 " />
									</IndexedTriangleSet>
								</Shape>
							</Group>
						</Transform>
						<Transform DEF="Cube_009_TRANSFORM"
						           translation="0.000000 0.014979 -0.491766"
						           scale="1.000000 1.000000 1.000000"
						           rotation="0.000000 1.000000 0.000000 0.000000"
						           >
							<Transform DEF="Cube_009_ifs_TRANSFORM"
							           translation="0.000000 0.000000 0.000000"
							           scale="1.000000 1.000000 1.000000"
							           rotation="0.000000 1.000000 0.000000 0.000000"
							           >
								<Group DEF="group_ME_Cube_009">
									<Shape>
										<Appearance>
											<Material USE="MA_Body" />
										</Appearance>
										<IndexedTriangleSet solid="false"
										                    normalPerVertex="true"
										                    index="0 1 2 0 2 3 4 5 6 4 6 7 8 9 10 8 10 11 12 13 14 12 14 15 16 17 18 16 18 19 20 21 14 20 14 7 22 17 23 22 23 24 25 26 27 25 27 28 16 29 30 16 30 31 32 33 34 32 34 35 "
										                    >
											<Coordinate point="0.166094 -0.174016 -0.391646 0.166094 0.140680 -0.404817 0.166094 0.157348 -0.006586 0.166094 -0.157348 0.006586 0.166094 0.140680 -0.404817 -0.166094 0.140680 -0.404817 -0.166094 0.157348 -0.006586 0.166094 0.157348 -0.006586 -0.166094 0.140680 -0.404817 -0.166094 -0.174016 -0.391646 -0.166094 -0.157348 0.006586 -0.166094 0.157348 -0.006586 -0.166094 -0.174016 -0.391646 0.166094 -0.174016 -0.391646 0.166094 -0.157348 0.006586 -0.166094 -0.157348 0.006586 0.166094 0.137524 -0.480220 0.166094 -0.177172 -0.467048 -0.166094 -0.177172 -0.467048 -0.166094 0.137524 -0.480220 -0.166094 0.157348 -0.006586 -0.166094 -0.157348 0.006586 -0.166094 -0.177172 -0.467048 0.166094 -0.174016 -0.391646 -0.166094 -0.174016 -0.391646 -0.166094 0.137524 -0.480220 -0.166094 -0.177172 -0.467048 -0.166094 -0.174016 -0.391646 -0.166094 0.140680 -0.404817 -0.166094 0.137524 -0.480220 -0.166094 0.140680 -0.404817 0.166094 0.140680 -0.404817 0.166094 -0.177172 -0.467048 0.166094 0.137524 -0.480220 0.166094 0.140680 -0.404817 0.166094 -0.174016 -0.391646 " />
											<Normal vector="0.707083 -0.706473 0.029542 0.707083 0.706473 -0.029542 0.577349 0.600971 0.552690 0.577349 -0.552690 0.600971 0.707083 0.706473 -0.029542 -0.707083 0.706473 -0.029542 -0.577349 0.600971 0.552690 0.577349 0.600971 0.552690 -0.707083 0.706473 -0.029542 -0.707083 -0.706473 0.029542 -0.577349 -0.552690 0.600971 -0.577349 0.600971 0.552690 -0.707083 -0.706473 0.029542 0.707083 -0.706473 0.029542 0.577349 -0.552690 0.600971 -0.577349 -0.552690 0.600971 0.577349 0.552690 -0.600971 0.577349 -0.600971 -0.552690 -0.577349 -0.600971 -0.552690 -0.577349 0.552690 -0.600971 -0.577349 0.600971 0.552690 -0.577349 -0.552690 0.600971 -0.577349 -0.600971 -0.552690 0.707083 -0.706473 0.029542 -0.707083 -0.706473 0.029542 -0.577349 0.552690 -0.600971 -0.577349 -0.600971 -0.552690 -0.707083 -0.706473 0.029542 -0.707083 0.706473 -0.029542 -0.577349 0.552690 -0.600971 -0.707083 0.706473 -0.029542 0.707083 0.706473 -0.029542 0.577349 -0.600971 -0.552690 0.577349 0.552690 -0.600971 0.707083 0.706473 -0.029542 0.707083 -0.706473 0.029542 " />
											<TextureCoordinate point="0.0545 0.4579 0.0545 0.9752 0.2252 0.9752 0.2252 0.4579 0.0545 0.4579 0.0545 0.9752 0.2252 0.9752 0.2252 0.4579 0.0545 0.4579 0.0545 0.9752 0.2252 0.9752 0.2252 0.4579 0.0545 0.4579 0.0545 0.9752 0.2252 0.9752 0.2252 0.4579 0.2807 0.4723 0.2807 0.9530 0.4692 0.9530 0.4692 0.4723 0.0222 0.4579 0.0222 0.9752 0.2807 0.4723 0.3107 0.9530 0.3107 0.4723 0.2807 0.4723 0.2807 0.9530 0.3107 0.9530 0.3107 0.4723 0.2807 0.9530 0.3107 0.9530 0.3107 0.4723 0.2807 0.4723 0.2807 0.9530 0.3107 0.9530 0.3107 0.4723 " />
										</IndexedTriangleSet>
									</Shape>
								</Group>
							</Transform>
						</Transform>
						<Transform DEF="foot2_TRANSFORM"
						           translation="0.001788 0.082841 -0.980004"
						           scale="1.000000 1.000000 1.000000"
						           rotation="0.000000 1.000000 0.000000 0.000000"
						           >
							<Transform DEF="foot2_ifs_TRANSFORM"
							           translation="0.000000 0.000000 0.000000"
							           scale="1.000000 1.000000 1.000000"
							           rotation="0.000000 1.000000 0.000000 0.000000"
							           >
								<Group DEF="group_ME_foot2">
									<Shape>
										<Appearance>
											<Material USE="MA_Body" />
										</Appearance>
										<IndexedTriangleSet solid="false"
										                    normalPerVertex="true"
										                    index="0 1 2 0 2 3 4 5 6 4 6 7 8 9 10 8 10 11 12 13 14 12 14 15 16 13 17 16 17 18 7 19 14 7 14 4 20 21 22 20 22 23 1 24 25 1 25 2 11 26 27 11 27 8 18 28 29 18 29 16 "
										                    >
											<Coordinate point="0.159756 -0.383092 -0.043578 0.159756 -0.272391 -0.272877 0.159756 0.055350 -0.114650 0.159756 -0.055350 0.114650 0.159756 0.055350 -0.114650 0.052964 -0.038586 -0.160000 -0.083392 -0.038586 -0.160000 -0.159756 0.055350 -0.114650 -0.159756 -0.272391 -0.272877 -0.159756 -0.383092 -0.043578 -0.159756 -0.055350 0.114650 -0.159756 0.055350 -0.114650 -0.159756 -0.383092 -0.043578 0.159756 -0.383092 -0.043578 0.159756 -0.055350 0.114650 -0.159756 -0.055350 0.114650 0.159756 -0.272391 -0.272877 -0.159756 -0.383092 -0.043578 -0.159756 -0.272391 -0.272877 -0.159756 -0.055350 0.114650 0.052964 -0.178455 -0.227526 -0.083392 -0.178455 -0.227526 -0.083392 -0.038586 -0.160000 0.052964 -0.038586 -0.160000 0.052964 -0.178455 -0.227526 0.052964 -0.038586 -0.160000 -0.083392 -0.038586 -0.160000 -0.083392 -0.178455 -0.227526 -0.083392 -0.178455 -0.227526 0.052964 -0.178455 -0.227526 " />
											<Normal vector="0.577349 -0.770928 0.268899 0.577349 -0.268899 -0.770928 0.577349 0.770928 -0.268899 0.577349 0.268899 0.770928 0.577349 0.770928 -0.268899 0.000000 0.434736 -0.900540 0.000000 0.434736 -0.900540 -0.577349 0.770928 -0.268899 -0.577349 -0.268899 -0.770928 -0.577349 -0.770928 0.268899 -0.577349 0.268899 0.770928 -0.577349 0.770928 -0.268899 -0.577349 -0.770928 0.268899 0.577349 -0.770928 0.268899 0.577349 0.268899 0.770928 -0.577349 0.268899 0.770928 0.577349 -0.268899 -0.770928 -0.577349 -0.770928 0.268899 -0.577349 -0.268899 -0.770928 -0.577349 0.268899 0.770928 0.000000 0.434736 -0.900540 0.000000 0.434736 -0.900540 0.000000 0.434736 -0.900540 0.000000 0.434736 -0.900540 0.000000 0.434736 -0.900540 0.000000 0.434736 -0.900540 0.000000 0.434736 -0.900540 0.000000 0.434736 -0.900540 0.000000 0.434736 -0.900540 0.000000 0.434736 -0.900540 " />
											<TextureCoordinate point="0.2681 0.4579 0.2681 0.9752 0.4818 0.9752 0.4818 0.4579 0.4818 0.4579 0.4818 0.4579 0.2681 0.4579 0.2681 0.4579 0.2681 0.4579 0.2681 0.9752 0.4818 0.9752 0.4818 0.4579 0.2681 0.4579 0.2681 0.9752 0.4818 0.9752 0.4818 0.4579 0.2681 0.4579 0.4818 0.9752 0.4818 0.4579 0.2681 0.9752 0.2780 0.0341 0.2780 0.3834 0.4719 0.3834 0.4719 0.0341 0.2681 0.9752 0.4818 0.9752 0.4818 0.4579 0.2681 0.4579 0.4818 0.4579 0.2681 0.4579 " />
										</IndexedTriangleSet>
									</Shape>
								</Group>
							</Transform>
						</Transform>
						<Transform DEF="Cube_012_TRANSFORM"
						           translation="-0.105340 0.076628 -0.363730"
						           scale="1.000000 1.000000 1.000000"
						           rotation="0.000000 1.000000 0.000000 0.000000"
						           >
							<Transform DEF="Cube_012_ifs_TRANSFORM"
							           translation="0.000000 0.000000 0.000000"
							           scale="1.000000 1.000000 1.000000"
							           rotation="0.000000 1.000000 0.000000 0.000000"
							           >
								<Group DEF="group_ME_Cube_012">
									<Shape>
										<Appearance>
											<Material USE="MA_Body" />
										</Appearance>
										<IndexedTriangleSet solid="false"
										                    normalPerVertex="true"
										                    index="0 1 2 0 2 3 4 5 6 4 6 7 8 9 10 8 10 11 12 13 14 12 14 15 4 13 16 4 16 17 18 19 14 18 14 7 "
										                    >
											<Coordinate point="0.088694 -0.071912 0.079823 0.090007 0.092990 -0.051588 -0.033130 0.483007 0.436597 -0.034443 0.318105 0.568008 0.090007 0.092990 -0.051588 -0.088694 0.071912 -0.079823 -0.211831 0.461929 0.408361 -0.033130 0.483007 0.436597 -0.088694 0.071912 -0.079823 -0.090007 -0.092990 0.051588 -0.213144 0.297027 0.539772 -0.211831 0.461929 0.408361 -0.090007 -0.092990 0.051588 0.088694 -0.071912 0.079823 -0.034443 0.318105 0.568008 -0.213144 0.297027 0.539772 -0.090007 -0.092990 0.051588 -0.088694 0.071912 -0.079823 -0.211831 0.461929 0.408361 -0.213144 0.297027 0.539772 " />
											<Normal vector="0.674459 -0.738243 0.006745 0.681661 0.164739 -0.712851 0.458388 0.871883 0.172246 0.451216 -0.031098 0.891842 0.681661 0.164739 -0.712851 -0.451216 0.031098 -0.891842 -0.674459 0.738243 -0.006745 0.458388 0.871883 0.172246 -0.451216 0.031098 -0.891842 -0.458388 -0.871883 -0.172246 -0.681661 -0.164739 0.712851 -0.674459 0.738243 -0.006745 -0.458388 -0.871883 -0.172246 0.674459 -0.738243 0.006745 0.451216 -0.031098 0.891842 -0.681661 -0.164739 0.712851 -0.458388 -0.871883 -0.172246 -0.451216 0.031098 -0.891842 -0.674459 0.738243 -0.006745 -0.681661 -0.164739 0.712851 " />
											<TextureCoordinate point="0.0222 0.4579 0.0222 0.9752 0.2252 0.9752 0.2252 0.4579 0.0222 0.4579 0.0222 0.9752 0.2252 0.9752 0.2252 0.4579 0.0222 0.4579 0.0222 0.9752 0.2252 0.9752 0.2252 0.4579 0.0222 0.4579 0.0222 0.9752 0.2252 0.9752 0.2252 0.4579 0.2252 0.9752 0.2252 0.4579 0.0222 0.4579 0.0222 0.9752 " />
										</IndexedTriangleSet>
									</Shape>
								</Group>
							</Transform>
						</Transform>
						<Transform DEF="Cube_013_TRANSFORM"
						           translation="-0.100831 0.092308 -0.635412"
						           scale="1.000000 1.000000 1.000000"
						           rotation="0.000000 1.000000 0.000000 0.000000"
						           >
							<Transform DEF="Cube_013_ifs_TRANSFORM"
							           translation="0.000000 0.000000 0.000000"
							           scale="1.000000 1.000000 1.000000"
							           rotation="0.000000 1.000000 0.000000 0.000000"
							           >
								<Group DEF="group_ME_Cube_013">
									<Shape>
										<Appearance>
											<Material USE="MA_Body" />
										</Appearance>
										<IndexedTriangleSet solid="false"
										                    normalPerVertex="true"
										                    index="0 1 2 0 2 3 4 5 6 4 6 7 8 9 10 8 10 11 12 13 14 12 14 15 4 13 16 4 16 17 18 19 14 18 14 7 "
										                    >
											<Coordinate point="0.070507 -0.050393 0.055661 0.072048 0.066111 -0.032359 -0.005957 0.305617 0.283290 -0.007498 0.189113 0.371309 0.072048 0.066111 -0.032359 -0.070507 0.050393 -0.055661 -0.148511 0.289898 0.259988 -0.005957 0.305617 0.283290 -0.070507 0.050393 -0.055661 -0.072048 -0.066111 0.032359 -0.150053 0.173394 0.348007 -0.148511 0.289898 0.259988 -0.072048 -0.066111 0.032359 0.070507 -0.050393 0.055661 -0.007498 0.189113 0.371309 -0.150053 0.173394 0.348007 -0.072048 -0.066111 0.032359 -0.070507 0.050393 -0.055661 -0.148511 0.289898 0.259988 -0.150053 0.173394 0.348007 " />
											<Normal vector="0.671865 -0.740562 -0.010651 0.684042 0.180670 -0.706687 0.461013 0.865505 0.195837 0.448805 -0.055757 0.891873 0.684042 0.180670 -0.706687 -0.448805 0.055757 -0.891873 -0.671865 0.740562 0.010651 0.461013 0.865505 0.195837 -0.448805 0.055757 -0.891873 -0.461013 -0.865505 -0.195837 -0.684042 -0.180670 0.706687 -0.671865 0.740562 0.010651 -0.461013 -0.865505 -0.195837 0.671865 -0.740562 -0.010651 0.448805 -0.055757 0.891873 -0.684042 -0.180670 0.706687 -0.461013 -0.865505 -0.195837 -0.448805 0.055757 -0.891873 -0.671865 0.740562 0.010651 -0.684042 -0.180670 0.706687 " />
											<TextureCoordinate point="0.0222 0.4579 0.0222 0.9752 0.2252 0.9752 0.2252 0.4579 0.0222 0.4579 0.0222 0.9752 0.2252 0.9752 0.2252 0.4579 0.0222 0.4579 0.0222 0.9752 0.2252 0.9752 0.2252 0.4579 0.0222 0.4579 0.0222 0.9752 0.2252 0.9752 0.2252 0.4579 0.2252 0.9752 0.2252 0.4579 0.0222 0.4579 0.0222 0.9752 " />
										</IndexedTriangleSet>
									</Shape>
								</Group>
							</Transform>
						</Transform>
					</Transform>
				</Transform>
				<Transform DEF="Cube_015_TRANSFORM"
				           translation="-0.184301 -1.479984 0.255256"
				           scale="1.000000 1.000000 1.000000"
				           rotation="0.000000 1.000000 0.000000 0.000000"
				           >
					<Transform DEF="Cube_015_ifs_TRANSFORM"
					           translation="0.000000 0.000000 0.000000"
					           scale="1.000000 1.000000 1.000000"
					           rotation="0.000000 1.000000 0.000000 0.000000"
					           >
						<Group DEF="group_ME_Cube_015">
							<Shape>
								<Appearance>
									<Material USE="MA_Body" />
								</Appearance>
								<IndexedTriangleSet solid="false"
								                    normalPerVertex="true"
								                    index="0 1 2 0 2 3 4 5 6 4 6 7 8 9 10 8 10 11 12 13 14 12 14 15 4 13 16 4 16 17 18 19 14 18 14 7 "
								                    >
									<Coordinate point="0.081983 -0.109839 -0.058711 0.081983 0.063713 0.107015 -0.071864 -0.197125 0.380171 -0.071864 -0.370678 0.214445 0.081983 0.063713 0.107015 -0.081983 0.109839 0.058711 -0.235831 -0.150999 0.331867 -0.071864 -0.197125 0.380171 -0.081983 0.109839 0.058711 -0.081983 -0.063713 -0.107015 -0.235831 -0.324552 0.166140 -0.235831 -0.150999 0.331867 -0.081983 -0.063713 -0.107015 0.081983 -0.109839 -0.058711 -0.071864 -0.370678 0.214445 -0.235831 -0.324552 0.166140 -0.081983 -0.063713 -0.107015 -0.081983 0.109839 0.058711 -0.235831 -0.150999 0.331867 -0.235831 -0.324552 0.166140 " />
									<Normal vector="0.752464 -0.198675 -0.627888 0.752464 0.636402 0.169530 0.316874 -0.102115 0.942930 0.316874 -0.937223 0.145482 0.752464 0.636402 0.169530 -0.316874 0.937223 -0.145482 -0.752464 0.198675 0.627888 0.316874 -0.102115 0.942930 -0.316874 0.937223 -0.145482 -0.316874 0.102115 -0.942930 -0.752464 -0.636402 -0.169530 -0.752464 0.198675 0.627888 -0.316874 0.102115 -0.942930 0.752464 -0.198675 -0.627888 0.316874 -0.937223 0.145482 -0.752464 -0.636402 -0.169530 -0.316874 0.102115 -0.942930 -0.316874 0.937223 -0.145482 -0.752464 0.198675 0.627888 -0.752464 -0.636402 -0.169530 " />
									<TextureCoordinate point="0.0222 0.4579 0.0222 0.9752 0.2252 0.9752 0.2252 0.4579 0.0222 0.4579 0.0222 0.9752 0.2252 0.9752 0.2252 0.4579 0.0222 0.4579 0.0222 0.9752 0.2252 0.9752 0.2252 0.4579 0.0222 0.4579 0.0222 0.9752 0.2252 0.9752 0.2252 0.4579 0.2252 0.9752 0.2252 0.4579 0.0222 0.4579 0.0222 0.9752 " />
								</IndexedTriangleSet>
							</Shape>
						</Group>
					</Transform>
				</Transform>
				<Transform DEF="Cube_021_TRANSFORM"
				           translation="-0.189706 -1.376154 0.450545"
				           scale="1.000000 1.000000 1.000000"
				           rotation="0.000000 1.000000 0.000000 0.000000"
				           >
					<Transform DEF="Cube_021_ifs_TRANSFORM"
					           translation="0.000000 0.000000 0.000000"
					           scale="1.000000 1.000000 1.000000"
					           rotation="0.000000 1.000000 0.000000 0.000000"
					           >
						<Group DEF="group_ME_Cube_021">
							<Shape>
								<Appearance>
									<Material USE="MA_Body" />
								</Appearance>
								<IndexedTriangleSet solid="false"
								                    normalPerVertex="true"
								                    index="0 1 2 0 2 3 4 5 6 4 6 7 8 9 10 8 10 11 12 13 14 12 14 15 4 13 16 4 16 17 18 19 14 18 14 7 "
								                    >
									<Coordinate point="0.024283 -0.133717 -0.023278 0.115801 0.051527 0.054285 -0.009003 -0.031144 0.398985 -0.100521 -0.216388 0.321422 0.115801 0.051527 0.054285 -0.024283 0.133717 0.023278 -0.149086 0.051046 0.367978 -0.009003 -0.031144 0.398985 -0.024283 0.133717 0.023278 -0.115801 -0.051527 -0.054285 -0.240604 -0.134198 0.290414 -0.149086 0.051046 0.367978 -0.115801 -0.051527 -0.054285 0.024283 -0.133717 -0.023278 -0.100521 -0.216388 0.321422 -0.240604 -0.134198 0.290414 -0.115801 -0.051527 -0.054285 -0.024283 0.133717 0.023278 -0.149086 0.051046 0.367978 -0.240604 -0.134198 0.290414 " />
									<Normal vector="0.441450 -0.644581 -0.624195 0.920255 0.324625 -0.218360 0.536790 0.070589 0.840724 0.057955 -0.898587 0.434919 0.920255 0.324625 -0.218360 -0.057955 0.898587 -0.434919 -0.441450 0.644581 0.624195 0.536790 0.070589 0.840724 -0.057955 0.898587 -0.434919 -0.536790 -0.070589 -0.840724 -0.920255 -0.324625 0.218360 -0.441450 0.644581 0.624195 -0.536790 -0.070589 -0.840724 0.441450 -0.644581 -0.624195 0.057955 -0.898587 0.434919 -0.920255 -0.324625 0.218360 -0.536790 -0.070589 -0.840724 -0.057955 0.898587 -0.434919 -0.441450 0.644581 0.624195 -0.920255 -0.324625 0.218360 " />
									<TextureCoordinate point="0.0222 0.4579 0.0222 0.9752 0.2252 0.9752 0.2252 0.4579 0.0222 0.4579 0.0222 0.9752 0.2252 0.9752 0.2252 0.4579 0.0222 0.4579 0.0222 0.9752 0.2252 0.9752 0.2252 0.4579 0.0222 0.4579 0.0222 0.9752 0.2252 0.9752 0.2252 0.4579 0.2252 0.9752 0.2252 0.4579 0.0222 0.4579 0.0222 0.9752 " />
								</IndexedTriangleSet>
							</Shape>
						</Group>
					</Transform>
				</Transform>
			</Transform>
			<Transform DEF="leg4_TRANSFORM"
			           translation="0.358754 -0.507422 0.108854"
			           scale="1.000000 1.000000 1.000000"
			           rotation="0.000000 1.000000 0.000000 0.000000"
			           >
				<Transform DEF="leg4_ifs_TRANSFORM"
				           translation="0.000000 0.000000 0.000000"
				           scale="1.000000 1.000000 1.000000"
				           rotation="0.000000 1.000000 0.000000 0.000000"
				           >
					<Group DEF="group_ME_leg4">
						<Shape>
							<Appearance>
								<Material USE="MA_Body" />
							</Appearance>
							<IndexedTriangleSet solid="false"
							                    normalPerVertex="true"
							                    index="0 1 2 0 2 3 4 5 6 4 6 7 8 9 10 8 10 11 12 13 14 12 14 15 4 16 17 4 17 15 18 5 14 18 14 19 "
							                    >
								<Coordinate point="-0.228969 -0.139554 -0.857290 -0.228969 -0.419626 0.007392 -0.228969 0.335605 0.252013 -0.228969 0.615677 -0.612669 -0.228969 0.615677 -0.612669 -0.228969 0.335605 0.252013 0.228969 0.335605 0.252013 0.228969 0.615677 -0.612669 0.228969 0.615677 -0.612669 0.228969 0.335605 0.252013 0.228969 -0.419626 0.007392 0.228969 -0.139554 -0.857290 0.228969 -0.139554 -0.857290 0.228969 -0.419626 0.007392 -0.228969 -0.419626 0.007392 -0.228969 -0.139554 -0.857290 0.228969 0.615677 -0.612669 0.228969 -0.139554 -0.857290 0.228969 0.335605 0.252013 0.228969 -0.419626 0.007392 " />
								<Normal vector="-0.577349 -0.371349 -0.727134 -0.577349 -0.727134 0.371349 -0.577349 0.371349 0.727134 -0.577349 0.727134 -0.371349 -0.577349 0.727134 -0.371349 -0.577349 0.371349 0.727134 0.577349 0.371349 0.727134 0.577349 0.727134 -0.371349 0.577349 0.727134 -0.371349 0.577349 0.371349 0.727134 0.577349 -0.727134 0.371349 0.577349 -0.371349 -0.727134 0.577349 -0.371349 -0.727134 0.577349 -0.727134 0.371349 -0.577349 -0.727134 0.371349 -0.577349 -0.371349 -0.727134 0.577349 0.727134 -0.371349 0.577349 -0.371349 -0.727134 0.577349 0.371349 0.727134 0.577349 -0.727134 0.371349 " />
								<TextureCoordinate point="0.0222 0.4579 0.2252 0.4579 0.2252 0.9752 0.0222 0.9752 0.0222 0.4579 0.2252 0.4579 0.2252 0.9752 0.0222 0.9752 0.0222 0.4579 0.2252 0.4579 0.2252 0.9752 0.0222 0.9752 0.0222 0.4579 0.2252 0.4579 0.2252 0.9752 0.0222 0.9752 0.2252 0.4579 0.2252 0.9752 0.0222 0.4579 0.0222 0.9752 " />
							</IndexedTriangleSet>
						</Shape>
					</Group>
				</Transform>
				<Transform DEF="Cube_006_TRANSFORM"
				           translation="-0.001770 0.160636 -0.601705"
				           scale="1.000000 1.000000 1.000000"
				           rotation="0.000000 1.000000 0.000000 0.000000"
				           >
					<Transform DEF="Cube_006_ifs_TRANSFORM"
					           translation="0.000000 0.000000 0.000000"
					           scale="1.000000 1.000000 1.000000"
					           rotation="0.000000 1.000000 0.000000 0.000000"
					           >
						<Group DEF="group_ME_Cube_006">
							<Shape>
								<Appearance>
									<Material USE="MA_Body" />
								</Appearance>
								<IndexedTriangleSet solid="false"
								                    normalPerVertex="true"
								                    index="0 1 2 0 2 3 4 5 6 4 6 7 8 9 10 8 10 11 12 13 14 12 14 15 4 16 17 4 17 15 18 5 14 18 14 19 "
								                    >
									<Coordinate point="-0.229635 -0.031722 -0.526063 -0.214238 -0.259031 -0.146395 -0.201681 0.259031 0.163263 -0.217078 0.486341 -0.216405 -0.217078 0.486341 -0.216405 -0.201681 0.259031 0.163263 0.214238 0.259031 0.146395 0.198841 0.486341 -0.233272 0.198841 0.486341 -0.233272 0.214238 0.259031 0.146395 0.201681 -0.259031 -0.163263 0.186283 -0.031722 -0.542930 0.186283 -0.031722 -0.542930 0.201681 -0.259031 -0.163263 -0.214238 -0.259031 -0.146395 -0.229635 -0.031722 -0.526063 0.198841 0.486341 -0.233272 0.186283 -0.031722 -0.542930 0.214238 0.259031 0.146395 0.201681 -0.259031 -0.163263 " />
									<Normal vector="-0.608936 -0.199042 -0.767785 -0.568804 -0.791833 0.222297 -0.544786 0.199042 0.814600 -0.584918 0.791833 -0.175512 -0.584918 0.791833 -0.175512 -0.544786 0.199042 0.814600 0.608936 0.199042 0.767785 0.568804 0.791833 -0.222297 0.568804 0.791833 -0.222297 0.608936 0.199042 0.767785 0.584918 -0.791833 0.175512 0.544786 -0.199042 -0.814600 0.544786 -0.199042 -0.814600 0.584918 -0.791833 0.175512 -0.568804 -0.791833 0.222297 -0.608936 -0.199042 -0.767785 0.568804 0.791833 -0.222297 0.544786 -0.199042 -0.814600 0.608936 0.199042 0.767785 0.584918 -0.791833 0.175512 " />
									<TextureCoordinate point="0.0222 0.4579 0.2252 0.4579 0.2252 0.9752 0.0222 0.9752 0.0222 0.4579 0.2252 0.4579 0.2252 0.9752 0.0222 0.9752 0.0222 0.4579 0.2252 0.4579 0.2252 0.9752 0.0222 0.9752 0.0222 0.4579 0.2252 0.4579 0.2252 0.9752 0.0222 0.9752 0.2252 0.4579 0.2252 0.9752 0.0222 0.4579 0.0222 0.9752 " />
								</IndexedTriangleSet>
							</Shape>
						</Group>
					</Transform>
				</Transform>
				<Transform DEF="Cube_007_TRANSFORM"
				           translation="-0.005107 0.401304 -0.913701"
				           scale="1.000000 1.000000 1.000000"
				           rotation="0.000000 1.000000 0.000000 0.000000"
				           >
					<Transform DEF="Cube_007_ifs_TRANSFORM"
					           translation="0.000000 0.000000 0.000000"
					           scale="1.000000 1.000000 1.000000"
					           rotation="0.000000 1.000000 0.000000 0.000000"
					           >
						<Group DEF="group_ME_Cube_007">
							<Shape>
								<Appearance>
									<Material USE="MA_Body" />
								</Appearance>
								<IndexedTriangleSet solid="false"
								                    normalPerVertex="true"
								                    index="0 1 2 0 2 3 4 5 6 4 6 7 8 9 10 8 10 11 12 13 14 12 14 15 4 16 17 4 17 15 18 5 14 18 14 19 "
								                    >
									<Coordinate point="-0.185517 -0.058392 -0.283154 -0.177892 -0.170957 -0.095139 -0.169604 0.170957 0.109231 -0.177229 0.283523 -0.078784 -0.177229 0.283523 -0.078784 -0.169604 0.170957 0.109231 0.177892 0.170957 0.095139 0.170267 0.283523 -0.092876 0.170267 0.283523 -0.092876 0.177892 0.170957 0.095139 0.169604 -0.170957 -0.109231 0.161979 -0.058392 -0.297246 0.161979 -0.058392 -0.297246 0.169604 -0.170957 -0.109231 -0.177892 -0.170957 -0.095139 -0.185517 -0.058392 -0.283154 0.170267 0.283523 -0.092876 0.161979 -0.058392 -0.297246 0.177892 0.170957 0.095139 0.169604 -0.170957 -0.109231 " />
									<Normal vector="-0.608936 -0.199042 -0.767785 -0.568804 -0.791833 0.222297 -0.544786 0.199042 0.814600 -0.584918 0.791833 -0.175512 -0.584918 0.791833 -0.175512 -0.544786 0.199042 0.814600 0.608936 0.199042 0.767785 0.568804 0.791833 -0.222297 0.568804 0.791833 -0.222297 0.608936 0.199042 0.767785 0.584918 -0.791833 0.175512 0.544786 -0.199042 -0.814600 0.544786 -0.199042 -0.814600 0.584918 -0.791833 0.175512 -0.568804 -0.791833 0.222297 -0.608936 -0.199042 -0.767785 0.568804 0.791833 -0.222297 0.544786 -0.199042 -0.814600 0.608936 0.199042 0.767785 0.584918 -0.791833 0.175512 " />
									<TextureCoordinate point="0.0222 0.4579 0.2252 0.4579 0.2252 0.9752 0.0222 0.9752 0.0222 0.4579 0.2252 0.4579 0.2252 0.9752 0.0222 0.9752 0.0222 0.4579 0.2252 0.4579 0.2252 0.9752 0.0222 0.9752 0.0222 0.4579 0.2252 0.4579 0.2252 0.9752 0.0222 0.9752 0.2252 0.4579 0.2252 0.9752 0.0222 0.4579 0.0222 0.9752 " />
								</IndexedTriangleSet>
							</Shape>
						</Group>
					</Transform>
				</Transform>
				<Transform DEF="leg4_1_TRANSFORM"
				           translation="-0.016257 0.534958 -0.971002"
				           scale="1.000000 1.000000 1.000000"
				           rotation="0.000000 1.000000 0.000000 0.000000"
				           >
					<Transform DEF="leg4_1_ifs_TRANSFORM"
					           translation="0.000000 0.000000 0.000000"
					           scale="1.000000 1.000000 1.000000"
					           rotation="0.000000 1.000000 0.000000 0.000000"
					           >
						<Group DEF="group_ME_leg4_1">
							<Shape>
								<Appearance>
									<Material USE="MA_Body" />
								</Appearance>
								<IndexedTriangleSet solid="false"
								                    normalPerVertex="true"
								                    index="0 1 2 0 2 3 4 5 6 4 6 7 8 9 10 8 10 11 12 13 14 12 14 15 16 17 18 16 18 19 20 5 14 20 14 21 22 23 24 22 24 19 25 26 27 25 27 28 16 29 30 16 30 31 32 33 34 32 34 35 "
								                    >
									<Coordinate point="-0.155356 -0.352901 -0.636351 -0.149474 -0.157747 0.046379 -0.149474 0.158428 -0.043998 -0.155356 -0.036726 -0.726728 -0.155356 -0.036726 -0.726728 -0.149474 0.158428 -0.043998 0.149474 0.157747 -0.046379 0.143593 -0.037406 -0.729109 0.143593 -0.037406 -0.729109 0.149474 0.157747 -0.046379 0.149474 -0.158428 0.043998 0.143593 -0.353582 -0.638732 0.143593 -0.353582 -0.638732 0.149474 -0.158428 0.043998 -0.149474 -0.157747 0.046379 -0.155356 -0.352901 -0.636351 -0.156473 -0.073799 -0.856427 0.142476 -0.074480 -0.858808 0.142476 -0.390655 -0.768431 -0.156473 -0.389975 -0.766051 0.149474 0.157747 -0.046379 0.149474 -0.158428 0.043998 0.142476 -0.390655 -0.768431 0.143593 -0.353582 -0.638732 -0.155356 -0.352901 -0.636351 0.142476 -0.074480 -0.858808 0.143593 -0.037406 -0.729109 0.143593 -0.353582 -0.638732 0.142476 -0.390655 -0.768431 -0.155356 -0.036726 -0.726728 0.143593 -0.037406 -0.729109 0.142476 -0.074480 -0.858808 -0.156473 -0.389975 -0.766051 -0.155356 -0.352901 -0.636351 -0.155356 -0.036726 -0.726728 -0.156473 -0.073799 -0.856427 " />
									<Normal vector="-0.707053 -0.678243 0.199957 -0.572527 -0.395123 0.718345 -0.572527 0.715079 0.401013 -0.707053 0.681478 -0.188696 -0.707053 0.681478 -0.188696 -0.572527 0.715079 0.401013 0.582110 0.712455 0.391797 0.707053 0.678243 -0.199957 0.707053 0.678243 -0.199957 0.582110 0.712455 0.391797 0.582110 -0.397748 0.709159 0.707053 -0.681478 0.188696 0.707053 -0.681478 0.188696 0.582110 -0.397748 0.709159 -0.572527 -0.395123 0.718345 -0.707053 -0.678243 0.199957 -0.582110 0.397748 -0.709159 0.572527 0.395123 -0.718345 0.572527 -0.715079 -0.401013 -0.582110 -0.712455 -0.391797 0.582110 0.712455 0.391797 0.582110 -0.397748 0.709159 0.572527 -0.715079 -0.401013 0.707053 -0.681478 0.188696 -0.707053 -0.678243 0.199957 0.572527 0.395123 -0.718345 0.707053 0.678243 -0.199957 0.707053 -0.681478 0.188696 0.572527 -0.715079 -0.401013 -0.707053 0.681478 -0.188696 0.707053 0.678243 -0.199957 0.572527 0.395123 -0.718345 -0.582110 -0.712455 -0.391797 -0.707053 -0.678243 0.199957 -0.707053 0.681478 -0.188696 -0.582110 0.397748 -0.709159 " />
									<TextureCoordinate point="0.0546 0.4579 0.2252 0.4579 0.2252 0.9752 0.0546 0.9752 0.0546 0.4579 0.2252 0.4579 0.2252 0.9752 0.0546 0.9752 0.0546 0.4579 0.2252 0.4579 0.2252 0.9752 0.0546 0.9752 0.0546 0.4579 0.2252 0.4579 0.2252 0.9752 0.0546 0.9752 0.2807 0.4723 0.4692 0.4723 0.4692 0.9530 0.2807 0.9530 0.0222 0.4579 0.0222 0.9752 0.2807 0.4723 0.3108 0.4723 0.3108 0.9530 0.2807 0.4723 0.3108 0.4723 0.3108 0.9530 0.2807 0.9530 0.3108 0.4723 0.3108 0.9530 0.2807 0.9530 0.2807 0.4723 0.3108 0.4723 0.3108 0.9530 0.2807 0.9530 " />
								</IndexedTriangleSet>
							</Shape>
						</Group>
					</Transform>
					<Transform DEF="foot4_TRANSFORM"
					           translation="-0.006032 -0.141576 -0.821789"
					           scale="1.000000 1.000000 1.000000"
					           rotation="0.000000 1.000000 0.000000 0.000000"
					           >
						<Transform DEF="foot4_ifs_TRANSFORM"
						           translation="0.000000 0.000000 0.000000"
						           scale="1.000000 1.000000 1.000000"
						           rotation="0.000000 1.000000 0.000000 0.000000"
						           >
							<Group DEF="group_ME_foot4">
								<Shape>
									<Appearance>
										<Material USE="MA_Body" />
									</Appearance>
									<IndexedTriangleSet solid="false"
									                    normalPerVertex="true"
									                    index="0 1 2 0 2 3 3 2 4 3 4 5 6 7 8 6 8 9 10 11 12 10 12 13 14 15 16 14 16 13 17 18 12 17 12 19 20 21 22 20 22 23 7 6 24 7 24 25 15 14 26 15 26 27 18 17 28 18 28 29 "
									                    >
										<Coordinate point="-0.168146 -0.328417 0.042703 -0.165520 -0.016289 0.098649 -0.165520 0.018988 -0.098165 -0.168146 -0.293140 -0.154111 -0.071517 -0.086222 -0.117023 -0.072637 -0.219427 -0.140899 0.162893 -0.295839 -0.154595 0.165520 0.016289 -0.098649 0.165520 -0.018988 0.098165 0.162893 -0.331116 0.042219 0.162893 -0.331116 0.042219 0.165520 -0.018988 0.098165 -0.165520 -0.016289 0.098649 -0.168146 -0.328417 0.042703 -0.168146 -0.293140 -0.154111 0.162893 -0.295839 -0.154595 0.162893 -0.331116 0.042219 0.165520 0.016289 -0.098649 -0.165520 0.018988 -0.098165 0.165520 -0.018988 0.098165 -0.072637 -0.219427 -0.140899 -0.071517 -0.086222 -0.117023 0.069759 -0.087373 -0.117229 0.068638 -0.220578 -0.141105 0.068638 -0.220578 -0.141105 0.069759 -0.087373 -0.117229 -0.072637 -0.219427 -0.140899 0.068638 -0.220578 -0.141105 0.069759 -0.087373 -0.117229 -0.071517 -0.086222 -0.117023 " />
										<Normal vector="-0.582110 -0.665426 0.467269 -0.572527 0.471114 0.670980 -0.572527 0.674825 -0.465590 -0.582110 -0.461684 -0.669301 0.000000 0.176427 -0.984283 0.000000 0.176427 -0.984283 0.572527 -0.471114 -0.670980 0.582110 0.665426 -0.467269 0.582110 0.461684 0.669301 0.572527 -0.674825 0.465590 0.572527 -0.674825 0.465590 0.582110 0.461684 0.669301 -0.572527 0.471114 0.670980 -0.582110 -0.665426 0.467269 -0.582110 -0.461684 -0.669301 0.572527 -0.471114 -0.670980 0.572527 -0.674825 0.465590 0.582110 0.665426 -0.467269 -0.572527 0.674825 -0.465590 0.582110 0.461684 0.669301 0.000000 0.176427 -0.984283 0.000000 0.176427 -0.984283 0.000000 0.176427 -0.984283 0.000000 0.176427 -0.984283 0.000000 0.176427 -0.984283 0.000000 0.176427 -0.984283 0.000000 0.176427 -0.984283 0.000000 0.176427 -0.984283 0.000000 0.176427 -0.984283 0.000000 0.176427 -0.984283 " />
										<TextureCoordinate point="0.2681 0.4579 0.4818 0.4579 0.4818 0.9752 0.2681 0.9752 0.4818 0.9752 0.2681 0.9752 0.2681 0.4579 0.4818 0.4579 0.4818 0.9752 0.2681 0.9752 0.2681 0.4579 0.4818 0.4579 0.4818 0.9752 0.2681 0.9752 0.2681 0.4579 0.4818 0.4579 0.4818 0.9752 0.2681 0.4579 0.4818 0.4579 0.2681 0.9752 0.2780 0.0341 0.4719 0.0341 0.4719 0.3834 0.2780 0.3834 0.2681 0.4579 0.4818 0.4579 0.2681 0.4579 0.4818 0.4579 0.2681 0.4579 0.4818 0.4579 " />
									</IndexedTriangleSet>
								</Shape>
							</Group>
						</Transform>
					</Transform>
				</Transform>
				<Transform DEF="Cube_010_TRANSFORM"
				           translation="0.025040 0.362234 -0.080557"
				           scale="1.000000 1.000000 1.000000"
				           rotation="0.000000 1.000000 0.000000 0.000000"
				           >
					<Transform DEF="Cube_010_ifs_TRANSFORM"
					           translation="0.000000 0.000000 0.000000"
					           scale="1.000000 1.000000 1.000000"
					           rotation="0.000000 1.000000 0.000000 0.000000"
					           >
						<Group DEF="group_ME_Cube_010">
							<Shape>
								<Appearance>
									<Material USE="MA_Body" />
								</Appearance>
								<IndexedTriangleSet solid="false"
								                    normalPerVertex="true"
								                    index="0 1 2 0 2 3 4 5 6 4 6 7 8 9 10 8 10 11 12 13 14 12 14 15 4 16 17 4 17 15 18 5 14 18 14 19 "
								                    >
									<Coordinate point="-0.100554 -0.077107 0.114674 0.025574 0.375970 0.529923 0.025574 0.560611 0.328462 -0.100554 0.107534 -0.086787 -0.100554 0.107534 -0.086787 0.025574 0.560611 0.328462 0.226682 0.530184 0.300575 0.100554 0.077107 -0.114674 0.100554 0.077107 -0.114674 0.226682 0.530184 0.300575 0.226682 0.345544 0.502036 0.100554 -0.107534 0.086787 0.100554 -0.107534 0.086787 0.226682 0.345544 0.502036 0.025574 0.375970 0.529923 -0.100554 -0.077107 0.114674 0.100554 0.077107 -0.114674 0.100554 -0.107534 0.086787 0.226682 0.530184 0.300575 0.226682 0.345544 0.502036 " />
									<Normal vector="-0.681631 -0.721458 0.121921 -0.449477 0.112400 0.886166 -0.449477 0.892575 0.034913 -0.681631 0.058718 -0.729331 -0.681631 0.058718 -0.729331 -0.449477 0.892575 0.034913 0.681631 0.721458 -0.121921 0.449477 -0.112400 -0.886166 0.449477 -0.112400 -0.886166 0.681631 0.721458 -0.121921 0.681631 -0.058718 0.729331 0.449477 -0.892575 -0.034913 0.449477 -0.892575 -0.034913 0.681631 -0.058718 0.729331 -0.449477 0.112400 0.886166 -0.681631 -0.721458 0.121921 0.449477 -0.112400 -0.886166 0.449477 -0.892575 -0.034913 0.681631 0.721458 -0.121921 0.681631 -0.058718 0.729331 " />
									<TextureCoordinate point="0.0222 0.4579 0.2252 0.4579 0.2252 0.9752 0.0222 0.9752 0.0222 0.4579 0.2252 0.4579 0.2252 0.9752 0.0222 0.9752 0.0222 0.4579 0.2252 0.4579 0.2252 0.9752 0.0222 0.9752 0.0222 0.4579 0.2252 0.4579 0.2252 0.9752 0.0222 0.9752 0.2252 0.4579 0.2252 0.9752 0.0222 0.4579 0.0222 0.9752 " />
								</IndexedTriangleSet>
							</Shape>
						</Group>
					</Transform>
				</Transform>
				<Transform DEF="Cube_011_TRANSFORM"
				           translation="0.059149 0.437107 -0.330485"
				           scale="1.000000 1.000000 1.000000"
				           rotation="0.000000 1.000000 0.000000 0.000000"
				           >
					<Transform DEF="Cube_011_ifs_TRANSFORM"
					           translation="0.000000 0.000000 0.000000"
					           scale="1.000000 1.000000 1.000000"
					           rotation="0.000000 1.000000 0.000000 0.000000"
					           >
						<Group DEF="group_ME_Cube_011">
							<Shape>
								<Appearance>
									<Material USE="MA_Body" />
								</Appearance>
								<IndexedTriangleSet solid="false"
								                    normalPerVertex="true"
								                    index="0 1 2 0 2 3 4 5 6 4 6 7 8 9 10 8 10 11 12 13 14 12 14 15 4 16 17 4 17 15 18 5 14 18 14 19 "
								                    >
									<Coordinate point="-0.088311 -0.042990 0.084624 0.008809 0.331624 0.376284 0.005910 0.444765 0.231929 -0.091210 0.070151 -0.059731 -0.091210 0.070151 -0.059731 0.005910 0.444765 0.231929 0.185430 0.417604 0.207036 0.088311 0.042990 -0.084624 0.088311 0.042990 -0.084624 0.185430 0.417604 0.207036 0.188329 0.304464 0.351391 0.091210 -0.070151 0.059731 0.091210 -0.070151 0.059731 0.188329 0.304464 0.351391 0.008809 0.331624 0.376284 -0.088311 -0.042990 0.084624 0.088311 0.042990 -0.084624 0.091210 -0.070151 0.059731 0.185430 0.417604 0.207036 0.188329 0.304464 0.351391 " />
									<Normal vector="-0.672140 -0.716849 0.185278 -0.440718 0.175756 0.880245 -0.458968 0.887967 -0.028443 -0.690390 -0.004639 -0.723411 -0.690390 -0.004639 -0.723411 -0.458968 0.887967 -0.028443 0.672140 0.716849 -0.185278 0.440718 -0.175756 -0.880245 0.440718 -0.175756 -0.880245 0.672140 0.716849 -0.185278 0.690390 0.004639 0.723411 0.458968 -0.887967 0.028443 0.458968 -0.887967 0.028443 0.690390 0.004639 0.723411 -0.440718 0.175756 0.880245 -0.672140 -0.716849 0.185278 0.440718 -0.175756 -0.880245 0.458968 -0.887967 0.028443 0.672140 0.716849 -0.185278 0.690390 0.004639 0.723411 " />
									<TextureCoordinate point="0.0222 0.4579 0.2252 0.4579 0.2252 0.9752 0.0222 0.9752 0.0222 0.4579 0.2252 0.4579 0.2252 0.9752 0.0222 0.9752 0.0222 0.4579 0.2252 0.4579 0.2252 0.9752 0.0222 0.9752 0.0222 0.4579 0.2252 0.4579 0.2252 0.9752 0.0222 0.9752 0.2252 0.4579 0.2252 0.9752 0.0222 0.4579 0.0222 0.9752 " />
								</IndexedTriangleSet>
							</Shape>
						</Group>
					</Transform>
				</Transform>
			</Transform>
			<Transform DEF="tail_TRANSFORM"
			           translation="0.000000 -0.120241 0.117475"
			           scale="1.000000 1.000000 1.000000"
			           rotation="0.000000 1.000000 0.000000 0.000000"
			           >
				<Transform DEF="tail_ifs_TRANSFORM"
				           translation="0.000000 0.000000 0.000000"
				           scale="1.000000 1.000000 1.000000"
				           rotation="0.000000 1.000000 0.000000 0.000000"
				           >
					<Group DEF="group_ME_tail">
						<Shape>
							<Appearance>
								<Material USE="MA_Body" />
							</Appearance>
							<IndexedTriangleSet solid="false"
							                    normalPerVertex="true"
							                    index="0 1 2 0 2 3 4 5 6 4 6 7 8 9 10 8 10 11 12 13 14 12 14 15 4 16 17 4 17 15 18 5 14 18 14 19 "
							                    >
								<Coordinate point="-0.115527 -0.000296 -0.125628 -0.115527 0.000296 0.125628 -0.115527 1.080900 0.123077 -0.115527 1.080307 -0.128178 -0.115527 1.080307 -0.128178 -0.115527 1.080900 0.123077 0.115527 1.080900 0.123077 0.115527 1.080307 -0.128178 0.115527 1.080307 -0.128178 0.115527 1.080900 0.123077 0.115527 0.000296 0.125628 0.115527 -0.000296 -0.125628 0.115527 -0.000296 -0.125628 0.115527 0.000296 0.125628 -0.115527 0.000296 0.125628 -0.115527 -0.000296 -0.125628 0.115527 1.080307 -0.128178 0.115527 -0.000296 -0.125628 0.115527 1.080900 0.123077 0.115527 0.000296 0.125628 " />
								<Normal vector="-0.577349 -0.578692 -0.575976 -0.577349 -0.575976 0.578692 -0.577349 0.578692 0.575976 -0.577349 0.575976 -0.578692 -0.577349 0.575976 -0.578692 -0.577349 0.578692 0.575976 0.577349 0.578692 0.575976 0.577349 0.575976 -0.578692 0.577349 0.575976 -0.578692 0.577349 0.578692 0.575976 0.577349 -0.575976 0.578692 0.577349 -0.578692 -0.575976 0.577349 -0.578692 -0.575976 0.577349 -0.575976 0.578692 -0.577349 -0.575976 0.578692 -0.577349 -0.578692 -0.575976 0.577349 0.575976 -0.578692 0.577349 -0.578692 -0.575976 0.577349 0.578692 0.575976 0.577349 -0.575976 0.578692 " />
								<TextureCoordinate point="0.0222 0.4579 0.2252 0.4579 0.2252 0.9752 0.0222 0.9752 0.0222 0.4579 0.2252 0.4579 0.2252 0.9752 0.0222 0.9752 0.0222 0.4579 0.2252 0.4579 0.2252 0.9752 0.0222 0.9752 0.0222 0.4579 0.2252 0.4579 0.2252 0.9752 0.0222 0.9752 0.2252 0.4579 0.2252 0.9752 0.0222 0.4579 0.0222 0.9752 " />
							</IndexedTriangleSet>
						</Shape>
					</Group>
				</Transform>
				<Transform DEF="tail1_TRANSFORM"
				           translation="0.000000 1.064093 -0.003130"
				           scale="1.000000 1.000000 1.000000"
				           rotation="0.000000 1.000000 0.000000 0.000000"
				           >
					<Transform DEF="tail1_ifs_TRANSFORM"
					           translation="0.000000 0.000000 0.000000"
					           scale="1.000000 1.000000 1.000000"
					           rotation="0.000000 1.000000 0.000000 0.000000"
					           >
						<Group DEF="group_ME_tail1">
							<Shape>
								<Appearance>
									<Material USE="MA_Body" />
								</Appearance>
								<IndexedTriangleSet solid="false"
								                    normalPerVertex="true"
								                    index="0 1 2 0 2 3 4 5 6 4 6 7 8 9 10 8 10 11 12 13 14 12 14 15 4 16 17 4 17 15 18 5 14 18 14 19 "
								                    >
									<Coordinate point="-0.116402 -0.000315 -0.133486 -0.116402 0.000315 0.133486 -0.116402 0.865811 0.131444 -0.116402 0.865181 -0.135529 -0.116402 0.865181 -0.135529 -0.116402 0.865811 0.131444 0.116402 0.865811 0.131444 0.116402 0.865181 -0.135529 0.116402 0.865181 -0.135529 0.116402 0.865811 0.131444 0.116402 0.000315 0.133486 0.116402 -0.000315 -0.133486 0.116402 -0.000315 -0.133486 0.116402 0.000315 0.133486 -0.116402 0.000315 0.133486 -0.116402 -0.000315 -0.133486 0.116402 0.865181 -0.135529 0.116402 -0.000315 -0.133486 0.116402 0.865811 0.131444 0.116402 0.000315 0.133486 " />
									<Normal vector="-0.577349 -0.578692 -0.575976 -0.577349 -0.575976 0.578692 -0.577349 0.578692 0.575976 -0.577349 0.575976 -0.578692 -0.577349 0.575976 -0.578692 -0.577349 0.578692 0.575976 0.577349 0.578692 0.575976 0.577349 0.575976 -0.578692 0.577349 0.575976 -0.578692 0.577349 0.578692 0.575976 0.577349 -0.575976 0.578692 0.577349 -0.578692 -0.575976 0.577349 -0.578692 -0.575976 0.577349 -0.575976 0.578692 -0.577349 -0.575976 0.578692 -0.577349 -0.578692 -0.575976 0.577349 0.575976 -0.578692 0.577349 -0.578692 -0.575976 0.577349 0.578692 0.575976 0.577349 -0.575976 0.578692 " />
									<TextureCoordinate point="0.0222 0.4579 0.2252 0.4579 0.2252 0.9752 0.0222 0.9752 0.0222 0.4579 0.2252 0.4579 0.2252 0.9752 0.0222 0.9752 0.0222 0.4579 0.2252 0.4579 0.2252 0.9752 0.0222 0.9752 0.0222 0.4579 0.2252 0.4579 0.2252 0.9752 0.0222 0.9752 0.2252 0.4579 0.2252 0.9752 0.0222 0.4579 0.0222 0.9752 " />
								</IndexedTriangleSet>
							</Shape>
						</Group>
					</Transform>
					<Transform DEF="tail2_TRANSFORM"
					           translation="0.000000 0.831941 0.003708"
					           scale="1.000000 1.000000 1.000000"
					           rotation="0.000000 1.000000 0.000000 0.000000"
					           >
						<Transform DEF="tail2_ifs_TRANSFORM"
						           translation="0.000000 0.000000 0.000000"
						           scale="1.000000 1.000000 1.000000"
						           rotation="0.000000 1.000000 0.000000 0.000000"
						           >
							<Group DEF="group_ME_tail2">
								<Shape>
									<Appearance>
										<Material USE="MA_Body" />
									</Appearance>
									<IndexedTriangleSet solid="false"
									                    normalPerVertex="true"
									                    index="0 1 2 0 2 3 4 5 6 4 6 7 8 9 10 8 10 11 12 13 14 12 14 15 4 16 17 4 17 15 18 5 14 18 14 19 "
									                    >
										<Coordinate point="-0.107631 -0.033300 -0.132594 -0.110295 -0.060001 0.120454 -0.554306 0.963650 0.223794 -0.551642 0.990351 -0.029254 -0.551642 0.990351 -0.029254 -0.554306 0.963650 0.223794 -0.336380 1.056950 0.235934 -0.333715 1.083652 -0.017115 -0.333715 1.083652 -0.017115 -0.336380 1.056950 0.235934 0.107631 0.033300 0.132594 0.110295 0.060001 -0.120454 0.110295 0.060001 -0.120454 0.107631 0.033300 0.132594 -0.110295 -0.060001 0.120454 -0.107631 -0.033300 -0.132594 -0.333715 1.083652 -0.017115 0.110295 0.060001 -0.120454 -0.336380 1.056950 0.235934 0.107631 0.033300 0.132594 " />
										<Normal vector="-0.295236 -0.693747 -0.656880 -0.307321 -0.814905 0.491348 -0.764855 0.239875 0.597827 -0.752770 0.361034 -0.550401 -0.752770 0.361034 -0.550401 -0.764855 0.239875 0.597827 0.295236 0.693747 0.656880 0.307321 0.814905 -0.491348 0.307321 0.814905 -0.491348 0.295236 0.693747 0.656880 0.752770 -0.361034 0.550401 0.764855 -0.239875 -0.597827 0.764855 -0.239875 -0.597827 0.752770 -0.361034 0.550401 -0.307321 -0.814905 0.491348 -0.295236 -0.693747 -0.656880 0.307321 0.814905 -0.491348 0.764855 -0.239875 -0.597827 0.295236 0.693747 0.656880 0.752770 -0.361034 0.550401 " />
										<TextureCoordinate point="0.0222 0.4579 0.2252 0.4579 0.2252 0.9752 0.0222 0.9752 0.0222 0.4579 0.2252 0.4579 0.2252 0.9752 0.0222 0.9752 0.0222 0.4579 0.2252 0.4579 0.2252 0.9752 0.0222 0.9752 0.0222 0.4579 0.2252 0.4579 0.2252 0.9752 0.0222 0.9752 0.2252 0.4579 0.2252 0.9752 0.0222 0.4579 0.0222 0.9752 " />
									</IndexedTriangleSet>
								</Shape>
							</Group>
						</Transform>
						<Transform DEF="Cube_032_TRANSFORM"
						           translation="-0.429090 0.987045 0.093752"
						           scale="1.000000 1.000000 1.000000"
						           rotation="0.000000 1.000000 0.000000 0.000000"
						           >
							<Transform DEF="Cube_032_ifs_TRANSFORM"
							           translation="0.000000 0.000000 0.000000"
							           scale="1.000000 1.000000 1.000000"
							           rotation="0.000000 1.000000 0.000000 0.000000"
							           >
								<Group DEF="group_ME_Cube_032">
									<Shape>
										<Appearance>
											<Material USE="MA_Body" />
										</Appearance>
										<IndexedTriangleSet solid="false"
										                    normalPerVertex="true"
										                    index="0 1 2 0 2 3 4 5 6 4 6 7 8 9 10 8 10 11 12 13 14 12 14 15 4 16 17 4 17 15 18 5 14 18 14 19 "
										                    >
											<Coordinate point="-0.030386 -0.115275 -0.126739 -0.008274 -0.118925 0.126739 -0.866779 0.022790 0.203668 -0.888890 0.026440 -0.049811 -0.888890 0.026440 -0.049811 -0.866779 0.022790 0.203668 -0.828119 0.256990 0.203668 -0.850230 0.260640 -0.049811 -0.850230 0.260640 -0.049811 -0.828119 0.256990 0.203668 0.030386 0.115275 0.126739 0.008274 0.118925 -0.126739 0.008274 0.118925 -0.126739 0.030386 0.115275 0.126739 -0.008274 -0.118925 0.126739 -0.030386 -0.115275 -0.126739 -0.850230 0.260640 -0.049811 0.008274 0.118925 -0.126739 -0.828119 0.256990 0.203668 0.030386 0.115275 0.126739 " />
											<Normal vector="0.423200 -0.655019 -0.625935 0.523545 -0.671560 0.524247 -0.611286 -0.484237 0.625935 -0.711600 -0.467666 -0.524247 -0.711600 -0.467666 -0.524247 -0.611286 -0.484237 0.625935 -0.423200 0.655019 0.625935 -0.523545 0.671560 -0.524247 -0.523545 0.671560 -0.524247 -0.423200 0.655019 0.625935 0.711600 0.467666 0.524247 0.611286 0.484237 -0.625935 0.611286 0.484237 -0.625935 0.711600 0.467666 0.524247 0.523545 -0.671560 0.524247 0.423200 -0.655019 -0.625935 -0.523545 0.671560 -0.524247 0.611286 0.484237 -0.625935 -0.423200 0.655019 0.625935 0.711600 0.467666 0.524247 " />
											<TextureCoordinate point="0.0222 0.4579 0.2252 0.4579 0.2252 0.9752 0.0222 0.9752 0.0222 0.4579 0.2252 0.4579 0.2252 0.9752 0.0222 0.9752 0.0222 0.4579 0.2252 0.4579 0.2252 0.9752 0.0222 0.9752 0.0222 0.4579 0.2252 0.4579 0.2252 0.9752 0.0222 0.9752 0.2252 0.4579 0.2252 0.9752 0.0222 0.4579 0.0222 0.9752 " />
										</IndexedTriangleSet>
									</Shape>
								</Group>
							</Transform>
							<Transform DEF="Cube_033_TRANSFORM"
							           translation="-0.795465 0.131083 0.061555"
							           scale="1.000000 1.000000 1.000000"
							           rotation="0.000000 1.000000 0.000000 0.000000"
							           >
								<Transform DEF="Cube_033_ifs_TRANSFORM"
								           translation="0.000000 0.000000 0.000000"
								           scale="1.000000 1.000000 1.000000"
								           rotation="0.000000 1.000000 0.000000 0.000000"
								           >
									<Group DEF="group_ME_Cube_033">
										<Shape>
											<Appearance>
												<Material USE="MA_Body" />
											</Appearance>
											<IndexedTriangleSet solid="false"
											                    normalPerVertex="true"
											                    index="0 1 2 0 2 3 4 5 6 4 6 7 8 9 10 8 10 11 12 13 14 12 14 15 4 16 17 4 17 15 18 5 14 18 14 19 "
											                    >
												<Coordinate point="0.038283 -0.113671 -0.126047 0.069199 -0.097970 0.126047 -0.702371 -0.489814 0.245077 -0.733287 -0.505515 -0.007017 -0.733287 -0.505515 -0.007017 -0.702371 -0.489814 0.245077 -0.809853 -0.278173 0.245077 -0.840770 -0.293875 -0.007017 -0.840770 -0.293875 -0.007017 -0.809853 -0.278173 0.245077 -0.038283 0.113671 0.126047 -0.069199 0.097970 -0.126047 -0.069199 0.097970 -0.126047 -0.038283 0.113671 0.126047 0.069199 -0.097970 0.126047 0.038283 -0.113671 -0.126047 -0.840770 -0.293875 -0.007017 -0.069199 0.097970 -0.126047 -0.809853 -0.278173 0.245077 -0.038283 0.113671 0.126047 " />
												<Normal vector="0.701224 -0.291391 -0.650624 0.841517 -0.220130 0.493271 -0.178381 -0.738121 0.650624 -0.318674 -0.809381 -0.493271 -0.318674 -0.809381 -0.493271 -0.178381 -0.738121 0.650624 -0.701224 0.291391 0.650624 -0.841517 0.220130 -0.493271 -0.841517 0.220130 -0.493271 -0.701224 0.291391 0.650624 0.318674 0.809381 0.493271 0.178381 0.738121 -0.650624 0.178381 0.738121 -0.650624 0.318674 0.809381 0.493271 0.841517 -0.220130 0.493271 0.701224 -0.291391 -0.650624 -0.841517 0.220130 -0.493271 0.178381 0.738121 -0.650624 -0.701224 0.291391 0.650624 0.318674 0.809381 0.493271 " />
												<TextureCoordinate point="0.0222 0.4579 0.2252 0.4579 0.2252 0.9752 0.0222 0.9752 0.0222 0.4579 0.2252 0.4579 0.2252 0.9752 0.0222 0.9752 0.0222 0.4579 0.2252 0.4579 0.2252 0.9752 0.0222 0.9752 0.0222 0.4579 0.2252 0.4579 0.2252 0.9752 0.0222 0.9752 0.2252 0.4579 0.2252 0.9752 0.0222 0.4579 0.0222 0.9752 " />
											</IndexedTriangleSet>
										</Shape>
									</Group>
								</Transform>
								<Transform DEF="Cube_034_TRANSFORM"
								           translation="-0.762153 -0.387062 0.116837"
								           scale="1.000000 1.000000 1.000000"
								           rotation="0.000000 1.000000 0.000000 0.000000"
								           >
									<Transform DEF="Cube_034_ifs_TRANSFORM"
									           translation="0.000000 0.000000 0.000000"
									           scale="1.000000 1.000000 1.000000"
									           rotation="0.000000 1.000000 0.000000 0.000000"
									           >
										<Group DEF="group_ME_Cube_034">
											<Shape>
												<Appearance>
													<Material USE="MA_Body" />
												</Appearance>
												<IndexedTriangleSet solid="false"
												                    normalPerVertex="true"
												                    index="0 1 2 0 2 3 4 5 6 4 6 7 8 9 10 8 10 11 12 13 14 12 14 15 4 16 17 4 17 15 18 5 14 18 14 19 "
												                    >
													<Coordinate point="0.116179 -0.029410 -0.126142 0.119353 -0.000058 0.126606 -0.034818 -1.230066 0.271384 -0.037993 -1.259418 0.018636 -0.037993 -1.259418 0.018636 -0.034818 -1.230066 0.271384 -0.270351 -1.200598 0.270920 -0.273525 -1.229950 0.018172 -0.273525 -1.229950 0.018172 -0.270351 -1.200598 0.270920 -0.116179 0.029410 0.126142 -0.119353 0.000058 -0.126606 -0.119353 0.000058 -0.126606 -0.116179 0.029410 0.126142 0.119353 -0.000058 0.126606 0.116179 -0.029410 -0.126142 -0.273525 -1.229950 0.018172 -0.119353 0.000058 -0.126606 -0.270351 -1.200598 0.270920 -0.116179 0.029410 0.126142 " />
													<Normal vector="0.636982 0.430708 -0.639271 0.651387 0.563921 0.507584 0.508744 -0.574053 0.641530 0.494339 -0.707266 -0.505325 0.494339 -0.707266 -0.505325 0.508744 -0.574053 0.641530 -0.636982 -0.430708 0.639271 -0.651387 -0.563921 -0.507584 -0.651387 -0.563921 -0.507584 -0.636982 -0.430708 0.639271 -0.494339 0.707266 0.505325 -0.508744 0.574053 -0.641530 -0.508744 0.574053 -0.641530 -0.494339 0.707266 0.505325 0.651387 0.563921 0.507584 0.636982 0.430708 -0.639271 -0.651387 -0.563921 -0.507584 -0.508744 0.574053 -0.641530 -0.636982 -0.430708 0.639271 -0.494339 0.707266 0.505325 " />
													<TextureCoordinate point="0.0222 0.4579 0.2252 0.4579 0.2252 0.9752 0.0222 0.9752 0.0222 0.4579 0.2252 0.4579 0.2252 0.9752 0.0222 0.9752 0.0222 0.4579 0.2252 0.4579 0.2252 0.9752 0.0222 0.9752 0.0222 0.4579 0.2252 0.4579 0.2252 0.9752 0.0222 0.9752 0.2252 0.4579 0.2252 0.9752 0.0222 0.4579 0.0222 0.9752 " />
												</IndexedTriangleSet>
											</Shape>
										</Group>
									</Transform>
									<Transform DEF="Cube_035_TRANSFORM"
									           translation="-0.143881 -1.154451 0.136309"
									           scale="1.000000 1.000000 1.000000"
									           rotation="0.000000 1.000000 0.000000 0.000000"
									           >
										<Transform DEF="Cube_035_ifs_TRANSFORM"
										           translation="0.000000 0.000000 0.000000"
										           scale="1.000000 1.000000 1.000000"
										           rotation="0.000000 1.000000 0.000000 0.000000"
										           >
											<Group DEF="group_ME_Cube_035">
												<Shape>
													<Appearance>
														<Material USE="MA_Body" />
													</Appearance>
													<IndexedTriangleSet solid="false"
													                    normalPerVertex="true"
													                    index="0 1 2 0 2 3 4 5 6 4 6 7 8 9 10 8 10 11 12 13 14 12 14 15 4 16 17 4 17 15 18 5 14 18 14 19 "
													                    >
														<Coordinate point="0.074410 0.093624 -0.126381 0.053130 0.106570 0.126864 1.100541 -0.561008 0.249005 1.121821 -0.573955 -0.004240 1.121821 -0.573955 -0.004240 1.100541 -0.561008 0.249005 0.973001 -0.761202 0.248523 0.994281 -0.774149 -0.004723 0.994281 -0.774149 -0.004723 0.973001 -0.761202 0.248523 -0.074410 -0.093624 0.126381 -0.053130 -0.106570 -0.126864 -0.053130 -0.106570 -0.126864 -0.074410 -0.093624 0.126381 0.053130 0.106570 0.126864 0.074410 0.093624 -0.126381 0.994281 -0.774149 -0.004723 -0.053130 -0.106570 -0.126864 0.973001 -0.761202 0.248523 -0.074410 -0.093624 0.126381 " />
														<Normal vector="-0.126011 0.766350 -0.629902 -0.222571 0.825098 0.519242 0.746452 0.207465 0.632252 0.843013 0.148717 -0.516892 0.843013 0.148717 -0.516892 0.746452 0.207465 0.632252 0.126011 -0.766350 0.629902 0.222571 -0.825098 -0.519242 0.222571 -0.825098 -0.519242 0.126011 -0.766350 0.629902 -0.843013 -0.148717 0.516892 -0.746452 -0.207465 -0.632252 -0.746452 -0.207465 -0.632252 -0.843013 -0.148717 0.516892 -0.222571 0.825098 0.519242 -0.126011 0.766350 -0.629902 0.222571 -0.825098 -0.519242 -0.746452 -0.207465 -0.632252 0.126011 -0.766350 0.629902 -0.843013 -0.148717 0.516892 " />
														<TextureCoordinate point="0.0222 0.4579 0.2252 0.4579 0.2252 0.9752 0.0222 0.9752 0.0222 0.4579 0.2252 0.4579 0.2252 0.9752 0.0222 0.9752 0.0222 0.4579 0.2252 0.4579 0.2252 0.9752 0.0222 0.9752 0.0222 0.4579 0.2252 0.4579 0.2252 0.9752 0.0222 0.9752 0.2252 0.4579 0.2252 0.9752 0.0222 0.4579 0.0222 0.9752 " />
													</IndexedTriangleSet>
												</Shape>
											</Group>
										</Transform>
									</Transform>
								</Transform>
							</Transform>
						</Transform>
						<Transform DEF="tail3_TRANSFORM"
						           translation="-1.154579 -1.059289 0.529455"
						           scale="1.000000 1.000000 1.000000"
						           rotation="0.000000 1.000000 0.000000 0.000000"
						           >
							<Transform DEF="tail3_ifs_TRANSFORM"
							           translation="0.000000 0.000000 0.000000"
							           scale="1.000000 1.000000 1.000000"
							           rotation="0.000000 1.000000 0.000000 0.000000"
							           >
								<Group DEF="group_ME_tail3">
									<Shape>
										<Appearance>
											<Material USE="MA_Body" />
										</Appearance>
										<IndexedTriangleSet solid="false"
										                    normalPerVertex="true"
										                    index="0 1 2 0 2 3 4 5 6 4 6 7 8 9 10 8 10 11 12 13 14 12 14 15 4 16 17 4 17 15 18 5 14 18 14 19 "
										                    >
											<Coordinate point="-0.036810 0.112846 -0.127221 -0.065687 0.101245 0.125336 1.124535 0.672496 0.287662 1.153411 0.684098 0.035105 1.153411 0.684098 0.035105 1.124535 0.672496 0.287662 1.227032 0.458405 0.289546 1.255908 0.470007 0.036989 1.255908 0.470007 0.036989 1.227032 0.458405 0.289546 0.036810 -0.112846 0.127221 0.065687 -0.101245 -0.125336 0.065687 -0.101245 -0.125336 0.036810 -0.112846 0.127221 -0.065687 0.101245 0.125336 -0.036810 0.112846 -0.127221 1.255908 0.470007 0.036989 0.065687 -0.101245 -0.125336 1.227032 0.458405 0.289546 0.036810 -0.112846 0.127221 " />
											<Normal vector="-0.700369 0.299081 -0.648030 -0.831416 0.246437 0.497971 0.201788 0.742332 0.638874 0.332804 0.794977 -0.507126 0.332804 0.794977 -0.507126 0.201788 0.742332 0.638874 0.700369 -0.299081 0.648030 0.831416 -0.246437 -0.497971 0.831416 -0.246437 -0.497971 0.700369 -0.299081 0.648030 -0.332804 -0.794977 0.507126 -0.201788 -0.742332 -0.638874 -0.201788 -0.742332 -0.638874 -0.332804 -0.794977 0.507126 -0.831416 0.246437 0.497971 -0.700369 0.299081 -0.648030 0.831416 -0.246437 -0.497971 -0.201788 -0.742332 -0.638874 0.700369 -0.299081 0.648030 -0.332804 -0.794977 0.507126 " />
											<TextureCoordinate point="0.0222 0.4579 0.2252 0.4579 0.2252 0.9752 0.0222 0.9752 0.0222 0.4579 0.2252 0.4579 0.2252 0.9752 0.0222 0.9752 0.0222 0.4579 0.2252 0.4579 0.2252 0.9752 0.0222 0.9752 0.0222 0.4579 0.2252 0.4579 0.2252 0.9752 0.0222 0.9752 0.2252 0.4579 0.2252 0.9752 0.0222 0.4579 0.0222 0.9752 " />
										</IndexedTriangleSet>
									</Shape>
								</Group>
							</Transform>
							<Transform DEF="Cube_022_TRANSFORM"
							           translation="1.124177 0.539553 0.153318"
							           scale="1.000000 1.000000 1.000000"
							           rotation="0.000000 1.000000 0.000000 0.000000"
							           >
								<Transform DEF="Cube_022_ifs_TRANSFORM"
								           translation="0.000000 0.000000 0.000000"
								           scale="1.000000 1.000000 1.000000"
								           rotation="0.000000 1.000000 0.000000 0.000000"
								           >
									<Group DEF="group_ME_Cube_037">
										<Shape>
											<Appearance>
												<Material USE="MA_Body" />
											</Appearance>
											<IndexedTriangleSet solid="false"
											                    normalPerVertex="true"
											                    index="0 1 2 0 2 3 4 5 6 4 6 7 8 9 10 8 10 11 12 13 14 12 14 15 4 16 17 4 17 15 18 5 14 18 14 19 "
											                    >
												<Coordinate point="-0.102881 0.005561 -0.140211 -0.132063 -0.022656 0.110998 -0.244784 1.295817 0.246003 -0.215601 1.324035 -0.005205 -0.215601 1.324035 -0.005205 -0.244784 1.295817 0.246003 -0.009840 1.312912 0.275216 0.019342 1.341130 0.024008 0.019342 1.341130 0.024008 -0.009840 1.312912 0.275216 0.102881 -0.005561 0.140211 0.132063 0.022656 -0.110998 0.132063 0.022656 -0.110998 0.102881 -0.005561 0.140211 -0.132063 -0.022656 0.110998 -0.102881 0.005561 -0.140211 0.019342 1.341130 0.024008 0.132063 0.022656 -0.110998 -0.009840 1.312912 0.275216 0.102881 -0.005561 0.140211 " />
												<Normal vector="-0.456313 -0.549821 -0.699606 -0.588733 -0.677877 0.440291 -0.686575 0.466659 0.557482 -0.554155 0.594714 -0.582385 -0.554155 0.594714 -0.582385 -0.686575 0.466659 0.557482 0.456313 0.549821 0.699606 0.588733 0.677877 -0.440291 0.588733 0.677877 -0.440291 0.456313 0.549821 0.699606 0.554155 -0.594714 0.582385 0.686575 -0.466659 -0.557482 0.686575 -0.466659 -0.557482 0.554155 -0.594714 0.582385 -0.588733 -0.677877 0.440291 -0.456313 -0.549821 -0.699606 0.588733 0.677877 -0.440291 0.686575 -0.466659 -0.557482 0.456313 0.549821 0.699606 0.554155 -0.594714 0.582385 " />
												<TextureCoordinate point="0.0222 0.4579 0.2252 0.4579 0.2252 0.9752 0.0222 0.9752 0.0222 0.4579 0.2252 0.4579 0.2252 0.9752 0.0222 0.9752 0.0222 0.4579 0.2252 0.4579 0.2252 0.9752 0.0222 0.9752 0.0222 0.4579 0.2252 0.4579 0.2252 0.9752 0.0222 0.9752 0.2252 0.4579 0.2252 0.9752 0.0222 0.4579 0.0222 0.9752 " />
											</IndexedTriangleSet>
										</Shape>
									</Group>
								</Transform>
							</Transform>
							<Transform DEF="Cube_023_TRANSFORM"
							           translation="1.020157 1.756252 0.277902"
							           scale="1.000000 1.000000 1.000000"
							           rotation="0.000000 1.000000 0.000000 0.000000"
							           >
								<Transform DEF="Cube_023_ifs_TRANSFORM"
								           translation="0.000000 0.000000 0.000000"
								           scale="1.000000 1.000000 1.000000"
								           rotation="0.000000 1.000000 0.000000 0.000000"
								           >
									<Group DEF="group_ME_Cube_038">
										<Shape>
											<Appearance>
												<Material USE="MA_Body" />
											</Appearance>
											<IndexedTriangleSet solid="false"
											                    normalPerVertex="true"
											                    index="0 1 2 0 2 3 4 5 6 4 6 7 8 9 10 8 10 11 12 13 14 12 14 15 4 16 17 4 17 15 18 5 14 18 14 19 "
											                    >
												<Coordinate point="-0.048274 -0.083642 -0.144734 -0.038494 -0.133622 0.104584 -1.275538 0.334119 0.246877 -1.285318 0.384099 -0.002442 -1.285318 0.384099 -0.002442 -1.275538 0.334119 0.246877 -1.188769 0.551383 0.287027 -1.198550 0.601362 0.037708 -1.198550 0.601362 0.037708 -1.188769 0.551383 0.287027 0.048274 0.083642 0.144734 0.038494 0.133622 -0.104584 0.038494 0.133622 -0.104584 0.048274 0.083642 0.144734 -0.038494 -0.133622 0.104584 -0.048274 -0.083642 -0.144734 -1.198550 0.601362 0.037708 0.038494 0.133622 -0.104584 -1.188769 0.551383 0.287027 0.048274 0.083642 0.144734 " />
												<Normal vector="0.303690 -0.618061 -0.725059 0.348064 -0.844844 0.406232 -0.725791 -0.438795 0.529771 -0.770165 -0.212012 -0.601550 -0.770165 -0.212012 -0.601550 -0.725791 -0.438795 0.529771 -0.303690 0.618061 0.725059 -0.348064 0.844844 -0.406232 -0.348064 0.844844 -0.406232 -0.303690 0.618061 0.725059 0.770165 0.212012 0.601550 0.725791 0.438795 -0.529771 0.725791 0.438795 -0.529771 0.770165 0.212012 0.601550 0.348064 -0.844844 0.406232 0.303690 -0.618061 -0.725059 -0.348064 0.844844 -0.406232 0.725791 0.438795 -0.529771 -0.303690 0.618061 0.725059 0.770165 0.212012 0.601550 " />
												<TextureCoordinate point="0.0222 0.4579 0.2252 0.4579 0.2252 0.9752 0.0222 0.9752 0.0222 0.4579 0.2252 0.4579 0.2252 0.9752 0.0222 0.9752 0.0222 0.4579 0.2252 0.4579 0.2252 0.9752 0.0222 0.9752 0.0222 0.4579 0.2252 0.4579 0.2252 0.9752 0.0222 0.9752 0.2252 0.4579 0.2252 0.9752 0.0222 0.4579 0.0222 0.9752 " />
											</IndexedTriangleSet>
										</Shape>
									</Group>
								</Transform>
							</Transform>
							<Transform DEF="Cube_037_TRANSFORM"
							           translation="-0.144783 2.196729 0.411901"
							           scale="1.000000 1.000000 1.000000"
							           rotation="0.000000 1.000000 0.000000 0.000000"
							           >
								<Transform DEF="Cube_037_ifs_TRANSFORM"
								           translation="0.000000 0.000000 0.000000"
								           scale="1.000000 1.000000 1.000000"
								           rotation="0.000000 1.000000 0.000000 0.000000"
								           >
									<Group DEF="group_ME_Cube_039">
										<Shape>
											<Appearance>
												<Material USE="MA_Body" />
											</Appearance>
											<IndexedTriangleSet solid="false"
											                    normalPerVertex="true"
											                    index="0 1 2 0 2 3 4 5 6 4 6 7 8 9 10 8 10 11 12 13 14 12 14 15 4 16 17 4 17 15 18 5 14 18 14 19 "
											                    >
												<Coordinate point="0.056784 -0.079209 -0.144138 0.109884 -0.085129 0.104656 -0.795639 -1.044442 0.275096 -0.848740 -1.038523 0.026302 -0.848740 -1.038523 0.026302 -0.795639 -1.044442 0.275096 -0.962308 -0.880104 0.314579 -1.015408 -0.874185 0.065784 -1.015408 -0.874185 0.065784 -0.962308 -0.880104 0.314579 -0.056784 0.079209 0.144138 -0.109884 0.085129 -0.104656 -0.109884 0.085129 -0.104656 -0.056784 0.079209 0.144138 0.109884 -0.085129 0.104656 0.056784 -0.079209 -0.144138 -1.015408 -0.874185 0.065784 -0.109884 0.085129 -0.104656 -0.962308 -0.880104 0.314579 -0.056784 0.079209 0.144138 " />
												<Normal vector="0.677938 0.030091 -0.734489 0.918882 0.003235 0.394452 0.132817 -0.829524 0.542405 -0.108127 -0.802667 -0.586505 -0.108127 -0.802667 -0.586505 0.132817 -0.829524 0.542405 -0.677938 -0.030091 0.734489 -0.918882 -0.003235 -0.394452 -0.918882 -0.003235 -0.394452 -0.677938 -0.030091 0.734489 0.108127 0.802667 0.586505 -0.132817 0.829524 -0.542405 -0.132817 0.829524 -0.542405 0.108127 0.802667 0.586505 0.918882 0.003235 0.394452 0.677938 0.030091 -0.734489 -0.918882 -0.003235 -0.394452 -0.132817 0.829524 -0.542405 -0.677938 -0.030091 0.734489 0.108127 0.802667 0.586505 " />
												<TextureCoordinate point="0.0222 0.4579 0.2252 0.4579 0.2252 0.9752 0.0222 0.9752 0.0222 0.4579 0.2252 0.4579 0.2252 0.9752 0.0222 0.9752 0.0222 0.4579 0.2252 0.4579 0.2252 0.9752 0.0222 0.9752 0.0222 0.4579 0.2252 0.4579 0.2252 0.9752 0.0222 0.9752 0.2252 0.4579 0.2252 0.9752 0.0222 0.4579 0.0222 0.9752 " />
											</IndexedTriangleSet>
										</Shape>
									</Group>
								</Transform>
								<Transform DEF="Cube_038_TRANSFORM"
								           translation="-0.856660 -0.907547 0.161243"
								           scale="1.000000 1.000000 1.000000"
								           rotation="0.000000 1.000000 0.000000 0.000000"
								           >
									<Transform DEF="Cube_038_ifs_TRANSFORM"
									           translation="0.000000 0.000000 0.000000"
									           scale="1.000000 1.000000 1.000000"
									           rotation="0.000000 1.000000 0.000000 0.000000"
									           >
										<Group DEF="group_ME_Cube_040">
											<Shape>
												<Appearance>
													<Material USE="MA_Body" />
												</Appearance>
												<IndexedTriangleSet solid="false"
												                    normalPerVertex="true"
												                    index="0 1 2 0 2 3 4 5 6 4 6 7 8 9 10 8 10 11 12 13 14 12 14 15 4 16 17 4 17 15 18 5 14 18 14 19 "
												                    >
													<Coordinate point="0.092958 0.016716 -0.146129 0.125199 0.065516 0.101525 0.621599 -1.155916 0.277583 0.589358 -1.204716 0.029929 0.589358 -1.204716 0.029929 0.621599 -1.155916 0.277583 0.403442 -1.238148 0.322187 0.371201 -1.286948 0.074533 0.371201 -1.286948 0.074533 0.403442 -1.238148 0.322187 -0.092958 -0.016716 0.146129 -0.125199 -0.065516 -0.101525 -0.125199 -0.065516 -0.101525 -0.092958 -0.016716 0.146129 0.125199 0.065516 0.101525 0.092958 0.016716 -0.146129 0.371201 -1.286948 0.074533 -0.125199 -0.065516 -0.101525 0.403442 -1.238148 0.322187 -0.092958 -0.016716 0.146129 " />
													<Normal vector="0.241981 0.619434 -0.746788 0.388287 0.840877 0.376965 0.819208 -0.219428 0.529801 0.672903 -0.440840 -0.593951 0.672903 -0.440840 -0.593951 0.819208 -0.219428 0.529801 -0.241981 -0.619434 0.746788 -0.388287 -0.840877 -0.376965 -0.388287 -0.840877 -0.376965 -0.241981 -0.619434 0.746788 -0.672903 0.440840 0.593951 -0.819208 0.219428 -0.529801 -0.819208 0.219428 -0.529801 -0.672903 0.440840 0.593951 0.388287 0.840877 0.376965 0.241981 0.619434 -0.746788 -0.388287 -0.840877 -0.376965 -0.819208 0.219428 -0.529801 -0.241981 -0.619434 0.746788 -0.672903 0.440840 0.593951 " />
													<TextureCoordinate point="0.0222 0.4579 0.2252 0.4579 0.2252 0.9752 0.0222 0.9752 0.0222 0.4579 0.2252 0.4579 0.2252 0.9752 0.0222 0.9752 0.0222 0.4579 0.2252 0.4579 0.2252 0.9752 0.0222 0.9752 0.0222 0.4579 0.2252 0.4579 0.2252 0.9752 0.0222 0.9752 0.2252 0.4579 0.2252 0.9752 0.0222 0.4579 0.0222 0.9752 " />
												</IndexedTriangleSet>
											</Shape>
										</Group>
									</Transform>
									<Transform DEF="Cube_039_TRANSFORM"
									           translation="0.454053 -1.117234 0.161039"
									           scale="1.000000 1.000000 1.000000"
									           rotation="0.000000 1.000000 0.000000 0.000000"
									           >
										<Transform DEF="Cube_039_ifs_TRANSFORM"
										           translation="0.000000 0.000000 0.000000"
										           scale="1.000000 1.000000 1.000000"
										           rotation="0.000000 1.000000 0.000000 0.000000"
										           >
											<Group DEF="group_ME_Cube_041">
												<Shape>
													<Appearance>
														<Material USE="MA_Body" />
													</Appearance>
													<IndexedTriangleSet solid="false"
													                    normalPerVertex="true"
													                    index="0 1 2 0 2 3 4 5 6 4 6 7 8 9 10 8 10 11 12 13 14 12 14 15 4 16 17 4 17 15 18 5 14 18 14 19 "
													                    >
														<Coordinate point="0.019039 0.088913 -0.148346 0.002884 0.142425 0.099906 1.324657 0.039803 0.208041 1.340812 -0.013709 -0.040211 1.340812 -0.013709 -0.040211 1.324657 0.039803 0.208041 1.302733 -0.191535 0.256480 1.318888 -0.245047 0.008228 1.318888 -0.245047 0.008228 1.302733 -0.191535 0.256480 -0.019039 -0.088913 0.148346 -0.002884 -0.142425 -0.099906 -0.002884 -0.142425 -0.099906 -0.019039 -0.088913 0.148346 0.002884 0.142425 0.099906 0.019039 0.088913 -0.148346 1.318888 -0.245047 0.008228 -0.002884 -0.142425 -0.099906 1.302733 -0.191535 0.256480 -0.019039 -0.088913 0.148346 " />
														<Normal vector="-0.483718 0.485794 -0.727989 -0.557024 0.728629 0.398480 0.590381 0.639546 0.492355 0.663686 0.396710 -0.634114 0.663686 0.396710 -0.634114 0.590381 0.639546 0.492355 0.483718 -0.485794 0.727989 0.557024 -0.728629 -0.398480 0.557024 -0.728629 -0.398480 0.483718 -0.485794 0.727989 -0.663686 -0.396710 0.634114 -0.590381 -0.639546 -0.492355 -0.590381 -0.639546 -0.492355 -0.663686 -0.396710 0.634114 -0.557024 0.728629 0.398480 -0.483718 0.485794 -0.727989 0.557024 -0.728629 -0.398480 -0.590381 -0.639546 -0.492355 0.483718 -0.485794 0.727989 -0.663686 -0.396710 0.634114 " />
														<TextureCoordinate point="0.0222 0.4579 0.2252 0.4579 0.2252 0.9752 0.0222 0.9752 0.0222 0.4579 0.2252 0.4579 0.2252 0.9752 0.0222 0.9752 0.0222 0.4579 0.2252 0.4579 0.2252 0.9752 0.0222 0.9752 0.0222 0.4579 0.2252 0.4579 0.2252 0.9752 0.0222 0.9752 0.2252 0.4579 0.2252 0.9752 0.0222 0.4579 0.0222 0.9752 " />
													</IndexedTriangleSet>
												</Shape>
											</Group>
										</Transform>
									</Transform>
								</Transform>
							</Transform>
							<Transform DEF="tail4_TRANSFORM"
							           translation="0.639961 0.079762 0.831321"
							           scale="1.000000 1.000000 1.000000"
							           rotation="0.000000 1.000000 0.000000 0.000000"
							           >
								<Transform DEF="tail4_ifs_TRANSFORM"
								           translation="0.000000 0.000000 0.000000"
								           scale="1.000000 1.000000 1.000000"
								           rotation="0.000000 1.000000 0.000000 0.000000"
								           >
									<Group DEF="group_ME_tail4">
										<Shape>
											<Appearance>
												<Material USE="MA_Body" />
											</Appearance>
											<IndexedTriangleSet solid="false"
											                    normalPerVertex="true"
											                    index="0 1 2 0 2 3 4 5 6 4 6 7 8 9 10 8 10 11 12 13 14 12 14 15 4 16 17 4 17 15 18 5 14 18 14 19 "
											                    >
												<Coordinate point="-0.101789 0.073834 -0.120258 -0.104790 0.042465 0.132250 0.550181 1.190376 0.282639 0.553182 1.221745 0.030131 0.553182 1.221745 0.030131 0.550181 1.190376 0.282639 0.756761 1.074078 0.270647 0.759762 1.105447 0.018139 0.759762 1.105447 0.018139 0.756761 1.074078 0.270647 0.101789 -0.073834 0.120258 0.104790 -0.042465 -0.132250 0.104790 -0.042465 -0.132250 0.101789 -0.073834 0.120258 -0.104790 0.042465 0.132250 -0.101789 0.073834 -0.120258 0.759762 1.105447 0.018139 0.104790 -0.042465 -0.132250 0.756761 1.074078 0.270647 0.101789 -0.073834 0.120258 " />
												<Normal vector="-0.779931 -0.144200 -0.608997 -0.793542 -0.286538 0.536790 -0.224952 0.709922 0.667348 -0.211341 0.852290 -0.478439 -0.211341 0.852290 -0.478439 -0.224952 0.709922 0.667348 0.779931 0.144200 0.608997 0.793542 0.286538 -0.536790 0.793542 0.286538 -0.536790 0.779931 0.144200 0.608997 0.211341 -0.852290 0.478439 0.224952 -0.709922 -0.667348 0.224952 -0.709922 -0.667348 0.211341 -0.852290 0.478439 -0.793542 -0.286538 0.536790 -0.779931 -0.144200 -0.608997 0.793542 0.286538 -0.536790 0.224952 -0.709922 -0.667348 0.779931 0.144200 0.608997 0.211341 -0.852290 0.478439 " />
												<TextureCoordinate point="0.0222 0.4579 0.2252 0.4579 0.2252 0.9752 0.0222 0.9752 0.0222 0.4579 0.2252 0.4579 0.2252 0.9752 0.0222 0.9752 0.0222 0.4579 0.2252 0.4579 0.2252 0.9752 0.0222 0.9752 0.0222 0.4579 0.2252 0.4579 0.2252 0.9752 0.0222 0.9752 0.2252 0.4579 0.2252 0.9752 0.0222 0.4579 0.0222 0.9752 " />
											</IndexedTriangleSet>
										</Shape>
									</Group>
								</Transform>
								<Transform DEF="Cube_041_TRANSFORM"
								           translation="0.582214 1.020396 0.133683"
								           scale="1.000000 1.000000 1.000000"
								           rotation="0.000000 1.000000 0.000000 0.000000"
								           >
									<Transform DEF="Cube_041_ifs_TRANSFORM"
									           translation="0.000000 0.000000 0.000000"
									           scale="1.000000 1.000000 1.000000"
									           rotation="0.000000 1.000000 0.000000 0.000000"
									           >
										<Group DEF="group_ME_Cube_043">
											<Shape>
												<Appearance>
													<Material USE="MA_Body" />
												</Appearance>
												<IndexedTriangleSet solid="false"
												                    normalPerVertex="true"
												                    index="0 1 2 0 2 3 4 5 6 4 6 7 8 9 10 8 10 11 12 13 14 12 14 15 4 16 17 4 17 15 18 5 14 18 14 19 "
												                    >
													<Coordinate point="-0.099682 -0.045717 -0.135085 -0.102683 -0.077086 0.117424 -0.797745 1.049349 0.249099 -0.794744 1.080718 -0.003409 -0.794744 1.080718 -0.003409 -0.797745 1.049349 0.249099 -0.595380 1.172153 0.266760 -0.592379 1.203522 0.014252 -0.592379 1.203522 0.014252 -0.595380 1.172153 0.266760 0.099682 0.045717 0.135085 0.102683 0.077086 -0.117424 0.102683 0.077086 -0.117424 0.099682 0.045717 0.135085 -0.102683 -0.077086 0.117424 -0.099682 -0.045717 -0.135085 -0.592379 1.203522 0.014252 0.102683 0.077086 -0.117424 -0.595380 1.172153 0.266760 0.099682 0.045717 0.135085 " />
													<Normal vector="-0.183691 -0.716422 -0.672994 -0.197302 -0.858791 0.472793 -0.800684 0.119053 0.587085 -0.787072 0.261391 -0.558702 -0.787072 0.261391 -0.558702 -0.800684 0.119053 0.587085 0.183691 0.716422 0.672994 0.197302 0.858791 -0.472793 0.197302 0.858791 -0.472793 0.183691 0.716422 0.672994 0.787072 -0.261391 0.558702 0.800684 -0.119053 -0.587085 0.800684 -0.119053 -0.587085 0.787072 -0.261391 0.558702 -0.197302 -0.858791 0.472793 -0.183691 -0.716422 -0.672994 0.197302 0.858791 -0.472793 0.800684 -0.119053 -0.587085 0.183691 0.716422 0.672994 0.787072 -0.261391 0.558702 " />
													<TextureCoordinate point="0.0222 0.4579 0.2252 0.4579 0.2252 0.9752 0.0222 0.9752 0.0222 0.4579 0.2252 0.4579 0.2252 0.9752 0.0222 0.9752 0.0222 0.4579 0.2252 0.4579 0.2252 0.9752 0.0222 0.9752 0.0222 0.4579 0.2252 0.4579 0.2252 0.9752 0.0222 0.9752 0.2252 0.4579 0.2252 0.9752 0.0222 0.4579 0.0222 0.9752 " />
												</IndexedTriangleSet>
											</Shape>
										</Group>
									</Transform>
									<Transform DEF="Cube_042_TRANSFORM"
									           translation="-0.662576 1.073788 0.125521"
									           scale="1.000000 1.000000 1.000000"
									           rotation="0.000000 1.000000 0.000000 0.000000"
									           >
										<Transform DEF="Cube_042_ifs_TRANSFORM"
										           translation="0.000000 0.000000 0.000000"
										           scale="1.000000 1.000000 1.000000"
										           rotation="0.000000 1.000000 0.000000 0.000000"
										           >
											<Group DEF="group_ME_Cube_044">
												<Shape>
													<Appearance>
														<Material USE="MA_Body" />
													</Appearance>
													<IndexedTriangleSet solid="false"
													                    normalPerVertex="true"
													                    index="0 1 2 0 2 3 4 5 6 4 6 7 8 9 10 8 10 11 12 13 14 12 14 15 4 16 17 4 17 15 18 5 14 18 14 19 "
													                    >
														<Coordinate point="0.003291 -0.104124 -0.139362 0.041524 -0.127263 0.111150 -1.310151 -0.411010 0.291233 -1.348385 -0.387870 0.040721 -1.348385 -0.387870 0.040721 -1.310151 -0.411010 0.291233 -1.354966 -0.179623 0.319446 -1.393199 -0.156483 0.068934 -1.393199 -0.156483 0.068934 -1.354966 -0.179623 0.319446 -0.003291 0.104124 0.139362 -0.041524 0.127263 -0.111150 -0.041524 0.127263 -0.111150 -0.003291 0.104124 0.139362 0.041524 -0.127263 0.111150 0.003291 -0.104124 -0.139362 -1.393199 -0.156483 0.068934 -0.041524 0.127263 -0.111150 -1.354966 -0.179623 0.319446 -0.003291 0.104124 0.139362 " />
														<Normal vector="0.582537 -0.392682 -0.711631 0.756035 -0.497665 0.425092 -0.364544 -0.732902 0.574389 -0.538011 -0.627888 -0.562334 -0.538011 -0.627888 -0.562334 -0.364544 -0.732902 0.574389 -0.582537 0.392682 0.711631 -0.756035 0.497665 -0.425092 -0.756035 0.497665 -0.425092 -0.582537 0.392682 0.711631 0.538011 0.627888 0.562334 0.364544 0.732902 -0.574389 0.364544 0.732902 -0.574389 0.538011 0.627888 0.562334 0.756035 -0.497665 0.425092 0.582537 -0.392682 -0.711631 -0.756035 0.497665 -0.425092 0.364544 0.732902 -0.574389 -0.582537 0.392682 0.711631 0.538011 0.627888 0.562334 " />
														<TextureCoordinate point="0.0222 0.4579 0.2252 0.4579 0.2252 0.9752 0.0222 0.9752 0.0222 0.4579 0.2252 0.4579 0.2252 0.9752 0.0222 0.9752 0.0222 0.4579 0.2252 0.4579 0.2252 0.9752 0.0222 0.9752 0.0222 0.4579 0.2252 0.4579 0.2252 0.9752 0.0222 0.9752 0.2252 0.4579 0.2252 0.9752 0.0222 0.4579 0.0222 0.9752 " />
													</IndexedTriangleSet>
												</Shape>
											</Group>
										</Transform>
										<Transform DEF="Cube_043_TRANSFORM"
										           translation="-1.275223 -0.267697 0.169898"
										           scale="1.000000 1.000000 1.000000"
										           rotation="0.000000 1.000000 0.000000 0.000000"
										           >
											<Transform DEF="Cube_043_ifs_TRANSFORM"
											           translation="0.000000 0.000000 0.000000"
											           scale="1.000000 1.000000 1.000000"
											           rotation="0.000000 1.000000 0.000000 0.000000"
											           >
												<Group DEF="group_ME_Cube_045">
													<Shape>
														<Appearance>
															<Material USE="MA_Body" />
														</Appearance>
														<IndexedTriangleSet solid="false"
														                    normalPerVertex="true"
														                    index="0 1 2 0 2 3 4 5 6 4 6 7 8 9 10 8 10 11 12 13 14 12 14 15 4 16 17 4 17 15 18 5 14 18 14 19 "
														                    >
															<Coordinate point="0.119793 -0.034080 -0.152435 0.171732 -0.010876 0.095592 -0.007403 -1.382148 0.261394 -0.059343 -1.405352 0.013367 -0.059343 -1.405352 0.013367 -0.007403 -1.382148 0.261394 -0.298928 -1.337192 0.318236 -0.350868 -1.360396 0.070209 -0.350868 -1.360396 0.070209 -0.298928 -1.337192 0.318236 -0.119793 0.034080 0.152435 -0.171732 0.010876 -0.095592 -0.171732 0.010876 -0.095592 -0.119793 0.034080 0.152435 0.171732 -0.010876 0.095592 0.119793 -0.034080 -0.152435 -0.350868 -1.360396 0.070209 -0.171732 0.010876 -0.095592 -0.298928 -1.337192 0.318236 -0.119793 0.034080 0.152435 " />
															<Normal vector="0.516678 0.429365 -0.740715 0.752373 0.534654 0.384747 0.603870 -0.602161 0.522202 0.368175 -0.707450 -0.603259 0.368175 -0.707450 -0.603259 0.603870 -0.602161 0.522202 -0.516678 -0.429365 0.740715 -0.752373 -0.534654 -0.384747 -0.752373 -0.534654 -0.384747 -0.516678 -0.429365 0.740715 -0.368175 0.707450 0.603259 -0.603870 0.602161 -0.522202 -0.603870 0.602161 -0.522202 -0.368175 0.707450 0.603259 0.752373 0.534654 0.384747 0.516678 0.429365 -0.740715 -0.752373 -0.534654 -0.384747 -0.603870 0.602161 -0.522202 -0.516678 -0.429365 0.740715 -0.368175 0.707450 0.603259 " />
															<TextureCoordinate point="0.0222 0.4579 0.2252 0.4579 0.2252 0.9752 0.0222 0.9752 0.0222 0.4579 0.2252 0.4579 0.2252 0.9752 0.0222 0.9752 0.0222 0.4579 0.2252 0.4579 0.2252 0.9752 0.0222 0.9752 0.0222 0.4579 0.2252 0.4579 0.2252 0.9752 0.0222 0.9752 0.2252 0.4579 0.2252 0.9752 0.0222 0.4579 0.0222 0.9752 " />
														</IndexedTriangleSet>
													</Shape>
												</Group>
											</Transform>
										</Transform>
									</Transform>
								</Transform>
								<Transform DEF="tail5_TRANSFORM"
								           translation="-1.528222 0.504958 0.588889"
								           scale="1.000000 1.000000 1.000000"
								           rotation="0.000000 1.000000 0.000000 0.000000"
								           >
									<Transform DEF="tail5_ifs_TRANSFORM"
									           translation="0.000000 0.000000 0.000000"
									           scale="1.000000 1.000000 1.000000"
									           rotation="0.000000 1.000000 0.000000 0.000000"
									           >
										<Group DEF="group_ME_tail5">
											<Shape>
												<Appearance>
													<Material USE="MA_Body" />
												</Appearance>
												<IndexedTriangleSet solid="false"
												                    normalPerVertex="true"
												                    index="0 1 2 0 2 3 4 5 6 4 6 7 8 9 10 8 10 11 12 13 14 12 14 15 4 16 17 4 17 15 18 5 14 18 14 19 "
												                    >
													<Coordinate point="0.078992 0.096501 -0.152302 0.079067 0.152646 0.095894 1.263502 -0.562230 0.257247 1.263426 -0.618374 0.009051 1.263426 -0.618374 0.009051 1.263502 -0.562230 0.257247 1.105443 -0.811377 0.313655 1.105367 -0.867521 0.065459 1.105367 -0.867521 0.065459 1.105443 -0.811377 0.313655 -0.078992 -0.096501 0.152302 -0.079067 -0.152646 -0.095894 -0.079067 -0.152646 -0.095894 -0.078992 -0.096501 0.152302 0.079067 0.152646 0.095894 0.078992 0.096501 -0.152302 1.105367 -0.867521 0.065459 -0.079067 -0.152646 -0.095894 1.105443 -0.811377 0.313655 -0.078992 -0.096501 0.152302 " />
													<Normal vector="-0.187353 0.647786 -0.738395 -0.186987 0.902554 0.387799 0.794916 0.309885 0.521561 0.794549 0.055116 -0.604633 0.794549 0.055116 -0.604633 0.794916 0.309885 0.521561 0.187353 -0.647786 0.738395 0.186987 -0.902554 -0.387799 0.186987 -0.902554 -0.387799 0.187353 -0.647786 0.738395 -0.794549 -0.055116 0.604633 -0.794916 -0.309885 -0.521561 -0.794916 -0.309885 -0.521561 -0.794549 -0.055116 0.604633 -0.186987 0.902554 0.387799 -0.187353 0.647786 -0.738395 0.186987 -0.902554 -0.387799 -0.794916 -0.309885 -0.521561 0.187353 -0.647786 0.738395 -0.794549 -0.055116 0.604633 " />
													<TextureCoordinate point="0.0222 0.4579 0.2252 0.4579 0.2252 0.9752 0.0222 0.9752 0.0222 0.4579 0.2252 0.4579 0.2252 0.9752 0.0222 0.9752 0.0222 0.4579 0.2252 0.4579 0.2252 0.9752 0.0222 0.9752 0.0222 0.4579 0.2252 0.4579 0.2252 0.9752 0.0222 0.9752 0.2252 0.4579 0.2252 0.9752 0.0222 0.4579 0.0222 0.9752 " />
												</IndexedTriangleSet>
											</Shape>
										</Group>
									</Transform>
									<Transform DEF="Cube_045_TRANSFORM"
									           translation="1.085449 -0.655132 0.147868"
									           scale="1.000000 1.000000 1.000000"
									           rotation="0.000000 1.000000 0.000000 0.000000"
									           >
										<Transform DEF="Cube_045_ifs_TRANSFORM"
										           translation="0.000000 0.000000 0.000000"
										           scale="1.000000 1.000000 1.000000"
										           rotation="0.000000 1.000000 0.000000 0.000000"
										           >
											<Group DEF="group_ME_Cube_047">
												<Shape>
													<Appearance>
														<Material USE="MA_Body" />
													</Appearance>
													<IndexedTriangleSet solid="false"
													                    normalPerVertex="true"
													                    index="0 1 2 0 2 3 4 5 6 4 6 7 8 9 10 8 10 11 12 13 14 12 14 15 4 16 17 4 17 15 18 5 14 18 14 19 "
													                    >
														<Coordinate point="-0.069543 0.112795 -0.131857 -0.095900 0.118410 0.108294 0.731635 0.718393 0.185090 0.757992 0.712778 -0.055061 0.757992 0.712778 -0.055061 0.731635 0.718393 0.185090 0.897078 0.487187 0.208653 0.923435 0.481572 -0.031497 0.923435 0.481572 -0.031497 0.897078 0.487187 0.208653 0.069543 -0.112795 0.131857 0.095900 -0.118410 -0.108294 0.095900 -0.118410 -0.108294 0.069543 -0.112795 0.131857 -0.095900 0.118410 0.108294 -0.069543 0.112795 -0.131857 0.923435 0.481572 -0.031497 0.095900 -0.118410 -0.108294 0.897078 0.487187 0.208653 0.069543 -0.112795 0.131857 " />
														<Normal vector="-0.737938 0.116550 -0.664693 -0.863887 0.143376 0.482803 0.068300 0.819269 0.569292 0.194250 0.792444 -0.578173 0.194250 0.792444 -0.578173 0.068300 0.819269 0.569292 0.737938 -0.116550 0.664693 0.863887 -0.143376 -0.482803 0.863887 -0.143376 -0.482803 0.737938 -0.116550 0.664693 -0.194250 -0.792444 0.578173 -0.068300 -0.819269 -0.569292 -0.068300 -0.819269 -0.569292 -0.194250 -0.792444 0.578173 -0.863887 0.143376 0.482803 -0.737938 0.116550 -0.664693 0.863887 -0.143376 -0.482803 -0.068300 -0.819269 -0.569292 0.737938 -0.116550 0.664693 -0.194250 -0.792444 0.578173 " />
														<TextureCoordinate point="0.0222 0.4579 0.2252 0.4579 0.2252 0.9752 0.0222 0.9752 0.0222 0.4579 0.2252 0.4579 0.2252 0.9752 0.0222 0.9752 0.0222 0.4579 0.2252 0.4579 0.2252 0.9752 0.0222 0.9752 0.0222 0.4579 0.2252 0.4579 0.2252 0.9752 0.0222 0.9752 0.2252 0.4579 0.2252 0.9752 0.0222 0.4579 0.0222 0.9752 " />
													</IndexedTriangleSet>
												</Shape>
											</Group>
										</Transform>
										<Transform DEF="Cube_046_TRANSFORM"
										           translation="0.798638 0.579031 0.074114"
										           scale="1.000000 1.000000 1.000000"
										           rotation="0.000000 1.000000 0.000000 0.000000"
										           >
											<Transform DEF="Cube_046_ifs_TRANSFORM"
											           translation="0.000000 0.000000 0.000000"
											           scale="1.000000 1.000000 1.000000"
											           rotation="0.000000 1.000000 0.000000 0.000000"
											           >
												<Group DEF="group_ME_Cube_048">
													<Shape>
														<Appearance>
															<Material USE="MA_Body" />
														</Appearance>
														<IndexedTriangleSet solid="false"
														                    normalPerVertex="true"
														                    index="0 1 2 0 2 3 4 5 6 4 6 7 8 9 10 8 10 11 12 13 14 12 14 15 4 16 17 4 17 15 18 5 14 18 14 19 "
														                    >
															<Coordinate point="-0.121602 0.045097 -0.134627 -0.155359 0.015425 0.102815 -0.042629 0.576594 0.188969 -0.008872 0.606266 -0.048473 -0.008872 0.606266 -0.048473 -0.042629 0.576594 0.188969 0.234333 0.516072 0.220781 0.268090 0.545745 -0.016660 0.268090 0.545745 -0.016660 0.234333 0.516072 0.220781 0.121602 -0.045097 0.134627 0.155359 -0.015425 -0.102815 0.155359 -0.015425 -0.102815 0.121602 -0.045097 0.134627 -0.155359 0.015425 0.102815 -0.121602 0.045097 -0.134627 0.268090 0.545745 -0.016660 0.155359 -0.015425 -0.102815 0.234333 0.516072 0.220781 0.121602 -0.045097 0.134627 " />
															<Normal vector="-0.592303 -0.366344 -0.717582 -0.753594 -0.508133 0.416944 -0.528703 0.611316 0.588824 -0.367412 0.753105 -0.545701 -0.367412 0.753105 -0.545701 -0.528703 0.611316 0.588824 0.592303 0.366344 0.717582 0.753594 0.508133 -0.416944 0.753594 0.508133 -0.416944 0.592303 0.366344 0.717582 0.367412 -0.753105 0.545701 0.528703 -0.611316 -0.588824 0.528703 -0.611316 -0.588824 0.367412 -0.753105 0.545701 -0.753594 -0.508133 0.416944 -0.592303 -0.366344 -0.717582 0.753594 0.508133 -0.416944 0.528703 -0.611316 -0.588824 0.592303 0.366344 0.717582 0.367412 -0.753105 0.545701 " />
															<TextureCoordinate point="0.0222 0.4579 0.2252 0.4579 0.2252 0.9752 0.0222 0.9752 0.0222 0.4579 0.2252 0.4579 0.2252 0.9752 0.0222 0.9752 0.0222 0.4579 0.2252 0.4579 0.2252 0.9752 0.0222 0.9752 0.0222 0.4579 0.2252 0.4579 0.2252 0.9752 0.0222 0.9752 0.2252 0.4579 0.2252 0.9752 0.0222 0.4579 0.0222 0.9752 " />
														</IndexedTriangleSet>
													</Shape>
												</Group>
											</Transform>
										</Transform>
									</Transform>
									<Transform DEF="tail6_TRANSFORM"
									           translation="1.957571 0.314726 0.337244"
									           scale="1.000000 1.000000 1.000000"
									           rotation="0.000000 1.000000 0.000000 0.000000"
									           >
										<Transform DEF="tail6_ifs_TRANSFORM"
										           translation="0.000000 0.000000 0.000000"
										           scale="1.000000 1.000000 1.000000"
										           rotation="0.000000 1.000000 0.000000 0.000000"
										           >
											<Group DEF="group_ME_tail6">
												<Shape>
													<Appearance>
														<Material USE="MA_Body" />
													</Appearance>
													<IndexedTriangleSet solid="false"
													                    normalPerVertex="true"
													                    index="0 1 2 0 2 3 4 5 6 4 6 7 8 9 10 8 10 11 12 13 14 12 14 15 4 16 17 4 17 15 18 5 14 18 14 19 "
													                    >
														<Coordinate point="-0.234283 0.051368 -0.236534 -0.239805 -0.004554 0.236534 -0.193318 0.466225 0.292728 -0.187796 0.522147 -0.180340 -0.187796 0.522147 -0.180340 -0.193318 0.466225 0.292728 0.280771 0.419411 0.292728 0.286293 0.475333 -0.180340 0.286293 0.475333 -0.180340 0.280771 0.419411 0.292728 0.234283 -0.051368 0.236534 0.239805 0.004554 -0.236534 0.239805 0.004554 -0.236534 0.234283 -0.051368 0.236534 -0.239805 -0.004554 0.236534 -0.234283 0.051368 -0.236534 0.286293 0.475333 -0.180340 0.239805 0.004554 -0.236534 0.280771 0.419411 0.292728 0.234283 -0.051368 0.236534 " />
														<Normal vector="-0.624195 -0.446028 -0.641407 -0.637562 -0.581561 0.505203 -0.524888 0.559496 0.641407 -0.511521 0.695029 -0.505203 -0.511521 0.695029 -0.505203 -0.524888 0.559496 0.641407 0.624195 0.446028 0.641407 0.637562 0.581561 -0.505203 0.637562 0.581561 -0.505203 0.624195 0.446028 0.641407 0.511521 -0.695029 0.505203 0.524888 -0.559496 -0.641407 0.524888 -0.559496 -0.641407 0.511521 -0.695029 0.505203 -0.637562 -0.581561 0.505203 -0.624195 -0.446028 -0.641407 0.637562 0.581561 -0.505203 0.524888 -0.559496 -0.641407 0.624195 0.446028 0.641407 0.511521 -0.695029 0.505203 " />
														<TextureCoordinate point="0.2681 0.4579 0.4818 0.4579 0.4818 0.9752 0.2681 0.9752 0.2681 0.4579 0.4818 0.4579 0.4818 0.9752 0.2681 0.9752 0.2681 0.4579 0.4818 0.4579 0.4818 0.9752 0.2681 0.9752 0.2681 0.4579 0.4818 0.4579 0.4818 0.9752 0.2681 0.9752 0.4818 0.4579 0.4818 0.9752 0.2681 0.4579 0.2681 0.9752 " />
													</IndexedTriangleSet>
												</Shape>
											</Group>
										</Transform>
										<Transform DEF="Cube_029_TRANSFORM"
										           translation="0.037256 0.377287 0.045034"
										           scale="1.000000 1.000000 1.000000"
										           rotation="0.000000 1.000000 0.000000 0.000000"
										           >
											<Transform DEF="Cube_029_ifs_TRANSFORM"
											           translation="0.000000 0.000000 0.000000"
											           scale="1.000000 1.000000 1.000000"
											           rotation="0.000000 1.000000 0.000000 0.000000"
											           >
												<Group DEF="group_ME_Cube_050">
													<Shape>
														<Appearance>
															<Material USE="MA_Body" />
														</Appearance>
														<IndexedTriangleSet solid="false"
														                    normalPerVertex="true"
														                    index="0 1 2 0 2 3 4 5 6 4 6 7 8 9 10 8 10 11 12 13 14 12 14 15 4 16 17 4 17 15 18 5 14 18 14 19 "
														                    >
															<Coordinate point="-0.509940 0.045500 -0.109944 -0.107457 0.031681 0.511513 -0.035193 0.768054 0.481086 -0.437676 0.781872 -0.140371 -0.437676 0.781872 -0.140371 -0.035193 0.768054 0.481086 0.582203 0.690873 0.079517 0.179720 0.704692 -0.541940 0.179720 0.704692 -0.541940 0.582203 0.690873 0.079517 0.509940 -0.045500 0.109944 0.107457 -0.031681 -0.511513 0.107457 -0.031681 -0.511513 0.509940 -0.045500 0.109944 -0.107457 0.031681 0.511513 -0.509940 0.045500 -0.109944 0.179720 0.704692 -0.541940 0.107457 -0.031681 -0.511513 0.582203 0.690873 0.079517 0.509940 -0.045500 0.109944 " />
															<Normal vector="-0.851466 -0.503128 -0.147710 -0.223884 -0.524705 0.821284 -0.111209 0.623493 0.773858 -0.738792 0.645039 -0.195135 -0.738792 0.645039 -0.195135 -0.111209 0.623493 0.773858 0.851466 0.503128 0.147710 0.223884 0.524705 -0.821284 0.223884 0.524705 -0.821284 0.851466 0.503128 0.147710 0.738792 -0.645039 0.195135 0.111209 -0.623493 -0.773858 0.111209 -0.623493 -0.773858 0.738792 -0.645039 0.195135 -0.223884 -0.524705 0.821284 -0.851466 -0.503128 -0.147710 0.223884 0.524705 -0.821284 0.111209 -0.623493 -0.773858 0.851466 0.503128 0.147710 0.738792 -0.645039 0.195135 " />
															<TextureCoordinate point="0.2681 0.4579 0.4818 0.4579 0.4818 0.9752 0.2681 0.9752 0.2681 0.4579 0.4818 0.4579 0.4818 0.9752 0.2681 0.9752 0.2681 0.4579 0.4818 0.4579 0.4818 0.9752 0.2681 0.9752 0.2681 0.4579 0.4818 0.4579 0.4818 0.9752 0.2681 0.9752 0.4818 0.4579 0.4818 0.9752 0.2681 0.4579 0.2681 0.9752 " />
														</IndexedTriangleSet>
													</Shape>
												</Group>
											</Transform>
											<Transform DEF="Cube_030_TRANSFORM"
											           translation="0.063629 0.648385 -0.026791"
											           scale="1.000000 1.000000 1.000000"
											           rotation="0.000000 1.000000 0.000000 0.000000"
											           >
												<Transform DEF="Cube_030_ifs_TRANSFORM"
												           translation="0.000000 0.000000 0.000000"
												           scale="1.000000 1.000000 1.000000"
												           rotation="0.000000 1.000000 0.000000 0.000000"
												           >
													<Group DEF="group_ME_Cube_051">
														<Shape>
															<Appearance>
																<Material USE="MA_Body" />
															</Appearance>
															<IndexedTriangleSet solid="false"
															                    normalPerVertex="true"
															                    index="0 1 2 0 2 3 4 5 6 4 6 7 8 9 10 8 10 11 12 13 14 12 14 15 4 16 17 4 17 15 18 5 14 18 14 19 "
															                    >
																<Coordinate point="-0.323218 0.032669 0.022990 0.024203 0.011037 0.324589 0.078388 0.563190 0.301774 -0.269033 0.584822 0.000175 -0.269033 0.584822 0.000175 0.078388 0.563190 0.301774 0.377403 0.519485 -0.045805 0.029982 0.541117 -0.347404 0.029982 0.541117 -0.347404 0.377403 0.519485 -0.045805 0.323218 -0.032669 -0.022990 -0.024203 -0.011037 -0.324589 -0.024203 -0.011037 -0.324589 0.323218 -0.032669 -0.022990 0.024203 0.011037 0.324589 -0.323218 0.032669 0.022990 0.029982 0.541117 -0.347404 -0.024203 -0.011037 -0.324589 0.377403 0.519485 -0.045805 0.323218 -0.032669 -0.022990 " />
																<Normal vector="-0.866665 -0.492172 0.081332 0.004334 -0.546434 0.837489 0.117008 0.601764 0.790033 -0.753990 0.655995 0.033906 -0.753990 0.655995 0.033906 0.117008 0.601764 0.790033 0.866665 0.492172 -0.081332 -0.004334 0.546434 -0.837489 -0.004334 0.546434 -0.837489 0.866665 0.492172 -0.081332 0.753990 -0.655995 -0.033906 -0.117008 -0.601764 -0.790033 -0.117008 -0.601764 -0.790033 0.753990 -0.655995 -0.033906 0.004334 -0.546434 0.837489 -0.866665 -0.492172 0.081332 -0.004334 0.546434 -0.837489 -0.117008 -0.601764 -0.790033 0.866665 0.492172 -0.081332 0.753990 -0.655995 -0.033906 " />
																<TextureCoordinate point="0.2681 0.4579 0.4818 0.4579 0.4818 0.9752 0.2681 0.9752 0.2681 0.4579 0.4818 0.4579 0.4818 0.9752 0.2681 0.9752 0.2681 0.4579 0.4818 0.4579 0.4818 0.9752 0.2681 0.9752 0.2681 0.4579 0.4818 0.4579 0.4818 0.9752 0.2681 0.9752 0.4818 0.4579 0.4818 0.9752 0.2681 0.4579 0.2681 0.9752 " />
															</IndexedTriangleSet>
														</Shape>
													</Group>
												</Transform>
											</Transform>
										</Transform>
									</Transform>
								</Transform>
							</Transform>
						</Transform>
					</Transform>
				</Transform>
			</Transform>
			<Transform DEF="leg3_TRANSFORM"
			           translation="-0.358754 -0.507422 0.108854"
			           scale="1.000000 1.000000 1.000000"
			           rotation="0.000000 1.000000 0.000000 0.000000"
			           >
				<Transform DEF="leg3_ifs_TRANSFORM"
				           translation="0.000000 0.000000 0.000000"
				           scale="1.000000 1.000000 1.000000"
				           rotation="0.000000 1.000000 0.000000 0.000000"
				           >
					<Group DEF="group_ME_leg3">
						<Shape>
							<Appearance>
								<Material USE="MA_Body" />
							</Appearance>
							<IndexedTriangleSet solid="false"
							                    normalPerVertex="true"
							                    index="0 1 2 0 2 3 4 5 6 4 6 7 8 9 10 8 10 11 12 13 14 12 14 15 4 13 16 4 16 17 18 19 14 18 14 7 "
							                    >
								<Coordinate point="0.228969 -0.139554 -0.857290 0.228969 0.615677 -0.612669 0.228969 0.335605 0.252013 0.228969 -0.419626 0.007392 0.228969 0.615677 -0.612669 -0.228969 0.615677 -0.612669 -0.228969 0.335605 0.252013 0.228969 0.335605 0.252013 -0.228969 0.615677 -0.612669 -0.228969 -0.139554 -0.857290 -0.228969 -0.419626 0.007392 -0.228969 0.335605 0.252013 -0.228969 -0.139554 -0.857290 0.228969 -0.139554 -0.857290 0.228969 -0.419626 0.007392 -0.228969 -0.419626 0.007392 -0.228969 -0.139554 -0.857290 -0.228969 0.615677 -0.612669 -0.228969 0.335605 0.252013 -0.228969 -0.419626 0.007392 " />
								<Normal vector="0.577349 -0.371349 -0.727134 0.577349 0.727134 -0.371349 0.577349 0.371349 0.727134 0.577349 -0.727134 0.371349 0.577349 0.727134 -0.371349 -0.577349 0.727134 -0.371349 -0.577349 0.371349 0.727134 0.577349 0.371349 0.727134 -0.577349 0.727134 -0.371349 -0.577349 -0.371349 -0.727134 -0.577349 -0.727134 0.371349 -0.577349 0.371349 0.727134 -0.577349 -0.371349 -0.727134 0.577349 -0.371349 -0.727134 0.577349 -0.727134 0.371349 -0.577349 -0.727134 0.371349 -0.577349 -0.371349 -0.727134 -0.577349 0.727134 -0.371349 -0.577349 0.371349 0.727134 -0.577349 -0.727134 0.371349 " />
								<TextureCoordinate point="0.0222 0.4579 0.0222 0.9752 0.2252 0.9752 0.2252 0.4579 0.0222 0.4579 0.0222 0.9752 0.2252 0.9752 0.2252 0.4579 0.0222 0.4579 0.0222 0.9752 0.2252 0.9752 0.2252 0.4579 0.0222 0.4579 0.0222 0.9752 0.2252 0.9752 0.2252 0.4579 0.2252 0.9752 0.2252 0.4579 0.0222 0.4579 0.0222 0.9752 " />
							</IndexedTriangleSet>
						</Shape>
					</Group>
				</Transform>
				<Transform DEF="Cube_001_TRANSFORM"
				           translation="0.001770 0.160636 -0.601705"
				           scale="1.000000 1.000000 1.000000"
				           rotation="0.000000 1.000000 0.000000 0.000000"
				           >
					<Transform DEF="Cube_001_ifs_TRANSFORM"
					           translation="0.000000 0.000000 0.000000"
					           scale="1.000000 1.000000 1.000000"
					           rotation="0.000000 1.000000 0.000000 0.000000"
					           >
						<Group DEF="group_ME_Cube_001">
							<Shape>
								<Appearance>
									<Material USE="MA_Body" />
								</Appearance>
								<IndexedTriangleSet solid="false"
								                    normalPerVertex="true"
								                    index="0 1 2 0 2 3 4 5 6 4 6 7 8 9 10 8 10 11 12 13 14 12 14 15 4 13 16 4 16 17 18 19 14 18 14 7 "
								                    >
									<Coordinate point="0.229635 -0.031722 -0.526063 0.217078 0.486341 -0.216405 0.201681 0.259031 0.163263 0.214238 -0.259031 -0.146395 0.217078 0.486341 -0.216405 -0.198841 0.486341 -0.233272 -0.214238 0.259031 0.146395 0.201681 0.259031 0.163263 -0.198841 0.486341 -0.233272 -0.186283 -0.031722 -0.542930 -0.201681 -0.259031 -0.163263 -0.214238 0.259031 0.146395 -0.186283 -0.031722 -0.542930 0.229635 -0.031722 -0.526063 0.214238 -0.259031 -0.146395 -0.201681 -0.259031 -0.163263 -0.186283 -0.031722 -0.542930 -0.198841 0.486341 -0.233272 -0.214238 0.259031 0.146395 -0.201681 -0.259031 -0.163263 " />
									<Normal vector="0.608936 -0.199042 -0.767785 0.584918 0.791833 -0.175512 0.544786 0.199042 0.814600 0.568804 -0.791833 0.222297 0.584918 0.791833 -0.175512 -0.568804 0.791833 -0.222297 -0.608936 0.199042 0.767785 0.544786 0.199042 0.814600 -0.568804 0.791833 -0.222297 -0.544786 -0.199042 -0.814600 -0.584918 -0.791833 0.175512 -0.608936 0.199042 0.767785 -0.544786 -0.199042 -0.814600 0.608936 -0.199042 -0.767785 0.568804 -0.791833 0.222297 -0.584918 -0.791833 0.175512 -0.544786 -0.199042 -0.814600 -0.568804 0.791833 -0.222297 -0.608936 0.199042 0.767785 -0.584918 -0.791833 0.175512 " />
									<TextureCoordinate point="0.0222 0.4579 0.0222 0.9752 0.2252 0.9752 0.2252 0.4579 0.0222 0.4579 0.0222 0.9752 0.2252 0.9752 0.2252 0.4579 0.0222 0.4579 0.0222 0.9752 0.2252 0.9752 0.2252 0.4579 0.0222 0.4579 0.0222 0.9752 0.2252 0.9752 0.2252 0.4579 0.2252 0.9752 0.2252 0.4579 0.0222 0.4579 0.0222 0.9752 " />
								</IndexedTriangleSet>
							</Shape>
						</Group>
					</Transform>
				</Transform>
				<Transform DEF="Cube_003_TRANSFORM"
				           translation="0.005107 0.401304 -0.913701"
				           scale="1.000000 1.000000 1.000000"
				           rotation="0.000000 1.000000 0.000000 0.000000"
				           >
					<Transform DEF="Cube_003_ifs_TRANSFORM"
					           translation="0.000000 0.000000 0.000000"
					           scale="1.000000 1.000000 1.000000"
					           rotation="0.000000 1.000000 0.000000 0.000000"
					           >
						<Group DEF="group_ME_Cube_003">
							<Shape>
								<Appearance>
									<Material USE="MA_Body" />
								</Appearance>
								<IndexedTriangleSet solid="false"
								                    normalPerVertex="true"
								                    index="0 1 2 0 2 3 4 5 6 4 6 7 8 9 10 8 10 11 12 13 14 12 14 15 4 13 16 4 16 17 18 19 14 18 14 7 "
								                    >
									<Coordinate point="0.185517 -0.058392 -0.283154 0.177229 0.283523 -0.078784 0.169604 0.170957 0.109231 0.177892 -0.170957 -0.095139 0.177229 0.283523 -0.078784 -0.170267 0.283523 -0.092876 -0.177892 0.170957 0.095139 0.169604 0.170957 0.109231 -0.170267 0.283523 -0.092876 -0.161979 -0.058392 -0.297246 -0.169604 -0.170957 -0.109231 -0.177892 0.170957 0.095139 -0.161979 -0.058392 -0.297246 0.185517 -0.058392 -0.283154 0.177892 -0.170957 -0.095139 -0.169604 -0.170957 -0.109231 -0.161979 -0.058392 -0.297246 -0.170267 0.283523 -0.092876 -0.177892 0.170957 0.095139 -0.169604 -0.170957 -0.109231 " />
									<Normal vector="0.608936 -0.199042 -0.767785 0.584918 0.791833 -0.175512 0.544786 0.199042 0.814600 0.568804 -0.791833 0.222297 0.584918 0.791833 -0.175512 -0.568804 0.791833 -0.222297 -0.608936 0.199042 0.767785 0.544786 0.199042 0.814600 -0.568804 0.791833 -0.222297 -0.544786 -0.199042 -0.814600 -0.584918 -0.791833 0.175512 -0.608936 0.199042 0.767785 -0.544786 -0.199042 -0.814600 0.608936 -0.199042 -0.767785 0.568804 -0.791833 0.222297 -0.584918 -0.791833 0.175512 -0.544786 -0.199042 -0.814600 -0.568804 0.791833 -0.222297 -0.608936 0.199042 0.767785 -0.584918 -0.791833 0.175512 " />
									<TextureCoordinate point="0.0222 0.4579 0.0222 0.9752 0.2252 0.9752 0.2252 0.4579 0.0222 0.4579 0.0222 0.9752 0.2252 0.9752 0.2252 0.4579 0.0222 0.4579 0.0222 0.9752 0.2252 0.9752 0.2252 0.4579 0.0222 0.4579 0.0222 0.9752 0.2252 0.9752 0.2252 0.4579 0.2252 0.9752 0.2252 0.4579 0.0222 0.4579 0.0222 0.9752 " />
								</IndexedTriangleSet>
							</Shape>
						</Group>
					</Transform>
				</Transform>
				<Transform DEF="leg3_1_TRANSFORM"
				           translation="0.016257 0.534958 -0.971002"
				           scale="1.000000 1.000000 1.000000"
				           rotation="0.000000 1.000000 0.000000 0.000000"
				           >
					<Transform DEF="leg3_1_ifs_TRANSFORM"
					           translation="0.000000 0.000000 0.000000"
					           scale="1.000000 1.000000 1.000000"
					           rotation="0.000000 1.000000 0.000000 0.000000"
					           >
						<Group DEF="group_ME_leg3_1">
							<Shape>
								<Appearance>
									<Material USE="MA_Body" />
								</Appearance>
								<IndexedTriangleSet solid="false"
								                    normalPerVertex="true"
								                    index="0 1 2 0 2 3 4 5 6 4 6 7 8 9 10 8 10 11 12 13 14 12 14 15 16 17 18 16 18 19 20 21 14 20 14 7 22 17 23 22 23 24 25 26 27 25 27 28 16 29 30 16 30 31 32 33 34 32 34 35 "
								                    >
									<Coordinate point="0.155356 -0.352901 -0.636352 0.155356 -0.036725 -0.726728 0.149474 0.158428 -0.043998 0.149474 -0.157747 0.046379 0.155356 -0.036725 -0.726728 -0.143593 -0.037406 -0.729109 -0.149474 0.157747 -0.046379 0.149474 0.158428 -0.043998 -0.143593 -0.037406 -0.729109 -0.143593 -0.353582 -0.638732 -0.149474 -0.158428 0.043998 -0.149474 0.157747 -0.046379 -0.143593 -0.353582 -0.638732 0.155356 -0.352901 -0.636352 0.149474 -0.157747 0.046379 -0.149474 -0.158428 0.043998 0.156473 -0.073799 -0.856427 0.156473 -0.389975 -0.766051 -0.142476 -0.390655 -0.768431 -0.142476 -0.074480 -0.858808 -0.149474 0.157747 -0.046379 -0.149474 -0.158428 0.043998 -0.142476 -0.390655 -0.768431 0.155356 -0.352901 -0.636352 -0.143593 -0.353582 -0.638732 -0.142476 -0.074480 -0.858808 -0.142476 -0.390655 -0.768431 -0.143593 -0.353582 -0.638732 -0.143593 -0.037406 -0.729109 -0.142476 -0.074480 -0.858808 -0.143593 -0.037406 -0.729109 0.155356 -0.036725 -0.726728 0.156473 -0.389975 -0.766051 0.156473 -0.073799 -0.856427 0.155356 -0.036725 -0.726728 0.155356 -0.352901 -0.636352 " />
									<Normal vector="0.707053 -0.678243 0.199957 0.707053 0.681478 -0.188696 0.572527 0.715079 0.401013 0.572527 -0.395123 0.718345 0.707053 0.681478 -0.188696 -0.707053 0.678243 -0.199957 -0.582110 0.712455 0.391797 0.572527 0.715079 0.401013 -0.707053 0.678243 -0.199957 -0.707053 -0.681478 0.188696 -0.582110 -0.397748 0.709159 -0.582110 0.712455 0.391797 -0.707053 -0.681478 0.188696 0.707053 -0.678243 0.199957 0.572527 -0.395123 0.718345 -0.582110 -0.397748 0.709159 0.582110 0.397748 -0.709159 0.582110 -0.712455 -0.391797 -0.572527 -0.715079 -0.401013 -0.572527 0.395123 -0.718345 -0.582110 0.712455 0.391797 -0.582110 -0.397748 0.709159 -0.572527 -0.715079 -0.401013 0.707053 -0.678243 0.199957 -0.707053 -0.681478 0.188696 -0.572527 0.395123 -0.718345 -0.572527 -0.715079 -0.401013 -0.707053 -0.681478 0.188696 -0.707053 0.678243 -0.199957 -0.572527 0.395123 -0.718345 -0.707053 0.678243 -0.199957 0.707053 0.681478 -0.188696 0.582110 -0.712455 -0.391797 0.582110 0.397748 -0.709159 0.707053 0.681478 -0.188696 0.707053 -0.678243 0.199957 " />
									<TextureCoordinate point="0.0546 0.4579 0.0546 0.9752 0.2252 0.9752 0.2252 0.4579 0.0546 0.4579 0.0546 0.9752 0.2252 0.9752 0.2252 0.4579 0.0546 0.4579 0.0546 0.9752 0.2252 0.9752 0.2252 0.4579 0.0546 0.4579 0.0546 0.9752 0.2252 0.9752 0.2252 0.4579 0.2807 0.4723 0.2807 0.9530 0.4692 0.9530 0.4692 0.4723 0.0222 0.4579 0.0222 0.9752 0.2807 0.4723 0.3108 0.9530 0.3108 0.4723 0.2807 0.4723 0.2807 0.9530 0.3108 0.9530 0.3108 0.4723 0.2807 0.9530 0.3108 0.9530 0.3108 0.4723 0.2807 0.4723 0.2807 0.9530 0.3108 0.9530 0.3108 0.4723 " />
								</IndexedTriangleSet>
							</Shape>
						</Group>
					</Transform>
					<Transform DEF="foot3_TRANSFORM"
					           translation="0.006032 -0.141576 -0.821789"
					           scale="1.000000 1.000000 1.000000"
					           rotation="0.000000 1.000000 0.000000 0.000000"
					           >
						<Transform DEF="foot3_ifs_TRANSFORM"
						           translation="0.000000 0.000000 0.000000"
						           scale="1.000000 1.000000 1.000000"
						           rotation="0.000000 1.000000 0.000000 0.000000"
						           >
							<Group DEF="group_ME_foot3">
								<Shape>
									<Appearance>
										<Material USE="MA_Body" />
									</Appearance>
									<IndexedTriangleSet solid="false"
									                    normalPerVertex="true"
									                    index="0 1 2 0 2 3 1 4 5 1 5 2 6 7 8 6 8 9 10 11 12 10 12 13 14 11 15 14 15 16 17 18 12 17 12 19 20 21 22 20 22 23 9 24 25 9 25 6 16 26 27 16 27 14 19 28 29 19 29 17 "
									                    >
										<Coordinate point="0.168146 -0.328417 0.042703 0.168146 -0.293140 -0.154111 0.165520 0.018988 -0.098165 0.165520 -0.016289 0.098649 0.072637 -0.219427 -0.140899 0.071517 -0.086222 -0.117023 -0.162893 -0.295839 -0.154595 -0.162893 -0.331116 0.042219 -0.165520 -0.018988 0.098165 -0.165520 0.016289 -0.098649 -0.162893 -0.331116 0.042219 0.168146 -0.328417 0.042703 0.165520 -0.016289 0.098649 -0.165520 -0.018988 0.098165 0.168146 -0.293140 -0.154111 -0.162893 -0.331116 0.042219 -0.162893 -0.295839 -0.154595 -0.165520 0.016289 -0.098649 -0.165520 -0.018988 0.098165 0.165520 0.018988 -0.098165 0.072637 -0.219427 -0.140899 -0.068638 -0.220578 -0.141105 -0.069759 -0.087373 -0.117229 0.071517 -0.086222 -0.117023 -0.069759 -0.087373 -0.117229 -0.068638 -0.220578 -0.141105 -0.068638 -0.220578 -0.141105 0.072637 -0.219427 -0.140899 0.071517 -0.086222 -0.117023 -0.069759 -0.087373 -0.117229 " />
										<Normal vector="0.582110 -0.665426 0.467269 0.582110 -0.461684 -0.669301 0.572527 0.674825 -0.465590 0.572527 0.471114 0.670980 0.000000 0.176427 -0.984283 0.000000 0.176427 -0.984283 -0.572527 -0.471114 -0.670980 -0.572527 -0.674825 0.465590 -0.582110 0.461684 0.669301 -0.582110 0.665426 -0.467269 -0.572527 -0.674825 0.465590 0.582110 -0.665426 0.467269 0.572527 0.471114 0.670980 -0.582110 0.461684 0.669301 0.582110 -0.461684 -0.669301 -0.572527 -0.674825 0.465590 -0.572527 -0.471114 -0.670980 -0.582110 0.665426 -0.467269 -0.582110 0.461684 0.669301 0.572527 0.674825 -0.465590 0.000000 0.176427 -0.984283 0.000000 0.176427 -0.984283 0.000000 0.176427 -0.984283 0.000000 0.176427 -0.984283 0.000000 0.176427 -0.984283 0.000000 0.176427 -0.984283 0.000000 0.176427 -0.984283 0.000000 0.176427 -0.984283 0.000000 0.176427 -0.984283 0.000000 0.176427 -0.984283 " />
										<TextureCoordinate point="0.2681 0.4579 0.2681 0.9752 0.4818 0.9752 0.4818 0.4579 0.2681 0.9752 0.4818 0.9752 0.2681 0.4579 0.2681 0.9752 0.4818 0.9752 0.4818 0.4579 0.2681 0.4579 0.2681 0.9752 0.4818 0.9752 0.4818 0.4579 0.2681 0.4579 0.4818 0.9752 0.4818 0.4579 0.2681 0.4579 0.2681 0.9752 0.4818 0.4579 0.2780 0.0341 0.2780 0.3834 0.4719 0.3834 0.4719 0.0341 0.4818 0.4579 0.2681 0.4579 0.4818 0.4579 0.2681 0.4579 0.4818 0.4579 0.2681 0.4579 " />
									</IndexedTriangleSet>
								</Shape>
							</Group>
						</Transform>
					</Transform>
				</Transform>
				<Transform DEF="Cube_005_TRANSFORM"
				           translation="-0.025040 0.362234 -0.080557"
				           scale="1.000000 1.000000 1.000000"
				           rotation="0.000000 1.000000 0.000000 0.000000"
				           >
					<Transform DEF="Cube_005_ifs_TRANSFORM"
					           translation="0.000000 0.000000 0.000000"
					           scale="1.000000 1.000000 1.000000"
					           rotation="0.000000 1.000000 0.000000 0.000000"
					           >
						<Group DEF="group_ME_Cube_005">
							<Shape>
								<Appearance>
									<Material USE="MA_Body" />
								</Appearance>
								<IndexedTriangleSet solid="false"
								                    normalPerVertex="true"
								                    index="0 1 2 0 2 3 4 5 6 4 6 7 8 9 10 8 10 11 12 13 14 12 14 15 4 13 16 4 16 17 18 19 14 18 14 7 "
								                    >
									<Coordinate point="0.100554 -0.077107 0.114674 0.100554 0.107534 -0.086787 -0.025574 0.560611 0.328462 -0.025574 0.375970 0.529923 0.100554 0.107534 -0.086787 -0.100554 0.077107 -0.114674 -0.226682 0.530184 0.300576 -0.025574 0.560611 0.328462 -0.100554 0.077107 -0.114674 -0.100554 -0.107534 0.086787 -0.226682 0.345544 0.502036 -0.226682 0.530184 0.300576 -0.100554 -0.107534 0.086787 0.100554 -0.077107 0.114674 -0.025574 0.375970 0.529923 -0.226682 0.345544 0.502036 -0.100554 -0.107534 0.086787 -0.100554 0.077107 -0.114674 -0.226682 0.530184 0.300576 -0.226682 0.345544 0.502036 " />
									<Normal vector="0.681631 -0.721458 0.121921 0.681631 0.058718 -0.729331 0.449477 0.892575 0.034913 0.449477 0.112400 0.886166 0.681631 0.058718 -0.729331 -0.449477 -0.112400 -0.886166 -0.681631 0.721458 -0.121921 0.449477 0.892575 0.034913 -0.449477 -0.112400 -0.886166 -0.449477 -0.892575 -0.034913 -0.681631 -0.058718 0.729331 -0.681631 0.721458 -0.121921 -0.449477 -0.892575 -0.034913 0.681631 -0.721458 0.121921 0.449477 0.112400 0.886166 -0.681631 -0.058718 0.729331 -0.449477 -0.892575 -0.034913 -0.449477 -0.112400 -0.886166 -0.681631 0.721458 -0.121921 -0.681631 -0.058718 0.729331 " />
									<TextureCoordinate point="0.0222 0.4579 0.0222 0.9752 0.2252 0.9752 0.2252 0.4579 0.0222 0.4579 0.0222 0.9752 0.2252 0.9752 0.2252 0.4579 0.0222 0.4579 0.0222 0.9752 0.2252 0.9752 0.2252 0.4579 0.0222 0.4579 0.0222 0.9752 0.2252 0.9752 0.2252 0.4579 0.2252 0.9752 0.2252 0.4579 0.0222 0.4579 0.0222 0.9752 " />
								</IndexedTriangleSet>
							</Shape>
						</Group>
					</Transform>
				</Transform>
				<Transform DEF="Cube_008_TRANSFORM"
				           translation="-0.059149 0.437107 -0.330485"
				           scale="1.000000 1.000000 1.000000"
				           rotation="0.000000 1.000000 0.000000 0.000000"
				           >
					<Transform DEF="Cube_008_ifs_TRANSFORM"
					           translation="0.000000 0.000000 0.000000"
					           scale="1.000000 1.000000 1.000000"
					           rotation="0.000000 1.000000 0.000000 0.000000"
					           >
						<Group DEF="group_ME_Cube_008">
							<Shape>
								<Appearance>
									<Material USE="MA_Body" />
								</Appearance>
								<IndexedTriangleSet solid="false"
								                    normalPerVertex="true"
								                    index="0 1 2 0 2 3 4 5 6 4 6 7 8 9 10 8 10 11 12 13 14 12 14 15 4 13 16 4 16 17 18 19 14 18 14 7 "
								                    >
									<Coordinate point="0.088311 -0.042990 0.084624 0.091210 0.070151 -0.059731 -0.005910 0.444765 0.231929 -0.008809 0.331624 0.376284 0.091210 0.070151 -0.059731 -0.088311 0.042990 -0.084624 -0.185430 0.417604 0.207036 -0.005910 0.444765 0.231929 -0.088311 0.042990 -0.084624 -0.091210 -0.070151 0.059731 -0.188329 0.304464 0.351391 -0.185430 0.417604 0.207036 -0.091210 -0.070151 0.059731 0.088311 -0.042990 0.084624 -0.008809 0.331624 0.376284 -0.188329 0.304464 0.351391 -0.091210 -0.070151 0.059731 -0.088311 0.042990 -0.084624 -0.185430 0.417604 0.207036 -0.188329 0.304464 0.351391 " />
									<Normal vector="0.672140 -0.716849 0.185278 0.690390 -0.004639 -0.723411 0.458968 0.887967 -0.028443 0.440718 0.175756 0.880245 0.690390 -0.004639 -0.723411 -0.440718 -0.175756 -0.880245 -0.672140 0.716849 -0.185278 0.458968 0.887967 -0.028443 -0.440718 -0.175756 -0.880245 -0.458968 -0.887967 0.028443 -0.690390 0.004639 0.723411 -0.672140 0.716849 -0.185278 -0.458968 -0.887967 0.028443 0.672140 -0.716849 0.185278 0.440718 0.175756 0.880245 -0.690390 0.004639 0.723411 -0.458968 -0.887967 0.028443 -0.440718 -0.175756 -0.880245 -0.672140 0.716849 -0.185278 -0.690390 0.004639 0.723411 " />
									<TextureCoordinate point="0.0222 0.4579 0.0222 0.9752 0.2252 0.9752 0.2252 0.4579 0.0222 0.4579 0.0222 0.9752 0.2252 0.9752 0.2252 0.4579 0.0222 0.4579 0.0222 0.9752 0.2252 0.9752 0.2252 0.4579 0.0222 0.4579 0.0222 0.9752 0.2252 0.9752 0.2252 0.4579 0.2252 0.9752 0.2252 0.4579 0.0222 0.4579 0.0222 0.9752 " />
								</IndexedTriangleSet>
							</Shape>
						</Group>
					</Transform>
				</Transform>
			</Transform>
		</Transform>
	</Scene>
</X3D>