<?xml version="1.0" encoding="UTF-8"?>
<!DOCTYPE X3D PUBLIC "ISO//Web3D//DTD X3D 3.0//EN" "http://www.web3d.org/specifications/x3d-3.0.dtd">
<X3D version="3.0" profile="Immersive" xmlns:xsd="http://www.w3.org/2001/XMLSchema-instance" xsd:noNamespaceSchemaLocation="http://www.web3d.org/specifications/x3d-3.0.xsd">
	<head>
		<meta name="filename" content="jangmo-o.x3d" />
		<meta name="generator" content="Blender 2.93.18" />
	</head>
	<Scene>
		<NavigationInfo headlight="true"
		                visibilityLimit="0.0"
		                type='"EXAMINE", "ANY"'
		                avatarSize="0.25, 1.75, 0.75"
		                />
		<Background DEF="WO_World"
		            groundColor="0.051 0.051 0.051"
		            skyColor="0.051 0.051 0.051"
		            />
		<Transform DEF="body_TRANSFORM"
		           translation="0.000000 -0.473847 1.345871"
		           scale="1.000000 1.000000 1.000000"
		           rotation="0.000000 0.000000 1.000000 3.141593"
		           >
			<Transform DEF="body_ifs_TRANSFORM"
			           translation="0.000000 0.000000 0.000000"
			           scale="1.000000 1.000000 1.000000"
			           rotation="0.000000 1.000000 0.000000 0.000000"
			           >
				<Group DEF="group_ME_body">
					<Shape>
						<Appearance>
							<Material DEF="MA_Body"
							          diffuseColor="0.800 0.800 0.800"
							          specularColor="0.401 0.401 0.401"
							          emissiveColor="0.000 0.000 0.000"
							          ambientIntensity="0.000"
							          shininess="0.500"
							          transparency="0.0"
							          />
						</Appearance>
						<IndexedTriangleSet solid="false"
						                    normalPerVertex="true"
						                    index="0 1 2 0 2 3 4 5 6 4 6 7 8 9 10 8 10 11 12 13 14 12 14 15 16 17 18 16 18 19 20 5 14 20 14 21 22 23 24 22 24 19 25 26 27 25 27 28 16 29 30 16 30 31 32 33 34 32 34 35 "
						                    >
							<Coordinate point="-0.613334 -0.883164 0.209105 -0.613334 -0.859179 0.700865 -0.613334 0.032063 0.657396 -0.613334 0.008079 0.165637 -0.613334 0.008079 0.165637 -0.613334 0.032063 0.657396 0.613334 0.032063 0.657396 0.613334 0.008079 0.165637 0.613334 0.008079 0.165637 0.613334 0.032063 0.657396 0.613334 -0.859179 0.700865 0.613334 -0.883164 0.209105 0.613334 -0.883164 0.209105 0.613334 -0.859179 0.700865 -0.613334 -0.859179 0.700865 -0.613334 -0.883164 0.209105 -0.613334 -0.032063 -0.657396 0.613334 -0.032063 -0.657396 0.613334 -0.923305 -0.613928 -0.613334 -0.923305 -0.613928 0.613334 0.032063 0.657396 0.613334 -0.859179 0.700865 0.613334 -0.923305 -0.613928 0.613334 -0.883164 0.209105 -0.613334 -0.883164 0.209105 0.613334 -0.032063 -0.657396 0.613334 0.008079 0.165637 0.613334 -0.883164 0.209105 0.613334 -0.923305 -0.613928 -0.613334 0.008079 0.165637 0.613334 0.008079 0.165637 0.613334 -0.032063 -0.657396 -0.613334 -0.923305 -0.613928 -0.613334 -0.883164 0.209105 -0.613334 0.008079 0.165637 -0.613334 -0.032063 -0.657396 " />
							<Normal vector="-0.707083 -0.706259 0.034425 -0.577349 -0.548509 0.604785 -0.577349 0.604785 0.548509 -0.707083 0.706259 -0.034425 -0.707083 0.706259 -0.034425 -0.577349 0.604785 0.548509 0.577349 0.604785 0.548509 0.707083 0.706259 -0.034425 0.707083 0.706259 -0.034425 0.577349 0.604785 0.548509 0.577349 -0.548509 0.604785 0.707083 -0.706259 0.034425 0.707083 -0.706259 0.034425 0.577349 -0.548509 0.604785 -0.577349 -0.548509 0.604785 -0.707083 -0.706259 0.034425 -0.577349 0.548509 -0.604785 0.577349 0.548509 -0.604785 0.577349 -0.604785 -0.548509 -0.577349 -0.604785 -0.548509 0.577349 0.604785 0.548509 0.577349 -0.548509 0.604785 0.577349 -0.604785 -0.548509 0.707083 -0.706259 0.034425 -0.707083 -0.706259 0.034425 0.577349 0.548509 -0.604785 0.707083 0.706259 -0.034425 0.707083 -0.706259 0.034425 0.577349 -0.604785 -0.548509 -0.707083 0.706259 -0.034425 0.707083 0.706259 -0.034425 0.577349 0.548509 -0.604785 -0.577349 -0.604785 -0.548509 -0.707083 -0.706259 0.034425 -0.707083 0.706259 -0.034425 -0.577349 0.548509 -0.604785 " />
							<TextureCoordinate point="0.1888 0.5187 0.3233 0.5187 0.3233 0.9813 0.1888 0.9813 0.1888 0.5187 0.3233 0.5187 0.3233 0.9813 0.1888 0.9813 0.1888 0.5187 0.3233 0.5187 0.3233 0.9813 0.1888 0.9813 0.1888 0.5187 0.3233 0.5187 0.3233 0.9813 0.1888 0.9813 0.0549 0.0242 0.3298 0.0242 0.3298 0.4611 0.0549 0.4611 0.0543 0.5187 0.0543 0.9813 0.0549 0.0242 0.1924 0.0242 0.1924 0.4611 0.0549 0.0242 0.1924 0.0242 0.1924 0.4611 0.0549 0.4611 0.1924 0.0242 0.1924 0.4611 0.0549 0.4611 0.0549 0.0242 0.1924 0.0242 0.1924 0.4611 0.0549 0.4611 " />
						</IndexedTriangleSet>
					</Shape>
				</Group>
			</Transform>
			<Transform DEF="Cube_TRANSFORM"
			           translation="0.000000 0.759471 0.151341"
			           scale="1.000000 1.000000 1.000000"
			           rotation="0.000000 1.000000 0.000000 0.000000"
			           >
				<Transform DEF="Cube_ifs_TRANSFORM"
				           translation="0.000000 0.000000 0.000000"
				           scale="1.000000 1.000000 1.000000"
				           rotation="0.000000 1.000000 0.000000 0.000000"
				           >
					<Group DEF="group_ME_Cube_006">
						<Shape>
							<Appearance>
								<Material USE="MA_Body" />
							</Appearance>
							<IndexedTriangleSet solid="false"
							                    normalPerVertex="true"
							                    index="0 1 2 0 2 3 4 5 6 4 6 7 8 9 10 8 10 11 12 13 14 12 14 15 16 17 18 16 18 19 20 5 14 20 14 21 22 23 24 22 24 19 25 26 27 25 27 28 16 29 30 16 30 31 32 33 34 32 34 35 "
							                    >
								<Coordinate point="-0.503364 -1.029597 0.078283 -0.503364 -1.090209 0.439770 -0.503364 -0.101535 0.605546 -0.503364 -0.040923 0.244059 -0.503364 -0.040923 0.244059 -0.503364 -0.101535 0.605546 0.503364 -0.101535 0.605546 0.503364 -0.040923 0.244059 0.503364 -0.040923 0.244059 0.503364 -0.101535 0.605546 0.503364 -1.090209 0.439770 0.503364 -1.029597 0.078283 0.503364 -1.029597 0.078283 0.503364 -1.090209 0.439770 -0.503364 -1.090209 0.439770 -0.503364 -1.029597 0.078283 -0.503364 0.101535 -0.605546 0.503364 0.101535 -0.605546 0.503364 -0.887139 -0.771322 -0.503364 -0.887139 -0.771322 0.503364 -0.101535 0.605546 0.503364 -1.090209 0.439770 0.503364 -0.887139 -0.771322 0.503364 -1.029597 0.078283 -0.503364 -1.029597 0.078283 0.503364 0.101535 -0.605546 0.503364 -0.040923 0.244059 0.503364 -1.029597 0.078283 0.503364 -0.887139 -0.771322 -0.503364 -0.040923 0.244059 0.503364 -0.040923 0.244059 0.503364 0.101535 -0.605546 -0.503364 -0.887139 -0.771322 -0.503364 -1.029597 0.078283 -0.503364 -0.040923 0.244059 -0.503364 0.101535 -0.605546 " />
								<Normal vector="-0.707083 -0.697348 -0.116916 -0.577349 -0.664846 0.473922 -0.577349 0.473922 0.664846 -0.707083 0.697348 0.116916 -0.707083 0.697348 0.116916 -0.577349 0.473922 0.664846 0.577349 0.473922 0.664846 0.707083 0.697348 0.116916 0.707083 0.697348 0.116916 0.577349 0.473922 0.664846 0.577349 -0.664846 0.473922 0.707083 -0.697348 -0.116916 0.707083 -0.697348 -0.116916 0.577349 -0.664846 0.473922 -0.577349 -0.664846 0.473922 -0.707083 -0.697348 -0.116916 -0.577349 0.664846 -0.473922 0.577349 0.664846 -0.473922 0.577349 -0.473922 -0.664846 -0.577349 -0.473922 -0.664846 0.577349 0.473922 0.664846 0.577349 -0.664846 0.473922 0.577349 -0.473922 -0.664846 0.707083 -0.697348 -0.116916 -0.707083 -0.697348 -0.116916 0.577349 0.664846 -0.473922 0.707083 0.697348 0.116916 0.707083 -0.697348 -0.116916 0.577349 -0.473922 -0.664846 -0.707083 0.697348 0.116916 0.707083 0.697348 0.116916 0.577349 0.664846 -0.473922 -0.577349 -0.473922 -0.664846 -0.707083 -0.697348 -0.116916 -0.707083 0.697348 0.116916 -0.577349 0.664846 -0.473922 " />
								<TextureCoordinate point="0.1888 0.5187 0.3233 0.5187 0.3233 0.9813 0.1888 0.9813 0.1888 0.5187 0.3233 0.5187 0.3233 0.9813 0.1888 0.9813 0.1888 0.5187 0.3233 0.5187 0.3233 0.9813 0.1888 0.9813 0.1888 0.5187 0.3233 0.5187 0.3233 0.9813 0.1888 0.9813 0.0549 0.0242 0.3298 0.0242 0.3298 0.4611 0.0549 0.4611 0.0543 0.5187 0.0543 0.9813 0.0549 0.0242 0.1924 0.0242 0.1924 0.4611 0.0549 0.0242 0.1924 0.0242 0.1924 0.4611 0.0549 0.4611 0.1924 0.0242 0.1924 0.4611 0.0549 0.4611 0.0549 0.0242 0.1924 0.0242 0.1924 0.4611 0.0549 0.4611 " />
							</IndexedTriangleSet>
						</Shape>
					</Group>
				</Transform>
			</Transform>
			<Transform DEF="Cube_002_TRANSFORM"
			           translation="0.000000 -0.480445 -0.077887"
			           scale="1.000000 1.000000 1.000000"
			           rotation="0.000000 1.000000 0.000000 0.000000"
			           >
				<Transform DEF="Cube_002_ifs_TRANSFORM"
				           translation="0.000000 0.000000 0.000000"
				           scale="1.000000 1.000000 1.000000"
				           rotation="0.000000 1.000000 0.000000 0.000000"
				           >
					<Group DEF="group_ME_Cube_008">
						<Shape>
							<Appearance>
								<Material USE="MA_Body" />
							</Appearance>
							<IndexedTriangleSet solid="false"
							                    normalPerVertex="true"
							                    index="0 1 2 0 2 3 4 5 6 4 6 7 8 9 10 8 10 11 12 13 14 12 14 15 16 17 18 16 18 19 20 5 14 20 14 21 22 23 24 22 24 19 25 26 27 25 27 28 16 29 30 16 30 31 32 33 34 32 34 35 "
							                    >
								<Coordinate point="-0.497124 -0.734069 0.424110 -0.497124 -0.438098 0.936391 -0.497124 0.295971 0.512281 -0.497124 0.000000 0.000000 -0.497124 0.000000 0.000000 -0.497124 0.295971 0.512281 0.497124 0.295971 0.512281 0.497124 0.000000 0.000000 0.497124 0.000000 0.000000 0.497124 0.295971 0.512281 0.497124 -0.438098 0.936391 0.497124 -0.734069 0.424110 0.497124 -0.734069 0.424110 0.497124 -0.438098 0.936391 -0.497124 -0.438098 0.936391 -0.497124 -0.734069 0.424110 -0.497124 -0.295971 -0.512281 0.497124 -0.295971 -0.512281 0.497124 -1.030040 -0.088171 -0.497124 -1.030040 -0.088171 0.497124 0.295971 0.512281 0.497124 -0.438098 0.936391 0.497124 -1.030040 -0.088171 0.497124 -0.734069 0.424110 -0.497124 -0.734069 0.424110 0.497124 -0.295971 -0.512281 0.497124 0.000000 0.000000 0.497124 -0.734069 0.424110 0.497124 -1.030040 -0.088171 -0.497124 0.000000 0.000000 0.497124 0.000000 0.000000 0.497124 -0.295971 -0.512281 -0.497124 -1.030040 -0.088171 -0.497124 -0.734069 0.424110 -0.497124 0.000000 0.000000 -0.497124 -0.295971 -0.512281 " />
								<Normal vector="-0.707083 -0.612262 0.353710 -0.577349 -0.211066 0.788720 -0.577349 0.788720 0.211066 -0.707083 0.612262 -0.353710 -0.707083 0.612262 -0.353710 -0.577349 0.788720 0.211066 0.577349 0.788720 0.211066 0.707083 0.612262 -0.353710 0.707083 0.612262 -0.353710 0.577349 0.788720 0.211066 0.577349 -0.211066 0.788720 0.707083 -0.612262 0.353710 0.707083 -0.612262 0.353710 0.577349 -0.211066 0.788720 -0.577349 -0.211066 0.788720 -0.707083 -0.612262 0.353710 -0.577349 0.211066 -0.788720 0.577349 0.211066 -0.788720 0.577349 -0.788720 -0.211066 -0.577349 -0.788720 -0.211066 0.577349 0.788720 0.211066 0.577349 -0.211066 0.788720 0.577349 -0.788720 -0.211066 0.707083 -0.612262 0.353710 -0.707083 -0.612262 0.353710 0.577349 0.211066 -0.788720 0.707083 0.612262 -0.353710 0.707083 -0.612262 0.353710 0.577349 -0.788720 -0.211066 -0.707083 0.612262 -0.353710 0.707083 0.612262 -0.353710 0.577349 0.211066 -0.788720 -0.577349 -0.788720 -0.211066 -0.707083 -0.612262 0.353710 -0.707083 0.612262 -0.353710 -0.577349 0.211066 -0.788720 " />
								<TextureCoordinate point="0.1888 0.5187 0.3233 0.5187 0.3233 0.9813 0.1888 0.9813 0.1888 0.5187 0.3233 0.5187 0.3233 0.9813 0.1888 0.9813 0.1888 0.5187 0.3233 0.5187 0.3233 0.9813 0.1888 0.9813 0.1888 0.5187 0.3233 0.5187 0.3233 0.9813 0.1888 0.9813 0.0549 0.0242 0.3298 0.0242 0.3298 0.4611 0.0549 0.4611 0.0543 0.5187 0.0543 0.9813 0.0549 0.0242 0.1924 0.0242 0.1924 0.4611 0.0549 0.0242 0.1924 0.0242 0.1924 0.4611 0.0549 0.4611 0.1924 0.0242 0.1924 0.4611 0.0549 0.4611 0.0549 0.0242 0.1924 0.0242 0.1924 0.4611 0.0549 0.4611 " />
							</IndexedTriangleSet>
						</Shape>
					</Group>
				</Transform>
			</Transform>
			<Transform DEF="Cube_003_TRANSFORM"
			           translation="0.000000 -1.245014 -0.091259"
			           scale="1.000000 1.000000 1.000000"
			           rotation="0.000000 1.000000 0.000000 0.000000"
			           >
				<Transform DEF="Cube_003_ifs_TRANSFORM"
				           translation="0.000000 0.000000 0.000000"
				           scale="1.000000 1.000000 1.000000"
				           rotation="0.000000 1.000000 0.000000 0.000000"
				           >
					<Group DEF="group_ME_Cube_009">
						<Shape>
							<Appearance>
								<Material USE="MA_Body" />
							</Appearance>
							<IndexedTriangleSet solid="false"
							                    normalPerVertex="true"
							                    index="0 1 2 0 2 3 4 5 6 4 6 7 8 9 10 8 10 11 12 13 14 12 14 15 16 17 18 16 18 19 20 5 14 20 14 21 22 23 24 22 24 19 25 26 27 25 27 28 16 29 30 16 30 31 32 33 34 32 34 35 "
							                    >
								<Coordinate point="-0.379960 -0.219526 0.527279 -0.379960 -0.175266 0.922712 -0.379960 0.374926 0.861131 -0.379960 0.305554 0.241335 -0.379960 0.305554 0.241335 -0.379960 0.374926 0.861131 0.379960 0.374926 0.861131 0.379960 0.305554 0.241335 0.379960 0.305554 0.241335 0.379960 0.374926 0.861131 0.379960 -0.175266 0.922712 0.379960 -0.219526 0.527279 0.379960 -0.219526 0.527279 0.379960 -0.175266 0.922712 -0.379960 -0.175266 0.922712 -0.379960 -0.219526 0.527279 -0.379960 0.275096 -0.030791 0.379960 0.275096 -0.030791 0.379960 -0.275096 0.030791 -0.379960 -0.275096 0.030791 0.379960 0.374926 0.861131 0.379960 -0.175266 0.922712 0.379960 -0.275096 0.030791 0.379960 -0.219526 0.527279 -0.379960 -0.219526 0.527279 0.379960 0.275096 -0.030791 0.379960 0.305554 0.241335 0.379960 -0.219526 0.527279 0.379960 -0.275096 0.030791 -0.379960 0.305554 0.241335 0.379960 0.305554 0.241335 0.379960 0.275096 -0.030791 -0.379960 -0.275096 0.030791 -0.379960 -0.219526 0.527279 -0.379960 0.305554 0.241335 -0.379960 0.275096 -0.030791 " />
								<Normal vector="-0.707083 -0.702689 0.078646 -0.577349 -0.509537 0.637959 -0.577349 0.637959 0.509537 -0.707083 0.702689 -0.078646 -0.707083 0.702689 -0.078646 -0.577349 0.637959 0.509537 0.577349 0.637959 0.509537 0.707083 0.702689 -0.078646 0.707083 0.702689 -0.078646 0.577349 0.637959 0.509537 0.577349 -0.509537 0.637959 0.707083 -0.702689 0.078646 0.707083 -0.702689 0.078646 0.577349 -0.509537 0.637959 -0.577349 -0.509537 0.637959 -0.707083 -0.702689 0.078646 -0.577349 0.509537 -0.637959 0.577349 0.509537 -0.637959 0.577349 -0.637959 -0.509537 -0.577349 -0.637959 -0.509537 0.577349 0.637959 0.509537 0.577349 -0.509537 0.637959 0.577349 -0.637959 -0.509537 0.707083 -0.702689 0.078646 -0.707083 -0.702689 0.078646 0.577349 0.509537 -0.637959 0.707083 0.702689 -0.078646 0.707083 -0.702689 0.078646 0.577349 -0.637959 -0.509537 -0.707083 0.702689 -0.078646 0.707083 0.702689 -0.078646 0.577349 0.509537 -0.637959 -0.577349 -0.637959 -0.509537 -0.707083 -0.702689 0.078646 -0.707083 0.702689 -0.078646 -0.577349 0.509537 -0.637959 " />
								<TextureCoordinate point="0.1888 0.5187 0.3233 0.5187 0.3233 0.9813 0.1888 0.9813 0.1888 0.5187 0.3233 0.5187 0.3233 0.9813 0.1888 0.9813 0.1888 0.5187 0.3233 0.5187 0.3233 0.9813 0.1888 0.9813 0.1888 0.5187 0.3233 0.5187 0.3233 0.9813 0.1888 0.9813 0.0549 0.0242 0.3298 0.0242 0.3298 0.4611 0.0549 0.4611 0.0543 0.5187 0.0543 0.9813 0.0549 0.0242 0.1924 0.0242 0.1924 0.4611 0.0549 0.0242 0.1924 0.0242 0.1924 0.4611 0.0549 0.4611 0.1924 0.0242 0.1924 0.4611 0.0549 0.4611 0.0549 0.0242 0.1924 0.0242 0.1924 0.4611 0.0549 0.4611 " />
							</IndexedTriangleSet>
						</Shape>
					</Group>
				</Transform>
			</Transform>
			<Transform DEF="neck_TRANSFORM"
			           translation="0.000000 -1.167433 0.663902"
			           scale="1.000000 1.000000 1.000000"
			           rotation="0.000000 1.000000 0.000000 0.000000"
			           >
				<Transform DEF="neck_ifs_TRANSFORM"
				           translation="0.000000 0.000000 0.000000"
				           scale="1.000000 1.000000 1.000000"
				           rotation="0.000000 1.000000 0.000000 0.000000"
				           >
					<Group DEF="group_ME_neck">
						<Shape>
							<Appearance>
								<Material USE="MA_Body" />
							</Appearance>
							<IndexedTriangleSet solid="false"
							                    normalPerVertex="true"
							                    index="0 1 2 0 2 3 4 5 6 4 6 7 8 9 10 8 10 11 12 13 14 12 14 15 4 16 17 4 17 15 18 5 14 18 14 19 "
							                    >
								<Coordinate point="-0.230353 -0.224796 -0.050296 -0.230353 -0.315544 0.355303 -0.230353 0.134047 0.455895 -0.230353 0.224796 0.050296 -0.230353 0.224796 0.050296 -0.230353 0.134047 0.455895 0.230353 0.134047 0.455895 0.230353 0.224796 0.050296 0.230353 0.224796 0.050296 0.230353 0.134047 0.455895 0.230353 -0.315544 0.355303 0.230353 -0.224796 -0.050296 0.230353 -0.224796 -0.050296 0.230353 -0.315544 0.355303 -0.230353 -0.315544 0.355303 -0.230353 -0.224796 -0.050296 0.230353 0.224796 0.050296 0.230353 -0.224796 -0.050296 0.230353 0.134047 0.455895 0.230353 -0.315544 0.355303 " />
								<Normal vector="-0.577349 -0.437330 -0.689474 -0.577349 -0.689474 0.437330 -0.577349 0.437330 0.689474 -0.577349 0.689474 -0.437330 -0.577349 0.689474 -0.437330 -0.577349 0.437330 0.689474 0.577349 0.437330 0.689474 0.577349 0.689474 -0.437330 0.577349 0.689474 -0.437330 0.577349 0.437330 0.689474 0.577349 -0.689474 0.437330 0.577349 -0.437330 -0.689474 0.577349 -0.437330 -0.689474 0.577349 -0.689474 0.437330 -0.577349 -0.689474 0.437330 -0.577349 -0.437330 -0.689474 0.577349 0.689474 -0.437330 0.577349 -0.437330 -0.689474 0.577349 0.437330 0.689474 0.577349 -0.689474 0.437330 " />
								<TextureCoordinate point="0.0543 0.5187 0.3233 0.5187 0.3233 0.9813 0.0543 0.9813 0.0543 0.5187 0.3233 0.5187 0.3233 0.9813 0.0543 0.9813 0.0543 0.5187 0.3233 0.5187 0.3233 0.9813 0.0543 0.9813 0.0543 0.5187 0.3233 0.5187 0.3233 0.9813 0.0543 0.9813 0.3233 0.5187 0.3233 0.9813 0.0543 0.5187 0.0543 0.9813 " />
							</IndexedTriangleSet>
						</Shape>
					</Group>
				</Transform>
				<Transform DEF="head_TRANSFORM"
				           translation="0.000000 -0.051717 0.226135"
				           scale="1.000000 1.000000 1.000000"
				           rotation="0.000000 1.000000 0.000000 0.000000"
				           >
					<Transform DEF="head_ifs_TRANSFORM"
					           translation="0.000000 0.000000 0.000000"
					           scale="1.000000 1.000000 1.000000"
					           rotation="0.000000 1.000000 0.000000 0.000000"
					           >
						<Group DEF="group_ME_head">
							<Shape>
								<Appearance>
									<Material USE="MA_Body" />
								</Appearance>
								<IndexedTriangleSet solid="false"
								                    normalPerVertex="true"
								                    index="0 1 2 0 2 3 4 5 6 4 6 7 8 9 10 8 10 11 12 13 14 12 14 15 16 17 18 16 18 19 20 1 14 20 14 21 22 23 24 22 24 25 26 27 28 26 28 29 30 31 32 30 32 33 34 35 36 34 36 37 31 4 7 31 7 32 35 0 3 35 3 36 38 39 40 38 40 41 41 40 4 41 4 31 42 43 12 42 12 23 44 38 41 44 41 45 45 41 31 45 31 30 46 47 42 46 42 48 48 42 23 48 23 22 49 50 51 49 51 52 50 20 21 50 21 51 34 53 54 34 54 25 53 16 19 53 19 54 55 56 57 55 57 43 43 57 13 43 13 12 39 58 59 39 59 40 40 59 5 40 5 4 60 61 16 60 16 53 44 60 53 44 53 34 62 63 20 62 20 50 64 62 50 64 50 49 65 66 8 65 8 27 67 68 35 67 35 34 69 65 27 69 27 26 63 58 1 63 1 20 61 70 17 61 17 16 66 71 9 66 9 8 72 73 1 72 1 0 "
								                    >
									<Coordinate point="-1.178646 -0.846248 1.537894 -1.178646 -0.983922 2.064589 -1.178646 0.572250 2.471362 -1.178646 0.709924 1.944667 0.562278 0.709924 1.944667 0.562278 0.572250 2.471362 1.178646 0.572250 2.471362 1.178646 0.709924 1.944667 1.178646 -0.846248 1.537894 1.178646 -0.983922 2.064589 1.178646 -1.708415 1.875211 1.178646 -1.570740 1.348516 -0.562278 -1.570740 1.348516 -0.562278 -1.708415 1.875211 -1.178646 -1.708415 1.875211 -1.178646 -1.570740 1.348516 0.562278 -0.415840 -0.108698 1.178646 -0.415840 -0.108698 1.178646 -1.140332 -0.298075 0.562278 -1.140332 -0.298075 -0.562278 -0.983922 2.064589 -0.562278 -1.708415 1.875211 -0.562278 -1.140332 -0.298075 -0.562278 -1.302367 0.321815 -1.178646 -1.302367 0.321815 -1.178646 -1.140332 -0.298075 1.178646 -0.415840 -0.108698 1.178646 -0.577875 0.511192 1.178646 -1.302367 0.321815 1.178646 -1.140332 -0.298075 0.562278 1.140332 0.298075 0.562278 0.978297 0.917965 1.178646 0.978297 0.917965 1.178646 1.140332 0.298075 -1.178646 -0.415840 -0.108698 -1.178646 -0.577875 0.511192 -1.178646 0.978297 0.917965 -1.178646 1.140332 0.298075 -1.178646 0.978297 0.917965 -1.178646 0.709924 1.944667 -0.562278 0.709924 1.944667 -0.562278 0.978297 0.917965 0.562278 -1.302367 0.321815 0.562278 -1.570740 1.348516 -1.178646 1.140332 0.298075 -0.562278 1.140332 0.298075 1.178646 -1.140332 -0.298075 1.178646 -1.302367 0.321815 0.562278 -1.140332 -0.298075 1.178646 -0.983922 2.064589 0.562278 -0.983922 2.064589 0.562278 -1.708415 1.875211 1.178646 -1.708415 1.875211 -0.562278 -0.415840 -0.108698 -0.562278 -1.140332 -0.298075 1.178646 -1.570740 1.348516 1.178646 -1.708415 1.875211 0.562278 -1.708415 1.875211 -1.178646 0.572250 2.471362 -0.562278 0.572250 2.471362 -0.562278 1.140332 0.298075 0.562278 1.140332 0.298075 0.562278 0.572250 2.471362 -0.562278 0.572250 2.471362 1.178646 0.572250 2.471362 1.178646 0.978297 0.917965 1.178646 0.709924 1.944667 -1.178646 -1.140332 -0.298075 -1.178646 -1.302367 0.321815 1.178646 1.140332 0.298075 1.178646 1.140332 0.298075 1.178646 0.572250 2.471362 -1.178646 -1.570740 1.348516 -1.178646 -1.708415 1.875211 " />
									<Normal vector="-1.000000 0.000000 0.000000 -0.707083 -0.178808 0.684103 -0.577349 0.412549 0.704581 -0.707083 0.684103 0.178808 0.000000 0.967467 0.252876 0.000000 0.505295 0.862941 0.577349 0.412549 0.704581 0.707083 0.684103 0.178808 1.000000 0.000000 0.000000 0.707083 -0.178808 0.684103 0.577349 -0.704581 0.412549 0.707083 -0.684103 -0.178808 0.000000 -0.967467 -0.252876 0.000000 -0.862941 0.505295 -0.577349 -0.704581 0.412549 -0.707083 -0.684103 -0.178808 0.000000 0.252876 -0.967467 0.707083 0.178808 -0.684103 0.577349 -0.412549 -0.704581 0.000000 -0.505295 -0.862941 0.000000 -0.252876 0.967467 0.000000 -0.862941 0.505295 0.000000 -0.505295 -0.862941 0.000000 -0.967467 -0.252876 -0.707083 -0.684103 -0.178808 -0.577349 -0.412549 -0.704581 0.707083 0.178808 -0.684103 1.000000 0.000000 0.000000 0.707083 -0.684103 -0.178808 0.577349 -0.412549 -0.704581 0.000000 0.862941 -0.505295 0.000000 0.967467 0.252876 0.707083 0.684103 0.178808 0.577349 0.704581 -0.412549 -0.707083 0.178808 -0.684103 -1.000000 0.000000 0.000000 -0.707083 0.684103 0.178808 -0.577349 0.704581 -0.412549 -0.707083 0.684103 0.178808 -0.707083 0.684103 0.178808 0.000000 0.967467 0.252876 0.000000 0.967467 0.252876 0.000000 -0.967467 -0.252876 0.000000 -0.967467 -0.252876 -0.577349 0.704581 -0.412549 0.000000 0.862941 -0.505295 0.577349 -0.412549 -0.704581 0.707083 -0.684103 -0.178808 0.000000 -0.505295 -0.862941 0.707083 -0.178808 0.684103 0.000000 -0.252876 0.967467 0.000000 -0.862941 0.505295 0.577349 -0.704581 0.412549 0.000000 0.252876 -0.967467 0.000000 -0.505295 -0.862941 0.707083 -0.684103 -0.178808 0.577349 -0.704581 0.412549 0.000000 -0.862941 0.505295 -0.577349 0.412549 0.704581 0.000000 0.505295 0.862941 0.000000 0.862941 -0.505295 0.000000 0.862941 -0.505295 0.000000 0.505295 0.862941 0.000000 0.505295 0.862941 0.577349 0.412549 0.704581 0.707083 0.684103 0.178808 0.707083 0.684103 0.178808 -0.577349 -0.412549 -0.704581 -0.707083 -0.684103 -0.178808 0.577349 0.704581 -0.412549 0.577349 0.704581 -0.412549 0.577349 0.412549 0.704581 -0.707083 -0.684103 -0.178808 -0.577349 -0.704581 0.412549 " />
									<TextureCoordinate point="0.2560 0.7500 0.3233 0.7500 0.3233 0.9813 0.2560 0.9813 0.2560 0.8271 0.3233 0.8271 0.3233 0.9813 0.2560 0.9813 0.2560 0.7500 0.3233 0.7500 0.3233 0.9813 0.2560 0.9813 0.2560 0.8271 0.3233 0.8271 0.3233 0.9813 0.2560 0.9813 0.2336 0.7500 0.3233 0.7500 0.3233 0.9813 0.2336 0.9813 0.2336 0.7500 0.2336 0.9813 0.0543 0.8271 0.1888 0.8271 0.1888 0.9813 0.0543 0.9813 0.0543 0.7500 0.1888 0.7500 0.1888 0.9813 0.0543 0.9813 0.0543 0.8271 0.1888 0.8271 0.1888 0.9813 0.0543 0.9813 0.0543 0.7500 0.1888 0.7500 0.1888 0.9813 0.0543 0.9813 0.1888 0.5187 0.2560 0.5187 0.2560 0.6729 0.1888 0.6729 0.1888 0.6729 0.2560 0.6729 0.0543 0.5187 0.0543 0.6729 0.0543 0.5187 0.1888 0.5187 0.0543 0.6729 0.0543 0.7500 0.1440 0.7500 0.1440 0.9813 0.0543 0.9813 0.1440 0.7500 0.1440 0.9813 0.2560 0.5187 0.3233 0.5187 0.3233 0.6729 0.3233 0.5187 0.3233 0.6729 0.1440 0.5187 0.2336 0.5187 0.1440 0.5187 0.2336 0.5187 0.0543 0.5187 0.1888 0.5187 0.2560 0.5187 0.0543 0.5187 0.1888 0.5187 0.0543 0.5187 0.3233 0.5187 0.3233 0.5187 0.2560 0.5187 0.3233 0.5187 " />
								</IndexedTriangleSet>
							</Shape>
							<Shape>
								<Appearance>
									<Material DEF="MA_Eye"
									          diffuseColor="0.800 0.800 0.800"
									          specularColor="0.401 0.401 0.401"
									          emissiveColor="0.000 0.000 0.000"
									          ambientIntensity="0.000"
									          shininess="0.500"
									          transparency="0.0"
									          />
								</Appearance>
								<IndexedTriangleSet solid="false"
								                    normalPerVertex="true"
								                    index="0 1 2 0 2 3 4 5 6 4 6 7 7 6 8 7 8 9 3 2 10 3 10 11 "
								                    >
									<Coordinate point="-0.562278 -1.302367 0.321815 -0.562278 -1.570740 1.348516 -1.178646 -1.570740 1.348516 -1.178646 -1.302367 0.321815 1.178646 -0.577875 0.511192 1.178646 -0.846248 1.537894 1.178646 -1.570740 1.348516 1.178646 -1.302367 0.321815 0.562278 -1.570740 1.348516 0.562278 -1.302367 0.321815 -1.178646 -0.846248 1.537894 -1.178646 -0.577875 0.511192 " />
									<Normal vector="0.000000 -0.967467 -0.252876 0.000000 -0.967467 -0.252876 -0.707083 -0.684103 -0.178808 -0.707083 -0.684103 -0.178808 1.000000 0.000000 0.000000 1.000000 0.000000 0.000000 0.707083 -0.684103 -0.178808 0.707083 -0.684103 -0.178808 0.000000 -0.967467 -0.252876 0.000000 -0.967467 -0.252876 -1.000000 0.000000 0.000000 -1.000000 0.000000 0.000000 " />
									<TextureCoordinate point="0.0091 0.5236 0.0091 0.9686 0.5684 0.9686 0.5684 0.5236 0.9909 0.5236 0.9909 0.9686 0.5684 0.9686 0.5684 0.5236 0.0091 0.9686 0.0091 0.5236 0.9909 0.9686 0.9909 0.5236 " />
								</IndexedTriangleSet>
							</Shape>
						</Group>
					</Transform>
					<Transform DEF="mouth_TRANSFORM"
					           translation="0.000000 -1.072246 0.144612"
					           scale="1.000000 1.000000 1.000000"
					           rotation="0.000000 1.000000 0.000000 0.000000"
					           >
						<Transform DEF="mouth_ifs_TRANSFORM"
						           translation="0.000000 0.000000 0.000000"
						           scale="1.000000 1.000000 1.000000"
						           rotation="0.000000 1.000000 0.000000 0.000000"
						           >
							<Group DEF="group_ME_mouth">
								<Shape>
									<Appearance>
										<Material USE="MA_Body" />
									</Appearance>
									<IndexedTriangleSet solid="false"
									                    normalPerVertex="true"
									                    index="0 1 2 0 2 3 4 5 6 4 6 7 8 9 10 8 10 11 12 13 14 12 14 15 16 17 18 16 18 15 19 20 14 19 14 21 "
									                    >
										<Coordinate point="-0.536344 -0.089678 -0.071974 -0.536344 -0.462005 0.391942 -0.536344 -0.282649 0.535889 -0.536344 0.089678 0.071974 -0.536344 0.089678 0.071974 -0.536344 -0.282649 0.535889 0.536344 -0.282649 0.535889 0.536344 0.089678 0.071974 0.536344 0.089678 0.071974 0.536344 -0.282649 0.535889 0.536344 -0.462005 0.391942 0.536344 -0.089678 -0.071974 0.536344 -0.089678 -0.071974 0.536344 -0.462005 0.391942 -0.536344 -0.462005 0.391942 -0.536344 -0.089678 -0.071974 -0.536344 0.089678 0.071974 0.536344 0.089678 0.071974 0.536344 -0.089678 -0.071974 0.536344 -0.282649 0.535889 -0.536344 -0.282649 0.535889 0.536344 -0.462005 0.391942 " />
										<Normal vector="-0.577349 -0.088870 -0.811640 -0.577349 -0.811640 0.088870 -0.577349 0.088870 0.811640 -0.577349 0.811640 -0.088870 -0.577349 0.811640 -0.088870 -0.577349 0.088870 0.811640 0.577349 0.088870 0.811640 0.577349 0.811640 -0.088870 0.577349 0.811640 -0.088870 0.577349 0.088870 0.811640 0.577349 -0.811640 0.088870 0.577349 -0.088870 -0.811640 0.577349 -0.088870 -0.811640 0.577349 -0.811640 0.088870 -0.577349 -0.811640 0.088870 -0.577349 -0.088870 -0.811640 -0.577349 0.811640 -0.088870 0.577349 0.811640 -0.088870 0.577349 -0.088870 -0.811640 0.577349 0.088870 0.811640 -0.577349 0.088870 0.811640 0.577349 -0.811640 0.088870 " />
										<TextureCoordinate point="0.0543 0.5187 0.3233 0.5187 0.3233 0.9813 0.0543 0.9813 0.5592 0.0383 0.9544 0.0383 0.9544 0.2701 0.5592 0.2701 0.0543 0.5187 0.3233 0.5187 0.3233 0.9813 0.0543 0.9813 0.0543 0.5187 0.3233 0.5187 0.3233 0.9813 0.0543 0.9813 0.0543 0.5187 0.3233 0.5187 0.3233 0.9813 0.0543 0.5187 0.3233 0.5187 0.0543 0.9813 " />
									</IndexedTriangleSet>
								</Shape>
							</Group>
						</Transform>
					</Transform>
					<Transform DEF="Cube_027_TRANSFORM"
					           translation="0.000000 -1.572429 1.197304"
					           scale="1.000000 1.000000 1.000000"
					           rotation="0.000000 1.000000 0.000000 0.000000"
					           >
						<Transform DEF="Cube_027_ifs_TRANSFORM"
						           translation="0.000000 0.000000 0.000000"
						           scale="1.000000 1.000000 1.000000"
						           rotation="0.000000 1.000000 0.000000 0.000000"
						           >
							<Group DEF="group_ME_Cube_034">
								<Shape>
									<Appearance>
										<Material USE="MA_Body" />
									</Appearance>
									<IndexedTriangleSet solid="false"
									                    normalPerVertex="true"
									                    index="0 1 2 0 2 3 4 5 6 4 6 7 8 9 10 8 10 11 12 13 14 12 14 15 4 16 17 4 17 15 18 5 14 18 14 19 "
									                    >
										<Coordinate point="-0.338888 0.156391 0.006106 -0.338888 0.189211 -0.834512 -0.338888 -0.123570 -0.846724 -0.338888 -0.156391 -0.006106 -0.338888 -0.156391 -0.006106 -0.338888 -0.123570 -0.846724 0.338888 -0.123570 -0.846724 0.338888 -0.156391 -0.006106 0.338888 -0.156391 -0.006106 0.338888 -0.123570 -0.846724 0.338888 0.189211 -0.834512 0.338888 0.156391 0.006106 0.338888 0.156391 0.006106 0.338888 0.189211 -0.834512 -0.338888 0.189211 -0.834512 -0.338888 0.156391 0.006106 0.338888 -0.156391 -0.006106 0.338888 0.156391 0.006106 0.338888 -0.123570 -0.846724 0.338888 0.189211 -0.834512 " />
										<Normal vector="-0.577349 0.554369 0.599414 -0.577349 0.599414 -0.554369 -0.577349 -0.554369 -0.599414 -0.577349 -0.599414 0.554369 -0.577349 -0.599414 0.554369 -0.577349 -0.554369 -0.599414 0.577349 -0.554369 -0.599414 0.577349 -0.599414 0.554369 0.577349 -0.599414 0.554369 0.577349 -0.554369 -0.599414 0.577349 0.599414 -0.554369 0.577349 0.554369 0.599414 0.577349 0.554369 0.599414 0.577349 0.599414 -0.554369 -0.577349 0.599414 -0.554369 -0.577349 0.554369 0.599414 0.577349 -0.599414 0.554369 0.577349 0.554369 0.599414 0.577349 -0.554369 -0.599414 0.577349 0.599414 -0.554369 " />
										<TextureCoordinate point="0.0543 0.5187 0.3233 0.5187 0.3233 0.9813 0.0543 0.9813 0.0543 0.5187 0.3233 0.5187 0.3233 0.9813 0.0543 0.9813 0.0543 0.5187 0.3233 0.5187 0.3233 0.9813 0.0543 0.9813 0.0543 0.5187 0.3233 0.5187 0.3233 0.9813 0.0543 0.9813 0.3233 0.5187 0.3233 0.9813 0.0543 0.5187 0.0543 0.9813 " />
									</IndexedTriangleSet>
								</Shape>
							</Group>
						</Transform>
					</Transform>
					<Transform DEF="Cube_028_TRANSFORM"
					           translation="0.000000 -1.597098 1.149537"
					           scale="1.000000 1.000000 1.000000"
					           rotation="0.000000 1.000000 0.000000 0.000000"
					           >
						<Transform DEF="Cube_028_ifs_TRANSFORM"
						           translation="0.000000 0.000000 0.000000"
						           scale="1.000000 1.000000 1.000000"
						           rotation="0.000000 1.000000 0.000000 0.000000"
						           >
							<Group DEF="group_ME_Cube_035">
								<Shape>
									<Appearance>
										<Material USE="MA_Body" />
									</Appearance>
									<IndexedTriangleSet solid="false"
									                    normalPerVertex="true"
									                    index="0 1 2 0 2 3 4 5 6 4 6 7 8 9 10 8 10 11 12 13 14 12 14 15 16 17 18 16 18 19 20 21 14 20 14 22 23 24 25 23 25 26 24 20 22 24 22 25 27 28 29 27 29 30 31 32 33 31 33 34 35 36 37 35 37 38 38 37 13 38 13 12 39 21 40 39 40 41 41 40 5 41 5 4 42 41 4 42 4 43 27 39 41 27 41 42 44 45 46 44 46 47 48 35 38 48 38 49 50 12 15 50 15 30 51 8 11 51 11 52 43 4 7 43 7 53 54 0 3 54 3 55 "
									                    >
										<Coordinate point="-1.243024 -0.171040 1.381979 -1.243024 -0.244626 2.294260 -1.243024 -0.126261 2.303807 -1.243024 -0.052675 1.391526 0.684089 -0.052675 1.391526 0.684089 -0.126261 2.303807 1.243024 -0.126261 2.303807 1.243024 -0.052675 1.391526 1.243024 -0.052675 1.391526 1.243024 -0.126261 2.303807 1.243024 -0.244626 2.294260 1.243024 -0.171040 1.381979 -0.684089 -0.171040 1.381979 -0.684089 -0.244626 2.294259 -1.243024 -0.244626 2.294260 -1.243024 -0.171040 1.381979 0.684089 0.059182 0.004774 1.243024 0.059182 0.004774 1.243024 -0.059182 -0.004774 0.684089 -0.059182 -0.004773 -0.684089 -0.126261 2.303807 -1.243024 -0.126261 2.303807 -0.684089 -0.244626 2.294259 1.243024 -0.126261 2.303807 0.684089 -0.126261 2.303807 0.684089 -0.244626 2.294259 1.243024 -0.244626 2.294260 -1.243024 0.059182 0.004774 -0.684089 0.059182 0.004774 -0.684089 -0.059182 -0.004773 -1.243024 -0.059182 -0.004774 -0.684089 0.059182 0.004774 0.684089 0.059182 0.004774 0.684089 -0.059182 -0.004773 -0.684089 -0.059182 -0.004773 1.243024 -0.171040 1.381979 1.243024 -0.244626 2.294260 0.684089 -0.244626 2.294259 0.684089 -0.171040 1.381979 -1.243024 -0.052675 1.391526 -0.684089 -0.126261 2.303807 -0.684089 -0.052675 1.391526 -0.684089 0.059182 0.004774 0.684089 0.059182 0.004774 0.684089 -0.059182 -0.004773 0.684089 -0.171040 1.381979 -0.684089 -0.171040 1.381979 -0.684089 -0.059182 -0.004773 1.243024 -0.059182 -0.004774 0.684089 -0.059182 -0.004773 -0.684089 -0.059182 -0.004773 1.243024 0.059182 0.004774 1.243024 -0.059182 -0.004774 1.243024 0.059182 0.004774 -1.243024 -0.059182 -0.004774 -1.243024 0.059182 0.004774 " />
										<Normal vector="-0.707083 -0.704794 -0.056825 -0.577349 -0.621876 0.529038 -0.577349 0.529038 0.621876 -0.707083 0.704794 0.056825 0.000000 0.996734 0.080386 0.000000 0.647938 0.761650 0.577349 0.529038 0.621876 0.707083 0.704794 0.056825 0.707083 0.704794 0.056825 0.577349 0.529038 0.621876 0.577349 -0.621876 0.529038 0.707083 -0.704794 -0.056825 0.000000 -0.996734 -0.080386 0.000000 -0.761650 0.647938 -0.577349 -0.621876 0.529038 -0.707083 -0.704794 -0.056825 0.000000 0.761650 -0.647938 0.577349 0.621876 -0.529038 0.577349 -0.529038 -0.621876 0.000000 -0.647938 -0.761650 0.000000 0.647938 0.761650 -0.577349 0.529038 0.621876 0.000000 -0.761650 0.647938 0.577349 0.529038 0.621876 0.000000 0.647938 0.761650 0.000000 -0.761650 0.647938 0.577349 -0.621876 0.529038 -0.577349 0.621876 -0.529038 0.000000 0.761650 -0.647938 0.000000 -0.647938 -0.761650 -0.577349 -0.529038 -0.621876 0.000000 0.761650 -0.647938 0.000000 0.761650 -0.647938 0.000000 -0.647938 -0.761650 0.000000 -0.647938 -0.761650 0.707083 -0.704794 -0.056825 0.577349 -0.621876 0.529038 0.000000 -0.761650 0.647938 0.000000 -0.996734 -0.080386 -0.707083 0.704794 0.056825 0.000000 0.647938 0.761650 0.000000 0.996734 0.080386 0.000000 0.761650 -0.647938 0.000000 0.761650 -0.647938 0.000000 -0.647938 -0.761650 0.000000 -0.996734 -0.080386 0.000000 -0.996734 -0.080386 0.000000 -0.647938 -0.761650 0.577349 -0.529038 -0.621876 0.000000 -0.647938 -0.761650 0.000000 -0.647938 -0.761650 0.577349 0.621876 -0.529038 0.577349 -0.529038 -0.621876 0.577349 0.621876 -0.529038 -0.577349 -0.529038 -0.621876 -0.577349 0.621876 -0.529038 " />
										<TextureCoordinate point="0.7539 0.6581 0.9835 0.6581 0.9835 0.9669 0.7539 0.9669 0.7539 0.8640 0.9835 0.8640 0.9835 0.9669 0.7539 0.9669 0.7539 0.6581 0.9835 0.6581 0.9835 0.9669 0.7539 0.9669 0.7539 0.8640 0.9835 0.8640 0.9835 0.9669 0.7539 0.9669 0.8304 0.6581 0.9835 0.6581 0.9835 0.9669 0.8304 0.9669 0.8304 0.6581 0.9835 0.6581 0.8304 0.9669 0.5243 0.6581 0.6774 0.6581 0.6774 0.9669 0.5243 0.9669 0.5243 0.6581 0.6774 0.6581 0.6774 0.9669 0.5243 0.9669 0.6674 0.3402 0.9783 0.3402 0.9783 0.5895 0.6674 0.5895 0.7539 0.6581 0.9835 0.6581 0.9835 0.7610 0.7539 0.7610 0.7539 0.6581 0.9835 0.7610 0.7539 0.7610 0.5243 0.7610 0.5243 0.8640 0.6687 0.3359 0.9772 0.3359 0.9772 0.5938 0.6687 0.5938 0.5243 0.6581 0.5243 0.7610 0.5243 0.8640 0.5243 0.6581 0.5243 0.9669 0.5243 0.9669 0.5243 0.6581 0.5243 0.9669 " />
									</IndexedTriangleSet>
								</Shape>
							</Group>
						</Transform>
					</Transform>
					<Transform DEF="Cube_029_TRANSFORM"
					           translation="1.076440 -0.326213 1.849962"
					           scale="1.000000 1.000000 1.000000"
					           rotation="0.000000 1.000000 0.000000 0.000000"
					           >
						<Transform DEF="Cube_029_ifs_TRANSFORM"
						           translation="0.000000 0.000000 0.000000"
						           scale="1.000000 1.000000 1.000000"
						           rotation="0.000000 1.000000 0.000000 0.000000"
						           >
							<Group DEF="group_ME_Cube">
								<Shape>
									<Appearance>
										<Material USE="MA_Body" />
									</Appearance>
									<IndexedTriangleSet solid="false"
									                    normalPerVertex="true"
									                    index="0 1 2 0 2 3 4 5 6 4 6 7 8 9 10 8 10 11 12 13 14 12 14 15 4 16 17 4 17 15 18 5 14 18 14 19 "
									                    >
										<Coordinate point="0.128965 -0.033743 -0.188332 0.072094 -0.117241 0.185193 -0.128965 0.033743 0.188332 -0.072094 0.117241 -0.185193 -0.072094 0.117241 -0.185193 -0.128965 0.033743 0.188332 0.388904 0.718544 0.420260 0.445775 0.802042 0.046736 0.445775 0.802042 0.046736 0.388904 0.718544 0.420260 0.589962 0.567560 0.417122 0.646834 0.651058 0.043597 0.646834 0.651058 0.043597 0.589962 0.567560 0.417122 0.072094 -0.117241 0.185193 0.128965 -0.033743 -0.188332 0.445775 0.802042 0.046736 0.646834 0.651058 0.043597 0.388904 0.718544 0.420260 0.589962 0.567560 0.417122 " />
										<Normal vector="0.210273 -0.666616 -0.715079 0.040559 -0.915799 0.399548 -0.882656 -0.222480 0.413953 -0.712943 0.026673 -0.700674 -0.712943 0.026673 -0.700674 -0.882656 -0.222480 0.413953 -0.210273 0.666616 0.715079 -0.040559 0.915799 -0.399548 -0.040559 0.915799 -0.399548 -0.210273 0.666616 0.715079 0.712943 -0.026673 0.700674 0.882656 0.222480 -0.413953 0.882656 0.222480 -0.413953 0.712943 -0.026673 0.700674 0.040559 -0.915799 0.399548 0.210273 -0.666616 -0.715079 -0.040559 0.915799 -0.399548 0.882656 0.222480 -0.413953 -0.210273 0.666616 0.715079 0.712943 -0.026673 0.700674 " />
										<TextureCoordinate point="0.0562 0.5298 0.3123 0.5298 0.3123 0.9702 0.0562 0.9702 0.0562 0.5298 0.3123 0.5298 0.3123 0.9702 0.0562 0.9702 0.0562 0.5298 0.3123 0.5298 0.3123 0.9702 0.0562 0.9702 0.0562 0.5298 0.3123 0.5298 0.3123 0.9702 0.0562 0.9702 0.3123 0.5298 0.3123 0.9702 0.0562 0.5298 0.0562 0.9702 " />
									</IndexedTriangleSet>
								</Shape>
							</Group>
						</Transform>
						<Transform DEF="Cube_030_TRANSFORM"
						           translation="0.009981 0.062563 -0.215545"
						           scale="1.000000 1.000000 1.000000"
						           rotation="0.000000 1.000000 0.000000 0.000000"
						           >
							<Transform DEF="Cube_030_ifs_TRANSFORM"
							           translation="0.000000 0.000000 0.000000"
							           scale="1.000000 1.000000 1.000000"
							           rotation="0.000000 1.000000 0.000000 0.000000"
							           >
								<Group DEF="group_ME_Cube_001">
									<Shape>
										<Appearance>
											<Material USE="MA_Body" />
										</Appearance>
										<IndexedTriangleSet solid="false"
										                    normalPerVertex="true"
										                    index="0 1 2 0 2 3 4 5 6 4 6 7 8 9 10 8 10 11 12 13 14 12 14 15 4 16 17 4 17 15 18 5 14 18 14 19 "
										                    >
											<Coordinate point="0.082108 -0.035608 -0.106200 0.065665 -0.061906 0.105564 -0.082108 0.035608 0.106200 -0.065665 0.061906 -0.105564 -0.065665 0.061906 -0.105564 -0.082108 0.035608 0.106200 0.256941 0.548817 0.196261 0.273384 0.575115 -0.015503 0.273384 0.575115 -0.015503 0.256941 0.548817 0.196261 0.404714 0.451302 0.195625 0.421157 0.477601 -0.016139 0.421157 0.477601 -0.016139 0.404714 0.451302 0.195625 0.065665 -0.061906 0.105564 0.082108 -0.035608 -0.106200 0.273384 0.575115 -0.015503 0.421157 0.477601 -0.016139 0.256941 0.548817 0.196261 0.404714 0.451302 0.195625 " />
											<Normal vector="0.211341 -0.723655 -0.656972 0.122623 -0.865566 0.485519 -0.841121 -0.229560 0.489669 -0.752403 -0.087680 -0.652821 -0.752403 -0.087680 -0.652821 -0.841121 -0.229560 0.489669 -0.211341 0.723655 0.656972 -0.122623 0.865566 -0.485519 -0.122623 0.865566 -0.485519 -0.211341 0.723655 0.656972 0.752403 0.087680 0.652821 0.841121 0.229560 -0.489669 0.841121 0.229560 -0.489669 0.752403 0.087680 0.652821 0.122623 -0.865566 0.485519 0.211341 -0.723655 -0.656972 -0.122623 0.865566 -0.485519 0.841121 0.229560 -0.489669 -0.211341 0.723655 0.656972 0.752403 0.087680 0.652821 " />
											<TextureCoordinate point="0.0562 0.5298 0.3123 0.5298 0.3123 0.9702 0.0562 0.9702 0.0562 0.5298 0.3123 0.5298 0.3123 0.9702 0.0562 0.9702 0.0562 0.5298 0.3123 0.5298 0.3123 0.9702 0.0562 0.9702 0.0562 0.5298 0.3123 0.5298 0.3123 0.9702 0.0562 0.9702 0.3123 0.5298 0.3123 0.9702 0.0562 0.5298 0.0562 0.9702 " />
										</IndexedTriangleSet>
									</Shape>
								</Group>
							</Transform>
						</Transform>
					</Transform>
					<Transform DEF="Cube_015_TRANSFORM"
					           translation="-1.076440 -0.326213 1.849962"
					           scale="1.000000 1.000000 1.000000"
					           rotation="0.000000 1.000000 0.000000 0.000000"
					           >
						<Transform DEF="Cube_015_ifs_TRANSFORM"
						           translation="0.000000 0.000000 0.000000"
						           scale="1.000000 1.000000 1.000000"
						           rotation="0.000000 1.000000 0.000000 0.000000"
						           >
							<Group DEF="group_ME_Cube_016">
								<Shape>
									<Appearance>
										<Material USE="MA_Body" />
									</Appearance>
									<IndexedTriangleSet solid="false"
									                    normalPerVertex="true"
									                    index="0 1 2 0 2 3 4 5 6 4 6 7 8 9 10 8 10 11 12 13 14 12 14 15 4 13 16 4 16 17 18 19 14 18 14 7 "
									                    >
										<Coordinate point="-0.128965 -0.033743 -0.188332 0.072094 0.117241 -0.185193 0.128965 0.033743 0.188332 -0.072094 -0.117241 0.185193 0.072094 0.117241 -0.185193 -0.445775 0.802042 0.046736 -0.388904 0.718544 0.420260 0.128965 0.033743 0.188332 -0.445775 0.802042 0.046736 -0.646834 0.651058 0.043597 -0.589962 0.567560 0.417122 -0.388904 0.718544 0.420260 -0.646834 0.651058 0.043597 -0.128965 -0.033743 -0.188332 -0.072094 -0.117241 0.185193 -0.589962 0.567560 0.417122 -0.646834 0.651058 0.043597 -0.445775 0.802042 0.046736 -0.388904 0.718544 0.420260 -0.589962 0.567560 0.417122 " />
										<Normal vector="-0.210273 -0.666616 -0.715079 0.712943 0.026673 -0.700674 0.882656 -0.222480 0.413953 -0.040559 -0.915799 0.399548 0.712943 0.026673 -0.700674 0.040559 0.915799 -0.399548 0.210273 0.666616 0.715079 0.882656 -0.222480 0.413953 0.040559 0.915799 -0.399548 -0.882656 0.222480 -0.413953 -0.712943 -0.026673 0.700674 0.210273 0.666616 0.715079 -0.882656 0.222480 -0.413953 -0.210273 -0.666616 -0.715079 -0.040559 -0.915799 0.399548 -0.712943 -0.026673 0.700674 -0.882656 0.222480 -0.413953 0.040559 0.915799 -0.399548 0.210273 0.666616 0.715079 -0.712943 -0.026673 0.700674 " />
										<TextureCoordinate point="0.0562 0.5298 0.0562 0.9702 0.3123 0.9702 0.3123 0.5298 0.0562 0.5298 0.0562 0.9702 0.3123 0.9702 0.3123 0.5298 0.0562 0.5298 0.0562 0.9702 0.3123 0.9702 0.3123 0.5298 0.0562 0.5298 0.0562 0.9702 0.3123 0.9702 0.3123 0.5298 0.3123 0.9702 0.3123 0.5298 0.0562 0.5298 0.0562 0.9702 " />
									</IndexedTriangleSet>
								</Shape>
							</Group>
						</Transform>
						<Transform DEF="Cube_019_TRANSFORM"
						           translation="-0.009981 0.062563 -0.215545"
						           scale="1.000000 1.000000 1.000000"
						           rotation="0.000000 1.000000 0.000000 0.000000"
						           >
							<Transform DEF="Cube_019_ifs_TRANSFORM"
							           translation="0.000000 0.000000 0.000000"
							           scale="1.000000 1.000000 1.000000"
							           rotation="0.000000 1.000000 0.000000 0.000000"
							           >
								<Group DEF="group_ME_Cube_018">
									<Shape>
										<Appearance>
											<Material USE="MA_Body" />
										</Appearance>
										<IndexedTriangleSet solid="false"
										                    normalPerVertex="true"
										                    index="0 1 2 0 2 3 4 5 6 4 6 7 8 9 10 8 10 11 12 13 14 12 14 15 4 13 16 4 16 17 18 19 14 18 14 7 "
										                    >
											<Coordinate point="-0.082108 -0.035608 -0.106200 0.065665 0.061907 -0.105564 0.082108 0.035608 0.106200 -0.065665 -0.061907 0.105564 0.065665 0.061907 -0.105564 -0.273384 0.575115 -0.015503 -0.256941 0.548817 0.196261 0.082108 0.035608 0.106200 -0.273384 0.575115 -0.015503 -0.421157 0.477601 -0.016139 -0.404714 0.451302 0.195625 -0.256941 0.548817 0.196261 -0.421157 0.477601 -0.016139 -0.082108 -0.035608 -0.106200 -0.065665 -0.061907 0.105564 -0.404714 0.451302 0.195625 -0.421157 0.477601 -0.016139 -0.273384 0.575115 -0.015503 -0.256941 0.548817 0.196261 -0.404714 0.451302 0.195625 " />
											<Normal vector="-0.211341 -0.723655 -0.656972 0.752403 -0.087680 -0.652821 0.841121 -0.229560 0.489669 -0.122623 -0.865566 0.485519 0.752403 -0.087680 -0.652821 0.122623 0.865566 -0.485519 0.211341 0.723655 0.656972 0.841121 -0.229560 0.489669 0.122623 0.865566 -0.485519 -0.841121 0.229560 -0.489669 -0.752403 0.087680 0.652821 0.211341 0.723655 0.656972 -0.841121 0.229560 -0.489669 -0.211341 -0.723655 -0.656972 -0.122623 -0.865566 0.485519 -0.752403 0.087680 0.652821 -0.841121 0.229560 -0.489669 0.122623 0.865566 -0.485519 0.211341 0.723655 0.656972 -0.752403 0.087680 0.652821 " />
											<TextureCoordinate point="0.0562 0.5298 0.0562 0.9702 0.3123 0.9702 0.3123 0.5298 0.0562 0.5298 0.0562 0.9702 0.3123 0.9702 0.3123 0.5298 0.0562 0.5298 0.0562 0.9702 0.3123 0.9702 0.3123 0.5298 0.0562 0.5298 0.0562 0.9702 0.3123 0.9702 0.3123 0.5298 0.3123 0.9702 0.3123 0.5298 0.0562 0.5298 0.0562 0.9702 " />
										</IndexedTriangleSet>
									</Shape>
								</Group>
							</Transform>
						</Transform>
					</Transform>
				</Transform>
			</Transform>
			<Transform DEF="Cube_006_TRANSFORM"
			           translation="0.000000 0.641163 0.282840"
			           scale="1.000000 1.000000 1.000000"
			           rotation="0.000000 1.000000 0.000000 0.000000"
			           >
				<Transform DEF="Cube_006_ifs_TRANSFORM"
				           translation="0.000000 0.000000 0.000000"
				           scale="1.000000 1.000000 1.000000"
				           rotation="0.000000 1.000000 0.000000 0.000000"
				           >
					<Group DEF="group_ME_Cube_012">
						<Shape>
							<Appearance>
								<Material USE="MA_Body" />
							</Appearance>
							<IndexedTriangleSet solid="false"
							                    normalPerVertex="true"
							                    index="0 1 2 0 2 3 4 5 6 4 6 7 8 9 10 8 10 11 12 13 14 12 14 15 4 16 17 4 17 15 18 5 14 18 14 19 "
							                    >
								<Coordinate point="-0.367726 0.076198 -0.376807 -0.367726 -0.076198 0.376807 -0.367726 0.231272 0.438983 -0.367726 0.383667 -0.314631 -0.367726 0.383667 -0.314631 -0.367726 0.231272 0.438983 0.367726 0.231272 0.438983 0.367726 0.383667 -0.314631 0.367726 0.383667 -0.314631 0.367726 0.231272 0.438983 0.367726 -0.076198 0.376807 0.367726 0.076198 -0.376807 0.367726 0.076198 -0.376807 0.367726 -0.076198 0.376807 -0.367726 -0.076198 0.376807 -0.367726 0.076198 -0.376807 0.367726 0.383667 -0.314631 0.367726 0.076198 -0.376807 0.367726 0.231272 0.438983 0.367726 -0.076198 0.376807 " />
								<Normal vector="-0.577349 -0.451460 -0.680319 -0.577349 -0.680319 0.451460 -0.577349 0.451460 0.680319 -0.577349 0.680319 -0.451460 -0.577349 0.680319 -0.451460 -0.577349 0.451460 0.680319 0.577349 0.451460 0.680319 0.577349 0.680319 -0.451460 0.577349 0.680319 -0.451460 0.577349 0.451460 0.680319 0.577349 -0.680319 0.451460 0.577349 -0.451460 -0.680319 0.577349 -0.451460 -0.680319 0.577349 -0.680319 0.451460 -0.577349 -0.680319 0.451460 -0.577349 -0.451460 -0.680319 0.577349 0.680319 -0.451460 0.577349 -0.451460 -0.680319 0.577349 0.451460 0.680319 0.577349 -0.680319 0.451460 " />
								<TextureCoordinate point="0.0543 0.5187 0.3233 0.5187 0.3233 0.9813 0.0543 0.9813 0.0543 0.5187 0.3233 0.5187 0.3233 0.9813 0.0543 0.9813 0.0543 0.5187 0.3233 0.5187 0.3233 0.9813 0.0543 0.9813 0.0543 0.5187 0.3233 0.5187 0.3233 0.9813 0.0543 0.9813 0.3233 0.5187 0.3233 0.9813 0.0543 0.5187 0.0543 0.9813 " />
							</IndexedTriangleSet>
						</Shape>
					</Group>
				</Transform>
			</Transform>
			<Transform DEF="tail_TRANSFORM"
			           translation="0.000000 0.801990 0.336258"
			           scale="1.000000 1.000000 1.000000"
			           rotation="0.000000 1.000000 0.000000 0.000000"
			           >
				<Transform DEF="tail_ifs_TRANSFORM"
				           translation="0.000000 0.000000 0.000000"
				           scale="1.000000 1.000000 1.000000"
				           rotation="0.000000 1.000000 0.000000 0.000000"
				           >
					<Group DEF="group_ME_tail">
						<Shape>
							<Appearance>
								<Material USE="MA_Body" />
							</Appearance>
							<IndexedTriangleSet solid="false"
							                    normalPerVertex="true"
							                    index="0 1 2 0 2 3 4 5 6 4 6 7 8 9 10 8 10 11 12 13 14 12 14 15 4 16 17 4 17 15 18 5 14 18 14 19 "
							                    >
								<Coordinate point="-0.299948 -0.003583 -0.313556 -0.299948 0.003583 0.313556 -0.299948 0.795622 0.304505 -0.299948 0.788456 -0.322606 -0.299948 0.788456 -0.322606 -0.299948 0.795622 0.304505 0.299948 0.795622 0.304505 0.299948 0.788456 -0.322606 0.299948 0.788456 -0.322606 0.299948 0.795622 0.304505 0.299948 0.003583 0.313556 0.299948 -0.003583 -0.313556 0.299948 -0.003583 -0.313556 0.299948 0.003583 0.313556 -0.299948 0.003583 0.313556 -0.299948 -0.003583 -0.313556 0.299948 0.788456 -0.322606 0.299948 -0.003583 -0.313556 0.299948 0.795622 0.304505 0.299948 0.003583 0.313556 " />
								<Normal vector="-0.577349 -0.583880 -0.570696 -0.577349 -0.570696 0.583880 -0.577349 0.583880 0.570696 -0.577349 0.570696 -0.583880 -0.577349 0.570696 -0.583880 -0.577349 0.583880 0.570696 0.577349 0.583880 0.570696 0.577349 0.570696 -0.583880 0.577349 0.570696 -0.583880 0.577349 0.583880 0.570696 0.577349 -0.570696 0.583880 0.577349 -0.583880 -0.570696 0.577349 -0.583880 -0.570696 0.577349 -0.570696 0.583880 -0.577349 -0.570696 0.583880 -0.577349 -0.583880 -0.570696 0.577349 0.570696 -0.583880 0.577349 -0.583880 -0.570696 0.577349 0.583880 0.570696 0.577349 -0.570696 0.583880 " />
								<TextureCoordinate point="0.0543 0.5187 0.3233 0.5187 0.3233 0.9813 0.0543 0.9813 0.0543 0.5187 0.3233 0.5187 0.3233 0.9813 0.0543 0.9813 0.0543 0.5187 0.3233 0.5187 0.3233 0.9813 0.0543 0.9813 0.0543 0.5187 0.3233 0.5187 0.3233 0.9813 0.0543 0.9813 0.3233 0.5187 0.3233 0.9813 0.0543 0.5187 0.0543 0.9813 " />
							</IndexedTriangleSet>
						</Shape>
					</Group>
				</Transform>
				<Transform DEF="tail1_TRANSFORM"
				           translation="0.000000 0.742980 -0.008490"
				           scale="1.000000 1.000000 1.000000"
				           rotation="0.000000 1.000000 0.000000 0.000000"
				           >
					<Transform DEF="tail1_ifs_TRANSFORM"
					           translation="0.000000 0.000000 0.000000"
					           scale="1.000000 1.000000 1.000000"
					           rotation="0.000000 1.000000 0.000000 0.000000"
					           >
						<Group DEF="group_ME_tail1">
							<Shape>
								<Appearance>
									<Material USE="MA_Body" />
								</Appearance>
								<IndexedTriangleSet solid="false"
								                    normalPerVertex="true"
								                    index="0 1 2 0 2 3 4 5 6 4 6 7 8 9 10 8 10 11 12 13 14 12 14 15 4 16 17 4 17 15 18 5 14 18 14 19 "
								                    >
									<Coordinate point="-0.211101 -0.002522 -0.220678 -0.211101 0.002522 0.220678 -0.211101 0.625752 0.213556 -0.211101 0.620709 -0.227800 -0.211101 0.620709 -0.227800 -0.211101 0.625752 0.213556 0.211101 0.625752 0.213556 0.211101 0.620709 -0.227800 0.211101 0.620709 -0.227800 0.211101 0.625752 0.213556 0.211101 0.002522 0.220678 0.211101 -0.002522 -0.220678 0.211101 -0.002522 -0.220678 0.211101 0.002522 0.220678 -0.211101 0.002522 0.220678 -0.211101 -0.002522 -0.220678 0.211101 0.620709 -0.227800 0.211101 -0.002522 -0.220678 0.211101 0.625752 0.213556 0.211101 0.002522 0.220678 " />
									<Normal vector="-0.577349 -0.583880 -0.570696 -0.577349 -0.570696 0.583880 -0.577349 0.583880 0.570696 -0.577349 0.570696 -0.583880 -0.577349 0.570696 -0.583880 -0.577349 0.583880 0.570696 0.577349 0.583880 0.570696 0.577349 0.570696 -0.583880 0.577349 0.570696 -0.583880 0.577349 0.583880 0.570696 0.577349 -0.570696 0.583880 0.577349 -0.583880 -0.570696 0.577349 -0.583880 -0.570696 0.577349 -0.570696 0.583880 -0.577349 -0.570696 0.583880 -0.577349 -0.583880 -0.570696 0.577349 0.570696 -0.583880 0.577349 -0.583880 -0.570696 0.577349 0.583880 0.570696 0.577349 -0.570696 0.583880 " />
									<TextureCoordinate point="0.0543 0.5187 0.3233 0.5187 0.3233 0.9813 0.0543 0.9813 0.0543 0.5187 0.3233 0.5187 0.3233 0.9813 0.0543 0.9813 0.0543 0.5187 0.3233 0.5187 0.3233 0.9813 0.0543 0.9813 0.0543 0.5187 0.3233 0.5187 0.3233 0.9813 0.0543 0.9813 0.3233 0.5187 0.3233 0.9813 0.0543 0.5187 0.0543 0.9813 " />
								</IndexedTriangleSet>
							</Shape>
						</Group>
					</Transform>
					<Transform DEF="tail2_TRANSFORM"
					           translation="0.000000 0.554920 -0.006341"
					           scale="1.000000 1.000000 1.000000"
					           rotation="0.000000 1.000000 0.000000 0.000000"
					           >
						<Transform DEF="tail2_ifs_TRANSFORM"
						           translation="0.000000 0.000000 0.000000"
						           scale="1.000000 1.000000 1.000000"
						           rotation="0.000000 1.000000 0.000000 0.000000"
						           >
							<Group DEF="group_ME_tail2">
								<Shape>
									<Appearance>
										<Material USE="MA_Body" />
									</Appearance>
									<IndexedTriangleSet solid="false"
									                    normalPerVertex="true"
									                    index="0 1 2 0 2 3 4 5 6 4 6 7 8 9 10 8 10 11 12 13 14 12 14 15 4 16 17 4 17 15 18 5 14 18 14 19 "
									                    >
										<Coordinate point="-0.121870 -0.001456 -0.127398 -0.121870 0.001456 0.127398 -0.121870 0.686531 0.119570 -0.121870 0.683619 -0.135227 -0.121870 0.683619 -0.135227 -0.121870 0.686531 0.119570 0.121870 0.686531 0.119570 0.121870 0.683619 -0.135227 0.121870 0.683619 -0.135227 0.121870 0.686531 0.119570 0.121870 0.001456 0.127398 0.121870 -0.001456 -0.127398 0.121870 -0.001456 -0.127398 0.121870 0.001456 0.127398 -0.121870 0.001456 0.127398 -0.121870 -0.001456 -0.127398 0.121870 0.683619 -0.135227 0.121870 -0.001456 -0.127398 0.121870 0.686531 0.119570 0.121870 0.001456 0.127398 " />
										<Normal vector="-0.577349 -0.583880 -0.570696 -0.577349 -0.570696 0.583880 -0.577349 0.583880 0.570696 -0.577349 0.570696 -0.583880 -0.577349 0.570696 -0.583880 -0.577349 0.583880 0.570696 0.577349 0.583880 0.570696 0.577349 0.570696 -0.583880 0.577349 0.570696 -0.583880 0.577349 0.583880 0.570696 0.577349 -0.570696 0.583880 0.577349 -0.583880 -0.570696 0.577349 -0.583880 -0.570696 0.577349 -0.570696 0.583880 -0.577349 -0.570696 0.583880 -0.577349 -0.583880 -0.570696 0.577349 0.570696 -0.583880 0.577349 -0.583880 -0.570696 0.577349 0.583880 0.570696 0.577349 -0.570696 0.583880 " />
										<TextureCoordinate point="0.0543 0.5187 0.3233 0.5187 0.3233 0.9813 0.0543 0.9813 0.0543 0.5187 0.3233 0.5187 0.3233 0.9813 0.0543 0.9813 0.0543 0.5187 0.3233 0.5187 0.3233 0.9813 0.0543 0.9813 0.0543 0.5187 0.3233 0.5187 0.3233 0.9813 0.0543 0.9813 0.3233 0.5187 0.3233 0.9813 0.0543 0.5187 0.0543 0.9813 " />
									</IndexedTriangleSet>
								</Shape>
							</Group>
						</Transform>
						<Transform DEF="tail3_TRANSFORM"
						           translation="0.000000 0.570607 0.007339"
						           scale="1.000000 1.000000 1.000000"
						           rotation="0.000000 1.000000 0.000000 0.000000"
						           >
							<Transform DEF="tail3_ifs_TRANSFORM"
							           translation="0.000000 0.000000 0.000000"
							           scale="1.000000 1.000000 1.000000"
							           rotation="0.000000 1.000000 0.000000 0.000000"
							           >
								<Group DEF="group_ME_tail3">
									<Shape>
										<Appearance>
											<Material USE="MA_Body" />
										</Appearance>
										<IndexedTriangleSet solid="false"
										                    normalPerVertex="true"
										                    index="0 1 2 0 2 3 4 5 6 4 6 7 8 9 10 8 10 11 12 13 14 12 14 15 4 16 17 4 17 15 18 5 14 18 14 19 "
										                    >
											<Coordinate point="-0.030750 0.002138 -0.384071 -0.030750 -0.002138 0.384071 -0.030750 0.943446 0.389335 -0.030750 0.947722 -0.378808 -0.030750 0.947722 -0.378808 -0.030750 0.943446 0.389335 0.030750 0.943446 0.389335 0.030750 0.947722 -0.378808 0.030750 0.947722 -0.378808 0.030750 0.943446 0.389335 0.030750 -0.002138 0.384071 0.030750 0.002138 -0.384071 0.030750 0.002138 -0.384071 0.030750 -0.002138 0.384071 -0.030750 -0.002138 0.384071 -0.030750 0.002138 -0.384071 0.030750 0.947722 -0.378808 0.030750 0.002138 -0.384071 0.030750 0.943446 0.389335 0.030750 -0.002138 0.384071 " />
											<Normal vector="-0.577349 -0.574114 -0.580554 -0.577349 -0.580554 0.574114 -0.577349 0.574114 0.580554 -0.577349 0.580554 -0.574114 -0.577349 0.580554 -0.574114 -0.577349 0.574114 0.580554 0.577349 0.574114 0.580554 0.577349 0.580554 -0.574114 0.577349 0.580554 -0.574114 0.577349 0.574114 0.580554 0.577349 -0.580554 0.574114 0.577349 -0.574114 -0.580554 0.577349 -0.574114 -0.580554 0.577349 -0.580554 0.574114 -0.577349 -0.580554 0.574114 -0.577349 -0.574114 -0.580554 0.577349 0.580554 -0.574114 0.577349 -0.574114 -0.580554 0.577349 0.574114 0.580554 0.577349 -0.580554 0.574114 " />
											<TextureCoordinate point="0.5264 0.6508 0.9814 0.6508 0.9814 0.9820 0.5264 0.9820 0.5264 0.6508 0.9814 0.6508 0.9814 0.9820 0.5264 0.9820 0.5264 0.6508 0.9814 0.6508 0.9814 0.9820 0.5264 0.9820 0.5264 0.6508 0.9814 0.6508 0.9814 0.9820 0.5264 0.9820 0.9814 0.6508 0.9814 0.9820 0.5264 0.6508 0.5264 0.9820 " />
										</IndexedTriangleSet>
									</Shape>
								</Group>
							</Transform>
						</Transform>
					</Transform>
				</Transform>
			</Transform>
			<Transform DEF="leg4_TRANSFORM"
			           translation="0.554366 0.308788 0.350259"
			           scale="1.000000 1.000000 1.000000"
			           rotation="0.000000 1.000000 0.000000 0.000000"
			           >
				<Transform DEF="leg4_ifs_TRANSFORM"
				           translation="0.000000 0.000000 0.000000"
				           scale="1.000000 1.000000 1.000000"
				           rotation="0.000000 1.000000 0.000000 0.000000"
				           >
					<Group DEF="group_ME_leg4">
						<Shape>
							<Appearance>
								<Material USE="MA_Body" />
							</Appearance>
							<IndexedTriangleSet solid="false"
							                    normalPerVertex="true"
							                    index="0 1 2 0 2 3 4 5 6 4 6 7 8 9 10 8 10 11 12 13 14 12 14 15 4 16 17 4 17 15 18 5 14 18 14 19 "
							                    >
								<Coordinate point="-0.241010 0.020735 -1.000558 -0.241010 -0.313588 -0.118914 -0.241010 0.313588 0.118914 -0.241010 0.647911 -0.762731 -0.241010 0.647911 -0.762731 -0.241010 0.313588 0.118914 0.241010 0.313588 0.118914 0.241010 0.647911 -0.762731 0.241010 0.647911 -0.762731 0.241010 0.313588 0.118914 0.241010 -0.313588 -0.118914 0.241010 0.020735 -1.000558 0.241010 0.020735 -1.000558 0.241010 -0.313588 -0.118914 -0.241010 -0.313588 -0.118914 -0.241010 0.020735 -1.000558 0.241010 0.647911 -0.762731 0.241010 0.020735 -1.000558 0.241010 0.313588 0.118914 0.241010 -0.313588 -0.118914 " />
								<Normal vector="-0.577349 -0.335124 -0.744530 -0.577349 -0.744530 0.335124 -0.577349 0.335124 0.744530 -0.577349 0.744530 -0.335124 -0.577349 0.744530 -0.335124 -0.577349 0.335124 0.744530 0.577349 0.335124 0.744530 0.577349 0.744530 -0.335124 0.577349 0.744530 -0.335124 0.577349 0.335124 0.744530 0.577349 -0.744530 0.335124 0.577349 -0.335124 -0.744530 0.577349 -0.335124 -0.744530 0.577349 -0.744530 0.335124 -0.577349 -0.744530 0.335124 -0.577349 -0.335124 -0.744530 0.577349 0.744530 -0.335124 0.577349 -0.335124 -0.744530 0.577349 0.335124 0.744530 0.577349 -0.744530 0.335124 " />
								<TextureCoordinate point="0.0468 0.0138 0.3379 0.0138 0.3379 0.4715 0.0468 0.4715 0.0468 0.0138 0.3379 0.0138 0.3379 0.4715 0.0468 0.4715 0.0468 0.0138 0.3379 0.0138 0.3379 0.4715 0.0468 0.4715 0.0468 0.0138 0.3379 0.0138 0.3379 0.4715 0.0468 0.4715 0.3379 0.0138 0.3379 0.4715 0.0468 0.0138 0.0468 0.4715 " />
							</IndexedTriangleSet>
						</Shape>
					</Group>
				</Transform>
				<Transform DEF="Cube_011_TRANSFORM"
				           translation="-0.000000 0.179791 -0.750361"
				           scale="1.000000 1.000000 1.000000"
				           rotation="0.000000 1.000000 0.000000 0.000000"
				           >
					<Transform DEF="Cube_011_ifs_TRANSFORM"
					           translation="0.000000 0.000000 0.000000"
					           scale="1.000000 1.000000 1.000000"
					           rotation="0.000000 1.000000 0.000000 0.000000"
					           >
						<Group DEF="group_ME_Cube_017">
							<Shape>
								<Appearance>
									<Material USE="MA_Body" />
								</Appearance>
								<IndexedTriangleSet solid="false"
								                    normalPerVertex="true"
								                    index="0 1 2 0 2 3 4 5 6 4 6 7 8 9 10 8 10 11 12 13 14 12 14 15 4 16 17 4 17 15 18 5 14 18 14 19 "
								                    >
									<Coordinate point="-0.188518 0.646429 -0.477230 -0.188518 -0.076635 -0.199563 -0.188518 0.076635 0.199563 -0.188518 0.799699 -0.078104 -0.188518 0.799699 -0.078104 -0.188518 0.076635 0.199563 0.188518 0.076635 0.199563 0.188518 0.799699 -0.078104 0.188518 0.799699 -0.078104 0.188518 0.076635 0.199563 0.188518 -0.076635 -0.199563 0.188518 0.646429 -0.477230 0.188518 0.646429 -0.477230 0.188518 -0.076635 -0.199563 -0.188518 -0.076635 -0.199563 -0.188518 0.646429 -0.477230 0.188518 0.799699 -0.078104 0.188518 0.646429 -0.477230 0.188518 0.076635 0.199563 0.188518 -0.076635 -0.199563 " />
									<Normal vector="-0.577349 0.331980 -0.745933 -0.577349 -0.745933 -0.331980 -0.577349 -0.331980 0.745933 -0.577349 0.745933 0.331980 -0.577349 0.745933 0.331980 -0.577349 -0.331980 0.745933 0.577349 -0.331980 0.745933 0.577349 0.745933 0.331980 0.577349 0.745933 0.331980 0.577349 -0.331980 0.745933 0.577349 -0.745933 -0.331980 0.577349 0.331980 -0.745933 0.577349 0.331980 -0.745933 0.577349 -0.745933 -0.331980 -0.577349 -0.745933 -0.331980 -0.577349 0.331980 -0.745933 0.577349 0.745933 0.331980 0.577349 0.331980 -0.745933 0.577349 -0.331980 0.745933 0.577349 -0.745933 -0.331980 " />
									<TextureCoordinate point="0.0468 0.0138 0.3379 0.0138 0.3379 0.4715 0.0468 0.4715 0.0468 0.0138 0.3379 0.0138 0.3379 0.4715 0.0468 0.4715 0.0468 0.0138 0.3379 0.0138 0.3379 0.4715 0.0468 0.4715 0.0468 0.0138 0.3379 0.0138 0.3379 0.4715 0.0468 0.4715 0.3379 0.0138 0.3379 0.4715 0.0468 0.0138 0.0468 0.4715 " />
								</IndexedTriangleSet>
							</Shape>
						</Group>
					</Transform>
				</Transform>
				<Transform DEF="leg4_1_TRANSFORM"
				           translation="-0.000000 0.975358 -0.798980"
				           scale="1.000000 1.000000 1.000000"
				           rotation="0.000000 1.000000 0.000000 0.000000"
				           >
					<Transform DEF="leg4_1_ifs_TRANSFORM"
					           translation="0.000000 0.000000 0.000000"
					           scale="1.000000 1.000000 1.000000"
					           rotation="0.000000 1.000000 0.000000 0.000000"
					           >
						<Group DEF="group_ME_leg4_1">
							<Shape>
								<Appearance>
									<Material USE="MA_Body" />
								</Appearance>
								<IndexedTriangleSet solid="false"
								                    normalPerVertex="true"
								                    index="0 1 2 0 2 3 4 5 6 4 6 7 8 9 10 8 10 11 12 13 14 12 14 15 4 16 17 4 17 15 18 5 14 18 14 19 "
								                    >
									<Coordinate point="-0.232793 -0.467630 -0.794296 -0.232793 -0.199481 0.062436 -0.232793 0.199481 -0.062436 -0.232793 -0.068668 -0.919167 -0.232793 -0.068668 -0.919167 -0.232793 0.199481 -0.062436 0.232793 0.199481 -0.062436 0.232793 -0.068668 -0.919167 0.232793 -0.068668 -0.919167 0.232793 0.199481 -0.062436 0.232793 -0.199481 0.062436 0.232793 -0.467630 -0.794296 0.232793 -0.467630 -0.794296 0.232793 -0.199481 0.062436 -0.232793 -0.199481 0.062436 -0.232793 -0.467630 -0.794296 0.232793 -0.068668 -0.919167 0.232793 -0.467630 -0.794296 0.232793 0.199481 -0.062436 0.232793 -0.199481 0.062436 " />
									<Normal vector="-0.577349 -0.723441 -0.378521 -0.577349 -0.378521 0.723441 -0.577349 0.723441 0.378521 -0.577349 0.378521 -0.723441 -0.577349 0.378521 -0.723441 -0.577349 0.723441 0.378521 0.577349 0.723441 0.378521 0.577349 0.378521 -0.723441 0.577349 0.378521 -0.723441 0.577349 0.723441 0.378521 0.577349 -0.378521 0.723441 0.577349 -0.723441 -0.378521 0.577349 -0.723441 -0.378521 0.577349 -0.378521 0.723441 -0.577349 -0.378521 0.723441 -0.577349 -0.723441 -0.378521 0.577349 0.378521 -0.723441 0.577349 -0.723441 -0.378521 0.577349 0.723441 0.378521 0.577349 -0.378521 0.723441 " />
									<TextureCoordinate point="0.0468 0.0138 0.3379 0.0138 0.3379 0.4715 0.0468 0.4715 0.0468 0.0138 0.3379 0.0138 0.3379 0.4715 0.0468 0.4715 0.0468 0.0138 0.3379 0.0138 0.3379 0.4715 0.0468 0.4715 0.0468 0.0138 0.3379 0.0138 0.3379 0.4715 0.0468 0.4715 0.3379 0.0138 0.3379 0.4715 0.0468 0.0138 0.0468 0.4715 " />
								</IndexedTriangleSet>
							</Shape>
						</Group>
					</Transform>
					<Transform DEF="foot4_TRANSFORM"
					           translation="0.013227 -0.287195 -0.702622"
					           scale="1.000000 1.000000 1.000000"
					           rotation="0.000000 1.000000 0.000000 0.000000"
					           >
						<Transform DEF="foot4_ifs_TRANSFORM"
						           translation="0.000000 0.000000 0.000000"
						           scale="1.000000 1.000000 1.000000"
						           rotation="0.000000 1.000000 0.000000 0.000000"
						           >
							<Group DEF="group_ME_foot4">
								<Shape>
									<Appearance>
										<Material USE="MA_Body" />
									</Appearance>
									<IndexedTriangleSet solid="false"
									                    normalPerVertex="true"
									                    index="0 1 2 0 2 3 4 5 6 4 6 7 8 9 10 8 10 11 12 13 14 12 14 15 4 16 17 4 17 15 18 5 14 18 14 19 "
									                    >
										<Coordinate point="-0.304133 -0.296468 -0.215827 -0.304133 -0.294995 0.001995 -0.304133 0.161687 -0.001093 -0.304133 0.160214 -0.218915 -0.304133 0.160214 -0.218915 -0.304133 0.161687 -0.001093 0.304133 0.161687 -0.001093 0.304133 0.160214 -0.218915 0.304133 0.160214 -0.218915 0.304133 0.161687 -0.001093 0.304133 -0.294995 0.001995 0.304133 -0.296468 -0.215827 0.304133 -0.296468 -0.215827 0.304133 -0.294995 0.001995 -0.304133 -0.294995 0.001995 -0.304133 -0.296468 -0.215827 0.304133 0.160214 -0.218915 0.304133 -0.296468 -0.215827 0.304133 0.161687 -0.001093 0.304133 -0.294995 0.001995 " />
										<Normal vector="-0.577349 -0.581225 -0.573412 -0.577349 -0.573412 0.581225 -0.577349 0.581225 0.573412 -0.577349 0.573412 -0.581225 -0.577349 0.573412 -0.581225 -0.577349 0.581225 0.573412 0.577349 0.581225 0.573412 0.577349 0.573412 -0.581225 0.577349 0.573412 -0.581225 0.577349 0.581225 0.573412 0.577349 -0.573412 0.581225 0.577349 -0.581225 -0.573412 0.577349 -0.581225 -0.573412 0.577349 -0.573412 0.581225 -0.577349 -0.573412 0.581225 -0.577349 -0.581225 -0.573412 0.577349 0.573412 -0.581225 0.577349 -0.581225 -0.573412 0.577349 0.581225 0.573412 0.577349 -0.573412 0.581225 " />
										<TextureCoordinate point="0.0468 0.0138 0.3379 0.0138 0.3379 0.4715 0.0468 0.4715 0.0468 0.0138 0.3379 0.0138 0.3379 0.4715 0.0468 0.4715 0.0468 0.0138 0.3379 0.0138 0.3379 0.4715 0.0468 0.4715 0.0468 0.0138 0.3379 0.0138 0.3379 0.4715 0.0468 0.4715 0.3379 0.0138 0.3379 0.4715 0.0468 0.0138 0.0468 0.4715 " />
									</IndexedTriangleSet>
								</Shape>
							</Group>
						</Transform>
						<Transform DEF="Cube_020_TRANSFORM"
						           translation="0.009038 -0.257558 -0.131046"
						           scale="1.000000 1.000000 1.000000"
						           rotation="0.000000 1.000000 0.000000 0.000000"
						           >
							<Transform DEF="Cube_020_ifs_TRANSFORM"
							           translation="0.000000 0.000000 0.000000"
							           scale="1.000000 1.000000 1.000000"
							           rotation="0.000000 1.000000 0.000000 0.000000"
							           >
								<Group DEF="group_ME_Cube_027">
									<Shape>
										<Appearance>
											<Material USE="MA_Body" />
										</Appearance>
										<IndexedTriangleSet solid="false"
										                    normalPerVertex="true"
										                    index="0 1 2 0 2 3 4 5 6 4 6 7 8 9 10 8 10 11 12 13 14 12 14 15 4 16 17 4 17 15 18 5 14 18 14 19 "
										                    >
											<Coordinate point="-0.065690 -0.237780 -0.085661 -0.065690 -0.251358 0.026382 -0.065690 -0.006789 0.056022 -0.065690 0.006789 -0.056022 -0.065690 0.006789 -0.056022 -0.065690 -0.006789 0.056022 0.065690 -0.006789 0.056022 0.065690 0.006789 -0.056022 0.065690 0.006789 -0.056022 0.065690 -0.006789 0.056022 0.065690 -0.251358 0.026382 0.065690 -0.237780 -0.085661 0.065690 -0.237780 -0.085661 0.065690 -0.251358 0.026382 -0.065690 -0.251358 0.026382 -0.065690 -0.237780 -0.085661 0.065690 0.006789 -0.056022 0.065690 -0.237780 -0.085661 0.065690 -0.006789 0.056022 0.065690 -0.251358 0.026382 " />
											<Normal vector="-0.577349 -0.503677 -0.642598 -0.577349 -0.642598 0.503677 -0.577349 0.503677 0.642598 -0.577349 0.642598 -0.503677 -0.577349 0.642598 -0.503677 -0.577349 0.503677 0.642598 0.577349 0.503677 0.642598 0.577349 0.642598 -0.503677 0.577349 0.642598 -0.503677 0.577349 0.503677 0.642598 0.577349 -0.642598 0.503677 0.577349 -0.503677 -0.642598 0.577349 -0.503677 -0.642598 0.577349 -0.642598 0.503677 -0.577349 -0.642598 0.503677 -0.577349 -0.503677 -0.642598 0.577349 0.642598 -0.503677 0.577349 -0.503677 -0.642598 0.577349 0.503677 0.642598 0.577349 -0.642598 0.503677 " />
											<TextureCoordinate point="0.5264 0.6508 0.9814 0.6508 0.9814 0.9820 0.5264 0.9820 0.5264 0.6508 0.9814 0.6508 0.9814 0.9820 0.5264 0.9820 0.5264 0.6508 0.9814 0.6508 0.9814 0.9820 0.5264 0.9820 0.5264 0.6508 0.9814 0.6508 0.9814 0.9820 0.5264 0.9820 0.9814 0.6508 0.9814 0.9820 0.5264 0.6508 0.5264 0.9820 " />
										</IndexedTriangleSet>
									</Shape>
								</Group>
							</Transform>
							<Transform DEF="Cube_021_TRANSFORM"
							           translation="0.222985 0.061790 0.007504"
							           scale="1.000000 1.000000 1.000000"
							           rotation="0.000000 1.000000 0.000000 0.000000"
							           >
								<Transform DEF="Cube_021_ifs_TRANSFORM"
								           translation="0.000000 0.000000 0.000000"
								           scale="1.000000 1.000000 1.000000"
								           rotation="0.000000 1.000000 0.000000 0.000000"
								           >
									<Group DEF="group_ME_Cube_028">
										<Shape>
											<Appearance>
												<Material USE="MA_Body" />
											</Appearance>
											<IndexedTriangleSet solid="false"
											                    normalPerVertex="true"
											                    index="0 1 2 0 2 3 4 5 6 4 6 7 8 9 10 8 10 11 12 13 14 12 14 15 4 16 17 4 17 15 18 5 14 18 14 19 "
											                    >
												<Coordinate point="-0.022905 -0.273766 -0.087804 -0.018891 -0.286772 0.024235 -0.075830 -0.023434 0.056842 -0.079843 -0.010429 -0.055197 -0.079843 -0.010429 -0.055197 -0.075830 -0.023434 0.056842 0.079843 0.010429 0.055197 0.075830 0.023434 -0.056842 0.075830 0.023434 -0.056842 0.079843 0.010429 0.055197 0.136782 -0.252909 0.022589 0.132768 -0.239903 -0.089450 0.132768 -0.239903 -0.089450 0.136782 -0.252909 0.022589 -0.018891 -0.286772 0.024235 -0.022905 -0.273766 -0.087804 0.075830 0.023434 -0.056842 0.132768 -0.239903 -0.089450 0.079843 0.010429 0.055197 0.136782 -0.252909 0.022589 " />
												<Normal vector="-0.463515 -0.616382 -0.636525 -0.422437 -0.749443 0.509720 -0.664724 0.370952 0.648457 -0.705771 0.504013 -0.497787 -0.705771 0.504013 -0.497787 -0.664724 0.370952 0.648457 0.463515 0.616382 0.636525 0.422437 0.749443 -0.509720 0.422437 0.749443 -0.509720 0.463515 0.616382 0.636525 0.705771 -0.504013 0.497787 0.664724 -0.370952 -0.648457 0.664724 -0.370952 -0.648457 0.705771 -0.504013 0.497787 -0.422437 -0.749443 0.509720 -0.463515 -0.616382 -0.636525 0.422437 0.749443 -0.509720 0.664724 -0.370952 -0.648457 0.463515 0.616382 0.636525 0.705771 -0.504013 0.497787 " />
												<TextureCoordinate point="0.5264 0.6508 0.9814 0.6508 0.9814 0.9820 0.5264 0.9820 0.5264 0.6508 0.9814 0.6508 0.9814 0.9820 0.5264 0.9820 0.5264 0.6508 0.9814 0.6508 0.9814 0.9820 0.5264 0.9820 0.5264 0.6508 0.9814 0.6508 0.9814 0.9820 0.5264 0.9820 0.9814 0.6508 0.9814 0.9820 0.5264 0.6508 0.5264 0.9820 " />
											</IndexedTriangleSet>
										</Shape>
									</Group>
								</Transform>
							</Transform>
							<Transform DEF="Cube_022_TRANSFORM"
							           translation="-0.237918 0.062904 0.004894"
							           scale="1.000000 1.000000 1.000000"
							           rotation="0.000000 1.000000 0.000000 0.000000"
							           >
								<Transform DEF="Cube_022_ifs_TRANSFORM"
								           translation="0.000000 0.000000 0.000000"
								           scale="1.000000 1.000000 1.000000"
								           rotation="0.000000 1.000000 0.000000 0.000000"
								           >
									<Group DEF="group_ME_Cube_029">
										<Shape>
											<Appearance>
												<Material USE="MA_Body" />
											</Appearance>
											<IndexedTriangleSet solid="false"
											                    normalPerVertex="true"
											                    index="0 1 2 0 2 3 4 5 6 4 6 7 8 9 10 8 10 11 12 13 14 12 14 15 4 16 17 4 17 15 18 5 14 18 14 19 "
											                    >
												<Coordinate point="-0.155737 -0.225879 -0.088921 -0.160107 -0.238775 0.023117 -0.078055 0.017833 0.055855 -0.073685 0.030729 -0.056183 -0.073685 0.030729 -0.056183 -0.078055 0.017833 0.055855 0.073685 -0.030729 0.056183 0.078055 -0.017833 -0.055855 0.078055 -0.017833 -0.055855 0.073685 -0.030729 0.056183 -0.008366 -0.287337 0.023446 -0.003997 -0.274441 -0.088593 -0.003997 -0.274441 -0.088593 -0.008366 -0.287337 0.023446 -0.160107 -0.238775 0.023117 -0.155737 -0.225879 -0.088921 0.078055 -0.017833 -0.055855 -0.003997 -0.274441 -0.088593 0.073685 -0.030729 0.056183 -0.008366 -0.287337 0.023446 " />
												<Normal vector="-0.702078 -0.303934 -0.643941 -0.746757 -0.435896 0.502274 -0.397656 0.655904 0.641560 -0.352947 0.787835 -0.504654 -0.352947 0.787835 -0.504654 -0.397656 0.655904 0.641560 0.702078 0.303934 0.643941 0.746757 0.435896 -0.502274 0.746757 0.435896 -0.502274 0.702078 0.303934 0.643941 0.352947 -0.787835 0.504654 0.397656 -0.655904 -0.641560 0.397656 -0.655904 -0.641560 0.352947 -0.787835 0.504654 -0.746757 -0.435896 0.502274 -0.702078 -0.303934 -0.643941 0.746757 0.435896 -0.502274 0.397656 -0.655904 -0.641560 0.702078 0.303934 0.643941 0.352947 -0.787835 0.504654 " />
												<TextureCoordinate point="0.5264 0.6508 0.9814 0.6508 0.9814 0.9820 0.5264 0.9820 0.5264 0.6508 0.9814 0.6508 0.9814 0.9820 0.5264 0.9820 0.5264 0.6508 0.9814 0.6508 0.9814 0.9820 0.5264 0.9820 0.5264 0.6508 0.9814 0.6508 0.9814 0.9820 0.5264 0.9820 0.9814 0.6508 0.9814 0.9820 0.5264 0.6508 0.5264 0.9820 " />
											</IndexedTriangleSet>
										</Shape>
									</Group>
								</Transform>
							</Transform>
						</Transform>
					</Transform>
				</Transform>
			</Transform>
			<Transform DEF="leg1_TRANSFORM"
			           translation="0.549967 -0.982646 0.119119"
			           scale="1.000000 1.000000 1.000000"
			           rotation="0.000000 1.000000 0.000000 0.000000"
			           >
				<Transform DEF="leg1_ifs_TRANSFORM"
				           translation="0.000000 0.000000 0.000000"
				           scale="1.000000 1.000000 1.000000"
				           rotation="0.000000 1.000000 0.000000 0.000000"
				           >
					<Group DEF="group_ME_leg1">
						<Shape>
							<Appearance>
								<Material USE="MA_Body" />
							</Appearance>
							<IndexedTriangleSet solid="false"
							                    normalPerVertex="true"
							                    index="0 1 2 0 2 3 4 5 6 4 6 7 8 9 10 8 10 11 12 13 14 12 14 15 4 16 17 4 17 15 18 5 14 18 14 19 "
							                    >
								<Coordinate point="-0.201625 -0.215488 -0.840724 -0.226470 -0.239230 -0.013670 -0.226470 0.239620 0.000075 -0.201625 0.263361 -0.826978 -0.201625 0.263361 -0.826978 -0.226470 0.239620 0.000075 0.226470 0.239230 0.013670 0.251314 0.262971 -0.813383 0.251314 0.262971 -0.813383 0.226470 0.239230 0.013670 0.226470 -0.239620 -0.000075 0.251314 -0.215878 -0.827128 0.251314 -0.215878 -0.827128 0.226470 -0.239620 -0.000075 -0.226470 -0.239230 -0.013670 -0.201625 -0.215488 -0.840724 0.251314 0.262971 -0.813383 0.251314 -0.215878 -0.827128 0.226470 0.239230 0.013670 0.226470 -0.239620 -0.000075 " />
								<Normal vector="-0.559740 -0.560045 -0.610736 -0.594409 -0.593158 0.542955 -0.594409 0.561022 0.576098 -0.559740 0.594165 -0.577593 -0.559740 0.594165 -0.577593 -0.594409 0.561022 0.576098 0.559740 0.560045 0.610736 0.594409 0.593158 -0.542955 0.594409 0.593158 -0.542955 0.559740 0.560045 0.610736 0.559740 -0.594165 0.577593 0.594409 -0.561022 -0.576067 0.594409 -0.561022 -0.576067 0.559740 -0.594165 0.577593 -0.594409 -0.593158 0.542955 -0.559740 -0.560045 -0.610736 0.594409 0.593158 -0.542955 0.594409 -0.561022 -0.576067 0.559740 0.560045 0.610736 0.559740 -0.594165 0.577593 " />
								<TextureCoordinate point="0.0468 0.0138 0.3379 0.0138 0.3379 0.4715 0.0468 0.4715 0.0468 0.0138 0.3379 0.0138 0.3379 0.4715 0.0468 0.4715 0.0468 0.0138 0.3379 0.0138 0.3379 0.4715 0.0468 0.4715 0.0468 0.0138 0.3379 0.0138 0.3379 0.4715 0.0468 0.4715 0.3379 0.0138 0.3379 0.4715 0.0468 0.0138 0.0468 0.4715 " />
							</IndexedTriangleSet>
						</Shape>
					</Group>
				</Transform>
				<Transform DEF="leg1_1_TRANSFORM"
				           translation="0.021856 0.032618 -0.727241"
				           scale="1.000000 1.000000 1.000000"
				           rotation="0.000000 1.000000 0.000000 0.000000"
				           >
					<Transform DEF="leg1_1_ifs_TRANSFORM"
					           translation="0.000000 0.000000 0.000000"
					           scale="1.000000 1.000000 1.000000"
					           rotation="0.000000 1.000000 0.000000 0.000000"
					           >
						<Group DEF="group_ME_leg1_1">
							<Shape>
								<Appearance>
									<Material USE="MA_Body" />
								</Appearance>
								<IndexedTriangleSet solid="false"
								                    normalPerVertex="true"
								                    index="0 1 2 0 2 3 4 5 6 4 6 7 8 9 10 8 10 11 12 13 14 12 14 15 4 16 17 4 17 15 18 5 14 18 14 19 "
								                    >
									<Coordinate point="-0.269515 -0.485834 -0.522296 -0.268073 -0.214956 0.094958 -0.261946 0.221649 -0.096657 -0.263387 -0.049229 -0.713911 -0.263387 -0.049229 -0.713911 -0.261946 0.221649 -0.096657 0.268073 0.214956 -0.094958 0.266632 -0.055922 -0.712212 0.266632 -0.055922 -0.712212 0.268073 0.214956 -0.094958 0.261946 -0.221649 0.096657 0.260504 -0.492526 -0.520597 0.260504 -0.492526 -0.520597 0.261946 -0.221649 0.096657 -0.268073 -0.214956 0.094958 -0.269515 -0.485834 -0.522296 0.266632 -0.055922 -0.712212 0.260504 -0.492526 -0.520597 0.268073 0.214956 -0.094958 0.261946 -0.221649 0.096657 " />
									<Normal vector="-0.585925 -0.753349 -0.298502 -0.583483 -0.289315 0.758812 -0.568621 0.767907 0.294809 -0.571093 0.303903 -0.762535 -0.571093 0.303903 -0.762535 -0.568621 0.767907 0.294809 0.585925 0.753349 0.298502 0.583483 0.289315 -0.758812 0.583483 0.289315 -0.758812 0.585925 0.753349 0.298502 0.571093 -0.303903 0.762535 0.568621 -0.767907 -0.294809 0.568621 -0.767907 -0.294809 0.571093 -0.303903 0.762535 -0.583483 -0.289315 0.758812 -0.585925 -0.753349 -0.298502 0.583483 0.289315 -0.758812 0.568621 -0.767907 -0.294809 0.585925 0.753349 0.298502 0.571093 -0.303903 0.762535 " />
									<TextureCoordinate point="0.0468 0.0138 0.3379 0.0138 0.3379 0.4715 0.0468 0.4715 0.0468 0.0138 0.3379 0.0138 0.3379 0.4715 0.0468 0.4715 0.0468 0.0138 0.3379 0.0138 0.3379 0.4715 0.0468 0.4715 0.0468 0.0138 0.3379 0.0138 0.3379 0.4715 0.0468 0.4715 0.3379 0.0138 0.3379 0.4715 0.0468 0.0138 0.0468 0.4715 " />
								</IndexedTriangleSet>
							</Shape>
						</Group>
					</Transform>
					<Transform DEF="foot1_TRANSFORM"
					           translation="-0.004229 -0.272620 -0.467231"
					           scale="1.000000 1.000000 1.000000"
					           rotation="0.000000 1.000000 0.000000 0.000000"
					           >
						<Transform DEF="foot1_ifs_TRANSFORM"
						           translation="0.000000 0.000000 0.000000"
						           scale="1.000000 1.000000 1.000000"
						           rotation="0.000000 1.000000 0.000000 0.000000"
						           >
							<Group DEF="group_ME_foot1">
								<Shape>
									<Appearance>
										<Material USE="MA_Body" />
									</Appearance>
									<IndexedTriangleSet solid="false"
									                    normalPerVertex="true"
									                    index="0 1 2 0 2 3 4 5 6 4 6 7 8 9 10 8 10 11 12 13 14 12 14 15 4 16 17 4 17 15 18 5 14 18 14 19 "
									                    >
										<Coordinate point="-0.308664 -0.345230 -0.254914 -0.308664 -0.345230 0.000000 -0.308664 0.189221 -0.000000 -0.308664 0.189221 -0.254914 -0.308664 0.189221 -0.254914 -0.308664 0.189221 -0.000000 0.308664 0.189221 -0.000000 0.308664 0.189221 -0.254914 0.308664 0.189221 -0.254914 0.308664 0.189221 -0.000000 0.308664 -0.345230 0.000000 0.308664 -0.345230 -0.254914 0.308664 -0.345230 -0.254914 0.308664 -0.345230 0.000000 -0.308664 -0.345230 0.000000 -0.308664 -0.345230 -0.254914 0.308664 0.189221 -0.254914 0.308664 -0.345230 -0.254914 0.308664 0.189221 -0.000000 0.308664 -0.345230 0.000000 " />
										<Normal vector="-0.577349 -0.577349 -0.577349 -0.577349 -0.577349 0.577349 -0.577349 0.577349 0.577349 -0.577349 0.577349 -0.577349 -0.577349 0.577349 -0.577349 -0.577349 0.577349 0.577349 0.577349 0.577349 0.577349 0.577349 0.577349 -0.577349 0.577349 0.577349 -0.577349 0.577349 0.577349 0.577349 0.577349 -0.577349 0.577349 0.577349 -0.577349 -0.577349 0.577349 -0.577349 -0.577349 0.577349 -0.577349 0.577349 -0.577349 -0.577349 0.577349 -0.577349 -0.577349 -0.577349 0.577349 0.577349 -0.577349 0.577349 -0.577349 -0.577349 0.577349 0.577349 0.577349 0.577349 -0.577349 0.577349 " />
										<TextureCoordinate point="0.0468 0.0138 0.3379 0.0138 0.3379 0.4715 0.0468 0.4715 0.0468 0.0138 0.3379 0.0138 0.3379 0.4715 0.0468 0.4715 0.0468 0.0138 0.3379 0.0138 0.3379 0.4715 0.0468 0.4715 0.0468 0.0138 0.3379 0.0138 0.3379 0.4715 0.0468 0.4715 0.3379 0.0138 0.3379 0.4715 0.0468 0.0138 0.0468 0.4715 " />
									</IndexedTriangleSet>
								</Shape>
							</Group>
						</Transform>
						<Transform DEF="Cube_016_TRANSFORM"
						           translation="0.010576 -0.300366 -0.155393"
						           scale="1.000000 1.000000 1.000000"
						           rotation="0.000000 1.000000 0.000000 0.000000"
						           >
							<Transform DEF="Cube_016_ifs_TRANSFORM"
							           translation="0.000000 0.000000 0.000000"
							           scale="1.000000 1.000000 1.000000"
							           rotation="0.000000 1.000000 0.000000 0.000000"
							           >
								<Group DEF="group_ME_Cube_022">
									<Shape>
										<Appearance>
											<Material USE="MA_Body" />
										</Appearance>
										<IndexedTriangleSet solid="false"
										                    normalPerVertex="true"
										                    index="0 1 2 0 2 3 4 5 6 4 6 7 8 9 10 8 10 11 12 13 14 12 14 15 4 16 17 4 17 15 18 5 14 18 14 19 "
										                    >
											<Coordinate point="-0.106972 -0.306635 -0.105846 -0.106972 -0.323412 0.025163 -0.106972 -0.008388 0.065505 -0.106972 0.008388 -0.065505 -0.106972 0.008388 -0.065505 -0.106972 -0.008388 0.065505 0.106972 -0.008388 0.065505 0.106972 0.008388 -0.065505 0.106972 0.008388 -0.065505 0.106972 -0.008388 0.065505 0.106972 -0.323412 0.025163 0.106972 -0.306635 -0.105846 0.106972 -0.306635 -0.105846 0.106972 -0.323412 0.025163 -0.106972 -0.323412 0.025163 -0.106972 -0.306635 -0.105846 0.106972 0.008388 -0.065505 0.106972 -0.306635 -0.105846 0.106972 -0.008388 0.065505 0.106972 -0.323412 0.025163 " />
											<Normal vector="-0.577349 -0.499313 -0.645985 -0.577349 -0.645985 0.499313 -0.577349 0.499313 0.645985 -0.577349 0.645985 -0.499313 -0.577349 0.645985 -0.499313 -0.577349 0.499313 0.645985 0.577349 0.499313 0.645985 0.577349 0.645985 -0.499313 0.577349 0.645985 -0.499313 0.577349 0.499313 0.645985 0.577349 -0.645985 0.499313 0.577349 -0.499313 -0.645985 0.577349 -0.499313 -0.645985 0.577349 -0.645985 0.499313 -0.577349 -0.645985 0.499313 -0.577349 -0.499313 -0.645985 0.577349 0.645985 -0.499313 0.577349 -0.499313 -0.645985 0.577349 0.499313 0.645985 0.577349 -0.645985 0.499313 " />
											<TextureCoordinate point="0.5264 0.6508 0.9814 0.6508 0.9814 0.9820 0.5264 0.9820 0.5264 0.6508 0.9814 0.6508 0.9814 0.9820 0.5264 0.9820 0.5264 0.6508 0.9814 0.6508 0.9814 0.9820 0.5264 0.9820 0.5264 0.6508 0.9814 0.6508 0.9814 0.9820 0.5264 0.9820 0.9814 0.6508 0.9814 0.9820 0.5264 0.6508 0.5264 0.9820 " />
										</IndexedTriangleSet>
									</Shape>
								</Group>
							</Transform>
							<Transform DEF="Cube_017_TRANSFORM"
							           translation="0.197424 0.000000 0.000000"
							           scale="1.000000 1.000000 1.000000"
							           rotation="0.000000 1.000000 0.000000 0.000000"
							           >
								<Transform DEF="Cube_017_ifs_TRANSFORM"
								           translation="0.000000 0.000000 0.000000"
								           scale="1.000000 1.000000 1.000000"
								           rotation="0.000000 1.000000 0.000000 0.000000"
								           >
									<Group DEF="group_ME_Cube_023">
										<Shape>
											<Appearance>
												<Material USE="MA_Body" />
											</Appearance>
											<IndexedTriangleSet solid="false"
											                    normalPerVertex="true"
											                    index="0 1 2 0 2 3 4 5 6 4 6 7 8 9 10 8 10 11 12 13 14 12 14 15 4 16 17 4 17 15 18 5 14 18 14 19 "
											                    >
												<Coordinate point="-0.003652 -0.320472 -0.105846 0.001045 -0.336578 0.025163 -0.087148 -0.034152 0.065505 -0.091845 -0.018046 -0.065505 -0.091845 -0.018046 -0.065505 -0.087148 -0.034152 0.065505 0.091845 0.018046 0.065505 0.087148 0.034152 -0.065505 0.087148 0.034152 -0.065505 0.091845 0.018046 0.065505 0.180038 -0.284381 0.025163 0.175341 -0.268275 -0.105846 0.175341 -0.268275 -0.105846 0.180038 -0.284381 0.025163 0.001045 -0.336578 0.025163 -0.003652 -0.320472 -0.105846 0.087148 0.034152 -0.065505 0.175341 -0.268275 -0.105846 0.091845 0.018046 0.065505 0.180038 -0.284381 0.025163 " />
												<Normal vector="-0.414441 -0.640980 -0.645985 -0.373394 -0.781793 0.499313 -0.694052 0.317728 0.645985 -0.735099 0.458541 -0.499313 -0.735099 0.458541 -0.499313 -0.694052 0.317728 0.645985 0.414441 0.640980 0.645985 0.373394 0.781793 -0.499313 0.373394 0.781793 -0.499313 0.414441 0.640980 0.645985 0.735099 -0.458541 0.499313 0.694052 -0.317728 -0.645985 0.694052 -0.317728 -0.645985 0.735099 -0.458541 0.499313 -0.373394 -0.781793 0.499313 -0.414441 -0.640980 -0.645985 0.373394 0.781793 -0.499313 0.694052 -0.317728 -0.645985 0.414441 0.640980 0.645985 0.735099 -0.458541 0.499313 " />
												<TextureCoordinate point="0.5264 0.6508 0.9814 0.6508 0.9814 0.9820 0.5264 0.9820 0.5264 0.6508 0.9814 0.6508 0.9814 0.9820 0.5264 0.9820 0.5264 0.6508 0.9814 0.6508 0.9814 0.9820 0.5264 0.9820 0.5264 0.6508 0.9814 0.6508 0.9814 0.9820 0.5264 0.9820 0.9814 0.6508 0.9814 0.9820 0.5264 0.6508 0.5264 0.9820 " />
											</IndexedTriangleSet>
										</Shape>
									</Group>
								</Transform>
							</Transform>
							<Transform DEF="Cube_018_TRANSFORM"
							           translation="-0.208000 0.000000 0.000000"
							           scale="1.000000 1.000000 1.000000"
							           rotation="0.000000 1.000000 0.000000 0.000000"
							           >
								<Transform DEF="Cube_018_ifs_TRANSFORM"
								           translation="0.000000 0.000000 0.000000"
								           scale="1.000000 1.000000 1.000000"
								           rotation="0.000000 1.000000 0.000000 0.000000"
								           >
									<Group DEF="group_ME_Cube_024">
										<Shape>
											<Appearance>
												<Material USE="MA_Body" />
											</Appearance>
											<IndexedTriangleSet solid="false"
											                    normalPerVertex="true"
											                    index="0 1 2 0 2 3 4 5 6 4 6 7 8 9 10 8 10 11 12 13 14 12 14 15 4 16 17 4 17 15 18 5 14 18 14 19 "
											                    >
												<Coordinate point="-0.182253 -0.263628 -0.105846 -0.187367 -0.279606 0.025163 -0.091345 0.020426 0.065505 -0.086231 0.036405 -0.065505 -0.086231 0.036405 -0.065505 -0.091345 0.020426 0.065505 0.086231 -0.036405 0.065505 0.091345 -0.020426 -0.065505 0.091345 -0.020426 -0.065505 0.086231 -0.036405 0.065505 -0.009791 -0.336437 0.025163 -0.004677 -0.320459 -0.105846 -0.004677 -0.320459 -0.105846 -0.009791 -0.336437 0.025163 -0.187367 -0.279606 0.025163 -0.182253 -0.263628 -0.105846 0.091345 -0.020426 -0.065505 -0.004677 -0.320459 -0.105846 0.086231 -0.036405 0.065505 -0.009791 -0.336437 0.025163 " />
												<Normal vector="-0.702078 -0.299570 -0.645985 -0.746757 -0.439283 0.499313 -0.397656 0.651540 0.645985 -0.352947 0.791223 -0.499313 -0.352947 0.791223 -0.499313 -0.397656 0.651540 0.645985 0.702078 0.299570 0.645985 0.746757 0.439283 -0.499313 0.746757 0.439283 -0.499313 0.702078 0.299570 0.645985 0.352947 -0.791223 0.499313 0.397656 -0.651540 -0.645985 0.397656 -0.651540 -0.645985 0.352947 -0.791223 0.499313 -0.746757 -0.439283 0.499313 -0.702078 -0.299570 -0.645985 0.746757 0.439283 -0.499313 0.397656 -0.651540 -0.645985 0.702078 0.299570 0.645985 0.352947 -0.791223 0.499313 " />
												<TextureCoordinate point="0.5264 0.6508 0.9814 0.6508 0.9814 0.9820 0.5264 0.9820 0.5264 0.6508 0.9814 0.6508 0.9814 0.9820 0.5264 0.9820 0.5264 0.6508 0.9814 0.6508 0.9814 0.9820 0.5264 0.9820 0.5264 0.6508 0.9814 0.6508 0.9814 0.9820 0.5264 0.9820 0.9814 0.6508 0.9814 0.9820 0.5264 0.6508 0.5264 0.9820 " />
											</IndexedTriangleSet>
										</Shape>
									</Group>
								</Transform>
							</Transform>
						</Transform>
					</Transform>
				</Transform>
			</Transform>
			<Transform DEF="p_TRANSFORM"
			           translation="0.000000 -1.412412 0.499541"
			           scale="1.000000 1.000000 1.000000"
			           rotation="0.000000 1.000000 0.000000 0.000000"
			           >
				<Transform DEF="p_ifs_TRANSFORM"
				           translation="0.000000 0.000000 0.000000"
				           scale="1.000000 1.000000 1.000000"
				           rotation="0.000000 1.000000 0.000000 0.000000"
				           >
					<Group DEF="group_ME_p">
						<Shape>
							<Appearance>
								<Material USE="MA_Body" />
							</Appearance>
							<IndexedTriangleSet solid="false"
							                    normalPerVertex="true"
							                    index="0 1 2 0 2 3 4 5 6 4 6 7 8 9 10 8 10 11 12 13 14 12 14 15 4 16 17 4 17 15 18 5 14 18 14 19 "
							                    >
								<Coordinate point="-0.132001 -0.431787 -0.063140 -0.132001 -0.098276 0.152204 -0.132001 0.098276 -0.152204 -0.132001 -0.235234 -0.367548 -0.132001 -0.235234 -0.367548 -0.132001 0.098276 -0.152204 0.132001 0.098276 -0.152204 0.132001 -0.235234 -0.367548 0.132001 -0.235234 -0.367548 0.132001 0.098276 -0.152204 0.132001 -0.098276 0.152204 0.132001 -0.431787 -0.063140 0.132001 -0.431787 -0.063140 0.132001 -0.098276 0.152204 -0.132001 -0.098276 0.152204 -0.132001 -0.431787 -0.063140 0.132001 -0.235234 -0.367548 0.132001 -0.431787 -0.063140 0.132001 0.098276 -0.152204 0.132001 -0.098276 0.152204 " />
								<Normal vector="-0.577349 -0.798181 0.171850 -0.577349 0.171850 0.798181 -0.577349 0.798181 -0.171850 -0.577349 -0.171850 -0.798181 -0.577349 -0.171850 -0.798181 -0.577349 0.798181 -0.171850 0.577349 0.798181 -0.171850 0.577349 -0.171850 -0.798181 0.577349 -0.171850 -0.798181 0.577349 0.798181 -0.171850 0.577349 0.171850 0.798181 0.577349 -0.798181 0.171850 0.577349 -0.798181 0.171850 0.577349 0.171850 0.798181 -0.577349 0.171850 0.798181 -0.577349 -0.798181 0.171850 0.577349 -0.171850 -0.798181 0.577349 -0.798181 0.171850 0.577349 0.798181 -0.171850 0.577349 0.171850 0.798181 " />
								<TextureCoordinate point="0.4001 0.3580 0.6025 0.3580 0.6025 0.5810 0.4001 0.5810 0.4001 0.3580 0.6025 0.3580 0.6025 0.5810 0.4001 0.5810 0.4001 0.3580 0.6025 0.3580 0.6025 0.5810 0.4001 0.5810 0.4001 0.3580 0.6025 0.3580 0.6025 0.5810 0.4001 0.5810 0.6025 0.3580 0.6025 0.5810 0.4001 0.3580 0.4001 0.5810 " />
							</IndexedTriangleSet>
						</Shape>
					</Group>
				</Transform>
				<Transform DEF="Cube_024_TRANSFORM"
				           translation="0.000000 -0.189877 -0.183589"
				           scale="1.000000 1.000000 1.000000"
				           rotation="0.000000 1.000000 0.000000 0.000000"
				           >
					<Transform DEF="Cube_024_ifs_TRANSFORM"
					           translation="0.000000 0.000000 0.000000"
					           scale="1.000000 1.000000 1.000000"
					           rotation="0.000000 1.000000 0.000000 0.000000"
					           >
						<Group DEF="group_ME_Cube_031">
							<Shape>
								<Appearance>
									<Material USE="MA_Body" />
								</Appearance>
								<IndexedTriangleSet solid="false"
								                    normalPerVertex="true"
								                    index="0 1 2 0 2 3 4 5 6 4 6 7 8 9 10 8 10 11 12 13 14 12 14 15 4 16 17 4 17 15 18 5 14 18 14 19 "
								                    >
									<Coordinate point="-0.115482 -0.374942 -0.377179 -0.115482 -0.106193 0.064601 -0.115482 0.106193 -0.064601 -0.115482 -0.162555 -0.506380 -0.115482 -0.162555 -0.506380 -0.115482 0.106193 -0.064601 0.115482 0.106193 -0.064601 0.115482 -0.162555 -0.506380 0.115482 -0.162555 -0.506380 0.115482 0.106193 -0.064601 0.115482 -0.106193 0.064601 0.115482 -0.374942 -0.377179 0.115482 -0.374942 -0.377179 0.115482 -0.106193 0.064601 -0.115482 -0.106193 0.064601 -0.115482 -0.374942 -0.377179 0.115482 -0.162555 -0.506380 0.115482 -0.374942 -0.377179 0.115482 0.106193 -0.064601 0.115482 -0.106193 0.064601 " />
									<Normal vector="-0.577349 -0.793298 -0.193182 -0.577349 -0.193182 0.793298 -0.577349 0.793298 0.193182 -0.577349 0.193182 -0.793298 -0.577349 0.193182 -0.793298 -0.577349 0.793298 0.193182 0.577349 0.793298 0.193182 0.577349 0.193182 -0.793298 0.577349 0.193182 -0.793298 0.577349 0.793298 0.193182 0.577349 -0.193182 0.793298 0.577349 -0.793298 -0.193182 0.577349 -0.793298 -0.193182 0.577349 -0.193182 0.793298 -0.577349 -0.193182 0.793298 -0.577349 -0.793298 -0.193182 0.577349 0.193182 -0.793298 0.577349 -0.793298 -0.193182 0.577349 0.793298 0.193182 0.577349 -0.193182 0.793298 " />
									<TextureCoordinate point="0.4001 0.3580 0.6025 0.3580 0.6025 0.5810 0.4001 0.5810 0.4001 0.3580 0.6025 0.3580 0.6025 0.5810 0.4001 0.5810 0.4001 0.3580 0.6025 0.3580 0.6025 0.5810 0.4001 0.5810 0.4001 0.3580 0.6025 0.3580 0.6025 0.5810 0.4001 0.5810 0.6025 0.3580 0.6025 0.5810 0.4001 0.3580 0.4001 0.5810 " />
								</IndexedTriangleSet>
							</Shape>
						</Group>
					</Transform>
				</Transform>
				<Transform DEF="Cube_025_TRANSFORM"
				           translation="0.000000 -0.331789 -0.070287"
				           scale="1.000000 1.000000 1.000000"
				           rotation="0.000000 1.000000 0.000000 0.000000"
				           >
					<Transform DEF="Cube_025_ifs_TRANSFORM"
					           translation="0.000000 0.000000 0.000000"
					           scale="1.000000 1.000000 1.000000"
					           rotation="0.000000 1.000000 0.000000 0.000000"
					           >
						<Group DEF="group_ME_Cube_032">
							<Shape>
								<Appearance>
									<Material USE="MA_Body" />
								</Appearance>
								<IndexedTriangleSet solid="false"
								                    normalPerVertex="true"
								                    index="0 1 2 0 2 3 4 5 6 4 6 7 8 9 10 8 10 11 12 13 14 12 14 15 4 16 17 4 17 15 18 5 14 18 14 19 "
								                    >
									<Coordinate point="-0.064170 -0.292096 -0.143331 -0.064170 -0.052825 0.061659 -0.064170 0.052825 -0.061659 -0.064170 -0.186447 -0.266649 -0.064170 -0.186447 -0.266649 -0.064170 0.052825 -0.061659 0.064170 0.052825 -0.061659 0.064170 -0.186447 -0.266649 0.064170 -0.186447 -0.266649 0.064170 0.052825 -0.061659 0.064170 -0.052825 0.061659 0.064170 -0.292096 -0.143331 0.064170 -0.292096 -0.143331 0.064170 -0.052825 0.061659 -0.064170 -0.052825 0.061659 -0.064170 -0.292096 -0.143331 0.064170 -0.186447 -0.266649 0.064170 -0.292096 -0.143331 0.064170 0.052825 -0.061659 0.064170 -0.052825 0.061659 " />
									<Normal vector="-0.577349 -0.814051 0.062807 -0.577349 0.062807 0.814051 -0.577349 0.814051 -0.062807 -0.577349 -0.062807 -0.814051 -0.577349 -0.062807 -0.814051 -0.577349 0.814051 -0.062807 0.577349 0.814051 -0.062807 0.577349 -0.062807 -0.814051 0.577349 -0.062807 -0.814051 0.577349 0.814051 -0.062807 0.577349 0.062807 0.814051 0.577349 -0.814051 0.062807 0.577349 -0.814051 0.062807 0.577349 0.062807 0.814051 -0.577349 0.062807 0.814051 -0.577349 -0.814051 0.062807 0.577349 -0.062807 -0.814051 0.577349 -0.814051 0.062807 0.577349 0.814051 -0.062807 0.577349 0.062807 0.814051 " />
									<TextureCoordinate point="0.4001 0.3580 0.6025 0.3580 0.6025 0.5810 0.4001 0.5810 0.4001 0.3580 0.6025 0.3580 0.6025 0.5810 0.4001 0.5810 0.4001 0.3580 0.6025 0.3580 0.6025 0.5810 0.4001 0.5810 0.4001 0.3580 0.6025 0.3580 0.6025 0.5810 0.4001 0.5810 0.6025 0.3580 0.6025 0.5810 0.4001 0.3580 0.4001 0.5810 " />
								</IndexedTriangleSet>
							</Shape>
						</Group>
					</Transform>
				</Transform>
			</Transform>
			<Transform DEF="Cube_005_TRANSFORM"
			           translation="0.502583 -0.452724 0.564567"
			           scale="1.000000 1.000000 1.000000"
			           rotation="0.000000 1.000000 0.000000 0.000000"
			           >
				<Transform DEF="Cube_005_ifs_TRANSFORM"
				           translation="0.000000 0.000000 0.000000"
				           scale="1.000000 1.000000 1.000000"
				           rotation="0.000000 1.000000 0.000000 0.000000"
				           >
					<Group DEF="group_ME_Cube_002">
						<Shape>
							<Appearance>
								<Material USE="MA_Body" />
							</Appearance>
							<IndexedTriangleSet solid="false"
							                    normalPerVertex="true"
							                    index="0 1 2 0 2 3 4 5 6 4 6 7 8 9 10 8 10 11 12 13 14 12 14 15 16 17 18 16 18 19 20 21 14 20 14 22 23 24 25 23 25 26 27 28 29 27 29 15 30 31 32 30 32 33 27 21 34 27 34 35 "
							                    >
								<Coordinate point="0.046054 -0.302733 -0.083929 0.102372 -0.300154 -0.015487 -0.046054 0.302733 0.083929 -0.102372 0.300154 0.015487 0.171151 0.405260 -0.213542 0.227469 0.407839 -0.145100 0.500992 0.512945 -0.374130 0.444674 0.510366 -0.442572 0.444674 0.510366 -0.442572 0.500992 0.512945 -0.374130 0.649417 -0.089942 -0.473547 0.593099 -0.092521 -0.541989 0.319576 -0.197627 -0.312959 0.375894 -0.195048 -0.244517 0.102372 -0.300154 -0.015487 0.046054 -0.302733 -0.083929 0.171151 0.405260 -0.213542 0.444674 0.510366 -0.442572 0.593099 -0.092521 -0.541989 0.319576 -0.197627 -0.312959 0.227469 0.407839 -0.145100 -0.046054 0.302733 0.083929 0.375894 -0.195048 -0.244517 0.500992 0.512945 -0.374130 0.227469 0.407839 -0.145100 0.375894 -0.195048 -0.244517 0.649417 -0.089942 -0.473547 -0.102372 0.300154 0.015487 0.171151 0.405260 -0.213542 0.319576 -0.197627 -0.312959 0.593099 -0.092521 -0.541989 0.649417 -0.089942 -0.473547 0.375894 -0.195048 -0.244517 0.319576 -0.197627 -0.312959 0.227469 0.407839 -0.145100 0.171151 0.405260 -0.213542 " />
								<Normal vector="-0.655019 -0.733512 -0.181341 0.078341 -0.699911 0.709891 -0.194189 0.407178 0.892453 -0.927580 0.373577 0.001190 -0.615986 0.657399 -0.433973 0.282174 0.698508 0.657582 0.655019 0.733512 0.181341 -0.078341 0.699911 -0.709891 -0.078341 0.699911 -0.709891 0.655019 0.733512 0.181341 0.927580 -0.373577 -0.001190 0.194189 -0.407178 -0.892453 -0.282174 -0.698508 -0.657582 0.615986 -0.657399 0.433973 0.078341 -0.699911 0.709891 -0.655019 -0.733512 -0.181341 -0.615986 0.657399 -0.433973 -0.078341 0.699911 -0.709891 0.194189 -0.407178 -0.892453 -0.282174 -0.698508 -0.657582 0.282174 0.698508 0.657582 -0.194189 0.407178 0.892453 0.615986 -0.657399 0.433973 0.655019 0.733512 0.181341 0.282174 0.698508 0.657582 0.615986 -0.657399 0.433973 0.927580 -0.373577 -0.001190 -0.927580 0.373577 0.001190 -0.615986 0.657399 -0.433973 -0.282174 -0.698508 -0.657582 0.194189 -0.407178 -0.892453 0.927580 -0.373577 -0.001190 0.615986 -0.657399 0.433973 -0.282174 -0.698508 -0.657582 0.282174 0.698508 0.657582 -0.615986 0.657399 -0.433973 " />
								<TextureCoordinate point="0.0543 0.5187 0.3233 0.5187 0.3233 0.9813 0.0543 0.9813 0.5317 0.8125 0.9761 0.8125 0.9761 0.9768 0.5317 0.9768 0.5317 0.6482 0.9761 0.6482 0.9761 0.9768 0.5317 0.9768 0.0543 0.7500 0.3233 0.7500 0.3233 0.9813 0.0543 0.9813 0.7539 0.6482 0.9761 0.6482 0.9761 0.9768 0.7539 0.9768 0.1888 0.5187 0.3233 0.5187 0.1888 0.9813 0.5317 0.6482 0.7539 0.6482 0.7539 0.9768 0.5317 0.9768 0.0543 0.5187 0.1888 0.5187 0.1888 0.9813 0.5317 0.6482 0.9761 0.6482 0.9761 0.8125 0.5317 0.8125 0.3233 0.7500 0.0543 0.7500 " />
							</IndexedTriangleSet>
						</Shape>
					</Group>
				</Transform>
			</Transform>
			<Transform DEF="Cube_001_TRANSFORM"
			           translation="0.440686 -0.895146 0.565299"
			           scale="1.000000 1.000000 1.000000"
			           rotation="0.000000 1.000000 0.000000 0.000000"
			           >
				<Transform DEF="Cube_001_ifs_TRANSFORM"
				           translation="0.000000 0.000000 0.000000"
				           scale="1.000000 1.000000 1.000000"
				           rotation="0.000000 1.000000 0.000000 0.000000"
				           >
					<Group DEF="group_ME_Cube_003">
						<Shape>
							<Appearance>
								<Material USE="MA_Body" />
							</Appearance>
							<IndexedTriangleSet solid="false"
							                    normalPerVertex="true"
							                    index="0 1 2 0 2 3 4 5 6 4 6 7 8 9 10 8 10 11 12 13 14 12 14 15 16 17 18 16 18 19 20 21 14 20 14 22 23 24 25 23 25 26 27 28 29 27 29 15 30 31 32 30 32 33 27 21 34 27 34 35 "
							                    >
								<Coordinate point="-0.124231 -0.284672 0.065884 -0.060664 -0.284295 0.127704 0.124231 0.284672 -0.065884 0.060664 0.284295 -0.127704 0.345952 0.092177 -0.419876 0.409518 0.092554 -0.358055 0.639878 -0.062576 -0.593974 0.576312 -0.062953 -0.655795 0.576312 -0.062953 -0.655795 0.639878 -0.062576 -0.593974 0.454983 -0.631543 -0.400386 0.391416 -0.631920 -0.462207 0.161056 -0.476791 -0.226288 0.224623 -0.476414 -0.164467 -0.060664 -0.284295 0.127704 -0.124231 -0.284672 0.065884 0.345952 0.092177 -0.419876 0.576312 -0.062953 -0.655795 0.391416 -0.631920 -0.462207 0.161056 -0.476791 -0.226288 0.409518 0.092554 -0.358055 0.124231 0.284672 -0.065884 0.224623 -0.476414 -0.164467 0.639878 -0.062576 -0.593974 0.409518 0.092554 -0.358055 0.224623 -0.476414 -0.164467 0.454983 -0.631543 -0.400386 0.060664 0.284295 -0.127704 0.345952 0.092177 -0.419876 0.161056 -0.476791 -0.226288 0.391416 -0.631920 -0.462207 0.454983 -0.631543 -0.400386 0.224623 -0.476414 -0.164467 0.161056 -0.476791 -0.226288 0.409518 0.092554 -0.358055 0.345952 0.092177 -0.419876 " />
								<Normal vector="-0.948607 -0.279061 0.148991 -0.120853 -0.274148 0.954039 0.218665 0.770653 0.598529 -0.609088 0.765740 -0.206458 -0.298959 0.636799 -0.710654 0.714805 0.642811 0.275277 0.948607 0.279061 -0.148991 0.120853 0.274148 -0.954039 0.120853 0.274148 -0.954039 0.948607 0.279061 -0.148991 0.609088 -0.765740 0.206458 -0.218665 -0.770653 -0.598529 -0.714805 -0.642811 -0.275277 0.298959 -0.636799 0.710654 -0.120853 -0.274148 0.954039 -0.948607 -0.279061 0.148991 -0.298959 0.636799 -0.710654 0.120853 0.274148 -0.954039 -0.218665 -0.770653 -0.598529 -0.714805 -0.642811 -0.275277 0.714805 0.642811 0.275277 0.218665 0.770653 0.598529 0.298959 -0.636799 0.710654 0.948607 0.279061 -0.148991 0.714805 0.642811 0.275277 0.298959 -0.636799 0.710654 0.609088 -0.765740 0.206458 -0.609088 0.765740 -0.206458 -0.298959 0.636799 -0.710654 -0.714805 -0.642811 -0.275277 -0.218665 -0.770653 -0.598529 0.609088 -0.765740 0.206458 0.298959 -0.636799 0.710654 -0.714805 -0.642811 -0.275277 0.714805 0.642811 0.275277 -0.298959 0.636799 -0.710654 " />
								<TextureCoordinate point="0.0543 0.5187 0.3233 0.5187 0.3233 0.9813 0.0543 0.9813 0.5317 0.8125 0.9761 0.8125 0.9761 0.9768 0.5317 0.9768 0.5317 0.6482 0.9761 0.6482 0.9761 0.9768 0.5317 0.9768 0.0543 0.7500 0.3233 0.7500 0.3233 0.9813 0.0543 0.9813 0.7539 0.6482 0.9761 0.6482 0.9761 0.9768 0.7539 0.9768 0.1888 0.5187 0.3233 0.5187 0.1888 0.9813 0.5317 0.6482 0.7539 0.6482 0.7539 0.9768 0.5317 0.9768 0.0543 0.5187 0.1888 0.5187 0.1888 0.9813 0.5317 0.6482 0.9761 0.6482 0.9761 0.8125 0.5317 0.8125 0.3233 0.7500 0.0543 0.7500 " />
							</IndexedTriangleSet>
						</Shape>
					</Group>
				</Transform>
			</Transform>
			<Transform DEF="Cube_004_TRANSFORM"
			           translation="0.348737 -0.238355 0.672633"
			           scale="1.000000 1.000000 1.000000"
			           rotation="0.000000 1.000000 0.000000 0.000000"
			           >
				<Transform DEF="Cube_004_ifs_TRANSFORM"
				           translation="0.000000 0.000000 0.000000"
				           scale="1.000000 1.000000 1.000000"
				           rotation="0.000000 1.000000 0.000000 0.000000"
				           >
					<Group DEF="group_ME_Cube_004">
						<Shape>
							<Appearance>
								<Material USE="MA_Body" />
							</Appearance>
							<IndexedTriangleSet solid="false"
							                    normalPerVertex="true"
							                    index="0 1 2 0 2 3 4 5 6 4 6 7 8 9 10 8 10 11 12 13 14 12 14 15 16 17 18 16 18 19 20 21 14 20 14 22 23 24 25 23 25 26 27 28 29 27 29 15 30 31 32 30 32 33 27 21 34 27 34 35 "
							                    >
								<Coordinate point="0.283665 -0.030109 -0.139428 0.308864 -0.047495 -0.056209 -0.283665 0.030109 0.139428 -0.308864 0.047495 0.056209 -0.243098 0.409285 0.111882 -0.217899 0.391899 0.195101 -0.152133 0.753689 0.250774 -0.177333 0.771075 0.167555 -0.177333 0.771075 0.167555 -0.152133 0.753689 0.250774 0.440396 0.676084 0.055137 0.415196 0.693471 -0.028082 0.349431 0.331681 -0.083755 0.374630 0.314294 -0.000536 0.308864 -0.047495 -0.056209 0.283665 -0.030109 -0.139428 -0.243098 0.409285 0.111882 -0.177333 0.771075 0.167555 0.415196 0.693471 -0.028082 0.349431 0.331681 -0.083755 -0.217899 0.391899 0.195101 -0.283665 0.030109 0.139428 0.374630 0.314294 -0.000536 -0.152133 0.753689 0.250774 -0.217899 0.391899 0.195101 0.374630 0.314294 -0.000536 0.440396 0.676084 0.055137 -0.308864 0.047495 0.056209 -0.243098 0.409285 0.111882 0.349431 0.331681 -0.083755 0.415196 0.693471 -0.028082 0.440396 0.676084 0.055137 0.374630 0.314294 -0.000536 0.349431 0.331681 -0.083755 -0.217899 0.391899 0.195101 -0.243098 0.409285 0.111882 " />
								<Normal vector="0.277871 -0.519669 -0.807886 0.606006 -0.746086 0.275765 -0.482040 -0.603565 0.635029 -0.810205 -0.377178 -0.448622 -0.867244 0.225898 -0.443617 -0.465346 -0.051363 0.883602 -0.277871 0.519669 0.807886 -0.606006 0.746086 -0.275765 -0.606006 0.746086 -0.275765 -0.277871 0.519669 0.807886 0.810205 0.377178 0.448622 0.482040 0.603565 -0.635029 0.465346 0.051363 -0.883602 0.867244 -0.225898 0.443617 0.606006 -0.746086 0.275765 0.277871 -0.519669 -0.807886 -0.867244 0.225898 -0.443617 -0.606006 0.746086 -0.275765 0.482040 0.603565 -0.635029 0.465346 0.051363 -0.883602 -0.465346 -0.051363 0.883602 -0.482040 -0.603565 0.635029 0.867244 -0.225898 0.443617 -0.277871 0.519669 0.807886 -0.465346 -0.051363 0.883602 0.867244 -0.225898 0.443617 0.810205 0.377178 0.448622 -0.810205 -0.377178 -0.448622 -0.867244 0.225898 -0.443617 0.465346 0.051363 -0.883602 0.482040 0.603565 -0.635029 0.810205 0.377178 0.448622 0.867244 -0.225898 0.443617 0.465346 0.051363 -0.883602 -0.465346 -0.051363 0.883602 -0.867244 0.225898 -0.443617 " />
								<TextureCoordinate point="0.0543 0.5187 0.3233 0.5187 0.3233 0.9813 0.0543 0.9813 0.5317 0.8125 0.9761 0.8125 0.9761 0.9768 0.5317 0.9768 0.5317 0.6482 0.9761 0.6482 0.9761 0.9768 0.5317 0.9768 0.0543 0.7500 0.3233 0.7500 0.3233 0.9813 0.0543 0.9813 0.7539 0.6482 0.9761 0.6482 0.9761 0.9768 0.7539 0.9768 0.1888 0.5187 0.3233 0.5187 0.1888 0.9813 0.5317 0.6482 0.7539 0.6482 0.7539 0.9768 0.5317 0.9768 0.0543 0.5187 0.1888 0.5187 0.1888 0.9813 0.5317 0.6482 0.9761 0.6482 0.9761 0.8125 0.5317 0.8125 0.3233 0.7500 0.0543 0.7500 " />
							</IndexedTriangleSet>
						</Shape>
					</Group>
				</Transform>
			</Transform>
			<Transform DEF="leg3_TRANSFORM"
			           translation="-0.554366 0.308789 0.350259"
			           scale="1.000000 1.000000 1.000000"
			           rotation="0.000000 1.000000 0.000000 0.000000"
			           >
				<Transform DEF="leg3_ifs_TRANSFORM"
				           translation="0.000000 0.000000 0.000000"
				           scale="1.000000 1.000000 1.000000"
				           rotation="0.000000 1.000000 0.000000 0.000000"
				           >
					<Group DEF="group_ME_leg3">
						<Shape>
							<Appearance>
								<Material USE="MA_Body" />
							</Appearance>
							<IndexedTriangleSet solid="false"
							                    normalPerVertex="true"
							                    index="0 1 2 0 2 3 4 5 6 4 6 7 8 9 10 8 10 11 12 13 14 12 14 15 4 13 16 4 16 17 18 19 14 18 14 7 "
							                    >
								<Coordinate point="0.241010 0.020735 -1.000558 0.241010 0.647911 -0.762731 0.241010 0.313588 0.118914 0.241010 -0.313588 -0.118914 0.241010 0.647911 -0.762731 -0.241010 0.647911 -0.762731 -0.241010 0.313588 0.118914 0.241010 0.313588 0.118914 -0.241010 0.647911 -0.762731 -0.241010 0.020735 -1.000558 -0.241010 -0.313588 -0.118914 -0.241010 0.313588 0.118914 -0.241010 0.020735 -1.000558 0.241010 0.020735 -1.000558 0.241010 -0.313588 -0.118914 -0.241010 -0.313588 -0.118914 -0.241010 0.020735 -1.000558 -0.241010 0.647911 -0.762731 -0.241010 0.313588 0.118914 -0.241010 -0.313588 -0.118914 " />
								<Normal vector="0.577349 -0.335124 -0.744530 0.577349 0.744530 -0.335124 0.577349 0.335124 0.744530 0.577349 -0.744530 0.335124 0.577349 0.744530 -0.335124 -0.577349 0.744530 -0.335124 -0.577349 0.335124 0.744530 0.577349 0.335124 0.744530 -0.577349 0.744530 -0.335124 -0.577349 -0.335124 -0.744530 -0.577349 -0.744530 0.335124 -0.577349 0.335124 0.744530 -0.577349 -0.335124 -0.744530 0.577349 -0.335124 -0.744530 0.577349 -0.744530 0.335124 -0.577349 -0.744530 0.335124 -0.577349 -0.335124 -0.744530 -0.577349 0.744530 -0.335124 -0.577349 0.335124 0.744530 -0.577349 -0.744530 0.335124 " />
								<TextureCoordinate point="0.0468 0.0138 0.0468 0.4715 0.3379 0.4715 0.3379 0.0138 0.0468 0.0138 0.0468 0.4715 0.3379 0.4715 0.3379 0.0138 0.0468 0.0138 0.0468 0.4715 0.3379 0.4715 0.3379 0.0138 0.0468 0.0138 0.0468 0.4715 0.3379 0.4715 0.3379 0.0138 0.3379 0.4715 0.3379 0.0138 0.0468 0.0138 0.0468 0.4715 " />
							</IndexedTriangleSet>
						</Shape>
					</Group>
				</Transform>
				<Transform DEF="Cube_007_TRANSFORM"
				           translation="0.000000 0.179791 -0.750361"
				           scale="1.000000 1.000000 1.000000"
				           rotation="0.000000 1.000000 0.000000 0.000000"
				           >
					<Transform DEF="Cube_007_ifs_TRANSFORM"
					           translation="0.000000 0.000000 0.000000"
					           scale="1.000000 1.000000 1.000000"
					           rotation="0.000000 1.000000 0.000000 0.000000"
					           >
						<Group DEF="group_ME_Cube_005">
							<Shape>
								<Appearance>
									<Material USE="MA_Body" />
								</Appearance>
								<IndexedTriangleSet solid="false"
								                    normalPerVertex="true"
								                    index="0 1 2 0 2 3 4 5 6 4 6 7 8 9 10 8 10 11 12 13 14 12 14 15 4 13 16 4 16 17 18 19 14 18 14 7 "
								                    >
									<Coordinate point="0.188518 0.646429 -0.477230 0.188518 0.799699 -0.078104 0.188518 0.076635 0.199563 0.188518 -0.076635 -0.199563 0.188518 0.799699 -0.078104 -0.188518 0.799699 -0.078104 -0.188518 0.076635 0.199563 0.188518 0.076635 0.199563 -0.188518 0.799699 -0.078104 -0.188518 0.646429 -0.477230 -0.188518 -0.076635 -0.199563 -0.188518 0.076635 0.199563 -0.188518 0.646429 -0.477230 0.188518 0.646429 -0.477230 0.188518 -0.076635 -0.199563 -0.188518 -0.076635 -0.199563 -0.188518 0.646429 -0.477230 -0.188518 0.799699 -0.078104 -0.188518 0.076635 0.199563 -0.188518 -0.076635 -0.199563 " />
									<Normal vector="0.577349 0.331980 -0.745933 0.577349 0.745933 0.331980 0.577349 -0.331980 0.745933 0.577349 -0.745933 -0.331980 0.577349 0.745933 0.331980 -0.577349 0.745933 0.331980 -0.577349 -0.331980 0.745933 0.577349 -0.331980 0.745933 -0.577349 0.745933 0.331980 -0.577349 0.331980 -0.745933 -0.577349 -0.745933 -0.331980 -0.577349 -0.331980 0.745933 -0.577349 0.331980 -0.745933 0.577349 0.331980 -0.745933 0.577349 -0.745933 -0.331980 -0.577349 -0.745933 -0.331980 -0.577349 0.331980 -0.745933 -0.577349 0.745933 0.331980 -0.577349 -0.331980 0.745933 -0.577349 -0.745933 -0.331980 " />
									<TextureCoordinate point="0.0468 0.0138 0.0468 0.4715 0.3379 0.4715 0.3379 0.0138 0.0468 0.0138 0.0468 0.4715 0.3379 0.4715 0.3379 0.0138 0.0468 0.0138 0.0468 0.4715 0.3379 0.4715 0.3379 0.0138 0.0468 0.0138 0.0468 0.4715 0.3379 0.4715 0.3379 0.0138 0.3379 0.4715 0.3379 0.0138 0.0468 0.0138 0.0468 0.4715 " />
								</IndexedTriangleSet>
							</Shape>
						</Group>
					</Transform>
				</Transform>
				<Transform DEF="leg3_1_TRANSFORM"
				           translation="0.000000 0.975358 -0.798980"
				           scale="1.000000 1.000000 1.000000"
				           rotation="0.000000 1.000000 0.000000 0.000000"
				           >
					<Transform DEF="leg3_1_ifs_TRANSFORM"
					           translation="0.000000 0.000000 0.000000"
					           scale="1.000000 1.000000 1.000000"
					           rotation="0.000000 1.000000 0.000000 0.000000"
					           >
						<Group DEF="group_ME_leg3_1">
							<Shape>
								<Appearance>
									<Material USE="MA_Body" />
								</Appearance>
								<IndexedTriangleSet solid="false"
								                    normalPerVertex="true"
								                    index="0 1 2 0 2 3 4 5 6 4 6 7 8 9 10 8 10 11 12 13 14 12 14 15 4 13 16 4 16 17 18 19 14 18 14 7 "
								                    >
									<Coordinate point="0.232793 -0.467630 -0.794296 0.232793 -0.068668 -0.919167 0.232793 0.199481 -0.062436 0.232793 -0.199481 0.062436 0.232793 -0.068668 -0.919167 -0.232793 -0.068668 -0.919167 -0.232793 0.199481 -0.062436 0.232793 0.199481 -0.062436 -0.232793 -0.068668 -0.919167 -0.232793 -0.467630 -0.794296 -0.232793 -0.199481 0.062436 -0.232793 0.199481 -0.062436 -0.232793 -0.467630 -0.794296 0.232793 -0.467630 -0.794296 0.232793 -0.199481 0.062436 -0.232793 -0.199481 0.062436 -0.232793 -0.467630 -0.794296 -0.232793 -0.068668 -0.919167 -0.232793 0.199481 -0.062436 -0.232793 -0.199481 0.062436 " />
									<Normal vector="0.577349 -0.723441 -0.378521 0.577349 0.378521 -0.723441 0.577349 0.723441 0.378521 0.577349 -0.378521 0.723441 0.577349 0.378521 -0.723441 -0.577349 0.378521 -0.723441 -0.577349 0.723441 0.378521 0.577349 0.723441 0.378521 -0.577349 0.378521 -0.723441 -0.577349 -0.723441 -0.378521 -0.577349 -0.378521 0.723441 -0.577349 0.723441 0.378521 -0.577349 -0.723441 -0.378521 0.577349 -0.723441 -0.378521 0.577349 -0.378521 0.723441 -0.577349 -0.378521 0.723441 -0.577349 -0.723441 -0.378521 -0.577349 0.378521 -0.723441 -0.577349 0.723441 0.378521 -0.577349 -0.378521 0.723441 " />
									<TextureCoordinate point="0.0468 0.0138 0.0468 0.4715 0.3379 0.4715 0.3379 0.0138 0.0468 0.0138 0.0468 0.4715 0.3379 0.4715 0.3379 0.0138 0.0468 0.0138 0.0468 0.4715 0.3379 0.4715 0.3379 0.0138 0.0468 0.0138 0.0468 0.4715 0.3379 0.4715 0.3379 0.0138 0.3379 0.4715 0.3379 0.0138 0.0468 0.0138 0.0468 0.4715 " />
								</IndexedTriangleSet>
							</Shape>
						</Group>
					</Transform>
					<Transform DEF="foot3_TRANSFORM"
					           translation="-0.013227 -0.287195 -0.702622"
					           scale="1.000000 1.000000 1.000000"
					           rotation="0.000000 1.000000 0.000000 0.000000"
					           >
						<Transform DEF="foot3_ifs_TRANSFORM"
						           translation="0.000000 0.000000 0.000000"
						           scale="1.000000 1.000000 1.000000"
						           rotation="0.000000 1.000000 0.000000 0.000000"
						           >
							<Group DEF="group_ME_foot3">
								<Shape>
									<Appearance>
										<Material USE="MA_Body" />
									</Appearance>
									<IndexedTriangleSet solid="false"
									                    normalPerVertex="true"
									                    index="0 1 2 0 2 3 4 5 6 4 6 7 8 9 10 8 10 11 12 13 14 12 14 15 4 13 16 4 16 17 18 19 14 18 14 7 "
									                    >
										<Coordinate point="0.304133 -0.296468 -0.215827 0.304133 0.160214 -0.218915 0.304133 0.161687 -0.001093 0.304133 -0.294995 0.001995 0.304133 0.160214 -0.218915 -0.304133 0.160214 -0.218915 -0.304133 0.161687 -0.001093 0.304133 0.161687 -0.001093 -0.304133 0.160214 -0.218915 -0.304133 -0.296468 -0.215827 -0.304133 -0.294995 0.001995 -0.304133 0.161687 -0.001093 -0.304133 -0.296468 -0.215827 0.304133 -0.296468 -0.215827 0.304133 -0.294995 0.001995 -0.304133 -0.294995 0.001995 -0.304133 -0.296468 -0.215827 -0.304133 0.160214 -0.218915 -0.304133 0.161687 -0.001093 -0.304133 -0.294995 0.001995 " />
										<Normal vector="0.577349 -0.581225 -0.573412 0.577349 0.573412 -0.581225 0.577349 0.581225 0.573412 0.577349 -0.573412 0.581225 0.577349 0.573412 -0.581225 -0.577349 0.573412 -0.581225 -0.577349 0.581225 0.573412 0.577349 0.581225 0.573412 -0.577349 0.573412 -0.581225 -0.577349 -0.581225 -0.573412 -0.577349 -0.573412 0.581225 -0.577349 0.581225 0.573412 -0.577349 -0.581225 -0.573412 0.577349 -0.581225 -0.573412 0.577349 -0.573412 0.581225 -0.577349 -0.573412 0.581225 -0.577349 -0.581225 -0.573412 -0.577349 0.573412 -0.581225 -0.577349 0.581225 0.573412 -0.577349 -0.573412 0.581225 " />
										<TextureCoordinate point="0.0468 0.0138 0.0468 0.4715 0.3379 0.4715 0.3379 0.0138 0.0468 0.0138 0.0468 0.4715 0.3379 0.4715 0.3379 0.0138 0.0468 0.0138 0.0468 0.4715 0.3379 0.4715 0.3379 0.0138 0.0468 0.0138 0.0468 0.4715 0.3379 0.4715 0.3379 0.0138 0.3379 0.4715 0.3379 0.0138 0.0468 0.0138 0.0468 0.4715 " />
									</IndexedTriangleSet>
								</Shape>
							</Group>
						</Transform>
						<Transform DEF="Cube_012_TRANSFORM"
						           translation="-0.009038 -0.257558 -0.131046"
						           scale="1.000000 1.000000 1.000000"
						           rotation="0.000000 1.000000 0.000000 0.000000"
						           >
							<Transform DEF="Cube_012_ifs_TRANSFORM"
							           translation="0.000000 0.000000 0.000000"
							           scale="1.000000 1.000000 1.000000"
							           rotation="0.000000 1.000000 0.000000 0.000000"
							           >
								<Group DEF="group_ME_Cube_013">
									<Shape>
										<Appearance>
											<Material USE="MA_Body" />
										</Appearance>
										<IndexedTriangleSet solid="false"
										                    normalPerVertex="true"
										                    index="0 1 2 0 2 3 4 5 6 4 6 7 8 9 10 8 10 11 12 13 14 12 14 15 4 13 16 4 16 17 18 19 14 18 14 7 "
										                    >
											<Coordinate point="0.065690 -0.237779 -0.085661 0.065690 0.006789 -0.056022 0.065690 -0.006789 0.056022 0.065690 -0.251358 0.026382 0.065690 0.006789 -0.056022 -0.065690 0.006789 -0.056022 -0.065690 -0.006789 0.056022 0.065690 -0.006789 0.056022 -0.065690 0.006789 -0.056022 -0.065690 -0.237779 -0.085661 -0.065690 -0.251358 0.026382 -0.065690 -0.006789 0.056022 -0.065690 -0.237779 -0.085661 0.065690 -0.237779 -0.085661 0.065690 -0.251358 0.026382 -0.065690 -0.251358 0.026382 -0.065690 -0.237779 -0.085661 -0.065690 0.006789 -0.056022 -0.065690 -0.006789 0.056022 -0.065690 -0.251358 0.026382 " />
											<Normal vector="0.577349 -0.503677 -0.642598 0.577349 0.642598 -0.503677 0.577349 0.503677 0.642598 0.577349 -0.642598 0.503677 0.577349 0.642598 -0.503677 -0.577349 0.642598 -0.503677 -0.577349 0.503677 0.642598 0.577349 0.503677 0.642598 -0.577349 0.642598 -0.503677 -0.577349 -0.503677 -0.642598 -0.577349 -0.642598 0.503677 -0.577349 0.503677 0.642598 -0.577349 -0.503677 -0.642598 0.577349 -0.503677 -0.642598 0.577349 -0.642598 0.503677 -0.577349 -0.642598 0.503677 -0.577349 -0.503677 -0.642598 -0.577349 0.642598 -0.503677 -0.577349 0.503677 0.642598 -0.577349 -0.642598 0.503677 " />
											<TextureCoordinate point="0.5264 0.6508 0.5264 0.9820 0.9814 0.9820 0.9814 0.6508 0.5264 0.6508 0.5264 0.9820 0.9814 0.9820 0.9814 0.6508 0.5264 0.6508 0.5264 0.9820 0.9814 0.9820 0.9814 0.6508 0.5264 0.6508 0.5264 0.9820 0.9814 0.9820 0.9814 0.6508 0.9814 0.9820 0.9814 0.6508 0.5264 0.6508 0.5264 0.9820 " />
										</IndexedTriangleSet>
									</Shape>
								</Group>
							</Transform>
							<Transform DEF="Cube_013_TRANSFORM"
							           translation="-0.222985 0.061790 0.007504"
							           scale="1.000000 1.000000 1.000000"
							           rotation="0.000000 1.000000 0.000000 0.000000"
							           >
								<Transform DEF="Cube_013_ifs_TRANSFORM"
								           translation="0.000000 0.000000 0.000000"
								           scale="1.000000 1.000000 1.000000"
								           rotation="0.000000 1.000000 0.000000 0.000000"
								           >
									<Group DEF="group_ME_Cube_014">
										<Shape>
											<Appearance>
												<Material USE="MA_Body" />
											</Appearance>
											<IndexedTriangleSet solid="false"
											                    normalPerVertex="true"
											                    index="0 1 2 0 2 3 4 5 6 4 6 7 8 9 10 8 10 11 12 13 14 12 14 15 4 13 16 4 16 17 18 19 14 18 14 7 "
											                    >
												<Coordinate point="0.022905 -0.273766 -0.087804 0.079843 -0.010429 -0.055197 0.075830 -0.023434 0.056842 0.018891 -0.286772 0.024235 0.079843 -0.010429 -0.055197 -0.075830 0.023434 -0.056842 -0.079843 0.010429 0.055197 0.075830 -0.023434 0.056842 -0.075830 0.023434 -0.056842 -0.132768 -0.239903 -0.089450 -0.136782 -0.252909 0.022589 -0.079843 0.010429 0.055197 -0.132768 -0.239903 -0.089450 0.022905 -0.273766 -0.087804 0.018891 -0.286772 0.024235 -0.136782 -0.252909 0.022589 -0.132768 -0.239903 -0.089450 -0.075830 0.023434 -0.056842 -0.079843 0.010429 0.055197 -0.136782 -0.252909 0.022589 " />
												<Normal vector="0.463515 -0.616382 -0.636525 0.705771 0.504013 -0.497787 0.664724 0.370952 0.648457 0.422437 -0.749443 0.509720 0.705771 0.504013 -0.497787 -0.422437 0.749443 -0.509720 -0.463515 0.616382 0.636525 0.664724 0.370952 0.648457 -0.422437 0.749443 -0.509720 -0.664724 -0.370952 -0.648457 -0.705771 -0.504013 0.497787 -0.463515 0.616382 0.636525 -0.664724 -0.370952 -0.648457 0.463515 -0.616382 -0.636525 0.422437 -0.749443 0.509720 -0.705771 -0.504013 0.497787 -0.664724 -0.370952 -0.648457 -0.422437 0.749443 -0.509720 -0.463515 0.616382 0.636525 -0.705771 -0.504013 0.497787 " />
												<TextureCoordinate point="0.5264 0.6508 0.5264 0.9820 0.9814 0.9820 0.9814 0.6508 0.5264 0.6508 0.5264 0.9820 0.9814 0.9820 0.9814 0.6508 0.5264 0.6508 0.5264 0.9820 0.9814 0.9820 0.9814 0.6508 0.5264 0.6508 0.5264 0.9820 0.9814 0.9820 0.9814 0.6508 0.9814 0.9820 0.9814 0.6508 0.5264 0.6508 0.5264 0.9820 " />
											</IndexedTriangleSet>
										</Shape>
									</Group>
								</Transform>
							</Transform>
							<Transform DEF="Cube_014_TRANSFORM"
							           translation="0.237918 0.062904 0.004894"
							           scale="1.000000 1.000000 1.000000"
							           rotation="0.000000 1.000000 0.000000 0.000000"
							           >
								<Transform DEF="Cube_014_ifs_TRANSFORM"
								           translation="0.000000 0.000000 0.000000"
								           scale="1.000000 1.000000 1.000000"
								           rotation="0.000000 1.000000 0.000000 0.000000"
								           >
									<Group DEF="group_ME_Cube_015">
										<Shape>
											<Appearance>
												<Material USE="MA_Body" />
											</Appearance>
											<IndexedTriangleSet solid="false"
											                    normalPerVertex="true"
											                    index="0 1 2 0 2 3 4 5 6 4 6 7 8 9 10 8 10 11 12 13 14 12 14 15 4 13 16 4 16 17 18 19 14 18 14 7 "
											                    >
												<Coordinate point="0.155737 -0.225879 -0.088921 0.073685 0.030729 -0.056183 0.078055 0.017833 0.055855 0.160107 -0.238775 0.023117 0.073685 0.030729 -0.056183 -0.078055 -0.017833 -0.055855 -0.073685 -0.030729 0.056183 0.078055 0.017833 0.055855 -0.078055 -0.017833 -0.055855 0.003997 -0.274441 -0.088593 0.008366 -0.287337 0.023446 -0.073685 -0.030729 0.056183 0.003997 -0.274441 -0.088593 0.155737 -0.225879 -0.088921 0.160107 -0.238775 0.023117 0.008366 -0.287337 0.023446 0.003997 -0.274441 -0.088593 -0.078055 -0.017833 -0.055855 -0.073685 -0.030729 0.056183 0.008366 -0.287337 0.023446 " />
												<Normal vector="0.702078 -0.303934 -0.643941 0.352947 0.787835 -0.504654 0.397656 0.655904 0.641560 0.746757 -0.435896 0.502274 0.352947 0.787835 -0.504654 -0.746757 0.435896 -0.502274 -0.702078 0.303934 0.643941 0.397656 0.655904 0.641560 -0.746757 0.435896 -0.502274 -0.397656 -0.655904 -0.641560 -0.352947 -0.787835 0.504654 -0.702078 0.303934 0.643941 -0.397656 -0.655904 -0.641560 0.702078 -0.303934 -0.643941 0.746757 -0.435896 0.502274 -0.352947 -0.787835 0.504654 -0.397656 -0.655904 -0.641560 -0.746757 0.435896 -0.502274 -0.702078 0.303934 0.643941 -0.352947 -0.787835 0.504654 " />
												<TextureCoordinate point="0.5264 0.6508 0.5264 0.9820 0.9814 0.9820 0.9814 0.6508 0.5264 0.6508 0.5264 0.9820 0.9814 0.9820 0.9814 0.6508 0.5264 0.6508 0.5264 0.9820 0.9814 0.9820 0.9814 0.6508 0.5264 0.6508 0.5264 0.9820 0.9814 0.9820 0.9814 0.6508 0.9814 0.9820 0.9814 0.6508 0.5264 0.6508 0.5264 0.9820 " />
											</IndexedTriangleSet>
										</Shape>
									</Group>
								</Transform>
							</Transform>
						</Transform>
					</Transform>
				</Transform>
			</Transform>
			<Transform DEF="leg2_TRANSFORM"
			           translation="-0.549967 -0.982646 0.119119"
			           scale="1.000000 1.000000 1.000000"
			           rotation="0.000000 1.000000 0.000000 0.000000"
			           >
				<Transform DEF="leg2_ifs_TRANSFORM"
				           translation="0.000000 0.000000 0.000000"
				           scale="1.000000 1.000000 1.000000"
				           rotation="0.000000 1.000000 0.000000 0.000000"
				           >
					<Group DEF="group_ME_leg2">
						<Shape>
							<Appearance>
								<Material USE="MA_Body" />
							</Appearance>
							<IndexedTriangleSet solid="false"
							                    normalPerVertex="true"
							                    index="0 1 2 0 2 3 4 5 6 4 6 7 8 9 10 8 10 11 12 13 14 12 14 15 4 13 16 4 16 17 18 19 14 18 14 7 "
							                    >
								<Coordinate point="0.201625 -0.215488 -0.840724 0.201625 0.263361 -0.826978 0.226470 0.239620 0.000075 0.226470 -0.239230 -0.013671 0.201625 0.263361 -0.826978 -0.251314 0.262971 -0.813383 -0.226470 0.239230 0.013671 0.226470 0.239620 0.000075 -0.251314 0.262971 -0.813383 -0.251314 -0.215878 -0.827128 -0.226470 -0.239620 -0.000075 -0.226470 0.239230 0.013671 -0.251314 -0.215878 -0.827128 0.201625 -0.215488 -0.840724 0.226470 -0.239230 -0.013671 -0.226470 -0.239620 -0.000075 -0.251314 -0.215878 -0.827128 -0.251314 0.262971 -0.813383 -0.226470 0.239230 0.013671 -0.226470 -0.239620 -0.000075 " />
								<Normal vector="0.559740 -0.560045 -0.610736 0.559740 0.594165 -0.577593 0.594409 0.561022 0.576098 0.594409 -0.593158 0.542955 0.559740 0.594165 -0.577593 -0.594409 0.593158 -0.542955 -0.559740 0.560045 0.610736 0.594409 0.561022 0.576098 -0.594409 0.593158 -0.542955 -0.594409 -0.561022 -0.576067 -0.559740 -0.594165 0.577593 -0.559740 0.560045 0.610736 -0.594409 -0.561022 -0.576067 0.559740 -0.560045 -0.610736 0.594409 -0.593158 0.542955 -0.559740 -0.594165 0.577593 -0.594409 -0.561022 -0.576067 -0.594409 0.593158 -0.542955 -0.559740 0.560045 0.610736 -0.559740 -0.594165 0.577593 " />
								<TextureCoordinate point="0.0468 0.0138 0.0468 0.4715 0.3379 0.4715 0.3379 0.0138 0.0468 0.0138 0.0468 0.4715 0.3379 0.4715 0.3379 0.0138 0.0468 0.0138 0.0468 0.4715 0.3379 0.4715 0.3379 0.0138 0.0468 0.0138 0.0468 0.4715 0.3379 0.4715 0.3379 0.0138 0.3379 0.4715 0.3379 0.0138 0.0468 0.0138 0.0468 0.4715 " />
							</IndexedTriangleSet>
						</Shape>
					</Group>
				</Transform>
				<Transform DEF="leg2_1_TRANSFORM"
				           translation="-0.021856 0.032618 -0.727241"
				           scale="1.000000 1.000000 1.000000"
				           rotation="0.000000 1.000000 0.000000 0.000000"
				           >
					<Transform DEF="leg2_1_ifs_TRANSFORM"
					           translation="0.000000 0.000000 0.000000"
					           scale="1.000000 1.000000 1.000000"
					           rotation="0.000000 1.000000 0.000000 0.000000"
					           >
						<Group DEF="group_ME_leg2_1">
							<Shape>
								<Appearance>
									<Material USE="MA_Body" />
								</Appearance>
								<IndexedTriangleSet solid="false"
								                    normalPerVertex="true"
								                    index="0 1 2 0 2 3 4 5 6 4 6 7 8 9 10 8 10 11 12 13 14 12 14 15 4 13 16 4 16 17 18 19 14 18 14 7 "
								                    >
									<Coordinate point="0.269515 -0.485834 -0.522296 0.263387 -0.049229 -0.713911 0.261946 0.221649 -0.096657 0.268073 -0.214956 0.094958 0.263387 -0.049229 -0.713911 -0.266632 -0.055922 -0.712212 -0.268073 0.214956 -0.094958 0.261946 0.221649 -0.096657 -0.266632 -0.055922 -0.712212 -0.260504 -0.492526 -0.520597 -0.261946 -0.221649 0.096657 -0.268073 0.214956 -0.094958 -0.260504 -0.492526 -0.520597 0.269515 -0.485834 -0.522296 0.268073 -0.214956 0.094958 -0.261946 -0.221649 0.096657 -0.260504 -0.492526 -0.520597 -0.266632 -0.055922 -0.712212 -0.268073 0.214956 -0.094958 -0.261946 -0.221649 0.096657 " />
									<Normal vector="0.585925 -0.753349 -0.298502 0.571093 0.303903 -0.762535 0.568621 0.767907 0.294809 0.583483 -0.289315 0.758812 0.571093 0.303903 -0.762535 -0.583483 0.289315 -0.758812 -0.585925 0.753349 0.298502 0.568621 0.767907 0.294809 -0.583483 0.289315 -0.758812 -0.568621 -0.767907 -0.294809 -0.571093 -0.303903 0.762535 -0.585925 0.753349 0.298502 -0.568621 -0.767907 -0.294809 0.585925 -0.753349 -0.298502 0.583483 -0.289315 0.758812 -0.571093 -0.303903 0.762535 -0.568621 -0.767907 -0.294809 -0.583483 0.289315 -0.758812 -0.585925 0.753349 0.298502 -0.571093 -0.303903 0.762535 " />
									<TextureCoordinate point="0.0468 0.0138 0.0468 0.4715 0.3379 0.4715 0.3379 0.0138 0.0468 0.0138 0.0468 0.4715 0.3379 0.4715 0.3379 0.0138 0.0468 0.0138 0.0468 0.4715 0.3379 0.4715 0.3379 0.0138 0.0468 0.0138 0.0468 0.4715 0.3379 0.4715 0.3379 0.0138 0.3379 0.4715 0.3379 0.0138 0.0468 0.0138 0.0468 0.4715 " />
								</IndexedTriangleSet>
							</Shape>
						</Group>
					</Transform>
					<Transform DEF="foot2_TRANSFORM"
					           translation="0.004229 -0.272620 -0.467231"
					           scale="1.000000 1.000000 1.000000"
					           rotation="0.000000 1.000000 0.000000 0.000000"
					           >
						<Transform DEF="foot2_ifs_TRANSFORM"
						           translation="0.000000 0.000000 0.000000"
						           scale="1.000000 1.000000 1.000000"
						           rotation="0.000000 1.000000 0.000000 0.000000"
						           >
							<Group DEF="group_ME_foot2">
								<Shape>
									<Appearance>
										<Material USE="MA_Body" />
									</Appearance>
									<IndexedTriangleSet solid="false"
									                    normalPerVertex="true"
									                    index="0 1 2 0 2 3 4 5 6 4 6 7 8 9 10 8 10 11 12 13 14 12 14 15 4 13 16 4 16 17 18 19 14 18 14 7 "
									                    >
										<Coordinate point="0.308664 -0.345230 -0.254914 0.308664 0.189221 -0.254914 0.308664 0.189221 0.000000 0.308664 -0.345230 -0.000000 0.308664 0.189221 -0.254914 -0.308664 0.189221 -0.254914 -0.308664 0.189221 0.000000 0.308664 0.189221 0.000000 -0.308664 0.189221 -0.254914 -0.308664 -0.345230 -0.254914 -0.308664 -0.345230 -0.000000 -0.308664 0.189221 0.000000 -0.308664 -0.345230 -0.254914 0.308664 -0.345230 -0.254914 0.308664 -0.345230 -0.000000 -0.308664 -0.345230 -0.000000 -0.308664 -0.345230 -0.254914 -0.308664 0.189221 -0.254914 -0.308664 0.189221 0.000000 -0.308664 -0.345230 -0.000000 " />
										<Normal vector="0.577349 -0.577349 -0.577349 0.577349 0.577349 -0.577349 0.577349 0.577349 0.577349 0.577349 -0.577349 0.577349 0.577349 0.577349 -0.577349 -0.577349 0.577349 -0.577349 -0.577349 0.577349 0.577349 0.577349 0.577349 0.577349 -0.577349 0.577349 -0.577349 -0.577349 -0.577349 -0.577349 -0.577349 -0.577349 0.577349 -0.577349 0.577349 0.577349 -0.577349 -0.577349 -0.577349 0.577349 -0.577349 -0.577349 0.577349 -0.577349 0.577349 -0.577349 -0.577349 0.577349 -0.577349 -0.577349 -0.577349 -0.577349 0.577349 -0.577349 -0.577349 0.577349 0.577349 -0.577349 -0.577349 0.577349 " />
										<TextureCoordinate point="0.0468 0.0138 0.0468 0.4715 0.3379 0.4715 0.3379 0.0138 0.0468 0.0138 0.0468 0.4715 0.3379 0.4715 0.3379 0.0138 0.0468 0.0138 0.0468 0.4715 0.3379 0.4715 0.3379 0.0138 0.0468 0.0138 0.0468 0.4715 0.3379 0.4715 0.3379 0.0138 0.3379 0.4715 0.3379 0.0138 0.0468 0.0138 0.0468 0.4715 " />
									</IndexedTriangleSet>
								</Shape>
							</Group>
						</Transform>
						<Transform DEF="Cube_008_TRANSFORM"
						           translation="-0.010576 -0.300366 -0.155393"
						           scale="1.000000 1.000000 1.000000"
						           rotation="0.000000 1.000000 0.000000 0.000000"
						           >
							<Transform DEF="Cube_008_ifs_TRANSFORM"
							           translation="0.000000 0.000000 0.000000"
							           scale="1.000000 1.000000 1.000000"
							           rotation="0.000000 1.000000 0.000000 0.000000"
							           >
								<Group DEF="group_ME_Cube_007">
									<Shape>
										<Appearance>
											<Material USE="MA_Body" />
										</Appearance>
										<IndexedTriangleSet solid="false"
										                    normalPerVertex="true"
										                    index="0 1 2 0 2 3 4 5 6 4 6 7 8 9 10 8 10 11 12 13 14 12 14 15 4 13 16 4 16 17 18 19 14 18 14 7 "
										                    >
											<Coordinate point="0.106972 -0.306635 -0.105846 0.106972 0.008388 -0.065505 0.106972 -0.008388 0.065505 0.106972 -0.323412 0.025163 0.106972 0.008388 -0.065505 -0.106972 0.008388 -0.065505 -0.106972 -0.008388 0.065505 0.106972 -0.008388 0.065505 -0.106972 0.008388 -0.065505 -0.106972 -0.306635 -0.105846 -0.106972 -0.323412 0.025163 -0.106972 -0.008388 0.065505 -0.106972 -0.306635 -0.105846 0.106972 -0.306635 -0.105846 0.106972 -0.323412 0.025163 -0.106972 -0.323412 0.025163 -0.106972 -0.306635 -0.105846 -0.106972 0.008388 -0.065505 -0.106972 -0.008388 0.065505 -0.106972 -0.323412 0.025163 " />
											<Normal vector="0.577349 -0.499313 -0.645985 0.577349 0.645985 -0.499313 0.577349 0.499313 0.645985 0.577349 -0.645985 0.499313 0.577349 0.645985 -0.499313 -0.577349 0.645985 -0.499313 -0.577349 0.499313 0.645985 0.577349 0.499313 0.645985 -0.577349 0.645985 -0.499313 -0.577349 -0.499313 -0.645985 -0.577349 -0.645985 0.499313 -0.577349 0.499313 0.645985 -0.577349 -0.499313 -0.645985 0.577349 -0.499313 -0.645985 0.577349 -0.645985 0.499313 -0.577349 -0.645985 0.499313 -0.577349 -0.499313 -0.645985 -0.577349 0.645985 -0.499313 -0.577349 0.499313 0.645985 -0.577349 -0.645985 0.499313 " />
											<TextureCoordinate point="0.5264 0.6508 0.5264 0.9820 0.9814 0.9820 0.9814 0.6508 0.5264 0.6508 0.5264 0.9820 0.9814 0.9820 0.9814 0.6508 0.5264 0.6508 0.5264 0.9820 0.9814 0.9820 0.9814 0.6508 0.5264 0.6508 0.5264 0.9820 0.9814 0.9820 0.9814 0.6508 0.9814 0.9820 0.9814 0.6508 0.5264 0.6508 0.5264 0.9820 " />
										</IndexedTriangleSet>
									</Shape>
								</Group>
							</Transform>
							<Transform DEF="Cube_009_TRANSFORM"
							           translation="-0.197424 0.000000 0.000000"
							           scale="1.000000 1.000000 1.000000"
							           rotation="0.000000 1.000000 0.000000 0.000000"
							           >
								<Transform DEF="Cube_009_ifs_TRANSFORM"
								           translation="0.000000 0.000000 0.000000"
								           scale="1.000000 1.000000 1.000000"
								           rotation="0.000000 1.000000 0.000000 0.000000"
								           >
									<Group DEF="group_ME_Cube_010">
										<Shape>
											<Appearance>
												<Material USE="MA_Body" />
											</Appearance>
											<IndexedTriangleSet solid="false"
											                    normalPerVertex="true"
											                    index="0 1 2 0 2 3 4 5 6 4 6 7 8 9 10 8 10 11 12 13 14 12 14 15 4 13 16 4 16 17 18 19 14 18 14 7 "
											                    >
												<Coordinate point="0.003652 -0.320472 -0.105846 0.091845 -0.018046 -0.065505 0.087148 -0.034152 0.065505 -0.001045 -0.336578 0.025163 0.091845 -0.018046 -0.065505 -0.087148 0.034152 -0.065505 -0.091845 0.018046 0.065505 0.087148 -0.034152 0.065505 -0.087148 0.034152 -0.065505 -0.175341 -0.268275 -0.105846 -0.180038 -0.284381 0.025163 -0.091845 0.018046 0.065505 -0.175341 -0.268275 -0.105846 0.003652 -0.320472 -0.105846 -0.001045 -0.336578 0.025163 -0.180038 -0.284381 0.025163 -0.175341 -0.268275 -0.105846 -0.087148 0.034152 -0.065505 -0.091845 0.018046 0.065505 -0.180038 -0.284381 0.025163 " />
												<Normal vector="0.414441 -0.640980 -0.645985 0.735099 0.458541 -0.499313 0.694052 0.317728 0.645985 0.373394 -0.781793 0.499313 0.735099 0.458541 -0.499313 -0.373394 0.781793 -0.499313 -0.414441 0.640980 0.645985 0.694052 0.317728 0.645985 -0.373394 0.781793 -0.499313 -0.694052 -0.317728 -0.645985 -0.735099 -0.458541 0.499313 -0.414441 0.640980 0.645985 -0.694052 -0.317728 -0.645985 0.414441 -0.640980 -0.645985 0.373394 -0.781793 0.499313 -0.735099 -0.458541 0.499313 -0.694052 -0.317728 -0.645985 -0.373394 0.781793 -0.499313 -0.414441 0.640980 0.645985 -0.735099 -0.458541 0.499313 " />
												<TextureCoordinate point="0.5264 0.6508 0.5264 0.9820 0.9814 0.9820 0.9814 0.6508 0.5264 0.6508 0.5264 0.9820 0.9814 0.9820 0.9814 0.6508 0.5264 0.6508 0.5264 0.9820 0.9814 0.9820 0.9814 0.6508 0.5264 0.6508 0.5264 0.9820 0.9814 0.9820 0.9814 0.6508 0.9814 0.9820 0.9814 0.6508 0.5264 0.6508 0.5264 0.9820 " />
											</IndexedTriangleSet>
										</Shape>
									</Group>
								</Transform>
							</Transform>
							<Transform DEF="Cube_010_TRANSFORM"
							           translation="0.208000 0.000000 0.000000"
							           scale="1.000000 1.000000 1.000000"
							           rotation="0.000000 1.000000 0.000000 0.000000"
							           >
								<Transform DEF="Cube_010_ifs_TRANSFORM"
								           translation="0.000000 0.000000 0.000000"
								           scale="1.000000 1.000000 1.000000"
								           rotation="0.000000 1.000000 0.000000 0.000000"
								           >
									<Group DEF="group_ME_Cube_011">
										<Shape>
											<Appearance>
												<Material USE="MA_Body" />
											</Appearance>
											<IndexedTriangleSet solid="false"
											                    normalPerVertex="true"
											                    index="0 1 2 0 2 3 4 5 6 4 6 7 8 9 10 8 10 11 12 13 14 12 14 15 4 13 16 4 16 17 18 19 14 18 14 7 "
											                    >
												<Coordinate point="0.182253 -0.263628 -0.105846 0.086231 0.036405 -0.065505 0.091345 0.020426 0.065505 0.187367 -0.279606 0.025163 0.086231 0.036405 -0.065505 -0.091345 -0.020426 -0.065505 -0.086231 -0.036405 0.065505 0.091345 0.020426 0.065505 -0.091345 -0.020426 -0.065505 0.004677 -0.320459 -0.105846 0.009791 -0.336437 0.025163 -0.086231 -0.036405 0.065505 0.004677 -0.320459 -0.105846 0.182253 -0.263628 -0.105846 0.187367 -0.279606 0.025163 0.009791 -0.336437 0.025163 0.004677 -0.320459 -0.105846 -0.091345 -0.020426 -0.065505 -0.086231 -0.036405 0.065505 0.009791 -0.336437 0.025163 " />
												<Normal vector="0.702078 -0.299570 -0.645985 0.352947 0.791223 -0.499313 0.397656 0.651540 0.645985 0.746757 -0.439283 0.499313 0.352947 0.791223 -0.499313 -0.746757 0.439283 -0.499313 -0.702078 0.299570 0.645985 0.397656 0.651540 0.645985 -0.746757 0.439283 -0.499313 -0.397656 -0.651540 -0.645985 -0.352947 -0.791223 0.499313 -0.702078 0.299570 0.645985 -0.397656 -0.651540 -0.645985 0.702078 -0.299570 -0.645985 0.746757 -0.439283 0.499313 -0.352947 -0.791223 0.499313 -0.397656 -0.651540 -0.645985 -0.746757 0.439283 -0.499313 -0.702078 0.299570 0.645985 -0.352947 -0.791223 0.499313 " />
												<TextureCoordinate point="0.5264 0.6508 0.5264 0.9820 0.9814 0.9820 0.9814 0.6508 0.5264 0.6508 0.5264 0.9820 0.9814 0.9820 0.9814 0.6508 0.5264 0.6508 0.5264 0.9820 0.9814 0.9820 0.9814 0.6508 0.5264 0.6508 0.5264 0.9820 0.9814 0.9820 0.9814 0.6508 0.9814 0.9820 0.9814 0.6508 0.5264 0.6508 0.5264 0.9820 " />
											</IndexedTriangleSet>
										</Shape>
									</Group>
								</Transform>
							</Transform>
						</Transform>
					</Transform>
				</Transform>
			</Transform>
			<Transform DEF="Cube_023_TRANSFORM"
			           translation="-0.502583 -0.452724 0.564567"
			           scale="1.000000 1.000000 1.000000"
			           rotation="0.000000 1.000000 0.000000 0.000000"
			           >
				<Transform DEF="Cube_023_ifs_TRANSFORM"
				           translation="0.000000 0.000000 0.000000"
				           scale="1.000000 1.000000 1.000000"
				           rotation="0.000000 1.000000 0.000000 0.000000"
				           >
					<Group DEF="group_ME_Cube_019">
						<Shape>
							<Appearance>
								<Material USE="MA_Body" />
							</Appearance>
							<IndexedTriangleSet solid="false"
							                    normalPerVertex="true"
							                    index="0 1 2 0 2 3 4 5 6 4 6 7 8 9 10 8 10 11 12 13 14 12 14 15 16 17 18 16 18 19 20 21 14 20 14 22 23 24 25 23 25 26 27 13 28 27 28 29 30 31 32 30 32 33 27 34 35 27 35 22 "
							                    >
								<Coordinate point="-0.046054 -0.302733 -0.083929 0.102372 0.300154 0.015487 0.046054 0.302733 0.083929 -0.102372 -0.300154 -0.015487 -0.171151 0.405260 -0.213542 -0.444674 0.510367 -0.442572 -0.500992 0.512945 -0.374130 -0.227469 0.407839 -0.145100 -0.444674 0.510367 -0.442572 -0.593099 -0.092521 -0.541989 -0.649417 -0.089942 -0.473547 -0.500992 0.512945 -0.374130 -0.319576 -0.197627 -0.312959 -0.046054 -0.302733 -0.083929 -0.102372 -0.300154 -0.015487 -0.375894 -0.195048 -0.244517 -0.171151 0.405260 -0.213542 -0.319576 -0.197627 -0.312959 -0.593099 -0.092521 -0.541989 -0.444674 0.510367 -0.442572 -0.227469 0.407839 -0.145100 -0.375894 -0.195048 -0.244517 0.046054 0.302733 0.083929 -0.500992 0.512945 -0.374130 -0.649417 -0.089942 -0.473547 -0.375894 -0.195048 -0.244517 -0.227469 0.407839 -0.145100 0.102372 0.300154 0.015487 -0.319576 -0.197627 -0.312959 -0.171151 0.405260 -0.213542 -0.593099 -0.092521 -0.541989 -0.319576 -0.197627 -0.312959 -0.375894 -0.195048 -0.244517 -0.649417 -0.089942 -0.473547 -0.171151 0.405260 -0.213542 -0.227469 0.407839 -0.145100 " />
								<Normal vector="0.655019 -0.733512 -0.181341 0.927580 0.373577 0.001190 0.194189 0.407178 0.892453 -0.078341 -0.699911 0.709891 0.615986 0.657399 -0.433973 0.078341 0.699911 -0.709891 -0.655019 0.733512 0.181341 -0.282174 0.698508 0.657582 0.078341 0.699911 -0.709891 -0.194189 -0.407178 -0.892453 -0.927580 -0.373577 -0.001190 -0.655019 0.733512 0.181341 0.282174 -0.698508 -0.657582 0.655019 -0.733512 -0.181341 -0.078341 -0.699911 0.709891 -0.615986 -0.657399 0.433973 0.615986 0.657399 -0.433973 0.282174 -0.698508 -0.657582 -0.194189 -0.407178 -0.892453 0.078341 0.699911 -0.709891 -0.282174 0.698508 0.657582 -0.615986 -0.657399 0.433973 0.194189 0.407178 0.892453 -0.655019 0.733512 0.181341 -0.927580 -0.373577 -0.001190 -0.615986 -0.657399 0.433973 -0.282174 0.698508 0.657582 0.927580 0.373577 0.001190 0.282174 -0.698508 -0.657582 0.615986 0.657399 -0.433973 -0.194189 -0.407178 -0.892453 0.282174 -0.698508 -0.657582 -0.615986 -0.657399 0.433973 -0.927580 -0.373577 -0.001190 0.615986 0.657399 -0.433973 -0.282174 0.698508 0.657582 " />
								<TextureCoordinate point="0.0543 0.5187 0.0543 0.9813 0.3233 0.9813 0.3233 0.5187 0.5317 0.8125 0.5317 0.9768 0.9761 0.9768 0.9761 0.8125 0.5317 0.6482 0.5317 0.9768 0.9761 0.9768 0.9761 0.6482 0.0543 0.7500 0.0543 0.9813 0.3233 0.9813 0.3233 0.7500 0.7539 0.6482 0.7539 0.9768 0.9761 0.9768 0.9761 0.6482 0.1888 0.5187 0.1888 0.9813 0.3233 0.5187 0.5317 0.6482 0.5317 0.9768 0.7539 0.9768 0.7539 0.6482 0.0543 0.5187 0.1888 0.9813 0.1888 0.5187 0.5317 0.6482 0.5317 0.8125 0.9761 0.8125 0.9761 0.6482 0.0543 0.7500 0.3233 0.7500 " />
							</IndexedTriangleSet>
						</Shape>
					</Group>
				</Transform>
			</Transform>
			<Transform DEF="Cube_026_TRANSFORM"
			           translation="-0.440686 -0.895146 0.565299"
			           scale="1.000000 1.000000 1.000000"
			           rotation="0.000000 1.000000 0.000000 0.000000"
			           >
				<Transform DEF="Cube_026_ifs_TRANSFORM"
				           translation="0.000000 0.000000 0.000000"
				           scale="1.000000 1.000000 1.000000"
				           rotation="0.000000 1.000000 0.000000 0.000000"
				           >
					<Group DEF="group_ME_Cube_020">
						<Shape>
							<Appearance>
								<Material USE="MA_Body" />
							</Appearance>
							<IndexedTriangleSet solid="false"
							                    normalPerVertex="true"
							                    index="0 1 2 0 2 3 4 5 6 4 6 7 8 9 10 8 10 11 12 13 14 12 14 15 16 17 18 16 18 19 20 21 14 20 14 22 23 24 25 23 25 26 27 13 28 27 28 29 30 31 32 30 32 33 27 34 35 27 35 22 "
							                    >
								<Coordinate point="0.124231 -0.284672 0.065884 -0.060664 0.284295 -0.127704 -0.124231 0.284672 -0.065884 0.060664 -0.284295 0.127704 -0.345952 0.092177 -0.419876 -0.576312 -0.062953 -0.655795 -0.639878 -0.062576 -0.593974 -0.409518 0.092554 -0.358055 -0.576312 -0.062953 -0.655795 -0.391416 -0.631920 -0.462207 -0.454983 -0.631543 -0.400386 -0.639878 -0.062576 -0.593974 -0.161056 -0.476791 -0.226288 0.124231 -0.284672 0.065884 0.060664 -0.284295 0.127704 -0.224623 -0.476414 -0.164467 -0.345952 0.092177 -0.419876 -0.161056 -0.476791 -0.226288 -0.391416 -0.631920 -0.462207 -0.576312 -0.062953 -0.655795 -0.409518 0.092554 -0.358055 -0.224623 -0.476414 -0.164467 -0.124231 0.284672 -0.065884 -0.639878 -0.062576 -0.593974 -0.454983 -0.631543 -0.400386 -0.224623 -0.476414 -0.164467 -0.409518 0.092554 -0.358055 -0.060664 0.284295 -0.127704 -0.161056 -0.476791 -0.226288 -0.345952 0.092177 -0.419876 -0.391416 -0.631920 -0.462207 -0.161056 -0.476791 -0.226288 -0.224623 -0.476414 -0.164467 -0.454983 -0.631543 -0.400386 -0.345952 0.092177 -0.419876 -0.409518 0.092554 -0.358055 " />
								<Normal vector="0.948607 -0.279061 0.148991 0.609088 0.765740 -0.206458 -0.218665 0.770653 0.598529 0.120853 -0.274148 0.954039 0.298959 0.636799 -0.710654 -0.120853 0.274148 -0.954039 -0.948607 0.279061 -0.148991 -0.714805 0.642811 0.275277 -0.120853 0.274148 -0.954039 0.218665 -0.770653 -0.598529 -0.609088 -0.765740 0.206458 -0.948607 0.279061 -0.148991 0.714805 -0.642811 -0.275277 0.948607 -0.279061 0.148991 0.120853 -0.274148 0.954039 -0.298959 -0.636799 0.710654 0.298959 0.636799 -0.710654 0.714805 -0.642811 -0.275277 0.218665 -0.770653 -0.598529 -0.120853 0.274148 -0.954039 -0.714805 0.642811 0.275277 -0.298959 -0.636799 0.710654 -0.218665 0.770653 0.598529 -0.948607 0.279061 -0.148991 -0.609088 -0.765740 0.206458 -0.298959 -0.636799 0.710654 -0.714805 0.642811 0.275277 0.609088 0.765740 -0.206458 0.714805 -0.642811 -0.275277 0.298959 0.636799 -0.710654 0.218665 -0.770653 -0.598529 0.714805 -0.642811 -0.275277 -0.298959 -0.636799 0.710654 -0.609088 -0.765740 0.206458 0.298959 0.636799 -0.710654 -0.714805 0.642811 0.275277 " />
								<TextureCoordinate point="0.0543 0.5187 0.0543 0.9813 0.3233 0.9813 0.3233 0.5187 0.5317 0.8125 0.5317 0.9768 0.9761 0.9768 0.9761 0.8125 0.5317 0.6482 0.5317 0.9768 0.9761 0.9768 0.9761 0.6482 0.0543 0.7500 0.0543 0.9813 0.3233 0.9813 0.3233 0.7500 0.7539 0.6482 0.7539 0.9768 0.9761 0.9768 0.9761 0.6482 0.1888 0.5187 0.1888 0.9813 0.3233 0.5187 0.5317 0.6482 0.5317 0.9768 0.7539 0.9768 0.7539 0.6482 0.0543 0.5187 0.1888 0.9813 0.1888 0.5187 0.5317 0.6482 0.5317 0.8125 0.9761 0.8125 0.9761 0.6482 0.0543 0.7500 0.3233 0.7500 " />
							</IndexedTriangleSet>
						</Shape>
					</Group>
				</Transform>
			</Transform>
			<Transform DEF="Cube_031_TRANSFORM"
			           translation="-0.348737 -0.238355 0.672633"
			           scale="1.000000 1.000000 1.000000"
			           rotation="0.000000 1.000000 0.000000 0.000000"
			           >
				<Transform DEF="Cube_031_ifs_TRANSFORM"
				           translation="0.000000 0.000000 0.000000"
				           scale="1.000000 1.000000 1.000000"
				           rotation="0.000000 1.000000 0.000000 0.000000"
				           >
					<Group DEF="group_ME_Cube_021">
						<Shape>
							<Appearance>
								<Material USE="MA_Body" />
							</Appearance>
							<IndexedTriangleSet solid="false"
							                    normalPerVertex="true"
							                    index="0 1 2 0 2 3 4 5 6 4 6 7 8 9 10 8 10 11 12 13 14 12 14 15 16 17 18 16 18 19 20 21 14 20 14 22 23 24 25 23 25 26 27 13 28 27 28 29 30 31 32 30 32 33 27 34 35 27 35 22 "
							                    >
								<Coordinate point="-0.283665 -0.030109 -0.139428 0.308864 0.047495 0.056209 0.283665 0.030109 0.139428 -0.308864 -0.047495 -0.056209 0.243098 0.409285 0.111882 0.177333 0.771075 0.167555 0.152133 0.753689 0.250774 0.217899 0.391899 0.195101 0.177333 0.771075 0.167555 -0.415196 0.693471 -0.028082 -0.440396 0.676084 0.055137 0.152133 0.753689 0.250774 -0.349431 0.331681 -0.083755 -0.283665 -0.030109 -0.139428 -0.308864 -0.047495 -0.056209 -0.374630 0.314294 -0.000536 0.243098 0.409285 0.111882 -0.349431 0.331681 -0.083755 -0.415196 0.693471 -0.028082 0.177333 0.771075 0.167555 0.217899 0.391899 0.195101 -0.374630 0.314294 -0.000536 0.283665 0.030109 0.139428 0.152133 0.753689 0.250774 -0.440396 0.676084 0.055137 -0.374630 0.314294 -0.000536 0.217899 0.391899 0.195101 0.308864 0.047495 0.056209 -0.349431 0.331681 -0.083755 0.243098 0.409285 0.111882 -0.415196 0.693471 -0.028082 -0.349431 0.331681 -0.083755 -0.374630 0.314294 -0.000536 -0.440396 0.676084 0.055137 0.243098 0.409285 0.111882 0.217899 0.391899 0.195101 " />
								<Normal vector="-0.277871 -0.519669 -0.807886 0.810205 -0.377178 -0.448622 0.482040 -0.603565 0.635029 -0.606006 -0.746086 0.275765 0.867244 0.225898 -0.443617 0.606006 0.746086 -0.275765 0.277871 0.519669 0.807886 0.465346 -0.051363 0.883602 0.606006 0.746086 -0.275765 -0.482040 0.603565 -0.635029 -0.810205 0.377178 0.448622 0.277871 0.519669 0.807886 -0.465346 0.051363 -0.883602 -0.277871 -0.519669 -0.807886 -0.606006 -0.746086 0.275765 -0.867244 -0.225898 0.443617 0.867244 0.225898 -0.443617 -0.465346 0.051363 -0.883602 -0.482040 0.603565 -0.635029 0.606006 0.746086 -0.275765 0.465346 -0.051363 0.883602 -0.867244 -0.225898 0.443617 0.482040 -0.603565 0.635029 0.277871 0.519669 0.807886 -0.810205 0.377178 0.448622 -0.867244 -0.225898 0.443617 0.465346 -0.051363 0.883602 0.810205 -0.377178 -0.448622 -0.465346 0.051363 -0.883602 0.867244 0.225898 -0.443617 -0.482040 0.603565 -0.635029 -0.465346 0.051363 -0.883602 -0.867244 -0.225898 0.443617 -0.810205 0.377178 0.448622 0.867244 0.225898 -0.443617 0.465346 -0.051363 0.883602 " />
								<TextureCoordinate point="0.0543 0.5187 0.0543 0.9813 0.3233 0.9813 0.3233 0.5187 0.5317 0.8125 0.5317 0.9768 0.9761 0.9768 0.9761 0.8125 0.5317 0.6482 0.5317 0.9768 0.9761 0.9768 0.9761 0.6482 0.0543 0.7500 0.0543 0.9813 0.3233 0.9813 0.3233 0.7500 0.7539 0.6482 0.7539 0.9768 0.9761 0.9768 0.9761 0.6482 0.1888 0.5187 0.1888 0.9813 0.3233 0.5187 0.5317 0.6482 0.5317 0.9768 0.7539 0.9768 0.7539 0.6482 0.0543 0.5187 0.1888 0.9813 0.1888 0.5187 0.5317 0.6482 0.5317 0.8125 0.9761 0.8125 0.9761 0.6482 0.0543 0.7500 0.3233 0.7500 " />
							</IndexedTriangleSet>
						</Shape>
					</Group>
				</Transform>
			</Transform>
		</Transform>
	</Scene>
</X3D>