<?xml version="1.0" encoding="UTF-8"?>
<!DOCTYPE X3D PUBLIC "ISO//Web3D//DTD X3D 3.0//EN" "http://www.web3d.org/specifications/x3d-3.0.dtd">
<X3D version="3.0" profile="Immersive" xmlns:xsd="http://www.w3.org/2001/XMLSchema-instance" xsd:noNamespaceSchemaLocation="http://www.web3d.org/specifications/x3d-3.0.xsd">
	<head>
		<meta name="filename" content="kingler.x3d" />
		<meta name="generator" content="Blender 2.93.18" />
	</head>
	<Scene>
		<NavigationInfo headlight="true"
		                visibilityLimit="0.0"
		                type='"EXAMINE", "ANY"'
		                avatarSize="0.25, 1.75, 0.75"
		                />
		<Background DEF="WO_World"
		            groundColor="0.051 0.051 0.051"
		            skyColor="0.051 0.051 0.051"
		            />
		<Transform DEF="body_TRANSFORM"
		           translation="0.000000 0.181744 0.342563"
		           scale="1.000000 1.000000 1.000000"
		           rotation="0.000000 0.000000 1.000000 3.141593"
		           >
			<Transform DEF="body_ifs_TRANSFORM"
			           translation="0.000000 0.000000 0.000000"
			           scale="1.000000 1.000000 1.000000"
			           rotation="0.000000 1.000000 0.000000 0.000000"
			           >
				<Group DEF="group_ME_body">
					<Shape>
						<Appearance>
							<Material DEF="MA_Body"
							          diffuseColor="0.800 0.800 0.800"
							          specularColor="0.401 0.401 0.401"
							          emissiveColor="0.000 0.000 0.000"
							          ambientIntensity="0.000"
							          shininess="0.500"
							          transparency="0.0"
							          />
						</Appearance>
						<IndexedTriangleSet solid="false"
						                    normalPerVertex="true"
						                    index="0 1 2 0 2 3 4 5 6 4 6 7 8 9 10 8 10 11 12 13 14 12 14 15 16 17 18 16 18 19 20 5 14 20 14 21 "
						                    >
							<Coordinate point="-0.281206 -0.851311 0.194929 -0.281206 -0.760079 0.593364 -0.281206 0.942543 0.203506 -0.281206 0.851311 -0.194929 -0.281206 0.851311 -0.194929 -0.281206 0.942543 0.203506 0.281206 0.942543 0.203506 0.281206 0.851311 -0.194929 0.281206 0.851311 -0.194929 0.281206 0.942543 0.203506 0.281206 -0.760079 0.593364 0.281206 -0.851311 0.194929 0.281206 -0.851311 0.194929 0.281206 -0.760079 0.593364 -0.281206 -0.760079 0.593364 -0.281206 -0.851311 0.194929 -0.281206 0.851311 -0.194929 0.281206 0.851311 -0.194929 0.281206 -0.851311 0.194929 -0.281206 -0.851311 0.194929 0.281206 0.942543 0.203506 0.281206 -0.760079 0.593364 " />
							<Normal vector="-0.577349 -0.691641 -0.433912 -0.577349 -0.433912 0.691641 -0.577349 0.691641 0.433912 -0.577349 0.433912 -0.691641 -0.577349 0.433912 -0.691641 -0.577349 0.691641 0.433912 0.577349 0.691641 0.433912 0.577349 0.433912 -0.691641 0.577349 0.433912 -0.691641 0.577349 0.691641 0.433912 0.577349 -0.433912 0.691641 0.577349 -0.691641 -0.433912 0.577349 -0.691641 -0.433912 0.577349 -0.433912 0.691641 -0.577349 -0.433912 0.691641 -0.577349 -0.691641 -0.433912 -0.577349 0.433912 -0.691641 0.577349 0.433912 -0.691641 0.577349 -0.691641 -0.433912 -0.577349 -0.691641 -0.433912 0.577349 0.691641 0.433912 0.577349 -0.433912 0.691641 " />
							<TextureCoordinate point="0.0352 0.0279 0.5351 0.0279 0.5351 0.4721 0.0352 0.4721 0.0352 0.0279 0.5351 0.0279 0.5351 0.4721 0.0352 0.4721 0.0352 0.0279 0.5351 0.0279 0.5351 0.4721 0.0352 0.4721 0.0352 0.0279 0.5351 0.0279 0.5351 0.4721 0.0352 0.4721 0.5960 0.5279 0.9665 0.5279 0.9665 0.9721 0.5960 0.9721 0.0352 0.0279 0.0352 0.4721 " />
						</IndexedTriangleSet>
					</Shape>
				</Group>
			</Transform>
			<Transform DEF="Cube_001_TRANSFORM"
			           translation="0.696992 0.004926 0.160755"
			           scale="1.000000 1.000000 1.000000"
			           rotation="0.000000 1.000000 0.000000 0.000000"
			           >
				<Transform DEF="Cube_001_ifs_TRANSFORM"
				           translation="0.000000 0.000000 0.000000"
				           scale="1.000000 1.000000 1.000000"
				           rotation="0.000000 1.000000 0.000000 0.000000"
				           >
					<Group DEF="group_ME_Cube_005">
						<Shape>
							<Appearance>
								<Material USE="MA_Body" />
							</Appearance>
							<IndexedTriangleSet solid="false"
							                    normalPerVertex="true"
							                    index="0 1 2 0 2 3 4 5 6 4 6 7 8 9 10 8 10 11 12 13 14 12 14 15 16 17 18 16 18 19 20 5 14 20 14 21 "
							                    >
								<Coordinate point="-0.488329 -0.775028 0.042229 -0.578450 -0.702138 0.337813 -0.539876 0.806074 -0.022342 -0.449754 0.733185 -0.317926 -0.449754 0.733185 -0.317926 -0.539876 0.806074 -0.022342 0.398207 0.847917 0.253355 0.488329 0.775028 -0.042229 0.488329 0.775028 -0.042229 0.398207 0.847917 0.253355 0.359633 -0.660296 0.613510 0.449754 -0.733185 0.317926 0.449754 -0.733185 0.317926 0.359633 -0.660296 0.613510 -0.578450 -0.702138 0.337813 -0.488329 -0.775028 0.042229 -0.449754 0.733185 -0.317926 0.488329 0.775028 -0.042229 0.449754 -0.733185 0.317926 -0.488329 -0.775028 0.042229 0.398207 0.847917 0.253355 0.359633 -0.660296 0.613510 " />
								<Normal vector="-0.403882 -0.718589 -0.566088 -0.731651 -0.453505 0.508896 -0.702933 0.669240 0.240791 -0.375164 0.404157 -0.834193 -0.375164 0.404157 -0.834193 -0.702933 0.669240 0.240791 0.403882 0.718589 0.566088 0.731651 0.453505 -0.508896 0.731651 0.453505 -0.508896 0.403882 0.718589 0.566088 0.375164 -0.404157 0.834193 0.702933 -0.669240 -0.240791 0.702933 -0.669240 -0.240791 0.375164 -0.404157 0.834193 -0.731651 -0.453505 0.508896 -0.403882 -0.718589 -0.566088 -0.375164 0.404157 -0.834193 0.731651 0.453505 -0.508896 0.702933 -0.669240 -0.240791 -0.403882 -0.718589 -0.566088 0.403882 0.718589 0.566088 0.375164 -0.404157 0.834193 " />
								<TextureCoordinate point="0.0352 0.0279 0.5351 0.0279 0.5351 0.4721 0.0352 0.4721 0.0352 0.0279 0.5351 0.0279 0.5351 0.4721 0.0352 0.4721 0.0352 0.0279 0.5351 0.0279 0.5351 0.4721 0.0352 0.4721 0.0352 0.0279 0.5351 0.0279 0.5351 0.4721 0.0352 0.4721 0.5960 0.5279 0.9665 0.5279 0.9665 0.9721 0.5960 0.9721 0.0352 0.0279 0.0352 0.4721 " />
							</IndexedTriangleSet>
						</Shape>
					</Group>
				</Transform>
				<Transform DEF="Cube_002_TRANSFORM"
				           translation="-0.090797 0.056456 -0.190795"
				           scale="1.000000 1.000000 1.000000"
				           rotation="0.000000 1.000000 0.000000 0.000000"
				           >
					<Transform DEF="Cube_002_ifs_TRANSFORM"
					           translation="0.000000 0.000000 0.000000"
					           scale="1.000000 1.000000 1.000000"
					           rotation="0.000000 1.000000 0.000000 0.000000"
					           >
						<Group DEF="group_ME_Cube_006">
							<Shape>
								<Appearance>
									<Material USE="MA_Body" />
								</Appearance>
								<IndexedTriangleSet solid="false"
								                    normalPerVertex="true"
								                    index="0 1 2 0 2 3 4 5 6 4 6 7 8 9 10 8 10 11 12 13 14 12 14 15 4 16 17 4 17 15 18 5 14 18 14 19 "
								                    >
									<Coordinate point="-0.304116 -0.375225 -0.000194 -0.357530 -0.332024 0.174998 -0.339009 0.392123 0.002075 -0.285595 0.348921 -0.173118 -0.285595 0.348921 -0.173118 -0.339009 0.392123 0.002075 0.250701 0.418426 0.175387 0.304116 0.375225 0.000194 0.304116 0.375225 0.000194 0.250701 0.418426 0.175387 0.232180 -0.305720 0.348310 0.285595 -0.348921 0.173118 0.285595 -0.348921 0.173118 0.232180 -0.305720 0.348310 -0.357530 -0.332024 0.174998 -0.304116 -0.375225 -0.000194 0.304116 0.375225 0.000194 0.285595 -0.348921 0.173118 0.250701 0.418426 0.175387 0.232180 -0.305720 0.348310 " />
									<Normal vector="-0.403882 -0.718589 -0.566088 -0.731651 -0.453505 0.508896 -0.702933 0.669240 0.240791 -0.375164 0.404157 -0.834193 -0.375164 0.404157 -0.834193 -0.702933 0.669240 0.240791 0.403882 0.718589 0.566088 0.731651 0.453505 -0.508896 0.731651 0.453505 -0.508896 0.403882 0.718589 0.566088 0.375164 -0.404157 0.834193 0.702933 -0.669240 -0.240791 0.702933 -0.669240 -0.240791 0.375164 -0.404157 0.834193 -0.731651 -0.453505 0.508896 -0.403882 -0.718589 -0.566088 0.731651 0.453505 -0.508896 0.702933 -0.669240 -0.240791 0.403882 0.718589 0.566088 0.375164 -0.404157 0.834193 " />
									<TextureCoordinate point="0.6018 0.5240 0.9685 0.5240 0.9685 0.9682 0.6018 0.9682 0.6018 0.5240 0.9685 0.5240 0.9685 0.9682 0.6018 0.9682 0.6018 0.5240 0.9685 0.5240 0.9685 0.9682 0.6018 0.9682 0.6018 0.5240 0.9685 0.5240 0.9685 0.9682 0.6018 0.9682 0.9685 0.5240 0.9685 0.9682 0.6018 0.5240 0.6018 0.9682 " />
								</IndexedTriangleSet>
							</Shape>
						</Group>
					</Transform>
				</Transform>
				<Transform DEF="Cube_014_TRANSFORM"
				           translation="-1.303187 0.056456 -0.190795"
				           scale="1.000000 1.000000 1.000000"
				           rotation="0.000000 1.000000 0.000000 0.000000"
				           >
					<Transform DEF="Cube_014_ifs_TRANSFORM"
					           translation="0.000000 0.000000 0.000000"
					           scale="1.000000 1.000000 1.000000"
					           rotation="0.000000 1.000000 0.000000 0.000000"
					           >
						<Group DEF="group_ME_Cube_003">
							<Shape>
								<Appearance>
									<Material USE="MA_Body" />
								</Appearance>
								<IndexedTriangleSet solid="false"
								                    normalPerVertex="true"
								                    index="0 1 2 0 2 3 4 5 6 4 6 7 8 9 10 8 10 11 12 13 14 12 14 15 4 13 16 4 16 17 18 19 14 18 14 7 "
								                    >
									<Coordinate point="0.304116 -0.375225 -0.000194 0.285595 0.348921 -0.173118 0.339009 0.392123 0.002075 0.357530 -0.332024 0.174998 0.285595 0.348921 -0.173118 -0.304116 0.375225 0.000194 -0.250701 0.418426 0.175387 0.339009 0.392123 0.002075 -0.304116 0.375225 0.000194 -0.285595 -0.348921 0.173118 -0.232180 -0.305720 0.348310 -0.250701 0.418426 0.175387 -0.285595 -0.348921 0.173118 0.304116 -0.375225 -0.000194 0.357530 -0.332024 0.174998 -0.232180 -0.305720 0.348310 -0.285595 -0.348921 0.173118 -0.304116 0.375225 0.000194 -0.250701 0.418426 0.175387 -0.232180 -0.305720 0.348310 " />
									<Normal vector="0.403882 -0.718589 -0.566088 0.375164 0.404157 -0.834193 0.702933 0.669240 0.240791 0.731651 -0.453505 0.508896 0.375164 0.404157 -0.834193 -0.731651 0.453505 -0.508896 -0.403882 0.718589 0.566088 0.702933 0.669240 0.240791 -0.731651 0.453505 -0.508896 -0.702933 -0.669240 -0.240791 -0.375164 -0.404157 0.834193 -0.403882 0.718589 0.566088 -0.702933 -0.669240 -0.240791 0.403882 -0.718589 -0.566088 0.731651 -0.453505 0.508896 -0.375164 -0.404157 0.834193 -0.702933 -0.669240 -0.240791 -0.731651 0.453505 -0.508896 -0.403882 0.718589 0.566088 -0.375164 -0.404157 0.834193 " />
									<TextureCoordinate point="0.6018 0.5240 0.6018 0.9682 0.9685 0.9682 0.9685 0.5240 0.6018 0.5240 0.6018 0.9682 0.9685 0.9682 0.9685 0.5240 0.6018 0.5240 0.6018 0.9682 0.9685 0.9682 0.9685 0.5240 0.6018 0.5240 0.6018 0.9682 0.9685 0.9682 0.9685 0.5240 0.9685 0.9682 0.9685 0.5240 0.6018 0.5240 0.6018 0.9682 " />
								</IndexedTriangleSet>
							</Shape>
						</Group>
					</Transform>
				</Transform>
			</Transform>
			<Transform DEF="Cube_003_TRANSFORM"
			           translation="0.901976 -0.458335 0.579722"
			           scale="1.000000 1.000000 1.000000"
			           rotation="0.000000 1.000000 0.000000 0.000000"
			           >
				<Transform DEF="Cube_003_ifs_TRANSFORM"
				           translation="0.000000 0.000000 0.000000"
				           scale="1.000000 1.000000 1.000000"
				           rotation="0.000000 1.000000 0.000000 0.000000"
				           >
					<Group DEF="group_ME_Cube_007">
						<Shape>
							<Appearance>
								<Material USE="MA_Body" />
							</Appearance>
							<IndexedTriangleSet solid="false"
							                    normalPerVertex="true"
							                    index="0 1 2 0 2 3 4 5 6 4 6 7 8 9 10 8 10 11 12 13 14 12 14 15 4 16 17 4 17 15 18 5 14 18 14 19 "
							                    >
								<Coordinate point="-0.041046 -0.163874 0.002876 0.017494 -0.173925 0.265631 -0.100758 -0.055123 0.296522 -0.159299 -0.045071 0.033767 -0.159299 -0.045071 0.033767 -0.100758 -0.055123 0.296522 0.099586 0.153822 0.259879 0.041046 0.163874 -0.002876 0.041046 0.163874 -0.002876 0.099586 0.153822 0.259879 0.217839 0.035020 0.228988 0.159299 0.045071 -0.033767 0.159299 0.045071 -0.033767 0.217839 0.035020 0.228988 0.017494 -0.173925 0.265631 -0.041046 -0.163874 0.002876 0.041046 0.163874 -0.002876 0.159299 0.045071 -0.033767 0.099586 0.153822 0.259879 0.217839 0.035020 0.228988 " />
								<Normal vector="-0.121311 -0.794305 -0.595264 0.129582 -0.837367 0.530992 -0.671499 -0.032533 0.740257 -0.922422 0.010498 -0.385998 -0.922422 0.010498 -0.385998 -0.671499 -0.032533 0.740257 0.121311 0.794305 0.595264 -0.129582 0.837367 -0.530992 -0.129582 0.837367 -0.530992 0.121311 0.794305 0.595264 0.922422 -0.010498 0.385998 0.671499 0.032533 -0.740257 0.671499 0.032533 -0.740257 0.922422 -0.010498 0.385998 0.129582 -0.837367 0.530992 -0.121311 -0.794305 -0.595264 -0.129582 0.837367 -0.530992 0.671499 0.032533 -0.740257 0.121311 0.794305 0.595264 0.922422 -0.010498 0.385998 " />
								<TextureCoordinate point="0.0352 0.0279 0.5351 0.0279 0.5351 0.4721 0.0352 0.4721 0.0352 0.0279 0.5351 0.0279 0.5351 0.4721 0.0352 0.4721 0.0352 0.0279 0.5351 0.0279 0.5351 0.4721 0.0352 0.4721 0.0352 0.0279 0.5351 0.0279 0.5351 0.4721 0.0352 0.4721 0.5351 0.0279 0.5351 0.4721 0.0352 0.0279 0.0352 0.4721 " />
							</IndexedTriangleSet>
						</Shape>
					</Group>
				</Transform>
				<Transform DEF="Cube_004_TRANSFORM"
				           translation="0.059953 0.002475 0.219987"
				           scale="1.000000 1.000000 1.000000"
				           rotation="0.000000 1.000000 0.000000 0.000000"
				           >
					<Transform DEF="Cube_004_ifs_TRANSFORM"
					           translation="0.000000 0.000000 0.000000"
					           scale="1.000000 1.000000 1.000000"
					           rotation="0.000000 1.000000 0.000000 0.000000"
					           >
						<Group DEF="group_ME_Cube_008">
							<Shape>
								<Appearance>
									<Material USE="MA_Body" />
								</Appearance>
								<IndexedTriangleSet solid="false"
								                    normalPerVertex="true"
								                    index="0 1 2 0 2 3 4 5 6 4 6 7 8 9 10 8 10 11 12 13 14 12 14 15 4 16 17 4 17 15 18 5 14 18 14 19 "
								                    >
									<Coordinate point="-0.023781 -0.109650 0.009449 0.012502 -0.091510 0.311270 -0.071814 -0.009748 0.316491 -0.108097 -0.027889 0.014671 -0.108097 -0.027889 0.014671 -0.071814 -0.009748 0.316491 0.060064 0.127791 0.292371 0.023781 0.109650 -0.009449 0.023781 0.109650 -0.009449 0.060064 0.127791 0.292371 0.144380 0.046029 0.287149 0.108097 0.027889 -0.014671 0.108097 0.027889 -0.014671 0.144380 0.046029 0.287149 0.012502 -0.091510 0.311270 -0.023781 -0.109650 0.009449 0.023781 0.109650 -0.009449 0.108097 0.027889 -0.014671 0.060064 0.127791 0.292371 0.144380 0.046029 0.287149 " />
									<Normal vector="-0.051119 -0.849330 -0.525315 0.086428 -0.780541 0.619037 -0.741691 0.022462 0.670339 -0.879269 -0.046297 -0.474044 -0.879269 -0.046297 -0.474044 -0.741691 0.022462 0.670339 0.051119 0.849330 0.525315 -0.086428 0.780541 -0.619037 -0.086428 0.780541 -0.619037 0.051119 0.849330 0.525315 0.879269 0.046297 0.474044 0.741691 -0.022462 -0.670339 0.741691 -0.022462 -0.670339 0.879269 0.046297 0.474044 0.086428 -0.780541 0.619037 -0.051119 -0.849330 -0.525315 -0.086428 0.780541 -0.619037 0.741691 -0.022462 -0.670339 0.051119 0.849330 0.525315 0.879269 0.046297 0.474044 " />
									<TextureCoordinate point="0.0352 0.0279 0.5351 0.0279 0.5351 0.4721 0.0352 0.4721 0.0352 0.0279 0.5351 0.0279 0.5351 0.4721 0.0352 0.4721 0.0352 0.0279 0.5351 0.0279 0.5351 0.4721 0.0352 0.4721 0.0352 0.0279 0.5351 0.0279 0.5351 0.4721 0.0352 0.4721 0.5351 0.0279 0.5351 0.4721 0.0352 0.0279 0.0352 0.4721 " />
								</IndexedTriangleSet>
							</Shape>
						</Group>
					</Transform>
				</Transform>
			</Transform>
			<Transform DEF="Cube_005_TRANSFORM"
			           translation="0.369907 -0.679949 0.353922"
			           scale="1.000000 1.000000 1.000000"
			           rotation="0.000000 1.000000 0.000000 0.000000"
			           >
				<Transform DEF="Cube_005_ifs_TRANSFORM"
				           translation="0.000000 0.000000 0.000000"
				           scale="1.000000 1.000000 1.000000"
				           rotation="0.000000 1.000000 0.000000 0.000000"
				           >
					<Group DEF="group_ME_Cube_009">
						<Shape>
							<Appearance>
								<Material USE="MA_Body" />
							</Appearance>
							<IndexedTriangleSet solid="false"
							                    normalPerVertex="true"
							                    index="0 1 2 0 2 3 4 5 6 4 6 7 8 9 10 8 10 11 12 13 14 12 14 15 4 16 17 4 17 15 18 5 14 18 14 19 "
							                    >
								<Coordinate point="-0.121258 -0.059979 -0.038690 -0.172852 -0.193747 0.330379 -0.191068 -0.124701 0.352858 -0.139473 0.009067 -0.016212 -0.139473 0.009067 -0.016212 -0.191068 -0.124701 0.352858 0.069663 -0.073790 0.407760 0.121258 0.059979 0.038690 0.121258 0.059979 0.038690 0.069663 -0.073790 0.407760 0.087879 -0.142835 0.385281 0.139473 -0.009067 0.016212 0.139473 -0.009067 0.016212 0.087879 -0.142835 0.385281 -0.172852 -0.193747 0.330379 -0.121258 -0.059979 -0.038690 0.121258 0.059979 0.038690 0.139473 -0.009067 0.016212 0.069663 -0.073790 0.407760 0.087879 -0.142835 0.385281 " />
								<Normal vector="-0.339183 -0.445784 -0.828364 -0.489669 -0.835902 0.247932 -0.770623 0.229072 0.594653 -0.620167 0.619190 -0.481643 -0.620167 0.619190 -0.481643 -0.770623 0.229072 0.594653 0.339183 0.445784 0.828364 0.489669 0.835902 -0.247932 0.489669 0.835902 -0.247932 0.339183 0.445784 0.828364 0.620167 -0.619190 0.481643 0.770623 -0.229072 -0.594653 0.770623 -0.229072 -0.594653 0.620167 -0.619190 0.481643 -0.489669 -0.835902 0.247932 -0.339183 -0.445784 -0.828364 0.489669 0.835902 -0.247932 0.770623 -0.229072 -0.594653 0.339183 0.445784 0.828364 0.620167 -0.619190 0.481643 " />
								<TextureCoordinate point="0.0352 0.0279 0.5351 0.0279 0.5351 0.4721 0.0352 0.4721 0.0352 0.0279 0.5351 0.0279 0.5351 0.4721 0.0352 0.4721 0.0352 0.0279 0.5351 0.0279 0.5351 0.4721 0.0352 0.4721 0.0352 0.0279 0.5351 0.0279 0.5351 0.4721 0.0352 0.4721 0.5351 0.0279 0.5351 0.4721 0.0352 0.0279 0.0352 0.4721 " />
							</IndexedTriangleSet>
						</Shape>
					</Group>
				</Transform>
			</Transform>
			<Transform DEF="Cube_006_TRANSFORM"
			           translation="0.603657 -0.637031 0.473394"
			           scale="1.000000 1.000000 1.000000"
			           rotation="0.000000 1.000000 0.000000 0.000000"
			           >
				<Transform DEF="Cube_006_ifs_TRANSFORM"
				           translation="0.000000 0.000000 0.000000"
				           scale="1.000000 1.000000 1.000000"
				           rotation="0.000000 1.000000 0.000000 0.000000"
				           >
					<Group DEF="group_ME_Cube_013">
						<Shape>
							<Appearance>
								<Material USE="MA_Body" />
							</Appearance>
							<IndexedTriangleSet solid="false"
							                    normalPerVertex="true"
							                    index="0 1 2 0 2 3 4 5 6 4 6 7 8 9 10 8 10 11 12 13 14 12 14 15 4 16 17 4 17 15 18 5 14 18 14 19 "
							                    >
								<Coordinate point="-0.057729 -0.050214 -0.036088 -0.130406 -0.147283 0.215234 -0.153972 -0.081556 0.233805 -0.081296 0.015513 -0.017517 -0.081296 0.015513 -0.017517 -0.153972 -0.081556 0.233805 -0.014948 -0.046855 0.287410 0.057729 0.050214 0.036088 0.057729 0.050214 0.036088 -0.014948 -0.046855 0.287410 0.008619 -0.112582 0.268839 0.081296 -0.015513 0.017517 0.081296 -0.015513 0.017517 0.008619 -0.112582 0.268839 -0.130406 -0.147283 0.215234 -0.057729 -0.050214 -0.036088 0.057729 0.050214 0.036088 0.081296 -0.015513 0.017517 -0.014948 -0.046855 0.287410 0.008619 -0.112582 0.268839 " />
								<Normal vector="-0.185949 -0.455306 -0.870663 -0.486679 -0.856990 0.169286 -0.863308 0.193396 0.466079 -0.562578 0.595080 -0.573870 -0.562578 0.595080 -0.573870 -0.863308 0.193396 0.466079 0.185949 0.455306 0.870663 0.486679 0.856990 -0.169286 0.486679 0.856990 -0.169286 0.185949 0.455306 0.870663 0.562578 -0.595080 0.573870 0.863308 -0.193396 -0.466079 0.863308 -0.193396 -0.466079 0.562578 -0.595080 0.573870 -0.486679 -0.856990 0.169286 -0.185949 -0.455306 -0.870663 0.486679 0.856990 -0.169286 0.863308 -0.193396 -0.466079 0.185949 0.455306 0.870663 0.562578 -0.595080 0.573870 " />
								<TextureCoordinate point="0.0352 0.0279 0.5351 0.0279 0.5351 0.4721 0.0352 0.4721 0.0352 0.0279 0.5351 0.0279 0.5351 0.4721 0.0352 0.4721 0.0352 0.0279 0.5351 0.0279 0.5351 0.4721 0.0352 0.4721 0.0352 0.0279 0.5351 0.0279 0.5351 0.4721 0.0352 0.4721 0.5351 0.0279 0.5351 0.4721 0.0352 0.0279 0.0352 0.4721 " />
							</IndexedTriangleSet>
						</Shape>
					</Group>
				</Transform>
			</Transform>
			<Transform DEF="Cube_007_TRANSFORM"
			           translation="0.000000 0.135215 0.335662"
			           scale="1.000000 1.000000 1.000000"
			           rotation="0.000000 1.000000 0.000000 0.000000"
			           >
				<Transform DEF="Cube_007_ifs_TRANSFORM"
				           translation="0.000000 0.000000 0.000000"
				           scale="1.000000 1.000000 1.000000"
				           rotation="0.000000 1.000000 0.000000 0.000000"
				           >
					<Group DEF="group_ME_Cube_018">
						<Shape>
							<Appearance>
								<Material USE="MA_Body" />
							</Appearance>
							<IndexedTriangleSet solid="false"
							                    normalPerVertex="true"
							                    index="0 1 2 0 2 3 4 5 6 4 6 7 8 9 10 8 10 11 12 13 14 12 14 15 4 16 17 4 17 15 18 5 14 18 14 19 "
							                    >
								<Coordinate point="-0.836989 -0.807836 0.254074 -0.836989 -0.717516 0.541247 -0.836989 0.898155 0.033099 -0.836989 0.807836 -0.254074 -0.836989 0.807836 -0.254074 -0.836989 0.898155 0.033099 0.836989 0.898155 0.033099 0.836989 0.807836 -0.254074 0.836989 0.807836 -0.254074 0.836989 0.898155 0.033099 0.836989 -0.717516 0.541247 0.836989 -0.807836 0.254074 0.836989 -0.807836 0.254074 0.836989 -0.717516 0.541247 -0.836989 -0.717516 0.541247 -0.836989 -0.807836 0.254074 0.836989 0.807836 -0.254074 0.836989 -0.807836 0.254074 0.836989 0.898155 0.033099 0.836989 -0.717516 0.541247 " />
								<Normal vector="-0.577349 -0.723960 -0.377514 -0.577349 -0.377514 0.723960 -0.577349 0.723960 0.377514 -0.577349 0.377514 -0.723960 -0.577349 0.377514 -0.723960 -0.577349 0.723960 0.377514 0.577349 0.723960 0.377514 0.577349 0.377514 -0.723960 0.577349 0.377514 -0.723960 0.577349 0.723960 0.377514 0.577349 -0.377514 0.723960 0.577349 -0.723960 -0.377514 0.577349 -0.723960 -0.377514 0.577349 -0.377514 0.723960 -0.577349 -0.377514 0.723960 -0.577349 -0.723960 -0.377514 0.577349 0.377514 -0.723960 0.577349 -0.723960 -0.377514 0.577349 0.723960 0.377514 0.577349 -0.377514 0.723960 " />
								<TextureCoordinate point="0.0352 0.5279 0.5351 0.5279 0.5351 0.9721 0.0352 0.9721 0.0352 0.5279 0.5351 0.5279 0.5351 0.9721 0.0352 0.9721 0.0352 0.5279 0.5351 0.5279 0.5351 0.9721 0.0352 0.9721 0.0352 0.5279 0.5351 0.5279 0.5351 0.9721 0.0352 0.9721 0.5351 0.5279 0.5351 0.9721 0.0352 0.5279 0.0352 0.9721 " />
							</IndexedTriangleSet>
						</Shape>
					</Group>
				</Transform>
				<Transform DEF="Cube_008_TRANSFORM"
				           translation="0.000000 0.023196 0.186325"
				           scale="1.000000 1.000000 1.000000"
				           rotation="0.000000 1.000000 0.000000 0.000000"
				           >
					<Transform DEF="Cube_008_ifs_TRANSFORM"
					           translation="0.000000 0.000000 0.000000"
					           scale="1.000000 1.000000 1.000000"
					           rotation="0.000000 1.000000 0.000000 0.000000"
					           >
						<Group DEF="group_ME_Cube_019">
							<Shape>
								<Appearance>
									<Material USE="MA_Body" />
								</Appearance>
								<IndexedTriangleSet solid="false"
								                    normalPerVertex="true"
								                    index="0 1 2 0 2 3 4 5 6 4 6 7 8 9 10 8 10 11 12 13 14 12 14 15 4 16 17 4 17 15 18 5 14 18 14 19 "
								                    >
									<Coordinate point="-0.946566 -0.690284 0.200537 -0.946566 -0.573690 0.601874 -0.946566 0.806877 0.200800 -0.946566 0.690284 -0.200537 -0.946566 0.690284 -0.200537 -0.946566 0.806877 0.200800 0.946566 0.806877 0.200800 0.946566 0.690284 -0.200537 0.946566 0.690284 -0.200537 0.946566 0.806877 0.200800 0.946566 -0.573690 0.601874 0.946566 -0.690284 0.200537 0.946566 -0.690284 0.200537 0.946566 -0.573690 0.601874 -0.946566 -0.573690 0.601874 -0.946566 -0.690284 0.200537 0.946566 0.690284 -0.200537 0.946566 -0.690284 0.200537 0.946566 0.806877 0.200800 0.946566 -0.573690 0.601874 " />
									<Normal vector="-0.577349 -0.715476 -0.393353 -0.577349 -0.393353 0.715476 -0.577349 0.715476 0.393353 -0.577349 0.393353 -0.715476 -0.577349 0.393353 -0.715476 -0.577349 0.715476 0.393353 0.577349 0.715476 0.393353 0.577349 0.393353 -0.715476 0.577349 0.393353 -0.715476 0.577349 0.715476 0.393353 0.577349 -0.393353 0.715476 0.577349 -0.715476 -0.393353 0.577349 -0.715476 -0.393353 0.577349 -0.393353 0.715476 -0.577349 -0.393353 0.715476 -0.577349 -0.715476 -0.393353 0.577349 0.393353 -0.715476 0.577349 -0.715476 -0.393353 0.577349 0.715476 0.393353 0.577349 -0.393353 0.715476 " />
									<TextureCoordinate point="0.0352 0.5279 0.5351 0.5279 0.5351 0.9721 0.0352 0.9721 0.0352 0.5279 0.5351 0.5279 0.5351 0.9721 0.0352 0.9721 0.0352 0.5279 0.5351 0.5279 0.5351 0.9721 0.0352 0.9721 0.0352 0.5279 0.5351 0.5279 0.5351 0.9721 0.0352 0.9721 0.5351 0.5279 0.5351 0.9721 0.0352 0.5279 0.0352 0.9721 " />
								</IndexedTriangleSet>
							</Shape>
						</Group>
					</Transform>
					<Transform DEF="Cube_009_TRANSFORM"
					           translation="0.000000 0.038007 0.255415"
					           scale="1.000000 1.000000 1.000000"
					           rotation="0.000000 1.000000 0.000000 0.000000"
					           >
						<Transform DEF="Cube_009_ifs_TRANSFORM"
						           translation="0.000000 0.000000 0.000000"
						           scale="1.000000 1.000000 1.000000"
						           rotation="0.000000 1.000000 0.000000 0.000000"
						           >
							<Group DEF="group_ME_Cube_020">
								<Shape>
									<Appearance>
										<Material USE="MA_Body" />
									</Appearance>
									<IndexedTriangleSet solid="false"
									                    normalPerVertex="true"
									                    index="0 1 2 0 2 3 4 5 6 4 6 7 8 9 10 8 10 11 12 13 14 12 14 15 4 16 17 4 17 15 18 5 14 18 14 19 "
									                    >
										<Coordinate point="-0.681696 -0.516329 0.215392 -0.681696 -0.359773 0.590682 -0.681696 0.672885 0.159898 -0.681696 0.516329 -0.215392 -0.681696 0.516329 -0.215392 -0.681696 0.672885 0.159898 0.681696 0.672885 0.159898 0.681696 0.516329 -0.215392 0.681696 0.516329 -0.215392 0.681696 0.672885 0.159898 0.681696 -0.359773 0.590682 0.681696 -0.516329 0.215392 0.681696 -0.516329 0.215392 0.681696 -0.359773 0.590682 -0.681696 -0.359773 0.590682 -0.681696 -0.516329 0.215392 0.681696 0.516329 -0.215392 0.681696 -0.516329 0.215392 0.681696 0.672885 0.159898 0.681696 -0.359773 0.590682 " />
										<Normal vector="-0.577349 -0.755120 -0.310556 -0.577349 -0.310556 0.755120 -0.577349 0.755120 0.310556 -0.577349 0.310556 -0.755120 -0.577349 0.310556 -0.755120 -0.577349 0.755120 0.310556 0.577349 0.755120 0.310556 0.577349 0.310556 -0.755120 0.577349 0.310556 -0.755120 0.577349 0.755120 0.310556 0.577349 -0.310556 0.755120 0.577349 -0.755120 -0.310556 0.577349 -0.755120 -0.310556 0.577349 -0.310556 0.755120 -0.577349 -0.310556 0.755120 -0.577349 -0.755120 -0.310556 0.577349 0.310556 -0.755120 0.577349 -0.755120 -0.310556 0.577349 0.755120 0.310556 0.577349 -0.310556 0.755120 " />
										<TextureCoordinate point="0.0352 0.5279 0.5351 0.5279 0.5351 0.9721 0.0352 0.9721 0.0352 0.5279 0.5351 0.5279 0.5351 0.9721 0.0352 0.9721 0.0352 0.5279 0.5351 0.5279 0.5351 0.9721 0.0352 0.9721 0.0352 0.5279 0.5351 0.5279 0.5351 0.9721 0.0352 0.9721 0.5351 0.5279 0.5351 0.9721 0.0352 0.5279 0.0352 0.9721 " />
									</IndexedTriangleSet>
								</Shape>
							</Group>
						</Transform>
					</Transform>
				</Transform>
			</Transform>
			<Transform DEF="Cube_011_TRANSFORM"
			           translation="0.333336 0.013796 1.177155"
			           scale="1.000000 1.000000 1.000000"
			           rotation="0.000000 1.000000 0.000000 0.000000"
			           >
				<Transform DEF="Cube_011_ifs_TRANSFORM"
				           translation="0.000000 0.000000 0.000000"
				           scale="1.000000 1.000000 1.000000"
				           rotation="0.000000 1.000000 0.000000 0.000000"
				           >
					<Group DEF="group_ME_Cube_025">
						<Shape>
							<Appearance>
								<Material USE="MA_Body" />
							</Appearance>
							<IndexedTriangleSet solid="false"
							                    normalPerVertex="true"
							                    index="0 1 2 0 2 3 4 5 6 4 6 7 8 9 10 8 10 11 12 13 14 12 14 15 4 16 17 4 17 15 18 5 14 18 14 19 "
							                    >
								<Coordinate point="-0.055741 -0.065861 0.051399 0.500875 -0.061079 0.661154 0.500785 0.071300 0.660199 -0.055831 0.066519 0.050444 -0.055831 0.066519 0.050444 0.500785 0.071300 0.660199 0.612357 0.070642 0.558355 0.055741 0.065861 -0.051399 0.055741 0.065861 -0.051399 0.612357 0.070642 0.558355 0.612447 -0.061738 0.559311 0.055831 -0.066519 -0.050444 0.055831 -0.066519 -0.050444 0.612447 -0.061738 0.559311 0.500875 -0.061079 0.661154 -0.055741 -0.065861 0.051399 0.055741 0.065861 -0.051399 0.055831 -0.066519 -0.050444 0.612357 0.070642 0.558355 0.612447 -0.061738 0.559311 " />
								<Normal vector="-0.815241 -0.578143 -0.032991 -0.036775 -0.571459 0.819788 -0.037538 0.583178 0.811457 -0.816034 0.576495 -0.041322 -0.816034 0.576495 -0.041322 -0.037538 0.583178 0.811457 0.815241 0.578143 0.032991 0.036775 0.571459 -0.819788 0.036775 0.571459 -0.819788 0.815241 0.578143 0.032991 0.816034 -0.576495 0.041322 0.037538 -0.583178 -0.811457 0.037538 -0.583178 -0.811457 0.816034 -0.576495 0.041322 -0.036775 -0.571459 0.819788 -0.815241 -0.578143 -0.032991 0.036775 0.571459 -0.819788 0.037538 -0.583178 -0.811457 0.815241 0.578143 0.032991 0.816034 -0.576495 0.041322 " />
								<TextureCoordinate point="0.0352 0.5279 0.5351 0.5279 0.5351 0.9721 0.0352 0.9721 0.0352 0.5279 0.5351 0.5279 0.5351 0.9721 0.0352 0.9721 0.0352 0.5279 0.5351 0.5279 0.5351 0.9721 0.0352 0.9721 0.0352 0.5279 0.5351 0.5279 0.5351 0.9721 0.0352 0.9721 0.5351 0.5279 0.5351 0.9721 0.0352 0.5279 0.0352 0.9721 " />
							</IndexedTriangleSet>
						</Shape>
					</Group>
				</Transform>
			</Transform>
			<Transform DEF="Cube_012_TRANSFORM"
			           translation="0.564168 0.033482 1.092112"
			           scale="1.000000 1.000000 1.000000"
			           rotation="0.000000 1.000000 0.000000 0.000000"
			           >
				<Transform DEF="Cube_012_ifs_TRANSFORM"
				           translation="0.000000 0.000000 0.000000"
				           scale="1.000000 1.000000 1.000000"
				           rotation="0.000000 1.000000 0.000000 0.000000"
				           >
					<Group DEF="group_ME_Cube_026">
						<Shape>
							<Appearance>
								<Material USE="MA_Body" />
							</Appearance>
							<IndexedTriangleSet solid="false"
							                    normalPerVertex="true"
							                    index="0 1 2 0 2 3 4 5 6 4 6 7 8 9 10 8 10 11 12 13 14 12 14 15 4 16 17 4 17 15 18 5 14 18 14 19 "
							                    >
								<Coordinate point="-0.037836 -0.065834 0.065733 0.540818 -0.084739 0.379873 0.544433 0.047588 0.381179 -0.034221 0.066493 0.067038 -0.034221 0.066493 0.067038 0.544433 0.047588 0.381179 0.616490 0.046930 0.248408 0.037836 0.065834 -0.065733 0.037836 0.065834 -0.065733 0.616490 0.046930 0.248408 0.612876 -0.085398 0.247102 0.034221 -0.066493 -0.067038 0.034221 -0.066493 -0.067038 0.612876 -0.085398 0.247102 0.540818 -0.084739 0.379873 -0.037836 -0.065834 0.065733 0.037836 0.065834 -0.065733 0.034221 -0.066493 -0.067038 0.616490 0.046930 0.248408 0.612876 -0.085398 0.247102 " />
								<Normal vector="-0.798334 -0.558000 0.226386 0.216010 -0.591144 0.777062 0.247536 0.563036 0.788446 -0.766808 0.596179 0.237770 -0.766808 0.596179 0.237770 0.247536 0.563036 0.788446 0.798334 0.558000 -0.226386 -0.216010 0.591144 -0.777062 -0.216010 0.591144 -0.777062 0.798334 0.558000 -0.226386 0.766808 -0.596179 -0.237770 -0.247536 -0.563036 -0.788446 -0.247536 -0.563036 -0.788446 0.766808 -0.596179 -0.237770 0.216010 -0.591144 0.777062 -0.798334 -0.558000 0.226386 -0.216010 0.591144 -0.777062 -0.247536 -0.563036 -0.788446 0.798334 0.558000 -0.226386 0.766808 -0.596179 -0.237770 " />
								<TextureCoordinate point="0.0352 0.5279 0.5351 0.5279 0.5351 0.9721 0.0352 0.9721 0.0352 0.5279 0.5351 0.5279 0.5351 0.9721 0.0352 0.9721 0.0352 0.5279 0.5351 0.5279 0.5351 0.9721 0.0352 0.9721 0.0352 0.5279 0.5351 0.5279 0.5351 0.9721 0.0352 0.9721 0.5351 0.5279 0.5351 0.9721 0.0352 0.5279 0.0352 0.9721 " />
							</IndexedTriangleSet>
						</Shape>
					</Group>
				</Transform>
			</Transform>
			<Transform DEF="Cube_013_TRANSFORM"
			           translation="0.127801 0.126137 1.068916"
			           scale="1.000000 1.000000 1.000000"
			           rotation="0.000000 1.000000 0.000000 0.000000"
			           >
				<Transform DEF="Cube_013_ifs_TRANSFORM"
				           translation="0.000000 0.000000 0.000000"
				           scale="1.000000 1.000000 1.000000"
				           rotation="0.000000 1.000000 0.000000 0.000000"
				           >
					<Group DEF="group_ME_Cube_030">
						<Shape>
							<Appearance>
								<Material USE="MA_Body" />
							</Appearance>
							<IndexedTriangleSet solid="false"
							                    normalPerVertex="true"
							                    index="0 1 2 0 2 3 4 5 6 4 6 7 8 9 10 8 10 11 12 13 14 12 14 15 4 16 17 4 17 15 18 5 14 18 14 19 "
							                    >
								<Coordinate point="-0.152339 -0.117400 -0.010355 -0.098487 -0.221101 0.373101 -0.089742 0.013699 0.435371 -0.143594 0.117400 0.051915 -0.143594 0.117400 0.051915 -0.089742 0.013699 0.435371 0.206191 0.013699 0.393811 0.152339 0.117400 0.010355 0.152339 0.117400 0.010355 0.206191 0.013699 0.393811 0.197446 -0.221101 0.331541 0.143594 -0.117400 -0.051915 0.143594 -0.117400 -0.051915 0.197446 -0.221101 0.331541 -0.098487 -0.221101 0.373101 -0.152339 -0.117400 -0.010355 0.152339 0.117400 0.010355 0.143594 -0.117400 -0.051915 0.206191 0.013699 0.393811 0.197446 -0.221101 0.331541 " />
								<Normal vector="-0.670064 -0.408338 -0.619861 -0.514939 -0.707053 0.484664 -0.473403 0.408338 0.780450 -0.628529 0.707053 -0.324076 -0.628529 0.707053 -0.324076 -0.473403 0.408338 0.780450 0.670064 0.408338 0.619861 0.514939 0.707053 -0.484664 0.514939 0.707053 -0.484664 0.670064 0.408338 0.619861 0.628529 -0.707053 0.324076 0.473403 -0.408338 -0.780450 0.473403 -0.408338 -0.780450 0.628529 -0.707053 0.324076 -0.514939 -0.707053 0.484664 -0.670064 -0.408338 -0.619861 0.514939 0.707053 -0.484664 0.473403 -0.408338 -0.780450 0.670064 0.408338 0.619861 0.628529 -0.707053 0.324076 " />
								<TextureCoordinate point="0.0352 0.5279 0.5351 0.5279 0.5351 0.9721 0.0352 0.9721 0.0352 0.5279 0.5351 0.5279 0.5351 0.9721 0.0352 0.9721 0.0352 0.5279 0.5351 0.5279 0.5351 0.9721 0.0352 0.9721 0.0352 0.5279 0.5351 0.5279 0.5351 0.9721 0.0352 0.9721 0.5351 0.5279 0.5351 0.9721 0.0352 0.5279 0.0352 0.9721 " />
							</IndexedTriangleSet>
						</Shape>
					</Group>
				</Transform>
				<Transform DEF="Cube_010_TRANSFORM"
				           translation="0.015201 -0.112341 0.108239"
				           scale="1.000000 1.000000 1.000000"
				           rotation="0.000000 1.000000 0.000000 0.000000"
				           >
					<Transform DEF="Cube_010_ifs_TRANSFORM"
					           translation="0.000000 0.000000 0.000000"
					           scale="1.000000 1.000000 1.000000"
					           rotation="0.000000 1.000000 0.000000 0.000000"
					           >
						<Group DEF="group_ME_Cube_021">
							<Shape>
								<Appearance>
									<Material USE="MA_Body" />
								</Appearance>
								<IndexedTriangleSet solid="false"
								                    normalPerVertex="true"
								                    index="0 1 2 0 2 3 4 5 6 4 6 7 8 9 10 8 10 11 12 13 14 12 14 15 4 16 17 4 17 15 18 5 14 18 14 19 "
								                    >
									<Coordinate point="-0.111374 -0.069982 0.016153 0.011468 -0.063579 0.890856 0.011327 0.076384 0.889851 -0.111515 0.069982 0.015149 -0.111515 0.069982 0.015149 0.011327 0.076384 0.889851 0.234215 0.076384 0.858549 0.111374 0.069982 -0.016153 0.111374 0.069982 -0.016153 0.234215 0.076384 0.858549 0.234357 -0.063579 0.859554 0.111515 -0.069982 -0.015149 0.111515 -0.069982 -0.015149 0.234357 -0.063579 0.859554 0.011468 -0.063579 0.890856 -0.111374 -0.069982 0.016153 0.111374 0.069982 -0.016153 0.111515 -0.069982 -0.015149 0.234215 0.076384 0.858549 0.234357 -0.063579 0.859554 " />
									<Normal vector="-0.651448 -0.581500 -0.487259 -0.490860 -0.573138 0.656148 -0.492019 0.581500 0.647847 -0.652608 0.573138 -0.495560 -0.652608 0.573138 -0.495560 -0.492019 0.581500 0.647847 0.651448 0.581500 0.487259 0.490860 0.573138 -0.656148 0.490860 0.573138 -0.656148 0.651448 0.581500 0.487259 0.652608 -0.573138 0.495560 0.492019 -0.581500 -0.647847 0.492019 -0.581500 -0.647847 0.652608 -0.573138 0.495560 -0.490860 -0.573138 0.656148 -0.651448 -0.581500 -0.487259 0.490860 0.573138 -0.656148 0.492019 -0.581500 -0.647847 0.651448 0.581500 0.487259 0.652608 -0.573138 0.495560 " />
									<TextureCoordinate point="0.0352 0.5279 0.5351 0.5279 0.5351 0.9721 0.0352 0.9721 0.0352 0.5279 0.5351 0.5279 0.5351 0.9721 0.0352 0.9721 0.0352 0.5279 0.5351 0.5279 0.5351 0.9721 0.0352 0.9721 0.0352 0.5279 0.5351 0.5279 0.5351 0.9721 0.0352 0.9721 0.5351 0.5279 0.5351 0.9721 0.0352 0.5279 0.0352 0.9721 " />
								</IndexedTriangleSet>
							</Shape>
						</Group>
					</Transform>
				</Transform>
			</Transform>
			<Transform DEF="leg1_TRANSFORM"
			           translation="0.782138 -0.002576 0.202837"
			           scale="1.000000 1.000000 1.000000"
			           rotation="0.000000 1.000000 0.000000 0.000000"
			           >
				<Transform DEF="leg1_ifs_TRANSFORM"
				           translation="0.000000 0.000000 0.000000"
				           scale="1.000000 1.000000 1.000000"
				           rotation="0.000000 1.000000 0.000000 0.000000"
				           >
					<Group DEF="group_ME_leg1">
						<Shape>
							<Appearance>
								<Material USE="MA_Body" />
							</Appearance>
							<IndexedTriangleSet solid="false"
							                    normalPerVertex="true"
							                    index="0 1 2 0 2 3 4 5 6 4 6 7 8 9 10 8 10 11 12 13 14 12 14 15 4 16 17 4 17 15 18 5 14 18 14 19 "
							                    >
								<Coordinate point="-0.012383 -0.109123 -0.067843 -0.055384 -0.095811 0.066458 0.012383 0.109123 0.067843 0.055384 0.095811 -0.066458 0.055384 0.095811 -0.066458 0.012383 0.109123 0.067843 0.685978 -0.115225 0.305755 0.728979 -0.128537 0.171454 0.728979 -0.128537 0.171454 0.685978 -0.115225 0.305755 0.618211 -0.320160 0.304371 0.661212 -0.333472 0.170069 0.661212 -0.333472 0.170069 0.618211 -0.320160 0.304371 -0.055384 -0.095811 0.066458 -0.012383 -0.109123 -0.067843 0.728979 -0.128537 0.171454 0.661212 -0.333472 0.170069 0.685978 -0.115225 0.305755 0.618211 -0.320160 0.304371 " />
								<Normal vector="-0.525346 -0.429395 -0.734550 -0.875912 -0.320872 0.360271 -0.513382 0.775384 0.367656 -0.162847 0.666860 -0.727134 -0.162847 0.666860 -0.727134 -0.513382 0.775384 0.367656 0.525346 0.429395 0.734550 0.875912 0.320872 -0.360271 0.875912 0.320872 -0.360271 0.525346 0.429395 0.734550 0.162847 -0.666860 0.727134 0.513382 -0.775384 -0.367656 0.513382 -0.775384 -0.367656 0.162847 -0.666860 0.727134 -0.875912 -0.320872 0.360271 -0.525346 -0.429395 -0.734550 0.875912 0.320872 -0.360271 0.513382 -0.775384 -0.367656 0.525346 0.429395 0.734550 0.162847 -0.666860 0.727134 " />
								<TextureCoordinate point="0.0352 0.0279 0.5351 0.0279 0.5351 0.4721 0.0352 0.4721 0.0352 0.0279 0.5351 0.0279 0.5351 0.4721 0.0352 0.4721 0.0352 0.0279 0.5351 0.0279 0.5351 0.4721 0.0352 0.4721 0.0352 0.0279 0.5351 0.0279 0.5351 0.4721 0.0352 0.4721 0.5351 0.0279 0.5351 0.4721 0.0352 0.0279 0.0352 0.4721 " />
							</IndexedTriangleSet>
						</Shape>
					</Group>
				</Transform>
				<Transform DEF="Cube_018_TRANSFORM"
				           translation="0.636436 -0.211972 0.224788"
				           scale="1.000000 1.000000 1.000000"
				           rotation="0.000000 1.000000 0.000000 0.000000"
				           >
					<Transform DEF="Cube_018_ifs_TRANSFORM"
					           translation="0.000000 0.000000 0.000000"
					           scale="1.000000 1.000000 1.000000"
					           rotation="0.000000 1.000000 0.000000 0.000000"
					           >
						<Group DEF="group_ME_Cube_035">
							<Shape>
								<Appearance>
									<Material USE="MA_Body" />
								</Appearance>
								<IndexedTriangleSet solid="false"
								                    normalPerVertex="true"
								                    index="0 1 2 0 2 3 4 5 6 4 6 7 8 9 10 8 10 11 12 13 14 12 14 15 4 16 17 4 17 15 18 5 14 18 14 19 "
								                    >
									<Coordinate point="-0.016949 -0.133634 -0.098918 -0.066455 -0.118589 0.097214 0.016949 0.133634 0.098918 0.066455 0.118589 -0.097214 0.066455 0.118589 -0.097214 0.016949 0.133634 0.098918 0.201856 0.072143 0.150307 0.251361 0.057097 -0.045824 0.251361 0.057097 -0.045824 0.201856 0.072143 0.150307 0.118452 -0.180080 0.148603 0.167958 -0.195125 -0.047528 0.167958 -0.195125 -0.047528 0.118452 -0.180080 0.148603 -0.066455 -0.118589 0.097214 -0.016949 -0.133634 -0.098918 0.251361 0.057097 -0.045824 0.167958 -0.195125 -0.047528 0.201856 0.072143 0.150307 0.118452 -0.180080 0.148603 " />
									<Normal vector="-0.570086 -0.414777 -0.709159 -0.851894 -0.329142 0.407300 -0.489364 0.767113 0.414716 -0.207556 0.681478 -0.701773 -0.207556 0.681478 -0.701773 -0.489364 0.767113 0.414716 0.570086 0.414777 0.709159 0.851894 0.329142 -0.407300 0.851894 0.329142 -0.407300 0.570086 0.414777 0.709159 0.207556 -0.681478 0.701773 0.489364 -0.767113 -0.414716 0.489364 -0.767113 -0.414716 0.207556 -0.681478 0.701773 -0.851894 -0.329142 0.407300 -0.570086 -0.414777 -0.709159 0.851894 0.329142 -0.407300 0.489364 -0.767113 -0.414716 0.570086 0.414777 0.709159 0.207556 -0.681478 0.701773 " />
									<TextureCoordinate point="0.0352 0.0279 0.5351 0.0279 0.5351 0.4721 0.0352 0.4721 0.0352 0.0279 0.5351 0.0279 0.5351 0.4721 0.0352 0.4721 0.5923 0.5357 0.9624 0.5357 0.9624 0.9799 0.5923 0.9799 0.0352 0.0279 0.5351 0.0279 0.5351 0.4721 0.0352 0.4721 0.5351 0.0279 0.5351 0.4721 0.0352 0.0279 0.0352 0.4721 " />
								</IndexedTriangleSet>
							</Shape>
						</Group>
					</Transform>
				</Transform>
				<Transform DEF="leg1_1_TRANSFORM"
				           translation="0.767786 -0.255653 0.261293"
				           scale="1.000000 1.000000 1.000000"
				           rotation="0.000000 1.000000 0.000000 0.000000"
				           >
					<Transform DEF="leg1_1_ifs_TRANSFORM"
					           translation="0.000000 0.000000 0.000000"
					           scale="1.000000 1.000000 1.000000"
					           rotation="0.000000 1.000000 0.000000 0.000000"
					           >
						<Group DEF="group_ME_leg1_1">
							<Shape>
								<Appearance>
									<Material USE="MA_Body" />
								</Appearance>
								<IndexedTriangleSet solid="false"
								                    normalPerVertex="true"
								                    index="0 1 2 0 2 3 4 5 6 4 6 7 8 9 10 8 10 11 12 13 14 12 14 15 4 16 17 4 17 15 18 5 14 18 14 19 "
								                    >
									<Coordinate point="-0.033009 -0.084783 -0.070141 -0.024323 -0.088595 0.068970 0.033009 0.084783 0.070141 0.024323 0.088595 -0.068970 0.024323 0.088595 -0.068970 0.033009 0.084783 0.070141 0.142407 0.048661 0.062320 0.133721 0.052473 -0.076791 0.133721 0.052473 -0.076791 0.142407 0.048661 0.062320 0.085076 -0.124718 0.061148 0.076389 -0.120905 -0.077962 0.076389 -0.120905 -0.077962 0.085076 -0.124718 0.061148 -0.024323 -0.088595 0.068970 -0.033009 -0.084783 -0.070141 0.133721 0.052473 -0.076791 0.076389 -0.120905 -0.077962 0.142407 0.048661 0.062320 0.085076 -0.124718 0.061148 " />
									<Normal vector="-0.764183 -0.351726 -0.540605 -0.692251 -0.383312 0.611408 -0.329722 0.712943 0.618793 -0.401685 0.744530 -0.533189 -0.401685 0.744530 -0.533189 -0.329722 0.712943 0.618793 0.764183 0.351726 0.540605 0.692251 0.383312 -0.611408 0.692251 0.383312 -0.611408 0.764183 0.351726 0.540605 0.401685 -0.744530 0.533189 0.329722 -0.712943 -0.618793 0.329722 -0.712943 -0.618793 0.401685 -0.744530 0.533189 -0.692251 -0.383312 0.611408 -0.764183 -0.351726 -0.540605 0.692251 0.383312 -0.611408 0.329722 -0.712943 -0.618793 0.764183 0.351726 0.540605 0.401685 -0.744530 0.533189 " />
									<TextureCoordinate point="0.0352 0.0279 0.5351 0.0279 0.5351 0.4721 0.0352 0.4721 0.0352 0.0279 0.5351 0.0279 0.5351 0.4721 0.0352 0.4721 0.0352 0.0279 0.5351 0.0279 0.5351 0.4721 0.0352 0.4721 0.0352 0.0279 0.5351 0.0279 0.5351 0.4721 0.0352 0.4721 0.5351 0.0279 0.5351 0.4721 0.0352 0.0279 0.0352 0.4721 " />
								</IndexedTriangleSet>
							</Shape>
						</Group>
					</Transform>
					<Transform DEF="Cube_015_TRANSFORM"
					           translation="0.058507 -0.019511 0.024333"
					           scale="1.000000 1.000000 1.000000"
					           rotation="0.000000 1.000000 0.000000 0.000000"
					           >
						<Transform DEF="Cube_015_ifs_TRANSFORM"
						           translation="0.000000 0.000000 0.000000"
						           scale="1.000000 1.000000 1.000000"
						           rotation="0.000000 1.000000 0.000000 0.000000"
						           >
							<Group DEF="group_ME_Cube_032">
								<Shape>
									<Appearance>
										<Material USE="MA_Body" />
									</Appearance>
									<IndexedTriangleSet solid="false"
									                    normalPerVertex="true"
									                    index="0 1 2 0 2 3 4 5 6 4 6 7 8 9 10 8 10 11 12 13 14 12 14 15 4 16 17 4 17 15 18 5 14 18 14 19 "
									                    >
										<Coordinate point="-0.109126 -0.090965 -0.077435 0.026988 -0.137049 0.081660 0.109126 0.090965 0.077435 -0.026988 0.137049 -0.081660 -0.026988 0.137049 -0.081660 0.109126 0.090965 0.077435 0.758383 -0.154529 -0.549148 0.622270 -0.108445 -0.708243 0.622270 -0.108445 -0.708243 0.758383 -0.154529 -0.549148 0.676246 -0.382543 -0.544923 0.540132 -0.336459 -0.704018 0.540132 -0.336459 -0.704018 0.676246 -0.382543 -0.544923 0.026988 -0.137049 0.081660 -0.109126 -0.090965 -0.077435 0.622270 -0.108445 -0.708243 0.540132 -0.336459 -0.704018 0.758383 -0.154529 -0.549148 0.676246 -0.382543 -0.544923 " />
										<Normal vector="-0.963042 -0.267403 -0.031495 -0.229926 -0.515610 0.825373 0.161321 0.570544 0.805231 -0.571764 0.818751 -0.051637 -0.571764 0.818751 -0.051637 0.161321 0.570544 0.805231 0.963042 0.267403 0.031495 0.229926 0.515610 -0.825373 0.229926 0.515610 -0.825373 0.963042 0.267403 0.031495 0.571764 -0.818751 0.051637 -0.161321 -0.570544 -0.805231 -0.161321 -0.570544 -0.805231 0.571764 -0.818751 0.051637 -0.229926 -0.515610 0.825373 -0.963042 -0.267403 -0.031495 0.229926 0.515610 -0.825373 -0.161321 -0.570544 -0.805231 0.963042 0.267403 0.031495 0.571764 -0.818751 0.051637 " />
										<TextureCoordinate point="0.0352 0.0279 0.5351 0.0279 0.5351 0.4721 0.0352 0.4721 0.0352 0.0279 0.5351 0.0279 0.5351 0.4721 0.0352 0.4721 0.5976 0.5291 0.9571 0.5291 0.9571 0.9787 0.5976 0.9787 0.0352 0.0279 0.5351 0.0279 0.5351 0.4721 0.0352 0.4721 0.5351 0.0279 0.5351 0.4721 0.0352 0.0279 0.0352 0.4721 " />
									</IndexedTriangleSet>
								</Shape>
							</Group>
						</Transform>
					</Transform>
					<Transform DEF="foot1_TRANSFORM"
					           translation="0.669257 -0.238261 -0.717617"
					           scale="1.000000 1.000000 1.000000"
					           rotation="0.000000 1.000000 0.000000 0.000000"
					           >
						<Transform DEF="foot1_ifs_TRANSFORM"
						           translation="0.000000 0.000000 0.000000"
						           scale="1.000000 1.000000 1.000000"
						           rotation="0.000000 1.000000 0.000000 0.000000"
						           >
							<Group DEF="group_ME_foot1">
								<Shape>
									<Appearance>
										<Material USE="MA_Body" />
									</Appearance>
									<IndexedTriangleSet solid="false"
									                    normalPerVertex="true"
									                    index="0 1 2 0 2 3 4 5 6 4 6 7 8 9 10 8 10 11 12 13 14 12 14 15 4 16 17 4 17 15 18 5 14 18 14 19 "
									                    >
										<Coordinate point="-0.032004 -0.091834 -0.096501 -0.041158 -0.089074 0.095614 0.032004 0.091834 0.096501 0.041158 0.089074 -0.095614 0.041158 0.089074 -0.095614 0.032004 0.091834 0.096501 0.321119 -0.025163 0.111957 0.330273 -0.027923 -0.080157 0.330273 -0.027923 -0.080157 0.321119 -0.025163 0.111957 0.247958 -0.206072 0.111070 0.257111 -0.208832 -0.081045 0.257111 -0.208832 -0.081045 0.247958 -0.206072 0.111070 -0.041158 -0.089074 0.095614 -0.032004 -0.091834 -0.096501 0.330273 -0.027923 -0.080157 0.257111 -0.208832 -0.081045 0.321119 -0.025163 0.111957 0.247958 -0.206072 0.111070 " />
										<Normal vector="-0.723502 -0.327189 -0.607837 -0.778436 -0.310617 0.545427 -0.345531 0.759819 0.550676 -0.290597 0.743248 -0.602588 -0.290597 0.743248 -0.602588 -0.345531 0.759819 0.550676 0.723502 0.327189 0.607837 0.778436 0.310617 -0.545427 0.778436 0.310617 -0.545427 0.723502 0.327189 0.607837 0.290597 -0.743248 0.602588 0.345531 -0.759819 -0.550676 0.345531 -0.759819 -0.550676 0.290597 -0.743248 0.602588 -0.778436 -0.310617 0.545427 -0.723502 -0.327189 -0.607837 0.778436 0.310617 -0.545427 0.345531 -0.759819 -0.550676 0.723502 0.327189 0.607837 0.290597 -0.743248 0.602588 " />
										<TextureCoordinate point="0.0352 0.0279 0.5351 0.0279 0.5351 0.4721 0.0352 0.4721 0.0352 0.0279 0.5351 0.0279 0.5351 0.4721 0.0352 0.4721 0.0352 0.0279 0.5351 0.0279 0.5351 0.4721 0.0352 0.4721 0.0352 0.0279 0.5351 0.0279 0.5351 0.4721 0.0352 0.4721 0.5351 0.0279 0.5351 0.4721 0.0352 0.0279 0.0352 0.4721 " />
									</IndexedTriangleSet>
								</Shape>
							</Group>
						</Transform>
						<Transform DEF="Cube_017_TRANSFORM"
						           translation="0.233313 -0.094491 0.027950"
						           scale="1.000000 1.000000 1.000000"
						           rotation="0.000000 1.000000 0.000000 0.000000"
						           >
							<Transform DEF="Cube_017_ifs_TRANSFORM"
							           translation="0.000000 0.000000 0.000000"
							           scale="1.000000 1.000000 1.000000"
							           rotation="0.000000 1.000000 0.000000 0.000000"
							           >
								<Group DEF="group_ME_Cube_034">
									<Shape>
										<Appearance>
											<Material USE="MA_Body" />
										</Appearance>
										<IndexedTriangleSet solid="false"
										                    normalPerVertex="true"
										                    index="0 1 2 0 2 3 4 5 6 4 6 7 8 9 10 8 10 11 12 13 14 12 14 15 4 16 17 4 17 15 18 5 14 18 14 19 "
										                    >
											<Coordinate point="-0.028397 -0.045444 -0.044189 -0.003903 -0.053834 0.043714 0.028397 0.045444 0.044189 0.003903 0.053834 -0.043714 0.003903 0.053834 -0.043714 0.028397 0.045444 0.044189 0.299538 -0.042370 -0.039747 0.275043 -0.033981 -0.127650 0.275043 -0.033981 -0.127650 0.299538 -0.042370 -0.039747 0.267238 -0.141648 -0.040222 0.242743 -0.133259 -0.128124 0.242743 -0.133259 -0.128124 0.267238 -0.141648 -0.040222 -0.003903 -0.053834 0.043714 -0.028397 -0.045444 -0.044189 0.275043 -0.033981 -0.127650 0.242743 -0.133259 -0.128124 0.299538 -0.042370 -0.039747 0.267238 -0.141648 -0.040222 " />
											<Normal vector="-0.859828 -0.325510 -0.393323 -0.551164 -0.431227 0.714286 -0.193915 0.666799 0.719535 -0.502579 0.772515 -0.388073 -0.502579 0.772515 -0.388073 -0.193915 0.666799 0.719535 0.859828 0.325510 0.393323 0.551164 0.431227 -0.714286 0.551164 0.431227 -0.714286 0.859828 0.325510 0.393323 0.502579 -0.772515 0.388073 0.193915 -0.666799 -0.719535 0.193915 -0.666799 -0.719535 0.502579 -0.772515 0.388073 -0.551164 -0.431227 0.714286 -0.859828 -0.325510 -0.393323 0.551164 0.431227 -0.714286 0.193915 -0.666799 -0.719535 0.859828 0.325510 0.393323 0.502579 -0.772515 0.388073 " />
											<TextureCoordinate point="0.0352 0.0279 0.5351 0.0279 0.5351 0.4721 0.0352 0.4721 0.0352 0.0279 0.5351 0.0279 0.5351 0.4721 0.0352 0.4721 0.0352 0.0279 0.5351 0.0279 0.5351 0.4721 0.0352 0.4721 0.0352 0.0279 0.5351 0.0279 0.5351 0.4721 0.0352 0.4721 0.5351 0.0279 0.5351 0.4721 0.0352 0.0279 0.0352 0.4721 " />
										</IndexedTriangleSet>
									</Shape>
								</Group>
							</Transform>
						</Transform>
					</Transform>
				</Transform>
			</Transform>
			<Transform DEF="Cube_020_TRANSFORM"
			           translation="0.380561 -0.356605 0.894779"
			           scale="1.000000 1.000000 1.000000"
			           rotation="0.000000 1.000000 0.000000 0.000000"
			           >
				<Transform DEF="Cube_020_ifs_TRANSFORM"
				           translation="0.000000 0.000000 0.000000"
				           scale="1.000000 1.000000 1.000000"
				           rotation="0.000000 1.000000 0.000000 0.000000"
				           >
					<Group DEF="group_ME_Cube_043">
						<Shape>
							<Appearance>
								<Material DEF="MA_Eye"
								          diffuseColor="0.800 0.800 0.800"
								          specularColor="0.401 0.401 0.401"
								          emissiveColor="0.000 0.000 0.000"
								          ambientIntensity="0.000"
								          shininess="0.500"
								          transparency="0.0"
								          />
							</Appearance>
							<IndexedTriangleSet solid="false"
							                    normalPerVertex="true"
							                    index="0 1 2 0 2 3 4 5 6 4 6 7 8 9 10 8 10 11 12 13 14 12 14 15 4 16 17 4 17 18 19 20 14 19 14 21 22 5 23 22 23 24 25 26 27 25 27 28 29 30 31 29 31 15 32 33 34 32 34 35 36 37 23 36 23 18 38 39 40 38 40 41 29 20 42 29 42 43 32 26 44 32 44 45 "
							                    >
								<Coordinate point="-0.187140 -0.269643 -0.092990 -0.265529 -0.155938 0.146811 -0.255023 0.039889 0.057392 -0.176634 -0.073816 -0.182410 0.142525 -0.048731 -0.089974 0.064136 0.064974 0.149828 0.176634 0.073816 0.182410 0.255023 -0.039889 -0.057392 0.255023 -0.039889 -0.057392 0.176634 0.073816 0.182410 0.166127 -0.122011 0.271829 0.244516 -0.235716 0.032028 -0.074643 -0.260801 -0.060408 -0.153032 -0.147096 0.179393 -0.265529 -0.155938 0.146811 -0.187140 -0.269643 -0.092990 0.255023 -0.039889 -0.057392 0.244516 -0.235716 0.032028 0.132019 -0.244558 -0.000554 -0.142525 0.048731 0.089974 -0.255023 0.039889 0.057392 -0.153032 -0.147096 0.179393 0.176634 0.073816 0.182410 0.053630 -0.130853 0.239248 0.166127 -0.122011 0.271829 0.064136 0.064974 0.149828 -0.142525 0.048731 0.089974 -0.153032 -0.147096 0.179393 0.053630 -0.130853 0.239248 -0.176634 -0.073816 -0.182410 -0.064136 -0.064974 -0.149828 -0.074643 -0.260801 -0.060408 -0.064136 -0.064974 -0.149828 0.142525 -0.048731 -0.089974 0.132019 -0.244558 -0.000554 -0.074643 -0.260801 -0.060408 0.244516 -0.235716 0.032028 0.166127 -0.122011 0.271829 0.132019 -0.244558 -0.000554 0.053630 -0.130853 0.239248 -0.153032 -0.147096 0.179393 -0.074643 -0.260801 -0.060408 -0.142525 0.048731 0.089974 -0.064136 -0.064974 -0.149828 0.064136 0.064974 0.149828 0.142525 -0.048731 -0.089974 " />
								<Normal vector="-0.417554 -0.805231 -0.420911 -0.744652 -0.330790 0.579669 -0.688375 0.718314 0.100620 -0.361278 0.243843 -0.899991 0.234748 0.351909 -0.906095 -0.165807 0.932981 0.319376 0.417554 0.805231 0.420911 0.744652 0.330790 -0.579669 0.744652 0.330790 -0.579669 0.417554 0.805231 0.420911 0.361278 -0.243843 0.899991 0.688375 -0.718314 -0.100620 0.165807 -0.932981 -0.319376 -0.234748 -0.351909 0.906095 -0.744652 -0.330790 0.579669 -0.417554 -0.805231 -0.420911 0.744652 0.330790 -0.579669 0.688375 -0.718314 -0.100620 0.165807 -0.932981 -0.319376 -0.165807 0.932981 0.319376 -0.688375 0.718314 0.100620 -0.234748 -0.351909 0.906095 0.417554 0.805231 0.420911 -0.234748 -0.351909 0.906095 0.361278 -0.243843 0.899991 -0.165807 0.932981 0.319376 -0.165807 0.932981 0.319376 -0.234748 -0.351909 0.906095 -0.234748 -0.351909 0.906095 -0.361278 0.243843 -0.899991 0.234748 0.351909 -0.906095 0.165807 -0.932981 -0.319376 0.234748 0.351909 -0.906095 0.234748 0.351909 -0.906095 0.165807 -0.932981 -0.319376 0.165807 -0.932981 -0.319376 0.688375 -0.718314 -0.100620 0.361278 -0.243843 0.899991 0.165807 -0.932981 -0.319376 -0.234748 -0.351909 0.906095 -0.234748 -0.351909 0.906095 0.165807 -0.932981 -0.319376 -0.165807 0.932981 0.319376 0.234748 0.351909 -0.906095 -0.165807 0.932981 0.319376 0.234748 0.351909 -0.906095 " />
								<TextureCoordinate point="0.0924 0.8733 0.4076 0.8733 0.4076 0.9548 0.0924 0.9548 0.0924 0.8733 0.4076 0.8733 0.4076 0.9548 0.0924 0.9548 0.0924 0.8733 0.4076 0.8733 0.4076 0.9548 0.0924 0.9548 0.0924 0.8733 0.4076 0.8733 0.4076 0.9548 0.0924 0.9548 0.4076 0.8733 0.4076 0.9548 0.0924 0.9548 0.0924 0.8733 0.4076 0.8733 0.0924 0.9548 0.0924 0.8733 0.4076 0.9548 0.0924 0.9548 0.0924 0.8733 0.4076 0.8733 0.4076 0.9548 0.0924 0.9548 0.0924 0.8733 0.4076 0.8733 0.4076 0.9548 0.0924 0.8733 0.4076 0.8733 0.4076 0.9548 0.0924 0.9548 0.0924 0.8733 0.4076 0.8733 0.0208 0.9813 0.0208 0.0343 0.4792 0.0343 0.4792 0.9813 0.4076 0.9548 0.0924 0.9548 0.4076 0.9548 0.0924 0.9548 " />
							</IndexedTriangleSet>
						</Shape>
					</Group>
				</Transform>
			</Transform>
			<Transform DEF="arm1_TRANSFORM"
			           translation="0.977540 -0.119168 0.657254"
			           scale="1.000000 1.000000 1.000000"
			           rotation="0.000000 1.000000 0.000000 0.000000"
			           >
				<Transform DEF="arm1_ifs_TRANSFORM"
				           translation="0.000000 0.000000 0.000000"
				           scale="1.000000 1.000000 1.000000"
				           rotation="0.000000 1.000000 0.000000 0.000000"
				           >
					<Group DEF="group_ME_arm1">
						<Shape>
							<Appearance>
								<Material USE="MA_Body" />
							</Appearance>
							<IndexedTriangleSet solid="false"
							                    normalPerVertex="true"
							                    index="0 1 2 0 2 3 4 5 6 4 6 7 8 9 10 8 10 11 12 13 14 12 14 15 4 16 17 4 17 15 18 5 14 18 14 19 "
							                    >
								<Coordinate point="0.009457 -0.186821 -0.047690 -0.035066 -0.069069 0.176821 -0.009457 0.186821 0.047690 0.035066 0.069069 -0.176821 0.035066 0.069069 -0.176821 -0.009457 0.186821 0.047690 0.165690 0.186821 0.082424 0.210213 0.069069 -0.142087 0.210213 0.069069 -0.142087 0.165690 0.186821 0.082424 0.140082 -0.069069 0.211554 0.184605 -0.186821 -0.012956 0.184605 -0.186821 -0.012956 0.140082 -0.069069 0.211554 -0.035066 -0.069069 0.176821 0.009457 -0.186821 -0.047690 0.210213 0.069069 -0.142087 0.184605 -0.186821 -0.012956 0.165690 0.186821 0.082424 0.140082 -0.069069 0.211554 " />
								<Normal vector="-0.517808 -0.777490 -0.356792 -0.717551 -0.249245 0.650349 -0.614795 0.777490 0.132176 -0.415052 0.249245 -0.874966 -0.415052 0.249245 -0.874966 -0.614795 0.777490 0.132176 0.517808 0.777490 0.356792 0.717551 0.249245 -0.650349 0.717551 0.249245 -0.650349 0.517808 0.777490 0.356792 0.415052 -0.249245 0.874966 0.614795 -0.777490 -0.132176 0.614795 -0.777490 -0.132176 0.415052 -0.249245 0.874966 -0.717551 -0.249245 0.650349 -0.517808 -0.777490 -0.356792 0.717551 0.249245 -0.650349 0.614795 -0.777490 -0.132176 0.517808 0.777490 0.356792 0.415052 -0.249245 0.874966 " />
								<TextureCoordinate point="0.0352 0.0279 0.5351 0.0279 0.5351 0.4721 0.0352 0.4721 0.0352 0.0279 0.5351 0.0279 0.5351 0.4721 0.0352 0.4721 0.0352 0.0279 0.5351 0.0279 0.5351 0.4721 0.0352 0.4721 0.0352 0.0279 0.5351 0.0279 0.5351 0.4721 0.0352 0.4721 0.5351 0.0279 0.5351 0.4721 0.0352 0.0279 0.0352 0.4721 " />
							</IndexedTriangleSet>
						</Shape>
					</Group>
				</Transform>
				<Transform DEF="Cube_021_TRANSFORM"
				           translation="0.039694 0.000000 0.007872"
				           scale="1.000000 1.000000 1.000000"
				           rotation="0.000000 1.000000 0.000000 0.000000"
				           >
					<Transform DEF="Cube_021_ifs_TRANSFORM"
					           translation="0.000000 0.000000 0.000000"
					           scale="1.000000 1.000000 1.000000"
					           rotation="0.000000 1.000000 0.000000 0.000000"
					           >
						<Group DEF="group_ME_Cube_044">
							<Shape>
								<Appearance>
									<Material USE="MA_Body" />
								</Appearance>
								<IndexedTriangleSet solid="false"
								                    normalPerVertex="true"
								                    index="0 1 2 0 2 3 4 5 6 4 6 7 8 9 10 8 10 11 12 13 14 12 14 15 4 16 17 4 17 15 18 5 14 18 14 19 "
								                    >
									<Coordinate point="0.020897 -0.120596 -0.105374 -0.020992 -0.120157 0.105855 -0.020897 0.120596 0.105374 0.020992 0.120157 -0.105855 0.020992 0.120157 -0.105855 -0.020897 0.120596 0.105374 0.745164 0.120596 0.257293 0.787053 0.120157 0.046063 0.787053 0.120157 0.046063 0.745164 0.120596 0.257293 0.745069 -0.120157 0.257774 0.786958 -0.120596 0.046545 0.786958 -0.120596 0.046545 0.745069 -0.120157 0.257774 -0.020992 -0.120157 0.105855 0.020897 -0.120596 -0.105374 0.787053 0.120157 0.046063 0.786958 -0.120596 0.046545 0.745164 0.120596 0.257293 0.745069 -0.120157 0.257774 " />
									<Normal vector="-0.454237 -0.578509 -0.677450 -0.678854 -0.576159 0.455153 -0.678396 0.578509 0.452834 -0.453780 0.576159 -0.679769 -0.453780 0.576159 -0.679769 -0.678396 0.578509 0.452834 0.454237 0.578509 0.677450 0.678854 0.576159 -0.455153 0.678854 0.576159 -0.455153 0.454237 0.578509 0.677450 0.453780 -0.576159 0.679769 0.678396 -0.578509 -0.452834 0.678396 -0.578509 -0.452834 0.453780 -0.576159 0.679769 -0.678854 -0.576159 0.455153 -0.454237 -0.578509 -0.677450 0.678854 0.576159 -0.455153 0.678396 -0.578509 -0.452834 0.454237 0.578509 0.677450 0.453780 -0.576159 0.679769 " />
									<TextureCoordinate point="0.0352 0.0279 0.5351 0.0279 0.5351 0.4721 0.0352 0.4721 0.0352 0.0279 0.5351 0.0279 0.5351 0.4721 0.0352 0.4721 0.0352 0.0279 0.5351 0.0279 0.5351 0.4721 0.0352 0.4721 0.0352 0.0279 0.5351 0.0279 0.5351 0.4721 0.0352 0.4721 0.5351 0.0279 0.5351 0.4721 0.0352 0.0279 0.0352 0.4721 " />
								</IndexedTriangleSet>
							</Shape>
						</Group>
					</Transform>
					<Transform DEF="Cube_022_TRANSFORM"
					           translation="0.739962 0.007181 0.124317"
					           scale="1.000000 1.000000 1.000000"
					           rotation="0.000000 1.000000 0.000000 0.000000"
					           >
						<Transform DEF="Cube_022_ifs_TRANSFORM"
						           translation="0.000000 0.000000 0.000000"
						           scale="1.000000 1.000000 1.000000"
						           rotation="0.000000 1.000000 0.000000 0.000000"
						           >
							<Group DEF="group_ME_Cube_045">
								<Shape>
									<Appearance>
										<Material USE="MA_Body" />
									</Appearance>
									<IndexedTriangleSet solid="false"
									                    normalPerVertex="true"
									                    index="0 1 2 0 2 3 4 5 6 4 6 7 8 9 10 8 10 11 12 13 14 12 14 15 4 16 17 4 17 15 18 5 14 18 14 19 "
									                    >
										<Coordinate point="0.069942 -0.149382 -0.122236 -0.052762 -0.146589 0.133701 -0.069942 0.149382 0.122236 0.052762 0.146589 -0.133701 0.052762 0.146589 -0.133701 -0.069942 0.149382 0.122236 0.066822 0.159856 0.187690 0.189526 0.157064 -0.068247 0.189526 0.157064 -0.068247 0.066822 0.159856 0.187690 0.084003 -0.136115 0.199156 0.206706 -0.138907 -0.056781 0.206706 -0.138907 -0.056781 0.084003 -0.136115 0.199156 -0.052762 -0.146589 0.133701 0.069942 -0.149382 -0.122236 0.189526 0.157064 -0.068247 0.206706 -0.138907 -0.056781 0.066822 0.159856 0.187690 0.084003 -0.136115 0.199156 " />
										<Normal vector="-0.236518 -0.621418 -0.746910 -0.735679 -0.610034 0.294229 -0.802545 0.541826 0.249611 -0.303385 0.530473 -0.791528 -0.303385 0.530473 -0.791528 -0.802545 0.541826 0.249611 0.236518 0.621418 0.746910 0.735679 0.610034 -0.294229 0.735679 0.610034 -0.294229 0.236518 0.621418 0.746910 0.303385 -0.530473 0.791528 0.802545 -0.541826 -0.249611 0.802545 -0.541826 -0.249611 0.303385 -0.530473 0.791528 -0.735679 -0.610034 0.294229 -0.236518 -0.621418 -0.746910 0.735679 0.610034 -0.294229 0.802545 -0.541826 -0.249611 0.236518 0.621418 0.746910 0.303385 -0.530473 0.791528 " />
										<TextureCoordinate point="0.0352 0.0279 0.5351 0.0279 0.5351 0.4721 0.0352 0.4721 0.0352 0.0279 0.5351 0.0279 0.5351 0.4721 0.0352 0.4721 0.5923 0.5357 0.9624 0.5357 0.9624 0.9799 0.5923 0.9799 0.0352 0.0279 0.5351 0.0279 0.5351 0.4721 0.0352 0.4721 0.5351 0.0279 0.5351 0.4721 0.0352 0.0279 0.0352 0.4721 " />
									</IndexedTriangleSet>
								</Shape>
							</Group>
						</Transform>
					</Transform>
				</Transform>
				<Transform DEF="arm1_1_TRANSFORM"
				           translation="0.932184 0.018609 0.205212"
				           scale="1.000000 1.000000 1.000000"
				           rotation="0.000000 1.000000 0.000000 0.000000"
				           >
					<Transform DEF="arm1_1_ifs_TRANSFORM"
					           translation="0.000000 0.000000 0.000000"
					           scale="1.000000 1.000000 1.000000"
					           rotation="0.000000 1.000000 0.000000 0.000000"
					           >
						<Group DEF="group_ME_arm1_1">
							<Shape>
								<Appearance>
									<Material USE="MA_Body" />
								</Appearance>
								<IndexedTriangleSet solid="false"
								                    normalPerVertex="true"
								                    index="0 1 2 0 2 3 4 5 6 4 6 7 8 9 10 8 10 11 12 13 14 12 14 15 4 16 17 4 17 15 18 5 14 18 14 19 "
								                    >
									<Coordinate point="0.054478 -0.147809 -0.131654 -0.076819 -0.147809 0.119998 -0.054478 0.147809 0.131654 0.076819 0.147809 -0.119998 0.076819 0.147809 -0.119998 -0.054478 0.147809 0.131654 0.103644 0.132606 0.214153 0.234941 0.132606 -0.037499 0.234941 0.132606 -0.037499 0.103644 0.132606 0.214153 0.081303 -0.163012 0.202496 0.212600 -0.163013 -0.049156 0.212600 -0.163013 -0.049156 0.081303 -0.163012 0.202496 -0.076819 -0.147809 0.119998 0.054478 -0.147809 -0.131654 0.234941 0.132606 -0.037499 0.212600 -0.163013 -0.049156 0.103644 0.132606 0.214153 0.081303 -0.163012 0.202496 " />
									<Normal vector="-0.286416 -0.526200 -0.800623 -0.820551 -0.526200 0.223060 -0.733604 0.624287 0.268441 -0.199469 0.624287 -0.755272 -0.199469 0.624287 -0.755272 -0.733604 0.624287 0.268441 0.286416 0.526200 0.800623 0.820551 0.526200 -0.223060 0.820551 0.526200 -0.223060 0.286416 0.526200 0.800623 0.199469 -0.624287 0.755272 0.733604 -0.624287 -0.268441 0.733604 -0.624287 -0.268441 0.199469 -0.624287 0.755272 -0.820551 -0.526200 0.223060 -0.286416 -0.526200 -0.800623 0.820551 0.526200 -0.223060 0.733604 -0.624287 -0.268441 0.286416 0.526200 0.800623 0.199469 -0.624287 0.755272 " />
									<TextureCoordinate point="0.0352 0.0279 0.5351 0.0279 0.5351 0.4721 0.0352 0.4721 0.0352 0.0279 0.5351 0.0279 0.5351 0.4721 0.0352 0.4721 0.0352 0.0279 0.5351 0.0279 0.5351 0.4721 0.0352 0.4721 0.0352 0.0279 0.5351 0.0279 0.5351 0.4721 0.0352 0.4721 0.5351 0.0279 0.5351 0.4721 0.0352 0.0279 0.0352 0.4721 " />
								</IndexedTriangleSet>
							</Shape>
						</Group>
					</Transform>
					<Transform DEF="Cube_025_TRANSFORM"
					           translation="0.111394 -0.011041 0.066498"
					           scale="1.000000 1.000000 1.000000"
					           rotation="0.000000 1.000000 0.000000 0.000000"
					           >
						<Transform DEF="Cube_025_ifs_TRANSFORM"
						           translation="0.000000 0.000000 0.000000"
						           scale="1.000000 1.000000 1.000000"
						           rotation="0.000000 1.000000 0.000000 0.000000"
						           >
							<Group DEF="group_ME_Cube_001">
								<Shape>
									<Appearance>
										<Material USE="MA_Body" />
									</Appearance>
									<IndexedTriangleSet solid="false"
									                    normalPerVertex="true"
									                    index="0 1 2 0 2 3 4 5 6 4 6 7 8 9 10 8 10 11 12 13 14 12 14 15 4 16 17 4 17 15 18 5 14 18 14 19 "
									                    >
										<Coordinate point="0.063433 -0.108643 -0.077701 -0.066822 -0.105010 0.079826 -0.063433 0.108643 0.077701 0.066822 0.105010 -0.079826 0.066822 0.105010 -0.079826 -0.063433 0.108643 0.077701 0.345511 0.105521 0.415919 0.475767 0.101888 0.258391 0.475767 0.101888 0.258391 0.345511 0.105521 0.415919 0.342123 -0.108132 0.418044 0.472378 -0.111764 0.260517 0.472378 -0.111764 0.260517 0.342123 -0.108132 0.418044 -0.066822 -0.105010 0.079826 0.063433 -0.108643 -0.077701 0.475767 0.101888 0.258391 0.472378 -0.111764 0.260517 0.345511 0.105521 0.415919 0.342123 -0.108132 0.418044 " />
										<Normal vector="-0.086184 -0.584094 -0.807062 -0.821894 -0.563585 0.082644 -0.803583 0.590899 0.071169 -0.067873 0.570360 -0.818537 -0.067873 0.570360 -0.818537 -0.803583 0.590899 0.071169 0.086184 0.584094 0.807062 0.821894 0.563585 -0.082644 0.821894 0.563585 -0.082644 0.086184 0.584094 0.807062 0.067873 -0.570360 0.818537 0.803583 -0.590899 -0.071169 0.803583 -0.590899 -0.071169 0.067873 -0.570360 0.818537 -0.821894 -0.563585 0.082644 -0.086184 -0.584094 -0.807062 0.821894 0.563585 -0.082644 0.803583 -0.590899 -0.071169 0.086184 0.584094 0.807062 0.067873 -0.570360 0.818537 " />
										<TextureCoordinate point="0.0352 0.0279 0.5351 0.0279 0.5351 0.4721 0.0352 0.4721 0.0352 0.0279 0.5351 0.0279 0.5351 0.4721 0.0352 0.4721 0.0352 0.0279 0.5351 0.0279 0.5351 0.4721 0.0352 0.4721 0.0352 0.0279 0.5351 0.0279 0.5351 0.4721 0.0352 0.4721 0.5351 0.0279 0.5351 0.4721 0.0352 0.0279 0.0352 0.4721 " />
									</IndexedTriangleSet>
								</Shape>
							</Group>
						</Transform>
						<Transform DEF="Cube_026_TRANSFORM"
						           translation="0.333024 -0.002542 0.275428"
						           scale="1.000000 1.000000 1.000000"
						           rotation="0.000000 1.000000 0.000000 0.000000"
						           >
							<Transform DEF="Cube_026_ifs_TRANSFORM"
							           translation="0.000000 0.000000 0.000000"
							           scale="1.000000 1.000000 1.000000"
							           rotation="0.000000 1.000000 0.000000 0.000000"
							           >
								<Group DEF="group_ME_Cube_002">
									<Shape>
										<Appearance>
											<Material USE="MA_Body" />
										</Appearance>
										<IndexedTriangleSet solid="false"
										                    normalPerVertex="true"
										                    index="0 1 2 0 2 3 4 5 6 4 6 7 8 9 10 8 10 11 12 13 14 12 14 15 4 16 17 4 17 15 18 5 14 18 14 19 "
										                    >
											<Coordinate point="0.150949 -0.235343 -0.140454 -0.158291 -0.227598 0.145059 -0.150949 0.235343 0.140454 0.158291 0.227598 -0.145059 0.158291 0.227598 -0.145059 -0.150949 0.235343 0.140454 0.037062 0.234387 0.344116 0.346303 0.226642 0.058603 0.346303 0.226642 0.058603 0.037062 0.234387 0.344116 0.029720 -0.228554 0.348721 0.338960 -0.236299 0.063208 0.338960 -0.236299 0.063208 0.029720 -0.228554 0.348721 -0.158291 -0.227598 0.145059 0.150949 -0.235343 -0.140454 0.346303 0.226642 0.058603 0.338960 -0.236299 0.063208 0.037062 0.234387 0.344116 0.029720 -0.228554 0.348721 " />
											<Normal vector="0.023347 -0.585864 -0.810053 -0.824885 -0.564623 -0.026887 -0.806574 0.589862 -0.038362 0.041658 0.568590 -0.821528 0.041658 0.568590 -0.821528 -0.806574 0.589862 -0.038362 -0.023347 0.585864 0.810053 0.824885 0.564623 0.026887 0.824885 0.564623 0.026887 -0.023347 0.585864 0.810053 -0.041658 -0.568590 0.821528 0.806574 -0.589862 0.038362 0.806574 -0.589862 0.038362 -0.041658 -0.568590 0.821528 -0.824885 -0.564623 -0.026887 0.023347 -0.585864 -0.810053 0.824885 0.564623 0.026887 0.806574 -0.589862 0.038362 -0.023347 0.585864 0.810053 -0.041658 -0.568590 0.821528 " />
											<TextureCoordinate point="0.0352 0.0279 0.5351 0.0279 0.5351 0.4721 0.0352 0.4721 0.0352 0.0279 0.5351 0.0279 0.5351 0.4721 0.0352 0.4721 0.0352 0.0279 0.5351 0.0279 0.5351 0.4721 0.0352 0.4721 0.0352 0.0279 0.5351 0.0279 0.5351 0.4721 0.0352 0.4721 0.5351 0.0279 0.5351 0.4721 0.0352 0.0279 0.0352 0.4721 " />
										</IndexedTriangleSet>
									</Shape>
								</Group>
							</Transform>
						</Transform>
					</Transform>
					<Transform DEF="hand1_TRANSFORM"
					           translation="0.667705 0.013349 0.492392"
					           scale="1.000000 1.000000 1.000000"
					           rotation="0.000000 1.000000 0.000000 0.000000"
					           >
						<Transform DEF="hand1_ifs_TRANSFORM"
						           translation="0.000000 0.000000 0.000000"
						           scale="1.000000 1.000000 1.000000"
						           rotation="0.000000 1.000000 0.000000 0.000000"
						           >
							<Group DEF="group_ME_hand1">
								<Shape>
									<Appearance>
										<Material USE="MA_Body" />
									</Appearance>
									<IndexedTriangleSet solid="false"
									                    normalPerVertex="true"
									                    index="0 1 2 0 2 3 4 5 6 4 6 7 8 9 10 8 10 11 12 13 14 12 14 15 16 17 18 16 18 15 19 20 14 19 14 21 22 5 23 22 23 24 25 26 27 25 27 28 4 29 30 4 30 31 31 30 17 31 17 16 32 33 34 32 34 35 35 34 9 35 9 8 36 37 38 36 38 39 39 38 1 39 1 0 "
									                    >
										<Coordinate point="-0.360205 0.314023 0.347740 0.201101 0.259625 0.978289 0.208285 0.399750 0.983982 -0.353020 0.454148 0.353433 -0.353020 0.454148 0.353433 0.208285 0.399750 0.983982 0.960314 0.388432 0.313561 0.399009 0.442831 -0.316988 0.360205 -0.314023 -0.347740 0.921510 -0.368421 0.282809 0.914326 -0.508546 0.277116 0.353020 -0.454148 -0.353433 0.353020 -0.454148 -0.353433 0.914326 -0.508546 0.277116 0.162296 -0.497229 0.947537 -0.399009 -0.442831 0.316988 -0.391825 -0.302706 0.322682 0.360205 -0.314023 -0.347740 0.353020 -0.454148 -0.353433 0.921510 -0.368421 0.282809 0.169481 -0.357104 0.953231 0.914326 -0.508546 0.277116 0.960314 0.388432 0.313561 0.201101 0.259625 0.978289 0.953130 0.248308 0.307867 0.953130 0.248308 0.307867 0.201101 0.259625 0.978289 0.169481 -0.357104 0.953231 0.921510 -0.368421 0.282809 0.399009 0.442831 -0.316988 0.391825 0.302706 -0.322682 -0.360205 0.314023 0.347740 0.399009 0.442831 -0.316988 0.960314 0.388432 0.313561 0.953130 0.248308 0.307867 0.391825 0.302706 -0.322682 -0.399009 -0.442831 0.316988 0.162296 -0.497229 0.947537 0.169481 -0.357104 0.953231 -0.391825 -0.302706 0.322682 " />
										<Normal vector="-0.996948 0.053407 -0.056551 -0.058596 -0.037507 0.997559 -0.018281 0.545457 0.837916 -0.784478 0.619709 -0.022767 -0.784478 0.619709 -0.022767 -0.018281 0.545457 0.837916 0.843532 0.532487 0.069582 0.077364 0.606739 -0.791101 0.058596 0.037507 -0.997559 0.996948 -0.053407 0.056551 0.784478 -0.619709 0.022767 0.018281 -0.545457 -0.837916 0.018281 -0.545457 -0.837916 0.784478 -0.619709 0.022767 -0.077364 -0.606739 0.791101 -0.843532 -0.532487 -0.069582 -0.996948 0.053407 -0.056551 0.058596 0.037507 -0.997559 0.018281 -0.545457 -0.837916 0.996948 -0.053407 0.056551 -0.058596 -0.037507 0.997559 0.784478 -0.619709 0.022767 0.843532 0.532487 0.069582 -0.058596 -0.037507 0.997559 0.996948 -0.053407 0.056551 0.996948 -0.053407 0.056551 -0.058596 -0.037507 0.997559 -0.058596 -0.037507 0.997559 0.996948 -0.053407 0.056551 0.077364 0.606739 -0.791101 0.058596 0.037507 -0.997559 -0.996948 0.053407 -0.056551 0.077364 0.606739 -0.791101 0.843532 0.532487 0.069582 0.996948 -0.053407 0.056551 0.058596 0.037507 -0.997559 -0.843532 -0.532487 -0.069582 -0.077364 -0.606739 0.791101 -0.058596 -0.037507 0.997559 -0.996948 0.053407 -0.056551 " />
										<TextureCoordinate point="0.0352 0.8240 0.5351 0.8240 0.5351 0.9721 0.0352 0.9721 0.0352 0.5279 0.5351 0.5279 0.5351 0.9721 0.0352 0.9721 0.0352 0.8240 0.5351 0.8240 0.5351 0.9721 0.0352 0.9721 0.0352 0.5279 0.5351 0.5279 0.5351 0.9721 0.0352 0.9721 0.0352 0.8240 0.5351 0.8240 0.5351 0.9721 0.0352 0.8240 0.5351 0.8240 0.0352 0.9721 0.0352 0.5279 0.5351 0.6760 0.0352 0.6760 0.6123 0.0477 0.9580 0.0477 0.9580 0.4601 0.6123 0.4601 0.5351 0.5279 0.5351 0.6760 0.0352 0.6760 0.0352 0.5279 0.5351 0.5279 0.5351 0.6760 0.0352 0.6760 0.0352 0.5279 0.5351 0.5279 0.5351 0.6760 0.0352 0.6760 " />
									</IndexedTriangleSet>
								</Shape>
							</Group>
						</Transform>
						<Transform DEF="Cube_028_TRANSFORM"
						           translation="0.337979 -0.022814 0.135013"
						           scale="1.000000 1.000000 1.000000"
						           rotation="0.000000 1.000000 0.000000 0.000000"
						           >
							<Transform DEF="Cube_028_ifs_TRANSFORM"
							           translation="0.000000 0.000000 0.000000"
							           scale="1.000000 1.000000 1.000000"
							           rotation="0.000000 1.000000 0.000000 0.000000"
							           >
								<Group DEF="group_ME_Cube_004">
									<Shape>
										<Appearance>
											<Material USE="MA_Body" />
										</Appearance>
										<IndexedTriangleSet solid="false"
										                    normalPerVertex="true"
										                    index="0 1 2 0 2 3 4 5 6 4 6 7 8 9 10 8 10 11 12 13 14 12 14 15 16 17 18 16 18 15 19 20 14 19 14 21 22 5 23 22 23 24 24 23 20 24 20 19 4 25 26 4 26 27 27 26 17 27 17 16 28 29 30 28 30 31 31 30 9 31 9 8 32 33 34 32 34 35 36 37 38 36 38 39 "
										                    >
											<Coordinate point="-0.166494 0.286590 0.404656 0.598751 0.233248 0.757292 0.605870 0.372657 0.762931 -0.159375 0.425998 0.410295 -0.159375 0.425998 0.410295 0.605870 0.372657 0.762931 0.968805 0.385899 -0.022662 0.203560 0.439241 -0.375298 0.166494 -0.286590 -0.404656 0.931739 -0.339932 -0.052021 0.924620 -0.479340 -0.057660 0.159375 -0.425998 -0.410295 0.159375 -0.425998 -0.410295 0.924620 -0.479340 -0.057660 0.561685 -0.492583 0.727933 -0.203560 -0.439241 0.375298 -0.196441 -0.299832 0.380936 0.166494 -0.286590 -0.404656 0.159375 -0.425998 -0.410295 0.931739 -0.339932 -0.052021 0.568804 -0.353174 0.733572 0.924620 -0.479340 -0.057660 0.968805 0.385899 -0.022662 0.598751 0.233248 0.757292 0.961686 0.246491 -0.028301 0.203560 0.439241 -0.375298 0.196441 0.299833 -0.380936 -0.166494 0.286590 0.404656 0.203560 0.439241 -0.375298 0.968805 0.385899 -0.022662 0.961686 0.246491 -0.028301 0.196441 0.299833 -0.380936 -0.203560 -0.439241 0.375298 0.561685 -0.492583 0.727933 0.568804 -0.353174 0.733572 -0.196441 -0.299832 0.380936 -0.196441 -0.299832 0.380936 0.568804 -0.353174 0.733572 0.598751 0.233248 0.757292 -0.166494 0.286590 0.404656 " />
											<Normal vector="-0.937437 0.033845 0.346477 0.344371 -0.055483 0.937162 0.310617 0.530808 0.788507 -0.735984 0.603748 0.306192 -0.735984 0.603748 0.306192 0.310617 0.530808 0.788507 0.794824 0.548479 -0.259590 -0.251747 0.621418 -0.741874 -0.344371 0.055483 -0.937162 0.937437 -0.033845 -0.346477 0.735984 -0.603748 -0.306192 -0.310617 -0.530808 -0.788507 -0.310617 -0.530808 -0.788507 0.735984 -0.603748 -0.306192 0.251747 -0.621418 0.741874 -0.794824 -0.548479 0.259590 -0.937437 0.033845 0.346477 -0.344371 0.055483 -0.937162 -0.310617 -0.530808 -0.788507 0.937437 -0.033845 -0.346477 0.344371 -0.055483 0.937162 0.735984 -0.603748 -0.306192 0.794824 0.548479 -0.259590 0.344371 -0.055483 0.937162 0.937437 -0.033845 -0.346477 -0.251747 0.621418 -0.741874 -0.344371 0.055483 -0.937162 -0.937437 0.033845 0.346477 -0.251747 0.621418 -0.741874 0.794824 0.548479 -0.259590 0.937437 -0.033845 -0.346477 -0.344371 0.055483 -0.937162 -0.794824 -0.548479 0.259590 0.251747 -0.621418 0.741874 0.344371 -0.055483 0.937162 -0.937437 0.033845 0.346477 -0.937437 0.033845 0.346477 0.344371 -0.055483 0.937162 0.344371 -0.055483 0.937162 -0.937437 0.033845 0.346477 " />
											<TextureCoordinate point="0.0352 0.8240 0.5351 0.8240 0.5351 0.9721 0.0352 0.9721 0.0352 0.5279 0.5351 0.5279 0.5351 0.9721 0.0352 0.9721 0.0352 0.8240 0.5351 0.8240 0.5351 0.9721 0.0352 0.9721 0.0352 0.5279 0.5351 0.5279 0.5351 0.9721 0.0352 0.9721 0.0352 0.8240 0.5351 0.8240 0.5351 0.9721 0.0352 0.8240 0.5351 0.8240 0.0352 0.9721 0.0352 0.5279 0.5351 0.6760 0.0352 0.6760 0.5351 0.5279 0.5351 0.6760 0.0352 0.6760 0.0352 0.5279 0.5351 0.5279 0.5351 0.6760 0.0352 0.6760 0.0352 0.5279 0.5351 0.5279 0.5351 0.6760 0.0352 0.6760 0.6029 0.0613 0.9440 0.0613 0.9440 0.4231 0.6029 0.4231 " />
										</IndexedTriangleSet>
									</Shape>
								</Group>
							</Transform>
							<Transform DEF="Cube_029_TRANSFORM"
							           translation="0.584897 -0.039057 0.227151"
							           scale="1.000000 1.000000 1.000000"
							           rotation="0.000000 1.000000 0.000000 0.000000"
							           >
								<Transform DEF="Cube_029_ifs_TRANSFORM"
								           translation="0.000000 0.000000 0.000000"
								           scale="1.000000 1.000000 1.000000"
								           rotation="0.000000 1.000000 0.000000 0.000000"
								           >
									<Group DEF="group_ME_Cube_010">
										<Shape>
											<Appearance>
												<Material USE="MA_Body" />
											</Appearance>
											<IndexedTriangleSet solid="false"
											                    normalPerVertex="true"
											                    index="0 1 2 0 2 3 4 5 6 4 6 7 8 9 10 8 10 11 12 13 14 12 14 15 16 17 18 16 18 15 19 20 14 19 14 21 22 5 23 22 23 24 24 23 20 24 20 19 4 25 26 4 26 27 27 26 17 27 17 16 28 29 30 28 30 31 31 30 9 31 9 8 32 33 34 32 34 35 36 37 38 36 38 39 "
											                    >
												<Coordinate point="-0.324577 0.315991 0.279654 0.394647 0.242122 1.197882 0.400749 0.361611 1.202715 -0.318476 0.435480 0.284487 -0.318476 0.435480 0.284487 0.400749 0.361611 1.202715 1.081505 0.348458 0.668438 0.362281 0.422327 -0.249790 0.324577 -0.315991 -0.279654 1.043802 -0.389860 0.638574 1.037700 -0.509350 0.633741 0.318476 -0.435480 -0.284487 0.318476 -0.435480 -0.284487 1.037700 -0.509350 0.633741 0.356944 -0.496197 1.168018 -0.362281 -0.422327 0.249790 -0.356179 -0.302838 0.254623 0.324577 -0.315991 -0.279654 0.318476 -0.435480 -0.284487 1.043802 -0.389860 0.638574 0.363046 -0.376707 1.172851 1.037700 -0.509350 0.633741 1.081505 0.348458 0.668438 0.394647 0.242122 1.197882 1.075403 0.228969 0.663605 0.362281 0.422327 -0.249790 0.356179 0.302838 -0.254623 -0.324577 0.315991 0.279654 0.362281 0.422327 -0.249790 1.081505 0.348458 0.668438 1.075403 0.228969 0.663605 0.356179 0.302838 -0.254623 -0.362281 -0.422327 0.249790 0.356944 -0.496197 1.168018 0.363046 -0.376707 1.172851 -0.356179 -0.302838 0.254623 -0.356179 -0.302838 0.254623 0.363046 -0.376707 1.172851 0.394647 0.242122 1.197882 -0.324577 0.315991 0.279654 " />
												<Normal vector="-0.991333 0.055422 -0.119022 -0.121006 -0.033937 0.992065 -0.069399 0.548387 0.833308 -0.779992 0.621387 -0.073885 -0.779992 0.621387 -0.073885 -0.069399 0.548387 0.833308 0.838832 0.530839 0.120487 0.128239 0.603839 -0.786706 0.121006 0.033937 -0.992065 0.991333 -0.055422 0.119022 0.779992 -0.621387 0.073885 0.069399 -0.548387 -0.833308 0.069399 -0.548387 -0.833308 0.779992 -0.621387 0.073885 -0.128239 -0.603839 0.786706 -0.838832 -0.530839 -0.120487 -0.991333 0.055422 -0.119022 0.121006 0.033937 -0.992065 0.069399 -0.548387 -0.833308 0.991333 -0.055422 0.119022 -0.121006 -0.033937 0.992065 0.779992 -0.621387 0.073885 0.838832 0.530839 0.120487 -0.121006 -0.033937 0.992065 0.991333 -0.055422 0.119022 0.128239 0.603839 -0.786706 0.121006 0.033937 -0.992065 -0.991333 0.055422 -0.119022 0.128239 0.603839 -0.786706 0.838832 0.530839 0.120487 0.991333 -0.055422 0.119022 0.121006 0.033937 -0.992065 -0.838832 -0.530839 -0.120487 -0.128239 -0.603839 0.786706 -0.121006 -0.033937 0.992065 -0.991333 0.055422 -0.119022 -0.991333 0.055422 -0.119022 -0.121006 -0.033937 0.992065 -0.121006 -0.033937 0.992065 -0.991333 0.055422 -0.119022 " />
												<TextureCoordinate point="0.0352 0.8240 0.5351 0.8240 0.5351 0.9721 0.0352 0.9721 0.0352 0.5279 0.5351 0.5279 0.5351 0.9721 0.0352 0.9721 0.0352 0.8240 0.5351 0.8240 0.5351 0.9721 0.0352 0.9721 0.0352 0.5279 0.5351 0.5279 0.5351 0.9721 0.0352 0.9721 0.0352 0.8240 0.5351 0.8240 0.5351 0.9721 0.0352 0.8240 0.5351 0.8240 0.0352 0.9721 0.0352 0.5279 0.5351 0.6760 0.0352 0.6760 0.5351 0.5279 0.5351 0.6760 0.0352 0.6760 0.0352 0.5279 0.5351 0.5279 0.5351 0.6760 0.0352 0.6760 0.0352 0.5279 0.5351 0.5279 0.5351 0.6760 0.0352 0.6760 0.6029 0.0613 0.9440 0.0613 0.9440 0.4231 0.6029 0.4231 " />
											</IndexedTriangleSet>
										</Shape>
									</Group>
								</Transform>
								<Transform DEF="Cube_030_TRANSFORM"
								           translation="0.516722 -0.053071 0.659696"
								           scale="1.000000 1.000000 1.000000"
								           rotation="0.000000 1.000000 0.000000 0.000000"
								           >
									<Transform DEF="Cube_030_ifs_TRANSFORM"
									           translation="0.000000 0.000000 0.000000"
									           scale="1.000000 1.000000 1.000000"
									           rotation="0.000000 1.000000 0.000000 0.000000"
									           >
										<Group DEF="group_ME_Cube_011">
											<Shape>
												<Appearance>
													<Material USE="MA_Body" />
												</Appearance>
												<IndexedTriangleSet solid="false"
												                    normalPerVertex="true"
												                    index="0 1 2 0 2 3 4 5 6 4 6 7 8 9 10 8 10 11 12 13 14 12 14 15 16 17 18 16 18 15 19 20 14 19 14 21 22 5 23 22 23 24 24 23 20 24 20 19 4 25 26 4 26 27 27 26 17 27 17 16 28 29 30 28 30 31 31 30 9 31 9 8 32 33 34 32 34 35 36 37 38 36 38 39 "
												                    >
													<Coordinate point="-0.164082 0.280136 -0.108841 -0.756832 0.274815 0.771056 -0.751657 0.376150 0.775155 -0.158907 0.381471 -0.104742 -0.158907 0.381471 -0.104742 -0.751657 0.376150 0.775155 -0.396302 0.348327 1.014374 0.196447 0.353648 0.134477 0.164082 -0.280136 0.108841 -0.428667 -0.285457 0.988739 -0.433842 -0.386792 0.984640 0.158907 -0.381471 0.104742 0.158907 -0.381471 0.104742 -0.433842 -0.386792 0.984640 -0.789197 -0.358969 0.745421 -0.196447 -0.353648 -0.134477 -0.191272 -0.252314 -0.130378 0.164082 -0.280136 0.108841 0.158907 -0.381471 0.104742 -0.428667 -0.285457 0.988739 -0.784022 -0.257635 0.749519 -0.433842 -0.386792 0.984640 -0.396302 0.348327 1.014374 -0.756832 0.274815 0.771056 -0.401477 0.246993 1.010275 0.196447 0.353648 0.134477 0.191273 0.252314 0.130378 -0.164082 0.280136 -0.108841 0.196447 0.353648 0.134477 -0.396302 0.348327 1.014374 -0.401477 0.246993 1.010275 0.191273 0.252314 0.130378 -0.196447 -0.353648 -0.134477 -0.789197 -0.358969 0.745421 -0.784022 -0.257635 0.749519 -0.191272 -0.252314 -0.130378 -0.191272 -0.252314 -0.130378 -0.784022 -0.257635 0.749519 -0.756832 0.274815 0.771056 -0.164082 0.280136 -0.108841 " />
													<Normal vector="-0.190283 0.049348 -0.980468 -0.980377 0.042268 0.192389 -0.771050 0.610645 0.180395 -0.125919 0.616443 -0.777245 -0.125919 0.616443 -0.777245 -0.771050 0.610645 0.180395 0.184759 0.535783 0.823847 0.829890 0.541581 -0.133763 0.980377 -0.042268 -0.192389 0.190283 -0.049348 0.980468 0.125919 -0.616443 0.777245 0.771050 -0.610645 -0.180395 0.771050 -0.610645 -0.180395 0.125919 -0.616443 0.777245 -0.829890 -0.541581 0.133763 -0.184759 -0.535813 -0.823847 -0.190283 0.049348 -0.980468 0.980377 -0.042268 -0.192389 0.771050 -0.610645 -0.180395 0.190283 -0.049348 0.980468 -0.980377 0.042268 0.192389 0.125919 -0.616443 0.777245 0.184759 0.535783 0.823847 -0.980377 0.042268 0.192389 0.190283 -0.049348 0.980468 0.829890 0.541581 -0.133763 0.980377 -0.042268 -0.192389 -0.190283 0.049348 -0.980468 0.829890 0.541581 -0.133763 0.184759 0.535783 0.823847 0.190283 -0.049348 0.980468 0.980377 -0.042268 -0.192389 -0.184759 -0.535813 -0.823847 -0.829890 -0.541581 0.133763 -0.980377 0.042268 0.192389 -0.190283 0.049348 -0.980468 -0.190283 0.049348 -0.980468 -0.980377 0.042268 0.192389 -0.980377 0.042268 0.192389 -0.190283 0.049348 -0.980468 " />
													<TextureCoordinate point="0.0352 0.8240 0.5351 0.8240 0.5351 0.9721 0.0352 0.9721 0.0352 0.5279 0.5351 0.5279 0.5351 0.9721 0.0352 0.9721 0.0352 0.8240 0.5351 0.8240 0.5351 0.9721 0.0352 0.9721 0.0352 0.5279 0.5351 0.5279 0.5351 0.9721 0.0352 0.9721 0.0352 0.8240 0.5351 0.8240 0.5351 0.9721 0.0352 0.8240 0.5351 0.8240 0.0352 0.9721 0.0352 0.5279 0.5351 0.6760 0.0352 0.6760 0.5351 0.5279 0.5351 0.6760 0.0352 0.6760 0.0352 0.5279 0.5351 0.5279 0.5351 0.6760 0.0352 0.6760 0.0352 0.5279 0.5351 0.5279 0.5351 0.6760 0.0352 0.6760 0.6264 0.4593 0.6264 0.0407 0.9595 0.0407 0.9595 0.4593 " />
												</IndexedTriangleSet>
											</Shape>
										</Group>
									</Transform>
									<Transform DEF="Cube_031_TRANSFORM"
									           translation="-0.417660 -0.011580 0.812862"
									           scale="1.000000 1.000000 1.000000"
									           rotation="0.000000 1.000000 0.000000 0.000000"
									           >
										<Transform DEF="Cube_031_ifs_TRANSFORM"
										           translation="0.000000 0.000000 0.000000"
										           scale="1.000000 1.000000 1.000000"
										           rotation="0.000000 1.000000 0.000000 0.000000"
										           >
											<Group DEF="group_ME_Cube_012">
												<Shape>
													<Appearance>
														<Material USE="MA_Body" />
													</Appearance>
													<IndexedTriangleSet solid="false"
													                    normalPerVertex="true"
													                    index="0 1 2 0 2 3 4 5 6 4 6 7 8 9 10 8 10 11 12 13 14 12 14 15 4 16 17 4 17 15 18 5 14 18 14 19 "
													                    >
														<Coordinate point="-0.038886 -0.165181 -0.140245 -0.431373 -0.148758 -0.050763 -0.413795 0.195461 -0.036840 -0.021308 0.179038 -0.126322 -0.021308 0.179038 -0.126322 -0.413795 0.195461 -0.036840 -0.353601 0.181605 0.229728 0.038886 0.165181 0.140245 0.038886 0.165181 0.140245 -0.353601 0.181605 0.229728 -0.371179 -0.162614 0.215805 0.021308 -0.179038 0.126322 0.021308 -0.179038 0.126322 -0.371179 -0.162614 0.215805 -0.431373 -0.148758 -0.050763 -0.038886 -0.165181 -0.140245 0.038886 0.165181 0.140245 0.021308 -0.179038 0.126322 -0.353601 0.181605 0.229728 -0.371179 -0.162614 0.215805 " />
														<Normal vector="0.405988 -0.570421 -0.713981 -0.718863 -0.523331 -0.457503 -0.660024 0.628895 -0.410901 0.464827 0.581805 -0.667348 0.464827 0.581805 -0.667348 -0.660024 0.628895 -0.410901 -0.405988 0.570421 0.713981 0.718863 0.523331 0.457503 0.718863 0.523331 0.457503 -0.405988 0.570421 0.713981 -0.464827 -0.581805 0.667348 0.660024 -0.628895 0.410901 0.660024 -0.628895 0.410901 -0.464827 -0.581805 0.667348 -0.718863 -0.523331 -0.457503 0.405988 -0.570421 -0.713981 0.718863 0.523331 0.457503 0.660024 -0.628895 0.410901 -0.405988 0.570421 0.713981 -0.464827 -0.581805 0.667348 " />
														<TextureCoordinate point="0.0352 0.5279 0.5351 0.5279 0.5351 0.9721 0.0352 0.9721 0.0352 0.5279 0.5351 0.5279 0.5351 0.9721 0.0352 0.9721 0.0352 0.5279 0.5351 0.5279 0.5351 0.9721 0.0352 0.9721 0.0352 0.5279 0.5351 0.5279 0.5351 0.9721 0.0352 0.9721 0.5351 0.5279 0.5351 0.9721 0.0352 0.5279 0.0352 0.9721 " />
													</IndexedTriangleSet>
												</Shape>
											</Group>
										</Transform>
									</Transform>
								</Transform>
							</Transform>
						</Transform>
						<Transform DEF="Cube_032_TRANSFORM"
						           translation="1.783518 -0.134353 1.067570"
						           scale="1.000000 1.000000 1.000000"
						           rotation="0.000000 1.000000 0.000000 0.000000"
						           >
							<Transform DEF="Cube_032_ifs_TRANSFORM"
							           translation="0.000000 0.000000 0.000000"
							           scale="1.000000 1.000000 1.000000"
							           rotation="0.000000 1.000000 0.000000 0.000000"
							           >
								<Group DEF="group_ME_Cube_014">
									<Shape>
										<Appearance>
											<Material USE="MA_Body" />
										</Appearance>
										<IndexedTriangleSet solid="false"
										                    normalPerVertex="true"
										                    index="0 1 2 0 2 3 4 5 6 4 6 7 8 9 10 8 10 11 12 13 14 12 14 15 4 16 17 4 17 15 18 5 14 18 14 19 "
										                    >
											<Coordinate point="-0.196744 -0.195575 -0.114598 -0.722980 -0.205962 0.806580 -0.701596 0.212775 0.823517 -0.175361 0.223163 -0.097661 -0.175361 0.223163 -0.097661 -0.701596 0.212775 0.823517 -0.329491 0.185188 1.035776 0.196744 0.195575 0.114598 0.196744 0.195575 0.114598 -0.329491 0.185188 1.035776 -0.350875 -0.233550 1.018839 0.175361 -0.223163 0.097661 0.175361 -0.223163 0.097661 -0.350875 -0.233550 1.018839 -0.722980 -0.205962 0.806580 -0.196744 -0.195575 -0.114598 0.196744 0.195575 0.114598 0.175361 -0.223163 0.097661 -0.329491 0.185188 1.035776 -0.350875 -0.233550 1.018839 " />
											<Normal vector="-0.243507 -0.533372 -0.810053 -0.816248 -0.544664 0.192511 -0.757408 0.607562 0.239113 -0.184667 0.618885 -0.763451 -0.184667 0.618885 -0.763451 -0.757408 0.607562 0.239113 0.243507 0.533372 0.810053 0.816248 0.544664 -0.192511 0.816248 0.544664 -0.192511 0.243507 0.533372 0.810053 0.184667 -0.618885 0.763451 0.757408 -0.607562 -0.239113 0.757408 -0.607562 -0.239113 0.184667 -0.618885 0.763451 -0.816248 -0.544664 0.192511 -0.243507 -0.533372 -0.810053 0.816248 0.544664 -0.192511 0.757408 -0.607562 -0.239113 0.243507 0.533372 0.810053 0.184667 -0.618885 0.763451 " />
											<TextureCoordinate point="0.0352 0.5279 0.5351 0.5279 0.5351 0.9721 0.0352 0.9721 0.0352 0.5279 0.5351 0.5279 0.5351 0.9721 0.0352 0.9721 0.0352 0.5279 0.5351 0.5279 0.5351 0.9721 0.0352 0.9721 0.0352 0.5279 0.5351 0.5279 0.5351 0.9721 0.0352 0.9721 0.5351 0.5279 0.5351 0.9721 0.0352 0.5279 0.0352 0.9721 " />
										</IndexedTriangleSet>
									</Shape>
								</Group>
							</Transform>
						</Transform>
						<Transform DEF="Cube_033_TRANSFORM"
						           translation="1.058264 -0.063150 0.170635"
						           scale="1.000000 1.000000 1.000000"
						           rotation="0.000000 1.000000 0.000000 0.000000"
						           >
							<Transform DEF="Cube_033_ifs_TRANSFORM"
							           translation="0.000000 0.000000 0.000000"
							           scale="1.000000 1.000000 1.000000"
							           rotation="0.000000 1.000000 0.000000 0.000000"
							           >
								<Group DEF="group_ME_Cube_015">
									<Shape>
										<Appearance>
											<Material USE="MA_Body" />
										</Appearance>
										<IndexedTriangleSet solid="false"
										                    normalPerVertex="true"
										                    index="0 1 2 0 2 3 4 5 6 4 6 7 8 9 10 8 10 11 12 13 14 12 14 15 4 16 17 4 17 15 18 5 14 18 14 19 "
										                    >
											<Coordinate point="0.210800 -0.288200 0.139164 0.365798 -0.286741 -0.092598 0.393441 0.254575 -0.070703 0.238443 0.253115 0.161060 0.238443 0.253115 0.161060 0.393441 0.254575 -0.070703 -0.055803 0.289660 -0.370927 -0.210800 0.288200 -0.139164 -0.210800 0.288200 -0.139164 -0.055803 0.289660 -0.370927 -0.083446 -0.251656 -0.392822 -0.238443 -0.253115 -0.161060 -0.238443 -0.253115 -0.161060 -0.083446 -0.251656 -0.392822 0.365798 -0.286741 -0.092598 0.210800 -0.288200 0.139164 -0.210800 0.288200 -0.139164 -0.238443 -0.253115 -0.161060 -0.055803 0.289660 -0.370927 -0.083446 -0.251656 -0.392822 " />
											<Normal vector="0.128636 -0.616535 0.776696 0.770531 -0.610492 -0.183081 0.829371 0.541734 -0.136479 0.187475 0.535691 0.823328 0.187475 0.535691 0.823328 0.829371 0.541734 -0.136479 -0.128636 0.616535 -0.776696 -0.770531 0.610492 0.183081 -0.770531 0.610492 0.183081 -0.128636 0.616535 -0.776696 -0.187475 -0.535691 -0.823328 -0.829371 -0.541734 0.136479 -0.829371 -0.541734 0.136479 -0.187475 -0.535691 -0.823328 0.770531 -0.610492 -0.183081 0.128636 -0.616535 0.776696 -0.770531 0.610492 0.183081 -0.829371 -0.541734 0.136479 -0.128636 0.616535 -0.776696 -0.187475 -0.535691 -0.823328 " />
											<TextureCoordinate point="0.0352 0.5279 0.5351 0.5279 0.5351 0.9721 0.0352 0.9721 0.0352 0.5279 0.5351 0.5279 0.5351 0.9721 0.0352 0.9721 0.0352 0.5279 0.5351 0.5279 0.5351 0.9721 0.0352 0.9721 0.0352 0.5279 0.5351 0.5279 0.5351 0.9721 0.0352 0.9721 0.5351 0.5279 0.5351 0.9721 0.0352 0.5279 0.0352 0.9721 " />
										</IndexedTriangleSet>
									</Shape>
								</Group>
							</Transform>
						</Transform>
						<Transform DEF="Cube_034_TRANSFORM"
						           translation="-0.175314 -0.005322 0.350985"
						           scale="1.000000 1.000000 1.000000"
						           rotation="0.000000 1.000000 0.000000 0.000000"
						           >
							<Transform DEF="Cube_034_ifs_TRANSFORM"
							           translation="0.000000 0.000000 0.000000"
							           scale="1.000000 1.000000 1.000000"
							           rotation="0.000000 1.000000 0.000000 0.000000"
							           >
								<Group DEF="group_ME_Cube_016">
									<Shape>
										<Appearance>
											<Material USE="MA_Body" />
										</Appearance>
										<IndexedTriangleSet solid="false"
										                    normalPerVertex="true"
										                    index="0 1 2 0 2 3 4 5 6 4 6 7 8 9 10 8 10 11 12 13 14 12 14 15 4 16 17 4 17 15 18 5 14 18 14 19 "
										                    >
											<Coordinate point="-0.168951 -0.320928 0.012517 -0.099265 -0.341154 0.434526 -0.066312 0.314020 0.460485 -0.135998 0.334246 0.038476 -0.135998 0.334246 0.038476 -0.066312 0.314020 0.460485 0.238637 0.300702 0.409491 0.168951 0.320928 -0.012517 0.168951 0.320928 -0.012517 0.238637 0.300702 0.409491 0.205683 -0.354471 0.383532 0.135998 -0.334246 -0.038476 0.135998 -0.334246 -0.038476 0.205683 -0.354471 0.383532 -0.099265 -0.341154 0.434526 -0.168951 -0.320928 0.012517 0.168951 0.320928 -0.012517 0.135998 -0.334246 -0.038476 0.238637 0.300702 0.409491 0.205683 -0.354471 0.383532 " />
											<Normal vector="-0.691824 -0.524033 -0.496689 -0.503922 -0.578570 0.641285 -0.445967 0.573717 0.686941 -0.633869 0.628285 -0.451033 -0.633869 0.628285 -0.451033 -0.445967 0.573717 0.686941 0.691824 0.524033 0.496689 0.503922 0.578570 -0.641285 0.503922 0.578570 -0.641285 0.691824 0.524033 0.496689 0.633869 -0.628285 0.451033 0.445967 -0.573717 -0.686941 0.445967 -0.573717 -0.686941 0.633869 -0.628285 0.451033 -0.503922 -0.578570 0.641285 -0.691824 -0.524033 -0.496689 0.503922 0.578570 -0.641285 0.445967 -0.573717 -0.686941 0.691824 0.524033 0.496689 0.633869 -0.628285 0.451033 " />
											<TextureCoordinate point="0.0352 0.5279 0.5351 0.5279 0.5351 0.9721 0.0352 0.9721 0.0352 0.5279 0.5351 0.5279 0.5351 0.9721 0.0352 0.9721 0.0352 0.5279 0.5351 0.5279 0.5351 0.9721 0.0352 0.9721 0.0352 0.5279 0.5351 0.5279 0.5351 0.9721 0.0352 0.9721 0.5351 0.5279 0.5351 0.9721 0.0352 0.5279 0.0352 0.9721 " />
										</IndexedTriangleSet>
									</Shape>
								</Group>
							</Transform>
						</Transform>
						<Transform DEF="p1_TRANSFORM"
						           translation="0.092886 -0.031560 0.672749"
						           scale="1.000000 1.000000 1.000000"
						           rotation="0.000000 1.000000 0.000000 0.000000"
						           >
							<Transform DEF="p1_ifs_TRANSFORM"
							           translation="0.000000 0.000000 0.000000"
							           scale="1.000000 1.000000 1.000000"
							           rotation="0.000000 1.000000 0.000000 0.000000"
							           >
								<Group DEF="group_ME_p1">
									<Shape>
										<Appearance>
											<Material USE="MA_Body" />
										</Appearance>
										<IndexedTriangleSet solid="false"
										                    normalPerVertex="true"
										                    index="0 1 2 0 2 3 4 5 6 4 6 7 8 9 10 8 10 11 12 13 14 12 14 15 4 16 17 4 17 15 18 5 14 18 14 19 "
										                    >
											<Coordinate point="-0.277093 -0.283823 -0.003956 -0.261885 -0.306313 0.544367 -0.232038 0.287087 0.567879 -0.247247 0.309578 0.019556 -0.247247 0.309578 0.019556 -0.232038 0.287087 0.567879 0.292302 0.261332 0.552279 0.277093 0.283823 0.003956 0.277093 0.283823 0.003956 0.292302 0.261332 0.552279 0.262456 -0.332068 0.528767 0.247247 -0.309578 -0.019556 0.247247 -0.309578 -0.019556 0.262456 -0.332068 0.528767 -0.261885 -0.306313 0.544367 -0.277093 -0.283823 -0.003956 0.277093 0.283823 0.003956 0.247247 -0.309578 -0.019556 0.292302 0.261332 0.552279 0.262456 -0.332068 0.528767 " />
											<Normal vector="-0.621357 -0.524186 -0.582324 -0.589373 -0.571490 0.570940 -0.531419 0.580828 0.616596 -0.563402 0.628132 -0.536637 -0.563402 0.628132 -0.536637 -0.531419 0.580828 0.616596 0.621357 0.524186 0.582324 0.589373 0.571490 -0.570940 0.589373 0.571490 -0.570940 0.621357 0.524186 0.582324 0.563402 -0.628132 0.536637 0.531419 -0.580828 -0.616596 0.531419 -0.580828 -0.616596 0.563402 -0.628132 0.536637 -0.589373 -0.571490 0.570940 -0.621357 -0.524186 -0.582324 0.589373 0.571490 -0.570940 0.531419 -0.580828 -0.616596 0.621357 0.524186 0.582324 0.563402 -0.628132 0.536637 " />
											<TextureCoordinate point="0.0352 0.5279 0.5351 0.5279 0.5351 0.9721 0.0352 0.9721 0.0352 0.5279 0.5351 0.5279 0.5351 0.9721 0.0352 0.9721 0.5850 0.0357 0.9775 0.0357 0.9775 0.4799 0.5850 0.4799 0.0352 0.5279 0.5351 0.5279 0.5351 0.9721 0.0352 0.9721 0.5351 0.5279 0.5351 0.9721 0.0352 0.5279 0.0352 0.9721 " />
										</IndexedTriangleSet>
									</Shape>
								</Group>
							</Transform>
							<Transform DEF="Cube_036_TRANSFORM"
							           translation="-0.027289 -0.015150 0.417016"
							           scale="1.000000 1.000000 1.000000"
							           rotation="0.000000 1.000000 0.000000 0.000000"
							           >
								<Transform DEF="Cube_036_ifs_TRANSFORM"
								           translation="0.000000 0.000000 0.000000"
								           scale="1.000000 1.000000 1.000000"
								           rotation="0.000000 1.000000 0.000000 0.000000"
								           >
									<Group DEF="group_ME_Cube_022">
										<Shape>
											<Appearance>
												<Material USE="MA_Body" />
											</Appearance>
											<IndexedTriangleSet solid="false"
											                    normalPerVertex="true"
											                    index="0 1 2 0 2 3 4 5 6 4 6 7 8 9 10 8 10 11 12 13 14 12 14 15 4 16 17 4 17 15 18 5 14 18 14 19 "
											                    >
												<Coordinate point="-0.187648 -0.236765 0.081019 0.157831 -0.280752 0.752638 0.182175 0.203250 0.771815 -0.163304 0.247237 0.100196 -0.163304 0.247237 0.100196 0.182175 0.203250 0.771815 0.533127 0.192778 0.590600 0.187648 0.236765 -0.081019 0.187648 0.236765 -0.081019 0.533127 0.192778 0.590600 0.508783 -0.291224 0.571423 0.163304 -0.247237 -0.100196 0.163304 -0.247237 -0.100196 0.508783 -0.291224 0.571423 0.157831 -0.280752 0.752638 -0.187648 -0.236765 0.081019 0.187648 0.236765 -0.081019 0.163304 -0.247237 -0.100196 0.533127 0.192778 0.590600 0.508783 -0.291224 0.571423 " />
												<Normal vector="-0.805444 -0.527299 -0.270547 -0.278146 -0.594409 0.754479 -0.220161 0.557878 0.800134 -0.747459 0.625019 -0.224891 -0.747459 0.625019 -0.224891 -0.220161 0.557878 0.800134 0.805444 0.527299 0.270547 0.278146 0.594409 -0.754479 0.278146 0.594409 -0.754479 0.805444 0.527299 0.270547 0.747459 -0.625019 0.224891 0.220161 -0.557878 -0.800134 0.220161 -0.557878 -0.800134 0.747459 -0.625019 0.224891 -0.278146 -0.594409 0.754479 -0.805444 -0.527299 -0.270547 0.278146 0.594409 -0.754479 0.220161 -0.557878 -0.800134 0.805444 0.527299 0.270547 0.747459 -0.625019 0.224891 " />
												<TextureCoordinate point="0.0352 0.5279 0.5351 0.5279 0.5351 0.9721 0.0352 0.9721 0.0352 0.5279 0.5351 0.5279 0.5351 0.9721 0.0352 0.9721 0.5850 0.0357 0.9775 0.0357 0.9775 0.4799 0.5850 0.4799 0.0352 0.5279 0.5351 0.5279 0.5351 0.9721 0.0352 0.9721 0.5351 0.5279 0.5351 0.9721 0.0352 0.5279 0.0352 0.9721 " />
											</IndexedTriangleSet>
										</Shape>
									</Group>
								</Transform>
							</Transform>
						</Transform>
					</Transform>
				</Transform>
			</Transform>
			<Transform DEF="arm2_TRANSFORM"
			           translation="-0.911903 -0.075612 0.631654"
			           scale="1.000000 1.000000 1.000000"
			           rotation="0.000000 1.000000 0.000000 0.000000"
			           >
				<Transform DEF="arm2_ifs_TRANSFORM"
				           translation="0.000000 0.000000 0.000000"
				           scale="1.000000 1.000000 1.000000"
				           rotation="0.000000 1.000000 0.000000 0.000000"
				           >
					<Group DEF="group_ME_arm2">
						<Shape>
							<Appearance>
								<Material USE="MA_Body" />
							</Appearance>
							<IndexedTriangleSet solid="false"
							                    normalPerVertex="true"
							                    index="0 1 2 0 2 3 4 5 6 4 6 7 8 9 10 8 10 11 12 13 14 12 14 15 4 13 16 4 16 17 18 19 14 18 14 7 "
							                    >
								<Coordinate point="-0.009457 -0.186821 -0.047690 -0.035066 0.069069 -0.176821 0.009457 0.186821 0.047690 0.035066 -0.069069 0.176821 -0.035066 0.069069 -0.176821 -0.210213 0.069069 -0.142087 -0.165690 0.186821 0.082424 0.009457 0.186821 0.047690 -0.210213 0.069069 -0.142087 -0.184605 -0.186821 -0.012956 -0.140082 -0.069069 0.211554 -0.165690 0.186821 0.082424 -0.184605 -0.186821 -0.012956 -0.009457 -0.186821 -0.047690 0.035066 -0.069069 0.176821 -0.140082 -0.069069 0.211554 -0.184605 -0.186821 -0.012956 -0.210213 0.069069 -0.142087 -0.165690 0.186821 0.082424 -0.140082 -0.069069 0.211554 " />
								<Normal vector="0.517808 -0.777490 -0.356792 0.415052 0.249245 -0.874966 0.614795 0.777490 0.132176 0.717551 -0.249245 0.650349 0.415052 0.249245 -0.874966 -0.717551 0.249245 -0.650349 -0.517808 0.777490 0.356792 0.614795 0.777490 0.132176 -0.717551 0.249245 -0.650349 -0.614795 -0.777490 -0.132176 -0.415052 -0.249245 0.874966 -0.517808 0.777490 0.356792 -0.614795 -0.777490 -0.132176 0.517808 -0.777490 -0.356792 0.717551 -0.249245 0.650349 -0.415052 -0.249245 0.874966 -0.614795 -0.777490 -0.132176 -0.717551 0.249245 -0.650349 -0.517808 0.777490 0.356792 -0.415052 -0.249245 0.874966 " />
								<TextureCoordinate point="0.0352 0.0279 0.0352 0.4721 0.5351 0.4721 0.5351 0.0279 0.0352 0.0279 0.0352 0.4721 0.5351 0.4721 0.5351 0.0279 0.0352 0.0279 0.0352 0.4721 0.5351 0.4721 0.5351 0.0279 0.0352 0.0279 0.0352 0.4721 0.5351 0.4721 0.5351 0.0279 0.5351 0.4721 0.5351 0.0279 0.0352 0.0279 0.0352 0.4721 " />
							</IndexedTriangleSet>
						</Shape>
					</Group>
				</Transform>
				<Transform DEF="Cube_037_TRANSFORM"
				           translation="-0.039694 0.000000 0.007872"
				           scale="1.000000 1.000000 1.000000"
				           rotation="0.000000 1.000000 0.000000 0.000000"
				           >
					<Transform DEF="Cube_037_ifs_TRANSFORM"
					           translation="0.000000 0.000000 0.000000"
					           scale="1.000000 1.000000 1.000000"
					           rotation="0.000000 1.000000 0.000000 0.000000"
					           >
						<Group DEF="group_ME_Cube_023">
							<Shape>
								<Appearance>
									<Material USE="MA_Body" />
								</Appearance>
								<IndexedTriangleSet solid="false"
								                    normalPerVertex="true"
								                    index="0 1 2 0 2 3 4 5 6 4 6 7 8 9 10 8 10 11 12 13 14 12 14 15 4 13 16 4 16 17 18 19 14 18 14 7 "
								                    >
									<Coordinate point="-0.020897 -0.120596 -0.105374 -0.020992 0.120157 -0.105855 0.020897 0.120596 0.105374 0.020992 -0.120157 0.105855 -0.020992 0.120157 -0.105855 -0.787053 0.120157 0.046063 -0.745164 0.120596 0.257293 0.020897 0.120596 0.105374 -0.787053 0.120157 0.046063 -0.786958 -0.120595 0.046544 -0.745069 -0.120157 0.257774 -0.745164 0.120596 0.257293 -0.786958 -0.120595 0.046544 -0.020897 -0.120596 -0.105374 0.020992 -0.120157 0.105855 -0.745069 -0.120157 0.257774 -0.786958 -0.120595 0.046544 -0.787053 0.120157 0.046063 -0.745164 0.120596 0.257293 -0.745069 -0.120157 0.257774 " />
									<Normal vector="0.454237 -0.578509 -0.677450 0.453780 0.576159 -0.679769 0.678396 0.578509 0.452834 0.678854 -0.576159 0.455153 0.453780 0.576159 -0.679769 -0.678854 0.576159 -0.455153 -0.454237 0.578509 0.677450 0.678396 0.578509 0.452834 -0.678854 0.576159 -0.455153 -0.678396 -0.578509 -0.452834 -0.453780 -0.576159 0.679769 -0.454237 0.578509 0.677450 -0.678396 -0.578509 -0.452834 0.454237 -0.578509 -0.677450 0.678854 -0.576159 0.455153 -0.453780 -0.576159 0.679769 -0.678396 -0.578509 -0.452834 -0.678854 0.576159 -0.455153 -0.454237 0.578509 0.677450 -0.453780 -0.576159 0.679769 " />
									<TextureCoordinate point="0.0352 0.0279 0.0352 0.4721 0.5351 0.4721 0.5351 0.0279 0.0352 0.0279 0.0352 0.4721 0.5351 0.4721 0.5351 0.0279 0.0352 0.0279 0.0352 0.4721 0.5351 0.4721 0.5351 0.0279 0.0352 0.0279 0.0352 0.4721 0.5351 0.4721 0.5351 0.0279 0.5351 0.4721 0.5351 0.0279 0.0352 0.0279 0.0352 0.4721 " />
								</IndexedTriangleSet>
							</Shape>
						</Group>
					</Transform>
					<Transform DEF="Cube_038_TRANSFORM"
					           translation="-0.739963 0.007181 0.124317"
					           scale="1.000000 1.000000 1.000000"
					           rotation="0.000000 1.000000 0.000000 0.000000"
					           >
						<Transform DEF="Cube_038_ifs_TRANSFORM"
						           translation="0.000000 0.000000 0.000000"
						           scale="1.000000 1.000000 1.000000"
						           rotation="0.000000 1.000000 0.000000 0.000000"
						           >
							<Group DEF="group_ME_Cube_024">
								<Shape>
									<Appearance>
										<Material USE="MA_Body" />
									</Appearance>
									<IndexedTriangleSet solid="false"
									                    normalPerVertex="true"
									                    index="0 1 2 0 2 3 4 5 6 4 6 7 8 9 10 8 10 11 12 13 14 12 14 15 4 13 16 4 16 17 18 19 14 18 14 7 "
									                    >
										<Coordinate point="-0.069942 -0.149381 -0.122236 -0.052762 0.146590 -0.133701 0.069942 0.149381 0.122236 0.052762 -0.146590 0.133701 -0.052762 0.146590 -0.133701 -0.189526 0.157064 -0.068246 -0.066822 0.159856 0.187690 0.069942 0.149381 0.122236 -0.189526 0.157064 -0.068246 -0.206706 -0.138907 -0.056781 -0.084003 -0.136115 0.199156 -0.066822 0.159856 0.187690 -0.206706 -0.138907 -0.056781 -0.069942 -0.149381 -0.122236 0.052762 -0.146590 0.133701 -0.084003 -0.136115 0.199156 -0.206706 -0.138907 -0.056781 -0.189526 0.157064 -0.068246 -0.066822 0.159856 0.187690 -0.084003 -0.136115 0.199156 " />
										<Normal vector="0.236518 -0.621418 -0.746910 0.303385 0.530473 -0.791528 0.802545 0.541826 0.249611 0.735679 -0.610034 0.294229 0.303385 0.530473 -0.791528 -0.735679 0.610034 -0.294229 -0.236518 0.621418 0.746910 0.802545 0.541826 0.249611 -0.735679 0.610034 -0.294229 -0.802545 -0.541826 -0.249611 -0.303385 -0.530473 0.791528 -0.236518 0.621418 0.746910 -0.802545 -0.541826 -0.249611 0.236518 -0.621418 -0.746910 0.735679 -0.610034 0.294229 -0.303385 -0.530473 0.791528 -0.802545 -0.541826 -0.249611 -0.735679 0.610034 -0.294229 -0.236518 0.621418 0.746910 -0.303385 -0.530473 0.791528 " />
										<TextureCoordinate point="0.0352 0.0279 0.0352 0.4721 0.5351 0.4721 0.5351 0.0279 0.0352 0.0279 0.0352 0.4721 0.5351 0.4721 0.5351 0.0279 0.5917 0.5303 0.5917 0.9697 0.9474 0.9697 0.9474 0.5303 0.0352 0.0279 0.0352 0.4721 0.5351 0.4721 0.5351 0.0279 0.5351 0.4721 0.5351 0.0279 0.0352 0.0279 0.0352 0.4721 " />
									</IndexedTriangleSet>
								</Shape>
							</Group>
						</Transform>
					</Transform>
				</Transform>
				<Transform DEF="arm2_1_TRANSFORM"
				           translation="-0.896305 0.010110 0.197366"
				           scale="1.000000 1.000000 1.000000"
				           rotation="0.000000 1.000000 0.000000 0.000000"
				           >
					<Transform DEF="arm2_1_ifs_TRANSFORM"
					           translation="0.000000 0.000000 0.000000"
					           scale="1.000000 1.000000 1.000000"
					           rotation="0.000000 1.000000 0.000000 0.000000"
					           >
						<Group DEF="group_ME_arm2_1">
							<Shape>
								<Appearance>
									<Material USE="MA_Body" />
								</Appearance>
								<IndexedTriangleSet solid="false"
								                    normalPerVertex="true"
								                    index="0 1 2 0 2 3 4 5 6 4 6 7 8 9 10 8 10 11 12 13 14 12 14 15 4 16 17 4 17 15 18 5 14 18 14 19 "
								                    >
									<Coordinate point="-0.566307 -0.111463 0.216790 -0.482140 -0.111463 0.367752 -0.488415 0.061228 0.371251 -0.572581 0.061228 0.220288 -0.572581 0.061228 0.220288 -0.488415 0.061228 0.371251 0.038946 0.086346 0.077231 -0.045221 0.086346 -0.073732 -0.045221 0.086346 -0.073732 0.038946 0.086346 0.077231 0.045221 -0.086346 0.073732 -0.038946 -0.086346 -0.077231 -0.038946 -0.086346 -0.077231 0.045221 -0.086346 0.073732 -0.482140 -0.111463 0.367752 -0.566307 -0.111463 0.216790 -0.045221 0.086346 -0.073732 -0.038946 -0.086346 -0.077231 0.038946 0.086346 0.077231 0.045221 -0.086346 0.073732 " />
									<Normal vector="-0.764000 -0.600848 -0.235023 -0.201727 -0.600848 0.773461 -0.243629 0.552843 0.796838 -0.805933 0.552843 -0.211676 -0.805933 0.552843 -0.211676 -0.243629 0.552843 0.796838 0.764000 0.600818 0.235023 0.201727 0.600848 -0.773461 0.201727 0.600848 -0.773461 0.764000 0.600818 0.235023 0.805933 -0.552843 0.211676 0.243629 -0.552843 -0.796838 0.243629 -0.552843 -0.796838 0.805933 -0.552843 0.211676 -0.201727 -0.600848 0.773461 -0.764000 -0.600848 -0.235023 0.201727 0.600848 -0.773461 0.243629 -0.552843 -0.796838 0.764000 0.600818 0.235023 0.805933 -0.552843 0.211676 " />
									<TextureCoordinate point="0.0352 0.0279 0.5351 0.0279 0.5351 0.4721 0.0352 0.4721 0.0352 0.0279 0.5351 0.0279 0.5351 0.4721 0.0352 0.4721 0.0352 0.0279 0.5351 0.0279 0.5351 0.4721 0.0352 0.4721 0.0352 0.0279 0.5351 0.0279 0.5351 0.4721 0.0352 0.4721 0.5351 0.0279 0.5351 0.4721 0.0352 0.0279 0.0352 0.4721 " />
								</IndexedTriangleSet>
							</Shape>
						</Group>
					</Transform>
					<Transform DEF="Cube_041_TRANSFORM"
					           translation="-0.512389 -0.024405 0.285674"
					           scale="1.000000 1.000000 1.000000"
					           rotation="0.000000 1.000000 0.000000 0.000000"
					           >
						<Transform DEF="Cube_041_ifs_TRANSFORM"
						           translation="0.000000 0.000000 0.000000"
						           scale="1.000000 1.000000 1.000000"
						           rotation="0.000000 1.000000 0.000000 0.000000"
						           >
							<Group DEF="group_ME_Cube_029">
								<Shape>
									<Appearance>
										<Material USE="MA_Body" />
									</Appearance>
									<IndexedTriangleSet solid="false"
									                    normalPerVertex="true"
									                    index="0 1 2 0 2 3 4 5 6 4 6 7 8 9 10 8 10 11 12 13 14 12 14 15 4 16 17 4 17 15 18 5 14 18 14 19 "
									                    >
										<Coordinate point="-0.134669 -0.112945 -0.049673 -0.028547 -0.112945 0.140670 -0.036458 0.104794 0.145081 -0.142580 0.104794 -0.045262 -0.142580 0.104794 -0.045262 -0.036458 0.104794 0.145081 0.049105 0.108869 0.097377 -0.057017 0.108869 -0.092966 -0.057017 0.108869 -0.092966 0.049105 0.108869 0.097377 0.057017 -0.108869 0.092966 -0.049105 -0.108869 -0.097377 -0.049105 -0.108869 -0.097377 0.057017 -0.108869 0.092966 -0.028547 -0.112945 0.140670 -0.134669 -0.112945 -0.049673 -0.057017 0.108869 -0.092966 -0.049105 -0.108869 -0.097377 0.049105 0.108869 0.097377 0.057017 -0.108869 0.092966 " />
										<Normal vector="-0.764000 -0.600818 -0.235023 -0.201727 -0.600848 0.773461 -0.243629 0.552843 0.796838 -0.805933 0.552843 -0.211676 -0.805933 0.552843 -0.211676 -0.243629 0.552843 0.796838 0.764000 0.600818 0.235023 0.201727 0.600848 -0.773461 0.201727 0.600848 -0.773461 0.764000 0.600818 0.235023 0.805933 -0.552843 0.211676 0.243629 -0.552843 -0.796838 0.243629 -0.552843 -0.796838 0.805933 -0.552843 0.211676 -0.201727 -0.600848 0.773461 -0.764000 -0.600818 -0.235023 0.201727 0.600848 -0.773461 0.243629 -0.552843 -0.796838 0.764000 0.600818 0.235023 0.805933 -0.552843 0.211676 " />
										<TextureCoordinate point="0.0352 0.0279 0.5351 0.0279 0.5351 0.4721 0.0352 0.4721 0.0352 0.0279 0.5351 0.0279 0.5351 0.4721 0.0352 0.4721 0.0352 0.0279 0.5351 0.0279 0.5351 0.4721 0.0352 0.4721 0.0352 0.0279 0.5351 0.0279 0.5351 0.4721 0.0352 0.4721 0.5351 0.0279 0.5351 0.4721 0.0352 0.0279 0.0352 0.4721 " />
									</IndexedTriangleSet>
								</Shape>
							</Group>
						</Transform>
					</Transform>
					<Transform DEF="hand2_TRANSFORM"
					           translation="-0.595397 -0.028403 0.258231"
					           scale="1.000000 1.000000 1.000000"
					           rotation="0.000000 1.000000 0.000000 0.000000"
					           >
						<Transform DEF="hand2_ifs_TRANSFORM"
						           translation="0.000000 0.000000 0.000000"
						           scale="1.000000 1.000000 1.000000"
						           rotation="0.000000 1.000000 0.000000 0.000000"
						           >
							<Group DEF="group_ME_hand2">
								<Shape>
									<Appearance>
										<Material USE="MA_Body" />
									</Appearance>
									<IndexedTriangleSet solid="false"
									                    normalPerVertex="true"
									                    index="0 1 2 0 2 3 4 5 6 4 6 7 8 9 10 8 10 11 12 13 14 12 14 15 4 16 17 4 17 15 18 5 14 18 14 19 "
									                    >
										<Coordinate point="-0.421619 -0.231769 -0.058753 -0.304132 -0.233139 0.296785 -0.302421 0.233789 0.298019 -0.419908 0.235159 -0.057519 -0.419908 0.235159 -0.057519 -0.302421 0.233789 0.298019 0.059599 0.232779 0.178386 -0.057888 0.234149 -0.177152 -0.057888 0.234149 -0.177152 0.059599 0.232779 0.178386 0.057888 -0.234149 0.177152 -0.059599 -0.232779 -0.178386 -0.059599 -0.232779 -0.178386 0.057888 -0.234149 0.177152 -0.304132 -0.233139 0.296785 -0.421619 -0.231769 -0.058753 -0.057888 0.234149 -0.177152 -0.059599 -0.232779 -0.178386 0.059599 0.232779 0.178386 0.057888 -0.234149 0.177152 " />
										<Normal vector="-0.731437 -0.573687 -0.368542 -0.369152 -0.577899 0.727805 -0.364910 0.576739 0.730857 -0.727226 0.580981 -0.365490 -0.727226 0.580981 -0.365490 -0.364910 0.576739 0.730857 0.731437 0.573687 0.368542 0.369152 0.577899 -0.727805 0.369152 0.577899 -0.727805 0.731437 0.573687 0.368542 0.727226 -0.580981 0.365490 0.364910 -0.576739 -0.730857 0.364910 -0.576739 -0.730857 0.727226 -0.580981 0.365490 -0.369152 -0.577899 0.727805 -0.731437 -0.573687 -0.368542 0.369152 0.577899 -0.727805 0.364910 -0.576739 -0.730857 0.731437 0.573687 0.368542 0.727226 -0.580981 0.365490 " />
										<TextureCoordinate point="0.0352 0.5279 0.5351 0.5279 0.5351 0.9721 0.0352 0.9721 0.0352 0.5279 0.5351 0.5279 0.5351 0.9721 0.0352 0.9721 0.0352 0.5279 0.5351 0.5279 0.5351 0.9721 0.0352 0.9721 0.0352 0.5279 0.5351 0.5279 0.5351 0.9721 0.0352 0.9721 0.5351 0.5279 0.5351 0.9721 0.0352 0.5279 0.0352 0.9721 " />
									</IndexedTriangleSet>
								</Shape>
							</Group>
						</Transform>
						<Transform DEF="Cube_043_TRANSFORM"
						           translation="-0.263237 0.000734 0.086989"
						           scale="1.000000 1.000000 1.000000"
						           rotation="0.000000 1.000000 0.000000 0.000000"
						           >
							<Transform DEF="Cube_043_ifs_TRANSFORM"
							           translation="0.000000 0.000000 0.000000"
							           scale="1.000000 1.000000 1.000000"
							           rotation="0.000000 1.000000 0.000000 0.000000"
							           >
								<Group DEF="group_ME_Cube_038">
									<Shape>
										<Appearance>
											<Material USE="MA_Body" />
										</Appearance>
										<IndexedTriangleSet solid="false"
										                    normalPerVertex="true"
										                    index="0 1 2 0 2 3 4 5 6 4 6 7 8 9 10 8 10 11 12 13 14 12 14 15 16 17 18 16 18 19 20 21 14 20 14 22 23 5 24 23 24 25 26 27 28 26 28 29 30 31 32 30 32 33 33 32 17 33 17 16 34 35 36 34 36 37 37 36 9 37 9 8 38 39 40 38 40 41 42 43 44 42 44 45 46 41 0 46 0 47 48 38 41 48 41 46 49 37 8 49 8 50 51 34 37 51 37 49 52 12 15 52 15 19 50 8 11 50 11 53 30 4 7 30 7 54 47 0 3 47 3 55 "
										                    >
											<Coordinate point="-0.496013 0.189163 0.693545 -0.407029 0.188538 0.806607 -0.406539 0.322387 0.806961 -0.495523 0.323012 0.693898 -0.495523 0.323012 0.693898 -0.406539 0.322387 0.806961 0.236994 0.321368 0.300473 0.148010 0.321993 0.187411 0.146134 -0.190206 0.186057 0.235118 -0.190830 0.299119 0.234627 -0.324679 0.298766 0.145643 -0.324054 0.185704 0.145643 -0.324054 0.185704 0.234627 -0.324679 0.298766 -0.408906 -0.323660 0.805254 -0.497890 -0.323035 0.692191 -0.880036 -0.186500 0.206369 -0.236503 -0.187519 -0.300119 -0.236994 -0.321368 -0.300473 -0.880527 -0.320349 0.206015 0.235118 -0.190830 0.299119 -0.408415 -0.189811 0.805607 0.234627 -0.324679 0.298766 0.236994 0.321368 0.300473 -0.407029 0.188538 0.806607 0.236503 0.187519 0.300119 0.236503 0.187519 0.300119 -0.407029 0.188538 0.806607 -0.408415 -0.189811 0.805607 0.235118 -0.190830 0.299119 -0.878160 0.325698 0.207722 -0.234627 0.324679 -0.298766 -0.235118 0.190830 -0.299119 -0.878650 0.191849 0.207368 0.148010 0.321993 0.187411 0.236994 0.321368 0.300473 0.236503 0.187519 0.300119 0.147520 0.188144 0.187057 -0.497890 -0.323035 0.692191 -0.408906 -0.323660 0.805254 -0.408415 -0.189811 0.805607 -0.497399 -0.189187 0.692545 -0.497399 -0.189187 0.692545 -0.408415 -0.189811 0.805607 -0.407029 0.188538 0.806607 -0.496013 0.189163 0.693545 -0.880036 -0.186500 0.206369 -0.878650 0.191849 0.207368 -0.880527 -0.320349 0.206015 -0.235118 0.190830 -0.299119 -0.236503 -0.187519 -0.300119 -0.234627 0.324679 -0.298766 -0.236994 -0.321368 -0.300473 -0.236994 -0.321368 -0.300473 -0.234627 0.324679 -0.298766 -0.878160 0.325698 0.207722 " />
											<Normal vector="-0.785791 0.001221 0.618458 -0.118320 -0.002167 0.992950 -0.094485 0.575549 0.812281 -0.553056 0.707968 0.439161 -0.553056 0.707968 0.439161 -0.094485 0.575549 0.812281 0.812860 0.574114 0.098117 0.558214 0.706198 -0.435438 0.785791 -0.001221 -0.618458 0.992950 -0.003937 0.118320 0.808618 -0.580554 0.095065 0.553056 -0.707968 -0.439161 0.553056 -0.707968 -0.439161 0.808618 -0.580554 0.095065 -0.098727 -0.579119 0.809229 -0.558214 -0.706198 0.435438 -0.992950 0.003937 -0.118320 0.118320 0.002167 -0.992950 0.094485 -0.575549 -0.812281 -0.812860 -0.574114 -0.098117 0.992950 -0.003937 0.118320 -0.118320 -0.002167 0.992950 0.808618 -0.580554 0.095065 0.812860 0.574114 0.098117 -0.118320 -0.002167 0.992950 0.992950 -0.003937 0.118320 0.992950 -0.003937 0.118320 -0.118320 -0.002167 0.992950 -0.118320 -0.002167 0.992950 0.992950 -0.003937 0.118320 -0.808618 0.580554 -0.095065 0.098727 0.579119 -0.809229 0.118320 0.002167 -0.992950 -0.992950 0.003937 -0.118320 0.558214 0.706198 -0.435438 0.812860 0.574114 0.098117 0.992950 -0.003937 0.118320 0.785791 -0.001221 -0.618458 -0.558214 -0.706198 0.435438 -0.098727 -0.579119 0.809229 -0.118320 -0.002167 0.992950 -0.785791 0.001221 0.618458 -0.785791 0.001221 0.618458 -0.118320 -0.002167 0.992950 -0.118320 -0.002167 0.992950 -0.785791 0.001221 0.618458 -0.992950 0.003937 -0.118320 -0.992950 0.003937 -0.118320 -0.812860 -0.574114 -0.098117 0.118320 0.002167 -0.992950 0.118320 0.002167 -0.992950 0.098727 0.579119 -0.809229 0.094485 -0.575549 -0.812281 0.094485 -0.575549 -0.812281 0.098727 0.579119 -0.809229 -0.808618 0.580554 -0.095065 " />
											<TextureCoordinate point="0.2852 0.8240 0.5351 0.8240 0.5351 0.9721 0.2852 0.9721 0.2852 0.5279 0.5351 0.5279 0.5351 0.9721 0.2852 0.9721 0.2852 0.8240 0.5351 0.8240 0.5351 0.9721 0.2852 0.9721 0.2852 0.5279 0.5351 0.5279 0.5351 0.9721 0.2852 0.9721 0.0352 0.8240 0.5351 0.8240 0.5351 0.9721 0.0352 0.9721 0.0352 0.8240 0.5351 0.8240 0.0352 0.9721 0.0352 0.5279 0.5351 0.6760 0.0352 0.6760 0.6205 0.4564 0.6205 0.0436 0.9342 0.0436 0.9342 0.4564 0.0352 0.5279 0.5351 0.5279 0.5351 0.6760 0.0352 0.6760 0.2852 0.5279 0.5351 0.5279 0.5351 0.6760 0.2852 0.6760 0.2852 0.5279 0.5351 0.5279 0.5351 0.6760 0.2852 0.6760 0.6205 0.2500 0.6205 0.0436 0.9342 0.0436 0.9342 0.2500 0.0352 0.6760 0.0352 0.8240 0.0352 0.5279 0.0352 0.6760 0.0352 0.8240 0.0352 0.5279 0.0352 0.5279 0.0352 0.9721 0.0352 0.9721 0.0352 0.9721 " />
										</IndexedTriangleSet>
									</Shape>
								</Group>
							</Transform>
							<Transform DEF="Cube_044_TRANSFORM"
							           translation="-0.549623 0.001066 0.358519"
							           scale="1.000000 1.000000 1.000000"
							           rotation="0.000000 1.000000 0.000000 0.000000"
							           >
								<Transform DEF="Cube_044_ifs_TRANSFORM"
								           translation="0.000000 0.000000 0.000000"
								           scale="1.000000 1.000000 1.000000"
								           rotation="0.000000 1.000000 0.000000 0.000000"
								           >
									<Group DEF="group_ME_Cube_039">
										<Shape>
											<Appearance>
												<Material USE="MA_Body" />
											</Appearance>
											<IndexedTriangleSet solid="false"
											                    normalPerVertex="true"
											                    index="0 1 2 0 2 3 4 5 6 4 6 7 8 9 10 8 10 11 12 13 14 12 14 15 4 16 17 4 17 15 18 19 20 18 20 21 "
											                    >
												<Coordinate point="-0.436441 -0.242001 0.278909 0.023659 -0.244314 0.516320 0.025438 0.241402 0.517604 -0.434662 0.243715 0.280192 -0.434662 0.243715 0.280192 0.025438 0.241402 0.517604 0.230940 0.241702 0.119347 -0.229160 0.244015 -0.118064 -0.229160 0.244015 -0.118064 0.230940 0.241702 0.119347 0.229160 -0.244015 0.118064 -0.230940 -0.241702 -0.119347 -0.230940 -0.241702 -0.119347 0.229160 -0.244015 0.118064 0.023659 -0.244314 0.516320 -0.436441 -0.242001 0.278909 -0.229160 0.244015 -0.118064 -0.230940 -0.241702 -0.119347 0.230940 0.241702 0.119347 0.025438 0.241402 0.517604 0.023659 -0.244314 0.516320 0.229160 -0.244015 0.118064 " />
												<Normal vector="-0.779900 -0.575121 0.246803 0.246193 -0.580279 0.776269 0.250435 0.574358 0.779321 -0.775689 0.579516 0.249825 -0.775689 0.579516 0.249825 0.250435 0.574358 0.779321 0.779900 0.575121 -0.246803 -0.246193 0.580279 -0.776269 -0.246193 0.580279 -0.776269 0.779900 0.575121 -0.246803 0.775689 -0.579516 -0.249825 -0.250435 -0.574358 -0.779321 -0.250435 -0.574358 -0.779321 0.775689 -0.579516 -0.249825 0.246193 -0.580279 0.776269 -0.779900 -0.575121 0.246803 -0.246193 0.580279 -0.776269 -0.250435 -0.574358 -0.779321 0.779900 0.575121 -0.246803 0.250435 0.574358 0.779321 0.246193 -0.580279 0.776269 0.775689 -0.579516 -0.249825 " />
												<TextureCoordinate point="0.0352 0.5279 0.5351 0.5279 0.5351 0.9721 0.0352 0.9721 0.0352 0.5279 0.5351 0.5279 0.5351 0.9721 0.0352 0.9721 0.0352 0.5279 0.5351 0.5279 0.5351 0.9721 0.0352 0.9721 0.0352 0.5279 0.5351 0.5279 0.5351 0.9721 0.0352 0.9721 0.5351 0.5279 0.5351 0.9721 0.5887 0.0318 0.9738 0.0318 0.9738 0.4760 0.5887 0.4760 " />
											</IndexedTriangleSet>
										</Shape>
									</Group>
								</Transform>
								<Transform DEF="Cube_045_TRANSFORM"
								           translation="-0.197526 0.000026 0.264199"
								           scale="1.000000 1.000000 1.000000"
								           rotation="0.000000 1.000000 0.000000 0.000000"
								           >
									<Transform DEF="Cube_045_ifs_TRANSFORM"
									           translation="0.000000 0.000000 0.000000"
									           scale="1.000000 1.000000 1.000000"
									           rotation="0.000000 1.000000 0.000000 0.000000"
									           >
										<Group DEF="group_ME_Cube_040">
											<Shape>
												<Appearance>
													<Material USE="MA_Body" />
												</Appearance>
												<IndexedTriangleSet solid="false"
												                    normalPerVertex="true"
												                    index="0 1 2 0 2 3 4 5 6 4 6 7 8 9 10 8 10 11 12 13 14 12 14 15 4 16 17 4 17 15 18 19 20 18 20 21 "
												                    >
													<Coordinate point="-0.109462 -0.171206 0.469215 0.238246 -0.172345 0.418321 0.239494 0.168382 0.419221 -0.108214 0.169521 0.470116 -0.108214 0.169521 0.470116 0.239494 0.168382 0.419221 0.174478 0.169794 -0.024997 -0.173230 0.170933 0.025897 -0.173230 0.170933 0.025897 0.174478 0.169794 -0.024997 0.173230 -0.170933 -0.025897 -0.174478 -0.169794 0.024997 -0.174478 -0.169794 0.024997 0.173230 -0.170933 -0.025897 0.238246 -0.172345 0.418321 -0.109462 -0.171206 0.469215 -0.173230 0.170933 0.025897 -0.174478 -0.169794 0.024997 0.174478 0.169794 -0.024997 0.239494 0.168382 0.419221 0.238246 -0.172345 0.418321 0.173230 -0.170933 -0.025897 " />
													<Normal vector="-0.489761 -0.577288 0.653340 0.652730 -0.581011 0.486099 0.656972 0.573656 0.489151 -0.485519 0.577380 0.656392 -0.485519 0.577380 0.656392 0.656972 0.573656 0.489151 0.489761 0.577288 -0.653340 -0.652730 0.581011 -0.486099 -0.652730 0.581011 -0.486099 0.489761 0.577288 -0.653340 0.485519 -0.577380 -0.656392 -0.656972 -0.573656 -0.489151 -0.656972 -0.573656 -0.489151 0.485519 -0.577380 -0.656392 0.652730 -0.581011 0.486099 -0.489761 -0.577288 0.653340 -0.652730 0.581011 -0.486099 -0.656972 -0.573656 -0.489151 0.489761 0.577288 -0.653340 0.656972 0.573656 0.489151 0.652730 -0.581011 0.486099 0.485519 -0.577380 -0.656392 " />
													<TextureCoordinate point="0.0352 0.5279 0.5351 0.5279 0.5351 0.9721 0.0352 0.9721 0.0352 0.5279 0.5351 0.5279 0.5351 0.9721 0.0352 0.9721 0.0352 0.5279 0.5351 0.5279 0.5351 0.9721 0.0352 0.9721 0.0352 0.5279 0.5351 0.5279 0.5351 0.9721 0.0352 0.9721 0.5351 0.5279 0.5351 0.9721 0.5887 0.0318 0.9738 0.0318 0.9738 0.4760 0.5887 0.4760 " />
												</IndexedTriangleSet>
											</Shape>
										</Group>
									</Transform>
									<Transform DEF="Cube_046_TRANSFORM"
									           translation="0.062477 -0.001206 0.370034"
									           scale="1.000000 1.000000 1.000000"
									           rotation="0.000000 1.000000 0.000000 0.000000"
									           >
										<Transform DEF="Cube_046_ifs_TRANSFORM"
										           translation="0.000000 0.000000 0.000000"
										           scale="1.000000 1.000000 1.000000"
										           rotation="0.000000 1.000000 0.000000 0.000000"
										           >
											<Group DEF="group_ME_Cube_041">
												<Shape>
													<Appearance>
														<Material USE="MA_Body" />
													</Appearance>
													<IndexedTriangleSet solid="false"
													                    normalPerVertex="true"
													                    index="0 1 2 0 2 3 4 5 6 4 6 7 8 9 10 8 10 11 12 13 14 12 14 15 4 16 17 4 17 15 18 5 14 18 14 19 "
													                    >
														<Coordinate point="0.235965 -0.117723 0.281946 0.340033 -0.117729 0.139818 0.340884 0.114495 0.140431 0.236815 0.114500 0.282559 0.236815 0.114500 0.282559 0.340884 0.114495 0.140431 0.052459 0.116109 -0.070757 -0.051609 0.116115 0.071371 -0.051609 0.116115 0.071371 0.052459 0.116109 -0.070757 0.051609 -0.116115 -0.071371 -0.052459 -0.116109 0.070757 -0.052459 -0.116109 0.070757 0.051609 -0.116115 -0.071371 0.340033 -0.117729 0.139818 0.235965 -0.117723 0.281946 -0.051609 0.116115 0.071371 -0.052459 -0.116109 0.070757 0.052459 0.116109 -0.070757 0.051609 -0.116115 -0.071371 " />
														<Normal vector="0.122593 -0.579913 0.805353 0.804773 -0.579943 -0.126255 0.809015 0.574694 -0.123203 0.126835 0.574755 0.808405 0.126835 0.574755 0.808405 0.809015 0.574694 -0.123203 -0.122593 0.579913 -0.805353 -0.804773 0.579943 0.126255 -0.804773 0.579943 0.126255 -0.122593 0.579913 -0.805353 -0.126835 -0.574755 -0.808405 -0.809015 -0.574694 0.123203 -0.809015 -0.574694 0.123203 -0.126835 -0.574755 -0.808405 0.804773 -0.579943 -0.126255 0.122593 -0.579913 0.805353 -0.804773 0.579943 0.126255 -0.809015 -0.574694 0.123203 -0.122593 0.579913 -0.805353 -0.126835 -0.574755 -0.808405 " />
														<TextureCoordinate point="0.0352 0.5279 0.5351 0.5279 0.5351 0.9721 0.0352 0.9721 0.0352 0.5279 0.5351 0.5279 0.5351 0.9721 0.0352 0.9721 0.0352 0.5279 0.5351 0.5279 0.5351 0.9721 0.0352 0.9721 0.0352 0.5279 0.5351 0.5279 0.5351 0.9721 0.0352 0.9721 0.5351 0.5279 0.5351 0.9721 0.0352 0.5279 0.0352 0.9721 " />
													</IndexedTriangleSet>
												</Shape>
											</Group>
										</Transform>
									</Transform>
								</Transform>
							</Transform>
						</Transform>
						<Transform DEF="p2_TRANSFORM"
						           translation="0.017838 -0.001821 0.146317"
						           scale="1.000000 1.000000 1.000000"
						           rotation="0.000000 1.000000 0.000000 0.000000"
						           >
							<Transform DEF="p2_ifs_TRANSFORM"
							           translation="0.000000 0.000000 0.000000"
							           scale="1.000000 1.000000 1.000000"
							           rotation="0.000000 1.000000 0.000000 0.000000"
							           >
								<Group DEF="group_ME_p2">
									<Shape>
										<Appearance>
											<Material USE="MA_Body" />
										</Appearance>
										<IndexedTriangleSet solid="false"
										                    normalPerVertex="true"
										                    index="0 1 2 0 2 3 4 5 6 4 6 7 8 9 10 8 10 11 12 13 14 12 14 15 4 16 17 4 17 15 18 5 14 18 14 19 "
										                    >
											<Coordinate point="-0.269164 -0.194438 0.295338 0.054013 -0.195885 0.395210 0.055439 0.193393 0.396239 -0.267738 0.194841 0.296366 -0.267738 0.194841 0.296366 0.055439 0.193393 0.396239 0.162301 0.193915 0.050451 -0.160875 0.195363 -0.049422 -0.160875 0.195363 -0.049422 0.162301 0.193915 0.050451 0.160875 -0.195363 0.049422 -0.162301 -0.193915 -0.050451 -0.162301 -0.193915 -0.050451 0.160875 -0.195363 0.049422 0.054013 -0.195885 0.395210 -0.269164 -0.194438 0.295338 -0.160875 0.195363 -0.049422 -0.162301 -0.193915 -0.050451 0.162301 0.193915 0.050451 0.160875 -0.195363 0.049422 " />
											<Normal vector="-0.724174 -0.575701 0.379589 0.379009 -0.580645 0.720542 0.383221 0.574023 0.723594 -0.719932 0.578967 0.382641 -0.719932 0.578967 0.382641 0.383221 0.574023 0.723594 0.724174 0.575701 -0.379589 -0.379009 0.580645 -0.720542 -0.379009 0.580645 -0.720542 0.724174 0.575701 -0.379589 0.719932 -0.578967 -0.382641 -0.383221 -0.574023 -0.723594 -0.383221 -0.574023 -0.723594 0.719932 -0.578967 -0.382641 0.379009 -0.580645 0.720542 -0.724174 -0.575701 0.379589 -0.379009 0.580645 -0.720542 -0.383221 -0.574023 -0.723594 0.724174 0.575701 -0.379589 0.719932 -0.578967 -0.382641 " />
											<TextureCoordinate point="0.0352 0.5279 0.5351 0.5279 0.5351 0.9721 0.0352 0.9721 0.0352 0.5279 0.5351 0.5279 0.5351 0.9721 0.0352 0.9721 0.0352 0.5279 0.5351 0.5279 0.5351 0.9721 0.0352 0.9721 0.0352 0.5279 0.5351 0.5279 0.5351 0.9721 0.0352 0.9721 0.5351 0.5279 0.5351 0.9721 0.0352 0.5279 0.0352 0.9721 " />
										</IndexedTriangleSet>
									</Shape>
								</Group>
							</Transform>
							<Transform DEF="Cube_048_TRANSFORM"
							           translation="-0.048711 -0.000530 0.268146"
							           scale="1.000000 1.000000 1.000000"
							           rotation="0.000000 1.000000 0.000000 0.000000"
							           >
								<Transform DEF="Cube_048_ifs_TRANSFORM"
								           translation="0.000000 0.000000 0.000000"
								           scale="1.000000 1.000000 1.000000"
								           rotation="0.000000 1.000000 0.000000 0.000000"
								           >
									<Group DEF="group_ME_Cube_048">
										<Shape>
											<Appearance>
												<Material USE="MA_Body" />
											</Appearance>
											<IndexedTriangleSet solid="false"
											                    normalPerVertex="true"
											                    index="0 1 2 0 2 3 4 5 6 4 6 7 8 9 10 8 10 11 12 13 14 12 14 15 4 16 17 4 17 15 18 5 14 18 14 19 "
											                    >
												<Coordinate point="-0.496560 -0.165738 0.313429 -0.303318 -0.166945 0.502400 -0.302096 0.166505 0.503281 -0.495338 0.167713 0.314310 -0.495338 0.167713 0.314310 -0.302096 0.166505 0.503281 0.097232 0.166122 0.094926 -0.096010 0.167329 -0.094045 -0.096010 0.167329 -0.094045 0.097232 0.166122 0.094926 0.096010 -0.167329 0.094045 -0.097232 -0.166122 -0.094926 -0.097232 -0.166122 -0.094926 0.096010 -0.167329 0.094045 -0.303318 -0.166945 0.502400 -0.496560 -0.165738 0.313429 -0.096010 0.167329 -0.094045 -0.097232 -0.166122 -0.094926 0.097232 0.166122 0.094926 0.096010 -0.167329 0.094045 " />
												<Normal vector="-0.818537 -0.574358 0.007599 0.006989 -0.579516 0.814905 0.011231 0.575152 0.817957 -0.814325 0.580309 0.010651 -0.814325 0.580309 0.010651 0.011231 0.575152 0.817957 0.818537 0.574358 -0.007599 -0.006989 0.579516 -0.814905 -0.006989 0.579516 -0.814905 0.818537 0.574358 -0.007599 0.814325 -0.580309 -0.010651 -0.011231 -0.575152 -0.817957 -0.011231 -0.575152 -0.817957 0.814325 -0.580309 -0.010651 0.006989 -0.579516 0.814905 -0.818537 -0.574358 0.007599 -0.006989 0.579516 -0.814905 -0.011231 -0.575152 -0.817957 0.818537 0.574358 -0.007599 0.814325 -0.580309 -0.010651 " />
												<TextureCoordinate point="0.0352 0.5279 0.5351 0.5279 0.5351 0.9721 0.0352 0.9721 0.0352 0.5279 0.5351 0.5279 0.5351 0.9721 0.0352 0.9721 0.0352 0.5279 0.5351 0.5279 0.5351 0.9721 0.0352 0.9721 0.0352 0.5279 0.5351 0.5279 0.5351 0.9721 0.0352 0.9721 0.5351 0.5279 0.5351 0.9721 0.0352 0.5279 0.0352 0.9721 " />
											</IndexedTriangleSet>
										</Shape>
									</Group>
								</Transform>
							</Transform>
						</Transform>
					</Transform>
				</Transform>
			</Transform>
			<Transform DEF="Cube_016_TRANSFORM"
			           translation="-0.901976 -0.458335 0.579722"
			           scale="1.000000 1.000000 1.000000"
			           rotation="0.000000 1.000000 0.000000 0.000000"
			           >
				<Transform DEF="Cube_016_ifs_TRANSFORM"
				           translation="0.000000 0.000000 0.000000"
				           scale="1.000000 1.000000 1.000000"
				           rotation="0.000000 1.000000 0.000000 0.000000"
				           >
					<Group DEF="group_ME_Cube_017">
						<Shape>
							<Appearance>
								<Material USE="MA_Body" />
							</Appearance>
							<IndexedTriangleSet solid="false"
							                    normalPerVertex="true"
							                    index="0 1 2 0 2 3 4 5 6 4 6 7 8 9 10 8 10 11 12 13 14 12 14 15 4 13 16 4 16 17 18 19 14 18 14 7 "
							                    >
								<Coordinate point="0.041046 -0.163874 0.002876 0.159299 -0.045071 0.033767 0.100758 -0.055123 0.296522 -0.017494 -0.173925 0.265631 0.159299 -0.045071 0.033767 -0.041046 0.163874 -0.002876 -0.099586 0.153822 0.259879 0.100758 -0.055123 0.296522 -0.041046 0.163874 -0.002876 -0.159299 0.045071 -0.033767 -0.217839 0.035019 0.228988 -0.099586 0.153822 0.259879 -0.159299 0.045071 -0.033767 0.041046 -0.163874 0.002876 -0.017494 -0.173925 0.265631 -0.217839 0.035019 0.228988 -0.159299 0.045071 -0.033767 -0.041046 0.163874 -0.002876 -0.099586 0.153822 0.259879 -0.217839 0.035019 0.228988 " />
								<Normal vector="0.121311 -0.794305 -0.595264 0.922422 0.010498 -0.385998 0.671499 -0.032533 0.740257 -0.129582 -0.837367 0.530992 0.922422 0.010498 -0.385998 0.129582 0.837367 -0.530992 -0.121311 0.794305 0.595264 0.671499 -0.032533 0.740257 0.129582 0.837367 -0.530992 -0.671499 0.032533 -0.740257 -0.922422 -0.010498 0.385998 -0.121311 0.794305 0.595264 -0.671499 0.032533 -0.740257 0.121311 -0.794305 -0.595264 -0.129582 -0.837367 0.530992 -0.922422 -0.010498 0.385998 -0.671499 0.032533 -0.740257 0.129582 0.837367 -0.530992 -0.121311 0.794305 0.595264 -0.922422 -0.010498 0.385998 " />
								<TextureCoordinate point="0.0352 0.0279 0.0352 0.4721 0.5351 0.4721 0.5351 0.0279 0.0352 0.0279 0.0352 0.4721 0.5351 0.4721 0.5351 0.0279 0.0352 0.0279 0.0352 0.4721 0.5351 0.4721 0.5351 0.0279 0.0352 0.0279 0.0352 0.4721 0.5351 0.4721 0.5351 0.0279 0.5351 0.4721 0.5351 0.0279 0.0352 0.0279 0.0352 0.4721 " />
							</IndexedTriangleSet>
						</Shape>
					</Group>
				</Transform>
				<Transform DEF="Cube_019_TRANSFORM"
				           translation="-0.059953 0.002475 0.219987"
				           scale="1.000000 1.000000 1.000000"
				           rotation="0.000000 1.000000 0.000000 0.000000"
				           >
					<Transform DEF="Cube_019_ifs_TRANSFORM"
					           translation="0.000000 0.000000 0.000000"
					           scale="1.000000 1.000000 1.000000"
					           rotation="0.000000 1.000000 0.000000 0.000000"
					           >
						<Group DEF="group_ME_Cube_027">
							<Shape>
								<Appearance>
									<Material USE="MA_Body" />
								</Appearance>
								<IndexedTriangleSet solid="false"
								                    normalPerVertex="true"
								                    index="0 1 2 0 2 3 4 5 6 4 6 7 8 9 10 8 10 11 12 13 14 12 14 15 4 13 16 4 16 17 18 19 14 18 14 7 "
								                    >
									<Coordinate point="0.023781 -0.109650 0.009449 0.108097 -0.027889 0.014671 0.071814 -0.009748 0.316491 -0.012502 -0.091510 0.311270 0.108097 -0.027889 0.014671 -0.023781 0.109650 -0.009449 -0.060064 0.127791 0.292371 0.071814 -0.009748 0.316491 -0.023781 0.109650 -0.009449 -0.108097 0.027889 -0.014671 -0.144380 0.046029 0.287149 -0.060064 0.127791 0.292371 -0.108097 0.027889 -0.014671 0.023781 -0.109650 0.009449 -0.012502 -0.091510 0.311270 -0.144380 0.046029 0.287149 -0.108097 0.027889 -0.014671 -0.023781 0.109650 -0.009449 -0.060064 0.127791 0.292371 -0.144380 0.046029 0.287149 " />
									<Normal vector="0.051119 -0.849330 -0.525315 0.879269 -0.046297 -0.474044 0.741691 0.022462 0.670339 -0.086428 -0.780541 0.619037 0.879269 -0.046297 -0.474044 0.086428 0.780541 -0.619037 -0.051119 0.849330 0.525315 0.741691 0.022462 0.670339 0.086428 0.780541 -0.619037 -0.741691 -0.022462 -0.670339 -0.879269 0.046297 0.474044 -0.051119 0.849330 0.525315 -0.741691 -0.022462 -0.670339 0.051119 -0.849330 -0.525315 -0.086428 -0.780541 0.619037 -0.879269 0.046297 0.474044 -0.741691 -0.022462 -0.670339 0.086428 0.780541 -0.619037 -0.051119 0.849330 0.525315 -0.879269 0.046297 0.474044 " />
									<TextureCoordinate point="0.0352 0.0279 0.0352 0.4721 0.5351 0.4721 0.5351 0.0279 0.0352 0.0279 0.0352 0.4721 0.5351 0.4721 0.5351 0.0279 0.0352 0.0279 0.0352 0.4721 0.5351 0.4721 0.5351 0.0279 0.0352 0.0279 0.0352 0.4721 0.5351 0.4721 0.5351 0.0279 0.5351 0.4721 0.5351 0.0279 0.0352 0.0279 0.0352 0.4721 " />
								</IndexedTriangleSet>
							</Shape>
						</Group>
					</Transform>
				</Transform>
			</Transform>
			<Transform DEF="Cube_023_TRANSFORM"
			           translation="-0.369907 -0.679949 0.353922"
			           scale="1.000000 1.000000 1.000000"
			           rotation="0.000000 1.000000 0.000000 0.000000"
			           >
				<Transform DEF="Cube_023_ifs_TRANSFORM"
				           translation="0.000000 0.000000 0.000000"
				           scale="1.000000 1.000000 1.000000"
				           rotation="0.000000 1.000000 0.000000 0.000000"
				           >
					<Group DEF="group_ME_Cube_028">
						<Shape>
							<Appearance>
								<Material USE="MA_Body" />
							</Appearance>
							<IndexedTriangleSet solid="false"
							                    normalPerVertex="true"
							                    index="0 1 2 0 2 3 4 5 6 4 6 7 8 9 10 8 10 11 12 13 14 12 14 15 4 13 16 4 16 17 18 19 14 18 14 7 "
							                    >
								<Coordinate point="0.121258 -0.059979 -0.038690 0.139473 0.009067 -0.016212 0.191068 -0.124701 0.352858 0.172852 -0.193747 0.330379 0.139473 0.009067 -0.016212 -0.121258 0.059979 0.038690 -0.069663 -0.073790 0.407760 0.191068 -0.124701 0.352858 -0.121258 0.059979 0.038690 -0.139473 -0.009067 0.016212 -0.087879 -0.142836 0.385281 -0.069663 -0.073790 0.407760 -0.139473 -0.009067 0.016212 0.121258 -0.059979 -0.038690 0.172852 -0.193747 0.330379 -0.087879 -0.142836 0.385281 -0.139473 -0.009067 0.016212 -0.121258 0.059979 0.038690 -0.069663 -0.073790 0.407760 -0.087879 -0.142836 0.385281 " />
								<Normal vector="0.339183 -0.445784 -0.828364 0.620167 0.619190 -0.481643 0.770623 0.229072 0.594653 0.489669 -0.835902 0.247932 0.620167 0.619190 -0.481643 -0.489669 0.835902 -0.247932 -0.339183 0.445784 0.828364 0.770623 0.229072 0.594653 -0.489669 0.835902 -0.247932 -0.770623 -0.229072 -0.594653 -0.620167 -0.619190 0.481643 -0.339183 0.445784 0.828364 -0.770623 -0.229072 -0.594653 0.339183 -0.445784 -0.828364 0.489669 -0.835902 0.247932 -0.620167 -0.619190 0.481643 -0.770623 -0.229072 -0.594653 -0.489669 0.835902 -0.247932 -0.339183 0.445784 0.828364 -0.620167 -0.619190 0.481643 " />
								<TextureCoordinate point="0.0352 0.0279 0.0352 0.4721 0.5351 0.4721 0.5351 0.0279 0.0352 0.0279 0.0352 0.4721 0.5351 0.4721 0.5351 0.0279 0.0352 0.0279 0.0352 0.4721 0.5351 0.4721 0.5351 0.0279 0.0352 0.0279 0.0352 0.4721 0.5351 0.4721 0.5351 0.0279 0.5351 0.4721 0.5351 0.0279 0.0352 0.0279 0.0352 0.4721 " />
							</IndexedTriangleSet>
						</Shape>
					</Group>
				</Transform>
			</Transform>
			<Transform DEF="Cube_024_TRANSFORM"
			           translation="-0.603657 -0.637031 0.473394"
			           scale="1.000000 1.000000 1.000000"
			           rotation="0.000000 1.000000 0.000000 0.000000"
			           >
				<Transform DEF="Cube_024_ifs_TRANSFORM"
				           translation="0.000000 0.000000 0.000000"
				           scale="1.000000 1.000000 1.000000"
				           rotation="0.000000 1.000000 0.000000 0.000000"
				           >
					<Group DEF="group_ME_Cube_031">
						<Shape>
							<Appearance>
								<Material USE="MA_Body" />
							</Appearance>
							<IndexedTriangleSet solid="false"
							                    normalPerVertex="true"
							                    index="0 1 2 0 2 3 4 5 6 4 6 7 8 9 10 8 10 11 12 13 14 12 14 15 4 13 16 4 16 17 18 19 14 18 14 7 "
							                    >
								<Coordinate point="0.057729 -0.050214 -0.036088 0.081296 0.015513 -0.017517 0.153972 -0.081556 0.233805 0.130406 -0.147283 0.215234 0.081296 0.015513 -0.017517 -0.057729 0.050214 0.036088 0.014948 -0.046855 0.287410 0.153972 -0.081556 0.233805 -0.057729 0.050214 0.036088 -0.081296 -0.015513 0.017517 -0.008619 -0.112582 0.268839 0.014948 -0.046855 0.287410 -0.081296 -0.015513 0.017517 0.057729 -0.050214 -0.036088 0.130406 -0.147283 0.215234 -0.008619 -0.112582 0.268839 -0.081296 -0.015513 0.017517 -0.057729 0.050214 0.036088 0.014948 -0.046855 0.287410 -0.008619 -0.112582 0.268839 " />
								<Normal vector="0.185949 -0.455306 -0.870663 0.562578 0.595080 -0.573870 0.863308 0.193396 0.466079 0.486679 -0.856990 0.169286 0.562578 0.595080 -0.573870 -0.486679 0.856990 -0.169286 -0.185949 0.455306 0.870663 0.863308 0.193396 0.466079 -0.486679 0.856990 -0.169286 -0.863308 -0.193396 -0.466079 -0.562578 -0.595080 0.573870 -0.185949 0.455306 0.870663 -0.863308 -0.193396 -0.466079 0.185949 -0.455306 -0.870663 0.486679 -0.856990 0.169286 -0.562578 -0.595080 0.573870 -0.863308 -0.193396 -0.466079 -0.486679 0.856990 -0.169286 -0.185949 0.455306 0.870663 -0.562578 -0.595080 0.573870 " />
								<TextureCoordinate point="0.0352 0.0279 0.0352 0.4721 0.5351 0.4721 0.5351 0.0279 0.0352 0.0279 0.0352 0.4721 0.5351 0.4721 0.5351 0.0279 0.0352 0.0279 0.0352 0.4721 0.5351 0.4721 0.5351 0.0279 0.0352 0.0279 0.0352 0.4721 0.5351 0.4721 0.5351 0.0279 0.5351 0.4721 0.5351 0.0279 0.0352 0.0279 0.0352 0.4721 " />
							</IndexedTriangleSet>
						</Shape>
					</Group>
				</Transform>
			</Transform>
			<Transform DEF="Cube_035_TRANSFORM"
			           translation="-0.333336 0.013796 1.177155"
			           scale="1.000000 1.000000 1.000000"
			           rotation="0.000000 1.000000 0.000000 0.000000"
			           >
				<Transform DEF="Cube_035_ifs_TRANSFORM"
				           translation="0.000000 0.000000 0.000000"
				           scale="1.000000 1.000000 1.000000"
				           rotation="0.000000 1.000000 0.000000 0.000000"
				           >
					<Group DEF="group_ME_Cube_036">
						<Shape>
							<Appearance>
								<Material USE="MA_Body" />
							</Appearance>
							<IndexedTriangleSet solid="false"
							                    normalPerVertex="true"
							                    index="0 1 2 0 2 3 4 5 6 4 6 7 8 9 10 8 10 11 12 13 14 12 14 15 4 13 16 4 16 17 18 19 14 18 14 7 "
							                    >
								<Coordinate point="0.055741 -0.065861 0.051399 0.055831 0.066519 0.050444 -0.500785 0.071300 0.660199 -0.500875 -0.061079 0.661154 0.055831 0.066519 0.050444 -0.055741 0.065861 -0.051399 -0.612357 0.070642 0.558355 -0.500785 0.071300 0.660199 -0.055741 0.065861 -0.051399 -0.055831 -0.066519 -0.050444 -0.612447 -0.061738 0.559311 -0.612357 0.070642 0.558355 -0.055831 -0.066519 -0.050444 0.055741 -0.065861 0.051399 -0.500875 -0.061079 0.661154 -0.612447 -0.061738 0.559311 -0.055831 -0.066519 -0.050444 -0.055741 0.065861 -0.051399 -0.612357 0.070642 0.558355 -0.612447 -0.061738 0.559311 " />
								<Normal vector="0.815241 -0.578143 -0.032991 0.816034 0.576495 -0.041322 0.037538 0.583178 0.811457 0.036775 -0.571459 0.819788 0.816034 0.576495 -0.041322 -0.036775 0.571459 -0.819788 -0.815241 0.578143 0.032991 0.037538 0.583178 0.811457 -0.036775 0.571459 -0.819788 -0.037538 -0.583178 -0.811457 -0.816034 -0.576495 0.041322 -0.815241 0.578143 0.032991 -0.037538 -0.583178 -0.811457 0.815241 -0.578143 -0.032991 0.036775 -0.571459 0.819788 -0.816034 -0.576495 0.041322 -0.037538 -0.583178 -0.811457 -0.036775 0.571459 -0.819788 -0.815241 0.578143 0.032991 -0.816034 -0.576495 0.041322 " />
								<TextureCoordinate point="0.0352 0.5279 0.0352 0.9721 0.5351 0.9721 0.5351 0.5279 0.0352 0.5279 0.0352 0.9721 0.5351 0.9721 0.5351 0.5279 0.0352 0.5279 0.0352 0.9721 0.5351 0.9721 0.5351 0.5279 0.0352 0.5279 0.0352 0.9721 0.5351 0.9721 0.5351 0.5279 0.5351 0.9721 0.5351 0.5279 0.0352 0.5279 0.0352 0.9721 " />
							</IndexedTriangleSet>
						</Shape>
					</Group>
				</Transform>
			</Transform>
			<Transform DEF="Cube_039_TRANSFORM"
			           translation="-0.564168 0.033482 1.092112"
			           scale="1.000000 1.000000 1.000000"
			           rotation="0.000000 1.000000 0.000000 0.000000"
			           >
				<Transform DEF="Cube_039_ifs_TRANSFORM"
				           translation="0.000000 0.000000 0.000000"
				           scale="1.000000 1.000000 1.000000"
				           rotation="0.000000 1.000000 0.000000 0.000000"
				           >
					<Group DEF="group_ME_Cube_037">
						<Shape>
							<Appearance>
								<Material USE="MA_Body" />
							</Appearance>
							<IndexedTriangleSet solid="false"
							                    normalPerVertex="true"
							                    index="0 1 2 0 2 3 4 5 6 4 6 7 8 9 10 8 10 11 12 13 14 12 14 15 4 13 16 4 16 17 18 19 14 18 14 7 "
							                    >
								<Coordinate point="0.037836 -0.065834 0.065733 0.034221 0.066493 0.067038 -0.544433 0.047588 0.381179 -0.540818 -0.084739 0.379873 0.034221 0.066493 0.067038 -0.037836 0.065834 -0.065733 -0.616490 0.046930 0.248408 -0.544433 0.047588 0.381179 -0.037836 0.065834 -0.065733 -0.034221 -0.066493 -0.067038 -0.612876 -0.085398 0.247102 -0.616490 0.046930 0.248408 -0.034221 -0.066493 -0.067038 0.037836 -0.065834 0.065733 -0.540818 -0.084739 0.379873 -0.612876 -0.085398 0.247102 -0.034221 -0.066493 -0.067038 -0.037836 0.065834 -0.065733 -0.616490 0.046930 0.248408 -0.612876 -0.085398 0.247102 " />
								<Normal vector="0.798334 -0.558000 0.226386 0.766808 0.596179 0.237770 -0.247536 0.563036 0.788446 -0.216010 -0.591144 0.777062 0.766808 0.596179 0.237770 0.216010 0.591144 -0.777062 -0.798334 0.558000 -0.226386 -0.247536 0.563036 0.788446 0.216010 0.591144 -0.777062 0.247536 -0.563036 -0.788446 -0.766808 -0.596179 -0.237770 -0.798334 0.558000 -0.226386 0.247536 -0.563036 -0.788446 0.798334 -0.558000 0.226386 -0.216010 -0.591144 0.777062 -0.766808 -0.596179 -0.237770 0.247536 -0.563036 -0.788446 0.216010 0.591144 -0.777062 -0.798334 0.558000 -0.226386 -0.766808 -0.596179 -0.237770 " />
								<TextureCoordinate point="0.0352 0.5279 0.0352 0.9721 0.5351 0.9721 0.5351 0.5279 0.0352 0.5279 0.0352 0.9721 0.5351 0.9721 0.5351 0.5279 0.0352 0.5279 0.0352 0.9721 0.5351 0.9721 0.5351 0.5279 0.0352 0.5279 0.0352 0.9721 0.5351 0.9721 0.5351 0.5279 0.5351 0.9721 0.5351 0.5279 0.0352 0.5279 0.0352 0.9721 " />
							</IndexedTriangleSet>
						</Shape>
					</Group>
				</Transform>
			</Transform>
			<Transform DEF="Cube_040_TRANSFORM"
			           translation="-0.127801 0.126138 1.068916"
			           scale="1.000000 1.000000 1.000000"
			           rotation="0.000000 1.000000 0.000000 0.000000"
			           >
				<Transform DEF="Cube_040_ifs_TRANSFORM"
				           translation="0.000000 0.000000 0.000000"
				           scale="1.000000 1.000000 1.000000"
				           rotation="0.000000 1.000000 0.000000 0.000000"
				           >
					<Group DEF="group_ME_Cube_042">
						<Shape>
							<Appearance>
								<Material USE="MA_Body" />
							</Appearance>
							<IndexedTriangleSet solid="false"
							                    normalPerVertex="true"
							                    index="0 1 2 0 2 3 4 5 6 4 6 7 8 9 10 8 10 11 12 13 14 12 14 15 4 13 16 4 16 17 18 19 14 18 14 7 "
							                    >
								<Coordinate point="0.152339 -0.117400 -0.010355 0.143594 0.117400 0.051915 0.089742 0.013699 0.435371 0.098487 -0.221101 0.373101 0.143594 0.117400 0.051915 -0.152339 0.117400 0.010355 -0.206191 0.013699 0.393811 0.089742 0.013699 0.435371 -0.152339 0.117400 0.010355 -0.143594 -0.117400 -0.051915 -0.197446 -0.221101 0.331541 -0.206191 0.013699 0.393811 -0.143594 -0.117400 -0.051915 0.152339 -0.117400 -0.010355 0.098487 -0.221101 0.373101 -0.197446 -0.221101 0.331541 -0.143594 -0.117400 -0.051915 -0.152339 0.117400 0.010355 -0.206191 0.013699 0.393811 -0.197446 -0.221101 0.331541 " />
								<Normal vector="0.670064 -0.408338 -0.619861 0.628529 0.707053 -0.324076 0.473403 0.408338 0.780450 0.514939 -0.707053 0.484664 0.628529 0.707053 -0.324076 -0.514939 0.707053 -0.484664 -0.670064 0.408338 0.619861 0.473403 0.408338 0.780450 -0.514939 0.707053 -0.484664 -0.473403 -0.408338 -0.780450 -0.628529 -0.707053 0.324076 -0.670064 0.408338 0.619861 -0.473403 -0.408338 -0.780450 0.670064 -0.408338 -0.619861 0.514939 -0.707053 0.484664 -0.628529 -0.707053 0.324076 -0.473403 -0.408338 -0.780450 -0.514939 0.707053 -0.484664 -0.670064 0.408338 0.619861 -0.628529 -0.707053 0.324076 " />
								<TextureCoordinate point="0.0352 0.5279 0.0352 0.9721 0.5351 0.9721 0.5351 0.5279 0.0352 0.5279 0.0352 0.9721 0.5351 0.9721 0.5351 0.5279 0.0352 0.5279 0.0352 0.9721 0.5351 0.9721 0.5351 0.5279 0.0352 0.5279 0.0352 0.9721 0.5351 0.9721 0.5351 0.5279 0.5351 0.9721 0.5351 0.5279 0.0352 0.5279 0.0352 0.9721 " />
							</IndexedTriangleSet>
						</Shape>
					</Group>
				</Transform>
				<Transform DEF="Cube_027_TRANSFORM"
				           translation="-0.015201 -0.112341 0.108239"
				           scale="1.000000 1.000000 1.000000"
				           rotation="0.000000 1.000000 0.000000 0.000000"
				           >
					<Transform DEF="Cube_027_ifs_TRANSFORM"
					           translation="0.000000 0.000000 0.000000"
					           scale="1.000000 1.000000 1.000000"
					           rotation="0.000000 1.000000 0.000000 0.000000"
					           >
						<Group DEF="group_ME_Cube_033">
							<Shape>
								<Appearance>
									<Material USE="MA_Body" />
								</Appearance>
								<IndexedTriangleSet solid="false"
								                    normalPerVertex="true"
								                    index="0 1 2 0 2 3 4 5 6 4 6 7 8 9 10 8 10 11 12 13 14 12 14 15 4 13 16 4 16 17 18 19 14 18 14 7 "
								                    >
									<Coordinate point="0.111374 -0.069982 0.016153 0.111515 0.069982 0.015149 -0.011327 0.076384 0.889851 -0.011468 -0.063579 0.890856 0.111515 0.069982 0.015149 -0.111374 0.069982 -0.016153 -0.234215 0.076384 0.858549 -0.011327 0.076384 0.889851 -0.111374 0.069982 -0.016153 -0.111515 -0.069982 -0.015149 -0.234357 -0.063579 0.859554 -0.234215 0.076384 0.858549 -0.111515 -0.069982 -0.015149 0.111374 -0.069982 0.016153 -0.011468 -0.063579 0.890856 -0.234357 -0.063579 0.859554 -0.111515 -0.069982 -0.015149 -0.111374 0.069982 -0.016153 -0.234215 0.076384 0.858549 -0.234357 -0.063579 0.859554 " />
									<Normal vector="0.651448 -0.581500 -0.487259 0.652608 0.573138 -0.495560 0.492019 0.581500 0.647847 0.490860 -0.573138 0.656148 0.652608 0.573138 -0.495560 -0.490860 0.573138 -0.656148 -0.651448 0.581500 0.487259 0.492019 0.581500 0.647847 -0.490860 0.573138 -0.656148 -0.492019 -0.581500 -0.647847 -0.652608 -0.573138 0.495560 -0.651448 0.581500 0.487259 -0.492019 -0.581500 -0.647847 0.651448 -0.581500 -0.487259 0.490860 -0.573138 0.656148 -0.652608 -0.573138 0.495560 -0.492019 -0.581500 -0.647847 -0.490860 0.573138 -0.656148 -0.651448 0.581500 0.487259 -0.652608 -0.573138 0.495560 " />
									<TextureCoordinate point="0.0352 0.5279 0.0352 0.9721 0.5351 0.9721 0.5351 0.5279 0.0352 0.5279 0.0352 0.9721 0.5351 0.9721 0.5351 0.5279 0.0352 0.5279 0.0352 0.9721 0.5351 0.9721 0.5351 0.5279 0.0352 0.5279 0.0352 0.9721 0.5351 0.9721 0.5351 0.5279 0.5351 0.9721 0.5351 0.5279 0.0352 0.5279 0.0352 0.9721 " />
								</IndexedTriangleSet>
							</Shape>
						</Group>
					</Transform>
				</Transform>
			</Transform>
			<Transform DEF="Cube_042_TRANSFORM"
			           translation="-0.380561 -0.356605 0.894779"
			           scale="1.000000 1.000000 1.000000"
			           rotation="0.000000 1.000000 0.000000 0.000000"
			           >
				<Transform DEF="Cube_042_ifs_TRANSFORM"
				           translation="0.000000 0.000000 0.000000"
				           scale="1.000000 1.000000 1.000000"
				           rotation="0.000000 1.000000 0.000000 0.000000"
				           >
					<Group DEF="group_ME_Cube_046">
						<Shape>
							<Appearance>
								<Material USE="MA_Eye" />
							</Appearance>
							<IndexedTriangleSet solid="false"
							                    normalPerVertex="true"
							                    index="0 1 2 0 2 3 4 5 6 4 6 7 8 9 10 8 10 11 12 13 14 12 14 15 4 16 17 4 17 18 19 20 14 19 14 21 22 23 24 22 24 7 25 26 27 25 27 28 29 13 30 29 30 31 32 33 34 32 34 35 36 16 24 36 24 37 38 39 40 38 40 41 29 42 43 29 43 21 32 44 45 32 45 28 "
							                    >
								<Coordinate point="0.187140 -0.269643 -0.092990 0.176634 -0.073816 -0.182410 0.255023 0.039889 0.057392 0.265529 -0.155938 0.146811 -0.142525 -0.048731 -0.089974 -0.255023 -0.039889 -0.057392 -0.176634 0.073816 0.182410 -0.064136 0.064974 0.149828 -0.255023 -0.039889 -0.057392 -0.244516 -0.235716 0.032028 -0.166127 -0.122011 0.271829 -0.176634 0.073816 0.182410 0.074643 -0.260801 -0.060408 0.187140 -0.269643 -0.092990 0.265529 -0.155938 0.146811 0.153032 -0.147096 0.179393 -0.132019 -0.244558 -0.000554 -0.244516 -0.235716 0.032028 -0.255023 -0.039889 -0.057392 0.142525 0.048731 0.089974 0.153032 -0.147096 0.179393 0.255023 0.039889 0.057392 -0.176634 0.073816 0.182410 -0.166127 -0.122011 0.271829 -0.053630 -0.130853 0.239247 -0.064136 0.064974 0.149828 -0.053630 -0.130853 0.239247 0.153032 -0.147096 0.179393 0.142525 0.048731 0.089974 0.176634 -0.073816 -0.182410 0.074643 -0.260801 -0.060408 0.064136 -0.064974 -0.149828 0.064136 -0.064974 -0.149828 0.074643 -0.260801 -0.060408 -0.132019 -0.244558 -0.000554 -0.142525 -0.048731 -0.089974 -0.244516 -0.235716 0.032028 -0.166127 -0.122011 0.271829 -0.132019 -0.244558 -0.000554 0.074643 -0.260801 -0.060408 0.153032 -0.147096 0.179393 -0.053630 -0.130853 0.239247 0.064136 -0.064974 -0.149828 0.142525 0.048731 0.089974 -0.142525 -0.048731 -0.089974 -0.064136 0.064974 0.149828 " />
								<Normal vector="0.417554 -0.805231 -0.420911 0.361278 0.243843 -0.899991 0.688375 0.718314 0.100620 0.744652 -0.330790 0.579669 -0.234748 0.351909 -0.906095 -0.744652 0.330790 -0.579669 -0.417554 0.805231 0.420911 0.165807 0.932981 0.319376 -0.744652 0.330790 -0.579669 -0.688375 -0.718314 -0.100620 -0.361278 -0.243843 0.899991 -0.417554 0.805231 0.420911 -0.165807 -0.932981 -0.319376 0.417554 -0.805231 -0.420911 0.744652 -0.330790 0.579669 0.234748 -0.351909 0.906095 -0.165807 -0.932981 -0.319376 -0.688375 -0.718314 -0.100620 -0.744652 0.330790 -0.579669 0.165807 0.932981 0.319376 0.234748 -0.351909 0.906095 0.688375 0.718314 0.100620 -0.417554 0.805231 0.420911 -0.361278 -0.243843 0.899991 0.234748 -0.351909 0.906095 0.165807 0.932981 0.319376 0.234748 -0.351909 0.906095 0.234748 -0.351909 0.906095 0.165807 0.932981 0.319376 0.361278 0.243843 -0.899991 -0.165807 -0.932981 -0.319376 -0.234748 0.351909 -0.906095 -0.234748 0.351909 -0.906095 -0.165807 -0.932981 -0.319376 -0.165807 -0.932981 -0.319376 -0.234748 0.351909 -0.906095 -0.688375 -0.718314 -0.100620 -0.361278 -0.243843 0.899991 -0.165807 -0.932981 -0.319376 -0.165807 -0.932981 -0.319376 0.234748 -0.351909 0.906095 0.234748 -0.351909 0.906095 -0.234748 0.351909 -0.906095 0.165807 0.932981 0.319376 -0.234748 0.351909 -0.906095 0.165807 0.932981 0.319376 " />
								<TextureCoordinate point="0.0924 0.8733 0.0924 0.9548 0.4076 0.9548 0.4076 0.8733 0.0924 0.8733 0.0924 0.9548 0.4076 0.9548 0.4076 0.8733 0.0924 0.8733 0.0924 0.9548 0.4076 0.9548 0.4076 0.8733 0.0924 0.8733 0.0924 0.9548 0.4076 0.9548 0.4076 0.8733 0.0924 0.9548 0.4076 0.9548 0.4076 0.8733 0.0924 0.8733 0.0924 0.9548 0.4076 0.8733 0.0924 0.8733 0.0924 0.9548 0.4076 0.9548 0.0924 0.8733 0.0924 0.9548 0.4076 0.9548 0.4076 0.8733 0.0924 0.8733 0.4076 0.9548 0.4076 0.8733 0.0924 0.8733 0.0924 0.9548 0.4076 0.9548 0.4076 0.8733 0.0924 0.8733 0.4076 0.8733 0.0208 0.9813 0.4792 0.9813 0.4792 0.0343 0.0208 0.0343 0.0924 0.9548 0.4076 0.9548 0.0924 0.9548 0.4076 0.9548 " />
							</IndexedTriangleSet>
						</Shape>
					</Group>
				</Transform>
			</Transform>
			<Transform DEF="Cube_047_TRANSFORM"
			           translation="-0.696992 0.004926 0.160755"
			           scale="1.000000 1.000000 1.000000"
			           rotation="0.000000 1.000000 0.000000 0.000000"
			           >
				<Transform DEF="Cube_047_ifs_TRANSFORM"
				           translation="0.000000 0.000000 0.000000"
				           scale="1.000000 1.000000 1.000000"
				           rotation="0.000000 1.000000 0.000000 0.000000"
				           >
					<Group DEF="group_ME_Cube_047">
						<Shape>
							<Appearance>
								<Material USE="MA_Body" />
							</Appearance>
							<IndexedTriangleSet solid="false"
							                    normalPerVertex="true"
							                    index="0 1 2 0 2 3 4 5 6 4 6 7 8 9 10 8 10 11 12 13 14 12 14 15 16 17 18 16 18 19 20 21 14 20 14 7 "
							                    >
								<Coordinate point="0.488329 -0.775028 0.042229 0.449754 0.733185 -0.317926 0.539876 0.806074 -0.022342 0.578450 -0.702138 0.337813 0.449754 0.733185 -0.317926 -0.488329 0.775028 -0.042229 -0.398207 0.847917 0.253355 0.539876 0.806074 -0.022342 -0.488329 0.775028 -0.042229 -0.449754 -0.733185 0.317926 -0.359633 -0.660296 0.613510 -0.398207 0.847917 0.253355 -0.449754 -0.733185 0.317926 0.488329 -0.775028 0.042229 0.578450 -0.702138 0.337813 -0.359633 -0.660296 0.613510 0.449754 0.733185 -0.317926 0.488329 -0.775028 0.042229 -0.449754 -0.733185 0.317926 -0.488329 0.775028 -0.042229 -0.398207 0.847917 0.253355 -0.359633 -0.660296 0.613510 " />
								<Normal vector="0.403882 -0.718589 -0.566088 0.375164 0.404157 -0.834193 0.702933 0.669240 0.240791 0.731651 -0.453505 0.508896 0.375164 0.404157 -0.834193 -0.731651 0.453505 -0.508896 -0.403882 0.718589 0.566088 0.702933 0.669240 0.240791 -0.731651 0.453505 -0.508896 -0.702933 -0.669240 -0.240791 -0.375164 -0.404157 0.834193 -0.403882 0.718589 0.566088 -0.702933 -0.669240 -0.240791 0.403882 -0.718589 -0.566088 0.731651 -0.453505 0.508896 -0.375164 -0.404157 0.834193 0.375164 0.404157 -0.834193 0.403882 -0.718589 -0.566088 -0.702933 -0.669240 -0.240791 -0.731651 0.453505 -0.508896 -0.403882 0.718589 0.566088 -0.375164 -0.404157 0.834193 " />
								<TextureCoordinate point="0.0352 0.0279 0.0352 0.4721 0.5351 0.4721 0.5351 0.0279 0.0352 0.0279 0.0352 0.4721 0.5351 0.4721 0.5351 0.0279 0.0352 0.0279 0.0352 0.4721 0.5351 0.4721 0.5351 0.0279 0.0352 0.0279 0.0352 0.4721 0.5351 0.4721 0.5351 0.0279 0.5960 0.5279 0.5960 0.9721 0.9665 0.9721 0.9665 0.5279 0.0352 0.0279 0.0352 0.4721 " />
							</IndexedTriangleSet>
						</Shape>
					</Group>
				</Transform>
			</Transform>
			<Transform DEF="leg4_TRANSFORM"
			           translation="0.782138 0.283169 0.068712"
			           scale="1.000000 1.000000 1.000000"
			           rotation="0.000000 1.000000 0.000000 0.000000"
			           >
				<Transform DEF="leg4_ifs_TRANSFORM"
				           translation="0.000000 0.000000 0.000000"
				           scale="1.000000 1.000000 1.000000"
				           rotation="0.000000 1.000000 0.000000 0.000000"
				           >
					<Group DEF="group_ME_leg4">
						<Shape>
							<Appearance>
								<Material USE="MA_Body" />
							</Appearance>
							<IndexedTriangleSet solid="false"
							                    normalPerVertex="true"
							                    index="0 1 2 0 2 3 4 5 6 4 6 7 8 9 10 8 10 11 12 13 14 12 14 15 4 13 16 4 16 17 18 19 14 18 14 7 "
							                    >
								<Coordinate point="-0.004823 0.109210 -0.068658 0.059439 -0.096729 -0.061436 0.004823 -0.109210 0.068658 -0.059439 0.096729 0.061436 0.059439 -0.096729 -0.061436 0.713361 0.117675 0.233662 0.658744 0.105194 0.363756 0.004823 -0.109210 0.068658 0.713361 0.117675 0.233662 0.649098 0.323613 0.226440 0.594482 0.311133 0.356534 0.658744 0.105194 0.363756 0.649098 0.323613 0.226440 -0.004823 0.109210 -0.068658 -0.059439 0.096729 0.061436 0.594482 0.311133 0.356534 0.649098 0.323613 0.226440 0.713361 0.117675 0.233662 0.658744 0.105194 0.363756 0.594482 0.311133 0.356534 " />
								<Normal vector="-0.453475 0.436384 -0.777123 -0.109684 -0.665273 -0.738487 -0.554918 -0.767022 0.322031 -0.898709 0.334635 0.283395 -0.109684 -0.665273 -0.738487 0.898709 -0.334635 -0.283395 0.453475 -0.436384 0.777123 -0.554918 -0.767022 0.322031 0.898709 -0.334635 -0.283395 0.554918 0.767022 -0.322031 0.109684 0.665273 0.738487 0.453475 -0.436384 0.777123 0.554918 0.767022 -0.322031 -0.453475 0.436384 -0.777123 -0.898709 0.334635 0.283395 0.109684 0.665273 0.738487 0.554918 0.767022 -0.322031 0.898709 -0.334635 -0.283395 0.453475 -0.436384 0.777123 0.109684 0.665273 0.738487 " />
								<TextureCoordinate point="0.0352 0.0279 0.0352 0.4721 0.5351 0.4721 0.5351 0.0279 0.0352 0.0279 0.0352 0.4721 0.5351 0.4721 0.5351 0.0279 0.0352 0.0279 0.0352 0.4721 0.5351 0.4721 0.5351 0.0279 0.0352 0.0279 0.0352 0.4721 0.5351 0.4721 0.5351 0.0279 0.5351 0.4721 0.5351 0.0279 0.0352 0.0279 0.0352 0.4721 " />
							</IndexedTriangleSet>
						</Shape>
					</Group>
				</Transform>
				<Transform DEF="Cube_051_TRANSFORM"
				           translation="0.617847 0.202576 0.278819"
				           scale="1.000000 1.000000 1.000000"
				           rotation="0.000000 1.000000 0.000000 0.000000"
				           >
					<Transform DEF="Cube_051_ifs_TRANSFORM"
					           translation="0.000000 0.000000 0.000000"
					           scale="1.000000 1.000000 1.000000"
					           rotation="0.000000 1.000000 0.000000 0.000000"
					           >
						<Group DEF="group_ME_Cube_054">
							<Shape>
								<Appearance>
									<Material USE="MA_Body" />
								</Appearance>
								<IndexedTriangleSet solid="false"
								                    normalPerVertex="true"
								                    index="0 1 2 0 2 3 4 5 6 4 6 7 8 9 10 8 10 11 12 13 14 12 14 15 4 13 16 4 16 17 18 19 14 18 14 7 "
								                    >
									<Coordinate point="-0.006320 0.133746 -0.100011 0.072772 -0.119712 -0.091123 0.006320 -0.133746 0.100011 -0.072772 0.119712 0.091123 0.072772 -0.119712 -0.091123 0.253476 -0.060969 -0.023983 0.187024 -0.075003 0.167150 0.006320 -0.133746 0.100011 0.253476 -0.060969 -0.023983 0.174385 0.192489 -0.032871 0.107933 0.178455 0.158262 0.187024 -0.075003 0.167150 0.174385 0.192489 -0.032871 -0.006320 0.133746 -0.100011 -0.072772 0.119712 0.091123 0.107933 0.178455 0.158262 0.174385 0.192489 -0.032871 0.253476 -0.060969 -0.023983 0.187024 -0.075003 0.167150 0.107933 0.178455 0.158262 " />
									<Normal vector="-0.500443 0.422468 -0.755669 -0.156652 -0.679159 -0.717032 -0.534928 -0.759056 0.370983 -0.878719 0.342570 0.332347 -0.156652 -0.679159 -0.717032 0.878719 -0.342570 -0.332347 0.500443 -0.422468 0.755669 -0.534928 -0.759056 0.370983 0.878719 -0.342570 -0.332347 0.534928 0.759056 -0.370983 0.156652 0.679159 0.717032 0.500443 -0.422468 0.755669 0.534928 0.759056 -0.370983 -0.500443 0.422468 -0.755669 -0.878719 0.342570 0.332347 0.156652 0.679159 0.717032 0.534928 0.759056 -0.370983 0.878719 -0.342570 -0.332347 0.500443 -0.422468 0.755669 0.156652 0.679159 0.717032 " />
									<TextureCoordinate point="0.0352 0.0279 0.0352 0.4721 0.5351 0.4721 0.5351 0.0279 0.0352 0.0279 0.0352 0.4721 0.5351 0.4721 0.5351 0.0279 0.5923 0.5357 0.5923 0.9799 0.9624 0.9799 0.9624 0.5357 0.0352 0.0279 0.0352 0.4721 0.5351 0.4721 0.5351 0.0279 0.5351 0.4721 0.5351 0.0279 0.0352 0.0279 0.0352 0.4721 " />
								</IndexedTriangleSet>
							</Shape>
						</Group>
					</Transform>
				</Transform>
				<Transform DEF="leg4_1_TRANSFORM"
				           translation="0.746212 0.244305 0.326512"
				           scale="1.000000 1.000000 1.000000"
				           rotation="0.000000 1.000000 0.000000 0.000000"
				           >
					<Transform DEF="leg4_1_ifs_TRANSFORM"
					           translation="0.000000 0.000000 0.000000"
					           scale="1.000000 1.000000 1.000000"
					           rotation="0.000000 1.000000 0.000000 0.000000"
					           >
						<Group DEF="group_ME_leg4_1">
							<Shape>
								<Appearance>
									<Material USE="MA_Body" />
								</Appearance>
								<IndexedTriangleSet solid="false"
								                    normalPerVertex="true"
								                    index="0 1 2 0 2 3 4 5 6 4 6 7 8 9 10 8 10 11 12 13 14 12 14 15 4 13 16 4 16 17 18 19 14 18 14 7 "
								                    >
									<Coordinate point="-0.025544 0.085182 -0.072726 0.028824 -0.089045 -0.066616 0.025544 -0.085182 0.072726 -0.028824 0.089045 0.066616 0.028824 -0.089045 -0.066616 0.139027 -0.054599 -0.064977 0.135747 -0.050736 0.074365 0.025544 -0.085182 0.072726 0.139027 -0.054599 -0.064977 0.084660 0.119629 -0.071086 0.081379 0.123491 0.068255 0.135747 -0.050736 0.074365 0.084660 0.119629 -0.071086 -0.025544 0.085182 -0.072726 -0.028824 0.089045 0.066616 0.081379 0.123491 0.068255 0.084660 0.119629 -0.071086 0.139027 -0.054599 -0.064977 0.135747 -0.050736 0.074365 0.081379 0.123491 0.068255 " />
									<Normal vector="-0.709281 0.362590 -0.604480 -0.365520 -0.739036 -0.565844 -0.392682 -0.707053 0.588061 -0.736442 0.394574 0.549455 -0.365520 -0.739036 -0.565844 0.736442 -0.394574 -0.549455 0.709281 -0.362590 0.604480 -0.392682 -0.707053 0.588061 0.736442 -0.394574 -0.549455 0.392682 0.707053 -0.588061 0.365520 0.739036 0.565844 0.709281 -0.362590 0.604480 0.392682 0.707053 -0.588061 -0.709281 0.362590 -0.604480 -0.736442 0.394574 0.549455 0.365520 0.739036 0.565844 0.392682 0.707053 -0.588061 0.736442 -0.394574 -0.549455 0.709281 -0.362590 0.604480 0.365520 0.739036 0.565844 " />
									<TextureCoordinate point="0.0352 0.0279 0.0352 0.4721 0.5351 0.4721 0.5351 0.0279 0.0352 0.0279 0.0352 0.4721 0.5351 0.4721 0.5351 0.0279 0.0352 0.0279 0.0352 0.4721 0.5351 0.4721 0.5351 0.0279 0.0352 0.0279 0.0352 0.4721 0.5351 0.4721 0.5351 0.0279 0.5351 0.4721 0.5351 0.0279 0.0352 0.0279 0.0352 0.4721 " />
								</IndexedTriangleSet>
							</Shape>
						</Group>
					</Transform>
					<Transform DEF="Cube_049_TRANSFORM"
					           translation="0.056483 0.018652 0.029286"
					           scale="1.000000 1.000000 1.000000"
					           rotation="0.000000 1.000000 0.000000 0.000000"
					           >
						<Transform DEF="Cube_049_ifs_TRANSFORM"
						           translation="0.000000 0.000000 0.000000"
						           scale="1.000000 1.000000 1.000000"
						           rotation="0.000000 1.000000 0.000000 0.000000"
						           >
							<Group DEF="group_ME_Cube_052">
								<Shape>
									<Appearance>
										<Material USE="MA_Body" />
									</Appearance>
									<IndexedTriangleSet solid="false"
									                    normalPerVertex="true"
									                    index="0 1 2 0 2 3 4 5 6 4 6 7 8 9 10 8 10 11 12 13 14 12 14 15 4 13 16 4 16 17 18 19 14 18 14 7 "
									                    >
										<Coordinate point="-0.100645 0.092510 -0.086554 -0.021934 -0.136731 -0.083683 0.100645 -0.092510 0.086554 0.021934 0.136731 0.083683 -0.021934 -0.136731 -0.083683 0.682586 0.098050 -0.651959 0.805165 0.142270 -0.481722 0.100645 -0.092510 0.086554 0.682586 0.098050 -0.651959 0.603875 0.327290 -0.654831 0.726455 0.371511 -0.484594 0.805165 0.142270 -0.481722 0.603875 0.327290 -0.654831 -0.100645 0.092510 -0.086554 0.021934 0.136731 0.083683 0.726455 0.371511 -0.484594 0.603875 0.327290 -0.654831 0.682586 0.098050 -0.651959 0.805165 0.142270 -0.481722 0.726455 0.371511 -0.484594 " />
										<Normal vector="-0.952544 0.281961 -0.114414 -0.577593 -0.810053 -0.100742 0.082583 -0.571886 0.816157 -0.292337 0.520127 0.802454 -0.577593 -0.810053 -0.100742 0.292337 -0.520127 -0.802454 0.952544 -0.281961 0.114414 0.082583 -0.571886 0.816157 0.292337 -0.520127 -0.802454 -0.082583 0.571886 -0.816157 0.577593 0.810053 0.100742 0.952544 -0.281961 0.114414 -0.082583 0.571886 -0.816157 -0.952544 0.281961 -0.114414 -0.292337 0.520127 0.802454 0.577593 0.810053 0.100742 -0.082583 0.571886 -0.816157 0.292337 -0.520127 -0.802454 0.952544 -0.281961 0.114414 0.577593 0.810053 0.100742 " />
										<TextureCoordinate point="0.0352 0.0279 0.0352 0.4721 0.5351 0.4721 0.5351 0.0279 0.0352 0.0279 0.0352 0.4721 0.5351 0.4721 0.5351 0.0279 0.5976 0.5291 0.5976 0.9787 0.9571 0.9787 0.9571 0.5291 0.0352 0.0279 0.0352 0.4721 0.5351 0.4721 0.5351 0.0279 0.5351 0.4721 0.5351 0.0279 0.0352 0.0279 0.0352 0.4721 " />
									</IndexedTriangleSet>
								</Shape>
							</Group>
						</Transform>
					</Transform>
					<Transform DEF="foot4_TRANSFORM"
					           translation="0.693307 0.227718 -0.632950"
					           scale="1.000000 1.000000 1.000000"
					           rotation="0.000000 1.000000 0.000000 0.000000"
					           >
						<Transform DEF="foot4_ifs_TRANSFORM"
						           translation="0.000000 0.000000 0.000000"
						           scale="1.000000 1.000000 1.000000"
						           rotation="0.000000 1.000000 0.000000 0.000000"
						           >
							<Group DEF="group_ME_foot4">
								<Shape>
									<Appearance>
										<Material USE="MA_Body" />
									</Appearance>
									<IndexedTriangleSet solid="false"
									                    normalPerVertex="true"
									                    index="0 1 2 0 2 3 4 5 6 4 6 7 8 9 10 8 10 11 12 13 14 12 14 15 4 13 16 4 16 17 18 19 14 18 14 7 "
									                    >
										<Coordinate point="-0.033789 0.092360 -0.095384 0.036595 -0.089643 -0.096929 0.033789 -0.092360 0.095384 -0.036595 0.089643 0.096929 0.036595 -0.089643 -0.096929 0.327814 0.022928 -0.091090 0.325009 0.020211 0.101223 0.033789 -0.092360 0.095384 0.327814 0.022928 -0.091090 0.257430 0.204931 -0.089545 0.254625 0.202213 0.102768 0.325009 0.020211 0.101223 0.257430 0.204931 -0.089545 -0.033789 0.092360 -0.095384 -0.036595 0.089643 0.096929 0.254625 0.202213 0.102768 0.257430 0.204931 -0.089545 0.327814 0.022928 -0.091090 0.325009 0.020211 0.101223 0.254625 0.202213 0.102768 " />
										<Normal vector="-0.738212 0.338481 -0.583453 -0.321757 -0.738426 -0.592578 -0.338603 -0.754753 0.561846 -0.755058 0.322184 0.571001 -0.321757 -0.738426 -0.592578 0.755058 -0.322184 -0.571001 0.738212 -0.338481 0.583453 -0.338603 -0.754753 0.561846 0.755058 -0.322184 -0.571001 0.338603 0.754753 -0.561846 0.321757 0.738426 0.592578 0.738212 -0.338481 0.583453 0.338603 0.754753 -0.561846 -0.738212 0.338481 -0.583453 -0.755058 0.322184 0.571001 0.321757 0.738426 0.592578 0.338603 0.754753 -0.561846 0.755058 -0.322184 -0.571001 0.738212 -0.338481 0.583453 0.321757 0.738426 0.592578 " />
										<TextureCoordinate point="0.0352 0.0279 0.0352 0.4721 0.5351 0.4721 0.5351 0.0279 0.0352 0.0279 0.0352 0.4721 0.5351 0.4721 0.5351 0.0279 0.0352 0.0279 0.0352 0.4721 0.5351 0.4721 0.5351 0.0279 0.0352 0.0279 0.0352 0.4721 0.5351 0.4721 0.5351 0.0279 0.5351 0.4721 0.5351 0.0279 0.0352 0.0279 0.0352 0.4721 " />
									</IndexedTriangleSet>
								</Shape>
							</Group>
						</Transform>
						<Transform DEF="Cube_050_TRANSFORM"
						           translation="0.235526 0.090911 0.020181"
						           scale="1.000000 1.000000 1.000000"
						           rotation="0.000000 1.000000 0.000000 0.000000"
						           >
							<Transform DEF="Cube_050_ifs_TRANSFORM"
							           translation="0.000000 0.000000 0.000000"
							           scale="1.000000 1.000000 1.000000"
							           rotation="0.000000 1.000000 0.000000 0.000000"
							           >
								<Group DEF="group_ME_Cube_053">
									<Shape>
										<Appearance>
											<Material USE="MA_Body" />
										</Appearance>
										<IndexedTriangleSet solid="false"
										                    normalPerVertex="true"
										                    index="0 1 2 0 2 3 4 5 6 4 6 7 8 9 10 8 10 11 12 13 14 12 14 15 4 13 16 4 16 17 18 19 14 18 14 7 "
										                    >
											<Coordinate point="-0.029154 0.045894 -0.043221 0.001627 -0.053865 -0.043820 0.029154 -0.045894 0.043221 -0.001627 0.053865 0.043820 0.001627 -0.053865 -0.043820 0.271136 0.029851 -0.136720 0.298663 0.037821 -0.049680 0.029154 -0.045894 0.043221 0.271136 0.029851 -0.136720 0.240355 0.129609 -0.136121 0.267882 0.137580 -0.049081 0.298663 0.037821 -0.049680 0.240355 0.129609 -0.136121 -0.029154 0.045894 -0.043221 -0.001627 0.053865 0.043820 0.267882 0.137580 -0.049081 0.240355 0.129609 -0.136121 0.271136 0.029851 -0.136720 0.298663 0.037821 -0.049680 0.267882 0.137580 -0.049081 " />
											<Normal vector="-0.867367 0.338755 -0.364544 -0.526902 -0.764550 -0.371166 -0.180059 -0.664113 0.725578 -0.520493 0.439192 0.732231 -0.526902 -0.764550 -0.371166 0.520493 -0.439192 -0.732231 0.867367 -0.338755 0.364544 -0.180059 -0.664113 0.725578 0.520493 -0.439192 -0.732231 0.180059 0.664113 -0.725578 0.526902 0.764550 0.371166 0.867367 -0.338755 0.364544 0.180059 0.664113 -0.725578 -0.867367 0.338755 -0.364544 -0.520493 0.439192 0.732231 0.526902 0.764550 0.371166 0.180059 0.664113 -0.725578 0.520493 -0.439192 -0.732231 0.867367 -0.338755 0.364544 0.526902 0.764550 0.371166 " />
											<TextureCoordinate point="0.0352 0.0279 0.0352 0.4721 0.5351 0.4721 0.5351 0.0279 0.0352 0.0279 0.0352 0.4721 0.5351 0.4721 0.5351 0.0279 0.0352 0.0279 0.0352 0.4721 0.5351 0.4721 0.5351 0.0279 0.0352 0.0279 0.0352 0.4721 0.5351 0.4721 0.5351 0.0279 0.5351 0.4721 0.5351 0.0279 0.0352 0.0279 0.0352 0.4721 " />
										</IndexedTriangleSet>
									</Shape>
								</Group>
							</Transform>
						</Transform>
					</Transform>
				</Transform>
			</Transform>
			<Transform DEF="leg2_TRANSFORM"
			           translation="-0.782138 -0.002576 0.202837"
			           scale="1.000000 1.000000 1.000000"
			           rotation="0.000000 1.000000 0.000000 0.000000"
			           >
				<Transform DEF="leg2_ifs_TRANSFORM"
				           translation="0.000000 0.000000 0.000000"
				           scale="1.000000 1.000000 1.000000"
				           rotation="0.000000 1.000000 0.000000 0.000000"
				           >
					<Group DEF="group_ME_leg2">
						<Shape>
							<Appearance>
								<Material USE="MA_Body" />
							</Appearance>
							<IndexedTriangleSet solid="false"
							                    normalPerVertex="true"
							                    index="0 1 2 0 2 3 4 5 6 4 6 7 8 9 10 8 10 11 12 13 14 12 14 15 4 13 16 4 16 17 18 19 14 18 14 7 "
							                    >
								<Coordinate point="0.012383 -0.109123 -0.067843 -0.055384 0.095811 -0.066458 -0.012383 0.109123 0.067843 0.055384 -0.095811 0.066458 -0.055384 0.095811 -0.066458 -0.728979 -0.128537 0.171454 -0.685978 -0.115225 0.305755 -0.012383 0.109123 0.067843 -0.728979 -0.128537 0.171454 -0.661212 -0.333472 0.170069 -0.618211 -0.320160 0.304371 -0.685978 -0.115225 0.305755 -0.661212 -0.333472 0.170069 0.012383 -0.109123 -0.067843 0.055384 -0.095811 0.066458 -0.618211 -0.320160 0.304371 -0.661212 -0.333472 0.170069 -0.728979 -0.128537 0.171454 -0.685978 -0.115225 0.305755 -0.618211 -0.320160 0.304371 " />
								<Normal vector="0.525346 -0.429395 -0.734550 0.162847 0.666860 -0.727134 0.513382 0.775384 0.367656 0.875912 -0.320872 0.360271 0.162847 0.666860 -0.727134 -0.875912 0.320872 -0.360271 -0.525346 0.429395 0.734550 0.513382 0.775384 0.367656 -0.875912 0.320872 -0.360271 -0.513382 -0.775384 -0.367656 -0.162847 -0.666860 0.727134 -0.525346 0.429395 0.734550 -0.513382 -0.775384 -0.367656 0.525346 -0.429395 -0.734550 0.875912 -0.320872 0.360271 -0.162847 -0.666860 0.727134 -0.513382 -0.775384 -0.367656 -0.875912 0.320872 -0.360271 -0.525346 0.429395 0.734550 -0.162847 -0.666860 0.727134 " />
								<TextureCoordinate point="0.0352 0.0279 0.0352 0.4721 0.5351 0.4721 0.5351 0.0279 0.0352 0.0279 0.0352 0.4721 0.5351 0.4721 0.5351 0.0279 0.0352 0.0279 0.0352 0.4721 0.5351 0.4721 0.5351 0.0279 0.0352 0.0279 0.0352 0.4721 0.5351 0.4721 0.5351 0.0279 0.5351 0.4721 0.5351 0.0279 0.0352 0.0279 0.0352 0.4721 " />
							</IndexedTriangleSet>
						</Shape>
					</Group>
				</Transform>
				<Transform DEF="Cube_054_TRANSFORM"
				           translation="-0.636436 -0.211972 0.224788"
				           scale="1.000000 1.000000 1.000000"
				           rotation="0.000000 1.000000 0.000000 0.000000"
				           >
					<Transform DEF="Cube_054_ifs_TRANSFORM"
					           translation="0.000000 0.000000 0.000000"
					           scale="1.000000 1.000000 1.000000"
					           rotation="0.000000 1.000000 0.000000 0.000000"
					           >
						<Group DEF="group_ME_Cube_057">
							<Shape>
								<Appearance>
									<Material USE="MA_Body" />
								</Appearance>
								<IndexedTriangleSet solid="false"
								                    normalPerVertex="true"
								                    index="0 1 2 0 2 3 4 5 6 4 6 7 8 9 10 8 10 11 12 13 14 12 14 15 4 13 16 4 16 17 18 19 14 18 14 7 "
								                    >
									<Coordinate point="0.016949 -0.133634 -0.098918 -0.066455 0.118589 -0.097214 -0.016949 0.133634 0.098918 0.066455 -0.118589 0.097214 -0.066455 0.118589 -0.097214 -0.251361 0.057097 -0.045824 -0.201856 0.072143 0.150307 -0.016949 0.133634 0.098918 -0.251361 0.057097 -0.045824 -0.167958 -0.195125 -0.047528 -0.118452 -0.180080 0.148603 -0.201856 0.072143 0.150307 -0.167958 -0.195125 -0.047528 0.016949 -0.133634 -0.098918 0.066455 -0.118589 0.097214 -0.118452 -0.180080 0.148603 -0.167958 -0.195125 -0.047528 -0.251361 0.057097 -0.045824 -0.201856 0.072143 0.150307 -0.118452 -0.180080 0.148603 " />
									<Normal vector="0.570086 -0.414777 -0.709159 0.207556 0.681478 -0.701773 0.489364 0.767113 0.414716 0.851894 -0.329142 0.407300 0.207556 0.681478 -0.701773 -0.851894 0.329142 -0.407300 -0.570086 0.414777 0.709159 0.489364 0.767113 0.414716 -0.851894 0.329142 -0.407300 -0.489364 -0.767113 -0.414716 -0.207556 -0.681478 0.701773 -0.570086 0.414777 0.709159 -0.489364 -0.767113 -0.414716 0.570086 -0.414777 -0.709159 0.851894 -0.329142 0.407300 -0.207556 -0.681478 0.701773 -0.489364 -0.767113 -0.414716 -0.851894 0.329142 -0.407300 -0.570086 0.414777 0.709159 -0.207556 -0.681478 0.701773 " />
									<TextureCoordinate point="0.0352 0.0279 0.0352 0.4721 0.5351 0.4721 0.5351 0.0279 0.0352 0.0279 0.0352 0.4721 0.5351 0.4721 0.5351 0.0279 0.5923 0.5357 0.5923 0.9799 0.9624 0.9799 0.9624 0.5357 0.0352 0.0279 0.0352 0.4721 0.5351 0.4721 0.5351 0.0279 0.5351 0.4721 0.5351 0.0279 0.0352 0.0279 0.0352 0.4721 " />
								</IndexedTriangleSet>
							</Shape>
						</Group>
					</Transform>
				</Transform>
				<Transform DEF="leg2_1_TRANSFORM"
				           translation="-0.767786 -0.255653 0.261293"
				           scale="1.000000 1.000000 1.000000"
				           rotation="0.000000 1.000000 0.000000 0.000000"
				           >
					<Transform DEF="leg2_1_ifs_TRANSFORM"
					           translation="0.000000 0.000000 0.000000"
					           scale="1.000000 1.000000 1.000000"
					           rotation="0.000000 1.000000 0.000000 0.000000"
					           >
						<Group DEF="group_ME_leg2_1">
							<Shape>
								<Appearance>
									<Material USE="MA_Body" />
								</Appearance>
								<IndexedTriangleSet solid="false"
								                    normalPerVertex="true"
								                    index="0 1 2 0 2 3 4 5 6 4 6 7 8 9 10 8 10 11 12 13 14 12 14 15 4 13 16 4 16 17 18 19 14 18 14 7 "
								                    >
									<Coordinate point="0.033009 -0.084783 -0.070141 -0.024323 0.088595 -0.068970 -0.033009 0.084783 0.070141 0.024323 -0.088595 0.068970 -0.024323 0.088595 -0.068970 -0.133721 0.052473 -0.076791 -0.142407 0.048661 0.062320 -0.033009 0.084783 0.070141 -0.133721 0.052473 -0.076791 -0.076389 -0.120905 -0.077962 -0.085076 -0.124718 0.061148 -0.142407 0.048661 0.062320 -0.076389 -0.120905 -0.077962 0.033009 -0.084783 -0.070141 0.024323 -0.088595 0.068970 -0.085076 -0.124718 0.061148 -0.076389 -0.120905 -0.077962 -0.133721 0.052473 -0.076791 -0.142407 0.048661 0.062320 -0.085076 -0.124718 0.061148 " />
									<Normal vector="0.764183 -0.351726 -0.540605 0.401685 0.744530 -0.533189 0.329722 0.712943 0.618793 0.692251 -0.383312 0.611408 0.401685 0.744530 -0.533189 -0.692251 0.383312 -0.611408 -0.764183 0.351726 0.540605 0.329722 0.712943 0.618793 -0.692251 0.383312 -0.611408 -0.329722 -0.712943 -0.618793 -0.401685 -0.744530 0.533189 -0.764183 0.351726 0.540605 -0.329722 -0.712943 -0.618793 0.764183 -0.351726 -0.540605 0.692251 -0.383312 0.611408 -0.401685 -0.744530 0.533189 -0.329722 -0.712943 -0.618793 -0.692251 0.383312 -0.611408 -0.764183 0.351726 0.540605 -0.401685 -0.744530 0.533189 " />
									<TextureCoordinate point="0.0352 0.0279 0.0352 0.4721 0.5351 0.4721 0.5351 0.0279 0.0352 0.0279 0.0352 0.4721 0.5351 0.4721 0.5351 0.0279 0.0352 0.0279 0.0352 0.4721 0.5351 0.4721 0.5351 0.0279 0.0352 0.0279 0.0352 0.4721 0.5351 0.4721 0.5351 0.0279 0.5351 0.4721 0.5351 0.0279 0.0352 0.0279 0.0352 0.4721 " />
								</IndexedTriangleSet>
							</Shape>
						</Group>
					</Transform>
					<Transform DEF="Cube_052_TRANSFORM"
					           translation="-0.058507 -0.019511 0.024333"
					           scale="1.000000 1.000000 1.000000"
					           rotation="0.000000 1.000000 0.000000 0.000000"
					           >
						<Transform DEF="Cube_052_ifs_TRANSFORM"
						           translation="0.000000 0.000000 0.000000"
						           scale="1.000000 1.000000 1.000000"
						           rotation="0.000000 1.000000 0.000000 0.000000"
						           >
							<Group DEF="group_ME_Cube_055">
								<Shape>
									<Appearance>
										<Material USE="MA_Body" />
									</Appearance>
									<IndexedTriangleSet solid="false"
									                    normalPerVertex="true"
									                    index="0 1 2 0 2 3 4 5 6 4 6 7 8 9 10 8 10 11 12 13 14 12 14 15 4 13 16 4 16 17 18 19 14 18 14 7 "
									                    >
										<Coordinate point="0.109126 -0.090965 -0.077435 0.026988 0.137049 -0.081660 -0.109126 0.090965 0.077435 -0.026988 -0.137049 0.081660 0.026988 0.137049 -0.081660 -0.622270 -0.108445 -0.708243 -0.758383 -0.154529 -0.549148 -0.109126 0.090965 0.077435 -0.622270 -0.108445 -0.708243 -0.540132 -0.336459 -0.704018 -0.676246 -0.382543 -0.544923 -0.758383 -0.154529 -0.549148 -0.540132 -0.336459 -0.704018 0.109126 -0.090965 -0.077435 -0.026988 -0.137049 0.081660 -0.676246 -0.382543 -0.544923 -0.540132 -0.336459 -0.704018 -0.622270 -0.108445 -0.708243 -0.758383 -0.154529 -0.549148 -0.676246 -0.382543 -0.544923 " />
										<Normal vector="0.963042 -0.267403 -0.031495 0.571764 0.818751 -0.051637 -0.161321 0.570544 0.805231 0.229926 -0.515610 0.825373 0.571764 0.818751 -0.051637 -0.229926 0.515610 -0.825373 -0.963042 0.267403 0.031495 -0.161321 0.570544 0.805231 -0.229926 0.515610 -0.825373 0.161321 -0.570544 -0.805231 -0.571764 -0.818751 0.051637 -0.963042 0.267403 0.031495 0.161321 -0.570544 -0.805231 0.963042 -0.267403 -0.031495 0.229926 -0.515610 0.825373 -0.571764 -0.818751 0.051637 0.161321 -0.570544 -0.805231 -0.229926 0.515610 -0.825373 -0.963042 0.267403 0.031495 -0.571764 -0.818751 0.051637 " />
										<TextureCoordinate point="0.0352 0.0279 0.0352 0.4721 0.5351 0.4721 0.5351 0.0279 0.0352 0.0279 0.0352 0.4721 0.5351 0.4721 0.5351 0.0279 0.5976 0.5291 0.5976 0.9787 0.9571 0.9787 0.9571 0.5291 0.0352 0.0279 0.0352 0.4721 0.5351 0.4721 0.5351 0.0279 0.5351 0.4721 0.5351 0.0279 0.0352 0.0279 0.0352 0.4721 " />
									</IndexedTriangleSet>
								</Shape>
							</Group>
						</Transform>
					</Transform>
					<Transform DEF="foot2_TRANSFORM"
					           translation="-0.669257 -0.238261 -0.717617"
					           scale="1.000000 1.000000 1.000000"
					           rotation="0.000000 1.000000 0.000000 0.000000"
					           >
						<Transform DEF="foot2_ifs_TRANSFORM"
						           translation="0.000000 0.000000 0.000000"
						           scale="1.000000 1.000000 1.000000"
						           rotation="0.000000 1.000000 0.000000 0.000000"
						           >
							<Group DEF="group_ME_foot2">
								<Shape>
									<Appearance>
										<Material USE="MA_Body" />
									</Appearance>
									<IndexedTriangleSet solid="false"
									                    normalPerVertex="true"
									                    index="0 1 2 0 2 3 4 5 6 4 6 7 8 9 10 8 10 11 12 13 14 12 14 15 4 13 16 4 16 17 18 19 14 18 14 7 "
									                    >
										<Coordinate point="0.032004 -0.091834 -0.096501 -0.041158 0.089074 -0.095614 -0.032004 0.091834 0.096501 0.041158 -0.089074 0.095614 -0.041158 0.089074 -0.095614 -0.330273 -0.027923 -0.080157 -0.321119 -0.025163 0.111957 -0.032004 0.091834 0.096501 -0.330273 -0.027923 -0.080157 -0.257111 -0.208832 -0.081045 -0.247958 -0.206072 0.111070 -0.321119 -0.025163 0.111957 -0.257111 -0.208832 -0.081045 0.032004 -0.091834 -0.096501 0.041158 -0.089074 0.095614 -0.247958 -0.206072 0.111070 -0.257111 -0.208832 -0.081045 -0.330273 -0.027923 -0.080157 -0.321119 -0.025163 0.111957 -0.247958 -0.206072 0.111070 " />
										<Normal vector="0.723502 -0.327189 -0.607837 0.290597 0.743248 -0.602588 0.345531 0.759819 0.550676 0.778436 -0.310617 0.545427 0.290597 0.743248 -0.602588 -0.778436 0.310617 -0.545427 -0.723502 0.327189 0.607837 0.345531 0.759819 0.550676 -0.778436 0.310617 -0.545427 -0.345531 -0.759819 -0.550676 -0.290597 -0.743248 0.602588 -0.723502 0.327189 0.607837 -0.345531 -0.759819 -0.550676 0.723502 -0.327189 -0.607837 0.778436 -0.310617 0.545427 -0.290597 -0.743248 0.602588 -0.345531 -0.759819 -0.550676 -0.778436 0.310617 -0.545427 -0.723502 0.327189 0.607837 -0.290597 -0.743248 0.602588 " />
										<TextureCoordinate point="0.0352 0.0279 0.0352 0.4721 0.5351 0.4721 0.5351 0.0279 0.0352 0.0279 0.0352 0.4721 0.5351 0.4721 0.5351 0.0279 0.0352 0.0279 0.0352 0.4721 0.5351 0.4721 0.5351 0.0279 0.0352 0.0279 0.0352 0.4721 0.5351 0.4721 0.5351 0.0279 0.5351 0.4721 0.5351 0.0279 0.0352 0.0279 0.0352 0.4721 " />
									</IndexedTriangleSet>
								</Shape>
							</Group>
						</Transform>
						<Transform DEF="Cube_053_TRANSFORM"
						           translation="-0.233313 -0.094491 0.027950"
						           scale="1.000000 1.000000 1.000000"
						           rotation="0.000000 1.000000 0.000000 0.000000"
						           >
							<Transform DEF="Cube_053_ifs_TRANSFORM"
							           translation="0.000000 0.000000 0.000000"
							           scale="1.000000 1.000000 1.000000"
							           rotation="0.000000 1.000000 0.000000 0.000000"
							           >
								<Group DEF="group_ME_Cube_056">
									<Shape>
										<Appearance>
											<Material USE="MA_Body" />
										</Appearance>
										<IndexedTriangleSet solid="false"
										                    normalPerVertex="true"
										                    index="0 1 2 0 2 3 4 5 6 4 6 7 8 9 10 8 10 11 12 13 14 12 14 15 4 13 16 4 16 17 18 19 14 18 14 7 "
										                    >
											<Coordinate point="0.028397 -0.045444 -0.044189 -0.003903 0.053834 -0.043714 -0.028397 0.045444 0.044189 0.003903 -0.053834 0.043714 -0.003903 0.053834 -0.043714 -0.275043 -0.033981 -0.127650 -0.299538 -0.042370 -0.039747 -0.028397 0.045444 0.044189 -0.275043 -0.033981 -0.127650 -0.242743 -0.133259 -0.128124 -0.267238 -0.141648 -0.040222 -0.299538 -0.042370 -0.039747 -0.242743 -0.133259 -0.128124 0.028397 -0.045444 -0.044189 0.003903 -0.053834 0.043714 -0.267238 -0.141648 -0.040222 -0.242743 -0.133259 -0.128124 -0.275043 -0.033981 -0.127650 -0.299538 -0.042370 -0.039747 -0.267238 -0.141648 -0.040222 " />
											<Normal vector="0.859828 -0.325510 -0.393323 0.502579 0.772515 -0.388073 0.193915 0.666799 0.719535 0.551164 -0.431227 0.714286 0.502579 0.772515 -0.388073 -0.551164 0.431227 -0.714286 -0.859828 0.325510 0.393323 0.193915 0.666799 0.719535 -0.551164 0.431227 -0.714286 -0.193915 -0.666799 -0.719535 -0.502579 -0.772515 0.388073 -0.859828 0.325510 0.393323 -0.193915 -0.666799 -0.719535 0.859828 -0.325510 -0.393323 0.551164 -0.431227 0.714286 -0.502579 -0.772515 0.388073 -0.193915 -0.666799 -0.719535 -0.551164 0.431227 -0.714286 -0.859828 0.325510 0.393323 -0.502579 -0.772515 0.388073 " />
											<TextureCoordinate point="0.0352 0.0279 0.0352 0.4721 0.5351 0.4721 0.5351 0.0279 0.0352 0.0279 0.0352 0.4721 0.5351 0.4721 0.5351 0.0279 0.0352 0.0279 0.0352 0.4721 0.5351 0.4721 0.5351 0.0279 0.0352 0.0279 0.0352 0.4721 0.5351 0.4721 0.5351 0.0279 0.5351 0.4721 0.5351 0.0279 0.0352 0.0279 0.0352 0.4721 " />
										</IndexedTriangleSet>
									</Shape>
								</Group>
							</Transform>
						</Transform>
					</Transform>
				</Transform>
			</Transform>
			<Transform DEF="leg3_TRANSFORM"
			           translation="-0.782138 0.283169 0.068712"
			           scale="1.000000 1.000000 1.000000"
			           rotation="0.000000 1.000000 0.000000 0.000000"
			           >
				<Transform DEF="leg3_ifs_TRANSFORM"
				           translation="0.000000 0.000000 0.000000"
				           scale="1.000000 1.000000 1.000000"
				           rotation="0.000000 1.000000 0.000000 0.000000"
				           >
					<Group DEF="group_ME_leg3">
						<Shape>
							<Appearance>
								<Material USE="MA_Body" />
							</Appearance>
							<IndexedTriangleSet solid="false"
							                    normalPerVertex="true"
							                    index="0 1 2 0 2 3 4 5 6 4 6 7 8 9 10 8 10 11 12 13 14 12 14 15 4 16 17 4 17 15 18 5 14 18 14 19 "
							                    >
								<Coordinate point="0.004823 0.109210 -0.068658 0.059439 0.096729 0.061436 -0.004823 -0.109210 0.068658 -0.059439 -0.096729 -0.061436 -0.059439 -0.096729 -0.061436 -0.004823 -0.109210 0.068658 -0.658744 0.105194 0.363756 -0.713361 0.117675 0.233662 -0.713361 0.117675 0.233662 -0.658744 0.105194 0.363756 -0.594482 0.311133 0.356534 -0.649098 0.323613 0.226440 -0.649098 0.323613 0.226440 -0.594482 0.311133 0.356534 0.059439 0.096729 0.061436 0.004823 0.109210 -0.068658 -0.713361 0.117675 0.233662 -0.649098 0.323613 0.226440 -0.658744 0.105194 0.363756 -0.594482 0.311133 0.356534 " />
								<Normal vector="0.453475 0.436384 -0.777123 0.898709 0.334635 0.283395 0.554918 -0.767022 0.322031 0.109684 -0.665273 -0.738487 0.109684 -0.665273 -0.738487 0.554918 -0.767022 0.322031 -0.453475 -0.436384 0.777123 -0.898709 -0.334635 -0.283395 -0.898709 -0.334635 -0.283395 -0.453475 -0.436384 0.777123 -0.109684 0.665273 0.738487 -0.554918 0.767022 -0.322031 -0.554918 0.767022 -0.322031 -0.109684 0.665273 0.738487 0.898709 0.334635 0.283395 0.453475 0.436384 -0.777123 -0.898709 -0.334635 -0.283395 -0.554918 0.767022 -0.322031 -0.453475 -0.436384 0.777123 -0.109684 0.665273 0.738487 " />
								<TextureCoordinate point="0.0352 0.0279 0.5351 0.0279 0.5351 0.4721 0.0352 0.4721 0.0352 0.0279 0.5351 0.0279 0.5351 0.4721 0.0352 0.4721 0.0352 0.0279 0.5351 0.0279 0.5351 0.4721 0.0352 0.4721 0.0352 0.0279 0.5351 0.0279 0.5351 0.4721 0.0352 0.4721 0.5351 0.0279 0.5351 0.4721 0.0352 0.0279 0.0352 0.4721 " />
							</IndexedTriangleSet>
						</Shape>
					</Group>
				</Transform>
				<Transform DEF="Cube_057_TRANSFORM"
				           translation="-0.617847 0.202576 0.278819"
				           scale="1.000000 1.000000 1.000000"
				           rotation="0.000000 1.000000 0.000000 0.000000"
				           >
					<Transform DEF="Cube_057_ifs_TRANSFORM"
					           translation="0.000000 0.000000 0.000000"
					           scale="1.000000 1.000000 1.000000"
					           rotation="0.000000 1.000000 0.000000 0.000000"
					           >
						<Group DEF="group_ME_Cube_060">
							<Shape>
								<Appearance>
									<Material USE="MA_Body" />
								</Appearance>
								<IndexedTriangleSet solid="false"
								                    normalPerVertex="true"
								                    index="0 1 2 0 2 3 4 5 6 4 6 7 8 9 10 8 10 11 12 13 14 12 14 15 4 16 17 4 17 15 18 5 14 18 14 19 "
								                    >
									<Coordinate point="0.006320 0.133746 -0.100011 0.072772 0.119712 0.091123 -0.006320 -0.133746 0.100011 -0.072772 -0.119712 -0.091123 -0.072772 -0.119712 -0.091123 -0.006320 -0.133746 0.100011 -0.187024 -0.075003 0.167150 -0.253476 -0.060969 -0.023983 -0.253476 -0.060969 -0.023983 -0.187024 -0.075003 0.167150 -0.107933 0.178455 0.158262 -0.174385 0.192489 -0.032871 -0.174385 0.192489 -0.032871 -0.107933 0.178455 0.158262 0.072772 0.119712 0.091123 0.006320 0.133746 -0.100011 -0.253476 -0.060969 -0.023983 -0.174385 0.192489 -0.032871 -0.187024 -0.075003 0.167150 -0.107933 0.178455 0.158262 " />
									<Normal vector="0.500443 0.422468 -0.755669 0.878719 0.342570 0.332347 0.534928 -0.759056 0.370983 0.156652 -0.679159 -0.717032 0.156652 -0.679159 -0.717032 0.534928 -0.759056 0.370983 -0.500443 -0.422468 0.755669 -0.878719 -0.342570 -0.332347 -0.878719 -0.342570 -0.332347 -0.500443 -0.422468 0.755669 -0.156652 0.679159 0.717032 -0.534928 0.759056 -0.370983 -0.534928 0.759056 -0.370983 -0.156652 0.679159 0.717032 0.878719 0.342570 0.332347 0.500443 0.422468 -0.755669 -0.878719 -0.342570 -0.332347 -0.534928 0.759056 -0.370983 -0.500443 -0.422468 0.755669 -0.156652 0.679159 0.717032 " />
									<TextureCoordinate point="0.0352 0.0279 0.5351 0.0279 0.5351 0.4721 0.0352 0.4721 0.0352 0.0279 0.5351 0.0279 0.5351 0.4721 0.0352 0.4721 0.5923 0.5357 0.9624 0.5357 0.9624 0.9799 0.5923 0.9799 0.0352 0.0279 0.5351 0.0279 0.5351 0.4721 0.0352 0.4721 0.5351 0.0279 0.5351 0.4721 0.0352 0.0279 0.0352 0.4721 " />
								</IndexedTriangleSet>
							</Shape>
						</Group>
					</Transform>
				</Transform>
				<Transform DEF="leg3_1_TRANSFORM"
				           translation="-0.746212 0.244305 0.326512"
				           scale="1.000000 1.000000 1.000000"
				           rotation="0.000000 1.000000 0.000000 0.000000"
				           >
					<Transform DEF="leg3_1_ifs_TRANSFORM"
					           translation="0.000000 0.000000 0.000000"
					           scale="1.000000 1.000000 1.000000"
					           rotation="0.000000 1.000000 0.000000 0.000000"
					           >
						<Group DEF="group_ME_leg3_1">
							<Shape>
								<Appearance>
									<Material USE="MA_Body" />
								</Appearance>
								<IndexedTriangleSet solid="false"
								                    normalPerVertex="true"
								                    index="0 1 2 0 2 3 4 5 6 4 6 7 8 9 10 8 10 11 12 13 14 12 14 15 4 16 17 4 17 15 18 5 14 18 14 19 "
								                    >
									<Coordinate point="0.025544 0.085182 -0.072726 0.028824 0.089045 0.066616 -0.025544 -0.085182 0.072726 -0.028824 -0.089045 -0.066616 -0.028824 -0.089045 -0.066616 -0.025544 -0.085182 0.072726 -0.135747 -0.050736 0.074365 -0.139027 -0.054599 -0.064977 -0.139027 -0.054599 -0.064977 -0.135747 -0.050736 0.074365 -0.081379 0.123491 0.068255 -0.084660 0.119629 -0.071086 -0.084660 0.119629 -0.071086 -0.081379 0.123491 0.068255 0.028824 0.089045 0.066616 0.025544 0.085182 -0.072726 -0.139027 -0.054599 -0.064977 -0.084660 0.119629 -0.071086 -0.135747 -0.050736 0.074365 -0.081379 0.123491 0.068255 " />
									<Normal vector="0.709281 0.362590 -0.604480 0.736442 0.394574 0.549455 0.392682 -0.707053 0.588061 0.365520 -0.739036 -0.565844 0.365520 -0.739036 -0.565844 0.392682 -0.707053 0.588061 -0.709281 -0.362590 0.604480 -0.736442 -0.394574 -0.549455 -0.736442 -0.394574 -0.549455 -0.709281 -0.362590 0.604480 -0.365520 0.739036 0.565844 -0.392682 0.707053 -0.588061 -0.392682 0.707053 -0.588061 -0.365520 0.739036 0.565844 0.736442 0.394574 0.549455 0.709281 0.362590 -0.604480 -0.736442 -0.394574 -0.549455 -0.392682 0.707053 -0.588061 -0.709281 -0.362590 0.604480 -0.365520 0.739036 0.565844 " />
									<TextureCoordinate point="0.0352 0.0279 0.5351 0.0279 0.5351 0.4721 0.0352 0.4721 0.0352 0.0279 0.5351 0.0279 0.5351 0.4721 0.0352 0.4721 0.0352 0.0279 0.5351 0.0279 0.5351 0.4721 0.0352 0.4721 0.0352 0.0279 0.5351 0.0279 0.5351 0.4721 0.0352 0.4721 0.5351 0.0279 0.5351 0.4721 0.0352 0.0279 0.0352 0.4721 " />
								</IndexedTriangleSet>
							</Shape>
						</Group>
					</Transform>
					<Transform DEF="Cube_055_TRANSFORM"
					           translation="-0.056483 0.018652 0.029286"
					           scale="1.000000 1.000000 1.000000"
					           rotation="0.000000 1.000000 0.000000 0.000000"
					           >
						<Transform DEF="Cube_055_ifs_TRANSFORM"
						           translation="0.000000 0.000000 0.000000"
						           scale="1.000000 1.000000 1.000000"
						           rotation="0.000000 1.000000 0.000000 0.000000"
						           >
							<Group DEF="group_ME_Cube_058">
								<Shape>
									<Appearance>
										<Material USE="MA_Body" />
									</Appearance>
									<IndexedTriangleSet solid="false"
									                    normalPerVertex="true"
									                    index="0 1 2 0 2 3 4 5 6 4 6 7 8 9 10 8 10 11 12 13 14 12 14 15 4 16 17 4 17 15 18 5 14 18 14 19 "
									                    >
										<Coordinate point="0.100645 0.092510 -0.086554 -0.021934 0.136731 0.083683 -0.100645 -0.092510 0.086554 0.021934 -0.136731 -0.083683 0.021934 -0.136731 -0.083683 -0.100645 -0.092510 0.086554 -0.805165 0.142270 -0.481722 -0.682586 0.098050 -0.651959 -0.682586 0.098050 -0.651959 -0.805165 0.142270 -0.481722 -0.726455 0.371511 -0.484594 -0.603875 0.327290 -0.654831 -0.603875 0.327290 -0.654831 -0.726455 0.371511 -0.484594 -0.021934 0.136731 0.083683 0.100645 0.092510 -0.086554 -0.682586 0.098050 -0.651959 -0.603875 0.327290 -0.654831 -0.805165 0.142270 -0.481722 -0.726455 0.371511 -0.484594 " />
										<Normal vector="0.952544 0.281961 -0.114414 0.292337 0.520127 0.802454 -0.082583 -0.571886 0.816157 0.577593 -0.810053 -0.100742 0.577593 -0.810053 -0.100742 -0.082583 -0.571886 0.816157 -0.952544 -0.281961 0.114414 -0.292337 -0.520127 -0.802454 -0.292337 -0.520127 -0.802454 -0.952544 -0.281961 0.114414 -0.577593 0.810053 0.100742 0.082583 0.571886 -0.816157 0.082583 0.571886 -0.816157 -0.577593 0.810053 0.100742 0.292337 0.520127 0.802454 0.952544 0.281961 -0.114414 -0.292337 -0.520127 -0.802454 0.082583 0.571886 -0.816157 -0.952544 -0.281961 0.114414 -0.577593 0.810053 0.100742 " />
										<TextureCoordinate point="0.0352 0.0279 0.5351 0.0279 0.5351 0.4721 0.0352 0.4721 0.0352 0.0279 0.5351 0.0279 0.5351 0.4721 0.0352 0.4721 0.5976 0.5291 0.9571 0.5291 0.9571 0.9787 0.5976 0.9787 0.0352 0.0279 0.5351 0.0279 0.5351 0.4721 0.0352 0.4721 0.5351 0.0279 0.5351 0.4721 0.0352 0.0279 0.0352 0.4721 " />
									</IndexedTriangleSet>
								</Shape>
							</Group>
						</Transform>
					</Transform>
					<Transform DEF="foot3_TRANSFORM"
					           translation="-0.693307 0.227718 -0.632950"
					           scale="1.000000 1.000000 1.000000"
					           rotation="0.000000 1.000000 0.000000 0.000000"
					           >
						<Transform DEF="foot3_ifs_TRANSFORM"
						           translation="0.000000 0.000000 0.000000"
						           scale="1.000000 1.000000 1.000000"
						           rotation="0.000000 1.000000 0.000000 0.000000"
						           >
							<Group DEF="group_ME_foot3">
								<Shape>
									<Appearance>
										<Material USE="MA_Body" />
									</Appearance>
									<IndexedTriangleSet solid="false"
									                    normalPerVertex="true"
									                    index="0 1 2 0 2 3 4 5 6 4 6 7 8 9 10 8 10 11 12 13 14 12 14 15 4 16 17 4 17 15 18 5 14 18 14 19 "
									                    >
										<Coordinate point="0.033789 0.092360 -0.095384 0.036595 0.089643 0.096929 -0.033789 -0.092360 0.095384 -0.036595 -0.089643 -0.096929 -0.036595 -0.089643 -0.096929 -0.033789 -0.092360 0.095384 -0.325009 0.020211 0.101223 -0.327814 0.022928 -0.091090 -0.327814 0.022928 -0.091090 -0.325009 0.020211 0.101223 -0.254625 0.202213 0.102768 -0.257430 0.204931 -0.089545 -0.257430 0.204931 -0.089545 -0.254625 0.202213 0.102768 0.036595 0.089643 0.096929 0.033789 0.092360 -0.095384 -0.327814 0.022928 -0.091090 -0.257430 0.204931 -0.089545 -0.325009 0.020211 0.101223 -0.254625 0.202213 0.102768 " />
										<Normal vector="0.738212 0.338481 -0.583453 0.755058 0.322184 0.571001 0.338603 -0.754753 0.561846 0.321757 -0.738426 -0.592578 0.321757 -0.738426 -0.592578 0.338603 -0.754753 0.561846 -0.738212 -0.338481 0.583453 -0.755058 -0.322184 -0.571001 -0.755058 -0.322184 -0.571001 -0.738212 -0.338481 0.583453 -0.321757 0.738426 0.592578 -0.338603 0.754753 -0.561846 -0.338603 0.754753 -0.561846 -0.321757 0.738426 0.592578 0.755058 0.322184 0.571001 0.738212 0.338481 -0.583453 -0.755058 -0.322184 -0.571001 -0.338603 0.754753 -0.561846 -0.738212 -0.338481 0.583453 -0.321757 0.738426 0.592578 " />
										<TextureCoordinate point="0.0352 0.0279 0.5351 0.0279 0.5351 0.4721 0.0352 0.4721 0.0352 0.0279 0.5351 0.0279 0.5351 0.4721 0.0352 0.4721 0.0352 0.0279 0.5351 0.0279 0.5351 0.4721 0.0352 0.4721 0.0352 0.0279 0.5351 0.0279 0.5351 0.4721 0.0352 0.4721 0.5351 0.0279 0.5351 0.4721 0.0352 0.0279 0.0352 0.4721 " />
									</IndexedTriangleSet>
								</Shape>
							</Group>
						</Transform>
						<Transform DEF="Cube_056_TRANSFORM"
						           translation="-0.235526 0.090911 0.020181"
						           scale="1.000000 1.000000 1.000000"
						           rotation="0.000000 1.000000 0.000000 0.000000"
						           >
							<Transform DEF="Cube_056_ifs_TRANSFORM"
							           translation="0.000000 0.000000 0.000000"
							           scale="1.000000 1.000000 1.000000"
							           rotation="0.000000 1.000000 0.000000 0.000000"
							           >
								<Group DEF="group_ME_Cube_059">
									<Shape>
										<Appearance>
											<Material USE="MA_Body" />
										</Appearance>
										<IndexedTriangleSet solid="false"
										                    normalPerVertex="true"
										                    index="0 1 2 0 2 3 4 5 6 4 6 7 8 9 10 8 10 11 12 13 14 12 14 15 4 16 17 4 17 15 18 5 14 18 14 19 "
										                    >
											<Coordinate point="0.029154 0.045894 -0.043221 0.001627 0.053865 0.043820 -0.029154 -0.045894 0.043221 -0.001627 -0.053865 -0.043820 -0.001627 -0.053865 -0.043820 -0.029154 -0.045894 0.043221 -0.298663 0.037821 -0.049680 -0.271136 0.029851 -0.136720 -0.271136 0.029851 -0.136720 -0.298663 0.037821 -0.049680 -0.267882 0.137580 -0.049081 -0.240355 0.129609 -0.136121 -0.240355 0.129609 -0.136121 -0.267882 0.137580 -0.049081 0.001627 0.053865 0.043820 0.029154 0.045894 -0.043221 -0.271136 0.029851 -0.136720 -0.240355 0.129609 -0.136121 -0.298663 0.037821 -0.049680 -0.267882 0.137580 -0.049081 " />
											<Normal vector="0.867367 0.338755 -0.364544 0.520493 0.439192 0.732231 0.180059 -0.664113 0.725578 0.526902 -0.764550 -0.371166 0.526902 -0.764550 -0.371166 0.180059 -0.664113 0.725578 -0.867367 -0.338755 0.364544 -0.520493 -0.439192 -0.732231 -0.520493 -0.439192 -0.732231 -0.867367 -0.338755 0.364544 -0.526902 0.764550 0.371166 -0.180059 0.664113 -0.725578 -0.180059 0.664113 -0.725578 -0.526902 0.764550 0.371166 0.520493 0.439192 0.732231 0.867367 0.338755 -0.364544 -0.520493 -0.439192 -0.732231 -0.180059 0.664113 -0.725578 -0.867367 -0.338755 0.364544 -0.526902 0.764550 0.371166 " />
											<TextureCoordinate point="0.0352 0.0279 0.5351 0.0279 0.5351 0.4721 0.0352 0.4721 0.0352 0.0279 0.5351 0.0279 0.5351 0.4721 0.0352 0.4721 0.0352 0.0279 0.5351 0.0279 0.5351 0.4721 0.0352 0.4721 0.0352 0.0279 0.5351 0.0279 0.5351 0.4721 0.0352 0.4721 0.5351 0.0279 0.5351 0.4721 0.0352 0.0279 0.0352 0.4721 " />
										</IndexedTriangleSet>
									</Shape>
								</Group>
							</Transform>
						</Transform>
					</Transform>
				</Transform>
			</Transform>
		</Transform>
	</Scene>
</X3D>