<?xml version="1.0" encoding="UTF-8"?>
<!DOCTYPE X3D PUBLIC "ISO//Web3D//DTD X3D 3.0//EN" "http://www.web3d.org/specifications/x3d-3.0.dtd">
<X3D version="3.0" profile="Immersive" xmlns:xsd="http://www.w3.org/2001/XMLSchema-instance" xsd:noNamespaceSchemaLocation="http://www.web3d.org/specifications/x3d-3.0.xsd">
	<head>
		<meta name="filename" content="nuzleaf.x3d" />
		<meta name="generator" content="Blender 2.93.18" />
	</head>
	<Scene>
		<NavigationInfo headlight="true"
		                visibilityLimit="0.0"
		                type='"EXAMINE", "ANY"'
		                avatarSize="0.25, 1.75, 0.75"
		                />
		<Background DEF="WO_World"
		            groundColor="0.051 0.051 0.051"
		            skyColor="0.051 0.051 0.051"
		            />
		<Transform DEF="body_TRANSFORM"
		           translation="0.000000 0.024294 1.933631"
		           scale="1.000000 1.000000 1.000000"
		           rotation="0.000000 0.000000 1.000000 3.141593"
		           >
			<Transform DEF="body_ifs_TRANSFORM"
			           translation="0.000000 0.000000 0.000000"
			           scale="1.000000 1.000000 1.000000"
			           rotation="0.000000 1.000000 0.000000 0.000000"
			           >
				<Group DEF="group_ME_body">
					<Shape>
						<Appearance>
							<Material DEF="MA_Body"
							          diffuseColor="0.800 0.800 0.800"
							          specularColor="0.401 0.401 0.401"
							          emissiveColor="0.000 0.000 0.000"
							          ambientIntensity="0.000"
							          shininess="0.500"
							          transparency="0.0"
							          />
						</Appearance>
						<IndexedTriangleSet solid="false"
						                    normalPerVertex="true"
						                    index="0 1 2 0 2 3 4 5 6 4 6 7 8 9 10 8 10 11 12 13 14 12 14 15 4 16 17 4 17 15 18 5 14 18 14 19 "
						                    >
							<Coordinate point="-1.014206 -0.750307 -0.028261 -1.014206 -0.774968 0.626485 -1.014206 0.725645 0.683006 -1.014206 0.750307 0.028261 -1.014206 0.750307 0.028261 -1.014206 0.725645 0.683006 1.014206 0.725645 0.683006 1.014206 0.750307 0.028261 1.014206 0.750307 0.028261 1.014206 0.725645 0.683006 1.014206 -0.774968 0.626485 1.014206 -0.750307 -0.028261 1.014206 -0.750307 -0.028261 1.014206 -0.774968 0.626485 -1.014206 -0.774968 0.626485 -1.014206 -0.750307 -0.028261 1.014206 0.750307 0.028261 1.014206 -0.750307 -0.028261 1.014206 0.725645 0.683006 1.014206 -0.774968 0.626485 " />
							<Normal vector="-0.577349 -0.555193 -0.598651 -0.577349 -0.598651 0.555193 -0.577349 0.555193 0.598651 -0.577349 0.598651 -0.555193 -0.577349 0.598651 -0.555193 -0.577349 0.555193 0.598651 0.577349 0.555193 0.598651 0.577349 0.598651 -0.555193 0.577349 0.598651 -0.555193 0.577349 0.555193 0.598651 0.577349 -0.598651 0.555193 0.577349 -0.555193 -0.598651 0.577349 -0.555193 -0.598651 0.577349 -0.598651 0.555193 -0.577349 -0.598651 0.555193 -0.577349 -0.555193 -0.598651 0.577349 0.598651 -0.555193 0.577349 -0.555193 -0.598651 0.577349 0.555193 0.598651 0.577349 -0.598651 0.555193 " />
							<TextureCoordinate point="0.0486 0.7799 0.5999 0.7799 0.5999 0.9701 0.0486 0.9701 0.0486 0.7799 0.5999 0.7799 0.5999 0.9701 0.0486 0.9701 0.0486 0.7799 0.5999 0.7799 0.5999 0.9701 0.0486 0.9701 0.0486 0.7799 0.5999 0.7799 0.5999 0.9701 0.0486 0.9701 0.5999 0.7799 0.5999 0.9701 0.0486 0.7799 0.0486 0.9701 " />
						</IndexedTriangleSet>
					</Shape>
				</Group>
			</Transform>
			<Transform DEF="body1_TRANSFORM"
			           translation="0.000000 -0.031068 0.567153"
			           scale="1.000000 1.000000 1.000000"
			           rotation="0.000000 1.000000 0.000000 0.000000"
			           >
				<Transform DEF="body1_ifs_TRANSFORM"
				           translation="0.000000 0.000000 0.000000"
				           scale="1.000000 1.000000 1.000000"
				           rotation="0.000000 1.000000 0.000000 0.000000"
				           >
					<Group DEF="group_ME_body1">
						<Shape>
							<Appearance>
								<Material USE="MA_Body" />
							</Appearance>
							<IndexedTriangleSet solid="false"
							                    normalPerVertex="true"
							                    index="0 1 2 0 2 3 4 5 6 4 6 7 8 9 10 8 10 11 12 13 14 12 14 15 4 16 17 4 17 15 18 5 14 18 14 19 "
							                    >
								<Coordinate point="-0.919764 -0.676278 0.020880 -0.919764 -0.660712 0.525037 -0.919764 0.691844 0.483276 -0.919764 0.676278 -0.020880 -0.919764 0.676278 -0.020880 -0.919764 0.691844 0.483276 0.919764 0.691844 0.483276 0.919764 0.676278 -0.020880 0.919764 0.676278 -0.020880 0.919764 0.691844 0.483276 0.919764 -0.660712 0.525037 0.919764 -0.676278 0.020880 0.919764 -0.676278 0.020880 0.919764 -0.660712 0.525037 -0.919764 -0.660712 0.525037 -0.919764 -0.676278 0.020880 0.919764 0.676278 -0.020880 0.919764 -0.676278 0.020880 0.919764 0.691844 0.483276 0.919764 -0.660712 0.525037 " />
								<Normal vector="-0.577349 -0.594867 -0.559252 -0.577349 -0.559252 0.594867 -0.577349 0.594867 0.559252 -0.577349 0.559252 -0.594867 -0.577349 0.559252 -0.594867 -0.577349 0.594867 0.559252 0.577349 0.594867 0.559252 0.577349 0.559252 -0.594867 0.577349 0.559252 -0.594867 0.577349 0.594867 0.559252 0.577349 -0.559252 0.594867 0.577349 -0.594867 -0.559252 0.577349 -0.594867 -0.559252 0.577349 -0.559252 0.594867 -0.577349 -0.559252 0.594867 -0.577349 -0.594867 -0.559252 0.577349 0.559252 -0.594867 0.577349 -0.594867 -0.559252 0.577349 0.594867 0.559252 0.577349 -0.559252 0.594867 " />
								<TextureCoordinate point="0.0486 0.7799 0.5999 0.7799 0.5999 0.9701 0.0486 0.9701 0.0486 0.7799 0.5999 0.7799 0.5999 0.9701 0.0486 0.9701 0.0486 0.7799 0.5999 0.7799 0.5999 0.9701 0.0486 0.9701 0.0486 0.7799 0.5999 0.7799 0.5999 0.9701 0.0486 0.9701 0.5999 0.7799 0.5999 0.9701 0.0486 0.7799 0.0486 0.9701 " />
							</IndexedTriangleSet>
						</Shape>
					</Group>
				</Transform>
				<Transform DEF="Cube_002_TRANSFORM"
				           translation="0.000000 0.014364 0.465227"
				           scale="1.000000 1.000000 1.000000"
				           rotation="0.000000 1.000000 0.000000 0.000000"
				           >
					<Transform DEF="Cube_002_ifs_TRANSFORM"
					           translation="0.000000 0.000000 0.000000"
					           scale="1.000000 1.000000 1.000000"
					           rotation="0.000000 1.000000 0.000000 0.000000"
					           >
						<Group DEF="group_ME_Cube_002">
							<Shape>
								<Appearance>
									<Material USE="MA_Body" />
								</Appearance>
								<IndexedTriangleSet solid="false"
								                    normalPerVertex="true"
								                    index="0 1 2 0 2 3 4 5 6 4 6 7 8 9 10 8 10 11 12 13 14 12 14 15 16 17 18 16 18 19 20 21 14 20 14 22 23 24 25 23 25 26 27 20 22 27 22 28 29 30 31 29 31 32 33 16 19 33 19 34 35 36 37 35 37 38 39 40 13 39 13 12 41 21 42 41 42 43 44 45 5 44 5 4 46 47 48 46 48 49 29 50 51 29 51 52 53 54 55 53 55 56 57 58 59 57 59 60 56 55 61 56 61 32 62 63 64 62 64 65 49 48 66 49 66 67 68 69 70 68 70 71 47 44 4 47 4 48 50 41 43 50 43 51 72 73 74 72 74 75 58 35 38 58 38 59 55 12 15 55 15 61 63 8 11 63 11 64 48 4 7 48 7 66 69 0 3 69 3 70 76 77 78 76 78 79 80 81 39 80 39 54 51 43 82 51 82 83 83 82 44 83 44 47 60 59 80 60 80 84 84 80 54 84 54 53 52 51 83 52 83 85 85 83 47 85 47 46 43 42 86 43 86 82 82 86 45 82 45 44 38 37 87 38 87 81 81 87 40 81 40 39 30 88 89 30 89 31 88 33 34 88 34 89 24 90 91 24 91 25 90 27 28 90 28 91 "
								                    >
									<Coordinate point="-0.833676 -0.568247 0.124859 -0.833676 -0.553126 0.614621 -0.833676 0.589989 0.579327 -0.833676 0.574868 0.089565 0.477130 0.574868 0.089565 0.477130 0.589989 0.579327 0.833676 0.589989 0.579327 0.833676 0.574868 0.089565 0.833676 0.574868 0.089565 0.833676 0.589989 0.579327 0.833676 -0.553126 0.614621 0.833676 -0.568247 0.124859 -0.477130 -0.568247 0.124859 -0.477130 -0.553126 0.614621 -0.833676 -0.553126 0.614621 -0.833676 -0.568247 0.124859 0.477130 0.571557 -0.017647 0.833676 0.571557 -0.017647 0.833676 -0.571557 0.017647 0.477130 -0.571557 0.017647 -0.477130 0.589989 0.579327 -0.833676 0.589989 0.579327 -0.477130 -0.553126 0.614621 0.833676 0.589989 0.579327 0.477130 0.589989 0.579327 0.477130 -0.553126 0.614621 0.833676 -0.553126 0.614621 -0.426826 0.589989 0.579327 -0.426826 -0.553125 0.614621 -0.833676 0.571557 -0.017647 -0.477130 0.571557 -0.017647 -0.477130 -0.571557 0.017647 -0.833676 -0.571557 0.017647 0.426826 0.571557 -0.017647 0.426826 -0.571557 0.017647 0.833676 -0.568247 0.124859 0.833676 -0.553126 0.614621 0.477130 -0.553126 0.614621 0.477130 -0.568247 0.124859 -0.426826 -0.568247 0.124859 -0.426826 -0.553125 0.614621 -0.833676 0.574868 0.089565 -0.477130 0.589989 0.579327 -0.477130 0.574868 0.089565 0.426826 0.574867 0.089565 0.426826 0.589989 0.579327 0.426826 0.571557 -0.017647 0.426826 0.573422 0.042761 0.477130 0.573422 0.042761 0.477130 0.571557 -0.017647 -0.833676 0.573423 0.042761 -0.477130 0.573422 0.042761 -0.477130 0.571557 -0.017647 -0.426826 -0.571557 0.017647 -0.426826 -0.569692 0.078055 -0.477130 -0.569692 0.078055 -0.477130 -0.571557 0.017647 0.833676 -0.571557 0.017647 0.833676 -0.569692 0.078055 0.477130 -0.569692 0.078055 0.477130 -0.571557 0.017647 -0.833676 -0.569692 0.078055 0.833676 0.571557 -0.017647 0.833676 0.573423 0.042761 0.833676 -0.569692 0.078055 0.833676 -0.571557 0.017647 0.833676 0.573423 0.042761 0.833676 0.571557 -0.017647 -0.833676 -0.571557 0.017647 -0.833676 -0.569692 0.078055 -0.833676 0.573423 0.042761 -0.833676 0.571557 -0.017647 -0.426826 -0.569692 0.078055 -0.426826 -0.568247 0.124859 -0.477130 -0.568247 0.124859 -0.477130 -0.569692 0.078055 0.477130 -0.569692 0.078055 0.477130 -0.568247 0.124859 0.426826 -0.568247 0.124859 0.426826 -0.569692 0.078055 0.426826 -0.569692 0.078055 0.426826 -0.568247 0.124859 -0.426826 0.574867 0.089565 -0.426826 0.573422 0.042761 0.426826 -0.571557 0.017647 -0.426826 0.571557 -0.017647 -0.426826 0.589989 0.579327 0.426826 -0.553125 0.614621 -0.426826 0.571557 -0.017647 -0.426826 -0.571557 0.017647 0.426826 0.589989 0.579327 0.426826 -0.553125 0.614621 " />
									<Normal vector="-0.707083 -0.706748 0.021821 -0.577349 -0.559252 0.594867 -0.577349 0.594867 0.559252 -0.707083 0.706748 -0.021821 0.000000 0.999512 -0.030854 0.000000 0.728568 0.684927 0.577349 0.594867 0.559252 0.707083 0.706748 -0.021821 0.707083 0.706748 -0.021821 0.577349 0.594867 0.559252 0.577349 -0.559252 0.594867 0.707083 -0.706748 0.021821 0.000000 -0.999512 0.030854 0.000000 -0.684927 0.728568 -0.577349 -0.559252 0.594867 -0.707083 -0.706748 0.021821 0.000000 0.684927 -0.728568 0.577349 0.559252 -0.594867 0.577349 -0.594867 -0.559252 0.000000 -0.728568 -0.684927 0.000000 0.728568 0.684927 -0.577349 0.594867 0.559252 0.000000 -0.684927 0.728568 0.577349 0.594867 0.559252 0.000000 0.728568 0.684927 0.000000 -0.684927 0.728568 0.577349 -0.559252 0.594867 0.000000 0.728568 0.684927 0.000000 -0.684927 0.728568 -0.577349 0.559252 -0.594867 0.000000 0.684927 -0.728568 0.000000 -0.728568 -0.684927 -0.577349 -0.594867 -0.559252 0.000000 0.684927 -0.728568 0.000000 -0.728568 -0.684927 0.707083 -0.706748 0.021821 0.577349 -0.559252 0.594867 0.000000 -0.684927 0.728568 0.000000 -0.999512 0.030854 0.000000 -0.999512 0.030854 0.000000 -0.684927 0.728568 -0.707083 0.706748 -0.021821 0.000000 0.728568 0.684927 0.000000 0.999512 -0.030854 0.000000 0.999512 -0.030854 0.000000 0.728568 0.684927 0.000000 0.684927 -0.728568 0.000000 0.999512 -0.030854 0.000000 0.999512 -0.030854 0.000000 0.684927 -0.728568 -0.707083 0.706748 -0.021821 0.000000 0.999512 -0.030854 0.000000 0.684927 -0.728568 0.000000 -0.728568 -0.684927 0.000000 -0.999512 0.030854 0.000000 -0.999512 0.030854 0.000000 -0.728568 -0.684927 0.577349 -0.594867 -0.559252 0.707083 -0.706748 0.021821 0.000000 -0.999512 0.030854 0.000000 -0.728568 -0.684927 -0.707083 -0.706748 0.021821 0.577349 0.559252 -0.594867 0.707083 0.706748 -0.021821 0.707083 -0.706748 0.021821 0.577349 -0.594867 -0.559252 0.707083 0.706748 -0.021821 0.577349 0.559252 -0.594867 -0.577349 -0.594867 -0.559252 -0.707083 -0.706748 0.021821 -0.707083 0.706748 -0.021821 -0.577349 0.559252 -0.594867 0.000000 -0.999512 0.030854 0.000000 -0.999512 0.030854 0.000000 -0.999512 0.030854 0.000000 -0.999512 0.030854 0.000000 -0.999512 0.030854 0.000000 -0.999512 0.030854 0.000000 -0.999512 0.030854 0.000000 -0.999512 0.030854 0.000000 -0.999512 0.030854 0.000000 -0.999512 0.030854 0.000000 0.999512 -0.030854 0.000000 0.999512 -0.030854 0.000000 -0.728568 -0.684927 0.000000 0.684927 -0.728568 0.000000 0.728568 0.684927 0.000000 -0.684927 0.728568 0.000000 0.684927 -0.728568 0.000000 -0.728568 -0.684927 0.000000 0.728568 0.684927 0.000000 -0.684927 0.728568 " />
									<TextureCoordinate point="0.4621 0.7799 0.5999 0.7799 0.5999 0.9701 0.4621 0.9701 0.4621 0.9067 0.5999 0.9067 0.5999 0.9701 0.4621 0.9701 0.4621 0.7799 0.5999 0.7799 0.5999 0.9701 0.4621 0.9701 0.4621 0.9067 0.5999 0.9067 0.5999 0.9701 0.4621 0.9701 0.4161 0.7799 0.5999 0.7799 0.5999 0.9701 0.4161 0.9701 0.4161 0.7799 0.5999 0.7799 0.4161 0.9701 0.0486 0.7799 0.2323 0.7799 0.2323 0.9701 0.0486 0.9701 0.3548 0.7799 0.3548 0.9701 0.0486 0.7799 0.2323 0.7799 0.2323 0.9701 0.0486 0.9701 0.3548 0.7799 0.3548 0.9701 0.4621 0.7799 0.5999 0.7799 0.5999 0.8433 0.4621 0.8433 0.4621 0.8856 0.5999 0.8856 0.4621 0.7799 0.5999 0.8433 0.4621 0.8433 0.4621 0.8856 0.5999 0.8856 0.0486 0.8856 0.3242 0.8856 0.3242 0.9067 0.0486 0.9067 0.3242 0.7799 0.3242 0.8433 0.0486 0.8433 0.0486 0.8856 0.3242 0.8856 0.3242 0.9067 0.0486 0.9067 0.0486 0.7799 0.3242 0.7799 0.3242 0.8433 0.0486 0.8433 0.3242 0.9701 0.0486 0.7799 0.3242 0.7799 0.3242 0.9701 0.0486 0.9701 0.3242 0.9701 0.0486 0.9701 0.0486 0.7799 0.3242 0.7799 0.3242 0.9701 0.0486 0.9701 0.4805 0.6543 0.6183 0.6543 0.6183 0.7208 0.4805 0.7208 0.4805 0.5214 0.6183 0.5214 0.6183 0.5879 0.4805 0.5879 0.3242 0.8644 0.4621 0.8644 0.4621 0.8644 0.3242 0.8644 0.0486 0.8644 0.0486 0.8644 0.5999 0.8644 0.5999 0.8644 0.2936 0.7799 0.2936 0.9701 0.2936 0.7799 0.2936 0.9701 " />
								</IndexedTriangleSet>
							</Shape>
						</Group>
					</Transform>
				</Transform>
				<Transform DEF="arm1_TRANSFORM"
				           translation="0.779560 0.053198 0.746199"
				           scale="1.000000 1.000000 1.000000"
				           rotation="0.000000 1.000000 0.000000 0.000000"
				           >
					<Transform DEF="arm1_ifs_TRANSFORM"
					           translation="0.000000 0.000000 0.000000"
					           scale="1.000000 1.000000 1.000000"
					           rotation="0.000000 1.000000 0.000000 0.000000"
					           >
						<Group DEF="group_ME_arm1">
							<Shape>
								<Appearance>
									<Material USE="MA_Body" />
								</Appearance>
								<IndexedTriangleSet solid="false"
								                    normalPerVertex="true"
								                    index="0 1 2 0 2 3 4 5 6 4 6 7 8 9 10 8 10 11 12 13 14 12 14 15 4 16 17 4 17 15 18 5 14 18 14 19 "
								                    >
									<Coordinate point="0.000000 -0.223576 -0.239101 0.000000 -0.223576 0.239101 0.000000 0.223576 0.239101 0.000000 0.223576 -0.239101 0.000000 0.223576 -0.239101 0.000000 0.223576 0.239101 1.118331 0.223576 0.239101 1.118331 0.223576 -0.239101 1.118331 0.223576 -0.239101 1.118331 0.223576 0.239101 1.118331 -0.223576 0.239101 1.118331 -0.223576 -0.239101 1.118331 -0.223576 -0.239101 1.118331 -0.223576 0.239101 0.000000 -0.223576 0.239101 0.000000 -0.223576 -0.239101 1.118331 0.223576 -0.239101 1.118331 -0.223576 -0.239101 1.118331 0.223576 0.239101 1.118331 -0.223576 0.239101 " />
									<Normal vector="-0.577349 -0.577349 -0.577349 -0.577349 -0.577349 0.577349 -0.577349 0.577349 0.577349 -0.577349 0.577349 -0.577349 -0.577349 0.577349 -0.577349 -0.577349 0.577349 0.577349 0.577349 0.577349 0.577349 0.577349 0.577349 -0.577349 0.577349 0.577349 -0.577349 0.577349 0.577349 0.577349 0.577349 -0.577349 0.577349 0.577349 -0.577349 -0.577349 0.577349 -0.577349 -0.577349 0.577349 -0.577349 0.577349 -0.577349 -0.577349 0.577349 -0.577349 -0.577349 -0.577349 0.577349 0.577349 -0.577349 0.577349 -0.577349 -0.577349 0.577349 0.577349 0.577349 0.577349 -0.577349 0.577349 " />
									<TextureCoordinate point="0.0486 0.7799 0.5999 0.7799 0.5999 0.9701 0.0486 0.9701 0.0486 0.7799 0.5999 0.7799 0.5999 0.9701 0.0486 0.9701 0.0486 0.7799 0.5999 0.7799 0.5999 0.9701 0.0486 0.9701 0.0486 0.7799 0.5999 0.7799 0.5999 0.9701 0.0486 0.9701 0.5999 0.7799 0.5999 0.9701 0.0486 0.7799 0.0486 0.9701 " />
								</IndexedTriangleSet>
							</Shape>
						</Group>
					</Transform>
					<Transform DEF="arm1_1_TRANSFORM"
					           translation="1.090643 0.000000 0.000000"
					           scale="1.000000 1.000000 1.000000"
					           rotation="0.000000 1.000000 0.000000 0.000000"
					           >
						<Transform DEF="arm1_1_ifs_TRANSFORM"
						           translation="0.000000 0.000000 0.000000"
						           scale="1.000000 1.000000 1.000000"
						           rotation="0.000000 1.000000 0.000000 0.000000"
						           >
							<Group DEF="group_ME_arm1_1">
								<Shape>
									<Appearance>
										<Material USE="MA_Body" />
									</Appearance>
									<IndexedTriangleSet solid="false"
									                    normalPerVertex="true"
									                    index="0 1 2 0 2 3 4 5 6 4 6 7 8 9 10 8 10 11 12 13 14 12 14 15 4 16 17 4 17 15 18 5 14 18 14 19 "
									                    >
										<Coordinate point="0.000000 -0.211165 -0.225829 0.000000 -0.211165 0.225829 0.000000 0.211165 0.225829 0.000000 0.211165 -0.225829 0.000000 0.211165 -0.225829 0.000000 0.211165 0.225829 1.243027 0.211165 0.225829 1.243027 0.211165 -0.225829 1.243027 0.211165 -0.225829 1.243027 0.211165 0.225829 1.243027 -0.211165 0.225829 1.243027 -0.211165 -0.225829 1.243027 -0.211165 -0.225829 1.243027 -0.211165 0.225829 0.000000 -0.211165 0.225829 0.000000 -0.211165 -0.225829 1.243027 0.211165 -0.225829 1.243027 -0.211165 -0.225829 1.243027 0.211165 0.225829 1.243027 -0.211165 0.225829 " />
										<Normal vector="-0.577349 -0.577349 -0.577349 -0.577349 -0.577349 0.577349 -0.577349 0.577349 0.577349 -0.577349 0.577349 -0.577349 -0.577349 0.577349 -0.577349 -0.577349 0.577349 0.577349 0.577349 0.577349 0.577349 0.577349 0.577349 -0.577349 0.577349 0.577349 -0.577349 0.577349 0.577349 0.577349 0.577349 -0.577349 0.577349 0.577349 -0.577349 -0.577349 0.577349 -0.577349 -0.577349 0.577349 -0.577349 0.577349 -0.577349 -0.577349 0.577349 -0.577349 -0.577349 -0.577349 0.577349 0.577349 -0.577349 0.577349 -0.577349 -0.577349 0.577349 0.577349 0.577349 0.577349 -0.577349 0.577349 " />
										<TextureCoordinate point="0.0486 0.7799 0.5999 0.7799 0.5999 0.9701 0.0486 0.9701 0.0486 0.7799 0.5999 0.7799 0.5999 0.9701 0.0486 0.9701 0.0486 0.7799 0.5999 0.7799 0.5999 0.9701 0.0486 0.9701 0.0486 0.7799 0.5999 0.7799 0.5999 0.9701 0.0486 0.9701 0.5999 0.7799 0.5999 0.9701 0.0486 0.7799 0.0486 0.9701 " />
									</IndexedTriangleSet>
								</Shape>
							</Group>
						</Transform>
						<Transform DEF="hand1_TRANSFORM"
						           translation="1.067467 0.000000 0.022085"
						           scale="1.000000 1.000000 1.000000"
						           rotation="0.000000 1.000000 0.000000 0.000000"
						           >
							<Transform DEF="hand1_ifs_TRANSFORM"
							           translation="0.000000 0.000000 0.000000"
							           scale="1.000000 1.000000 1.000000"
							           rotation="0.000000 1.000000 0.000000 0.000000"
							           >
								<Group DEF="group_ME_hand1">
									<Shape>
										<Appearance>
											<Material USE="MA_Body" />
										</Appearance>
										<IndexedTriangleSet solid="false"
										                    normalPerVertex="true"
										                    index="0 1 2 0 2 3 4 5 6 4 6 7 8 9 10 8 10 11 12 13 14 12 14 15 4 16 17 4 17 15 18 5 14 18 14 19 "
										                    >
											<Coordinate point="0.000000 -0.742186 -0.330019 0.000000 -0.742186 0.330019 0.000000 0.742186 0.330019 0.000000 0.742186 -0.330019 0.000000 0.742186 -0.330019 0.000000 0.742186 0.330019 1.048361 0.742186 0.330019 1.048361 0.742186 -0.330019 1.048361 0.742186 -0.330019 1.048361 0.742186 0.330019 1.048361 -0.742186 0.330019 1.048361 -0.742186 -0.330019 1.048361 -0.742186 -0.330019 1.048361 -0.742186 0.330019 0.000000 -0.742186 0.330019 0.000000 -0.742186 -0.330019 1.048361 0.742186 -0.330019 1.048361 -0.742186 -0.330019 1.048361 0.742186 0.330019 1.048361 -0.742186 0.330019 " />
											<Normal vector="-0.577349 -0.577349 -0.577349 -0.577349 -0.577349 0.577349 -0.577349 0.577349 0.577349 -0.577349 0.577349 -0.577349 -0.577349 0.577349 -0.577349 -0.577349 0.577349 0.577349 0.577349 0.577349 0.577349 0.577349 0.577349 -0.577349 0.577349 0.577349 -0.577349 0.577349 0.577349 0.577349 0.577349 -0.577349 0.577349 0.577349 -0.577349 -0.577349 0.577349 -0.577349 -0.577349 0.577349 -0.577349 0.577349 -0.577349 -0.577349 0.577349 -0.577349 -0.577349 -0.577349 0.577349 0.577349 -0.577349 0.577349 -0.577349 -0.577349 0.577349 0.577349 0.577349 0.577349 -0.577349 0.577349 " />
											<TextureCoordinate point="0.0486 0.7799 0.5999 0.7799 0.5999 0.9701 0.0486 0.9701 0.0486 0.7799 0.5999 0.7799 0.5999 0.9701 0.0486 0.9701 0.0486 0.7799 0.5999 0.7799 0.5999 0.9701 0.0486 0.9701 0.0486 0.7799 0.5999 0.7799 0.5999 0.9701 0.0486 0.9701 0.5999 0.7799 0.5999 0.9701 0.0486 0.7799 0.0486 0.9701 " />
										</IndexedTriangleSet>
									</Shape>
								</Group>
							</Transform>
							<Transform DEF="Cube_006_TRANSFORM"
							           translation="0.978270 0.000000 0.005330"
							           scale="1.000000 1.000000 1.000000"
							           rotation="0.000000 1.000000 0.000000 0.000000"
							           >
								<Transform DEF="Cube_006_ifs_TRANSFORM"
								           translation="0.000000 0.000000 0.000000"
								           scale="1.000000 1.000000 1.000000"
								           rotation="0.000000 1.000000 0.000000 0.000000"
								           >
									<Group DEF="group_ME_Cube_006">
										<Shape>
											<Appearance>
												<Material USE="MA_Body" />
											</Appearance>
											<IndexedTriangleSet solid="false"
											                    normalPerVertex="true"
											                    index="0 1 2 0 2 3 4 5 6 4 6 7 8 9 10 8 10 11 12 13 14 12 14 15 4 16 17 4 17 15 18 5 14 18 14 19 "
											                    >
												<Coordinate point="-0.031042 -0.686985 -0.257498 0.031042 -0.686985 0.257498 0.031042 0.686985 0.257498 -0.031042 0.686985 -0.257498 -0.031042 0.686985 -0.257498 0.031042 0.686985 0.257498 1.008898 0.686985 0.139614 0.946814 0.686985 -0.375381 0.946814 0.686985 -0.375381 1.008898 0.686985 0.139614 1.008898 -0.686985 0.139614 0.946814 -0.686985 -0.375381 0.946814 -0.686985 -0.375381 1.008898 -0.686985 0.139614 0.031042 -0.686985 0.257498 -0.031042 -0.686985 -0.257498 0.946814 0.686985 -0.375381 0.946814 -0.686985 -0.375381 1.008898 0.686985 0.139614 1.008898 -0.686985 0.139614 " />
												<Normal vector="-0.642293 -0.577349 -0.504074 -0.504074 -0.577349 0.642293 -0.504074 0.577349 0.642293 -0.642293 0.577349 -0.504074 -0.642293 0.577349 -0.504074 -0.504074 0.577349 0.642293 0.642293 0.577349 0.504074 0.504074 0.577349 -0.642293 0.504074 0.577349 -0.642293 0.642293 0.577349 0.504074 0.642293 -0.577349 0.504074 0.504074 -0.577349 -0.642293 0.504074 -0.577349 -0.642293 0.642293 -0.577349 0.504074 -0.504074 -0.577349 0.642293 -0.642293 -0.577349 -0.504074 0.504074 0.577349 -0.642293 0.504074 -0.577349 -0.642293 0.642293 0.577349 0.504074 0.642293 -0.577349 0.504074 " />
												<TextureCoordinate point="0.0486 0.7799 0.5999 0.7799 0.5999 0.9701 0.0486 0.9701 0.0486 0.7799 0.5999 0.7799 0.5999 0.9701 0.0486 0.9701 0.0486 0.7799 0.5999 0.7799 0.5999 0.9701 0.0486 0.9701 0.0486 0.7799 0.5999 0.7799 0.5999 0.9701 0.0486 0.9701 0.5999 0.7799 0.5999 0.9701 0.0486 0.7799 0.0486 0.9701 " />
											</IndexedTriangleSet>
										</Shape>
									</Group>
								</Transform>
							</Transform>
							<Transform DEF="Cube_007_TRANSFORM"
							           translation="0.386305 -0.602977 0.000000"
							           scale="1.000000 1.000000 1.000000"
							           rotation="0.000000 1.000000 0.000000 0.000000"
							           >
								<Transform DEF="Cube_007_ifs_TRANSFORM"
								           translation="0.000000 0.000000 0.000000"
								           scale="1.000000 1.000000 1.000000"
								           rotation="0.000000 1.000000 0.000000 0.000000"
								           >
									<Group DEF="group_ME_Cube_007">
										<Shape>
											<Appearance>
												<Material USE="MA_Body" />
											</Appearance>
											<IndexedTriangleSet solid="false"
											                    normalPerVertex="true"
											                    index="0 1 2 0 2 3 4 5 6 4 6 7 8 9 10 8 10 11 12 13 14 12 14 15 4 16 17 4 17 15 18 5 14 18 14 19 "
											                    >
												<Coordinate point="-0.198065 -0.072516 -0.201235 -0.198065 -0.072516 0.201235 0.198065 0.072516 0.201235 0.198065 0.072516 -0.201235 0.198065 0.072516 -0.201235 0.198065 0.072516 0.201235 0.499961 -0.752060 0.201235 0.499961 -0.752060 -0.201235 0.499961 -0.752060 -0.201235 0.499961 -0.752060 0.201235 0.103831 -0.897092 0.201235 0.103831 -0.897092 -0.201235 0.103831 -0.897092 -0.201235 0.103831 -0.897092 0.201235 -0.198065 -0.072516 0.201235 -0.198065 -0.072516 -0.201235 0.499961 -0.752060 -0.201235 0.103831 -0.897092 -0.201235 0.499961 -0.752060 0.201235 0.103831 -0.897092 0.201235 " />
												<Normal vector="-0.740623 0.343638 -0.577349 -0.740623 0.343638 0.577349 0.343638 0.740623 0.577349 0.343638 0.740623 -0.577349 0.343638 0.740623 -0.577349 0.343638 0.740623 0.577349 0.740623 -0.343638 0.577349 0.740623 -0.343638 -0.577349 0.740623 -0.343638 -0.577349 0.740623 -0.343638 0.577349 -0.343638 -0.740623 0.577349 -0.343638 -0.740623 -0.577349 -0.343638 -0.740623 -0.577349 -0.343638 -0.740623 0.577349 -0.740623 0.343638 0.577349 -0.740623 0.343638 -0.577349 0.740623 -0.343638 -0.577349 -0.343638 -0.740623 -0.577349 0.740623 -0.343638 0.577349 -0.343638 -0.740623 0.577349 " />
												<TextureCoordinate point="0.0486 0.7799 0.5999 0.7799 0.5999 0.9701 0.0486 0.9701 0.0486 0.7799 0.5999 0.7799 0.5999 0.9701 0.0486 0.9701 0.0486 0.7799 0.5999 0.7799 0.5999 0.9701 0.0486 0.9701 0.0486 0.7799 0.5999 0.7799 0.5999 0.9701 0.0486 0.9701 0.5999 0.7799 0.5999 0.9701 0.0486 0.7799 0.0486 0.9701 " />
											</IndexedTriangleSet>
										</Shape>
									</Group>
								</Transform>
							</Transform>
						</Transform>
					</Transform>
				</Transform>
				<Transform DEF="head_TRANSFORM"
				           translation="0.000000 0.055362 1.038374"
				           scale="1.000000 1.000000 1.000000"
				           rotation="0.000000 1.000000 0.000000 0.000000"
				           >
					<Transform DEF="head_ifs_TRANSFORM"
					           translation="0.000000 0.000000 0.000000"
					           scale="1.000000 1.000000 1.000000"
					           rotation="0.000000 1.000000 0.000000 0.000000"
					           >
						<Group DEF="group_ME_head">
							<Shape>
								<Appearance>
									<Material USE="MA_Body" />
								</Appearance>
								<IndexedTriangleSet solid="false"
								                    normalPerVertex="true"
								                    index="0 1 2 0 2 3 4 5 6 4 6 7 8 9 10 8 10 11 12 13 14 12 14 15 16 17 18 16 18 19 20 21 14 20 14 22 23 24 25 23 25 26 27 28 29 27 29 30 31 32 33 31 33 34 35 36 37 35 37 38 39 40 41 39 41 42 43 44 45 43 45 46 47 48 49 47 49 50 51 52 53 51 53 54 55 56 57 55 57 58 59 60 61 59 61 62 63 64 65 63 65 66 66 65 67 66 67 68 69 70 71 69 71 72 73 74 75 73 75 76 77 78 79 77 79 80 81 82 83 81 83 84 85 86 87 85 87 88 89 90 91 89 91 92 93 94 95 93 95 96 97 98 99 97 99 100 101 102 103 101 103 104 105 106 107 105 107 108 109 110 111 109 111 112 16 113 114 16 114 115 116 117 118 116 118 119 120 121 122 120 122 123 124 125 126 124 126 127 128 129 130 128 130 46 131 132 133 131 133 42 35 134 135 35 135 136 39 137 138 39 138 139 43 140 141 43 141 142 143 144 145 143 145 146 147 148 144 147 144 143 149 59 62 149 62 150 151 152 153 151 153 154 155 156 157 155 157 158 159 160 161 159 161 162 163 164 165 163 165 166 167 168 169 167 169 170 171 172 173 171 173 38 174 175 176 174 176 177 178 179 180 178 180 181 182 21 183 182 183 184 167 185 186 167 186 123 187 188 189 187 189 190 191 192 193 191 193 194 195 196 197 195 197 198 199 200 201 199 201 19 202 203 204 202 204 205 206 207 208 206 208 209 210 211 212 210 212 213 214 215 216 214 216 217 218 5 216 218 216 219 202 220 221 202 221 127 196 222 223 196 223 197 224 210 213 224 213 225 226 206 209 226 209 227 228 178 181 228 181 229 230 174 177 230 177 231 232 105 108 232 108 233 234 101 104 234 104 235 236 97 100 236 100 237 238 93 96 238 96 239 240 89 92 240 92 241 242 243 244 242 244 245 245 244 246 245 246 247 248 77 80 248 80 249 250 73 76 250 76 251 252 69 72 252 72 253 "
								                    >
									<Coordinate point="-1.782427 -1.547341 2.377896 -1.782427 -1.547341 2.887683 -1.782427 1.547341 2.887683 -1.782427 1.547341 2.136235 1.037626 1.547341 2.136235 1.037626 1.547341 2.887683 1.782427 1.547341 2.887683 1.782427 1.547341 2.136235 1.782427 1.547341 2.136235 1.782427 1.547341 2.887683 1.782427 -1.547341 2.887683 1.782427 -1.547341 2.377896 -1.037626 -1.547341 2.377896 -1.037626 -1.547341 2.887683 -1.782427 -1.547341 2.887683 -1.782427 -1.547341 2.377896 1.037626 1.547341 0.000000 1.782427 1.547341 0.000000 1.782427 -1.547341 0.000000 1.037626 -1.547341 0.000000 -1.037626 1.547341 2.887683 -1.782427 1.547341 2.887683 -1.037626 -1.547341 2.887683 1.037626 1.547341 2.887683 0.381877 1.547341 2.887683 0.381877 -1.547341 2.887683 1.037626 -1.547341 2.887683 0.381877 1.547341 2.887683 0.000000 1.547341 2.887683 -0.000000 -1.547341 2.887683 0.381877 -1.547341 2.887683 0.000000 1.547341 2.887683 -0.381877 1.547341 2.887683 -0.381877 -1.547341 2.887683 -0.000000 -1.547341 2.887683 -1.037626 1.547341 0.000000 -0.389632 1.547340 0.000000 -0.389632 -1.547341 0.000000 -1.037626 -1.547341 0.000000 -0.389632 1.547340 0.000000 -0.000000 1.547340 0.000000 0.000000 -1.547341 0.000000 -0.389632 -1.547341 0.000000 -0.000000 1.547340 0.000000 0.389632 1.547340 0.000000 0.389632 -1.547341 0.000000 0.000000 -1.547341 0.000000 1.037626 -1.547341 2.377896 1.037626 -1.547341 2.887683 0.381877 -1.547341 2.887683 0.381877 -1.547341 2.377896 0.381877 -1.547341 2.377896 0.381877 -1.547341 2.887683 -0.000000 -1.547341 2.887683 -0.000000 -1.547341 2.377896 -0.000000 -1.547341 2.377896 -0.000000 -1.547341 2.887683 -0.381877 -1.547341 2.887683 -0.381877 -1.547341 2.377896 -1.037626 1.547341 2.136235 -1.037626 1.547341 2.887683 -0.381877 1.547341 2.887683 -0.381877 1.547341 2.136235 -0.381877 1.547341 2.136235 -0.381877 1.547341 2.887683 0.000000 1.547341 2.887683 0.000000 1.547341 2.136235 0.381877 1.547341 2.887683 0.381877 1.547341 2.136235 -0.000000 1.547341 0.532958 -0.000000 1.547341 0.574590 0.381877 1.547341 0.574590 0.381877 1.547341 0.532958 -0.381877 1.547341 0.532958 -0.381877 1.547341 0.574590 -0.000000 1.547341 0.574590 -0.000000 1.547341 0.532958 -1.037626 1.547341 0.532958 -1.037626 1.547341 0.574590 -0.381877 1.547341 0.574590 -0.381877 1.547341 0.532958 0.000000 -1.547341 0.532958 0.000000 -1.547341 0.574590 -0.381877 -1.547341 0.574590 -0.385909 -1.547341 0.532958 0.385909 -1.547341 0.532958 0.381877 -1.547341 0.574590 0.000000 -1.547341 0.574590 0.000000 -1.547341 0.532958 1.037626 -1.547341 0.532958 1.037626 -1.547341 0.574590 0.381877 -1.547341 0.574590 0.385909 -1.547341 0.532958 -1.037626 -1.547341 0.532958 -1.037626 -1.547341 0.574590 -1.782427 -1.547341 0.574590 -1.782427 -1.547341 0.532958 1.782427 1.547341 0.532958 1.782427 1.547341 0.574590 1.782427 -1.547341 0.574590 1.782427 -1.547341 0.532958 1.037626 1.547341 0.532958 1.037626 1.547341 0.574590 1.782427 1.547341 0.574590 1.782427 1.547341 0.532958 -1.782427 -1.547341 0.532958 -1.782427 -1.547341 0.574590 -1.782427 1.547341 0.574590 -1.782427 1.547341 0.532958 -1.782427 -1.547341 0.000000 -1.782427 -1.547341 0.110498 -1.782427 1.547341 0.110498 -1.782427 1.547341 0.000000 1.037626 1.547341 0.110498 1.782427 1.547341 0.110498 1.782427 1.547341 0.000000 1.782427 1.547341 0.000000 1.782427 1.547341 0.110498 1.782427 -1.547341 0.110498 1.782427 -1.547341 0.000000 -1.037626 -1.547341 0.000000 -1.037626 -1.547341 0.110498 -1.782427 -1.547341 0.110498 -1.782427 -1.547341 0.000000 1.037626 -1.547341 0.000000 1.037626 -1.547341 0.110498 0.385909 -1.547341 0.110498 0.389632 -1.547341 0.000000 0.389632 -1.547341 0.000000 0.385909 -1.547341 0.110498 0.000000 -1.547341 0.110498 0.000000 -1.547341 0.000000 0.000000 -1.547341 0.110498 -0.385909 -1.547341 0.110498 -1.037626 1.547341 0.110498 -0.381877 1.547341 0.110498 -0.389632 1.547340 0.000000 -0.381877 1.547341 0.110498 -0.000000 1.547341 0.110498 -0.000000 1.547340 0.000000 -0.000000 1.547341 0.110498 0.381877 1.547341 0.110498 0.389632 1.547340 0.000000 -0.000000 1.547341 0.574590 0.000000 1.547341 2.136235 0.381877 1.547341 2.136235 0.381877 1.547341 0.574590 -0.381877 1.547341 0.574590 -0.381877 1.547341 2.136235 -1.037626 1.547341 0.574590 -0.381877 1.547341 0.574590 1.782427 1.547341 0.574590 1.782427 1.547341 2.136235 1.782427 -1.547341 2.377896 1.782427 -1.547341 0.574590 1.037626 1.547341 0.574590 1.037626 1.547341 2.136235 1.782427 1.547341 2.136235 1.782427 1.547341 0.574590 -1.782427 -1.547341 0.574590 -1.782427 -1.547341 2.377896 -1.782427 1.547341 2.136235 -1.782427 1.547341 0.574590 -1.782427 1.547341 0.574590 -1.782427 1.547341 2.136235 -1.037626 1.547341 2.136235 -1.037626 1.547341 0.574590 -1.782427 1.547341 0.000000 -1.782427 1.547341 0.110498 -1.037626 1.547341 0.110498 -1.037626 1.547341 0.000000 -0.389632 -1.547341 0.000000 -0.385909 -1.547341 0.110498 -1.037626 -1.547341 0.110498 -0.385909 -1.547341 0.532958 -0.381877 -1.547341 0.574590 -1.037626 -1.547341 0.574590 -1.037626 -1.547341 0.532958 -1.782427 1.547341 0.532958 -1.782427 1.547341 0.574590 -1.037626 1.547341 0.574590 -1.037626 1.547341 0.532958 -1.782427 1.547341 2.136235 -1.037626 1.547341 2.887683 -1.037626 1.547341 2.136235 -1.037626 1.547341 0.000000 -1.037626 -1.547341 0.000000 -0.381877 1.547341 2.887683 -1.037626 1.547341 2.887683 -1.037626 -1.547341 2.887683 -0.381877 -1.547341 2.887683 -0.381877 -1.547341 2.377896 -0.381877 -1.547341 2.887683 -1.037626 -1.547341 2.887683 -1.037626 -1.547341 2.377896 0.381877 1.547341 0.574590 0.381877 1.547341 2.136235 1.037626 1.547341 2.136235 1.037626 1.547341 0.574590 1.782427 -1.547341 0.000000 1.782427 -1.547341 0.110498 1.037626 -1.547341 0.110498 0.389632 1.547340 0.000000 0.381877 1.547341 0.110498 1.037626 1.547341 0.110498 1.037626 1.547341 0.000000 0.381877 1.547341 0.532958 0.381877 1.547341 0.574590 1.037626 1.547341 0.574590 1.037626 1.547341 0.532958 1.782427 -1.547341 0.532958 1.782427 -1.547341 0.574590 1.037626 -1.547341 0.574590 1.037626 -1.547341 0.532958 1.782427 -1.547341 2.377896 1.782427 -1.547341 2.887683 1.037626 -1.547341 2.887683 1.037626 -1.547341 2.377896 1.782427 1.547341 2.887683 1.782427 -1.547341 2.887683 1.037626 1.547341 0.000000 1.037626 -1.547341 0.000000 0.381877 1.547341 2.887683 1.037626 1.547341 2.887683 1.782427 -1.547341 0.110498 1.037626 -1.547341 0.110498 0.381877 1.547341 0.110498 1.037626 1.547341 0.110498 -1.782427 1.547341 0.110498 -1.037626 1.547341 0.110498 -0.385909 -1.547341 0.110498 -1.037626 -1.547341 0.110498 -1.782427 -1.547341 0.110498 -1.782427 1.547341 0.110498 1.037626 1.547341 0.110498 1.782427 1.547341 0.110498 1.782427 1.547341 0.110498 1.782427 -1.547341 0.110498 -1.037626 -1.547341 0.110498 -1.782427 -1.547341 0.110498 1.037626 -1.547341 0.110498 0.385909 -1.547341 0.110498 0.385909 -1.547341 0.110498 0.385909 -1.547341 0.532958 0.000000 -1.547341 0.532958 0.000000 -1.547341 0.110498 -0.385909 -1.547341 0.532958 -0.385909 -1.547341 0.110498 -1.037626 1.547341 0.110498 -0.381877 1.547341 0.110498 -0.381877 1.547341 0.110498 -0.000000 1.547341 0.110498 -0.000000 1.547341 0.110498 0.381877 1.547341 0.110498 " />
									<Normal vector="-0.707083 -0.707083 0.000000 -0.577349 -0.577349 0.577349 -0.577349 0.577349 0.577349 -0.707083 0.707083 0.000000 0.000000 1.000000 0.000000 0.000000 0.707083 0.707083 0.577349 0.577349 0.577349 0.707083 0.707083 0.000000 0.707083 0.707083 0.000000 0.577349 0.577349 0.577349 0.577349 -0.577349 0.577349 0.707083 -0.707083 0.000000 0.000000 -1.000000 0.000000 0.000000 -0.707083 0.707083 -0.577349 -0.577349 0.577349 -0.707083 -0.707083 0.000000 0.000000 0.707083 -0.707083 0.577349 0.577349 -0.577349 0.577349 -0.577349 -0.577349 0.000000 -0.707083 -0.707083 0.000000 0.707083 0.707083 -0.577349 0.577349 0.577349 0.000000 -0.707083 0.707083 0.000000 0.707083 0.707083 0.000000 0.707083 0.707083 0.000000 -0.707083 0.707083 0.000000 -0.707083 0.707083 0.000000 0.707083 0.707083 0.000000 0.707083 0.707083 0.000000 -0.707083 0.707083 0.000000 -0.707083 0.707083 0.000000 0.707083 0.707083 0.000000 0.707083 0.707083 0.000000 -0.707083 0.707083 0.000000 -0.707083 0.707083 0.000000 0.707083 -0.707083 0.000000 0.707083 -0.707083 0.000000 -0.707083 -0.707083 0.000000 -0.707083 -0.707083 0.000000 0.707083 -0.707083 0.000000 0.707083 -0.707083 0.000000 -0.707083 -0.707083 0.000000 -0.707083 -0.707083 0.000000 0.707083 -0.707083 0.000000 0.707083 -0.707083 0.000000 -0.707083 -0.707083 0.000000 -0.707083 -0.707083 0.000000 -1.000000 0.000000 0.000000 -0.707083 0.707083 0.000000 -0.707083 0.707083 0.000000 -1.000000 0.000000 0.000000 -1.000000 0.000000 0.000000 -0.707083 0.707083 0.000000 -0.707083 0.707083 0.000000 -1.000000 0.000000 0.000000 -1.000000 0.000000 0.000000 -0.707083 0.707083 0.000000 -0.707083 0.707083 0.000000 -1.000000 0.000000 0.000000 1.000000 0.000000 0.000000 0.707083 0.707083 0.000000 0.707083 0.707083 0.000000 1.000000 0.000000 0.000000 1.000000 0.000000 0.000000 0.707083 0.707083 0.000000 0.707083 0.707083 0.000000 1.000000 0.000000 0.000000 0.707083 0.707083 0.000000 1.000000 0.000000 0.000000 1.000000 0.000000 0.000000 1.000000 0.000000 0.000000 1.000000 0.000000 0.000000 1.000000 0.000000 0.000000 1.000000 0.000000 0.000000 1.000000 0.000000 0.000000 1.000000 0.000000 0.000000 1.000000 0.000000 0.000000 1.000000 0.000000 0.000000 1.000000 0.000000 0.000000 1.000000 0.000000 0.000000 1.000000 0.000000 0.000000 -1.000000 0.000000 0.000000 -1.000000 0.000000 0.000000 -1.000000 0.000000 0.000000 -1.000000 0.000000 0.000000 -1.000000 0.000000 0.000000 -1.000000 0.000000 0.000000 -1.000000 0.000000 0.000000 -1.000000 0.000000 0.000000 -1.000000 0.000000 0.000000 -1.000000 0.000000 0.000000 -1.000000 0.000000 0.000000 -1.000000 0.000000 0.000000 -1.000000 0.000000 0.000000 -1.000000 0.000000 -0.707083 -0.707083 0.000000 -0.707083 -0.707083 0.000000 0.707083 0.707083 0.000000 0.707083 0.707083 0.000000 0.707083 -0.707083 0.000000 0.707083 -0.707083 0.000000 0.000000 1.000000 0.000000 0.000000 1.000000 0.000000 0.707083 0.707083 0.000000 0.707083 0.707083 0.000000 -0.707083 -0.707083 0.000000 -0.707083 -0.707083 0.000000 -0.707083 0.707083 0.000000 -0.707083 0.707083 0.000000 -0.577349 -0.577349 -0.577349 -0.707083 -0.707083 0.000000 -0.707083 0.707083 0.000000 -0.577349 0.577349 -0.577349 0.000000 1.000000 0.000000 0.707083 0.707083 0.000000 0.577349 0.577349 -0.577349 0.577349 0.577349 -0.577349 0.707083 0.707083 0.000000 0.707083 -0.707083 0.000000 0.577349 -0.577349 -0.577349 0.000000 -0.707083 -0.707083 0.000000 -1.000000 0.000000 -0.707083 -0.707083 0.000000 -0.577349 -0.577349 -0.577349 0.000000 -0.707083 -0.707083 0.000000 -1.000000 0.000000 0.000000 -1.000000 0.000000 0.000000 -0.707083 -0.707083 0.000000 -0.707083 -0.707083 0.000000 -1.000000 0.000000 0.000000 -1.000000 0.000000 0.000000 -0.707083 -0.707083 0.000000 -1.000000 0.000000 0.000000 -1.000000 0.000000 0.000000 1.000000 0.000000 0.000000 1.000000 0.000000 0.000000 0.707083 -0.707083 0.000000 1.000000 0.000000 0.000000 1.000000 0.000000 0.000000 0.707083 -0.707083 0.000000 1.000000 0.000000 0.000000 1.000000 0.000000 0.000000 0.707083 -0.707083 0.000000 1.000000 0.000000 0.000000 1.000000 0.000000 0.000000 1.000000 0.000000 0.000000 1.000000 0.000000 0.000000 1.000000 0.000000 0.000000 1.000000 0.000000 0.000000 1.000000 0.000000 0.000000 1.000000 0.000000 0.707083 0.707083 0.000000 0.707083 0.707083 0.000000 0.707083 -0.707083 0.000000 0.707083 -0.707083 0.000000 0.000000 1.000000 0.000000 0.000000 1.000000 0.000000 0.707083 0.707083 0.000000 0.707083 0.707083 0.000000 -0.707083 -0.707083 0.000000 -0.707083 -0.707083 0.000000 -0.707083 0.707083 0.000000 -0.707083 0.707083 0.000000 -0.707083 0.707083 0.000000 -0.707083 0.707083 0.000000 0.000000 1.000000 0.000000 0.000000 1.000000 0.000000 -0.577349 0.577349 -0.577349 -0.707083 0.707083 0.000000 0.000000 1.000000 0.000000 0.000000 0.707083 -0.707083 0.000000 -0.707083 -0.707083 0.000000 -1.000000 0.000000 0.000000 -1.000000 0.000000 0.000000 -1.000000 0.000000 0.000000 -1.000000 0.000000 0.000000 -1.000000 0.000000 0.000000 -1.000000 0.000000 -0.707083 0.707083 0.000000 -0.707083 0.707083 0.000000 0.000000 1.000000 0.000000 0.000000 1.000000 0.000000 -0.707083 0.707083 0.000000 0.000000 0.707083 0.707083 0.000000 1.000000 0.000000 0.000000 0.707083 -0.707083 0.000000 -0.707083 -0.707083 0.000000 0.707083 0.707083 0.000000 0.707083 0.707083 0.000000 -0.707083 0.707083 0.000000 -0.707083 0.707083 0.000000 -1.000000 0.000000 0.000000 -0.707083 0.707083 0.000000 -0.707083 0.707083 0.000000 -1.000000 0.000000 0.000000 1.000000 0.000000 0.000000 1.000000 0.000000 0.000000 1.000000 0.000000 0.000000 1.000000 0.000000 0.577349 -0.577349 -0.577349 0.707083 -0.707083 0.000000 0.000000 -1.000000 0.000000 0.000000 0.707083 -0.707083 0.000000 1.000000 0.000000 0.000000 1.000000 0.000000 0.000000 0.707083 -0.707083 0.000000 1.000000 0.000000 0.000000 1.000000 0.000000 0.000000 1.000000 0.000000 0.000000 1.000000 0.000000 0.707083 -0.707083 0.000000 0.707083 -0.707083 0.000000 0.000000 -1.000000 0.000000 0.000000 -1.000000 0.000000 0.707083 -0.707083 0.000000 0.577349 -0.577349 0.577349 0.000000 -0.707083 0.707083 0.000000 -1.000000 0.000000 0.577349 0.577349 0.577349 0.577349 -0.577349 0.577349 0.000000 0.707083 -0.707083 0.000000 -0.707083 -0.707083 0.000000 0.707083 0.707083 0.000000 0.707083 0.707083 0.707083 -0.707083 0.000000 0.000000 -1.000000 0.000000 0.000000 1.000000 0.000000 0.000000 1.000000 0.000000 -0.707083 0.707083 0.000000 0.000000 1.000000 0.000000 0.000000 -1.000000 0.000000 0.000000 -1.000000 0.000000 -0.707083 -0.707083 0.000000 -0.707083 0.707083 0.000000 0.000000 1.000000 0.000000 0.707083 0.707083 0.000000 0.707083 0.707083 0.000000 0.707083 -0.707083 0.000000 0.000000 -1.000000 0.000000 -0.707083 -0.707083 0.000000 0.000000 -1.000000 0.000000 0.000000 -1.000000 0.000000 0.000000 -1.000000 0.000000 0.000000 -1.000000 0.000000 0.000000 -1.000000 0.000000 0.000000 -1.000000 0.000000 0.000000 -1.000000 0.000000 0.000000 -1.000000 0.000000 0.000000 1.000000 0.000000 0.000000 1.000000 0.000000 0.000000 1.000000 0.000000 0.000000 1.000000 0.000000 0.000000 1.000000 0.000000 0.000000 1.000000 0.000000 " />
									<TextureCoordinate point="0.0486 0.7799 0.5999 0.7799 0.5999 0.9701 0.0486 0.9701 0.0486 0.7799 0.5999 0.7799 0.5999 0.9701 0.0486 0.9701 0.0486 0.7799 0.5999 0.7799 0.5999 0.9701 0.0486 0.9701 0.0486 0.7799 0.5999 0.7799 0.5999 0.9701 0.0486 0.9701 0.0486 0.7799 0.5999 0.7799 0.5999 0.9701 0.0486 0.9701 0.0486 0.7799 0.5999 0.7799 0.0486 0.9701 0.0938 0.4684 0.0938 0.0801 0.5000 0.0801 0.5000 0.4684 0.0938 0.1689 0.0938 0.0622 0.5000 0.0622 0.5000 0.1689 0.0938 0.0625 0.0938 0.1875 0.5000 0.1875 0.5000 0.0625 0.0486 0.7799 0.5999 0.7799 0.5999 0.9701 0.0486 0.9701 0.0486 0.7799 0.5999 0.7799 0.5999 0.9701 0.0486 0.9701 0.0486 0.7799 0.5999 0.7799 0.5999 0.9701 0.0486 0.9701 0.3786 0.4730 0.0308 0.4730 0.0308 0.0693 0.3786 0.0693 0.0788 0.7877 0.5669 0.7877 0.5669 0.9703 0.0788 0.9703 0.0788 0.7877 0.5669 0.7877 0.5669 0.9703 0.0788 0.9703 0.5222 0.4693 0.2931 0.4693 0.2931 0.0825 0.5222 0.0825 0.5222 0.1637 0.2931 0.1637 0.2931 0.0147 0.5222 0.0147 0.2931 0.1637 0.5222 0.1637 0.3242 0.7799 0.5999 0.7799 0.5999 0.9701 0.3242 0.9701 0.3242 0.7799 0.5999 0.7799 0.5999 0.9701 0.3242 0.9701 0.3242 0.7799 0.5999 0.7799 0.5999 0.9701 0.3242 0.9701 0.3242 0.7799 0.5999 0.7799 0.5999 0.9701 0.3242 0.9701 0.3242 0.7799 0.5999 0.7799 0.5999 0.9701 0.3242 0.9701 0.3242 0.7799 0.5999 0.7799 0.5999 0.9701 0.3242 0.9701 0.3242 0.7799 0.5999 0.7799 0.5999 0.9701 0.3242 0.9701 0.3242 0.7799 0.5999 0.7799 0.5999 0.9701 0.3242 0.9701 0.3242 0.7799 0.5999 0.7799 0.5999 0.9701 0.3242 0.9701 0.3242 0.7799 0.5999 0.7799 0.5999 0.9701 0.3242 0.9701 0.0486 0.7799 0.5999 0.7799 0.5999 0.9701 0.0486 0.9701 0.5999 0.7799 0.5999 0.9701 0.0486 0.9701 0.0486 0.7799 0.5999 0.7799 0.5999 0.9701 0.0486 0.9701 0.0486 0.7799 0.5999 0.7799 0.5999 0.9701 0.0486 0.9701 0.0486 0.7799 0.5999 0.7799 0.5999 0.9701 0.0486 0.9701 0.0486 0.7799 0.5999 0.7799 0.5999 0.9701 0.0486 0.7799 0.5999 0.7799 0.5999 0.9701 0.5999 0.7799 0.5999 0.9701 0.0486 0.9701 0.5999 0.7799 0.5999 0.9701 0.0486 0.9701 0.5999 0.7799 0.5999 0.9701 0.0486 0.9701 0.9053 0.0223 0.4791 0.0223 0.4791 0.1413 0.9053 0.1413 0.9053 0.1413 0.4791 0.1413 0.9803 0.4693 0.9803 0.0825 0.0486 0.7799 0.5999 0.7799 0.5999 0.9701 0.0486 0.9701 0.0486 0.7799 0.5999 0.7799 0.5999 0.9701 0.0486 0.9701 0.0486 0.7799 0.5999 0.7799 0.5999 0.9701 0.0486 0.9701 0.0486 0.7799 0.5999 0.7799 0.5999 0.9701 0.0486 0.9701 0.0486 0.7799 0.5999 0.7799 0.5999 0.9701 0.0486 0.9701 0.0486 0.7799 0.5999 0.7799 0.5999 0.9701 0.3242 0.7799 0.5999 0.7799 0.5999 0.9701 0.3242 0.9701 0.3242 0.7799 0.5999 0.7799 0.5999 0.9701 0.3242 0.9701 0.0486 0.7799 0.5999 0.9701 0.0486 0.9701 0.5999 0.7799 0.5999 0.9701 0.0938 0.0801 0.0938 0.4684 0.5000 0.4684 0.5000 0.0801 0.0308 0.0693 0.3786 0.0693 0.3786 0.4730 0.0308 0.4730 0.9803 0.0825 0.5222 0.0825 0.5222 0.4693 0.9803 0.4693 0.0486 0.7799 0.5999 0.7799 0.5999 0.9701 0.0486 0.7799 0.5999 0.7799 0.5999 0.9701 0.0486 0.9701 0.3242 0.7799 0.5999 0.7799 0.5999 0.9701 0.3242 0.9701 0.3242 0.7799 0.5999 0.7799 0.5999 0.9701 0.3242 0.9701 0.0486 0.7799 0.5999 0.7799 0.5999 0.9701 0.0486 0.9701 0.0486 0.7799 0.0486 0.9701 0.5999 0.7799 0.5999 0.9701 0.2931 0.0825 0.2931 0.4693 0.0486 0.7799 0.0486 0.9701 0.0486 0.7799 0.0486 0.9701 0.0486 0.7799 0.0486 0.9701 0.0486 0.7799 0.0486 0.9701 0.0486 0.7799 0.0486 0.9701 0.0486 0.7799 0.0486 0.9701 0.0486 0.7799 0.0486 0.9701 0.0486 0.7799 0.0486 0.9701 0.0486 0.7799 0.0486 0.9701 0.6083 0.7864 0.6083 0.9646 0.3294 0.9646 0.3294 0.7864 0.0505 0.9646 0.0505 0.7864 0.0486 0.7799 0.0486 0.9701 0.0486 0.7799 0.0486 0.9701 0.0486 0.7799 0.0486 0.9701 " />
								</IndexedTriangleSet>
							</Shape>
							<Shape>
								<Appearance>
									<Material DEF="MA_Face"
									          diffuseColor="0.800 0.800 0.800"
									          specularColor="0.401 0.401 0.401"
									          emissiveColor="0.000 0.000 0.000"
									          ambientIntensity="0.000"
									          shininess="0.500"
									          transparency="0.0"
									          />
								</Appearance>
								<IndexedTriangleSet solid="false"
								                    normalPerVertex="true"
								                    index="0 1 2 0 2 3 4 5 1 4 1 0 6 7 8 6 8 9 10 11 12 10 12 13 14 15 11 14 11 10 16 17 7 16 7 6 "
								                    >
									<Coordinate point="0.000000 -1.547341 0.574590 -0.000000 -1.547341 2.377896 -0.381877 -1.547341 2.377896 -0.381877 -1.547341 0.574590 0.381877 -1.547341 0.574590 0.381877 -1.547341 2.377896 1.037626 -1.547341 0.574590 1.037626 -1.547341 2.377896 0.381877 -1.547341 2.377896 0.381877 -1.547341 0.574590 -1.037626 -1.547341 0.574590 -1.037626 -1.547341 2.377896 -1.782427 -1.547341 2.377896 -1.782427 -1.547341 0.574590 -0.381877 -1.547341 0.574590 -0.381877 -1.547341 2.377896 1.782427 -1.547341 0.574590 1.782427 -1.547341 2.377896 " />
									<Normal vector="0.000000 -1.000000 0.000000 0.000000 -1.000000 0.000000 0.000000 -1.000000 0.000000 0.000000 -1.000000 0.000000 0.000000 -1.000000 0.000000 0.000000 -1.000000 0.000000 0.000000 -1.000000 0.000000 0.000000 -1.000000 0.000000 0.000000 -1.000000 0.000000 0.000000 -1.000000 0.000000 0.000000 -1.000000 0.000000 0.000000 -1.000000 0.000000 -0.707083 -0.707083 0.000000 -0.707083 -0.707083 0.000000 0.000000 -1.000000 0.000000 0.000000 -1.000000 0.000000 0.707083 -0.707083 0.000000 0.707083 -0.707083 0.000000 " />
									<TextureCoordinate point="0.4931 0.5176 0.4931 0.9942 0.4347 0.9942 0.4347 0.5176 0.4347 0.5176 0.4347 0.9942 0.2164 0.5176 0.2164 0.9942 0.4175 0.9942 0.4175 0.5176 0.2164 0.5176 0.2164 0.9942 0.0073 0.9942 0.0073 0.5176 0.4175 0.5176 0.4175 0.9942 0.0073 0.5176 0.0073 0.9942 " />
								</IndexedTriangleSet>
							</Shape>
						</Group>
					</Transform>
					<Transform DEF="Cube_001_TRANSFORM"
					           translation="0.000000 -1.410534 1.196205"
					           scale="1.000000 1.000000 1.000000"
					           rotation="0.000000 1.000000 0.000000 0.000000"
					           >
						<Transform DEF="Cube_001_ifs_TRANSFORM"
						           translation="0.000000 0.000000 0.000000"
						           scale="1.000000 1.000000 1.000000"
						           rotation="0.000000 1.000000 0.000000 0.000000"
						           >
							<Group DEF="group_ME_Cube_015">
								<Shape>
									<Appearance>
										<Material USE="MA_Body" />
									</Appearance>
									<IndexedTriangleSet solid="false"
									                    normalPerVertex="true"
									                    index="0 1 2 0 2 3 4 5 6 4 6 7 8 9 10 8 10 11 12 13 14 12 14 15 4 16 17 4 17 15 18 5 14 18 14 19 "
									                    >
										<Coordinate point="-0.345583 -0.542014 -0.327415 -0.345583 -0.542014 0.327415 -0.345583 0.000000 0.327415 -0.345583 -0.000000 -0.327415 -0.345583 -0.000000 -0.327415 -0.345583 0.000000 0.327415 0.345583 0.000000 0.327415 0.345583 -0.000000 -0.327415 0.345583 -0.000000 -0.327415 0.345583 0.000000 0.327415 0.345583 -0.542014 0.327415 0.345583 -0.542014 -0.327415 0.345583 -0.542014 -0.327415 0.345583 -0.542014 0.327415 -0.345583 -0.542014 0.327415 -0.345583 -0.542014 -0.327415 0.345583 -0.000000 -0.327415 0.345583 -0.542014 -0.327415 0.345583 0.000000 0.327415 0.345583 -0.542014 0.327415 " />
										<Normal vector="-0.577349 -0.577349 -0.577349 -0.577349 -0.577349 0.577349 -0.577349 0.577349 0.577349 -0.577349 0.577349 -0.577349 -0.577349 0.577349 -0.577349 -0.577349 0.577349 0.577349 0.577349 0.577349 0.577349 0.577349 0.577349 -0.577349 0.577349 0.577349 -0.577349 0.577349 0.577349 0.577349 0.577349 -0.577349 0.577349 0.577349 -0.577349 -0.577349 0.577349 -0.577349 -0.577349 0.577349 -0.577349 0.577349 -0.577349 -0.577349 0.577349 -0.577349 -0.577349 -0.577349 0.577349 0.577349 -0.577349 0.577349 -0.577349 -0.577349 0.577349 0.577349 0.577349 0.577349 -0.577349 0.577349 " />
										<TextureCoordinate point="0.0458 0.5260 0.1807 0.5260 0.1807 0.7162 0.0458 0.7162 0.0458 0.5260 0.1807 0.5260 0.1807 0.7162 0.0458 0.7162 0.0458 0.5260 0.1807 0.5260 0.1807 0.7162 0.0458 0.7162 0.0458 0.5260 0.1807 0.5260 0.1807 0.7162 0.0458 0.7162 0.1807 0.5260 0.1807 0.7162 0.0458 0.5260 0.0458 0.7162 " />
									</IndexedTriangleSet>
								</Shape>
							</Group>
						</Transform>
						<Transform DEF="Cube_003_TRANSFORM"
						           translation="0.000000 -0.500605 0.000000"
						           scale="1.000000 1.000000 1.000000"
						           rotation="0.000000 1.000000 0.000000 0.000000"
						           >
							<Transform DEF="Cube_003_ifs_TRANSFORM"
							           translation="0.000000 0.000000 0.000000"
							           scale="1.000000 1.000000 1.000000"
							           rotation="0.000000 1.000000 0.000000 0.000000"
							           >
								<Group DEF="group_ME_Cube_016">
									<Shape>
										<Appearance>
											<Material USE="MA_Body" />
										</Appearance>
										<IndexedTriangleSet solid="false"
										                    normalPerVertex="true"
										                    index="0 1 2 0 2 3 4 5 6 4 6 7 8 9 10 8 10 11 12 13 14 12 14 15 4 16 17 4 17 15 18 5 14 18 14 19 "
										                    >
											<Coordinate point="-0.264505 -0.658370 -0.250599 -0.264505 -0.658370 0.250599 -0.264505 0.000000 0.250599 -0.264505 -0.000000 -0.250599 -0.264505 -0.000000 -0.250599 -0.264505 0.000000 0.250599 0.264505 0.000000 0.250599 0.264505 -0.000000 -0.250599 0.264505 -0.000000 -0.250599 0.264505 0.000000 0.250599 0.264505 -0.658370 0.250599 0.264505 -0.658370 -0.250599 0.264505 -0.658370 -0.250599 0.264505 -0.658370 0.250599 -0.264505 -0.658370 0.250599 -0.264505 -0.658370 -0.250599 0.264505 -0.000000 -0.250599 0.264505 -0.658370 -0.250599 0.264505 0.000000 0.250599 0.264505 -0.658370 0.250599 " />
											<Normal vector="-0.577349 -0.577349 -0.577349 -0.577349 -0.577349 0.577349 -0.577349 0.577349 0.577349 -0.577349 0.577349 -0.577349 -0.577349 0.577349 -0.577349 -0.577349 0.577349 0.577349 0.577349 0.577349 0.577349 0.577349 0.577349 -0.577349 0.577349 0.577349 -0.577349 0.577349 0.577349 0.577349 0.577349 -0.577349 0.577349 0.577349 -0.577349 -0.577349 0.577349 -0.577349 -0.577349 0.577349 -0.577349 0.577349 -0.577349 -0.577349 0.577349 -0.577349 -0.577349 -0.577349 0.577349 0.577349 -0.577349 0.577349 -0.577349 -0.577349 0.577349 0.577349 0.577349 0.577349 -0.577349 0.577349 " />
											<TextureCoordinate point="0.0458 0.5260 0.1807 0.5260 0.1807 0.7162 0.0458 0.7162 0.0458 0.5260 0.1807 0.5260 0.1807 0.7162 0.0458 0.7162 0.0458 0.5260 0.1807 0.5260 0.1807 0.7162 0.0458 0.7162 0.0458 0.5260 0.1807 0.5260 0.1807 0.7162 0.0458 0.7162 0.1807 0.5260 0.1807 0.7162 0.0458 0.5260 0.0458 0.7162 " />
										</IndexedTriangleSet>
									</Shape>
								</Group>
							</Transform>
							<Transform DEF="Cube_004_TRANSFORM"
							           translation="0.000000 -0.603671 0.000000"
							           scale="1.000000 1.000000 1.000000"
							           rotation="0.000000 1.000000 0.000000 0.000000"
							           >
								<Transform DEF="Cube_004_ifs_TRANSFORM"
								           translation="0.000000 0.000000 0.000000"
								           scale="1.000000 1.000000 1.000000"
								           rotation="0.000000 1.000000 0.000000 0.000000"
								           >
									<Group DEF="group_ME_Cube_017">
										<Shape>
											<Appearance>
												<Material USE="MA_Body" />
											</Appearance>
											<IndexedTriangleSet solid="false"
											                    normalPerVertex="true"
											                    index="0 1 2 0 2 3 4 5 6 4 6 7 8 9 10 8 10 11 12 13 14 12 14 15 4 16 17 4 17 15 18 5 14 18 14 19 "
											                    >
												<Coordinate point="-0.172465 -0.725786 -0.163398 -0.172465 -0.725786 0.163398 -0.172465 0.000000 0.163398 -0.172465 -0.000000 -0.163398 -0.172465 -0.000000 -0.163398 -0.172465 0.000000 0.163398 0.172465 0.000000 0.163398 0.172465 -0.000000 -0.163398 0.172465 -0.000000 -0.163398 0.172465 0.000000 0.163398 0.172465 -0.725786 0.163398 0.172465 -0.725786 -0.163398 0.172465 -0.725786 -0.163398 0.172465 -0.725786 0.163398 -0.172465 -0.725786 0.163398 -0.172465 -0.725786 -0.163398 0.172465 -0.000000 -0.163398 0.172465 -0.725786 -0.163398 0.172465 0.000000 0.163398 0.172465 -0.725786 0.163398 " />
												<Normal vector="-0.577349 -0.577349 -0.577349 -0.577349 -0.577349 0.577349 -0.577349 0.577349 0.577349 -0.577349 0.577349 -0.577349 -0.577349 0.577349 -0.577349 -0.577349 0.577349 0.577349 0.577349 0.577349 0.577349 0.577349 0.577349 -0.577349 0.577349 0.577349 -0.577349 0.577349 0.577349 0.577349 0.577349 -0.577349 0.577349 0.577349 -0.577349 -0.577349 0.577349 -0.577349 -0.577349 0.577349 -0.577349 0.577349 -0.577349 -0.577349 0.577349 -0.577349 -0.577349 -0.577349 0.577349 0.577349 -0.577349 0.577349 -0.577349 -0.577349 0.577349 0.577349 0.577349 0.577349 -0.577349 0.577349 " />
												<TextureCoordinate point="0.0458 0.5260 0.1807 0.5260 0.1807 0.7162 0.0458 0.7162 0.0458 0.5260 0.1807 0.5260 0.1807 0.7162 0.0458 0.7162 0.0458 0.5260 0.1807 0.5260 0.1807 0.7162 0.0458 0.7162 0.0458 0.5260 0.1807 0.5260 0.1807 0.7162 0.0458 0.7162 0.1807 0.5260 0.1807 0.7162 0.0458 0.5260 0.0458 0.7162 " />
											</IndexedTriangleSet>
										</Shape>
									</Group>
								</Transform>
							</Transform>
						</Transform>
					</Transform>
					<Transform DEF="l1_TRANSFORM"
					           translation="0.000000 -0.045171 2.832694"
					           scale="1.000000 1.000000 1.000000"
					           rotation="0.000000 1.000000 0.000000 0.000000"
					           >
						<Transform DEF="l1_ifs_TRANSFORM"
						           translation="0.000000 0.000000 0.000000"
						           scale="1.000000 1.000000 1.000000"
						           rotation="0.000000 1.000000 0.000000 0.000000"
						           >
							<Group DEF="group_ME_l1">
								<Shape>
									<Appearance>
										<Material USE="MA_Body" />
									</Appearance>
									<IndexedTriangleSet solid="false"
									                    normalPerVertex="true"
									                    index="0 1 2 0 2 3 4 5 6 4 6 7 8 9 10 8 10 11 12 13 14 12 14 15 4 16 17 4 17 15 18 5 14 18 14 19 "
									                    >
										<Coordinate point="-0.060964 -0.054667 -0.002028 -0.060964 -0.068236 0.363675 -0.060964 0.041098 0.367732 -0.060964 0.054667 0.002028 -0.060964 0.054667 0.002028 -0.060964 0.041098 0.367732 0.060964 0.041098 0.367732 0.060964 0.054667 0.002028 0.060964 0.054667 0.002028 0.060964 0.041098 0.367732 0.060964 -0.068236 0.363675 0.060964 -0.054667 -0.002028 0.060964 -0.054667 -0.002028 0.060964 -0.068236 0.363675 -0.060964 -0.068236 0.363675 -0.060964 -0.054667 -0.002028 0.060964 0.054667 0.002028 0.060964 -0.054667 -0.002028 0.060964 0.041098 0.367732 0.060964 -0.068236 0.363675 " />
										<Normal vector="-0.577349 -0.555528 -0.598346 -0.577349 -0.598346 0.555528 -0.577349 0.555528 0.598346 -0.577349 0.598346 -0.555528 -0.577349 0.598346 -0.555528 -0.577349 0.555528 0.598346 0.577349 0.555528 0.598346 0.577349 0.598346 -0.555528 0.577349 0.598346 -0.555528 0.577349 0.555528 0.598346 0.577349 -0.598346 0.555528 0.577349 -0.555528 -0.598346 0.577349 -0.555528 -0.598346 0.577349 -0.598346 0.555528 -0.577349 -0.598346 0.555528 -0.577349 -0.555528 -0.598346 0.577349 0.598346 -0.555528 0.577349 -0.555528 -0.598346 0.577349 0.555528 0.598346 0.577349 -0.598346 0.555528 " />
										<TextureCoordinate point="0.2505 0.5312 0.4057 0.5312 0.4057 0.7188 0.2505 0.7188 0.2505 0.5312 0.4057 0.5312 0.4057 0.7188 0.2505 0.7188 0.2505 0.5312 0.4057 0.5312 0.4057 0.7188 0.2505 0.7188 0.2505 0.5312 0.4057 0.5312 0.4057 0.7188 0.2505 0.7188 0.4057 0.5312 0.4057 0.7188 0.2505 0.5312 0.2505 0.7188 " />
									</IndexedTriangleSet>
								</Shape>
							</Group>
						</Transform>
						<Transform DEF="l2_TRANSFORM"
						           translation="0.000000 -0.011309 0.304784"
						           scale="1.000000 1.000000 1.000000"
						           rotation="0.000000 1.000000 0.000000 0.000000"
						           >
							<Transform DEF="l2_ifs_TRANSFORM"
							           translation="0.000000 0.000000 0.000000"
							           scale="1.000000 1.000000 1.000000"
							           rotation="0.000000 1.000000 0.000000 0.000000"
							           >
								<Group DEF="group_ME_l2">
									<Shape>
										<Appearance>
											<Material USE="MA_Body" />
										</Appearance>
										<IndexedTriangleSet solid="false"
										                    normalPerVertex="true"
										                    index="0 1 2 0 2 3 4 5 6 4 6 7 8 9 10 8 10 11 12 13 14 12 14 15 4 16 17 4 17 15 18 5 14 18 14 19 "
										                    >
											<Coordinate point="-0.070894 -0.061238 -0.002272 -0.070894 -0.076438 0.407388 -0.070894 0.046038 0.411932 -0.070894 0.061238 0.002272 -0.070894 0.061238 0.002272 -0.070894 0.046038 0.411932 0.070894 0.046038 0.411932 0.070894 0.061238 0.002272 0.070894 0.061238 0.002272 0.070894 0.046038 0.411932 0.070894 -0.076438 0.407388 0.070894 -0.061238 -0.002272 0.070894 -0.061238 -0.002272 0.070894 -0.076438 0.407388 -0.070894 -0.076438 0.407388 -0.070894 -0.061238 -0.002272 0.070894 0.061238 0.002272 0.070894 -0.061238 -0.002272 0.070894 0.046038 0.411932 0.070894 -0.076438 0.407388 " />
											<Normal vector="-0.577349 -0.555528 -0.598346 -0.577349 -0.598346 0.555528 -0.577349 0.555528 0.598346 -0.577349 0.598346 -0.555528 -0.577349 0.598346 -0.555528 -0.577349 0.555528 0.598346 0.577349 0.555528 0.598346 0.577349 0.598346 -0.555528 0.577349 0.598346 -0.555528 0.577349 0.555528 0.598346 0.577349 -0.598346 0.555528 0.577349 -0.555528 -0.598346 0.577349 -0.555528 -0.598346 0.577349 -0.598346 0.555528 -0.577349 -0.598346 0.555528 -0.577349 -0.555528 -0.598346 0.577349 0.598346 -0.555528 0.577349 -0.555528 -0.598346 0.577349 0.555528 0.598346 0.577349 -0.598346 0.555528 " />
											<TextureCoordinate point="0.2505 0.5312 0.4057 0.5312 0.4057 0.7188 0.2505 0.7188 0.2505 0.5312 0.4057 0.5312 0.4057 0.7188 0.2505 0.7188 0.2505 0.5312 0.4057 0.5312 0.4057 0.7188 0.2505 0.7188 0.2505 0.5312 0.4057 0.5312 0.4057 0.7188 0.2505 0.7188 0.4057 0.5312 0.4057 0.7188 0.2505 0.5312 0.2505 0.7188 " />
										</IndexedTriangleSet>
									</Shape>
								</Group>
							</Transform>
							<Transform DEF="l3_TRANSFORM"
							           translation="0.000000 -0.010769 0.290248"
							           scale="1.000000 1.000000 1.000000"
							           rotation="0.000000 1.000000 0.000000 0.000000"
							           >
								<Transform DEF="l3_ifs_TRANSFORM"
								           translation="0.000000 0.000000 0.000000"
								           scale="1.000000 1.000000 1.000000"
								           rotation="0.000000 1.000000 0.000000 0.000000"
								           >
									<Group DEF="group_ME_l3">
										<Shape>
											<Appearance>
												<Material USE="MA_Body" />
											</Appearance>
											<IndexedTriangleSet solid="false"
											                    normalPerVertex="true"
											                    index="0 1 2 0 2 3 4 5 6 4 6 7 8 9 10 8 10 11 12 13 14 12 14 15 4 16 17 4 17 15 18 5 14 18 14 19 "
											                    >
												<Coordinate point="-0.288620 -0.068887 -0.004510 -0.288620 -0.092126 0.350460 -0.288620 0.045647 0.359480 -0.288620 0.068887 0.004510 -0.288620 0.068887 0.004510 -0.288620 0.045647 0.359480 0.288620 0.045647 0.359480 0.288620 0.068887 0.004510 0.288620 0.068887 0.004510 0.288620 0.045647 0.359480 0.288620 -0.092126 0.350460 0.288620 -0.068887 -0.004510 0.288620 -0.068887 -0.004510 0.288620 -0.092126 0.350460 -0.288620 -0.092126 0.350460 -0.288620 -0.068887 -0.004510 0.288620 0.068887 0.004510 0.288620 -0.068887 -0.004510 0.288620 0.045647 0.359480 0.288620 -0.092126 0.350460 " />
												<Normal vector="-0.577349 -0.538377 -0.613819 -0.577349 -0.613819 0.538377 -0.577349 0.538377 0.613819 -0.577349 0.613819 -0.538377 -0.577349 0.613819 -0.538377 -0.577349 0.538377 0.613819 0.577349 0.538377 0.613819 0.577349 0.613819 -0.538377 0.577349 0.613819 -0.538377 0.577349 0.538377 0.613819 0.577349 -0.613819 0.538377 0.577349 -0.538377 -0.613819 0.577349 -0.538377 -0.613819 0.577349 -0.613819 0.538377 -0.577349 -0.613819 0.538377 -0.577349 -0.538377 -0.613819 0.577349 0.613819 -0.538377 0.577349 -0.538377 -0.613819 0.577349 0.538377 0.613819 0.577349 -0.613819 0.538377 " />
												<TextureCoordinate point="0.2505 0.5312 0.4057 0.5312 0.4057 0.7188 0.2505 0.7188 0.2505 0.5312 0.4057 0.5312 0.4057 0.7188 0.2505 0.7188 0.2505 0.5312 0.4057 0.5312 0.4057 0.7188 0.2505 0.7188 0.2505 0.5312 0.4057 0.5312 0.4057 0.7188 0.2505 0.7188 0.4057 0.5312 0.4057 0.7188 0.2505 0.5312 0.2505 0.7188 " />
											</IndexedTriangleSet>
										</Shape>
									</Group>
								</Transform>
								<Transform DEF="Cube_011_TRANSFORM"
								           translation="0.000000 -0.016270 0.248520"
								           scale="1.000000 1.000000 1.000000"
								           rotation="0.000000 1.000000 0.000000 0.000000"
								           >
									<Transform DEF="Cube_011_ifs_TRANSFORM"
									           translation="0.000000 0.000000 0.000000"
									           scale="1.000000 1.000000 1.000000"
									           rotation="0.000000 1.000000 0.000000 0.000000"
									           >
										<Group DEF="group_ME_Cube_021">
											<Shape>
												<Appearance>
													<Material USE="MA_Body" />
												</Appearance>
												<IndexedTriangleSet solid="false"
												                    normalPerVertex="true"
												                    index="0 1 2 0 2 3 4 5 6 4 6 7 8 9 10 8 10 11 12 13 14 12 14 15 4 16 17 4 17 15 18 5 14 18 14 19 "
												                    >
													<Coordinate point="-0.521956 -0.061345 -0.002790 -0.521956 -0.088968 0.604560 -0.521956 0.033721 0.610141 -0.521956 0.061345 0.002790 -0.521956 0.061345 0.002790 -0.521956 0.033721 0.610141 0.521956 0.033721 0.610141 0.521956 0.061345 0.002790 0.521956 0.061345 0.002790 0.521956 0.033721 0.610141 0.521956 -0.088968 0.604560 0.521956 -0.061345 -0.002790 0.521956 -0.061345 -0.002790 0.521956 -0.088968 0.604560 -0.521956 -0.088968 0.604560 -0.521956 -0.061345 -0.002790 0.521956 0.061345 0.002790 0.521956 -0.061345 -0.002790 0.521956 0.033721 0.610141 0.521956 -0.088968 0.604560 " />
													<Normal vector="-0.577349 -0.550493 -0.602985 -0.577349 -0.602985 0.550493 -0.577349 0.550493 0.602985 -0.577349 0.602985 -0.550493 -0.577349 0.602985 -0.550493 -0.577349 0.550493 0.602985 0.577349 0.550493 0.602985 0.577349 0.602985 -0.550493 0.577349 0.602985 -0.550493 0.577349 0.550493 0.602985 0.577349 -0.602985 0.550493 0.577349 -0.550493 -0.602985 0.577349 -0.550493 -0.602985 0.577349 -0.602985 0.550493 -0.577349 -0.602985 0.550493 -0.577349 -0.550493 -0.602985 0.577349 0.602985 -0.550493 0.577349 -0.550493 -0.602985 0.577349 0.550493 0.602985 0.577349 -0.602985 0.550493 " />
													<TextureCoordinate point="0.2505 0.5312 0.4057 0.5312 0.4057 0.7188 0.2505 0.7188 0.2505 0.5312 0.4057 0.5312 0.4057 0.7188 0.2505 0.7188 0.2505 0.5312 0.4057 0.5312 0.4057 0.7188 0.2505 0.7188 0.2505 0.5312 0.4057 0.5312 0.4057 0.7188 0.2505 0.7188 0.4057 0.5312 0.4057 0.7188 0.2505 0.5312 0.2505 0.7188 " />
												</IndexedTriangleSet>
											</Shape>
										</Group>
									</Transform>
									<Transform DEF="Cube_014_TRANSFORM"
									           translation="0.000000 -0.023446 0.515500"
									           scale="1.000000 1.000000 1.000000"
									           rotation="0.000000 1.000000 0.000000 0.000000"
									           >
										<Transform DEF="Cube_014_ifs_TRANSFORM"
										           translation="0.000000 0.000000 0.000000"
										           scale="1.000000 1.000000 1.000000"
										           rotation="0.000000 1.000000 0.000000 0.000000"
										           >
											<Group DEF="group_ME_Cube_022">
												<Shape>
													<Appearance>
														<Material USE="MA_Body" />
													</Appearance>
													<IndexedTriangleSet solid="false"
													                    normalPerVertex="true"
													                    index="0 1 2 0 2 3 4 5 6 4 6 7 8 9 10 8 10 11 12 13 14 12 14 15 4 16 17 4 17 15 18 5 14 18 14 19 "
													                    >
														<Coordinate point="-0.912162 -0.057967 -0.000021 -0.912162 -0.058479 1.427343 -0.912162 0.057455 1.427384 -0.912162 0.057967 0.000021 -0.912162 0.057967 0.000021 -0.912162 0.057455 1.427384 0.912162 0.057455 1.427384 0.912162 0.057967 0.000021 0.912162 0.057967 0.000021 0.912162 0.057455 1.427384 0.912162 -0.058479 1.427343 0.912162 -0.057967 -0.000021 0.912162 -0.057967 -0.000021 0.912162 -0.058479 1.427343 -0.912162 -0.058479 1.427343 -0.912162 -0.057967 -0.000021 0.912162 0.057967 0.000021 0.912162 -0.057967 -0.000021 0.912162 0.057455 1.427384 0.912162 -0.058479 1.427343 " />
														<Normal vector="-0.577349 -0.577136 -0.577532 -0.577349 -0.577532 0.577136 -0.577349 0.577136 0.577532 -0.577349 0.577532 -0.577136 -0.577349 0.577532 -0.577136 -0.577349 0.577136 0.577532 0.577349 0.577136 0.577532 0.577349 0.577532 -0.577136 0.577349 0.577532 -0.577136 0.577349 0.577136 0.577532 0.577349 -0.577532 0.577136 0.577349 -0.577136 -0.577532 0.577349 -0.577136 -0.577532 0.577349 -0.577532 0.577136 -0.577349 -0.577532 0.577136 -0.577349 -0.577136 -0.577532 0.577349 0.577532 -0.577136 0.577349 -0.577136 -0.577532 0.577349 0.577136 0.577532 0.577349 -0.577532 0.577136 " />
														<TextureCoordinate point="0.2505 0.5312 0.4057 0.5312 0.4057 0.7188 0.2505 0.7188 0.2505 0.5312 0.4057 0.5312 0.4057 0.7188 0.2505 0.7188 0.2505 0.5312 0.4057 0.5312 0.4057 0.7188 0.2505 0.7188 0.2505 0.5312 0.4057 0.5312 0.4057 0.7188 0.2505 0.7188 0.4057 0.5312 0.4057 0.7188 0.2505 0.5312 0.2505 0.7188 " />
													</IndexedTriangleSet>
												</Shape>
											</Group>
										</Transform>
									</Transform>
								</Transform>
								<Transform DEF="l4_TRANSFORM"
								           translation="0.000000 -0.040226 2.185179"
								           scale="1.000000 1.000000 1.000000"
								           rotation="0.000000 1.000000 0.000000 0.000000"
								           >
									<Transform DEF="l4_ifs_TRANSFORM"
									           translation="0.000000 0.000000 0.000000"
									           scale="1.000000 1.000000 1.000000"
									           rotation="0.000000 1.000000 0.000000 0.000000"
									           >
										<Group DEF="group_ME_l4">
											<Shape>
												<Appearance>
													<Material USE="MA_Body" />
												</Appearance>
												<IndexedTriangleSet solid="false"
												                    normalPerVertex="true"
												                    index="0 1 2 0 2 3 4 5 6 4 6 7 8 9 10 8 10 11 12 13 14 12 14 15 4 16 17 4 17 15 18 5 14 18 14 19 "
												                    >
													<Coordinate point="-0.862166 -0.057809 -0.000021 -0.862166 -0.058161 0.981272 -0.862166 0.057457 0.981313 -0.862166 0.057809 0.000021 -0.862166 0.057809 0.000021 -0.862166 0.057457 0.981313 0.862166 0.057457 0.981313 0.862166 0.057809 0.000021 0.862166 0.057809 0.000021 0.862166 0.057457 0.981313 0.862166 -0.058161 0.981272 0.862166 -0.057809 -0.000021 0.862166 -0.057809 -0.000021 0.862166 -0.058161 0.981272 -0.862166 -0.058161 0.981272 -0.862166 -0.057809 -0.000021 0.862166 0.057809 0.000021 0.862166 -0.057809 -0.000021 0.862166 0.057457 0.981313 0.862166 -0.058161 0.981272 " />
													<Normal vector="-0.577349 -0.577136 -0.577532 -0.577349 -0.577532 0.577136 -0.577349 0.577136 0.577532 -0.577349 0.577532 -0.577136 -0.577349 0.577532 -0.577136 -0.577349 0.577136 0.577532 0.577349 0.577136 0.577532 0.577349 0.577532 -0.577136 0.577349 0.577532 -0.577136 0.577349 0.577136 0.577532 0.577349 -0.577532 0.577136 0.577349 -0.577136 -0.577532 0.577349 -0.577136 -0.577532 0.577349 -0.577532 0.577136 -0.577349 -0.577532 0.577136 -0.577349 -0.577136 -0.577532 0.577349 0.577532 -0.577136 0.577349 -0.577136 -0.577532 0.577349 0.577136 0.577532 0.577349 -0.577532 0.577136 " />
													<TextureCoordinate point="0.2505 0.5312 0.4057 0.5312 0.4057 0.7188 0.2505 0.7188 0.2505 0.5312 0.4057 0.5312 0.4057 0.7188 0.2505 0.7188 0.2505 0.5312 0.4057 0.5312 0.4057 0.7188 0.2505 0.7188 0.2505 0.5312 0.4057 0.5312 0.4057 0.7188 0.2505 0.7188 0.4057 0.5312 0.4057 0.7188 0.2505 0.5312 0.2505 0.7188 " />
												</IndexedTriangleSet>
											</Shape>
										</Group>
									</Transform>
									<Transform DEF="Cube_016_TRANSFORM"
									           translation="0.000000 -0.000344 0.958511"
									           scale="1.000000 1.000000 1.000000"
									           rotation="0.000000 1.000000 0.000000 0.000000"
									           >
										<Transform DEF="Cube_016_ifs_TRANSFORM"
										           translation="0.000000 0.000000 0.000000"
										           scale="1.000000 1.000000 1.000000"
										           rotation="0.000000 1.000000 0.000000 0.000000"
										           >
											<Group DEF="group_ME_Cube_024">
												<Shape>
													<Appearance>
														<Material USE="MA_Body" />
													</Appearance>
													<IndexedTriangleSet solid="false"
													                    normalPerVertex="true"
													                    index="0 1 2 0 2 3 4 5 6 4 6 7 8 9 10 8 10 11 12 13 14 12 14 15 4 16 17 4 17 15 18 5 14 18 14 19 "
													                    >
														<Coordinate point="-0.643984 -0.048929 0.000560 -0.643984 -0.041057 0.687844 -0.643984 0.056801 0.686723 -0.643984 0.048929 -0.000560 -0.643984 0.048929 -0.000560 -0.643984 0.056801 0.686723 0.643984 0.056801 0.686723 0.643984 0.048929 -0.000560 0.643984 0.048929 -0.000560 0.643984 0.056801 0.686723 0.643984 -0.041057 0.687844 0.643984 -0.048929 0.000560 0.643984 -0.048929 0.000560 0.643984 -0.041057 0.687844 -0.643984 -0.041057 0.687844 -0.643984 -0.048929 0.000560 0.643984 0.048929 -0.000560 0.643984 -0.048929 0.000560 0.643984 0.056801 0.686723 0.643984 -0.041057 0.687844 " />
														<Normal vector="-0.577349 -0.583911 -0.570696 -0.577349 -0.570696 0.583911 -0.577349 0.583911 0.570696 -0.577349 0.570696 -0.583911 -0.577349 0.570696 -0.583911 -0.577349 0.583911 0.570696 0.577349 0.583911 0.570696 0.577349 0.570696 -0.583911 0.577349 0.570696 -0.583911 0.577349 0.583911 0.570696 0.577349 -0.570696 0.583911 0.577349 -0.583911 -0.570696 0.577349 -0.583911 -0.570696 0.577349 -0.570696 0.583911 -0.577349 -0.570696 0.583911 -0.577349 -0.583911 -0.570696 0.577349 0.570696 -0.583911 0.577349 -0.583911 -0.570696 0.577349 0.583911 0.570696 0.577349 -0.570696 0.583911 " />
														<TextureCoordinate point="0.2505 0.5312 0.4057 0.5312 0.4057 0.7188 0.2505 0.7188 0.2505 0.5312 0.4057 0.5312 0.4057 0.7188 0.2505 0.7188 0.2505 0.5312 0.4057 0.5312 0.4057 0.7188 0.2505 0.7188 0.2505 0.5312 0.4057 0.5312 0.4057 0.7188 0.2505 0.7188 0.4057 0.5312 0.4057 0.7188 0.2505 0.5312 0.2505 0.7188 " />
													</IndexedTriangleSet>
												</Shape>
											</Group>
										</Transform>
										<Transform DEF="Cube_017_TRANSFORM"
										           translation="0.000000 0.007564 0.660350"
										           scale="1.000000 1.000000 1.000000"
										           rotation="0.000000 1.000000 0.000000 0.000000"
										           >
											<Transform DEF="Cube_017_ifs_TRANSFORM"
											           translation="0.000000 0.000000 0.000000"
											           scale="1.000000 1.000000 1.000000"
											           rotation="0.000000 1.000000 0.000000 0.000000"
											           >
												<Group DEF="group_ME_Cube_025">
													<Shape>
														<Appearance>
															<Material USE="MA_Body" />
														</Appearance>
														<IndexedTriangleSet solid="false"
														                    normalPerVertex="true"
														                    index="0 1 2 0 2 3 4 5 6 4 6 7 8 9 10 8 10 11 12 13 14 12 14 15 4 16 17 4 17 15 18 5 14 18 14 19 "
														                    >
															<Coordinate point="-0.396630 -0.036688 0.000586 -0.396630 -0.023994 0.795337 -0.396630 0.049381 0.794165 -0.396630 0.036688 -0.000586 -0.396630 0.036688 -0.000586 -0.396630 0.049381 0.794165 0.396630 0.049381 0.794165 0.396630 0.036688 -0.000586 0.396630 0.036688 -0.000586 0.396630 0.049381 0.794165 0.396630 -0.023994 0.795337 0.396630 -0.036688 0.000586 0.396630 -0.036688 0.000586 0.396630 -0.023994 0.795337 -0.396630 -0.023994 0.795337 -0.396630 -0.036688 0.000586 0.396630 0.036688 -0.000586 0.396630 -0.036688 0.000586 0.396630 0.049381 0.794165 0.396630 -0.023994 0.795337 " />
															<Normal vector="-0.577349 -0.586474 -0.568041 -0.577349 -0.568041 0.586474 -0.577349 0.586474 0.568041 -0.577349 0.568041 -0.586474 -0.577349 0.568041 -0.586474 -0.577349 0.586474 0.568041 0.577349 0.586474 0.568041 0.577349 0.568041 -0.586474 0.577349 0.568041 -0.586474 0.577349 0.586474 0.568041 0.577349 -0.568041 0.586474 0.577349 -0.586474 -0.568041 0.577349 -0.586474 -0.568041 0.577349 -0.568041 0.586474 -0.577349 -0.568041 0.586474 -0.577349 -0.586474 -0.568041 0.577349 0.568041 -0.586474 0.577349 -0.586474 -0.568041 0.577349 0.586474 0.568041 0.577349 -0.568041 0.586474 " />
															<TextureCoordinate point="0.2505 0.5312 0.4057 0.5312 0.4057 0.7188 0.2505 0.7188 0.2505 0.5312 0.4057 0.5312 0.4057 0.7188 0.2505 0.7188 0.2505 0.5312 0.4057 0.5312 0.4057 0.7188 0.2505 0.7188 0.2505 0.5312 0.4057 0.5312 0.4057 0.7188 0.2505 0.7188 0.4057 0.5312 0.4057 0.7188 0.2505 0.5312 0.2505 0.7188 " />
														</IndexedTriangleSet>
													</Shape>
												</Group>
											</Transform>
										</Transform>
									</Transform>
								</Transform>
							</Transform>
						</Transform>
					</Transform>
					<Transform DEF="Plane_TRANSFORM"
					           translation="0.000000 -1.547529 0.519524"
					           scale="1.000000 1.000000 1.000000"
					           rotation="0.000000 1.000000 0.000000 0.000000"
					           >
						<Transform DEF="Plane_ifs_TRANSFORM"
						           translation="0.000000 0.000000 0.000000"
						           scale="1.000000 1.000000 1.000000"
						           rotation="0.000000 1.000000 0.000000 0.000000"
						           >
							<Group DEF="group_ME_Plane">
								<Shape>
									<Appearance>
										<Material USE="MA_Face" />
									</Appearance>
									<IndexedTriangleSet solid="false"
									                    normalPerVertex="true"
									                    index="0 1 2 0 2 3 "
									                    >
										<Coordinate point="-0.534135 -0.000000 -0.534135 0.534135 -0.000000 -0.534135 0.534135 0.000000 0.534135 -0.534135 0.000000 0.534135 " />
										<Normal vector="0.000000 -1.000000 0.000000 0.000000 -1.000000 0.000000 0.000000 -1.000000 0.000000 0.000000 -1.000000 0.000000 " />
										<TextureCoordinate point="0.5743 0.5588 0.9589 0.5588 0.9589 0.9435 0.5743 0.9435 " />
									</IndexedTriangleSet>
								</Shape>
							</Group>
						</Transform>
					</Transform>
				</Transform>
				<Transform DEF="arm2_TRANSFORM"
				           translation="-0.779560 0.053198 0.746199"
				           scale="1.000000 1.000000 1.000000"
				           rotation="0.000000 1.000000 0.000000 0.000000"
				           >
					<Transform DEF="arm2_ifs_TRANSFORM"
					           translation="0.000000 0.000000 0.000000"
					           scale="1.000000 1.000000 1.000000"
					           rotation="0.000000 1.000000 0.000000 0.000000"
					           >
						<Group DEF="group_ME_arm2">
							<Shape>
								<Appearance>
									<Material USE="MA_Body" />
								</Appearance>
								<IndexedTriangleSet solid="false"
								                    normalPerVertex="true"
								                    index="0 1 2 0 2 3 4 5 6 4 6 7 8 9 10 8 10 11 12 13 14 12 14 15 4 13 16 4 16 17 18 19 14 18 14 7 "
								                    >
									<Coordinate point="0.000000 -0.223576 -0.239101 0.000000 0.223576 -0.239101 0.000000 0.223576 0.239101 0.000000 -0.223576 0.239101 0.000000 0.223576 -0.239101 -1.118331 0.223576 -0.239101 -1.118331 0.223576 0.239101 0.000000 0.223576 0.239101 -1.118331 0.223576 -0.239101 -1.118331 -0.223576 -0.239101 -1.118331 -0.223576 0.239101 -1.118331 0.223576 0.239101 -1.118331 -0.223576 -0.239101 0.000000 -0.223576 -0.239101 0.000000 -0.223576 0.239101 -1.118331 -0.223576 0.239101 -1.118331 -0.223576 -0.239101 -1.118331 0.223576 -0.239101 -1.118331 0.223576 0.239101 -1.118331 -0.223576 0.239101 " />
									<Normal vector="0.577349 -0.577349 -0.577349 0.577349 0.577349 -0.577349 0.577349 0.577349 0.577349 0.577349 -0.577349 0.577349 0.577349 0.577349 -0.577349 -0.577349 0.577349 -0.577349 -0.577349 0.577349 0.577349 0.577349 0.577349 0.577349 -0.577349 0.577349 -0.577349 -0.577349 -0.577349 -0.577349 -0.577349 -0.577349 0.577349 -0.577349 0.577349 0.577349 -0.577349 -0.577349 -0.577349 0.577349 -0.577349 -0.577349 0.577349 -0.577349 0.577349 -0.577349 -0.577349 0.577349 -0.577349 -0.577349 -0.577349 -0.577349 0.577349 -0.577349 -0.577349 0.577349 0.577349 -0.577349 -0.577349 0.577349 " />
									<TextureCoordinate point="0.0486 0.7799 0.0486 0.9701 0.5999 0.9701 0.5999 0.7799 0.0486 0.7799 0.0486 0.9701 0.5999 0.9701 0.5999 0.7799 0.0486 0.7799 0.0486 0.9701 0.5999 0.9701 0.5999 0.7799 0.0486 0.7799 0.0486 0.9701 0.5999 0.9701 0.5999 0.7799 0.5999 0.9701 0.5999 0.7799 0.0486 0.7799 0.0486 0.9701 " />
								</IndexedTriangleSet>
							</Shape>
						</Group>
					</Transform>
					<Transform DEF="arm2_1_TRANSFORM"
					           translation="-1.090643 0.000000 0.000000"
					           scale="1.000000 1.000000 1.000000"
					           rotation="0.000000 1.000000 0.000000 0.000000"
					           >
						<Transform DEF="arm2_1_ifs_TRANSFORM"
						           translation="0.000000 0.000000 0.000000"
						           scale="1.000000 1.000000 1.000000"
						           rotation="0.000000 1.000000 0.000000 0.000000"
						           >
							<Group DEF="group_ME_arm2_1">
								<Shape>
									<Appearance>
										<Material USE="MA_Body" />
									</Appearance>
									<IndexedTriangleSet solid="false"
									                    normalPerVertex="true"
									                    index="0 1 2 0 2 3 4 5 6 4 6 7 8 9 10 8 10 11 12 13 14 12 14 15 4 13 16 4 16 17 18 19 14 18 14 7 "
									                    >
										<Coordinate point="0.000000 -0.211165 -0.225829 0.000000 0.211165 -0.225829 0.000000 0.211165 0.225829 0.000000 -0.211165 0.225829 0.000000 0.211165 -0.225829 -1.243027 0.211165 -0.225829 -1.243027 0.211165 0.225829 0.000000 0.211165 0.225829 -1.243027 0.211165 -0.225829 -1.243027 -0.211165 -0.225829 -1.243027 -0.211165 0.225829 -1.243027 0.211165 0.225829 -1.243027 -0.211165 -0.225829 0.000000 -0.211165 -0.225829 0.000000 -0.211165 0.225829 -1.243027 -0.211165 0.225829 -1.243027 -0.211165 -0.225829 -1.243027 0.211165 -0.225829 -1.243027 0.211165 0.225829 -1.243027 -0.211165 0.225829 " />
										<Normal vector="0.577349 -0.577349 -0.577349 0.577349 0.577349 -0.577349 0.577349 0.577349 0.577349 0.577349 -0.577349 0.577349 0.577349 0.577349 -0.577349 -0.577349 0.577349 -0.577349 -0.577349 0.577349 0.577349 0.577349 0.577349 0.577349 -0.577349 0.577349 -0.577349 -0.577349 -0.577349 -0.577349 -0.577349 -0.577349 0.577349 -0.577349 0.577349 0.577349 -0.577349 -0.577349 -0.577349 0.577349 -0.577349 -0.577349 0.577349 -0.577349 0.577349 -0.577349 -0.577349 0.577349 -0.577349 -0.577349 -0.577349 -0.577349 0.577349 -0.577349 -0.577349 0.577349 0.577349 -0.577349 -0.577349 0.577349 " />
										<TextureCoordinate point="0.0486 0.7799 0.0486 0.9701 0.5999 0.9701 0.5999 0.7799 0.0486 0.7799 0.0486 0.9701 0.5999 0.9701 0.5999 0.7799 0.0486 0.7799 0.0486 0.9701 0.5999 0.9701 0.5999 0.7799 0.0486 0.7799 0.0486 0.9701 0.5999 0.9701 0.5999 0.7799 0.5999 0.9701 0.5999 0.7799 0.0486 0.7799 0.0486 0.9701 " />
									</IndexedTriangleSet>
								</Shape>
							</Group>
						</Transform>
						<Transform DEF="hand2_TRANSFORM"
						           translation="-1.067467 0.000000 0.022085"
						           scale="1.000000 1.000000 1.000000"
						           rotation="0.000000 1.000000 0.000000 0.000000"
						           >
							<Transform DEF="hand2_ifs_TRANSFORM"
							           translation="0.000000 0.000000 0.000000"
							           scale="1.000000 1.000000 1.000000"
							           rotation="0.000000 1.000000 0.000000 0.000000"
							           >
								<Group DEF="group_ME_hand2">
									<Shape>
										<Appearance>
											<Material USE="MA_Body" />
										</Appearance>
										<IndexedTriangleSet solid="false"
										                    normalPerVertex="true"
										                    index="0 1 2 0 2 3 4 5 6 4 6 7 8 9 10 8 10 11 12 13 14 12 14 15 4 13 16 4 16 17 18 19 14 18 14 7 "
										                    >
											<Coordinate point="0.000000 -0.742186 -0.330019 0.000000 0.742186 -0.330019 0.000000 0.742186 0.330019 0.000000 -0.742186 0.330019 0.000000 0.742186 -0.330019 -1.048361 0.742186 -0.330019 -1.048361 0.742186 0.330019 0.000000 0.742186 0.330019 -1.048361 0.742186 -0.330019 -1.048361 -0.742186 -0.330019 -1.048361 -0.742186 0.330019 -1.048361 0.742186 0.330019 -1.048361 -0.742186 -0.330019 0.000000 -0.742186 -0.330019 0.000000 -0.742186 0.330019 -1.048361 -0.742186 0.330019 -1.048361 -0.742186 -0.330019 -1.048361 0.742186 -0.330019 -1.048361 0.742186 0.330019 -1.048361 -0.742186 0.330019 " />
											<Normal vector="0.577349 -0.577349 -0.577349 0.577349 0.577349 -0.577349 0.577349 0.577349 0.577349 0.577349 -0.577349 0.577349 0.577349 0.577349 -0.577349 -0.577349 0.577349 -0.577349 -0.577349 0.577349 0.577349 0.577349 0.577349 0.577349 -0.577349 0.577349 -0.577349 -0.577349 -0.577349 -0.577349 -0.577349 -0.577349 0.577349 -0.577349 0.577349 0.577349 -0.577349 -0.577349 -0.577349 0.577349 -0.577349 -0.577349 0.577349 -0.577349 0.577349 -0.577349 -0.577349 0.577349 -0.577349 -0.577349 -0.577349 -0.577349 0.577349 -0.577349 -0.577349 0.577349 0.577349 -0.577349 -0.577349 0.577349 " />
											<TextureCoordinate point="0.0486 0.7799 0.0486 0.9701 0.5999 0.9701 0.5999 0.7799 0.0486 0.7799 0.0486 0.9701 0.5999 0.9701 0.5999 0.7799 0.0486 0.7799 0.0486 0.9701 0.5999 0.9701 0.5999 0.7799 0.0486 0.7799 0.0486 0.9701 0.5999 0.9701 0.5999 0.7799 0.5999 0.9701 0.5999 0.7799 0.0486 0.7799 0.0486 0.9701 " />
										</IndexedTriangleSet>
									</Shape>
								</Group>
							</Transform>
							<Transform DEF="Cube_005_TRANSFORM"
							           translation="-0.978270 0.000000 0.005330"
							           scale="1.000000 1.000000 1.000000"
							           rotation="0.000000 1.000000 0.000000 0.000000"
							           >
								<Transform DEF="Cube_005_ifs_TRANSFORM"
								           translation="0.000000 0.000000 0.000000"
								           scale="1.000000 1.000000 1.000000"
								           rotation="0.000000 1.000000 0.000000 0.000000"
								           >
									<Group DEF="group_ME_Cube_001">
										<Shape>
											<Appearance>
												<Material USE="MA_Body" />
											</Appearance>
											<IndexedTriangleSet solid="false"
											                    normalPerVertex="true"
											                    index="0 1 2 0 2 3 4 5 6 4 6 7 8 9 10 8 10 11 12 13 14 12 14 15 4 13 16 4 16 17 18 19 14 18 14 7 "
											                    >
												<Coordinate point="0.031042 -0.686985 -0.257498 0.031042 0.686985 -0.257498 -0.031042 0.686985 0.257498 -0.031042 -0.686985 0.257498 0.031042 0.686985 -0.257498 -0.946814 0.686985 -0.375381 -1.008898 0.686985 0.139614 -0.031042 0.686985 0.257498 -0.946814 0.686985 -0.375381 -0.946814 -0.686985 -0.375381 -1.008898 -0.686985 0.139614 -1.008898 0.686985 0.139614 -0.946814 -0.686985 -0.375381 0.031042 -0.686985 -0.257498 -0.031042 -0.686985 0.257498 -1.008898 -0.686985 0.139614 -0.946814 -0.686985 -0.375381 -0.946814 0.686985 -0.375381 -1.008898 0.686985 0.139614 -1.008898 -0.686985 0.139614 " />
												<Normal vector="0.642293 -0.577349 -0.504074 0.642293 0.577349 -0.504074 0.504074 0.577349 0.642293 0.504074 -0.577349 0.642293 0.642293 0.577349 -0.504074 -0.504074 0.577349 -0.642293 -0.642293 0.577349 0.504074 0.504074 0.577349 0.642293 -0.504074 0.577349 -0.642293 -0.504074 -0.577349 -0.642293 -0.642293 -0.577349 0.504074 -0.642293 0.577349 0.504074 -0.504074 -0.577349 -0.642293 0.642293 -0.577349 -0.504074 0.504074 -0.577349 0.642293 -0.642293 -0.577349 0.504074 -0.504074 -0.577349 -0.642293 -0.504074 0.577349 -0.642293 -0.642293 0.577349 0.504074 -0.642293 -0.577349 0.504074 " />
												<TextureCoordinate point="0.0486 0.7799 0.0486 0.9701 0.5999 0.9701 0.5999 0.7799 0.0486 0.7799 0.0486 0.9701 0.5999 0.9701 0.5999 0.7799 0.0486 0.7799 0.0486 0.9701 0.5999 0.9701 0.5999 0.7799 0.0486 0.7799 0.0486 0.9701 0.5999 0.9701 0.5999 0.7799 0.5999 0.9701 0.5999 0.7799 0.0486 0.7799 0.0486 0.9701 " />
											</IndexedTriangleSet>
										</Shape>
									</Group>
								</Transform>
							</Transform>
							<Transform DEF="Cube_008_TRANSFORM"
							           translation="-0.386305 -0.602977 0.000000"
							           scale="1.000000 1.000000 1.000000"
							           rotation="0.000000 1.000000 0.000000 0.000000"
							           >
								<Transform DEF="Cube_008_ifs_TRANSFORM"
								           translation="0.000000 0.000000 0.000000"
								           scale="1.000000 1.000000 1.000000"
								           rotation="0.000000 1.000000 0.000000 0.000000"
								           >
									<Group DEF="group_ME_Cube_003">
										<Shape>
											<Appearance>
												<Material USE="MA_Body" />
											</Appearance>
											<IndexedTriangleSet solid="false"
											                    normalPerVertex="true"
											                    index="0 1 2 0 2 3 4 5 6 4 6 7 8 9 10 8 10 11 12 13 14 12 14 15 4 13 16 4 16 17 18 19 14 18 14 7 "
											                    >
												<Coordinate point="0.198065 -0.072516 -0.201235 -0.198065 0.072516 -0.201235 -0.198065 0.072516 0.201235 0.198065 -0.072516 0.201235 -0.198065 0.072516 -0.201235 -0.499961 -0.752060 -0.201235 -0.499961 -0.752060 0.201235 -0.198065 0.072516 0.201235 -0.499961 -0.752060 -0.201235 -0.103831 -0.897092 -0.201235 -0.103831 -0.897092 0.201235 -0.499961 -0.752060 0.201235 -0.103831 -0.897092 -0.201235 0.198065 -0.072516 -0.201235 0.198065 -0.072516 0.201235 -0.103831 -0.897092 0.201235 -0.103831 -0.897092 -0.201235 -0.499961 -0.752060 -0.201235 -0.499961 -0.752060 0.201235 -0.103831 -0.897092 0.201235 " />
												<Normal vector="0.740623 0.343638 -0.577349 -0.343638 0.740623 -0.577349 -0.343638 0.740623 0.577349 0.740623 0.343638 0.577349 -0.343638 0.740623 -0.577349 -0.740623 -0.343638 -0.577349 -0.740623 -0.343638 0.577349 -0.343638 0.740623 0.577349 -0.740623 -0.343638 -0.577349 0.343638 -0.740623 -0.577349 0.343638 -0.740623 0.577349 -0.740623 -0.343638 0.577349 0.343638 -0.740623 -0.577349 0.740623 0.343638 -0.577349 0.740623 0.343638 0.577349 0.343638 -0.740623 0.577349 0.343638 -0.740623 -0.577349 -0.740623 -0.343638 -0.577349 -0.740623 -0.343638 0.577349 0.343638 -0.740623 0.577349 " />
												<TextureCoordinate point="0.0486 0.7799 0.0486 0.9701 0.5999 0.9701 0.5999 0.7799 0.0486 0.7799 0.0486 0.9701 0.5999 0.9701 0.5999 0.7799 0.0486 0.7799 0.0486 0.9701 0.5999 0.9701 0.5999 0.7799 0.0486 0.7799 0.0486 0.9701 0.5999 0.9701 0.5999 0.7799 0.5999 0.9701 0.5999 0.7799 0.0486 0.7799 0.0486 0.9701 " />
											</IndexedTriangleSet>
										</Shape>
									</Group>
								</Transform>
							</Transform>
						</Transform>
					</Transform>
				</Transform>
			</Transform>
			<Transform DEF="leg1_TRANSFORM"
			           translation="0.732745 -0.015460 0.566450"
			           scale="1.000000 1.000000 1.000000"
			           rotation="0.000000 1.000000 0.000000 0.000000"
			           >
				<Transform DEF="leg1_ifs_TRANSFORM"
				           translation="0.000000 0.000000 0.000000"
				           scale="1.000000 1.000000 1.000000"
				           rotation="0.000000 1.000000 0.000000 0.000000"
				           >
					<Group DEF="group_ME_leg1">
						<Shape>
							<Appearance>
								<Material USE="MA_Body" />
							</Appearance>
							<IndexedTriangleSet solid="false"
							                    normalPerVertex="true"
							                    index="0 1 2 0 2 3 4 5 6 4 6 7 8 9 10 8 10 11 12 13 14 12 14 15 16 17 18 16 18 19 20 21 22 20 22 23 24 25 26 24 26 27 28 29 30 28 30 31 32 33 34 32 34 35 36 37 38 36 38 39 "
							                    >
								<Coordinate point="-0.862459 -0.933246 -0.851803 -0.862459 -0.933246 0.000000 -0.862459 0.933246 0.000000 -0.862459 0.933246 -0.851803 -0.862459 0.933246 -0.851803 -0.862459 0.933246 0.000000 0.862459 0.933246 0.000000 0.862459 0.933246 -0.851803 0.862459 0.933246 -0.851803 0.862459 0.933246 0.000000 0.862459 -0.933246 0.000000 0.862459 -0.933246 -0.851803 0.862459 -0.933246 -0.851803 0.862459 -0.933246 0.000000 -0.862459 -0.933246 0.000000 -0.862459 -0.933246 -0.851803 -0.862459 0.933246 -1.703606 0.862459 0.933246 -1.703606 0.862459 -0.933246 -1.703606 -0.862459 -0.933246 -1.703606 0.862459 0.933246 0.000000 -0.862459 0.933246 0.000000 -0.862459 -0.933246 0.000000 0.862459 -0.933246 0.000000 0.862459 -0.933246 -1.703606 0.862459 -0.933246 -0.851803 -0.862459 -0.933246 -0.851803 -0.862459 -0.933246 -1.703606 0.862459 0.933246 -1.703606 0.862459 0.933246 -0.851803 0.862459 -0.933246 -0.851803 0.862459 -0.933246 -1.703606 -0.862459 0.933246 -1.703606 -0.862459 0.933246 -0.851803 0.862459 0.933246 -0.851803 0.862459 0.933246 -1.703606 -0.862459 -0.933246 -1.703606 -0.862459 -0.933246 -0.851803 -0.862459 0.933246 -0.851803 -0.862459 0.933246 -1.703606 " />
								<Normal vector="-0.707083 -0.707083 0.000000 -0.577349 -0.577349 0.577349 -0.577349 0.577349 0.577349 -0.707083 0.707083 0.000000 -0.707083 0.707083 0.000000 -0.577349 0.577349 0.577349 0.577349 0.577349 0.577349 0.707083 0.707083 0.000000 0.707083 0.707083 0.000000 0.577349 0.577349 0.577349 0.577349 -0.577349 0.577349 0.707083 -0.707083 0.000000 0.707083 -0.707083 0.000000 0.577349 -0.577349 0.577349 -0.577349 -0.577349 0.577349 -0.707083 -0.707083 0.000000 -0.577349 0.577349 -0.577349 0.577349 0.577349 -0.577349 0.577349 -0.577349 -0.577349 -0.577349 -0.577349 -0.577349 0.577349 0.577349 0.577349 -0.577349 0.577349 0.577349 -0.577349 -0.577349 0.577349 0.577349 -0.577349 0.577349 0.577349 -0.577349 -0.577349 0.707083 -0.707083 0.000000 -0.707083 -0.707083 0.000000 -0.577349 -0.577349 -0.577349 0.577349 0.577349 -0.577349 0.707083 0.707083 0.000000 0.707083 -0.707083 0.000000 0.577349 -0.577349 -0.577349 -0.577349 0.577349 -0.577349 -0.707083 0.707083 0.000000 0.707083 0.707083 0.000000 0.577349 0.577349 -0.577349 -0.577349 -0.577349 -0.577349 -0.707083 -0.707083 0.000000 -0.707083 0.707083 0.000000 -0.577349 0.577349 -0.577349 " />
								<TextureCoordinate point="0.9778 0.5391 0.9778 0.9766 0.6863 0.9766 0.6863 0.5391 0.9778 0.5391 0.9778 0.9766 0.6863 0.9766 0.6863 0.5391 0.9778 0.5391 0.9778 0.9766 0.6863 0.9766 0.6863 0.5391 0.9778 0.5391 0.9778 0.9766 0.6863 0.9766 0.6863 0.5391 0.0248 0.5338 0.2017 0.5338 0.2017 0.7240 0.0248 0.7240 0.0248 0.5338 0.2017 0.5338 0.2017 0.7240 0.0248 0.7240 0.6863 0.9844 0.6863 0.5469 0.9778 0.5469 0.9778 0.9844 0.6863 0.9844 0.6863 0.5469 0.9778 0.5469 0.9778 0.9844 0.6863 0.9844 0.6863 0.5469 0.9778 0.5469 0.9778 0.9844 0.6863 0.9844 0.6863 0.5469 0.9778 0.5469 0.9778 0.9844 " />
							</IndexedTriangleSet>
						</Shape>
					</Group>
				</Transform>
				<Transform DEF="leg1_1_TRANSFORM"
				           translation="-0.012781 0.083502 -1.638009"
				           scale="1.000000 1.000000 1.000000"
				           rotation="0.000000 1.000000 0.000000 0.000000"
				           >
					<Transform DEF="leg1_1_ifs_TRANSFORM"
					           translation="0.000000 0.000000 0.000000"
					           scale="1.000000 1.000000 1.000000"
					           rotation="0.000000 1.000000 0.000000 0.000000"
					           >
						<Group DEF="group_ME_leg1_1">
							<Shape>
								<Appearance>
									<Material USE="MA_Body" />
								</Appearance>
								<IndexedTriangleSet solid="false"
								                    normalPerVertex="true"
								                    index="0 1 2 0 2 3 4 5 6 4 6 7 8 9 10 8 10 11 12 13 14 12 14 15 4 16 17 4 17 15 18 5 14 18 14 19 "
								                    >
									<Coordinate point="-0.213865 -0.215083 -0.494411 -0.213865 -0.215083 0.000000 -0.213865 0.215083 0.000000 -0.213865 0.215083 -0.494411 -0.213865 0.215083 -0.494411 -0.213865 0.215083 0.000000 0.213865 0.215083 0.000000 0.213865 0.215083 -0.494411 0.213865 0.215083 -0.494411 0.213865 0.215083 0.000000 0.213865 -0.215083 0.000000 0.213865 -0.215083 -0.494411 0.213865 -0.215083 -0.494411 0.213865 -0.215083 0.000000 -0.213865 -0.215083 0.000000 -0.213865 -0.215083 -0.494411 0.213865 0.215083 -0.494411 0.213865 -0.215083 -0.494411 0.213865 0.215083 0.000000 0.213865 -0.215083 0.000000 " />
									<Normal vector="-0.577349 -0.577349 -0.577349 -0.577349 -0.577349 0.577349 -0.577349 0.577349 0.577349 -0.577349 0.577349 -0.577349 -0.577349 0.577349 -0.577349 -0.577349 0.577349 0.577349 0.577349 0.577349 0.577349 0.577349 0.577349 -0.577349 0.577349 0.577349 -0.577349 0.577349 0.577349 0.577349 0.577349 -0.577349 0.577349 0.577349 -0.577349 -0.577349 0.577349 -0.577349 -0.577349 0.577349 -0.577349 0.577349 -0.577349 -0.577349 0.577349 -0.577349 -0.577349 -0.577349 0.577349 0.577349 -0.577349 0.577349 -0.577349 -0.577349 0.577349 0.577349 0.577349 0.577349 -0.577349 0.577349 " />
									<TextureCoordinate point="0.0486 0.7799 0.5999 0.7799 0.5999 0.9701 0.0486 0.9701 0.0486 0.7799 0.5999 0.7799 0.5999 0.9701 0.0486 0.9701 0.0486 0.7799 0.5999 0.7799 0.5999 0.9701 0.0486 0.9701 0.0486 0.7799 0.5999 0.7799 0.5999 0.9701 0.0486 0.9701 0.5999 0.7799 0.5999 0.9701 0.0486 0.7799 0.0486 0.9701 " />
								</IndexedTriangleSet>
							</Shape>
						</Group>
					</Transform>
					<Transform DEF="foot1_TRANSFORM"
					           translation="-0.002184 -0.016628 -0.431862"
					           scale="1.000000 1.000000 1.000000"
					           rotation="0.000000 1.000000 0.000000 0.000000"
					           >
						<Transform DEF="foot1_ifs_TRANSFORM"
						           translation="0.000000 0.000000 0.000000"
						           scale="1.000000 1.000000 1.000000"
						           rotation="0.000000 1.000000 0.000000 0.000000"
						           >
							<Group DEF="group_ME_foot1">
								<Shape>
									<Appearance>
										<Material USE="MA_Body" />
									</Appearance>
									<IndexedTriangleSet solid="false"
									                    normalPerVertex="true"
									                    index="0 1 2 0 2 3 4 5 6 4 6 7 8 9 10 8 10 11 12 13 14 12 14 15 4 16 17 4 17 15 18 5 14 18 14 19 "
									                    >
										<Coordinate point="-0.559386 -0.630986 -0.428540 -0.559386 -0.630986 0.000000 -0.559386 0.474704 0.000000 -0.559386 0.474704 -0.428540 -0.559386 0.474704 -0.428540 -0.559386 0.474704 0.000000 0.559386 0.474704 0.000000 0.559386 0.474704 -0.428540 0.559386 0.474704 -0.428540 0.559386 0.474704 0.000000 0.559386 -0.630986 0.000000 0.559386 -0.630986 -0.428540 0.559386 -0.630986 -0.428540 0.559386 -0.630986 0.000000 -0.559386 -0.630986 0.000000 -0.559386 -0.630986 -0.428540 0.559386 0.474704 -0.428540 0.559386 -0.630986 -0.428540 0.559386 0.474704 0.000000 0.559386 -0.630986 0.000000 " />
										<Normal vector="-0.577349 -0.577349 -0.577349 -0.577349 -0.577349 0.577349 -0.577349 0.577349 0.577349 -0.577349 0.577349 -0.577349 -0.577349 0.577349 -0.577349 -0.577349 0.577349 0.577349 0.577349 0.577349 0.577349 0.577349 0.577349 -0.577349 0.577349 0.577349 -0.577349 0.577349 0.577349 0.577349 0.577349 -0.577349 0.577349 0.577349 -0.577349 -0.577349 0.577349 -0.577349 -0.577349 0.577349 -0.577349 0.577349 -0.577349 -0.577349 0.577349 -0.577349 -0.577349 -0.577349 0.577349 0.577349 -0.577349 0.577349 -0.577349 -0.577349 0.577349 0.577349 0.577349 0.577349 -0.577349 0.577349 " />
										<TextureCoordinate point="0.0486 0.7799 0.5999 0.7799 0.5999 0.9701 0.0486 0.9701 0.0486 0.7799 0.5999 0.7799 0.5999 0.9701 0.0486 0.9701 0.0486 0.7799 0.5999 0.7799 0.5999 0.9701 0.0486 0.9701 0.0486 0.7799 0.5999 0.7799 0.5999 0.9701 0.0486 0.9701 0.5999 0.7799 0.5999 0.9701 0.0486 0.7799 0.0486 0.9701 " />
									</IndexedTriangleSet>
								</Shape>
							</Group>
						</Transform>
						<Transform DEF="Cube_012_TRANSFORM"
						           translation="0.002641 -0.574146 -0.225714"
						           scale="1.000000 1.000000 1.000000"
						           rotation="0.000000 1.000000 0.000000 0.000000"
						           >
							<Transform DEF="Cube_012_ifs_TRANSFORM"
							           translation="0.000000 0.000000 0.000000"
							           scale="1.000000 1.000000 1.000000"
							           rotation="0.000000 1.000000 0.000000 0.000000"
							           >
								<Group DEF="group_ME_Cube_012">
									<Shape>
										<Appearance>
											<Material USE="MA_Body" />
										</Appearance>
										<IndexedTriangleSet solid="false"
										                    normalPerVertex="true"
										                    index="0 1 2 0 2 3 4 5 6 4 6 7 8 9 10 8 10 11 12 13 14 12 14 15 4 16 17 4 17 15 18 5 14 18 14 19 "
										                    >
											<Coordinate point="-0.350477 -0.732517 -0.199109 -0.350477 -0.748191 0.128202 -0.350477 -0.007837 0.163656 -0.350477 0.007837 -0.163656 -0.350477 0.007837 -0.163656 -0.350477 -0.007837 0.163656 0.350477 -0.007837 0.163656 0.350477 0.007837 -0.163656 0.350477 0.007837 -0.163656 0.350477 -0.007837 0.163656 0.350477 -0.748191 0.128202 0.350477 -0.732517 -0.199109 0.350477 -0.732517 -0.199109 0.350477 -0.748191 0.128202 -0.350477 -0.748191 0.128202 -0.350477 -0.732517 -0.199109 0.350477 0.007837 -0.163656 0.350477 -0.732517 -0.199109 0.350477 -0.007837 0.163656 0.350477 -0.748191 0.128202 " />
											<Normal vector="-0.577349 -0.549058 -0.604297 -0.577349 -0.604297 0.549058 -0.577349 0.549058 0.604297 -0.577349 0.604297 -0.549058 -0.577349 0.604297 -0.549058 -0.577349 0.549058 0.604297 0.577349 0.549058 0.604297 0.577349 0.604297 -0.549058 0.577349 0.604297 -0.549058 0.577349 0.549058 0.604297 0.577349 -0.604297 0.549058 0.577349 -0.549058 -0.604297 0.577349 -0.549058 -0.604297 0.577349 -0.604297 0.549058 -0.577349 -0.604297 0.549058 -0.577349 -0.549058 -0.604297 0.577349 0.604297 -0.549058 0.577349 -0.549058 -0.604297 0.577349 0.549058 0.604297 0.577349 -0.604297 0.549058 " />
											<TextureCoordinate point="0.0486 0.7799 0.5999 0.7799 0.5999 0.9701 0.0486 0.9701 0.0486 0.7799 0.5999 0.7799 0.5999 0.9701 0.0486 0.9701 0.0486 0.7799 0.5999 0.7799 0.5999 0.9701 0.0486 0.9701 0.0486 0.7799 0.5999 0.7799 0.5999 0.9701 0.0486 0.9701 0.5999 0.7799 0.5999 0.9701 0.0486 0.7799 0.0486 0.9701 " />
										</IndexedTriangleSet>
									</Shape>
								</Group>
							</Transform>
						</Transform>
						<Transform DEF="Cube_013_TRANSFORM"
						           translation="0.002641 -0.355173 -0.214272"
						           scale="1.000000 1.000000 1.000000"
						           rotation="0.000000 1.000000 0.000000 0.000000"
						           >
							<Transform DEF="Cube_013_ifs_TRANSFORM"
							           translation="0.000000 0.000000 0.000000"
							           scale="1.000000 1.000000 1.000000"
							           rotation="0.000000 1.000000 0.000000 0.000000"
							           >
								<Group DEF="group_ME_Cube_013">
									<Shape>
										<Appearance>
											<Material USE="MA_Body" />
										</Appearance>
										<IndexedTriangleSet solid="false"
										                    normalPerVertex="true"
										                    index="0 1 2 0 2 3 4 5 6 4 6 7 8 9 10 8 10 11 12 13 14 12 14 15 4 16 17 4 17 15 18 5 14 18 14 19 "
										                    >
											<Coordinate point="-0.632726 -0.770452 -0.181516 -0.632726 -0.790124 0.047415 -0.632726 -0.009836 0.114465 -0.632726 0.009836 -0.114465 -0.632726 0.009836 -0.114465 -0.632726 -0.009836 0.114465 0.632726 -0.009836 0.114465 0.632726 0.009836 -0.114465 0.632726 0.009836 -0.114465 0.632726 -0.009836 0.114465 0.632726 -0.790124 0.047415 0.632726 -0.770452 -0.181516 0.632726 -0.770452 -0.181516 0.632726 -0.790124 0.047415 -0.632726 -0.790124 0.047415 -0.632726 -0.770452 -0.181516 0.632726 0.009836 -0.114465 0.632726 -0.770452 -0.181516 0.632726 -0.009836 0.114465 0.632726 -0.790124 0.047415 " />
											<Normal vector="-0.577349 -0.525773 -0.624653 -0.577349 -0.624653 0.525773 -0.577349 0.525773 0.624653 -0.577349 0.624653 -0.525773 -0.577349 0.624653 -0.525773 -0.577349 0.525773 0.624653 0.577349 0.525773 0.624653 0.577349 0.624653 -0.525773 0.577349 0.624653 -0.525773 0.577349 0.525773 0.624653 0.577349 -0.624653 0.525773 0.577349 -0.525773 -0.624653 0.577349 -0.525773 -0.624653 0.577349 -0.624653 0.525773 -0.577349 -0.624653 0.525773 -0.577349 -0.525773 -0.624653 0.577349 0.624653 -0.525773 0.577349 -0.525773 -0.624653 0.577349 0.525773 0.624653 0.577349 -0.624653 0.525773 " />
											<TextureCoordinate point="0.0486 0.7799 0.5999 0.7799 0.5999 0.9701 0.0486 0.9701 0.0486 0.7799 0.5999 0.7799 0.5999 0.9701 0.0486 0.9701 0.0486 0.7799 0.5999 0.7799 0.5999 0.9701 0.0486 0.9701 0.0486 0.7799 0.5999 0.7799 0.5999 0.9701 0.0486 0.9701 0.5999 0.7799 0.5999 0.9701 0.0486 0.7799 0.0486 0.9701 " />
										</IndexedTriangleSet>
									</Shape>
								</Group>
							</Transform>
						</Transform>
					</Transform>
				</Transform>
			</Transform>
			<Transform DEF="leg2_TRANSFORM"
			           translation="-0.732745 -0.015460 0.566450"
			           scale="1.000000 1.000000 1.000000"
			           rotation="0.000000 1.000000 0.000000 0.000000"
			           >
				<Transform DEF="leg2_ifs_TRANSFORM"
				           translation="0.000000 0.000000 0.000000"
				           scale="1.000000 1.000000 1.000000"
				           rotation="0.000000 1.000000 0.000000 0.000000"
				           >
					<Group DEF="group_ME_leg2">
						<Shape>
							<Appearance>
								<Material USE="MA_Body" />
							</Appearance>
							<IndexedTriangleSet solid="false"
							                    normalPerVertex="true"
							                    index="0 1 2 0 2 3 4 5 6 4 6 7 8 9 10 8 10 11 12 13 14 12 14 15 16 17 18 16 18 19 20 21 22 20 22 23 24 25 26 24 26 27 28 29 30 28 30 31 32 33 34 32 34 35 36 37 38 36 38 39 "
							                    >
								<Coordinate point="0.862459 -0.933246 -0.851803 0.862459 0.933246 -0.851803 0.862459 0.933246 0.000000 0.862459 -0.933246 -0.000000 0.862459 0.933246 -0.851803 -0.862459 0.933246 -0.851803 -0.862459 0.933246 0.000000 0.862459 0.933246 0.000000 -0.862459 0.933246 -0.851803 -0.862459 -0.933246 -0.851803 -0.862459 -0.933246 -0.000000 -0.862459 0.933246 0.000000 -0.862459 -0.933246 -0.851803 0.862459 -0.933246 -0.851803 0.862459 -0.933246 -0.000000 -0.862459 -0.933246 -0.000000 0.862459 0.933246 -1.703606 0.862459 -0.933246 -1.703606 -0.862459 -0.933246 -1.703606 -0.862459 0.933246 -1.703606 -0.862459 0.933246 0.000000 -0.862459 -0.933246 -0.000000 0.862459 -0.933246 -0.000000 0.862459 0.933246 0.000000 -0.862459 -0.933246 -1.703606 0.862459 -0.933246 -1.703606 0.862459 -0.933246 -0.851803 -0.862459 -0.933246 -0.851803 -0.862459 0.933246 -1.703606 -0.862459 -0.933246 -1.703606 -0.862459 -0.933246 -0.851803 -0.862459 0.933246 -0.851803 0.862459 0.933246 -1.703606 -0.862459 0.933246 -1.703606 -0.862459 0.933246 -0.851803 0.862459 0.933246 -0.851803 0.862459 -0.933246 -1.703606 0.862459 0.933246 -1.703606 0.862459 0.933246 -0.851803 0.862459 -0.933246 -0.851803 " />
								<Normal vector="0.707083 -0.707083 0.000000 0.707083 0.707083 0.000000 0.577349 0.577349 0.577349 0.577349 -0.577349 0.577349 0.707083 0.707083 0.000000 -0.707083 0.707083 0.000000 -0.577349 0.577349 0.577349 0.577349 0.577349 0.577349 -0.707083 0.707083 0.000000 -0.707083 -0.707083 0.000000 -0.577349 -0.577349 0.577349 -0.577349 0.577349 0.577349 -0.707083 -0.707083 0.000000 0.707083 -0.707083 0.000000 0.577349 -0.577349 0.577349 -0.577349 -0.577349 0.577349 0.577349 0.577349 -0.577349 0.577349 -0.577349 -0.577349 -0.577349 -0.577349 -0.577349 -0.577349 0.577349 -0.577349 -0.577349 0.577349 0.577349 -0.577349 -0.577349 0.577349 0.577349 -0.577349 0.577349 0.577349 0.577349 0.577349 -0.577349 -0.577349 -0.577349 0.577349 -0.577349 -0.577349 0.707083 -0.707083 0.000000 -0.707083 -0.707083 0.000000 -0.577349 0.577349 -0.577349 -0.577349 -0.577349 -0.577349 -0.707083 -0.707083 0.000000 -0.707083 0.707083 0.000000 0.577349 0.577349 -0.577349 -0.577349 0.577349 -0.577349 -0.707083 0.707083 0.000000 0.707083 0.707083 0.000000 0.577349 -0.577349 -0.577349 0.577349 0.577349 -0.577349 0.707083 0.707083 0.000000 0.707083 -0.707083 0.000000 " />
								<TextureCoordinate point="0.9778 0.5391 0.6863 0.5391 0.6863 0.9766 0.9778 0.9766 0.9778 0.5391 0.6863 0.5391 0.6863 0.9766 0.9778 0.9766 0.9778 0.5391 0.6863 0.5391 0.6863 0.9766 0.9778 0.9766 0.9778 0.5391 0.6863 0.5391 0.6863 0.9766 0.9778 0.9766 0.0248 0.5338 0.0248 0.7240 0.2017 0.7240 0.2017 0.5338 0.0248 0.5338 0.0248 0.7240 0.2017 0.7240 0.2017 0.5338 0.6863 0.9844 0.9778 0.9844 0.9778 0.5469 0.6863 0.5469 0.6863 0.9844 0.9778 0.9844 0.9778 0.5469 0.6863 0.5469 0.6863 0.9844 0.9778 0.9844 0.9778 0.5469 0.6863 0.5469 0.6863 0.9844 0.9778 0.9844 0.9778 0.5469 0.6863 0.5469 " />
							</IndexedTriangleSet>
						</Shape>
					</Group>
				</Transform>
				<Transform DEF="leg2_1_TRANSFORM"
				           translation="0.012781 0.083502 -1.638009"
				           scale="1.000000 1.000000 1.000000"
				           rotation="0.000000 1.000000 0.000000 0.000000"
				           >
					<Transform DEF="leg2_1_ifs_TRANSFORM"
					           translation="0.000000 0.000000 0.000000"
					           scale="1.000000 1.000000 1.000000"
					           rotation="0.000000 1.000000 0.000000 0.000000"
					           >
						<Group DEF="group_ME_leg2_1">
							<Shape>
								<Appearance>
									<Material USE="MA_Body" />
								</Appearance>
								<IndexedTriangleSet solid="false"
								                    normalPerVertex="true"
								                    index="0 1 2 0 2 3 4 5 6 4 6 7 8 9 10 8 10 11 12 13 14 12 14 15 4 13 16 4 16 17 18 19 14 18 14 7 "
								                    >
									<Coordinate point="0.213865 -0.215083 -0.494411 0.213865 0.215083 -0.494411 0.213865 0.215083 0.000000 0.213865 -0.215083 -0.000000 0.213865 0.215083 -0.494411 -0.213865 0.215083 -0.494411 -0.213865 0.215083 0.000000 0.213865 0.215083 0.000000 -0.213865 0.215083 -0.494411 -0.213865 -0.215083 -0.494411 -0.213865 -0.215083 -0.000000 -0.213865 0.215083 0.000000 -0.213865 -0.215083 -0.494411 0.213865 -0.215083 -0.494411 0.213865 -0.215083 -0.000000 -0.213865 -0.215083 -0.000000 -0.213865 -0.215083 -0.494411 -0.213865 0.215083 -0.494411 -0.213865 0.215083 0.000000 -0.213865 -0.215083 -0.000000 " />
									<Normal vector="0.577349 -0.577349 -0.577349 0.577349 0.577349 -0.577349 0.577349 0.577349 0.577349 0.577349 -0.577349 0.577349 0.577349 0.577349 -0.577349 -0.577349 0.577349 -0.577349 -0.577349 0.577349 0.577349 0.577349 0.577349 0.577349 -0.577349 0.577349 -0.577349 -0.577349 -0.577349 -0.577349 -0.577349 -0.577349 0.577349 -0.577349 0.577349 0.577349 -0.577349 -0.577349 -0.577349 0.577349 -0.577349 -0.577349 0.577349 -0.577349 0.577349 -0.577349 -0.577349 0.577349 -0.577349 -0.577349 -0.577349 -0.577349 0.577349 -0.577349 -0.577349 0.577349 0.577349 -0.577349 -0.577349 0.577349 " />
									<TextureCoordinate point="0.0486 0.7799 0.0486 0.9701 0.5999 0.9701 0.5999 0.7799 0.0486 0.7799 0.0486 0.9701 0.5999 0.9701 0.5999 0.7799 0.0486 0.7799 0.0486 0.9701 0.5999 0.9701 0.5999 0.7799 0.0486 0.7799 0.0486 0.9701 0.5999 0.9701 0.5999 0.7799 0.5999 0.9701 0.5999 0.7799 0.0486 0.7799 0.0486 0.9701 " />
								</IndexedTriangleSet>
							</Shape>
						</Group>
					</Transform>
					<Transform DEF="foot2_TRANSFORM"
					           translation="0.002184 -0.016628 -0.431862"
					           scale="1.000000 1.000000 1.000000"
					           rotation="0.000000 1.000000 0.000000 0.000000"
					           >
						<Transform DEF="foot2_ifs_TRANSFORM"
						           translation="0.000000 0.000000 0.000000"
						           scale="1.000000 1.000000 1.000000"
						           rotation="0.000000 1.000000 0.000000 0.000000"
						           >
							<Group DEF="group_ME_foot2">
								<Shape>
									<Appearance>
										<Material USE="MA_Body" />
									</Appearance>
									<IndexedTriangleSet solid="false"
									                    normalPerVertex="true"
									                    index="0 1 2 0 2 3 4 5 6 4 6 7 8 9 10 8 10 11 12 13 14 12 14 15 4 13 16 4 16 17 18 19 14 18 14 7 "
									                    >
										<Coordinate point="0.559386 -0.630986 -0.428540 0.559386 0.474704 -0.428540 0.559386 0.474704 0.000000 0.559386 -0.630986 -0.000000 0.559386 0.474704 -0.428540 -0.559386 0.474704 -0.428540 -0.559386 0.474704 0.000000 0.559386 0.474704 0.000000 -0.559386 0.474704 -0.428540 -0.559386 -0.630986 -0.428540 -0.559386 -0.630986 -0.000000 -0.559386 0.474704 0.000000 -0.559386 -0.630986 -0.428540 0.559386 -0.630986 -0.428540 0.559386 -0.630986 -0.000000 -0.559386 -0.630986 -0.000000 -0.559386 -0.630986 -0.428540 -0.559386 0.474704 -0.428540 -0.559386 0.474704 0.000000 -0.559386 -0.630986 -0.000000 " />
										<Normal vector="0.577349 -0.577349 -0.577349 0.577349 0.577349 -0.577349 0.577349 0.577349 0.577349 0.577349 -0.577349 0.577349 0.577349 0.577349 -0.577349 -0.577349 0.577349 -0.577349 -0.577349 0.577349 0.577349 0.577349 0.577349 0.577349 -0.577349 0.577349 -0.577349 -0.577349 -0.577349 -0.577349 -0.577349 -0.577349 0.577349 -0.577349 0.577349 0.577349 -0.577349 -0.577349 -0.577349 0.577349 -0.577349 -0.577349 0.577349 -0.577349 0.577349 -0.577349 -0.577349 0.577349 -0.577349 -0.577349 -0.577349 -0.577349 0.577349 -0.577349 -0.577349 0.577349 0.577349 -0.577349 -0.577349 0.577349 " />
										<TextureCoordinate point="0.0486 0.7799 0.0486 0.9701 0.5999 0.9701 0.5999 0.7799 0.0486 0.7799 0.0486 0.9701 0.5999 0.9701 0.5999 0.7799 0.0486 0.7799 0.0486 0.9701 0.5999 0.9701 0.5999 0.7799 0.0486 0.7799 0.0486 0.9701 0.5999 0.9701 0.5999 0.7799 0.5999 0.9701 0.5999 0.7799 0.0486 0.7799 0.0486 0.9701 " />
									</IndexedTriangleSet>
								</Shape>
							</Group>
						</Transform>
						<Transform DEF="Cube_009_TRANSFORM"
						           translation="-0.002641 -0.574146 -0.225714"
						           scale="1.000000 1.000000 1.000000"
						           rotation="0.000000 1.000000 0.000000 0.000000"
						           >
							<Transform DEF="Cube_009_ifs_TRANSFORM"
							           translation="0.000000 0.000000 0.000000"
							           scale="1.000000 1.000000 1.000000"
							           rotation="0.000000 1.000000 0.000000 0.000000"
							           >
								<Group DEF="group_ME_Cube_004">
									<Shape>
										<Appearance>
											<Material USE="MA_Body" />
										</Appearance>
										<IndexedTriangleSet solid="false"
										                    normalPerVertex="true"
										                    index="0 1 2 0 2 3 4 5 6 4 6 7 8 9 10 8 10 11 12 13 14 12 14 15 4 13 16 4 16 17 18 19 14 18 14 7 "
										                    >
											<Coordinate point="0.350477 -0.732517 -0.199110 0.350477 0.007837 -0.163656 0.350477 -0.007837 0.163656 0.350477 -0.748191 0.128202 0.350477 0.007837 -0.163656 -0.350477 0.007837 -0.163656 -0.350477 -0.007837 0.163656 0.350477 -0.007837 0.163656 -0.350477 0.007837 -0.163656 -0.350477 -0.732517 -0.199110 -0.350477 -0.748191 0.128202 -0.350477 -0.007837 0.163656 -0.350477 -0.732517 -0.199110 0.350477 -0.732517 -0.199110 0.350477 -0.748191 0.128202 -0.350477 -0.748191 0.128202 -0.350477 -0.732517 -0.199110 -0.350477 0.007837 -0.163656 -0.350477 -0.007837 0.163656 -0.350477 -0.748191 0.128202 " />
											<Normal vector="0.577349 -0.549058 -0.604297 0.577349 0.604297 -0.549058 0.577349 0.549058 0.604297 0.577349 -0.604297 0.549058 0.577349 0.604297 -0.549058 -0.577349 0.604297 -0.549058 -0.577349 0.549058 0.604297 0.577349 0.549058 0.604297 -0.577349 0.604297 -0.549058 -0.577349 -0.549058 -0.604297 -0.577349 -0.604297 0.549058 -0.577349 0.549058 0.604297 -0.577349 -0.549058 -0.604297 0.577349 -0.549058 -0.604297 0.577349 -0.604297 0.549058 -0.577349 -0.604297 0.549058 -0.577349 -0.549058 -0.604297 -0.577349 0.604297 -0.549058 -0.577349 0.549058 0.604297 -0.577349 -0.604297 0.549058 " />
											<TextureCoordinate point="0.0486 0.7799 0.0486 0.9701 0.5999 0.9701 0.5999 0.7799 0.0486 0.7799 0.0486 0.9701 0.5999 0.9701 0.5999 0.7799 0.0486 0.7799 0.0486 0.9701 0.5999 0.9701 0.5999 0.7799 0.0486 0.7799 0.0486 0.9701 0.5999 0.9701 0.5999 0.7799 0.5999 0.9701 0.5999 0.7799 0.0486 0.7799 0.0486 0.9701 " />
										</IndexedTriangleSet>
									</Shape>
								</Group>
							</Transform>
						</Transform>
						<Transform DEF="Cube_010_TRANSFORM"
						           translation="-0.002641 -0.355173 -0.214272"
						           scale="1.000000 1.000000 1.000000"
						           rotation="0.000000 1.000000 0.000000 0.000000"
						           >
							<Transform DEF="Cube_010_ifs_TRANSFORM"
							           translation="0.000000 0.000000 0.000000"
							           scale="1.000000 1.000000 1.000000"
							           rotation="0.000000 1.000000 0.000000 0.000000"
							           >
								<Group DEF="group_ME_Cube_005">
									<Shape>
										<Appearance>
											<Material USE="MA_Body" />
										</Appearance>
										<IndexedTriangleSet solid="false"
										                    normalPerVertex="true"
										                    index="0 1 2 0 2 3 4 5 6 4 6 7 8 9 10 8 10 11 12 13 14 12 14 15 4 13 16 4 16 17 18 19 14 18 14 7 "
										                    >
											<Coordinate point="0.632726 -0.770452 -0.181516 0.632726 0.009836 -0.114465 0.632726 -0.009836 0.114465 0.632726 -0.790124 0.047415 0.632726 0.009836 -0.114465 -0.632726 0.009836 -0.114465 -0.632726 -0.009836 0.114465 0.632726 -0.009836 0.114465 -0.632726 0.009836 -0.114465 -0.632726 -0.770452 -0.181516 -0.632726 -0.790124 0.047415 -0.632726 -0.009836 0.114465 -0.632726 -0.770452 -0.181516 0.632726 -0.770452 -0.181516 0.632726 -0.790124 0.047415 -0.632726 -0.790124 0.047415 -0.632726 -0.770452 -0.181516 -0.632726 0.009836 -0.114465 -0.632726 -0.009836 0.114465 -0.632726 -0.790124 0.047415 " />
											<Normal vector="0.577349 -0.525773 -0.624653 0.577349 0.624653 -0.525773 0.577349 0.525773 0.624653 0.577349 -0.624653 0.525773 0.577349 0.624653 -0.525773 -0.577349 0.624653 -0.525773 -0.577349 0.525773 0.624653 0.577349 0.525773 0.624653 -0.577349 0.624653 -0.525773 -0.577349 -0.525773 -0.624653 -0.577349 -0.624653 0.525773 -0.577349 0.525773 0.624653 -0.577349 -0.525773 -0.624653 0.577349 -0.525773 -0.624653 0.577349 -0.624653 0.525773 -0.577349 -0.624653 0.525773 -0.577349 -0.525773 -0.624653 -0.577349 0.624653 -0.525773 -0.577349 0.525773 0.624653 -0.577349 -0.624653 0.525773 " />
											<TextureCoordinate point="0.0486 0.7799 0.0486 0.9701 0.5999 0.9701 0.5999 0.7799 0.0486 0.7799 0.0486 0.9701 0.5999 0.9701 0.5999 0.7799 0.0486 0.7799 0.0486 0.9701 0.5999 0.9701 0.5999 0.7799 0.0486 0.7799 0.0486 0.9701 0.5999 0.9701 0.5999 0.7799 0.5999 0.9701 0.5999 0.7799 0.0486 0.7799 0.0486 0.9701 " />
										</IndexedTriangleSet>
									</Shape>
								</Group>
							</Transform>
						</Transform>
					</Transform>
				</Transform>
			</Transform>
		</Transform>
	</Scene>
</X3D>