<?xml version="1.0" encoding="UTF-8"?>
<!DOCTYPE X3D PUBLIC "ISO//Web3D//DTD X3D 3.0//EN" "http://www.web3d.org/specifications/x3d-3.0.dtd">
<X3D version="3.0" profile="Immersive" xmlns:xsd="http://www.w3.org/2001/XMLSchema-instance" xsd:noNamespaceSchemaLocation="http://www.web3d.org/specifications/x3d-3.0.xsd">
	<head>
		<meta name="filename" content="octillery.x3d" />
		<meta name="generator" content="Blender 2.93.18" />
	</head>
	<Scene>
		<NavigationInfo headlight="true"
		                visibilityLimit="0.0"
		                type='"EXAMINE", "ANY"'
		                avatarSize="0.25, 1.75, 0.75"
		                />
		<Background DEF="WO_World"
		            groundColor="0.051 0.051 0.051"
		            skyColor="0.051 0.051 0.051"
		            />
		<Transform DEF="body_TRANSFORM"
		           translation="0.000000 0.183885 0.026269"
		           scale="1.000000 1.000000 1.000000"
		           rotation="0.000000 0.000000 1.000000 3.141593"
		           >
			<Transform DEF="body_ifs_TRANSFORM"
			           translation="0.000000 0.000000 0.000000"
			           scale="1.000000 1.000000 1.000000"
			           rotation="0.000000 1.000000 0.000000 0.000000"
			           >
				<Group DEF="group_ME_body">
					<Shape>
						<Appearance>
							<Material DEF="MA_Body"
							          diffuseColor="0.800 0.800 0.800"
							          specularColor="0.401 0.401 0.401"
							          emissiveColor="0.000 0.000 0.000"
							          ambientIntensity="0.000"
							          shininess="0.500"
							          transparency="0.0"
							          />
						</Appearance>
						<IndexedTriangleSet solid="false"
						                    normalPerVertex="true"
						                    index="0 1 2 0 2 3 4 5 6 4 6 7 8 9 10 8 10 11 12 13 14 12 14 15 4 16 17 4 17 15 18 5 14 18 14 19 "
						                    >
							<Coordinate point="-0.699942 -0.656312 0.000000 -0.699942 -0.656312 0.863835 -0.699942 0.656312 0.863835 -0.699942 0.656312 0.000000 -0.699942 0.656312 0.000000 -0.699942 0.656312 0.863835 0.699942 0.656312 0.863835 0.699942 0.656312 0.000000 0.699942 0.656312 0.000000 0.699942 0.656312 0.863835 0.699942 -0.656312 0.863835 0.699942 -0.656312 0.000000 0.699942 -0.656312 0.000000 0.699942 -0.656312 0.863835 -0.699942 -0.656312 0.863835 -0.699942 -0.656312 0.000000 0.699942 0.656312 0.000000 0.699942 -0.656312 0.000000 0.699942 0.656312 0.863835 0.699942 -0.656312 0.863835 " />
							<Normal vector="-0.577349 -0.577349 -0.577349 -0.577349 -0.577349 0.577349 -0.577349 0.577349 0.577349 -0.577349 0.577349 -0.577349 -0.577349 0.577349 -0.577349 -0.577349 0.577349 0.577349 0.577349 0.577349 0.577349 0.577349 0.577349 -0.577349 0.577349 0.577349 -0.577349 0.577349 0.577349 0.577349 0.577349 -0.577349 0.577349 0.577349 -0.577349 -0.577349 0.577349 -0.577349 -0.577349 0.577349 -0.577349 0.577349 -0.577349 -0.577349 0.577349 -0.577349 -0.577349 -0.577349 0.577349 0.577349 -0.577349 0.577349 -0.577349 -0.577349 0.577349 0.577349 0.577349 0.577349 -0.577349 0.577349 " />
							<TextureCoordinate point="0.0189 0.5220 0.9713 0.5220 0.9713 0.9800 0.0189 0.9800 0.0189 0.5220 0.9713 0.5220 0.9713 0.9800 0.0189 0.9800 0.0189 0.5220 0.9713 0.5220 0.9713 0.9800 0.0189 0.9800 0.0189 0.5220 0.9713 0.5220 0.9713 0.9800 0.0189 0.9800 0.9713 0.5220 0.9713 0.9800 0.0189 0.5220 0.0189 0.9800 " />
						</IndexedTriangleSet>
					</Shape>
				</Group>
			</Transform>
			<Transform DEF="neck_TRANSFORM"
			           translation="0.000000 0.069418 0.759980"
			           scale="1.000000 1.000000 1.000000"
			           rotation="0.000000 1.000000 0.000000 0.000000"
			           >
				<Transform DEF="neck_ifs_TRANSFORM"
				           translation="0.000000 0.000000 0.000000"
				           scale="1.000000 1.000000 1.000000"
				           rotation="0.000000 1.000000 0.000000 0.000000"
				           >
					<Group DEF="group_ME_neck">
						<Shape>
							<Appearance>
								<Material USE="MA_Body" />
							</Appearance>
							<IndexedTriangleSet solid="false"
							                    normalPerVertex="true"
							                    index="0 1 2 0 2 3 4 5 6 4 6 7 8 9 10 8 10 11 12 13 14 12 14 15 4 16 17 4 17 15 18 5 14 18 14 19 "
							                    >
								<Coordinate point="-0.495123 -0.495599 0.026642 -0.495123 -0.468587 0.529126 -0.495123 0.522612 0.475841 -0.495123 0.495599 -0.026642 -0.495123 0.495599 -0.026642 -0.495123 0.522612 0.475841 0.495123 0.522612 0.475841 0.495123 0.495599 -0.026642 0.495123 0.495599 -0.026642 0.495123 0.522612 0.475841 0.495123 -0.468587 0.529126 0.495123 -0.495599 0.026642 0.495123 -0.495599 0.026642 0.495123 -0.468587 0.529126 -0.495123 -0.468587 0.529126 -0.495123 -0.495599 0.026642 0.495123 0.495599 -0.026642 0.495123 -0.495599 0.026642 0.495123 0.522612 0.475841 0.495123 -0.468587 0.529126 " />
								<Normal vector="-0.577349 -0.607501 -0.545518 -0.577349 -0.545518 0.607501 -0.577349 0.607501 0.545518 -0.577349 0.545518 -0.607501 -0.577349 0.545518 -0.607501 -0.577349 0.607501 0.545518 0.577349 0.607501 0.545518 0.577349 0.545518 -0.607501 0.577349 0.545518 -0.607501 0.577349 0.607501 0.545518 0.577349 -0.545518 0.607501 0.577349 -0.607501 -0.545518 0.577349 -0.607501 -0.545518 0.577349 -0.545518 0.607501 -0.577349 -0.545518 0.607501 -0.577349 -0.607501 -0.545518 0.577349 0.545518 -0.607501 0.577349 -0.607501 -0.545518 0.577349 0.607501 0.545518 0.577349 -0.545518 0.607501 " />
								<TextureCoordinate point="0.0189 0.5220 0.9713 0.5220 0.9713 0.9800 0.0189 0.9800 0.0189 0.5220 0.9713 0.5220 0.9713 0.9800 0.0189 0.9800 0.0189 0.5220 0.9713 0.5220 0.9713 0.9800 0.0189 0.9800 0.0189 0.5220 0.9713 0.5220 0.9713 0.9800 0.0189 0.9800 0.9713 0.5220 0.9713 0.9800 0.0189 0.5220 0.0189 0.9800 " />
							</IndexedTriangleSet>
						</Shape>
					</Group>
				</Transform>
				<Transform DEF="head_TRANSFORM"
				           translation="0.000000 0.022453 0.417666"
				           scale="1.000000 1.000000 1.000000"
				           rotation="0.000000 1.000000 0.000000 0.000000"
				           >
					<Transform DEF="head_ifs_TRANSFORM"
					           translation="0.000000 0.000000 0.000000"
					           scale="1.000000 1.000000 1.000000"
					           rotation="0.000000 1.000000 0.000000 0.000000"
					           >
						<Group DEF="group_ME_head">
							<Shape>
								<Appearance>
									<Material USE="MA_Body" />
								</Appearance>
								<IndexedTriangleSet solid="false"
								                    normalPerVertex="true"
								                    index="0 1 2 0 2 3 4 5 6 4 6 7 8 9 10 8 10 11 12 13 14 12 14 15 16 17 18 16 18 19 20 21 14 20 14 22 23 24 25 23 25 26 24 20 22 24 22 25 27 28 29 27 29 30 28 16 19 28 19 29 31 32 33 31 33 34 34 33 13 34 13 12 35 21 36 35 36 37 37 36 5 37 5 4 38 39 40 38 40 41 27 42 39 27 39 38 43 44 45 43 45 46 47 48 44 47 44 43 46 45 49 46 49 30 50 51 52 50 52 53 41 40 54 41 54 55 56 57 58 56 58 59 39 37 4 39 4 40 42 35 37 42 37 39 44 34 12 44 12 45 51 8 11 51 11 52 40 4 7 40 7 54 57 0 3 57 3 58 "
								                    >
									<Coordinate point="-0.820960 -0.834480 1.046229 -0.820960 -0.805334 1.588408 -0.820960 0.981472 1.492352 -0.820960 0.952326 0.950174 0.316534 0.952325 0.950174 0.316534 0.981472 1.492352 0.820960 0.981472 1.492352 0.820960 0.952326 0.950174 0.820960 0.952326 0.950174 0.820960 0.981472 1.492352 0.820960 -0.805334 1.588408 0.820960 -0.834480 1.046229 -0.316534 -0.834480 1.046229 -0.316534 -0.805334 1.588407 -0.820960 -0.805334 1.588408 -0.820960 -0.834480 1.046229 0.316534 0.898649 -0.048309 0.820960 0.898649 -0.048310 0.820960 -0.888157 0.047746 0.316534 -0.888156 0.047746 -0.316534 0.981472 1.492352 -0.820960 0.981472 1.492352 -0.316534 -0.805334 1.588407 0.820960 0.981472 1.492352 0.316534 0.981472 1.492352 0.316534 -0.805334 1.588407 0.820960 -0.805334 1.588408 -0.820960 0.898649 -0.048310 -0.316534 0.898649 -0.048309 -0.316534 -0.888156 0.047746 -0.820960 -0.888157 0.047746 0.820960 -0.834480 1.046229 0.820960 -0.805334 1.588408 0.316534 -0.805334 1.588407 0.316534 -0.834480 1.046229 -0.820960 0.952326 0.950174 -0.316534 0.981472 1.492352 -0.316534 0.952325 0.950174 -0.316534 0.898649 -0.048309 -0.316534 0.915072 0.257189 0.316534 0.915072 0.257189 0.316534 0.898649 -0.048309 -0.820960 0.915072 0.257188 0.316534 -0.888156 0.047746 0.316534 -0.871733 0.353244 -0.316534 -0.871733 0.353244 -0.316534 -0.888156 0.047746 0.820960 -0.888157 0.047746 0.820960 -0.871734 0.353244 -0.820960 -0.871734 0.353244 0.820960 0.898649 -0.048310 0.820960 0.915072 0.257188 0.820960 -0.871734 0.353244 0.820960 -0.888157 0.047746 0.820960 0.915072 0.257188 0.820960 0.898649 -0.048310 -0.820960 -0.888157 0.047746 -0.820960 -0.871734 0.353244 -0.820960 0.915072 0.257188 -0.820960 0.898649 -0.048310 " />
									<Normal vector="-0.707083 -0.706076 0.037935 -0.577349 -0.545518 0.607501 -0.577349 0.607501 0.545518 -0.707083 0.706076 -0.037935 0.000000 0.998535 -0.053652 0.000000 0.744041 0.668111 0.577349 0.607501 0.545518 0.707083 0.706076 -0.037935 0.707083 0.706076 -0.037935 0.577349 0.607501 0.545518 0.577349 -0.545518 0.607501 0.707083 -0.706076 0.037935 0.000000 -0.998535 0.053652 0.000000 -0.668111 0.744041 -0.577349 -0.545518 0.607501 -0.707083 -0.706076 0.037935 0.000000 0.668111 -0.744041 0.577349 0.545518 -0.607501 0.577349 -0.607501 -0.545518 0.000000 -0.744041 -0.668111 0.000000 0.744041 0.668111 -0.577349 0.607501 0.545518 0.000000 -0.668111 0.744041 0.577349 0.607501 0.545518 0.000000 0.744041 0.668111 0.000000 -0.668111 0.744041 0.577349 -0.545518 0.607501 -0.577349 0.545518 -0.607501 0.000000 0.668111 -0.744041 0.000000 -0.744041 -0.668111 -0.577349 -0.607501 -0.545518 0.707083 -0.706076 0.037935 0.577349 -0.545518 0.607501 0.000000 -0.668111 0.744041 0.000000 -0.998535 0.053652 -0.707083 0.706076 -0.037935 0.000000 0.744041 0.668111 0.000000 0.998535 -0.053652 0.000000 0.668111 -0.744041 0.000000 0.998535 -0.053652 0.000000 0.998535 -0.053652 0.000000 0.668111 -0.744041 -0.707083 0.706076 -0.037935 0.000000 -0.744041 -0.668111 0.000000 -0.998535 0.053652 0.000000 -0.998535 0.053652 0.000000 -0.744041 -0.668111 0.577349 -0.607501 -0.545518 0.707083 -0.706076 0.037935 -0.707083 -0.706076 0.037935 0.577349 0.545518 -0.607501 0.707083 0.706076 -0.037935 0.707083 -0.706076 0.037935 0.577349 -0.607501 -0.545518 0.707083 0.706076 -0.037935 0.577349 0.545518 -0.607501 -0.577349 -0.607501 -0.545518 -0.707083 -0.706076 0.037935 -0.707083 0.706076 -0.037935 -0.577349 0.545518 -0.607501 " />
									<TextureCoordinate point="0.7332 0.5220 0.9713 0.5220 0.9713 0.9800 0.7332 0.9800 0.7332 0.8273 0.9713 0.8273 0.9713 0.9800 0.7332 0.9800 0.7332 0.5220 0.9713 0.5220 0.9713 0.9800 0.7332 0.9800 0.7332 0.8273 0.9713 0.8273 0.9713 0.9800 0.7332 0.9800 0.6538 0.5220 0.9713 0.5220 0.9713 0.9800 0.6538 0.9800 0.6538 0.5220 0.9713 0.5220 0.6538 0.9800 0.0189 0.5220 0.3363 0.5220 0.3363 0.9800 0.0189 0.9800 0.0189 0.5220 0.3363 0.5220 0.3363 0.9800 0.0189 0.9800 0.7332 0.5220 0.9713 0.5220 0.9713 0.6747 0.7332 0.6747 0.7332 0.5220 0.9713 0.6747 0.7332 0.6747 0.0189 0.6747 0.4951 0.6747 0.4951 0.8273 0.0189 0.8273 0.4951 0.5220 0.0189 0.6747 0.4951 0.6747 0.4951 0.8273 0.0189 0.8273 0.0189 0.5220 0.4951 0.5220 0.4951 0.9800 0.0189 0.5220 0.4951 0.5220 0.4951 0.9800 0.0189 0.9800 0.4951 0.9800 0.0189 0.9800 0.0189 0.5220 0.4951 0.5220 0.4951 0.9800 0.0189 0.9800 " />
								</IndexedTriangleSet>
							</Shape>
							<Shape>
								<Appearance>
									<Material DEF="MA_Eye"
									          diffuseColor="0.800 0.800 0.800"
									          specularColor="0.401 0.401 0.401"
									          emissiveColor="0.000 0.000 0.000"
									          ambientIntensity="0.000"
									          shininess="0.500"
									          transparency="0.0"
									          />
								</Appearance>
								<IndexedTriangleSet solid="false"
								                    normalPerVertex="true"
								                    index="0 1 2 0 2 3 4 5 6 4 6 7 "
								                    >
									<Coordinate point="0.820960 -0.871734 0.353244 0.820960 -0.834480 1.046229 0.316534 -0.834480 1.046229 0.316534 -0.871733 0.353244 -0.316534 -0.871733 0.353244 -0.316534 -0.834480 1.046229 -0.820960 -0.834480 1.046229 -0.820960 -0.871734 0.353244 " />
									<Normal vector="0.707083 -0.706076 0.037935 0.707083 -0.706076 0.037935 0.000000 -0.998535 0.053652 0.000000 -0.998535 0.053652 0.000000 -0.998535 0.053652 0.000000 -0.998535 0.053652 -0.707083 -0.706076 0.037935 -0.707083 -0.706076 0.037935 " />
									<TextureCoordinate point="0.9160 0.5185 0.9160 0.9893 0.1153 0.9893 0.1153 0.5185 0.1153 0.5185 0.1153 0.9893 0.9160 0.9893 0.9160 0.5185 " />
								</IndexedTriangleSet>
							</Shape>
						</Group>
					</Transform>
					<Transform DEF="Cube_003_TRANSFORM"
					           translation="0.000000 -0.798885 0.529990"
					           scale="1.000000 1.000000 1.000000"
					           rotation="0.000000 1.000000 0.000000 0.000000"
					           >
						<Transform DEF="Cube_003_ifs_TRANSFORM"
						           translation="0.000000 0.000000 0.000000"
						           scale="1.000000 1.000000 1.000000"
						           rotation="0.000000 1.000000 0.000000 0.000000"
						           >
							<Group DEF="group_ME_Cube_015">
								<Shape>
									<Appearance>
										<Material USE="MA_Body" />
									</Appearance>
									<IndexedTriangleSet solid="false"
									                    normalPerVertex="true"
									                    index="0 1 2 0 2 3 4 5 6 4 6 7 8 9 10 8 10 11 12 13 14 12 14 15 4 16 17 4 17 15 18 5 14 18 14 19 "
									                    >
										<Coordinate point="-0.271952 -0.298490 -0.345108 -0.271952 -0.336077 0.308622 -0.271952 -0.018794 0.326865 -0.271952 0.018794 -0.326865 -0.271952 0.018794 -0.326865 -0.271952 -0.018794 0.326865 0.271952 -0.018794 0.326865 0.271952 0.018794 -0.326865 0.271952 0.018794 -0.326865 0.271952 -0.018794 0.326865 0.271952 -0.336077 0.308622 0.271952 -0.298490 -0.345108 0.271952 -0.298490 -0.345108 0.271952 -0.336077 0.308622 -0.271952 -0.336077 0.308622 -0.271952 -0.298490 -0.345108 0.271952 0.018794 -0.326865 0.271952 -0.298490 -0.345108 0.271952 -0.018794 0.326865 0.271952 -0.336077 0.308622 " />
										<Normal vector="-0.577349 -0.543229 -0.609516 -0.577349 -0.609516 0.543229 -0.577349 0.543229 0.609516 -0.577349 0.609516 -0.543229 -0.577349 0.609516 -0.543229 -0.577349 0.543229 0.609516 0.577349 0.543229 0.609516 0.577349 0.609516 -0.543229 0.577349 0.609516 -0.543229 0.577349 0.543229 0.609516 0.577349 -0.609516 0.543229 0.577349 -0.543229 -0.609516 0.577349 -0.543229 -0.609516 0.577349 -0.609516 0.543229 -0.577349 -0.609516 0.543229 -0.577349 -0.543229 -0.609516 0.577349 0.609516 -0.543229 0.577349 -0.543229 -0.609516 0.577349 0.543229 0.609516 0.577349 -0.609516 0.543229 " />
										<TextureCoordinate point="0.0189 0.5220 0.9713 0.5220 0.9713 0.9800 0.0189 0.9800 0.0189 0.5220 0.9713 0.5220 0.9713 0.9800 0.0189 0.9800 0.0189 0.5220 0.9713 0.5220 0.9713 0.9800 0.0189 0.9800 0.0189 0.5220 0.9713 0.5220 0.9713 0.9800 0.0189 0.9800 0.9713 0.5220 0.9713 0.9800 0.0189 0.5220 0.0189 0.9800 " />
									</IndexedTriangleSet>
								</Shape>
							</Group>
						</Transform>
						<Transform DEF="Cube_004_TRANSFORM"
						           translation="0.000000 -0.280972 -0.039757"
						           scale="1.000000 1.000000 1.000000"
						           rotation="0.000000 1.000000 0.000000 0.000000"
						           >
							<Transform DEF="Cube_004_ifs_TRANSFORM"
							           translation="0.000000 0.000000 0.000000"
							           scale="1.000000 1.000000 1.000000"
							           rotation="0.000000 1.000000 0.000000 0.000000"
							           >
								<Group DEF="group_ME_Cube_024">
									<Shape>
										<Appearance>
											<Material USE="MA_Body" />
										</Appearance>
										<IndexedTriangleSet solid="false"
										                    normalPerVertex="true"
										                    index="0 1 2 0 2 3 4 5 6 4 6 7 8 9 10 8 10 11 12 13 14 12 14 15 4 16 17 4 17 18 19 5 13 19 13 12 20 21 22 20 22 23 11 10 24 11 24 25 1 0 26 1 26 27 18 17 28 18 28 29 "
										                    >
											<Coordinate point="-0.214422 -0.263294 -0.257725 -0.214422 -0.280020 0.239447 -0.214422 -0.008363 0.248586 -0.214422 0.008363 -0.248586 -0.214422 0.008363 -0.248586 -0.214422 -0.008363 0.248586 0.214422 -0.008363 0.248586 0.214422 0.008363 -0.248586 0.214422 0.008363 -0.248586 0.214422 -0.008363 0.248586 0.214422 -0.280020 0.239447 0.214422 -0.263294 -0.257725 0.214422 -0.280020 0.239447 -0.214422 -0.280020 0.239447 -0.174729 -0.278472 0.193430 0.174729 -0.278472 0.193430 0.214422 0.008363 -0.248586 0.214422 -0.263294 -0.257725 -0.214422 -0.263294 -0.257725 0.214422 -0.008363 0.248586 0.174729 -0.264843 -0.211707 0.174729 -0.278472 0.193430 -0.174729 -0.278472 0.193430 -0.174729 -0.264843 -0.211707 0.174729 -0.278472 0.193430 0.174729 -0.264843 -0.211707 -0.174729 -0.264843 -0.211707 -0.174729 -0.278472 0.193430 0.174729 -0.264843 -0.211707 -0.174729 -0.264843 -0.211707 " />
											<Normal vector="-0.577349 -0.557604 -0.596423 -0.577349 -0.596423 0.557604 -0.577349 0.557604 0.596423 -0.577349 0.596423 -0.557604 -0.577349 0.596423 -0.557604 -0.577349 0.557604 0.596423 0.577349 0.557604 0.596423 0.577349 0.596423 -0.557604 0.577349 0.596423 -0.557604 0.577349 0.557604 0.596423 0.577349 -0.596423 0.557604 0.577349 -0.557604 -0.596423 0.577349 -0.596423 0.557604 -0.577349 -0.596423 0.557604 0.000000 -0.999420 -0.033601 0.000000 -0.999420 -0.033601 0.577349 0.596423 -0.557604 0.577349 -0.557604 -0.596423 -0.577349 -0.557604 -0.596423 0.577349 0.557604 0.596423 0.000000 -0.999420 -0.033601 0.000000 -0.999420 -0.033601 0.000000 -0.999420 -0.033601 0.000000 -0.999420 -0.033601 0.000000 -0.999420 -0.033601 0.000000 -0.999420 -0.033601 0.000000 -0.999420 -0.033601 0.000000 -0.999420 -0.033601 0.000000 -0.999420 -0.033601 0.000000 -0.999420 -0.033601 " />
											<TextureCoordinate point="0.0189 0.5220 0.9713 0.5220 0.9713 0.9800 0.0189 0.9800 0.0189 0.5220 0.9713 0.5220 0.9713 0.9800 0.0189 0.9800 0.0189 0.5220 0.9713 0.5220 0.9713 0.9800 0.0189 0.9800 0.0189 0.9800 0.9713 0.9800 0.9713 0.9800 0.0189 0.9800 0.9713 0.5220 0.9713 0.9800 0.0189 0.9800 0.0189 0.5220 0.0154 0.0249 0.4826 0.0249 0.4826 0.4829 0.0154 0.4829 0.9713 0.9800 0.0189 0.9800 0.0189 0.5220 0.9713 0.5220 0.9713 0.9800 0.0189 0.9800 " />
										</IndexedTriangleSet>
									</Shape>
								</Group>
							</Transform>
						</Transform>
					</Transform>
					<Transform DEF="Cube_TRANSFORM"
					           translation="0.000000 0.092014 1.486290"
					           scale="1.000000 1.000000 1.000000"
					           rotation="0.000000 1.000000 0.000000 0.000000"
					           >
						<Transform DEF="Cube_ifs_TRANSFORM"
						           translation="0.000000 0.000000 0.000000"
						           scale="1.000000 1.000000 1.000000"
						           rotation="0.000000 1.000000 0.000000 0.000000"
						           >
							<Group DEF="group_ME_Cube_052">
								<Shape>
									<Appearance>
										<Material USE="MA_Body" />
									</Appearance>
									<IndexedTriangleSet solid="false"
									                    normalPerVertex="true"
									                    index="0 1 2 0 2 3 4 5 6 4 6 7 8 9 10 8 10 11 12 13 14 12 14 15 4 16 17 4 17 15 18 5 14 18 14 19 "
									                    >
										<Coordinate point="-0.162671 -0.175932 -0.000000 -0.162671 -0.175932 0.124795 -0.162671 0.175932 0.124795 -0.162671 0.175932 0.000000 -0.162671 0.175932 0.000000 -0.162671 0.175932 0.124795 0.162671 0.175932 0.124795 0.162671 0.175932 0.000000 0.162671 0.175932 0.000000 0.162671 0.175932 0.124795 0.162671 -0.175932 0.124795 0.162671 -0.175932 -0.000000 0.162671 -0.175932 -0.000000 0.162671 -0.175932 0.124795 -0.162671 -0.175932 0.124795 -0.162671 -0.175932 -0.000000 0.162671 0.175932 0.000000 0.162671 -0.175932 -0.000000 0.162671 0.175932 0.124795 0.162671 -0.175932 0.124795 " />
										<Normal vector="-0.577349 -0.577349 -0.577349 -0.577349 -0.577349 0.577349 -0.577349 0.577349 0.577349 -0.577349 0.577349 -0.577349 -0.577349 0.577349 -0.577349 -0.577349 0.577349 0.577349 0.577349 0.577349 0.577349 0.577349 0.577349 -0.577349 0.577349 0.577349 -0.577349 0.577349 0.577349 0.577349 0.577349 -0.577349 0.577349 0.577349 -0.577349 -0.577349 0.577349 -0.577349 -0.577349 0.577349 -0.577349 0.577349 -0.577349 -0.577349 0.577349 -0.577349 -0.577349 -0.577349 0.577349 0.577349 -0.577349 0.577349 -0.577349 -0.577349 0.577349 0.577349 0.577349 0.577349 -0.577349 0.577349 " />
										<TextureCoordinate point="0.5297 0.2945 0.9723 0.2945 0.9723 0.4711 0.5297 0.4711 0.5297 0.2945 0.9723 0.2945 0.9723 0.4711 0.5297 0.4711 0.5297 0.2945 0.9723 0.2945 0.9723 0.4711 0.5297 0.4711 0.5297 0.2945 0.9723 0.2945 0.9723 0.4711 0.5297 0.4711 0.9723 0.2945 0.9723 0.4711 0.5297 0.2945 0.5297 0.4711 " />
									</IndexedTriangleSet>
								</Shape>
							</Group>
						</Transform>
					</Transform>
					<Transform DEF="Cube_001_TRANSFORM"
					           translation="0.000000 -0.662684 1.427835"
					           scale="1.000000 1.000000 1.000000"
					           rotation="0.000000 1.000000 0.000000 0.000000"
					           >
						<Transform DEF="Cube_001_ifs_TRANSFORM"
						           translation="0.000000 0.000000 0.000000"
						           scale="1.000000 1.000000 1.000000"
						           rotation="0.000000 1.000000 0.000000 0.000000"
						           >
							<Group DEF="group_ME_Cube_053">
								<Shape>
									<Appearance>
										<Material USE="MA_Body" />
									</Appearance>
									<IndexedTriangleSet solid="false"
									                    normalPerVertex="true"
									                    index="0 1 2 0 2 3 4 5 6 4 6 7 8 9 10 8 10 11 12 13 14 12 14 15 4 16 17 4 17 15 18 5 14 18 14 19 "
									                    >
										<Coordinate point="-0.162671 -0.129050 -0.119575 -0.162671 -0.282078 0.045579 -0.162671 -0.023977 0.284729 -0.162671 0.129050 0.119575 -0.162671 0.129050 0.119575 -0.162671 -0.023977 0.284729 0.162671 -0.023977 0.284729 0.162671 0.129050 0.119575 0.162671 0.129050 0.119575 0.162671 -0.023977 0.284729 0.162671 -0.282078 0.045579 0.162671 -0.129050 -0.119575 0.162671 -0.129050 -0.119575 0.162671 -0.282078 0.045579 -0.162671 -0.282078 0.045579 -0.162671 -0.129050 -0.119575 0.162671 0.129050 0.119575 0.162671 -0.129050 -0.119575 0.162671 -0.023977 0.284729 0.162671 -0.282078 0.045579 " />
										<Normal vector="-0.577349 -0.031068 -0.815882 -0.577349 -0.815882 0.031068 -0.577349 0.031068 0.815882 -0.577349 0.815882 -0.031068 -0.577349 0.815882 -0.031068 -0.577349 0.031068 0.815882 0.577349 0.031068 0.815882 0.577349 0.815882 -0.031068 0.577349 0.815882 -0.031068 0.577349 0.031068 0.815882 0.577349 -0.815882 0.031068 0.577349 -0.031068 -0.815882 0.577349 -0.031068 -0.815882 0.577349 -0.815882 0.031068 -0.577349 -0.815882 0.031068 -0.577349 -0.031068 -0.815882 0.577349 0.815882 -0.031068 0.577349 -0.031068 -0.815882 0.577349 0.031068 0.815882 0.577349 -0.815882 0.031068 " />
										<TextureCoordinate point="0.5297 0.2945 0.9723 0.2945 0.9723 0.4711 0.5297 0.4711 0.5297 0.2945 0.9723 0.2945 0.9723 0.4711 0.5297 0.4711 0.5297 0.2945 0.9723 0.2945 0.9723 0.4711 0.5297 0.4711 0.5297 0.2945 0.9723 0.2945 0.9723 0.4711 0.5297 0.4711 0.9723 0.2945 0.9723 0.4711 0.5297 0.2945 0.5297 0.4711 " />
									</IndexedTriangleSet>
								</Shape>
							</Group>
						</Transform>
					</Transform>
					<Transform DEF="Cube_002_TRANSFORM"
					           translation="0.000000 0.840833 1.310037"
					           scale="1.000000 1.000000 1.000000"
					           rotation="0.000000 1.000000 0.000000 0.000000"
					           >
						<Transform DEF="Cube_002_ifs_TRANSFORM"
						           translation="0.000000 0.000000 0.000000"
						           scale="1.000000 1.000000 1.000000"
						           rotation="0.000000 1.000000 0.000000 0.000000"
						           >
							<Group DEF="group_ME_Cube_054">
								<Shape>
									<Appearance>
										<Material USE="MA_Body" />
									</Appearance>
									<IndexedTriangleSet solid="false"
									                    normalPerVertex="true"
									                    index="0 1 2 0 2 3 4 5 6 4 6 7 8 9 10 8 10 11 12 13 14 12 14 15 4 16 17 4 17 15 18 5 14 18 14 19 "
									                    >
										<Coordinate point="-0.162671 -0.062549 0.180593 -0.162671 0.141434 0.251244 -0.162671 0.266532 -0.109943 -0.162671 0.062549 -0.180593 -0.162671 0.062549 -0.180593 -0.162671 0.266532 -0.109943 0.162671 0.266532 -0.109943 0.162671 0.062549 -0.180593 0.162671 0.062549 -0.180593 0.162671 0.266532 -0.109943 0.162671 0.141434 0.251244 0.162671 -0.062549 0.180593 0.162671 -0.062549 0.180593 0.162671 0.141434 0.251244 -0.162671 0.141434 0.251244 -0.162671 -0.062549 0.180593 0.162671 0.062549 -0.180593 0.162671 -0.062549 0.180593 0.162671 0.266532 -0.109943 0.162671 0.141434 0.251244 " />
										<Normal vector="-0.577349 -0.734489 0.356578 -0.577349 0.356578 0.734489 -0.577349 0.734489 -0.356578 -0.577349 -0.356578 -0.734489 -0.577349 -0.356578 -0.734489 -0.577349 0.734489 -0.356578 0.577349 0.734489 -0.356578 0.577349 -0.356578 -0.734489 0.577349 -0.356578 -0.734489 0.577349 0.734489 -0.356578 0.577349 0.356578 0.734489 0.577349 -0.734489 0.356578 0.577349 -0.734489 0.356578 0.577349 0.356578 0.734489 -0.577349 0.356578 0.734489 -0.577349 -0.734489 0.356578 0.577349 -0.356578 -0.734489 0.577349 -0.734489 0.356578 0.577349 0.734489 -0.356578 0.577349 0.356578 0.734489 " />
										<TextureCoordinate point="0.5297 0.2945 0.9723 0.2945 0.9723 0.4711 0.5297 0.4711 0.5297 0.2945 0.9723 0.2945 0.9723 0.4711 0.5297 0.4711 0.5297 0.2945 0.9723 0.2945 0.9723 0.4711 0.5297 0.4711 0.5297 0.2945 0.9723 0.2945 0.9723 0.4711 0.5297 0.4711 0.9723 0.2945 0.9723 0.4711 0.5297 0.2945 0.5297 0.4711 " />
									</IndexedTriangleSet>
								</Shape>
							</Group>
						</Transform>
					</Transform>
					<Transform DEF="Cube_037_TRANSFORM"
					           translation="0.000000 0.092014 1.486290"
					           scale="1.000000 1.000000 1.000000"
					           rotation="0.000000 1.000000 0.000000 0.000000"
					           >
						<Transform DEF="Cube_037_ifs_TRANSFORM"
						           translation="0.000000 0.000000 0.000000"
						           scale="1.000000 1.000000 1.000000"
						           rotation="0.000000 1.000000 0.000000 0.000000"
						           >
							<Group DEF="group_ME_Cube_010">
								<Shape>
									<Appearance>
										<Material USE="MA_Body" />
									</Appearance>
									<IndexedTriangleSet solid="false"
									                    normalPerVertex="true"
									                    index="0 1 2 0 2 3 4 5 6 4 6 7 8 9 10 8 10 11 12 13 14 12 14 15 4 16 17 4 17 15 18 5 14 18 14 19 "
									                    >
										<Coordinate point="-0.138820 -0.150137 -0.000000 -0.138820 -0.150137 0.106498 -0.138820 0.150137 0.106498 -0.138820 0.150137 0.000000 -0.138820 0.150137 0.000000 -0.138820 0.150137 0.106498 0.138820 0.150137 0.106498 0.138820 0.150137 0.000000 0.138820 0.150137 0.000000 0.138820 0.150137 0.106498 0.138820 -0.150137 0.106498 0.138820 -0.150137 -0.000000 0.138820 -0.150137 -0.000000 0.138820 -0.150137 0.106498 -0.138820 -0.150137 0.106498 -0.138820 -0.150137 -0.000000 0.138820 0.150137 0.000000 0.138820 -0.150137 -0.000000 0.138820 0.150137 0.106498 0.138820 -0.150137 0.106498 " />
										<Normal vector="-0.577349 -0.577349 -0.577349 -0.577349 -0.577349 0.577349 -0.577349 0.577349 0.577349 -0.577349 0.577349 -0.577349 -0.577349 0.577349 -0.577349 -0.577349 0.577349 0.577349 0.577349 0.577349 0.577349 0.577349 0.577349 -0.577349 0.577349 0.577349 -0.577349 0.577349 0.577349 0.577349 0.577349 -0.577349 0.577349 0.577349 -0.577349 -0.577349 0.577349 -0.577349 -0.577349 0.577349 -0.577349 0.577349 -0.577349 -0.577349 0.577349 -0.577349 -0.577349 -0.577349 0.577349 0.577349 -0.577349 0.577349 -0.577349 -0.577349 0.577349 0.577349 0.577349 0.577349 -0.577349 0.577349 " />
										<TextureCoordinate point="0.5297 0.0328 0.9723 0.0328 0.9723 0.2094 0.5297 0.2094 0.5297 0.0328 0.9723 0.0328 0.9723 0.2094 0.5297 0.2094 0.5297 0.0328 0.9723 0.0328 0.9723 0.2094 0.5297 0.2094 0.5297 0.0328 0.9723 0.0328 0.9723 0.2094 0.5297 0.2094 0.9723 0.0328 0.9723 0.2094 0.5297 0.0328 0.5297 0.2094 " />
									</IndexedTriangleSet>
								</Shape>
							</Group>
						</Transform>
					</Transform>
					<Transform DEF="Cube_038_TRANSFORM"
					           translation="0.000000 -0.662684 1.427835"
					           scale="1.000000 1.000000 1.000000"
					           rotation="0.000000 1.000000 0.000000 0.000000"
					           >
						<Transform DEF="Cube_038_ifs_TRANSFORM"
						           translation="0.000000 0.000000 0.000000"
						           scale="1.000000 1.000000 1.000000"
						           rotation="0.000000 1.000000 0.000000 0.000000"
						           >
							<Group DEF="group_ME_Cube_011">
								<Shape>
									<Appearance>
										<Material USE="MA_Body" />
									</Appearance>
									<IndexedTriangleSet solid="false"
									                    normalPerVertex="true"
									                    index="0 1 2 0 2 3 4 5 6 4 6 7 8 9 10 8 10 11 12 13 14 12 14 15 4 16 17 4 17 15 18 5 14 18 14 19 "
									                    >
										<Coordinate point="-0.138820 -0.110129 -0.102043 -0.138820 -0.240720 0.038896 -0.138820 -0.020461 0.242982 -0.138820 0.110129 0.102043 -0.138820 0.110129 0.102043 -0.138820 -0.020461 0.242982 0.138820 -0.020461 0.242982 0.138820 0.110129 0.102043 0.138820 0.110129 0.102043 0.138820 -0.020461 0.242982 0.138820 -0.240720 0.038896 0.138820 -0.110129 -0.102043 0.138820 -0.110129 -0.102043 0.138820 -0.240720 0.038896 -0.138820 -0.240720 0.038896 -0.138820 -0.110129 -0.102043 0.138820 0.110129 0.102043 0.138820 -0.110129 -0.102043 0.138820 -0.020461 0.242982 0.138820 -0.240720 0.038896 " />
										<Normal vector="-0.577349 -0.031068 -0.815882 -0.577349 -0.815882 0.031068 -0.577349 0.031068 0.815882 -0.577349 0.815882 -0.031068 -0.577349 0.815882 -0.031068 -0.577349 0.031068 0.815882 0.577349 0.031068 0.815882 0.577349 0.815882 -0.031068 0.577349 0.815882 -0.031068 0.577349 0.031068 0.815882 0.577349 -0.815882 0.031068 0.577349 -0.031068 -0.815882 0.577349 -0.031068 -0.815882 0.577349 -0.815882 0.031068 -0.577349 -0.815882 0.031068 -0.577349 -0.031068 -0.815882 0.577349 0.815882 -0.031068 0.577349 -0.031068 -0.815882 0.577349 0.031068 0.815882 0.577349 -0.815882 0.031068 " />
										<TextureCoordinate point="0.5297 0.0328 0.9723 0.0328 0.9723 0.2094 0.5297 0.2094 0.5297 0.0328 0.9723 0.0328 0.9723 0.2094 0.5297 0.2094 0.5297 0.0328 0.9723 0.0328 0.9723 0.2094 0.5297 0.2094 0.5297 0.0328 0.9723 0.0328 0.9723 0.2094 0.5297 0.2094 0.9723 0.0328 0.9723 0.2094 0.5297 0.0328 0.5297 0.2094 " />
									</IndexedTriangleSet>
								</Shape>
							</Group>
						</Transform>
					</Transform>
					<Transform DEF="Cube_039_TRANSFORM"
					           translation="0.000000 0.840833 1.310037"
					           scale="1.000000 1.000000 1.000000"
					           rotation="0.000000 1.000000 0.000000 0.000000"
					           >
						<Transform DEF="Cube_039_ifs_TRANSFORM"
						           translation="0.000000 0.000000 0.000000"
						           scale="1.000000 1.000000 1.000000"
						           rotation="0.000000 1.000000 0.000000 0.000000"
						           >
							<Group DEF="group_ME_Cube_012">
								<Shape>
									<Appearance>
										<Material USE="MA_Body" />
									</Appearance>
									<IndexedTriangleSet solid="false"
									                    normalPerVertex="true"
									                    index="0 1 2 0 2 3 4 5 6 4 6 7 8 9 10 8 10 11 12 13 14 12 14 15 4 16 17 4 17 15 18 5 14 18 14 19 "
									                    >
										<Coordinate point="-0.138820 -0.053378 0.154115 -0.138820 0.120697 0.214407 -0.138820 0.227454 -0.093823 -0.138820 0.053378 -0.154115 -0.138820 0.053378 -0.154115 -0.138820 0.227454 -0.093823 0.138820 0.227454 -0.093823 0.138820 0.053378 -0.154115 0.138820 0.053378 -0.154115 0.138820 0.227454 -0.093823 0.138820 0.120697 0.214407 0.138820 -0.053378 0.154115 0.138820 -0.053378 0.154115 0.138820 0.120697 0.214407 -0.138820 0.120697 0.214407 -0.138820 -0.053378 0.154115 0.138820 0.053378 -0.154115 0.138820 -0.053378 0.154115 0.138820 0.227454 -0.093823 0.138820 0.120697 0.214407 " />
										<Normal vector="-0.577349 -0.734489 0.356578 -0.577349 0.356578 0.734489 -0.577349 0.734489 -0.356578 -0.577349 -0.356578 -0.734489 -0.577349 -0.356578 -0.734489 -0.577349 0.734489 -0.356578 0.577349 0.734489 -0.356578 0.577349 -0.356578 -0.734489 0.577349 -0.356578 -0.734489 0.577349 0.734489 -0.356578 0.577349 0.356578 0.734489 0.577349 -0.734489 0.356578 0.577349 -0.734489 0.356578 0.577349 0.356578 0.734489 -0.577349 0.356578 0.734489 -0.577349 -0.734489 0.356578 0.577349 -0.356578 -0.734489 0.577349 -0.734489 0.356578 0.577349 0.734489 -0.356578 0.577349 0.356578 0.734489 " />
										<TextureCoordinate point="0.5297 0.0328 0.9723 0.0328 0.9723 0.2094 0.5297 0.2094 0.5297 0.0328 0.9723 0.0328 0.9723 0.2094 0.5297 0.2094 0.5297 0.0328 0.9723 0.0328 0.9723 0.2094 0.5297 0.2094 0.5297 0.0328 0.9723 0.0328 0.9723 0.2094 0.5297 0.2094 0.9723 0.0328 0.9723 0.2094 0.5297 0.0328 0.5297 0.2094 " />
									</IndexedTriangleSet>
								</Shape>
							</Group>
						</Transform>
					</Transform>
				</Transform>
			</Transform>
			<Transform DEF="arm1_TRANSFORM"
			           translation="0.368515 -0.164550 0.358467"
			           scale="1.000000 1.000000 1.000000"
			           rotation="0.000000 1.000000 0.000000 0.000000"
			           >
				<Transform DEF="arm1_ifs_TRANSFORM"
				           translation="0.000000 0.000000 0.000000"
				           scale="1.000000 1.000000 1.000000"
				           rotation="0.000000 1.000000 0.000000 0.000000"
				           >
					<Group DEF="group_ME_arm1">
						<Shape>
							<Appearance>
								<Material USE="MA_Body" />
							</Appearance>
							<IndexedTriangleSet solid="false"
							                    normalPerVertex="true"
							                    index="0 1 2 0 2 3 4 5 6 4 6 7 8 9 10 8 10 11 12 13 14 12 14 15 4 16 17 4 17 15 18 5 14 18 14 19 "
							                    >
								<Coordinate point="0.572036 -0.785320 -0.341718 0.572036 -0.785320 0.341718 -0.184753 -0.272814 0.341718 -0.184753 -0.272814 -0.341718 -0.184753 -0.272814 -0.341718 -0.184753 -0.272814 0.341718 0.184753 0.272814 0.341718 0.184753 0.272814 -0.341718 0.184753 0.272814 -0.341718 0.184753 0.272814 0.341718 0.941542 -0.239691 0.341718 0.941542 -0.239691 -0.341718 0.941542 -0.239691 -0.341718 0.941542 -0.239691 0.341718 0.572036 -0.785320 0.341718 0.572036 -0.785320 -0.341718 0.184753 0.272814 -0.341718 0.941542 -0.239691 -0.341718 0.184753 0.272814 0.341718 0.941542 -0.239691 0.341718 " />
								<Normal vector="0.154302 -0.801782 -0.577349 0.154302 -0.801782 0.577349 -0.801782 -0.154302 0.577349 -0.801782 -0.154302 -0.577349 -0.801782 -0.154302 -0.577349 -0.801782 -0.154302 0.577349 -0.154302 0.801782 0.577349 -0.154302 0.801782 -0.577349 -0.154302 0.801782 -0.577349 -0.154302 0.801782 0.577349 0.801782 0.154302 0.577349 0.801782 0.154302 -0.577349 0.801782 0.154302 -0.577349 0.801782 0.154302 0.577349 0.154302 -0.801782 0.577349 0.154302 -0.801782 -0.577349 -0.154302 0.801782 -0.577349 0.801782 0.154302 -0.577349 -0.154302 0.801782 0.577349 0.801782 0.154302 0.577349 " />
								<TextureCoordinate point="0.0189 0.5220 0.9713 0.5220 0.9713 0.9800 0.0189 0.9800 0.0189 0.5220 0.9713 0.5220 0.9713 0.9800 0.0189 0.9800 0.0189 0.5220 0.9713 0.5220 0.9713 0.9800 0.0189 0.9800 0.0189 0.5220 0.9713 0.5220 0.9713 0.9800 0.0189 0.9800 0.9713 0.5220 0.9713 0.9800 0.0189 0.5220 0.0189 0.9800 " />
							</IndexedTriangleSet>
						</Shape>
					</Group>
				</Transform>
				<Transform DEF="arm1_1_TRANSFORM"
				           translation="0.717632 -0.485988 -0.036073"
				           scale="1.000000 1.000000 1.000000"
				           rotation="0.000000 1.000000 0.000000 0.000000"
				           >
					<Transform DEF="arm1_1_ifs_TRANSFORM"
					           translation="0.000000 0.000000 0.000000"
					           scale="1.000000 1.000000 1.000000"
					           rotation="0.000000 1.000000 0.000000 0.000000"
					           >
						<Group DEF="group_ME_arm1_1">
							<Shape>
								<Appearance>
									<Material USE="MA_Body" />
								</Appearance>
								<IndexedTriangleSet solid="false"
								                    normalPerVertex="true"
								                    index="0 1 2 0 2 3 4 5 6 4 6 7 8 9 10 8 10 11 12 13 14 12 14 15 4 16 17 4 17 15 18 5 14 18 14 19 "
								                    >
									<Coordinate point="0.291063 -0.539409 -0.232657 0.291063 -0.539409 0.232657 -0.158923 -0.234674 0.232657 -0.158923 -0.234674 -0.232657 -0.158923 -0.234674 -0.232657 -0.158923 -0.234674 0.232657 0.158923 0.234674 0.232657 0.158923 0.234674 -0.232657 0.158923 0.234674 -0.232657 0.158923 0.234674 0.232657 0.608910 -0.070062 0.232657 0.608910 -0.070062 -0.232657 0.608910 -0.070062 -0.232657 0.608910 -0.070062 0.232657 0.291063 -0.539409 0.232657 0.291063 -0.539409 -0.232657 0.158923 0.234674 -0.232657 0.608910 -0.070062 -0.232657 0.158923 0.234674 0.232657 0.608910 -0.070062 0.232657 " />
									<Normal vector="0.154302 -0.801782 -0.577349 0.154302 -0.801782 0.577349 -0.801782 -0.154302 0.577349 -0.801782 -0.154302 -0.577349 -0.801782 -0.154302 -0.577349 -0.801782 -0.154302 0.577349 -0.154302 0.801782 0.577349 -0.154302 0.801782 -0.577349 -0.154302 0.801782 -0.577349 -0.154302 0.801782 0.577349 0.801782 0.154302 0.577349 0.801782 0.154302 -0.577349 0.801782 0.154302 -0.577349 0.801782 0.154302 0.577349 0.154302 -0.801782 0.577349 0.154302 -0.801782 -0.577349 -0.154302 0.801782 -0.577349 0.801782 0.154302 -0.577349 -0.154302 0.801782 0.577349 0.801782 0.154302 0.577349 " />
									<TextureCoordinate point="0.0189 0.5220 0.9713 0.5220 0.9713 0.9800 0.0189 0.9800 0.0189 0.5220 0.9713 0.5220 0.9713 0.9800 0.0189 0.9800 0.0189 0.5220 0.9713 0.5220 0.9713 0.9800 0.0189 0.9800 0.0189 0.5220 0.9713 0.5220 0.9713 0.9800 0.0189 0.9800 0.9713 0.5220 0.9713 0.9800 0.0189 0.5220 0.0189 0.9800 " />
								</IndexedTriangleSet>
							</Shape>
						</Group>
					</Transform>
					<Transform DEF="arm1_2_TRANSFORM"
					           translation="0.383007 -0.253847 0.000000"
					           scale="1.000000 1.000000 1.000000"
					           rotation="0.000000 1.000000 0.000000 0.000000"
					           >
						<Transform DEF="arm1_2_ifs_TRANSFORM"
						           translation="0.000000 0.000000 0.000000"
						           scale="1.000000 1.000000 1.000000"
						           rotation="0.000000 1.000000 0.000000 0.000000"
						           >
							<Group DEF="group_ME_arm1_2">
								<Shape>
									<Appearance>
										<Material USE="MA_Body" />
									</Appearance>
									<IndexedTriangleSet solid="false"
									                    normalPerVertex="true"
									                    index="0 1 2 0 2 3 4 5 6 4 6 7 8 9 10 8 10 11 12 13 14 12 14 15 4 16 17 4 17 15 18 5 14 18 14 19 "
									                    >
										<Coordinate point="0.249581 -0.412973 -0.183161 0.249581 -0.412973 0.183161 -0.115954 -0.190631 0.183161 -0.115954 -0.190631 -0.183161 -0.115954 -0.190631 -0.183161 -0.115954 -0.190631 0.183161 0.115954 0.190631 0.183161 0.115954 0.190631 -0.183161 0.115954 0.190631 -0.183161 0.115954 0.190631 0.183161 0.481489 -0.031711 0.183161 0.481489 -0.031711 -0.183161 0.481489 -0.031711 -0.183161 0.481489 -0.031711 0.183161 0.249581 -0.412973 0.183161 0.249581 -0.412973 -0.183161 0.115954 0.190631 -0.183161 0.481489 -0.031711 -0.183161 0.115954 0.190631 0.183161 0.481489 -0.031711 0.183161 " />
										<Normal vector="0.193213 -0.793298 -0.577349 0.193213 -0.793298 0.577349 -0.793298 -0.193213 0.577349 -0.793298 -0.193213 -0.577349 -0.793298 -0.193213 -0.577349 -0.793298 -0.193213 0.577349 -0.193213 0.793298 0.577349 -0.193213 0.793298 -0.577349 -0.193213 0.793298 -0.577349 -0.193213 0.793298 0.577349 0.793298 0.193213 0.577349 0.793298 0.193213 -0.577349 0.793298 0.193213 -0.577349 0.793298 0.193213 0.577349 0.193213 -0.793298 0.577349 0.193213 -0.793298 -0.577349 -0.193213 0.793298 -0.577349 0.793298 0.193213 -0.577349 -0.193213 0.793298 0.577349 0.793298 0.193213 0.577349 " />
										<TextureCoordinate point="0.0189 0.5220 0.9713 0.5220 0.9713 0.9800 0.0189 0.9800 0.0189 0.5220 0.9713 0.5220 0.9713 0.9800 0.0189 0.9800 0.0189 0.5220 0.9713 0.5220 0.9713 0.9800 0.0189 0.9800 0.0189 0.5220 0.9713 0.5220 0.9713 0.9800 0.0189 0.9800 0.9713 0.5220 0.9713 0.9800 0.0189 0.5220 0.0189 0.9800 " />
									</IndexedTriangleSet>
								</Shape>
							</Group>
						</Transform>
						<Transform DEF="Cube_008_TRANSFORM"
						           translation="0.330904 -0.201277 0.000000"
						           scale="1.000000 1.000000 1.000000"
						           rotation="0.000000 1.000000 0.000000 0.000000"
						           >
							<Transform DEF="Cube_008_ifs_TRANSFORM"
							           translation="0.000000 0.000000 0.000000"
							           scale="1.000000 1.000000 1.000000"
							           rotation="0.000000 1.000000 0.000000 0.000000"
							           >
								<Group DEF="group_ME_Cube_028">
									<Shape>
										<Appearance>
											<Material USE="MA_Body" />
										</Appearance>
										<IndexedTriangleSet solid="false"
										                    normalPerVertex="true"
										                    index="0 1 2 0 2 3 4 5 6 4 6 7 8 9 10 8 10 11 12 13 14 12 14 15 4 16 17 4 17 15 18 5 14 18 14 19 "
										                    >
											<Coordinate point="0.256099 -0.333333 -0.124527 0.256099 -0.333333 0.124527 -0.078834 -0.129605 0.124527 -0.078834 -0.129605 -0.124527 -0.078834 -0.129605 -0.124527 -0.078834 -0.129605 0.124527 0.078834 0.129605 0.124527 0.078834 0.129605 -0.124527 0.078834 0.129605 -0.124527 0.078834 0.129605 0.124527 0.413767 -0.074123 0.124527 0.413767 -0.074123 -0.124527 0.413767 -0.074123 -0.124527 0.413767 -0.074123 0.124527 0.256099 -0.333333 0.124527 0.256099 -0.333333 -0.124527 0.078834 0.129605 -0.124527 0.413767 -0.074123 -0.124527 0.078834 0.129605 0.124527 0.413767 -0.074123 0.124527 " />
											<Normal vector="0.193213 -0.793298 -0.577349 0.193213 -0.793298 0.577349 -0.793298 -0.193213 0.577349 -0.793298 -0.193213 -0.577349 -0.793298 -0.193213 -0.577349 -0.793298 -0.193213 0.577349 -0.193213 0.793298 0.577349 -0.193213 0.793298 -0.577349 -0.193213 0.793298 -0.577349 -0.193213 0.793298 0.577349 0.793298 0.193213 0.577349 0.793298 0.193213 -0.577349 0.793298 0.193213 -0.577349 0.793298 0.193213 0.577349 0.193213 -0.793298 0.577349 0.193213 -0.793298 -0.577349 -0.193213 0.793298 -0.577349 0.793298 0.193213 -0.577349 -0.193213 0.793298 0.577349 0.793298 0.193213 0.577349 " />
											<TextureCoordinate point="0.0189 0.5220 0.9713 0.5220 0.9713 0.9800 0.0189 0.9800 0.0189 0.5220 0.9713 0.5220 0.9713 0.9800 0.0189 0.9800 0.0189 0.5220 0.9713 0.5220 0.9713 0.9800 0.0189 0.9800 0.0189 0.5220 0.9713 0.5220 0.9713 0.9800 0.0189 0.9800 0.9713 0.5220 0.9713 0.9800 0.0189 0.5220 0.0189 0.9800 " />
										</IndexedTriangleSet>
									</Shape>
								</Group>
							</Transform>
						</Transform>
						<Transform DEF="Cube_010_TRANSFORM"
						           translation="0.089992 -0.054739 -0.185464"
						           scale="1.000000 1.000000 1.000000"
						           rotation="0.000000 1.000000 0.000000 0.000000"
						           >
							<Transform DEF="Cube_010_ifs_TRANSFORM"
							           translation="0.000000 0.000000 0.000000"
							           scale="1.000000 1.000000 1.000000"
							           rotation="0.000000 1.000000 0.000000 0.000000"
							           >
								<Group DEF="group_ME_Cube_030">
									<Shape>
										<Appearance>
											<Material USE="MA_Body" />
										</Appearance>
										<IndexedTriangleSet solid="false"
										                    normalPerVertex="true"
										                    index="0 1 2 0 2 3 4 5 6 4 6 7 8 9 10 8 10 11 12 13 14 12 14 15 4 16 17 4 17 15 18 5 14 18 14 19 "
										                    >
											<Coordinate point="0.153154 -0.235836 -0.062201 0.153154 -0.235836 0.062201 -0.063348 -0.104145 0.062201 -0.063348 -0.104145 -0.062201 -0.063348 -0.104145 -0.062201 -0.063348 -0.104145 0.062201 0.063348 0.104145 0.062201 0.063348 0.104145 -0.062201 0.063348 0.104145 -0.062201 0.063348 0.104145 0.062201 0.279850 -0.027545 0.062201 0.279850 -0.027545 -0.062201 0.279850 -0.027545 -0.062201 0.279850 -0.027545 0.062201 0.153154 -0.235836 0.062201 0.153154 -0.235836 -0.062201 0.063348 0.104145 -0.062201 0.279850 -0.027545 -0.062201 0.063348 0.104145 0.062201 0.279850 -0.027545 0.062201 " />
											<Normal vector="0.193213 -0.793298 -0.577349 0.193213 -0.793298 0.577349 -0.793298 -0.193213 0.577349 -0.793298 -0.193213 -0.577349 -0.793298 -0.193213 -0.577349 -0.793298 -0.193213 0.577349 -0.193213 0.793298 0.577349 -0.193213 0.793298 -0.577349 -0.193213 0.793298 -0.577349 -0.193213 0.793298 0.577349 0.793298 0.193213 0.577349 0.793298 0.193213 -0.577349 0.793298 0.193213 -0.577349 0.793298 0.193213 0.577349 0.193213 -0.793298 0.577349 0.193213 -0.793298 -0.577349 -0.193213 0.793298 -0.577349 0.793298 0.193213 -0.577349 -0.193213 0.793298 0.577349 0.793298 0.193213 0.577349 " />
											<TextureCoordinate point="0.5297 0.2945 0.9723 0.2945 0.9723 0.4711 0.5297 0.4711 0.5297 0.2945 0.9723 0.2945 0.9723 0.4711 0.5297 0.4711 0.5297 0.2945 0.9723 0.2945 0.9723 0.4711 0.5297 0.4711 0.5297 0.2945 0.9723 0.2945 0.9723 0.4711 0.5297 0.4711 0.9723 0.2945 0.9723 0.4711 0.5297 0.2945 0.5297 0.4711 " />
										</IndexedTriangleSet>
									</Shape>
								</Group>
							</Transform>
						</Transform>
						<Transform DEF="Cube_027_TRANSFORM"
						           translation="0.089992 -0.054739 -0.185464"
						           scale="1.000000 1.000000 1.000000"
						           rotation="0.000000 1.000000 0.000000 0.000000"
						           >
							<Transform DEF="Cube_027_ifs_TRANSFORM"
							           translation="0.000000 0.000000 0.000000"
							           scale="1.000000 1.000000 1.000000"
							           rotation="0.000000 1.000000 0.000000 0.000000"
							           >
								<Group DEF="group_ME_Cube_002">
									<Shape>
										<Appearance>
											<Material USE="MA_Body" />
										</Appearance>
										<IndexedTriangleSet solid="false"
										                    normalPerVertex="true"
										                    index="0 1 2 0 2 3 4 5 6 4 6 7 8 9 10 8 10 11 12 13 14 12 14 15 4 16 17 4 17 15 18 5 14 18 14 19 "
										                    >
											<Coordinate point="0.130698 -0.201258 -0.053081 0.130698 -0.201258 0.053081 -0.054060 -0.088876 0.053081 -0.054060 -0.088876 -0.053081 -0.054060 -0.088876 -0.053081 -0.054060 -0.088876 0.053081 0.054060 0.088876 0.053081 0.054060 0.088876 -0.053081 0.054060 0.088876 -0.053081 0.054060 0.088876 0.053081 0.238818 -0.023506 0.053081 0.238818 -0.023506 -0.053081 0.238818 -0.023506 -0.053081 0.238818 -0.023506 0.053081 0.130698 -0.201258 0.053081 0.130698 -0.201258 -0.053081 0.054060 0.088876 -0.053081 0.238818 -0.023506 -0.053081 0.054060 0.088876 0.053081 0.238818 -0.023506 0.053081 " />
											<Normal vector="0.193213 -0.793298 -0.577349 0.193213 -0.793298 0.577349 -0.793298 -0.193213 0.577349 -0.793298 -0.193213 -0.577349 -0.793298 -0.193213 -0.577349 -0.793298 -0.193213 0.577349 -0.193213 0.793298 0.577349 -0.193213 0.793298 -0.577349 -0.193213 0.793298 -0.577349 -0.193213 0.793298 0.577349 0.793298 0.193213 0.577349 0.793298 0.193213 -0.577349 0.793298 0.193213 -0.577349 0.793298 0.193213 0.577349 0.193213 -0.793298 0.577349 0.193213 -0.793298 -0.577349 -0.193213 0.793298 -0.577349 0.793298 0.193213 -0.577349 -0.193213 0.793298 0.577349 0.793298 0.193213 0.577349 " />
											<TextureCoordinate point="0.5297 0.0328 0.9723 0.0328 0.9723 0.2094 0.5297 0.2094 0.5297 0.0328 0.9723 0.0328 0.9723 0.2094 0.5297 0.2094 0.5297 0.0328 0.9723 0.0328 0.9723 0.2094 0.5297 0.2094 0.5297 0.0328 0.9723 0.0328 0.9723 0.2094 0.5297 0.2094 0.9723 0.0328 0.9723 0.2094 0.5297 0.0328 0.5297 0.2094 " />
										</IndexedTriangleSet>
									</Shape>
								</Group>
							</Transform>
						</Transform>
					</Transform>
					<Transform DEF="Cube_009_TRANSFORM"
					           translation="0.095893 -0.040716 -0.232488"
					           scale="1.000000 1.000000 1.000000"
					           rotation="0.000000 1.000000 0.000000 0.000000"
					           >
						<Transform DEF="Cube_009_ifs_TRANSFORM"
						           translation="0.000000 0.000000 0.000000"
						           scale="1.000000 1.000000 1.000000"
						           rotation="0.000000 1.000000 0.000000 0.000000"
						           >
							<Group DEF="group_ME_Cube_029">
								<Shape>
									<Appearance>
										<Material USE="MA_Body" />
									</Appearance>
									<IndexedTriangleSet solid="false"
									                    normalPerVertex="true"
									                    index="0 1 2 0 2 3 4 5 6 4 6 7 8 9 10 8 10 11 12 13 14 12 14 15 4 16 17 4 17 15 18 5 14 18 14 19 "
									                    >
										<Coordinate point="0.192546 -0.313767 -0.085937 0.192546 -0.313767 0.085937 -0.085137 -0.125718 0.085937 -0.085137 -0.125718 -0.085937 -0.085137 -0.125718 -0.085937 -0.085137 -0.125718 0.085937 0.085137 0.125718 0.085937 0.085137 0.125718 -0.085937 0.085137 0.125718 -0.085937 0.085137 0.125718 0.085937 0.362820 -0.062332 0.085937 0.362820 -0.062332 -0.085937 0.362820 -0.062332 -0.085937 0.362820 -0.062332 0.085937 0.192546 -0.313767 0.085937 0.192546 -0.313767 -0.085937 0.085137 0.125718 -0.085937 0.362820 -0.062332 -0.085937 0.085137 0.125718 0.085937 0.362820 -0.062332 0.085937 " />
										<Normal vector="0.154302 -0.801782 -0.577349 0.154302 -0.801782 0.577349 -0.801782 -0.154302 0.577349 -0.801782 -0.154302 -0.577349 -0.801782 -0.154302 -0.577349 -0.801782 -0.154302 0.577349 -0.154302 0.801782 0.577349 -0.154302 0.801782 -0.577349 -0.154302 0.801782 -0.577349 -0.154302 0.801782 0.577349 0.801782 0.154302 0.577349 0.801782 0.154302 -0.577349 0.801782 0.154302 -0.577349 0.801782 0.154302 0.577349 0.154302 -0.801782 0.577349 0.154302 -0.801782 -0.577349 -0.154302 0.801782 -0.577349 0.801782 0.154302 -0.577349 -0.154302 0.801782 0.577349 0.801782 0.154302 0.577349 " />
										<TextureCoordinate point="0.5297 0.2945 0.9723 0.2945 0.9723 0.4711 0.5297 0.4711 0.5297 0.2945 0.9723 0.2945 0.9723 0.4711 0.5297 0.4711 0.5297 0.2945 0.9723 0.2945 0.9723 0.4711 0.5297 0.4711 0.5297 0.2945 0.9723 0.2945 0.9723 0.4711 0.5297 0.4711 0.9723 0.2945 0.9723 0.4711 0.5297 0.2945 0.5297 0.4711 " />
									</IndexedTriangleSet>
								</Shape>
							</Group>
						</Transform>
					</Transform>
					<Transform DEF="Cube_026_TRANSFORM"
					           translation="0.095893 -0.040716 -0.232488"
					           scale="1.000000 1.000000 1.000000"
					           rotation="0.000000 1.000000 0.000000 0.000000"
					           >
						<Transform DEF="Cube_026_ifs_TRANSFORM"
						           translation="0.000000 0.000000 0.000000"
						           scale="1.000000 1.000000 1.000000"
						           rotation="0.000000 1.000000 0.000000 0.000000"
						           >
							<Group DEF="group_ME_Cube_001">
								<Shape>
									<Appearance>
										<Material USE="MA_Body" />
									</Appearance>
									<IndexedTriangleSet solid="false"
									                    normalPerVertex="true"
									                    index="0 1 2 0 2 3 4 5 6 4 6 7 8 9 10 8 10 11 12 13 14 12 14 15 4 16 17 4 17 15 18 5 14 18 14 19 "
									                    >
										<Coordinate point="0.164315 -0.267763 -0.073337 0.164315 -0.267763 0.073337 -0.072655 -0.107285 0.073337 -0.072655 -0.107285 -0.073337 -0.072655 -0.107285 -0.073337 -0.072655 -0.107285 0.073337 0.072655 0.107285 0.073337 0.072655 0.107285 -0.073337 0.072655 0.107285 -0.073337 0.072655 0.107285 0.073337 0.309624 -0.053193 0.073337 0.309624 -0.053193 -0.073337 0.309624 -0.053193 -0.073337 0.309624 -0.053193 0.073337 0.164315 -0.267763 0.073337 0.164315 -0.267763 -0.073337 0.072655 0.107285 -0.073337 0.309624 -0.053193 -0.073337 0.072655 0.107285 0.073337 0.309624 -0.053193 0.073337 " />
										<Normal vector="0.154302 -0.801782 -0.577349 0.154302 -0.801782 0.577349 -0.801782 -0.154302 0.577349 -0.801782 -0.154302 -0.577349 -0.801782 -0.154302 -0.577349 -0.801782 -0.154302 0.577349 -0.154302 0.801782 0.577349 -0.154302 0.801782 -0.577349 -0.154302 0.801782 -0.577349 -0.154302 0.801782 0.577349 0.801782 0.154302 0.577349 0.801782 0.154302 -0.577349 0.801782 0.154302 -0.577349 0.801782 0.154302 0.577349 0.154302 -0.801782 0.577349 0.154302 -0.801782 -0.577349 -0.154302 0.801782 -0.577349 0.801782 0.154302 -0.577349 -0.154302 0.801782 0.577349 0.801782 0.154302 0.577349 " />
										<TextureCoordinate point="0.5297 0.0328 0.9723 0.0328 0.9723 0.2094 0.5297 0.2094 0.5297 0.0328 0.9723 0.0328 0.9723 0.2094 0.5297 0.2094 0.5297 0.0328 0.9723 0.0328 0.9723 0.2094 0.5297 0.2094 0.5297 0.0328 0.9723 0.0328 0.9723 0.2094 0.5297 0.2094 0.9723 0.0328 0.9723 0.2094 0.5297 0.0328 0.5297 0.2094 " />
									</IndexedTriangleSet>
								</Shape>
							</Group>
						</Transform>
					</Transform>
				</Transform>
			</Transform>
			<Transform DEF="leg3_TRANSFORM"
			           translation="0.128407 0.586643 0.387025"
			           scale="1.000000 1.000000 1.000000"
			           rotation="0.000000 1.000000 0.000000 0.000000"
			           >
				<Transform DEF="leg3_ifs_TRANSFORM"
				           translation="0.000000 0.000000 0.000000"
				           scale="1.000000 1.000000 1.000000"
				           rotation="0.000000 1.000000 0.000000 0.000000"
				           >
					<Group DEF="group_ME_leg3">
						<Shape>
							<Appearance>
								<Material USE="MA_Body" />
							</Appearance>
							<IndexedTriangleSet solid="false"
							                    normalPerVertex="true"
							                    index="0 1 2 0 2 3 4 5 6 4 6 7 8 9 10 8 10 11 12 13 14 12 14 15 4 16 17 4 17 15 18 5 14 18 14 19 "
							                    >
								<Coordinate point="-0.139956 0.019384 -0.216953 -0.139956 0.019384 0.216953 -0.104322 0.276671 0.216953 -0.104322 0.276671 -0.216953 -0.104322 0.276671 -0.216953 -0.104322 0.276671 0.216953 0.175589 0.237903 0.216953 0.175589 0.237903 -0.216953 0.175589 0.237903 -0.216953 0.175589 0.237903 0.216953 0.139956 -0.019384 0.216953 0.139956 -0.019384 -0.216953 0.139956 -0.019384 -0.216953 0.139956 -0.019384 0.216953 -0.139956 0.019384 0.216953 -0.139956 0.019384 -0.216953 0.175589 0.237903 -0.216953 0.139956 -0.019384 -0.216953 0.175589 0.237903 0.216953 0.139956 -0.019384 0.216953 " />
								<Normal vector="-0.651082 -0.492660 -0.577349 -0.651082 -0.492660 0.577349 -0.492660 0.651082 0.577349 -0.492660 0.651082 -0.577349 -0.492660 0.651082 -0.577349 -0.492660 0.651082 0.577349 0.651082 0.492660 0.577349 0.651082 0.492660 -0.577349 0.651082 0.492660 -0.577349 0.651082 0.492660 0.577349 0.492660 -0.651082 0.577349 0.492660 -0.651082 -0.577349 0.492660 -0.651082 -0.577349 0.492660 -0.651082 0.577349 -0.651082 -0.492660 0.577349 -0.651082 -0.492660 -0.577349 0.651082 0.492660 -0.577349 0.492660 -0.651082 -0.577349 0.651082 0.492660 0.577349 0.492660 -0.651082 0.577349 " />
								<TextureCoordinate point="0.0189 0.5220 0.9713 0.5220 0.9713 0.9800 0.0189 0.9800 0.0189 0.5220 0.9713 0.5220 0.9713 0.9800 0.0189 0.9800 0.0189 0.5220 0.9713 0.5220 0.9713 0.9800 0.0189 0.9800 0.0189 0.5220 0.9713 0.5220 0.9713 0.9800 0.0189 0.9800 0.9713 0.5220 0.9713 0.9800 0.0189 0.5220 0.0189 0.9800 " />
							</IndexedTriangleSet>
						</Shape>
					</Group>
				</Transform>
				<Transform DEF="leg3_1_TRANSFORM"
				           translation="0.029538 0.213271 -0.008658"
				           scale="1.000000 1.000000 1.000000"
				           rotation="0.000000 1.000000 0.000000 0.000000"
				           >
					<Transform DEF="leg3_1_ifs_TRANSFORM"
					           translation="0.000000 0.000000 0.000000"
					           scale="1.000000 1.000000 1.000000"
					           rotation="0.000000 1.000000 0.000000 0.000000"
					           >
						<Group DEF="group_ME_leg3_1">
							<Shape>
								<Appearance>
									<Material USE="MA_Body" />
								</Appearance>
								<IndexedTriangleSet solid="false"
								                    normalPerVertex="true"
								                    index="0 1 2 0 2 3 4 5 6 4 6 7 8 9 10 8 10 11 12 13 14 12 14 15 4 16 17 4 17 15 18 5 14 18 14 19 "
								                    >
									<Coordinate point="-0.195296 0.027048 -0.222242 -0.195296 0.027048 0.222242 -0.153023 0.332273 0.222242 -0.153023 0.332273 -0.222242 -0.153023 0.332273 -0.222242 -0.153023 0.332273 0.222242 0.237569 0.278177 0.222242 0.237569 0.278177 -0.222242 0.237569 0.278177 -0.222242 0.237569 0.278177 0.222242 0.195296 -0.027048 0.222242 0.195296 -0.027048 -0.222242 0.195296 -0.027048 -0.222242 0.195296 -0.027048 0.222242 -0.195296 0.027048 0.222242 -0.195296 0.027048 -0.222242 0.237569 0.278177 -0.222242 0.195296 -0.027048 -0.222242 0.237569 0.278177 0.222242 0.195296 -0.027048 0.222242 " />
									<Normal vector="-0.651082 -0.492660 -0.577349 -0.651082 -0.492660 0.577349 -0.492660 0.651082 0.577349 -0.492660 0.651082 -0.577349 -0.492660 0.651082 -0.577349 -0.492660 0.651082 0.577349 0.651082 0.492660 0.577349 0.651082 0.492660 -0.577349 0.651082 0.492660 -0.577349 0.651082 0.492660 0.577349 0.492660 -0.651082 0.577349 0.492660 -0.651082 -0.577349 0.492660 -0.651082 -0.577349 0.492660 -0.651082 0.577349 -0.651082 -0.492660 0.577349 -0.651082 -0.492660 -0.577349 0.651082 0.492660 -0.577349 0.492660 -0.651082 -0.577349 0.651082 0.492660 0.577349 0.492660 -0.651082 0.577349 " />
									<TextureCoordinate point="0.0189 0.5220 0.9713 0.5220 0.9713 0.9800 0.0189 0.9800 0.0189 0.5220 0.9713 0.5220 0.9713 0.9800 0.0189 0.9800 0.0189 0.5220 0.9713 0.5220 0.9713 0.9800 0.0189 0.9800 0.0189 0.5220 0.9713 0.5220 0.9713 0.9800 0.0189 0.9800 0.9713 0.5220 0.9713 0.9800 0.0189 0.5220 0.0189 0.9800 " />
								</IndexedTriangleSet>
							</Shape>
						</Group>
					</Transform>
					<Transform DEF="leg3_2_TRANSFORM"
					           translation="0.036638 0.264539 0.000000"
					           scale="1.000000 1.000000 1.000000"
					           rotation="0.000000 1.000000 0.000000 0.000000"
					           >
						<Transform DEF="leg3_2_ifs_TRANSFORM"
						           translation="0.000000 0.000000 0.000000"
						           scale="1.000000 1.000000 1.000000"
						           rotation="0.000000 1.000000 0.000000 0.000000"
						           >
							<Group DEF="group_ME_leg3_2">
								<Shape>
									<Appearance>
										<Material USE="MA_Body" />
									</Appearance>
									<IndexedTriangleSet solid="false"
									                    normalPerVertex="true"
									                    index="0 1 2 0 2 3 4 5 6 4 6 7 8 9 10 8 10 11 12 13 14 12 14 15 4 16 17 4 17 15 18 5 14 18 14 19 "
									                    >
										<Coordinate point="-0.257665 0.035686 -0.253099 -0.257665 0.035686 0.253099 -0.192837 0.503765 0.253099 -0.192837 0.503765 -0.253099 -0.192837 0.503765 -0.253099 -0.192837 0.503765 0.253099 0.322493 0.432393 0.253099 0.322493 0.432393 -0.253099 0.322493 0.432393 -0.253099 0.322493 0.432393 0.253099 0.257665 -0.035686 0.253099 0.257665 -0.035686 -0.253099 0.257665 -0.035686 -0.253099 0.257665 -0.035686 0.253099 -0.257665 0.035686 0.253099 -0.257665 0.035686 -0.253099 0.322493 0.432393 -0.253099 0.257665 -0.035686 -0.253099 0.322493 0.432393 0.253099 0.257665 -0.035686 0.253099 " />
										<Normal vector="-0.651082 -0.492660 -0.577349 -0.651082 -0.492660 0.577349 -0.492660 0.651082 0.577349 -0.492660 0.651082 -0.577349 -0.492660 0.651082 -0.577349 -0.492660 0.651082 0.577349 0.651082 0.492660 0.577349 0.651082 0.492660 -0.577349 0.651082 0.492660 -0.577349 0.651082 0.492660 0.577349 0.492660 -0.651082 0.577349 0.492660 -0.651082 -0.577349 0.492660 -0.651082 -0.577349 0.492660 -0.651082 0.577349 -0.651082 -0.492660 0.577349 -0.651082 -0.492660 -0.577349 0.651082 0.492660 -0.577349 0.492660 -0.651082 -0.577349 0.651082 0.492660 0.577349 0.492660 -0.651082 0.577349 " />
										<TextureCoordinate point="0.0189 0.5220 0.9713 0.5220 0.9713 0.9800 0.0189 0.9800 0.0189 0.5220 0.9713 0.5220 0.9713 0.9800 0.0189 0.9800 0.0189 0.5220 0.9713 0.5220 0.9713 0.9800 0.0189 0.9800 0.0189 0.5220 0.9713 0.5220 0.9713 0.9800 0.0189 0.9800 0.9713 0.5220 0.9713 0.9800 0.0189 0.5220 0.0189 0.9800 " />
									</IndexedTriangleSet>
								</Shape>
							</Group>
						</Transform>
						<Transform DEF="leg3_3_TRANSFORM"
						           translation="0.058980 0.425852 -0.062056"
						           scale="1.000000 1.000000 1.000000"
						           rotation="0.000000 1.000000 0.000000 0.000000"
						           >
							<Transform DEF="leg3_3_ifs_TRANSFORM"
							           translation="0.000000 0.000000 0.000000"
							           scale="1.000000 1.000000 1.000000"
							           rotation="0.000000 1.000000 0.000000 0.000000"
							           >
								<Group DEF="group_ME_leg3_3">
									<Shape>
										<Appearance>
											<Material USE="MA_Body" />
										</Appearance>
										<IndexedTriangleSet solid="false"
										                    normalPerVertex="true"
										                    index="0 1 2 0 2 3 4 5 6 4 6 7 8 9 10 8 10 11 12 13 14 12 14 15 4 16 17 4 17 15 18 5 14 18 14 19 "
										                    >
											<Coordinate point="-0.176226 0.038564 -0.178760 -0.176226 0.038564 0.178760 -0.102553 0.375232 0.178760 -0.102553 0.375232 -0.178760 -0.102553 0.375232 -0.178760 -0.102553 0.375232 0.178760 0.249900 0.298105 0.178760 0.249900 0.298105 -0.178760 0.249900 0.298105 -0.178760 0.249900 0.298105 0.178760 0.176226 -0.038564 0.178760 0.176226 -0.038564 -0.178760 0.176226 -0.038564 -0.178760 0.176226 -0.038564 0.178760 -0.176226 0.038564 0.178760 -0.176226 0.038564 -0.178760 0.249900 0.298105 -0.178760 0.176226 -0.038564 -0.178760 0.249900 0.298105 0.178760 0.176226 -0.038564 0.178760 " />
											<Normal vector="-0.687399 -0.440565 -0.577349 -0.687399 -0.440565 0.577349 -0.440565 0.687399 0.577349 -0.440565 0.687399 -0.577349 -0.440565 0.687399 -0.577349 -0.440565 0.687399 0.577349 0.687399 0.440565 0.577349 0.687399 0.440565 -0.577349 0.687399 0.440565 -0.577349 0.687399 0.440565 0.577349 0.440565 -0.687399 0.577349 0.440565 -0.687399 -0.577349 0.440565 -0.687399 -0.577349 0.440565 -0.687399 0.577349 -0.687399 -0.440565 0.577349 -0.687399 -0.440565 -0.577349 0.687399 0.440565 -0.577349 0.440565 -0.687399 -0.577349 0.687399 0.440565 0.577349 0.440565 -0.687399 0.577349 " />
											<TextureCoordinate point="0.0189 0.5220 0.9713 0.5220 0.9713 0.9800 0.0189 0.9800 0.0189 0.5220 0.9713 0.5220 0.9713 0.9800 0.0189 0.9800 0.0189 0.5220 0.9713 0.5220 0.9713 0.9800 0.0189 0.9800 0.0189 0.5220 0.9713 0.5220 0.9713 0.9800 0.0189 0.9800 0.9713 0.5220 0.9713 0.9800 0.0189 0.5220 0.0189 0.9800 " />
										</IndexedTriangleSet>
									</Shape>
								</Group>
							</Transform>
							<Transform DEF="Cube_015_TRANSFORM"
							           translation="0.054091 0.289156 -0.042768"
							           scale="1.000000 1.000000 1.000000"
							           rotation="0.000000 1.000000 0.000000 0.000000"
							           >
								<Transform DEF="Cube_015_ifs_TRANSFORM"
								           translation="0.000000 0.000000 0.000000"
								           scale="1.000000 1.000000 1.000000"
								           rotation="0.000000 1.000000 0.000000 0.000000"
								           >
									<Group DEF="group_ME_Cube_035">
										<Shape>
											<Appearance>
												<Material USE="MA_Body" />
											</Appearance>
											<IndexedTriangleSet solid="false"
											                    normalPerVertex="true"
											                    index="0 1 2 0 2 3 4 5 6 4 6 7 8 9 10 8 10 11 12 13 14 12 14 15 4 16 17 4 17 15 18 5 14 18 14 19 "
											                    >
												<Coordinate point="-0.097052 0.040172 -0.075170 -0.104303 0.012406 0.075170 -0.046822 0.232538 0.118599 -0.039571 0.260305 -0.031741 -0.039571 0.260305 -0.031741 -0.046822 0.232538 0.118599 0.154534 0.179960 0.118599 0.161784 0.207727 -0.031741 0.161784 0.207727 -0.031741 0.154534 0.179960 0.118599 0.097052 -0.040172 0.075170 0.104303 -0.012406 -0.075170 0.104303 -0.012406 -0.075170 0.097052 -0.040172 0.075170 -0.104303 0.012406 0.075170 -0.097052 0.040172 -0.075170 0.161784 0.207727 -0.031741 0.104303 -0.012406 -0.075170 0.154534 0.179960 0.118599 0.097052 -0.040172 0.075170 " />
												<Normal vector="-0.674520 -0.298074 -0.675344 -0.729240 -0.507584 0.458846 -0.442671 0.589831 0.675344 -0.387982 0.799310 -0.458846 -0.387982 0.799310 -0.458846 -0.442671 0.589831 0.675344 0.674520 0.298074 0.675344 0.729240 0.507584 -0.458846 0.729240 0.507584 -0.458846 0.674520 0.298074 0.675344 0.387982 -0.799310 0.458846 0.442671 -0.589831 -0.675344 0.442671 -0.589831 -0.675344 0.387982 -0.799310 0.458846 -0.729240 -0.507584 0.458846 -0.674520 -0.298074 -0.675344 0.729240 0.507584 -0.458846 0.442671 -0.589831 -0.675344 0.674520 0.298074 0.675344 0.387982 -0.799310 0.458846 " />
												<TextureCoordinate point="0.0189 0.5220 0.9713 0.5220 0.9713 0.9800 0.0189 0.9800 0.0189 0.5220 0.9713 0.5220 0.9713 0.9800 0.0189 0.9800 0.0189 0.5220 0.9713 0.5220 0.9713 0.9800 0.0189 0.9800 0.0189 0.5220 0.9713 0.5220 0.9713 0.9800 0.0189 0.9800 0.9713 0.5220 0.9713 0.9800 0.0189 0.5220 0.0189 0.9800 " />
											</IndexedTriangleSet>
										</Shape>
									</Group>
								</Transform>
							</Transform>
							<Transform DEF="Cube_017_TRANSFORM"
							           translation="0.017380 0.079422 -0.195501"
							           scale="1.000000 1.000000 1.000000"
							           rotation="0.000000 1.000000 0.000000 0.000000"
							           >
								<Transform DEF="Cube_017_ifs_TRANSFORM"
								           translation="0.000000 0.000000 0.000000"
								           scale="1.000000 1.000000 1.000000"
								           rotation="0.000000 1.000000 0.000000 0.000000"
								           >
									<Group DEF="group_ME_Cube_037">
										<Shape>
											<Appearance>
												<Material USE="MA_Body" />
											</Appearance>
											<IndexedTriangleSet solid="false"
											                    normalPerVertex="true"
											                    index="0 1 2 0 2 3 4 5 6 4 6 7 8 9 10 8 10 11 12 13 14 12 14 15 4 16 17 4 17 15 18 5 14 18 14 19 "
											                    >
												<Coordinate point="-0.115845 0.020259 -0.050659 -0.115845 0.020259 0.050659 -0.081370 0.217392 0.050659 -0.081370 0.217392 -0.050659 -0.081370 0.217392 -0.050659 -0.081370 0.217392 0.050659 0.150320 0.176874 0.050659 0.150320 0.176874 -0.050659 0.150320 0.176874 -0.050659 0.150320 0.176874 0.050659 0.115845 -0.020259 0.050659 0.115845 -0.020259 -0.050659 0.115845 -0.020259 -0.050659 0.115845 -0.020259 0.050659 -0.115845 0.020259 0.050659 -0.115845 0.020259 -0.050659 0.150320 0.176874 -0.050659 0.115845 -0.020259 -0.050659 0.150320 0.176874 0.050659 0.115845 -0.020259 0.050659 " />
												<Normal vector="-0.668172 -0.469253 -0.577349 -0.668172 -0.469253 0.577349 -0.469253 0.668172 0.577349 -0.469253 0.668172 -0.577349 -0.469253 0.668172 -0.577349 -0.469253 0.668172 0.577349 0.668172 0.469253 0.577349 0.668172 0.469253 -0.577349 0.668172 0.469253 -0.577349 0.668172 0.469253 0.577349 0.469253 -0.668172 0.577349 0.469253 -0.668172 -0.577349 0.469253 -0.668172 -0.577349 0.469253 -0.668172 0.577349 -0.668172 -0.469253 0.577349 -0.668172 -0.469253 -0.577349 0.668172 0.469253 -0.577349 0.469253 -0.668172 -0.577349 0.668172 0.469253 0.577349 0.469253 -0.668172 0.577349 " />
												<TextureCoordinate point="0.5297 0.2945 0.9723 0.2945 0.9723 0.4711 0.5297 0.4711 0.5297 0.2945 0.9723 0.2945 0.9723 0.4711 0.5297 0.4711 0.5297 0.2945 0.9723 0.2945 0.9723 0.4711 0.5297 0.4711 0.5297 0.2945 0.9723 0.2945 0.9723 0.4711 0.5297 0.4711 0.9723 0.2945 0.9723 0.4711 0.5297 0.2945 0.5297 0.4711 " />
											</IndexedTriangleSet>
										</Shape>
									</Group>
								</Transform>
							</Transform>
							<Transform DEF="Cube_032_TRANSFORM"
							           translation="0.017380 0.079422 -0.195501"
							           scale="1.000000 1.000000 1.000000"
							           rotation="0.000000 1.000000 0.000000 0.000000"
							           >
								<Transform DEF="Cube_032_ifs_TRANSFORM"
								           translation="0.000000 0.000000 0.000000"
								           scale="1.000000 1.000000 1.000000"
								           rotation="0.000000 1.000000 0.000000 0.000000"
								           >
									<Group DEF="group_ME_Cube_004">
										<Shape>
											<Appearance>
												<Material USE="MA_Body" />
											</Appearance>
											<IndexedTriangleSet solid="false"
											                    normalPerVertex="true"
											                    index="0 1 2 0 2 3 4 5 6 4 6 7 8 9 10 8 10 11 12 13 14 12 14 15 4 16 17 4 17 15 18 5 14 18 14 19 "
											                    >
												<Coordinate point="-0.098860 0.017289 -0.043232 -0.098860 0.017289 0.043232 -0.069440 0.185518 0.043232 -0.069440 0.185518 -0.043232 -0.069440 0.185518 -0.043232 -0.069440 0.185518 0.043232 0.128280 0.150940 0.043232 0.128280 0.150940 -0.043232 0.128280 0.150940 -0.043232 0.128280 0.150940 0.043232 0.098860 -0.017289 0.043232 0.098860 -0.017289 -0.043232 0.098860 -0.017289 -0.043232 0.098860 -0.017289 0.043232 -0.098860 0.017289 0.043232 -0.098860 0.017289 -0.043232 0.128280 0.150940 -0.043232 0.098860 -0.017289 -0.043232 0.128280 0.150940 0.043232 0.098860 -0.017289 0.043232 " />
												<Normal vector="-0.668172 -0.469253 -0.577349 -0.668172 -0.469253 0.577349 -0.469253 0.668172 0.577349 -0.469253 0.668172 -0.577349 -0.469253 0.668172 -0.577349 -0.469253 0.668172 0.577349 0.668172 0.469253 0.577349 0.668172 0.469253 -0.577349 0.668172 0.469253 -0.577349 0.668172 0.469253 0.577349 0.469253 -0.668172 0.577349 0.469253 -0.668172 -0.577349 0.469253 -0.668172 -0.577349 0.469253 -0.668172 0.577349 -0.668172 -0.469253 0.577349 -0.668172 -0.469253 -0.577349 0.668172 0.469253 -0.577349 0.469253 -0.668172 -0.577349 0.668172 0.469253 0.577349 0.469253 -0.668172 0.577349 " />
												<TextureCoordinate point="0.5297 0.0328 0.9723 0.0328 0.9723 0.2094 0.5297 0.2094 0.5297 0.0328 0.9723 0.0328 0.9723 0.2094 0.5297 0.2094 0.5297 0.0328 0.9723 0.0328 0.9723 0.2094 0.5297 0.2094 0.5297 0.0328 0.9723 0.0328 0.9723 0.2094 0.5297 0.2094 0.9723 0.0328 0.9723 0.2094 0.5297 0.0328 0.5297 0.2094 " />
											</IndexedTriangleSet>
										</Shape>
									</Group>
								</Transform>
							</Transform>
						</Transform>
						<Transform DEF="Cube_016_TRANSFORM"
						           translation="0.017747 0.128136 -0.263873"
						           scale="1.000000 1.000000 1.000000"
						           rotation="0.000000 1.000000 0.000000 0.000000"
						           >
							<Transform DEF="Cube_016_ifs_TRANSFORM"
							           translation="0.000000 0.000000 0.000000"
							           scale="1.000000 1.000000 1.000000"
							           rotation="0.000000 1.000000 0.000000 0.000000"
							           >
								<Group DEF="group_ME_Cube_036">
									<Shape>
										<Appearance>
											<Material USE="MA_Body" />
										</Appearance>
										<IndexedTriangleSet solid="false"
										                    normalPerVertex="true"
										                    index="0 1 2 0 2 3 4 5 6 4 6 7 8 9 10 8 10 11 12 13 14 12 14 15 4 16 17 4 17 15 18 5 14 18 14 19 "
										                    >
											<Coordinate point="-0.117019 0.024896 -0.053866 -0.117019 0.024896 0.053866 -0.071365 0.239480 0.053866 -0.071365 0.239480 -0.053866 -0.071365 0.239480 -0.053866 -0.071365 0.239480 0.053866 0.162672 0.189688 0.053866 0.162672 0.189688 -0.053866 0.162672 0.189688 -0.053866 0.162672 0.189688 0.053866 0.117019 -0.024896 0.053866 0.117019 -0.024896 -0.053866 0.117019 -0.024896 -0.053866 0.117019 -0.024896 0.053866 -0.117019 0.024896 0.053866 -0.117019 0.024896 -0.053866 0.162672 0.189688 -0.053866 0.117019 -0.024896 -0.053866 0.162672 0.189688 0.053866 0.117019 -0.024896 0.053866 " />
											<Normal vector="-0.684835 -0.444563 -0.577349 -0.684835 -0.444563 0.577349 -0.444563 0.684835 0.577349 -0.444563 0.684835 -0.577349 -0.444563 0.684835 -0.577349 -0.444563 0.684835 0.577349 0.684835 0.444563 0.577349 0.684835 0.444563 -0.577349 0.684835 0.444563 -0.577349 0.684835 0.444563 0.577349 0.444563 -0.684835 0.577349 0.444563 -0.684835 -0.577349 0.444563 -0.684835 -0.577349 0.444563 -0.684835 0.577349 -0.684835 -0.444563 0.577349 -0.684835 -0.444563 -0.577349 0.684835 0.444563 -0.577349 0.444563 -0.684835 -0.577349 0.684835 0.444563 0.577349 0.444563 -0.684835 0.577349 " />
											<TextureCoordinate point="0.5297 0.2945 0.9723 0.2945 0.9723 0.4711 0.5297 0.4711 0.5297 0.2945 0.9723 0.2945 0.9723 0.4711 0.5297 0.4711 0.5297 0.2945 0.9723 0.2945 0.9723 0.4711 0.5297 0.4711 0.5297 0.2945 0.9723 0.2945 0.9723 0.4711 0.5297 0.4711 0.9723 0.2945 0.9723 0.4711 0.5297 0.2945 0.5297 0.4711 " />
										</IndexedTriangleSet>
									</Shape>
								</Group>
							</Transform>
						</Transform>
						<Transform DEF="Cube_028_TRANSFORM"
						           translation="0.017747 0.128136 -0.263873"
						           scale="1.000000 1.000000 1.000000"
						           rotation="0.000000 1.000000 0.000000 0.000000"
						           >
							<Transform DEF="Cube_028_ifs_TRANSFORM"
							           translation="0.000000 0.000000 0.000000"
							           scale="1.000000 1.000000 1.000000"
							           rotation="0.000000 1.000000 0.000000 0.000000"
							           >
								<Group DEF="group_ME_Cube_003">
									<Shape>
										<Appearance>
											<Material USE="MA_Body" />
										</Appearance>
										<IndexedTriangleSet solid="false"
										                    normalPerVertex="true"
										                    index="0 1 2 0 2 3 4 5 6 4 6 7 8 9 10 8 10 11 12 13 14 12 14 15 4 16 17 4 17 15 18 5 14 18 14 19 "
										                    >
											<Coordinate point="-0.099862 0.021246 -0.045969 -0.099862 0.021246 0.045969 -0.060902 0.204368 0.045969 -0.060902 0.204368 -0.045969 -0.060902 0.204368 -0.045969 -0.060902 0.204368 0.045969 0.138822 0.161876 0.045969 0.138822 0.161876 -0.045969 0.138822 0.161876 -0.045969 0.138822 0.161876 0.045969 0.099862 -0.021246 0.045969 0.099862 -0.021246 -0.045969 0.099862 -0.021246 -0.045969 0.099862 -0.021246 0.045969 -0.099862 0.021246 0.045969 -0.099862 0.021246 -0.045969 0.138822 0.161876 -0.045969 0.099862 -0.021246 -0.045969 0.138822 0.161876 0.045969 0.099862 -0.021246 0.045969 " />
											<Normal vector="-0.684835 -0.444563 -0.577349 -0.684835 -0.444563 0.577349 -0.444563 0.684835 0.577349 -0.444563 0.684835 -0.577349 -0.444563 0.684835 -0.577349 -0.444563 0.684835 0.577349 0.684835 0.444563 0.577349 0.684835 0.444563 -0.577349 0.684835 0.444563 -0.577349 0.684835 0.444563 0.577349 0.444563 -0.684835 0.577349 0.444563 -0.684835 -0.577349 0.444563 -0.684835 -0.577349 0.444563 -0.684835 0.577349 -0.684835 -0.444563 0.577349 -0.684835 -0.444563 -0.577349 0.684835 0.444563 -0.577349 0.444563 -0.684835 -0.577349 0.684835 0.444563 0.577349 0.444563 -0.684835 0.577349 " />
											<TextureCoordinate point="0.5297 0.0328 0.9723 0.0328 0.9723 0.2094 0.5297 0.2094 0.5297 0.0328 0.9723 0.0328 0.9723 0.2094 0.5297 0.2094 0.5297 0.0328 0.9723 0.0328 0.9723 0.2094 0.5297 0.2094 0.5297 0.0328 0.9723 0.0328 0.9723 0.2094 0.5297 0.2094 0.9723 0.0328 0.9723 0.2094 0.5297 0.0328 0.5297 0.2094 " />
										</IndexedTriangleSet>
									</Shape>
								</Group>
							</Transform>
						</Transform>
					</Transform>
				</Transform>
			</Transform>
			<Transform DEF="leg2_TRANSFORM"
			           translation="0.337930 0.514606 0.393997"
			           scale="1.000000 1.000000 1.000000"
			           rotation="0.000000 1.000000 0.000000 0.000000"
			           >
				<Transform DEF="leg2_ifs_TRANSFORM"
				           translation="0.000000 0.000000 0.000000"
				           scale="1.000000 1.000000 1.000000"
				           rotation="0.000000 1.000000 0.000000 0.000000"
				           >
					<Group DEF="group_ME_leg2">
						<Shape>
							<Appearance>
								<Material USE="MA_Body" />
							</Appearance>
							<IndexedTriangleSet solid="false"
							                    normalPerVertex="true"
							                    index="0 1 2 0 2 3 4 5 6 4 6 7 8 9 10 8 10 11 12 13 14 12 14 15 4 16 17 4 17 15 18 5 14 18 14 19 "
							                    >
								<Coordinate point="-0.117325 0.078729 -0.216953 -0.117325 0.078729 0.216953 0.027406 0.294412 0.216953 0.027406 0.294412 -0.216953 0.027406 0.294412 -0.216953 0.027406 0.294412 0.216953 0.262055 0.136955 0.216953 0.262055 0.136955 -0.216953 0.262055 0.136955 -0.216953 0.262055 0.136955 0.216953 0.117325 -0.078729 0.216953 0.117325 -0.078729 -0.216953 0.117325 -0.078729 -0.216953 0.117325 -0.078729 0.216953 -0.117325 0.078729 0.216953 -0.117325 0.078729 -0.216953 0.262055 0.136955 -0.216953 0.117325 -0.078729 -0.216953 0.262055 0.136955 0.216953 0.117325 -0.078729 0.216953 " />
								<Normal vector="-0.801111 -0.157689 -0.577349 -0.801111 -0.157689 0.577349 -0.157689 0.801111 0.577349 -0.157689 0.801111 -0.577349 -0.157689 0.801111 -0.577349 -0.157689 0.801111 0.577349 0.801111 0.157689 0.577349 0.801111 0.157689 -0.577349 0.801111 0.157689 -0.577349 0.801111 0.157689 0.577349 0.157689 -0.801111 0.577349 0.157689 -0.801111 -0.577349 0.157689 -0.801111 -0.577349 0.157689 -0.801111 0.577349 -0.801111 -0.157689 0.577349 -0.801111 -0.157689 -0.577349 0.801111 0.157689 -0.577349 0.157689 -0.801111 -0.577349 0.801111 0.157689 0.577349 0.157689 -0.801111 0.577349 " />
								<TextureCoordinate point="0.0189 0.5220 0.9713 0.5220 0.9713 0.9800 0.0189 0.9800 0.0189 0.5220 0.9713 0.5220 0.9713 0.9800 0.0189 0.9800 0.0189 0.5220 0.9713 0.5220 0.9713 0.9800 0.0189 0.9800 0.0189 0.5220 0.9713 0.5220 0.9713 0.9800 0.0189 0.9800 0.9713 0.5220 0.9713 0.9800 0.0189 0.5220 0.0189 0.9800 " />
							</IndexedTriangleSet>
						</Shape>
					</Group>
				</Transform>
				<Transform DEF="leg2_1_TRANSFORM"
				           translation="0.119970 0.178785 -0.008658"
				           scale="1.000000 1.000000 1.000000"
				           rotation="0.000000 1.000000 0.000000 0.000000"
				           >
					<Transform DEF="leg2_1_ifs_TRANSFORM"
					           translation="0.000000 0.000000 0.000000"
					           scale="1.000000 1.000000 1.000000"
					           rotation="0.000000 1.000000 0.000000 0.000000"
					           >
						<Group DEF="group_ME_leg2_1">
							<Shape>
								<Appearance>
									<Material USE="MA_Body" />
								</Appearance>
								<IndexedTriangleSet solid="false"
								                    normalPerVertex="true"
								                    index="0 1 2 0 2 3 4 5 6 4 6 7 8 9 10 8 10 11 12 13 14 12 14 15 4 16 17 4 17 15 18 5 14 18 14 19 "
								                    >
									<Coordinate point="-0.163716 0.109859 -0.222242 -0.163716 0.109859 0.222242 0.007981 0.365729 0.222242 0.007981 0.365729 -0.222242 0.007981 0.365729 -0.222242 0.007981 0.365729 0.222242 0.335413 0.146011 0.222242 0.335413 0.146011 -0.222242 0.335413 0.146011 -0.222242 0.335413 0.146011 0.222242 0.163716 -0.109859 0.222242 0.163716 -0.109859 -0.222242 0.163716 -0.109859 -0.222242 0.163716 -0.109859 0.222242 -0.163716 0.109859 0.222242 -0.163716 0.109859 -0.222242 0.335413 0.146011 -0.222242 0.163716 -0.109859 -0.222242 0.335413 0.146011 0.222242 0.163716 -0.109859 0.222242 " />
									<Normal vector="-0.801111 -0.157689 -0.577349 -0.801111 -0.157689 0.577349 -0.157689 0.801111 0.577349 -0.157689 0.801111 -0.577349 -0.157689 0.801111 -0.577349 -0.157689 0.801111 0.577349 0.801111 0.157689 0.577349 0.801111 0.157689 -0.577349 0.801111 0.157689 -0.577349 0.801111 0.157689 0.577349 0.157689 -0.801111 0.577349 0.157689 -0.801111 -0.577349 0.157689 -0.801111 -0.577349 0.157689 -0.801111 0.577349 -0.801111 -0.157689 0.577349 -0.801111 -0.157689 -0.577349 0.801111 0.157689 -0.577349 0.157689 -0.801111 -0.577349 0.801111 0.157689 0.577349 0.157689 -0.801111 0.577349 " />
									<TextureCoordinate point="0.0189 0.5220 0.9713 0.5220 0.9713 0.9800 0.0189 0.9800 0.0189 0.5220 0.9713 0.5220 0.9713 0.9800 0.0189 0.9800 0.0189 0.5220 0.9713 0.5220 0.9713 0.9800 0.0189 0.9800 0.0189 0.5220 0.9713 0.5220 0.9713 0.9800 0.0189 0.9800 0.9713 0.5220 0.9713 0.9800 0.0189 0.5220 0.0189 0.9800 " />
								</IndexedTriangleSet>
							</Shape>
						</Group>
					</Transform>
					<Transform DEF="leg2_2_TRANSFORM"
					           translation="0.148810 0.221763 0.000000"
					           scale="1.000000 1.000000 1.000000"
					           rotation="0.000000 1.000000 0.000000 0.000000"
					           >
						<Transform DEF="leg2_2_ifs_TRANSFORM"
						           translation="0.000000 0.000000 0.000000"
						           scale="1.000000 1.000000 1.000000"
						           rotation="0.000000 1.000000 0.000000 0.000000"
						           >
							<Group DEF="group_ME_leg2_2">
								<Shape>
									<Appearance>
										<Material USE="MA_Body" />
									</Appearance>
									<IndexedTriangleSet solid="false"
									                    normalPerVertex="true"
									                    index="0 1 2 0 2 3 4 5 6 4 6 7 8 9 10 8 10 11 12 13 14 12 14 15 4 16 17 4 17 15 18 5 14 18 14 19 "
									                    >
										<Coordinate point="-0.216000 0.144943 -0.253099 -0.216000 0.144943 0.253099 0.047306 0.537334 0.253099 0.047306 0.537334 -0.253099 0.047306 0.537334 -0.253099 0.047306 0.537334 0.253099 0.479307 0.247447 0.253099 0.479307 0.247447 -0.253099 0.479307 0.247447 -0.253099 0.479307 0.247447 0.253099 0.216000 -0.144943 0.253099 0.216000 -0.144943 -0.253099 0.216000 -0.144943 -0.253099 0.216000 -0.144943 0.253099 -0.216000 0.144943 0.253099 -0.216000 0.144943 -0.253099 0.479307 0.247447 -0.253099 0.216000 -0.144943 -0.253099 0.479307 0.247447 0.253099 0.216000 -0.144943 0.253099 " />
										<Normal vector="-0.801111 -0.157689 -0.577349 -0.801111 -0.157689 0.577349 -0.157689 0.801111 0.577349 -0.157689 0.801111 -0.577349 -0.157689 0.801111 -0.577349 -0.157689 0.801111 0.577349 0.801111 0.157689 0.577349 0.801111 0.157689 -0.577349 0.801111 0.157689 -0.577349 0.801111 0.157689 0.577349 0.157689 -0.801111 0.577349 0.157689 -0.801111 -0.577349 0.157689 -0.801111 -0.577349 0.157689 -0.801111 0.577349 -0.801111 -0.157689 0.577349 -0.801111 -0.157689 -0.577349 0.801111 0.157689 -0.577349 0.157689 -0.801111 -0.577349 0.801111 0.157689 0.577349 0.157689 -0.801111 0.577349 " />
										<TextureCoordinate point="0.0189 0.5220 0.9713 0.5220 0.9713 0.9800 0.0189 0.9800 0.0189 0.5220 0.9713 0.5220 0.9713 0.9800 0.0189 0.9800 0.0189 0.5220 0.9713 0.5220 0.9713 0.9800 0.0189 0.9800 0.0189 0.5220 0.9713 0.5220 0.9713 0.9800 0.0189 0.9800 0.9713 0.5220 0.9713 0.9800 0.0189 0.5220 0.0189 0.9800 " />
									</IndexedTriangleSet>
								</Shape>
							</Group>
						</Transform>
						<Transform DEF="leg2_3_TRANSFORM"
						           translation="0.239553 0.356991 -0.062056"
						           scale="1.000000 1.000000 1.000000"
						           rotation="0.000000 1.000000 0.000000 0.000000"
						           >
							<Transform DEF="leg2_3_ifs_TRANSFORM"
							           translation="0.000000 0.000000 0.000000"
							           scale="1.000000 1.000000 1.000000"
							           rotation="0.000000 1.000000 0.000000 0.000000"
							           >
								<Group DEF="group_ME_leg2_3">
									<Shape>
										<Appearance>
											<Material USE="MA_Body" />
										</Appearance>
										<IndexedTriangleSet solid="false"
										                    normalPerVertex="true"
										                    index="0 1 2 0 2 3 4 5 6 4 6 7 8 9 10 8 10 11 12 13 14 12 14 15 4 16 17 4 17 15 18 5 14 18 14 19 "
										                    >
											<Coordinate point="-0.141529 0.111858 -0.178760 -0.141529 0.111858 0.178760 0.072168 0.382241 0.178760 0.072168 0.382241 -0.178760 0.072168 0.382241 -0.178760 0.072168 0.382241 0.178760 0.355227 0.158524 0.178760 0.355227 0.158524 -0.178760 0.355227 0.158524 -0.178760 0.355227 0.158524 0.178760 0.141529 -0.111858 0.178760 0.141529 -0.111858 -0.178760 0.141529 -0.111858 -0.178760 0.141529 -0.111858 0.178760 -0.141529 0.111858 0.178760 -0.141529 0.111858 -0.178760 0.355227 0.158524 -0.178760 0.141529 -0.111858 -0.178760 0.355227 0.158524 0.178760 0.141529 -0.111858 0.178760 " />
											<Normal vector="-0.810938 -0.094943 -0.577349 -0.810938 -0.094943 0.577349 -0.094943 0.810938 0.577349 -0.094943 0.810938 -0.577349 -0.094943 0.810938 -0.577349 -0.094943 0.810938 0.577349 0.810938 0.094943 0.577349 0.810938 0.094943 -0.577349 0.810938 0.094943 -0.577349 0.810938 0.094943 0.577349 0.094943 -0.810938 0.577349 0.094943 -0.810938 -0.577349 0.094943 -0.810938 -0.577349 0.094943 -0.810938 0.577349 -0.810938 -0.094943 0.577349 -0.810938 -0.094943 -0.577349 0.810938 0.094943 -0.577349 0.094943 -0.810938 -0.577349 0.810938 0.094943 0.577349 0.094943 -0.810938 0.577349 " />
											<TextureCoordinate point="0.0189 0.5220 0.9713 0.5220 0.9713 0.9800 0.0189 0.9800 0.0189 0.5220 0.9713 0.5220 0.9713 0.9800 0.0189 0.9800 0.0189 0.5220 0.9713 0.5220 0.9713 0.9800 0.0189 0.9800 0.0189 0.5220 0.9713 0.5220 0.9713 0.9800 0.0189 0.9800 0.9713 0.5220 0.9713 0.9800 0.0189 0.5220 0.0189 0.9800 " />
										</IndexedTriangleSet>
									</Shape>
								</Group>
							</Transform>
							<Transform DEF="Cube_022_TRANSFORM"
							           translation="0.175282 0.236248 -0.042768"
							           scale="1.000000 1.000000 1.000000"
							           rotation="0.000000 1.000000 0.000000 0.000000"
							           >
								<Transform DEF="Cube_022_ifs_TRANSFORM"
								           translation="0.000000 0.000000 0.000000"
								           scale="1.000000 1.000000 1.000000"
								           rotation="0.000000 1.000000 0.000000 0.000000"
								           >
									<Group DEF="group_ME_Cube_042">
										<Shape>
											<Appearance>
												<Material USE="MA_Body" />
											</Appearance>
											<IndexedTriangleSet solid="false"
											                    normalPerVertex="true"
											                    index="0 1 2 0 2 3 4 5 6 4 6 7 8 9 10 8 10 11 12 13 14 12 14 15 4 16 17 4 17 15 18 5 14 18 14 19 "
											                    >
												<Coordinate point="-0.069650 0.078625 -0.075170 -0.088331 0.056839 0.075170 0.059766 0.229552 0.118599 0.078446 0.251338 -0.031741 0.078446 0.251338 -0.031741 0.059766 0.229552 0.118599 0.217746 0.094089 0.118599 0.236427 0.115874 -0.031741 0.236427 0.115874 -0.031741 0.217746 0.094089 0.118599 0.069650 -0.078625 0.075170 0.088331 -0.056839 -0.075170 0.088331 -0.056839 -0.075170 0.069650 -0.078625 0.075170 -0.088331 0.056839 0.075170 -0.069650 0.078625 -0.075170 0.236427 0.115874 -0.031741 0.088331 -0.056839 -0.075170 0.217746 0.094089 0.118599 0.069650 -0.078625 0.075170 " />
												<Normal vector="-0.736961 0.027467 -0.675344 -0.877895 -0.136845 0.458846 -0.139592 0.724143 0.675344 0.001312 0.888485 -0.458846 0.001312 0.888485 -0.458846 -0.139592 0.724143 0.675344 0.736961 -0.027467 0.675344 0.877895 0.136845 -0.458846 0.877895 0.136845 -0.458846 0.736961 -0.027467 0.675344 -0.001312 -0.888485 0.458846 0.139592 -0.724143 -0.675344 0.139592 -0.724143 -0.675344 -0.001312 -0.888485 0.458846 -0.877895 -0.136845 0.458846 -0.736961 0.027467 -0.675344 0.877895 0.136845 -0.458846 0.139592 -0.724143 -0.675344 0.736961 -0.027467 0.675344 -0.001312 -0.888485 0.458846 " />
												<TextureCoordinate point="0.0189 0.5220 0.9713 0.5220 0.9713 0.9800 0.0189 0.9800 0.0189 0.5220 0.9713 0.5220 0.9713 0.9800 0.0189 0.9800 0.0189 0.5220 0.9713 0.5220 0.9713 0.9800 0.0189 0.9800 0.0189 0.5220 0.9713 0.5220 0.9713 0.9800 0.0189 0.9800 0.9713 0.5220 0.9713 0.9800 0.0189 0.5220 0.0189 0.9800 " />
											</IndexedTriangleSet>
										</Shape>
									</Group>
								</Transform>
							</Transform>
							<Transform DEF="Cube_024_TRANSFORM"
							           translation="0.050413 0.063785 -0.195501"
							           scale="1.000000 1.000000 1.000000"
							           rotation="0.000000 1.000000 0.000000 0.000000"
							           >
								<Transform DEF="Cube_024_ifs_TRANSFORM"
								           translation="0.000000 0.000000 0.000000"
								           scale="1.000000 1.000000 1.000000"
								           rotation="0.000000 1.000000 0.000000 0.000000"
								           >
									<Group DEF="group_ME_Cube_044">
										<Shape>
											<Appearance>
												<Material USE="MA_Body" />
											</Appearance>
											<IndexedTriangleSet solid="false"
											                    normalPerVertex="true"
											                    index="0 1 2 0 2 3 4 5 6 4 6 7 8 9 10 8 10 11 12 13 14 12 14 15 4 16 17 4 17 15 18 5 14 18 14 19 "
											                    >
												<Coordinate point="-0.095266 0.068955 -0.050659 -0.095266 0.068955 0.050659 0.022073 0.231069 0.050659 0.022073 0.231069 -0.050659 0.022073 0.231069 -0.050659 0.022073 0.231069 0.050659 0.212606 0.093160 0.050659 0.212606 0.093160 -0.050659 0.212606 0.093160 -0.050659 0.212606 0.093160 0.050659 0.095266 -0.068955 0.050659 0.095266 -0.068955 -0.050659 0.095266 -0.068955 -0.050659 0.095266 -0.068955 0.050659 -0.095266 0.068955 0.050659 -0.095266 0.068955 -0.050659 0.212606 0.093160 -0.050659 0.095266 -0.068955 -0.050659 0.212606 0.093160 0.050659 0.095266 -0.068955 0.050659 " />
												<Normal vector="-0.806207 -0.129154 -0.577349 -0.806207 -0.129154 0.577349 -0.129154 0.806207 0.577349 -0.129154 0.806207 -0.577349 -0.129154 0.806207 -0.577349 -0.129154 0.806207 0.577349 0.806207 0.129154 0.577349 0.806207 0.129154 -0.577349 0.806207 0.129154 -0.577349 0.806207 0.129154 0.577349 0.129154 -0.806207 0.577349 0.129154 -0.806207 -0.577349 0.129154 -0.806207 -0.577349 0.129154 -0.806207 0.577349 -0.806207 -0.129154 0.577349 -0.806207 -0.129154 -0.577349 0.806207 0.129154 -0.577349 0.129154 -0.806207 -0.577349 0.806207 0.129154 0.577349 0.129154 -0.806207 0.577349 " />
												<TextureCoordinate point="0.5297 0.2945 0.9723 0.2945 0.9723 0.4711 0.5297 0.4711 0.5297 0.2945 0.9723 0.2945 0.9723 0.4711 0.5297 0.4711 0.5297 0.2945 0.9723 0.2945 0.9723 0.4711 0.5297 0.4711 0.5297 0.2945 0.9723 0.2945 0.9723 0.4711 0.5297 0.4711 0.9723 0.2945 0.9723 0.4711 0.5297 0.2945 0.5297 0.4711 " />
											</IndexedTriangleSet>
										</Shape>
									</Group>
								</Transform>
							</Transform>
							<Transform DEF="Cube_034_TRANSFORM"
							           translation="0.050413 0.063785 -0.195501"
							           scale="1.000000 1.000000 1.000000"
							           rotation="0.000000 1.000000 0.000000 0.000000"
							           >
								<Transform DEF="Cube_034_ifs_TRANSFORM"
								           translation="0.000000 0.000000 0.000000"
								           scale="1.000000 1.000000 1.000000"
								           rotation="0.000000 1.000000 0.000000 0.000000"
								           >
									<Group DEF="group_ME_Cube_006">
										<Shape>
											<Appearance>
												<Material USE="MA_Body" />
											</Appearance>
											<IndexedTriangleSet solid="false"
											                    normalPerVertex="true"
											                    index="0 1 2 0 2 3 4 5 6 4 6 7 8 9 10 8 10 11 12 13 14 12 14 15 4 16 17 4 17 15 18 5 14 18 14 19 "
											                    >
												<Coordinate point="-0.081299 0.058845 -0.043232 -0.081299 0.058845 0.043232 0.018837 0.197190 0.043232 0.018837 0.197190 -0.043232 0.018837 0.197190 -0.043232 0.018837 0.197190 0.043232 0.181434 0.079501 0.043232 0.181434 0.079501 -0.043232 0.181434 0.079501 -0.043232 0.181434 0.079501 0.043232 0.081299 -0.058845 0.043232 0.081299 -0.058845 -0.043232 0.081299 -0.058845 -0.043232 0.081299 -0.058845 0.043232 -0.081299 0.058845 0.043232 -0.081299 0.058845 -0.043232 0.181434 0.079501 -0.043232 0.081299 -0.058845 -0.043232 0.181434 0.079501 0.043232 0.081299 -0.058845 0.043232 " />
												<Normal vector="-0.806207 -0.129154 -0.577349 -0.806207 -0.129154 0.577349 -0.129154 0.806207 0.577349 -0.129154 0.806207 -0.577349 -0.129154 0.806207 -0.577349 -0.129154 0.806207 0.577349 0.806207 0.129154 0.577349 0.806207 0.129154 -0.577349 0.806207 0.129154 -0.577349 0.806207 0.129154 0.577349 0.129154 -0.806207 0.577349 0.129154 -0.806207 -0.577349 0.129154 -0.806207 -0.577349 0.129154 -0.806207 0.577349 -0.806207 -0.129154 0.577349 -0.806207 -0.129154 -0.577349 0.806207 0.129154 -0.577349 0.129154 -0.806207 -0.577349 0.806207 0.129154 0.577349 0.129154 -0.806207 0.577349 " />
												<TextureCoordinate point="0.5297 0.0328 0.9723 0.0328 0.9723 0.2094 0.5297 0.2094 0.5297 0.0328 0.9723 0.0328 0.9723 0.2094 0.5297 0.2094 0.5297 0.0328 0.9723 0.0328 0.9723 0.2094 0.5297 0.2094 0.5297 0.0328 0.9723 0.0328 0.9723 0.2094 0.5297 0.2094 0.9723 0.0328 0.9723 0.2094 0.5297 0.0328 0.5297 0.2094 " />
											</IndexedTriangleSet>
										</Shape>
									</Group>
								</Transform>
							</Transform>
						</Transform>
						<Transform DEF="Cube_023_TRANSFORM"
						           translation="0.072080 0.107416 -0.263873"
						           scale="1.000000 1.000000 1.000000"
						           rotation="0.000000 1.000000 0.000000 0.000000"
						           >
							<Transform DEF="Cube_023_ifs_TRANSFORM"
							           translation="0.000000 0.000000 0.000000"
							           scale="1.000000 1.000000 1.000000"
							           rotation="0.000000 1.000000 0.000000 0.000000"
							           >
								<Group DEF="group_ME_Cube_043">
									<Shape>
										<Appearance>
											<Material USE="MA_Body" />
										</Appearance>
										<IndexedTriangleSet solid="false"
										                    normalPerVertex="true"
										                    index="0 1 2 0 2 3 4 5 6 4 6 7 8 9 10 8 10 11 12 13 14 12 14 15 4 16 17 4 17 15 18 5 14 18 14 19 "
										                    >
											<Coordinate point="-0.094291 0.073638 -0.053866 -0.094291 0.073638 0.053866 0.040743 0.246544 0.053866 0.040743 0.246544 -0.053866 0.040743 0.246544 -0.053866 0.040743 0.246544 0.053866 0.229324 0.099268 0.053866 0.229324 0.099268 -0.053866 0.229324 0.099268 -0.053866 0.229324 0.099268 0.053866 0.094291 -0.073638 0.053866 0.094291 -0.073638 -0.053866 0.094291 -0.073638 -0.053866 0.094291 -0.073638 0.053866 -0.094291 0.073638 0.053866 -0.094291 0.073638 -0.053866 0.229324 0.099268 -0.053866 0.094291 -0.073638 -0.053866 0.229324 0.099268 0.053866 0.094291 -0.073638 0.053866 " />
											<Normal vector="-0.810389 -0.099643 -0.577349 -0.810389 -0.099643 0.577349 -0.099643 0.810389 0.577349 -0.099643 0.810389 -0.577349 -0.099643 0.810389 -0.577349 -0.099643 0.810389 0.577349 0.810389 0.099643 0.577349 0.810389 0.099643 -0.577349 0.810389 0.099643 -0.577349 0.810389 0.099643 0.577349 0.099643 -0.810389 0.577349 0.099643 -0.810389 -0.577349 0.099643 -0.810389 -0.577349 0.099643 -0.810389 0.577349 -0.810389 -0.099643 0.577349 -0.810389 -0.099643 -0.577349 0.810389 0.099643 -0.577349 0.099643 -0.810389 -0.577349 0.810389 0.099643 0.577349 0.099643 -0.810389 0.577349 " />
											<TextureCoordinate point="0.5297 0.2945 0.9723 0.2945 0.9723 0.4711 0.5297 0.4711 0.5297 0.2945 0.9723 0.2945 0.9723 0.4711 0.5297 0.4711 0.5297 0.2945 0.9723 0.2945 0.9723 0.4711 0.5297 0.4711 0.5297 0.2945 0.9723 0.2945 0.9723 0.4711 0.5297 0.4711 0.9723 0.2945 0.9723 0.4711 0.5297 0.2945 0.5297 0.4711 " />
										</IndexedTriangleSet>
									</Shape>
								</Group>
							</Transform>
						</Transform>
						<Transform DEF="Cube_033_TRANSFORM"
						           translation="0.072080 0.107416 -0.263873"
						           scale="1.000000 1.000000 1.000000"
						           rotation="0.000000 1.000000 0.000000 0.000000"
						           >
							<Transform DEF="Cube_033_ifs_TRANSFORM"
							           translation="0.000000 0.000000 0.000000"
							           scale="1.000000 1.000000 1.000000"
							           rotation="0.000000 1.000000 0.000000 0.000000"
							           >
								<Group DEF="group_ME_Cube_005">
									<Shape>
										<Appearance>
											<Material USE="MA_Body" />
										</Appearance>
										<IndexedTriangleSet solid="false"
										                    normalPerVertex="true"
										                    index="0 1 2 0 2 3 4 5 6 4 6 7 8 9 10 8 10 11 12 13 14 12 14 15 4 16 17 4 17 15 18 5 14 18 14 19 "
										                    >
											<Coordinate point="-0.080466 0.062841 -0.045969 -0.080466 0.062841 0.045969 0.034769 0.210396 0.045969 0.034769 0.210396 -0.045969 0.034769 0.210396 -0.045969 0.034769 0.210396 0.045969 0.195701 0.084714 0.045969 0.195701 0.084714 -0.045969 0.195701 0.084714 -0.045969 0.195701 0.084714 0.045969 0.080466 -0.062841 0.045969 0.080466 -0.062841 -0.045969 0.080466 -0.062841 -0.045969 0.080466 -0.062841 0.045969 -0.080466 0.062841 0.045969 -0.080466 0.062841 -0.045969 0.195701 0.084714 -0.045969 0.080466 -0.062841 -0.045969 0.195701 0.084714 0.045969 0.080466 -0.062841 0.045969 " />
											<Normal vector="-0.810389 -0.099643 -0.577349 -0.810389 -0.099643 0.577349 -0.099643 0.810389 0.577349 -0.099643 0.810389 -0.577349 -0.099643 0.810389 -0.577349 -0.099643 0.810389 0.577349 0.810389 0.099643 0.577349 0.810389 0.099643 -0.577349 0.810389 0.099643 -0.577349 0.810389 0.099643 0.577349 0.099643 -0.810389 0.577349 0.099643 -0.810389 -0.577349 0.099643 -0.810389 -0.577349 0.099643 -0.810389 0.577349 -0.810389 -0.099643 0.577349 -0.810389 -0.099643 -0.577349 0.810389 0.099643 -0.577349 0.099643 -0.810389 -0.577349 0.810389 0.099643 0.577349 0.099643 -0.810389 0.577349 " />
											<TextureCoordinate point="0.5297 0.0328 0.9723 0.0328 0.9723 0.2094 0.5297 0.2094 0.5297 0.0328 0.9723 0.0328 0.9723 0.2094 0.5297 0.2094 0.5297 0.0328 0.9723 0.0328 0.9723 0.2094 0.5297 0.2094 0.5297 0.0328 0.9723 0.0328 0.9723 0.2094 0.5297 0.2094 0.9723 0.0328 0.9723 0.2094 0.5297 0.0328 0.5297 0.2094 " />
										</IndexedTriangleSet>
									</Shape>
								</Group>
							</Transform>
						</Transform>
					</Transform>
				</Transform>
			</Transform>
			<Transform DEF="leg1_TRANSFORM"
			           translation="0.508751 0.331529 0.388967"
			           scale="1.000000 1.000000 1.000000"
			           rotation="0.000000 1.000000 0.000000 0.000000"
			           >
				<Transform DEF="leg1_ifs_TRANSFORM"
				           translation="0.000000 0.000000 0.000000"
				           scale="1.000000 1.000000 1.000000"
				           rotation="0.000000 1.000000 0.000000 0.000000"
				           >
					<Group DEF="group_ME_leg1">
						<Shape>
							<Appearance>
								<Material USE="MA_Body" />
							</Appearance>
							<IndexedTriangleSet solid="false"
							                    normalPerVertex="true"
							                    index="0 1 2 0 2 3 4 5 6 4 6 7 8 9 10 8 10 11 12 13 14 12 14 15 4 16 17 4 17 15 18 5 14 18 14 19 "
							                    >
								<Coordinate point="-0.081915 0.115123 -0.216953 -0.081915 0.115123 0.216953 0.129721 0.265710 0.216953 0.129721 0.265710 -0.216953 0.129721 0.265710 -0.216953 0.129721 0.265710 0.216953 0.293551 0.035464 0.216953 0.293551 0.035464 -0.216953 0.293551 0.035464 -0.216953 0.293551 0.035464 0.216953 0.081915 -0.115123 0.216953 0.081915 -0.115123 -0.216953 0.081915 -0.115123 -0.216953 0.081915 -0.115123 0.216953 -0.081915 0.115123 0.216953 -0.081915 0.115123 -0.216953 0.293551 0.035464 -0.216953 0.081915 -0.115123 -0.216953 0.293551 0.035464 0.216953 0.081915 -0.115123 0.216953 " />
								<Normal vector="-0.805139 0.135685 -0.577349 -0.805139 0.135685 0.577349 0.135685 0.805139 0.577349 0.135685 0.805139 -0.577349 0.135685 0.805139 -0.577349 0.135685 0.805139 0.577349 0.805139 -0.135685 0.577349 0.805139 -0.135685 -0.577349 0.805139 -0.135685 -0.577349 0.805139 -0.135685 0.577349 -0.135685 -0.805139 0.577349 -0.135685 -0.805139 -0.577349 -0.135685 -0.805139 -0.577349 -0.135685 -0.805139 0.577349 -0.805139 0.135685 0.577349 -0.805139 0.135685 -0.577349 0.805139 -0.135685 -0.577349 -0.135685 -0.805139 -0.577349 0.805139 -0.135685 0.577349 -0.135685 -0.805139 0.577349 " />
								<TextureCoordinate point="0.0189 0.5220 0.9713 0.5220 0.9713 0.9800 0.0189 0.9800 0.0189 0.5220 0.9713 0.5220 0.9713 0.9800 0.0189 0.9800 0.0189 0.5220 0.9713 0.5220 0.9713 0.9800 0.0189 0.9800 0.0189 0.5220 0.9713 0.5220 0.9713 0.9800 0.0189 0.9800 0.9713 0.5220 0.9713 0.9800 0.0189 0.5220 0.0189 0.9800 " />
							</IndexedTriangleSet>
						</Shape>
					</Group>
				</Transform>
				<Transform DEF="leg1_1_TRANSFORM"
				           translation="0.175430 0.124825 -0.008658"
				           scale="1.000000 1.000000 1.000000"
				           rotation="0.000000 1.000000 0.000000 0.000000"
				           >
					<Transform DEF="leg1_1_ifs_TRANSFORM"
					           translation="0.000000 0.000000 0.000000"
					           scale="1.000000 1.000000 1.000000"
					           rotation="0.000000 1.000000 0.000000 0.000000"
					           >
						<Group DEF="group_ME_leg1_1">
							<Shape>
								<Appearance>
									<Material USE="MA_Body" />
								</Appearance>
								<IndexedTriangleSet solid="false"
								                    normalPerVertex="true"
								                    index="0 1 2 0 2 3 4 5 6 4 6 7 8 9 10 8 10 11 12 13 14 12 14 15 4 16 17 4 17 15 18 5 14 18 14 19 "
								                    >
									<Coordinate point="-0.114305 0.160644 -0.222242 -0.114305 0.160644 0.222242 0.136764 0.339289 0.222242 0.136764 0.339289 -0.222242 0.136764 0.339289 -0.222242 0.136764 0.339289 0.222242 0.365373 0.018001 0.222242 0.365373 0.018001 -0.222242 0.365373 0.018001 -0.222242 0.365373 0.018001 0.222242 0.114305 -0.160644 0.222242 0.114305 -0.160644 -0.222242 0.114305 -0.160644 -0.222242 0.114305 -0.160644 0.222242 -0.114305 0.160644 0.222242 -0.114305 0.160644 -0.222242 0.365373 0.018001 -0.222242 0.114305 -0.160644 -0.222242 0.365373 0.018001 0.222242 0.114305 -0.160644 0.222242 " />
									<Normal vector="-0.805139 0.135685 -0.577349 -0.805139 0.135685 0.577349 0.135685 0.805139 0.577349 0.135685 0.805139 -0.577349 0.135685 0.805139 -0.577349 0.135685 0.805139 0.577349 0.805139 -0.135685 0.577349 0.805139 -0.135685 -0.577349 0.805139 -0.135685 -0.577349 0.805139 -0.135685 0.577349 -0.135685 -0.805139 0.577349 -0.135685 -0.805139 -0.577349 -0.135685 -0.805139 -0.577349 -0.135685 -0.805139 0.577349 -0.805139 0.135685 0.577349 -0.805139 0.135685 -0.577349 0.805139 -0.135685 -0.577349 -0.135685 -0.805139 -0.577349 0.805139 -0.135685 0.577349 -0.135685 -0.805139 0.577349 " />
									<TextureCoordinate point="0.0189 0.5220 0.9713 0.5220 0.9713 0.9800 0.0189 0.9800 0.0189 0.5220 0.9713 0.5220 0.9713 0.9800 0.0189 0.9800 0.0189 0.5220 0.9713 0.5220 0.9713 0.9800 0.0189 0.9800 0.0189 0.5220 0.9713 0.5220 0.9713 0.9800 0.0189 0.9800 0.9713 0.5220 0.9713 0.9800 0.0189 0.5220 0.0189 0.9800 " />
								</IndexedTriangleSet>
							</Shape>
						</Group>
					</Transform>
					<Transform DEF="leg1_2_TRANSFORM"
					           translation="0.217602 0.154832 0.000000"
					           scale="1.000000 1.000000 1.000000"
					           rotation="0.000000 1.000000 0.000000 0.000000"
					           >
						<Transform DEF="leg1_2_ifs_TRANSFORM"
						           translation="0.000000 0.000000 0.000000"
						           scale="1.000000 1.000000 1.000000"
						           rotation="0.000000 1.000000 0.000000 0.000000"
						           >
							<Group DEF="group_ME_leg1_2">
								<Shape>
									<Appearance>
										<Material USE="MA_Body" />
									</Appearance>
									<IndexedTriangleSet solid="false"
									                    normalPerVertex="true"
									                    index="0 1 2 0 2 3 4 5 6 4 6 7 8 9 10 8 10 11 12 13 14 12 14 15 4 16 17 4 17 15 18 5 14 18 14 19 "
									                    >
										<Coordinate point="-0.150809 0.211947 -0.253099 -0.150809 0.211947 0.253099 0.234218 0.485909 0.253099 0.234218 0.485909 -0.253099 0.234218 0.485909 -0.253099 0.234218 0.485909 0.253099 0.535835 0.062015 0.253099 0.535835 0.062015 -0.253099 0.535835 0.062015 -0.253099 0.535835 0.062015 0.253099 0.150809 -0.211947 0.253099 0.150809 -0.211947 -0.253099 0.150809 -0.211947 -0.253099 0.150809 -0.211947 0.253099 -0.150809 0.211947 0.253099 -0.150809 0.211947 -0.253099 0.535835 0.062015 -0.253099 0.150809 -0.211947 -0.253099 0.535835 0.062015 0.253099 0.150809 -0.211947 0.253099 " />
										<Normal vector="-0.805139 0.135685 -0.577349 -0.805139 0.135685 0.577349 0.135685 0.805139 0.577349 0.135685 0.805139 -0.577349 0.135685 0.805139 -0.577349 0.135685 0.805139 0.577349 0.805139 -0.135685 0.577349 0.805139 -0.135685 -0.577349 0.805139 -0.135685 -0.577349 0.805139 -0.135685 0.577349 -0.135685 -0.805139 0.577349 -0.135685 -0.805139 -0.577349 -0.135685 -0.805139 -0.577349 -0.135685 -0.805139 0.577349 -0.805139 0.135685 0.577349 -0.805139 0.135685 -0.577349 0.805139 -0.135685 -0.577349 -0.135685 -0.805139 -0.577349 0.805139 -0.135685 0.577349 -0.135685 -0.805139 0.577349 " />
										<TextureCoordinate point="0.0189 0.5220 0.9713 0.5220 0.9713 0.9800 0.0189 0.9800 0.0189 0.5220 0.9713 0.5220 0.9713 0.9800 0.0189 0.9800 0.0189 0.5220 0.9713 0.5220 0.9713 0.9800 0.0189 0.9800 0.0189 0.5220 0.9713 0.5220 0.9713 0.9800 0.0189 0.9800 0.9713 0.5220 0.9713 0.9800 0.0189 0.5220 0.0189 0.9800 " />
									</IndexedTriangleSet>
								</Shape>
							</Group>
						</Transform>
						<Transform DEF="leg1_3_TRANSFORM"
						           translation="0.350292 0.249247 -0.062056"
						           scale="1.000000 1.000000 1.000000"
						           rotation="0.000000 1.000000 0.000000 0.000000"
						           >
							<Transform DEF="leg1_3_ifs_TRANSFORM"
							           translation="0.000000 0.000000 0.000000"
							           scale="1.000000 1.000000 1.000000"
							           rotation="0.000000 1.000000 0.000000 0.000000"
							           >
								<Group DEF="group_ME_leg1_3">
									<Shape>
										<Appearance>
											<Material USE="MA_Body" />
										</Appearance>
										<IndexedTriangleSet solid="false"
										                    normalPerVertex="true"
										                    index="0 1 2 0 2 3 4 5 6 4 6 7 8 9 10 8 10 11 12 13 14 12 14 15 4 16 17 4 17 15 18 5 14 18 14 19 "
										                    >
											<Coordinate point="-0.092844 0.154670 -0.178760 -0.092844 0.154670 0.178760 0.202644 0.332042 0.178760 0.202644 0.332042 -0.178760 0.202644 0.332042 -0.178760 0.202644 0.332042 0.178760 0.388331 0.022701 0.178760 0.388331 0.022701 -0.178760 0.388331 0.022701 -0.178760 0.388331 0.022701 0.178760 0.092844 -0.154670 0.178760 0.092844 -0.154670 -0.178760 0.092844 -0.154670 -0.178760 0.092844 -0.154670 0.178760 -0.092844 0.154670 0.178760 -0.092844 0.154670 -0.178760 0.388331 0.022701 -0.178760 0.092844 -0.154670 -0.178760 0.388331 0.022701 0.178760 0.092844 -0.154670 0.178760 " />
											<Normal vector="-0.792138 0.197851 -0.577349 -0.792138 0.197851 0.577349 0.197851 0.792138 0.577349 0.197851 0.792138 -0.577349 0.197851 0.792138 -0.577349 0.197851 0.792138 0.577349 0.792138 -0.197851 0.577349 0.792138 -0.197851 -0.577349 0.792138 -0.197851 -0.577349 0.792138 -0.197851 0.577349 -0.197851 -0.792138 0.577349 -0.197851 -0.792138 -0.577349 -0.197851 -0.792138 -0.577349 -0.197851 -0.792138 0.577349 -0.792138 0.197851 0.577349 -0.792138 0.197851 -0.577349 0.792138 -0.197851 -0.577349 -0.197851 -0.792138 -0.577349 0.792138 -0.197851 0.577349 -0.197851 -0.792138 0.577349 " />
											<TextureCoordinate point="0.0189 0.5220 0.9713 0.5220 0.9713 0.9800 0.0189 0.9800 0.0189 0.5220 0.9713 0.5220 0.9713 0.9800 0.0189 0.9800 0.0189 0.5220 0.9713 0.5220 0.9713 0.9800 0.0189 0.9800 0.0189 0.5220 0.9713 0.5220 0.9713 0.9800 0.0189 0.9800 0.9713 0.5220 0.9713 0.9800 0.0189 0.5220 0.0189 0.9800 " />
										</IndexedTriangleSet>
									</Shape>
								</Group>
							</Transform>
							<Transform DEF="Cube_029_TRANSFORM"
							           translation="0.247485 0.159022 -0.042768"
							           scale="1.000000 1.000000 1.000000"
							           rotation="0.000000 1.000000 0.000000 0.000000"
							           >
								<Transform DEF="Cube_029_ifs_TRANSFORM"
								           translation="0.000000 0.000000 0.000000"
								           scale="1.000000 1.000000 1.000000"
								           rotation="0.000000 1.000000 0.000000 0.000000"
								           >
									<Group DEF="group_ME_Cube_049">
										<Shape>
											<Appearance>
												<Material USE="MA_Body" />
											</Appearance>
											<IndexedTriangleSet solid="false"
											                    normalPerVertex="true"
											                    index="0 1 2 0 2 3 4 5 6 4 6 7 8 9 10 8 10 11 12 13 14 12 14 15 4 16 17 4 17 15 18 5 14 18 14 19 "
											                    >
												<Coordinate point="-0.037356 0.098171 -0.075170 -0.062532 0.084396 0.075170 0.137061 0.193599 0.118599 0.162237 0.207373 -0.031741 0.162237 0.207373 -0.031741 0.137061 0.193599 0.118599 0.236948 0.011031 0.118599 0.262124 0.024806 -0.031741 0.262124 0.024806 -0.031741 0.236948 0.011031 0.118599 0.037356 -0.098171 0.075170 0.062532 -0.084396 -0.075170 0.062532 -0.084396 -0.075170 0.037356 -0.098171 0.075170 -0.062532 0.084396 0.075170 -0.037356 0.098171 -0.075170 0.262124 0.024806 -0.031741 0.062532 -0.084396 -0.075170 0.236948 0.011031 0.118599 0.037356 -0.098171 0.075170 " />
												<Normal vector="-0.679647 0.286233 -0.675344 -0.869594 0.182318 0.458846 0.125401 0.726737 0.675344 0.315348 0.830653 -0.458846 0.315348 0.830653 -0.458846 0.125401 0.726737 0.675344 0.679647 -0.286233 0.675344 0.869594 -0.182318 -0.458846 0.869594 -0.182318 -0.458846 0.679647 -0.286233 0.675344 -0.315348 -0.830653 0.458846 -0.125401 -0.726737 -0.675344 -0.125401 -0.726737 -0.675344 -0.315348 -0.830653 0.458846 -0.869594 0.182318 0.458846 -0.679647 0.286233 -0.675344 0.869594 -0.182318 -0.458846 -0.125401 -0.726737 -0.675344 0.679647 -0.286233 0.675344 -0.315348 -0.830653 0.458846 " />
												<TextureCoordinate point="0.0189 0.5220 0.9713 0.5220 0.9713 0.9800 0.0189 0.9800 0.0189 0.5220 0.9713 0.5220 0.9713 0.9800 0.0189 0.9800 0.0189 0.5220 0.9713 0.5220 0.9713 0.9800 0.0189 0.9800 0.0189 0.5220 0.9713 0.5220 0.9713 0.9800 0.0189 0.9800 0.9713 0.5220 0.9713 0.9800 0.0189 0.5220 0.0189 0.9800 " />
											</IndexedTriangleSet>
										</Shape>
									</Group>
								</Transform>
							</Transform>
							<Transform DEF="Cube_031_TRANSFORM"
							           translation="0.069707 0.041843 -0.195501"
							           scale="1.000000 1.000000 1.000000"
							           rotation="0.000000 1.000000 0.000000 0.000000"
							           >
								<Transform DEF="Cube_031_ifs_TRANSFORM"
								           translation="0.000000 0.000000 0.000000"
								           scale="1.000000 1.000000 1.000000"
								           rotation="0.000000 1.000000 0.000000 0.000000"
								           >
									<Group DEF="group_ME_Cube_051">
										<Shape>
											<Appearance>
												<Material USE="MA_Body" />
											</Appearance>
											<IndexedTriangleSet solid="false"
											                    normalPerVertex="true"
											                    index="0 1 2 0 2 3 4 5 6 4 6 7 8 9 10 8 10 11 12 13 14 12 14 15 4 16 17 4 17 15 18 5 14 18 14 19 "
											                    >
												<Coordinate point="-0.064736 0.098182 -0.050659 -0.064736 0.098182 0.050659 0.102339 0.208343 0.050659 0.102339 0.208343 -0.050659 0.102339 0.208343 -0.050659 0.102339 0.208343 0.050659 0.231812 0.011980 0.050659 0.231812 0.011980 -0.050659 0.231812 0.011980 -0.050659 0.231812 0.011980 0.050659 0.064736 -0.098182 0.050659 0.064736 -0.098182 -0.050659 0.064736 -0.098182 -0.050659 0.064736 -0.098182 0.050659 -0.064736 0.098182 0.050659 -0.064736 0.098182 -0.050659 0.231812 0.011980 -0.050659 0.064736 -0.098182 -0.050659 0.231812 0.011980 0.050659 0.064736 -0.098182 0.050659 " />
												<Normal vector="-0.799799 0.164190 -0.577349 -0.799799 0.164190 0.577349 0.164190 0.799799 0.577349 0.164190 0.799799 -0.577349 0.164190 0.799799 -0.577349 0.164190 0.799799 0.577349 0.799799 -0.164190 0.577349 0.799799 -0.164190 -0.577349 0.799799 -0.164190 -0.577349 0.799799 -0.164190 0.577349 -0.164190 -0.799799 0.577349 -0.164190 -0.799799 -0.577349 -0.164190 -0.799799 -0.577349 -0.164190 -0.799799 0.577349 -0.799799 0.164190 0.577349 -0.799799 0.164190 -0.577349 0.799799 -0.164190 -0.577349 -0.164190 -0.799799 -0.577349 0.799799 -0.164190 0.577349 -0.164190 -0.799799 0.577349 " />
												<TextureCoordinate point="0.5297 0.2945 0.9723 0.2945 0.9723 0.4711 0.5297 0.4711 0.5297 0.2945 0.9723 0.2945 0.9723 0.4711 0.5297 0.4711 0.5297 0.2945 0.9723 0.2945 0.9723 0.4711 0.5297 0.4711 0.5297 0.2945 0.9723 0.2945 0.9723 0.4711 0.5297 0.4711 0.9723 0.2945 0.9723 0.4711 0.5297 0.2945 0.5297 0.4711 " />
											</IndexedTriangleSet>
										</Shape>
									</Group>
								</Transform>
							</Transform>
							<Transform DEF="Cube_036_TRANSFORM"
							           translation="0.069707 0.041843 -0.195501"
							           scale="1.000000 1.000000 1.000000"
							           rotation="0.000000 1.000000 0.000000 0.000000"
							           >
								<Transform DEF="Cube_036_ifs_TRANSFORM"
								           translation="0.000000 0.000000 0.000000"
								           scale="1.000000 1.000000 1.000000"
								           rotation="0.000000 1.000000 0.000000 0.000000"
								           >
									<Group DEF="group_ME_Cube_009">
										<Shape>
											<Appearance>
												<Material USE="MA_Body" />
											</Appearance>
											<IndexedTriangleSet solid="false"
											                    normalPerVertex="true"
											                    index="0 1 2 0 2 3 4 5 6 4 6 7 8 9 10 8 10 11 12 13 14 12 14 15 4 16 17 4 17 15 18 5 14 18 14 19 "
											                    >
												<Coordinate point="-0.055245 0.083786 -0.043232 -0.055245 0.083786 0.043232 0.087334 0.177796 0.043232 0.087334 0.177796 -0.043232 0.087334 0.177796 -0.043232 0.087334 0.177796 0.043232 0.197824 0.010223 0.043232 0.197824 0.010223 -0.043232 0.197824 0.010223 -0.043232 0.197824 0.010223 0.043232 0.055245 -0.083786 0.043232 0.055245 -0.083786 -0.043232 0.055245 -0.083786 -0.043232 0.055245 -0.083786 0.043232 -0.055245 0.083786 0.043232 -0.055245 0.083786 -0.043232 0.197824 0.010223 -0.043232 0.055245 -0.083786 -0.043232 0.197824 0.010223 0.043232 0.055245 -0.083786 0.043232 " />
												<Normal vector="-0.799799 0.164190 -0.577349 -0.799799 0.164190 0.577349 0.164190 0.799799 0.577349 0.164190 0.799799 -0.577349 0.164190 0.799799 -0.577349 0.164190 0.799799 0.577349 0.799799 -0.164190 0.577349 0.799799 -0.164190 -0.577349 0.799799 -0.164190 -0.577349 0.799799 -0.164190 0.577349 -0.164190 -0.799799 0.577349 -0.164190 -0.799799 -0.577349 -0.164190 -0.799799 -0.577349 -0.164190 -0.799799 0.577349 -0.799799 0.164190 0.577349 -0.799799 0.164190 -0.577349 0.799799 -0.164190 -0.577349 -0.164190 -0.799799 -0.577349 0.799799 -0.164190 0.577349 -0.164190 -0.799799 0.577349 " />
												<TextureCoordinate point="0.5297 0.0328 0.9723 0.0328 0.9723 0.2094 0.5297 0.2094 0.5297 0.0328 0.9723 0.0328 0.9723 0.2094 0.5297 0.2094 0.5297 0.0328 0.9723 0.0328 0.9723 0.2094 0.5297 0.2094 0.5297 0.0328 0.9723 0.0328 0.9723 0.2094 0.5297 0.2094 0.9723 0.0328 0.9723 0.2094 0.5297 0.0328 0.5297 0.2094 " />
											</IndexedTriangleSet>
										</Shape>
									</Group>
								</Transform>
							</Transform>
						</Transform>
						<Transform DEF="Cube_030_TRANSFORM"
						           translation="0.105401 0.074997 -0.263873"
						           scale="1.000000 1.000000 1.000000"
						           rotation="0.000000 1.000000 0.000000 0.000000"
						           >
							<Transform DEF="Cube_030_ifs_TRANSFORM"
							           translation="0.000000 0.000000 0.000000"
							           scale="1.000000 1.000000 1.000000"
							           rotation="0.000000 1.000000 0.000000 0.000000"
							           >
								<Group DEF="group_ME_Cube_050">
									<Shape>
										<Appearance>
											<Material USE="MA_Body" />
										</Appearance>
										<IndexedTriangleSet solid="false"
										                    normalPerVertex="true"
										                    index="0 1 2 0 2 3 4 5 6 4 6 7 8 9 10 8 10 11 12 13 14 12 14 15 4 16 17 4 17 15 18 5 14 18 14 19 "
										                    >
											<Coordinate point="-0.062168 0.102217 -0.053866 -0.062168 0.102217 0.053866 0.125273 0.216218 0.053866 0.125273 0.216218 -0.053866 0.125273 0.216218 -0.053866 0.125273 0.216218 0.053866 0.249609 0.011783 0.053866 0.249609 0.011783 -0.053866 0.249609 0.011783 -0.053866 0.249609 0.011783 0.053866 0.062168 -0.102217 0.053866 0.062168 -0.102217 -0.053866 0.062168 -0.102217 -0.053866 0.062168 -0.102217 0.053866 -0.062168 0.102217 0.053866 -0.062168 0.102217 -0.053866 0.249609 0.011783 -0.053866 0.062168 -0.102217 -0.053866 0.249609 0.011783 0.053866 0.062168 -0.102217 0.053866 " />
											<Normal vector="-0.793268 0.193243 -0.577349 -0.793268 0.193243 0.577349 0.193243 0.793268 0.577349 0.193243 0.793268 -0.577349 0.193243 0.793268 -0.577349 0.193243 0.793268 0.577349 0.793268 -0.193243 0.577349 0.793268 -0.193243 -0.577349 0.793268 -0.193243 -0.577349 0.793268 -0.193243 0.577349 -0.193243 -0.793268 0.577349 -0.193243 -0.793268 -0.577349 -0.193243 -0.793268 -0.577349 -0.193243 -0.793268 0.577349 -0.793268 0.193243 0.577349 -0.793268 0.193243 -0.577349 0.793268 -0.193243 -0.577349 -0.193243 -0.793268 -0.577349 0.793268 -0.193243 0.577349 -0.193243 -0.793268 0.577349 " />
											<TextureCoordinate point="0.5297 0.2945 0.9723 0.2945 0.9723 0.4711 0.5297 0.4711 0.5297 0.2945 0.9723 0.2945 0.9723 0.4711 0.5297 0.4711 0.5297 0.2945 0.9723 0.2945 0.9723 0.4711 0.5297 0.4711 0.5297 0.2945 0.9723 0.2945 0.9723 0.4711 0.5297 0.4711 0.9723 0.2945 0.9723 0.4711 0.5297 0.2945 0.5297 0.4711 " />
										</IndexedTriangleSet>
									</Shape>
								</Group>
							</Transform>
						</Transform>
						<Transform DEF="Cube_035_TRANSFORM"
						           translation="0.105401 0.074997 -0.263873"
						           scale="1.000000 1.000000 1.000000"
						           rotation="0.000000 1.000000 0.000000 0.000000"
						           >
							<Transform DEF="Cube_035_ifs_TRANSFORM"
							           translation="0.000000 0.000000 0.000000"
							           scale="1.000000 1.000000 1.000000"
							           rotation="0.000000 1.000000 0.000000 0.000000"
							           >
								<Group DEF="group_ME_Cube_007">
									<Shape>
										<Appearance>
											<Material USE="MA_Body" />
										</Appearance>
										<IndexedTriangleSet solid="false"
										                    normalPerVertex="true"
										                    index="0 1 2 0 2 3 4 5 6 4 6 7 8 9 10 8 10 11 12 13 14 12 14 15 4 16 17 4 17 15 18 5 14 18 14 19 "
										                    >
											<Coordinate point="-0.053053 0.087230 -0.045969 -0.053053 0.087230 0.045969 0.106906 0.184516 0.045969 0.106906 0.184516 -0.045969 0.106906 0.184516 -0.045969 0.106906 0.184516 0.045969 0.213012 0.010056 0.045969 0.213012 0.010056 -0.045969 0.213012 0.010056 -0.045969 0.213012 0.010056 0.045969 0.053053 -0.087230 0.045969 0.053053 -0.087230 -0.045969 0.053053 -0.087230 -0.045969 0.053053 -0.087230 0.045969 -0.053053 0.087230 0.045969 -0.053053 0.087230 -0.045969 0.213012 0.010056 -0.045969 0.053053 -0.087230 -0.045969 0.213012 0.010056 0.045969 0.053053 -0.087230 0.045969 " />
											<Normal vector="-0.793268 0.193243 -0.577349 -0.793268 0.193243 0.577349 0.193243 0.793268 0.577349 0.193243 0.793268 -0.577349 0.193243 0.793268 -0.577349 0.193243 0.793268 0.577349 0.793268 -0.193243 0.577349 0.793268 -0.193243 -0.577349 0.793268 -0.193243 -0.577349 0.793268 -0.193243 0.577349 -0.193243 -0.793268 0.577349 -0.193243 -0.793268 -0.577349 -0.193243 -0.793268 -0.577349 -0.193243 -0.793268 0.577349 -0.793268 0.193243 0.577349 -0.793268 0.193243 -0.577349 0.793268 -0.193243 -0.577349 -0.193243 -0.793268 -0.577349 0.793268 -0.193243 0.577349 -0.193243 -0.793268 0.577349 " />
											<TextureCoordinate point="0.5297 0.0328 0.9723 0.0328 0.9723 0.2094 0.5297 0.2094 0.5297 0.0328 0.9723 0.0328 0.9723 0.2094 0.5297 0.2094 0.5297 0.0328 0.9723 0.0328 0.9723 0.2094 0.5297 0.2094 0.5297 0.0328 0.9723 0.0328 0.9723 0.2094 0.5297 0.2094 0.9723 0.0328 0.9723 0.2094 0.5297 0.0328 0.5297 0.2094 " />
										</IndexedTriangleSet>
									</Shape>
								</Group>
							</Transform>
						</Transform>
					</Transform>
				</Transform>
			</Transform>
			<Transform DEF="arm2_TRANSFORM"
			           translation="-0.368515 -0.164550 0.358467"
			           scale="1.000000 1.000000 1.000000"
			           rotation="0.000000 1.000000 0.000000 0.000000"
			           >
				<Transform DEF="arm2_ifs_TRANSFORM"
				           translation="0.000000 0.000000 0.000000"
				           scale="1.000000 1.000000 1.000000"
				           rotation="0.000000 1.000000 0.000000 0.000000"
				           >
					<Group DEF="group_ME_arm2">
						<Shape>
							<Appearance>
								<Material USE="MA_Body" />
							</Appearance>
							<IndexedTriangleSet solid="false"
							                    normalPerVertex="true"
							                    index="0 1 2 0 2 3 4 5 6 4 6 7 8 9 10 8 10 11 12 13 14 12 14 15 4 13 16 4 16 17 18 19 14 18 14 7 "
							                    >
								<Coordinate point="-0.572036 -0.785320 -0.341718 0.184753 -0.272814 -0.341718 0.184753 -0.272814 0.341718 -0.572036 -0.785320 0.341718 0.184753 -0.272814 -0.341718 -0.184753 0.272814 -0.341718 -0.184753 0.272814 0.341718 0.184753 -0.272814 0.341718 -0.184753 0.272814 -0.341718 -0.941542 -0.239691 -0.341718 -0.941542 -0.239691 0.341718 -0.184753 0.272814 0.341718 -0.941542 -0.239691 -0.341718 -0.572036 -0.785320 -0.341718 -0.572036 -0.785320 0.341718 -0.941542 -0.239691 0.341718 -0.941542 -0.239691 -0.341718 -0.184753 0.272814 -0.341718 -0.184753 0.272814 0.341718 -0.941542 -0.239691 0.341718 " />
								<Normal vector="-0.154302 -0.801782 -0.577349 0.801782 -0.154302 -0.577349 0.801782 -0.154302 0.577349 -0.154302 -0.801782 0.577349 0.801782 -0.154302 -0.577349 0.154302 0.801782 -0.577349 0.154302 0.801782 0.577349 0.801782 -0.154302 0.577349 0.154302 0.801782 -0.577349 -0.801782 0.154302 -0.577349 -0.801782 0.154302 0.577349 0.154302 0.801782 0.577349 -0.801782 0.154302 -0.577349 -0.154302 -0.801782 -0.577349 -0.154302 -0.801782 0.577349 -0.801782 0.154302 0.577349 -0.801782 0.154302 -0.577349 0.154302 0.801782 -0.577349 0.154302 0.801782 0.577349 -0.801782 0.154302 0.577349 " />
								<TextureCoordinate point="0.0189 0.5220 0.0189 0.9800 0.9713 0.9800 0.9713 0.5220 0.0189 0.5220 0.0189 0.9800 0.9713 0.9800 0.9713 0.5220 0.0189 0.5220 0.0189 0.9800 0.9713 0.9800 0.9713 0.5220 0.0189 0.5220 0.0189 0.9800 0.9713 0.9800 0.9713 0.5220 0.9713 0.9800 0.9713 0.5220 0.0189 0.5220 0.0189 0.9800 " />
							</IndexedTriangleSet>
						</Shape>
					</Group>
				</Transform>
				<Transform DEF="arm2_1_TRANSFORM"
				           translation="-0.717632 -0.485988 -0.036073"
				           scale="1.000000 1.000000 1.000000"
				           rotation="0.000000 1.000000 0.000000 0.000000"
				           >
					<Transform DEF="arm2_1_ifs_TRANSFORM"
					           translation="0.000000 0.000000 0.000000"
					           scale="1.000000 1.000000 1.000000"
					           rotation="0.000000 1.000000 0.000000 0.000000"
					           >
						<Group DEF="group_ME_arm2_1">
							<Shape>
								<Appearance>
									<Material USE="MA_Body" />
								</Appearance>
								<IndexedTriangleSet solid="false"
								                    normalPerVertex="true"
								                    index="0 1 2 0 2 3 4 5 6 4 6 7 8 9 10 8 10 11 12 13 14 12 14 15 4 13 16 4 16 17 18 19 14 18 14 7 "
								                    >
									<Coordinate point="-0.291063 -0.539409 -0.232657 0.158923 -0.234674 -0.232657 0.158923 -0.234674 0.232657 -0.291063 -0.539409 0.232657 0.158923 -0.234674 -0.232657 -0.158923 0.234674 -0.232657 -0.158923 0.234674 0.232657 0.158923 -0.234674 0.232657 -0.158923 0.234674 -0.232657 -0.608910 -0.070062 -0.232657 -0.608910 -0.070062 0.232657 -0.158923 0.234674 0.232657 -0.608910 -0.070062 -0.232657 -0.291063 -0.539409 -0.232657 -0.291063 -0.539409 0.232657 -0.608910 -0.070062 0.232657 -0.608910 -0.070062 -0.232657 -0.158923 0.234674 -0.232657 -0.158923 0.234674 0.232657 -0.608910 -0.070062 0.232657 " />
									<Normal vector="-0.154302 -0.801782 -0.577349 0.801782 -0.154302 -0.577349 0.801782 -0.154302 0.577349 -0.154302 -0.801782 0.577349 0.801782 -0.154302 -0.577349 0.154302 0.801782 -0.577349 0.154302 0.801782 0.577349 0.801782 -0.154302 0.577349 0.154302 0.801782 -0.577349 -0.801782 0.154302 -0.577349 -0.801782 0.154302 0.577349 0.154302 0.801782 0.577349 -0.801782 0.154302 -0.577349 -0.154302 -0.801782 -0.577349 -0.154302 -0.801782 0.577349 -0.801782 0.154302 0.577349 -0.801782 0.154302 -0.577349 0.154302 0.801782 -0.577349 0.154302 0.801782 0.577349 -0.801782 0.154302 0.577349 " />
									<TextureCoordinate point="0.0189 0.5220 0.0189 0.9800 0.9713 0.9800 0.9713 0.5220 0.0189 0.5220 0.0189 0.9800 0.9713 0.9800 0.9713 0.5220 0.0189 0.5220 0.0189 0.9800 0.9713 0.9800 0.9713 0.5220 0.0189 0.5220 0.0189 0.9800 0.9713 0.9800 0.9713 0.5220 0.9713 0.9800 0.9713 0.5220 0.0189 0.5220 0.0189 0.9800 " />
								</IndexedTriangleSet>
							</Shape>
						</Group>
					</Transform>
					<Transform DEF="arm2_2_TRANSFORM"
					           translation="-0.383007 -0.253847 0.000000"
					           scale="1.000000 1.000000 1.000000"
					           rotation="0.000000 1.000000 0.000000 0.000000"
					           >
						<Transform DEF="arm2_2_ifs_TRANSFORM"
						           translation="0.000000 0.000000 0.000000"
						           scale="1.000000 1.000000 1.000000"
						           rotation="0.000000 1.000000 0.000000 0.000000"
						           >
							<Group DEF="group_ME_arm2_2">
								<Shape>
									<Appearance>
										<Material USE="MA_Body" />
									</Appearance>
									<IndexedTriangleSet solid="false"
									                    normalPerVertex="true"
									                    index="0 1 2 0 2 3 4 5 6 4 6 7 8 9 10 8 10 11 12 13 14 12 14 15 4 13 16 4 16 17 18 19 14 18 14 7 "
									                    >
										<Coordinate point="-0.249581 -0.412973 -0.183161 0.115954 -0.190631 -0.183161 0.115954 -0.190631 0.183161 -0.249581 -0.412973 0.183161 0.115954 -0.190631 -0.183161 -0.115954 0.190631 -0.183161 -0.115954 0.190631 0.183161 0.115954 -0.190631 0.183161 -0.115954 0.190631 -0.183161 -0.481489 -0.031711 -0.183161 -0.481489 -0.031711 0.183161 -0.115954 0.190631 0.183161 -0.481489 -0.031711 -0.183161 -0.249581 -0.412973 -0.183161 -0.249581 -0.412973 0.183161 -0.481489 -0.031711 0.183161 -0.481489 -0.031711 -0.183161 -0.115954 0.190631 -0.183161 -0.115954 0.190631 0.183161 -0.481489 -0.031711 0.183161 " />
										<Normal vector="-0.193213 -0.793298 -0.577349 0.793298 -0.193213 -0.577349 0.793298 -0.193213 0.577349 -0.193213 -0.793298 0.577349 0.793298 -0.193213 -0.577349 0.193213 0.793298 -0.577349 0.193213 0.793298 0.577349 0.793298 -0.193213 0.577349 0.193213 0.793298 -0.577349 -0.793298 0.193213 -0.577349 -0.793298 0.193213 0.577349 0.193213 0.793298 0.577349 -0.793298 0.193213 -0.577349 -0.193213 -0.793298 -0.577349 -0.193213 -0.793298 0.577349 -0.793298 0.193213 0.577349 -0.793298 0.193213 -0.577349 0.193213 0.793298 -0.577349 0.193213 0.793298 0.577349 -0.793298 0.193213 0.577349 " />
										<TextureCoordinate point="0.0189 0.5220 0.0189 0.9800 0.9713 0.9800 0.9713 0.5220 0.0189 0.5220 0.0189 0.9800 0.9713 0.9800 0.9713 0.5220 0.0189 0.5220 0.0189 0.9800 0.9713 0.9800 0.9713 0.5220 0.0189 0.5220 0.0189 0.9800 0.9713 0.9800 0.9713 0.5220 0.9713 0.9800 0.9713 0.5220 0.0189 0.5220 0.0189 0.9800 " />
									</IndexedTriangleSet>
								</Shape>
							</Group>
						</Transform>
						<Transform DEF="Cube_005_TRANSFORM"
						           translation="-0.330904 -0.201277 0.000000"
						           scale="1.000000 1.000000 1.000000"
						           rotation="0.000000 1.000000 0.000000 0.000000"
						           >
							<Transform DEF="Cube_005_ifs_TRANSFORM"
							           translation="0.000000 0.000000 0.000000"
							           scale="1.000000 1.000000 1.000000"
							           rotation="0.000000 1.000000 0.000000 0.000000"
							           >
								<Group DEF="group_ME_Cube_008">
									<Shape>
										<Appearance>
											<Material USE="MA_Body" />
										</Appearance>
										<IndexedTriangleSet solid="false"
										                    normalPerVertex="true"
										                    index="0 1 2 0 2 3 4 5 6 4 6 7 8 9 10 8 10 11 12 13 14 12 14 15 4 13 16 4 16 17 18 19 14 18 14 7 "
										                    >
											<Coordinate point="-0.256099 -0.333333 -0.124527 0.078834 -0.129605 -0.124527 0.078834 -0.129605 0.124527 -0.256099 -0.333333 0.124527 0.078834 -0.129605 -0.124527 -0.078834 0.129605 -0.124527 -0.078834 0.129605 0.124527 0.078834 -0.129605 0.124527 -0.078834 0.129605 -0.124527 -0.413767 -0.074123 -0.124527 -0.413767 -0.074123 0.124527 -0.078834 0.129605 0.124527 -0.413767 -0.074123 -0.124527 -0.256099 -0.333333 -0.124527 -0.256099 -0.333333 0.124527 -0.413767 -0.074123 0.124527 -0.413767 -0.074123 -0.124527 -0.078834 0.129605 -0.124527 -0.078834 0.129605 0.124527 -0.413767 -0.074123 0.124527 " />
											<Normal vector="-0.193213 -0.793298 -0.577349 0.793298 -0.193213 -0.577349 0.793298 -0.193213 0.577349 -0.193213 -0.793298 0.577349 0.793298 -0.193213 -0.577349 0.193213 0.793298 -0.577349 0.193213 0.793298 0.577349 0.793298 -0.193213 0.577349 0.193213 0.793298 -0.577349 -0.793298 0.193213 -0.577349 -0.793298 0.193213 0.577349 0.193213 0.793298 0.577349 -0.793298 0.193213 -0.577349 -0.193213 -0.793298 -0.577349 -0.193213 -0.793298 0.577349 -0.793298 0.193213 0.577349 -0.793298 0.193213 -0.577349 0.193213 0.793298 -0.577349 0.193213 0.793298 0.577349 -0.793298 0.193213 0.577349 " />
											<TextureCoordinate point="0.0189 0.5220 0.0189 0.9800 0.9713 0.9800 0.9713 0.5220 0.0189 0.5220 0.0189 0.9800 0.9713 0.9800 0.9713 0.5220 0.0189 0.5220 0.0189 0.9800 0.9713 0.9800 0.9713 0.5220 0.0189 0.5220 0.0189 0.9800 0.9713 0.9800 0.9713 0.5220 0.9713 0.9800 0.9713 0.5220 0.0189 0.5220 0.0189 0.9800 " />
										</IndexedTriangleSet>
									</Shape>
								</Group>
							</Transform>
						</Transform>
						<Transform DEF="Cube_007_TRANSFORM"
						           translation="-0.089992 -0.054739 -0.185464"
						           scale="1.000000 1.000000 1.000000"
						           rotation="0.000000 1.000000 0.000000 0.000000"
						           >
							<Transform DEF="Cube_007_ifs_TRANSFORM"
							           translation="0.000000 0.000000 0.000000"
							           scale="1.000000 1.000000 1.000000"
							           rotation="0.000000 1.000000 0.000000 0.000000"
							           >
								<Group DEF="group_ME_Cube_025">
									<Shape>
										<Appearance>
											<Material USE="MA_Body" />
										</Appearance>
										<IndexedTriangleSet solid="false"
										                    normalPerVertex="true"
										                    index="0 1 2 0 2 3 4 5 6 4 6 7 8 9 10 8 10 11 12 13 14 12 14 15 4 13 16 4 16 17 18 19 14 18 14 7 "
										                    >
											<Coordinate point="-0.153154 -0.235836 -0.062201 0.063348 -0.104145 -0.062201 0.063348 -0.104145 0.062201 -0.153154 -0.235836 0.062201 0.063348 -0.104145 -0.062201 -0.063348 0.104145 -0.062201 -0.063348 0.104145 0.062201 0.063348 -0.104145 0.062201 -0.063348 0.104145 -0.062201 -0.279850 -0.027545 -0.062201 -0.279850 -0.027545 0.062201 -0.063348 0.104145 0.062201 -0.279850 -0.027545 -0.062201 -0.153154 -0.235836 -0.062201 -0.153154 -0.235836 0.062201 -0.279850 -0.027545 0.062201 -0.279850 -0.027545 -0.062201 -0.063348 0.104145 -0.062201 -0.063348 0.104145 0.062201 -0.279850 -0.027545 0.062201 " />
											<Normal vector="-0.193213 -0.793298 -0.577349 0.793298 -0.193213 -0.577349 0.793298 -0.193213 0.577349 -0.193213 -0.793298 0.577349 0.793298 -0.193213 -0.577349 0.193213 0.793298 -0.577349 0.193213 0.793298 0.577349 0.793298 -0.193213 0.577349 0.193213 0.793298 -0.577349 -0.793298 0.193213 -0.577349 -0.793298 0.193213 0.577349 0.193213 0.793298 0.577349 -0.793298 0.193213 -0.577349 -0.193213 -0.793298 -0.577349 -0.193213 -0.793298 0.577349 -0.793298 0.193213 0.577349 -0.793298 0.193213 -0.577349 0.193213 0.793298 -0.577349 0.193213 0.793298 0.577349 -0.793298 0.193213 0.577349 " />
											<TextureCoordinate point="0.5297 0.2945 0.5297 0.4711 0.9723 0.4711 0.9723 0.2945 0.5297 0.2945 0.5297 0.4711 0.9723 0.4711 0.9723 0.2945 0.5297 0.2945 0.5297 0.4711 0.9723 0.4711 0.9723 0.2945 0.5297 0.2945 0.5297 0.4711 0.9723 0.4711 0.9723 0.2945 0.9723 0.4711 0.9723 0.2945 0.5297 0.2945 0.5297 0.4711 " />
										</IndexedTriangleSet>
									</Shape>
								</Group>
							</Transform>
						</Transform>
						<Transform DEF="Cube_041_TRANSFORM"
						           translation="-0.089992 -0.054739 -0.185464"
						           scale="1.000000 1.000000 1.000000"
						           rotation="0.000000 1.000000 0.000000 0.000000"
						           >
							<Transform DEF="Cube_041_ifs_TRANSFORM"
							           translation="0.000000 0.000000 0.000000"
							           scale="1.000000 1.000000 1.000000"
							           rotation="0.000000 1.000000 0.000000 0.000000"
							           >
								<Group DEF="group_ME_Cube_016">
									<Shape>
										<Appearance>
											<Material USE="MA_Body" />
										</Appearance>
										<IndexedTriangleSet solid="false"
										                    normalPerVertex="true"
										                    index="0 1 2 0 2 3 4 5 6 4 6 7 8 9 10 8 10 11 12 13 14 12 14 15 4 13 16 4 16 17 18 19 14 18 14 7 "
										                    >
											<Coordinate point="-0.130698 -0.201258 -0.053081 0.054060 -0.088876 -0.053081 0.054060 -0.088876 0.053081 -0.130698 -0.201258 0.053081 0.054060 -0.088876 -0.053081 -0.054060 0.088876 -0.053081 -0.054060 0.088876 0.053081 0.054060 -0.088876 0.053081 -0.054060 0.088876 -0.053081 -0.238818 -0.023506 -0.053081 -0.238818 -0.023506 0.053081 -0.054060 0.088876 0.053081 -0.238818 -0.023506 -0.053081 -0.130698 -0.201258 -0.053081 -0.130698 -0.201258 0.053081 -0.238818 -0.023506 0.053081 -0.238818 -0.023506 -0.053081 -0.054060 0.088876 -0.053081 -0.054060 0.088876 0.053081 -0.238818 -0.023506 0.053081 " />
											<Normal vector="-0.193213 -0.793298 -0.577349 0.793298 -0.193213 -0.577349 0.793298 -0.193213 0.577349 -0.193213 -0.793298 0.577349 0.793298 -0.193213 -0.577349 0.193213 0.793298 -0.577349 0.193213 0.793298 0.577349 0.793298 -0.193213 0.577349 0.193213 0.793298 -0.577349 -0.793298 0.193213 -0.577349 -0.793298 0.193213 0.577349 0.193213 0.793298 0.577349 -0.793298 0.193213 -0.577349 -0.193213 -0.793298 -0.577349 -0.193213 -0.793298 0.577349 -0.793298 0.193213 0.577349 -0.793298 0.193213 -0.577349 0.193213 0.793298 -0.577349 0.193213 0.793298 0.577349 -0.793298 0.193213 0.577349 " />
											<TextureCoordinate point="0.5297 0.0328 0.5297 0.2094 0.9723 0.2094 0.9723 0.0328 0.5297 0.0328 0.5297 0.2094 0.9723 0.2094 0.9723 0.0328 0.5297 0.0328 0.5297 0.2094 0.9723 0.2094 0.9723 0.0328 0.5297 0.0328 0.5297 0.2094 0.9723 0.2094 0.9723 0.0328 0.9723 0.2094 0.9723 0.0328 0.5297 0.0328 0.5297 0.2094 " />
										</IndexedTriangleSet>
									</Shape>
								</Group>
							</Transform>
						</Transform>
					</Transform>
					<Transform DEF="Cube_006_TRANSFORM"
					           translation="-0.095893 -0.040716 -0.232488"
					           scale="1.000000 1.000000 1.000000"
					           rotation="0.000000 1.000000 0.000000 0.000000"
					           >
						<Transform DEF="Cube_006_ifs_TRANSFORM"
						           translation="0.000000 0.000000 0.000000"
						           scale="1.000000 1.000000 1.000000"
						           rotation="0.000000 1.000000 0.000000 0.000000"
						           >
							<Group DEF="group_ME_Cube_014">
								<Shape>
									<Appearance>
										<Material USE="MA_Body" />
									</Appearance>
									<IndexedTriangleSet solid="false"
									                    normalPerVertex="true"
									                    index="0 1 2 0 2 3 4 5 6 4 6 7 8 9 10 8 10 11 12 13 14 12 14 15 4 13 16 4 16 17 18 19 14 18 14 7 "
									                    >
										<Coordinate point="-0.192546 -0.313767 -0.085937 0.085137 -0.125718 -0.085937 0.085137 -0.125718 0.085937 -0.192546 -0.313767 0.085937 0.085137 -0.125718 -0.085937 -0.085137 0.125718 -0.085937 -0.085137 0.125718 0.085937 0.085137 -0.125718 0.085937 -0.085137 0.125718 -0.085937 -0.362820 -0.062332 -0.085937 -0.362820 -0.062332 0.085937 -0.085137 0.125718 0.085937 -0.362820 -0.062332 -0.085937 -0.192546 -0.313767 -0.085937 -0.192546 -0.313767 0.085937 -0.362820 -0.062332 0.085937 -0.362820 -0.062332 -0.085937 -0.085137 0.125718 -0.085937 -0.085137 0.125718 0.085937 -0.362820 -0.062332 0.085937 " />
										<Normal vector="-0.154302 -0.801782 -0.577349 0.801782 -0.154302 -0.577349 0.801782 -0.154302 0.577349 -0.154302 -0.801782 0.577349 0.801782 -0.154302 -0.577349 0.154302 0.801782 -0.577349 0.154302 0.801782 0.577349 0.801782 -0.154302 0.577349 0.154302 0.801782 -0.577349 -0.801782 0.154302 -0.577349 -0.801782 0.154302 0.577349 0.154302 0.801782 0.577349 -0.801782 0.154302 -0.577349 -0.154302 -0.801782 -0.577349 -0.154302 -0.801782 0.577349 -0.801782 0.154302 0.577349 -0.801782 0.154302 -0.577349 0.154302 0.801782 -0.577349 0.154302 0.801782 0.577349 -0.801782 0.154302 0.577349 " />
										<TextureCoordinate point="0.5297 0.2945 0.5297 0.4711 0.9723 0.4711 0.9723 0.2945 0.5297 0.2945 0.5297 0.4711 0.9723 0.4711 0.9723 0.2945 0.5297 0.2945 0.5297 0.4711 0.9723 0.4711 0.9723 0.2945 0.5297 0.2945 0.5297 0.4711 0.9723 0.4711 0.9723 0.2945 0.9723 0.4711 0.9723 0.2945 0.5297 0.2945 0.5297 0.4711 " />
									</IndexedTriangleSet>
								</Shape>
							</Group>
						</Transform>
					</Transform>
					<Transform DEF="Cube_040_TRANSFORM"
					           translation="-0.095893 -0.040716 -0.232488"
					           scale="1.000000 1.000000 1.000000"
					           rotation="0.000000 1.000000 0.000000 0.000000"
					           >
						<Transform DEF="Cube_040_ifs_TRANSFORM"
						           translation="0.000000 0.000000 0.000000"
						           scale="1.000000 1.000000 1.000000"
						           rotation="0.000000 1.000000 0.000000 0.000000"
						           >
							<Group DEF="group_ME_Cube_013">
								<Shape>
									<Appearance>
										<Material USE="MA_Body" />
									</Appearance>
									<IndexedTriangleSet solid="false"
									                    normalPerVertex="true"
									                    index="0 1 2 0 2 3 4 5 6 4 6 7 8 9 10 8 10 11 12 13 14 12 14 15 4 13 16 4 16 17 18 19 14 18 14 7 "
									                    >
										<Coordinate point="-0.164315 -0.267763 -0.073337 0.072655 -0.107285 -0.073337 0.072655 -0.107285 0.073337 -0.164315 -0.267763 0.073337 0.072655 -0.107285 -0.073337 -0.072655 0.107285 -0.073337 -0.072655 0.107285 0.073337 0.072655 -0.107285 0.073337 -0.072655 0.107285 -0.073337 -0.309624 -0.053193 -0.073337 -0.309624 -0.053193 0.073337 -0.072655 0.107285 0.073337 -0.309624 -0.053193 -0.073337 -0.164315 -0.267763 -0.073337 -0.164315 -0.267763 0.073337 -0.309624 -0.053193 0.073337 -0.309624 -0.053193 -0.073337 -0.072655 0.107285 -0.073337 -0.072655 0.107285 0.073337 -0.309624 -0.053193 0.073337 " />
										<Normal vector="-0.154302 -0.801782 -0.577349 0.801782 -0.154302 -0.577349 0.801782 -0.154302 0.577349 -0.154302 -0.801782 0.577349 0.801782 -0.154302 -0.577349 0.154302 0.801782 -0.577349 0.154302 0.801782 0.577349 0.801782 -0.154302 0.577349 0.154302 0.801782 -0.577349 -0.801782 0.154302 -0.577349 -0.801782 0.154302 0.577349 0.154302 0.801782 0.577349 -0.801782 0.154302 -0.577349 -0.154302 -0.801782 -0.577349 -0.154302 -0.801782 0.577349 -0.801782 0.154302 0.577349 -0.801782 0.154302 -0.577349 0.154302 0.801782 -0.577349 0.154302 0.801782 0.577349 -0.801782 0.154302 0.577349 " />
										<TextureCoordinate point="0.5297 0.0328 0.5297 0.2094 0.9723 0.2094 0.9723 0.0328 0.5297 0.0328 0.5297 0.2094 0.9723 0.2094 0.9723 0.0328 0.5297 0.0328 0.5297 0.2094 0.9723 0.2094 0.9723 0.0328 0.5297 0.0328 0.5297 0.2094 0.9723 0.2094 0.9723 0.0328 0.9723 0.2094 0.9723 0.0328 0.5297 0.0328 0.5297 0.2094 " />
									</IndexedTriangleSet>
								</Shape>
							</Group>
						</Transform>
					</Transform>
				</Transform>
			</Transform>
			<Transform DEF="leg4_TRANSFORM"
			           translation="-0.128407 0.586643 0.387025"
			           scale="1.000000 1.000000 1.000000"
			           rotation="0.000000 1.000000 0.000000 0.000000"
			           >
				<Transform DEF="leg4_ifs_TRANSFORM"
				           translation="0.000000 0.000000 0.000000"
				           scale="1.000000 1.000000 1.000000"
				           rotation="0.000000 1.000000 0.000000 0.000000"
				           >
					<Group DEF="group_ME_leg4">
						<Shape>
							<Appearance>
								<Material USE="MA_Body" />
							</Appearance>
							<IndexedTriangleSet solid="false"
							                    normalPerVertex="true"
							                    index="0 1 2 0 2 3 4 5 6 4 6 7 8 9 10 8 10 11 12 13 14 12 14 15 4 13 16 4 16 17 18 19 14 18 14 7 "
							                    >
								<Coordinate point="0.139956 0.019384 -0.216953 0.104322 0.276671 -0.216953 0.104322 0.276671 0.216953 0.139956 0.019384 0.216953 0.104322 0.276671 -0.216953 -0.175589 0.237903 -0.216953 -0.175589 0.237903 0.216953 0.104322 0.276671 0.216953 -0.175589 0.237903 -0.216953 -0.139956 -0.019384 -0.216953 -0.139956 -0.019384 0.216953 -0.175589 0.237903 0.216953 -0.139956 -0.019384 -0.216953 0.139956 0.019384 -0.216953 0.139956 0.019384 0.216953 -0.139956 -0.019384 0.216953 -0.139956 -0.019384 -0.216953 -0.175589 0.237903 -0.216953 -0.175589 0.237903 0.216953 -0.139956 -0.019384 0.216953 " />
								<Normal vector="0.651082 -0.492660 -0.577349 0.492660 0.651082 -0.577349 0.492660 0.651082 0.577349 0.651082 -0.492660 0.577349 0.492660 0.651082 -0.577349 -0.651082 0.492660 -0.577349 -0.651082 0.492660 0.577349 0.492660 0.651082 0.577349 -0.651082 0.492660 -0.577349 -0.492660 -0.651082 -0.577349 -0.492660 -0.651082 0.577349 -0.651082 0.492660 0.577349 -0.492660 -0.651082 -0.577349 0.651082 -0.492660 -0.577349 0.651082 -0.492660 0.577349 -0.492660 -0.651082 0.577349 -0.492660 -0.651082 -0.577349 -0.651082 0.492660 -0.577349 -0.651082 0.492660 0.577349 -0.492660 -0.651082 0.577349 " />
								<TextureCoordinate point="0.0189 0.5220 0.0189 0.9800 0.9713 0.9800 0.9713 0.5220 0.0189 0.5220 0.0189 0.9800 0.9713 0.9800 0.9713 0.5220 0.0189 0.5220 0.0189 0.9800 0.9713 0.9800 0.9713 0.5220 0.0189 0.5220 0.0189 0.9800 0.9713 0.9800 0.9713 0.5220 0.9713 0.9800 0.9713 0.5220 0.0189 0.5220 0.0189 0.9800 " />
							</IndexedTriangleSet>
						</Shape>
					</Group>
				</Transform>
				<Transform DEF="leg4_1_TRANSFORM"
				           translation="-0.029538 0.213271 -0.008658"
				           scale="1.000000 1.000000 1.000000"
				           rotation="0.000000 1.000000 0.000000 0.000000"
				           >
					<Transform DEF="leg4_1_ifs_TRANSFORM"
					           translation="0.000000 0.000000 0.000000"
					           scale="1.000000 1.000000 1.000000"
					           rotation="0.000000 1.000000 0.000000 0.000000"
					           >
						<Group DEF="group_ME_leg4_1">
							<Shape>
								<Appearance>
									<Material USE="MA_Body" />
								</Appearance>
								<IndexedTriangleSet solid="false"
								                    normalPerVertex="true"
								                    index="0 1 2 0 2 3 4 5 6 4 6 7 8 9 10 8 10 11 12 13 14 12 14 15 4 13 16 4 16 17 18 19 14 18 14 7 "
								                    >
									<Coordinate point="0.195296 0.027048 -0.222242 0.153023 0.332273 -0.222242 0.153023 0.332273 0.222242 0.195296 0.027048 0.222242 0.153023 0.332273 -0.222242 -0.237569 0.278177 -0.222242 -0.237569 0.278177 0.222242 0.153023 0.332273 0.222242 -0.237569 0.278177 -0.222242 -0.195296 -0.027048 -0.222242 -0.195296 -0.027048 0.222242 -0.237569 0.278177 0.222242 -0.195296 -0.027048 -0.222242 0.195296 0.027048 -0.222242 0.195296 0.027048 0.222242 -0.195296 -0.027048 0.222242 -0.195296 -0.027048 -0.222242 -0.237569 0.278177 -0.222242 -0.237569 0.278177 0.222242 -0.195296 -0.027048 0.222242 " />
									<Normal vector="0.651082 -0.492660 -0.577349 0.492660 0.651082 -0.577349 0.492660 0.651082 0.577349 0.651082 -0.492660 0.577349 0.492660 0.651082 -0.577349 -0.651082 0.492660 -0.577349 -0.651082 0.492660 0.577349 0.492660 0.651082 0.577349 -0.651082 0.492660 -0.577349 -0.492660 -0.651082 -0.577349 -0.492660 -0.651082 0.577349 -0.651082 0.492660 0.577349 -0.492660 -0.651082 -0.577349 0.651082 -0.492660 -0.577349 0.651082 -0.492660 0.577349 -0.492660 -0.651082 0.577349 -0.492660 -0.651082 -0.577349 -0.651082 0.492660 -0.577349 -0.651082 0.492660 0.577349 -0.492660 -0.651082 0.577349 " />
									<TextureCoordinate point="0.0189 0.5220 0.0189 0.9800 0.9713 0.9800 0.9713 0.5220 0.0189 0.5220 0.0189 0.9800 0.9713 0.9800 0.9713 0.5220 0.0189 0.5220 0.0189 0.9800 0.9713 0.9800 0.9713 0.5220 0.0189 0.5220 0.0189 0.9800 0.9713 0.9800 0.9713 0.5220 0.9713 0.9800 0.9713 0.5220 0.0189 0.5220 0.0189 0.9800 " />
								</IndexedTriangleSet>
							</Shape>
						</Group>
					</Transform>
					<Transform DEF="leg4_2_TRANSFORM"
					           translation="-0.036638 0.264539 0.000000"
					           scale="1.000000 1.000000 1.000000"
					           rotation="0.000000 1.000000 0.000000 0.000000"
					           >
						<Transform DEF="leg4_2_ifs_TRANSFORM"
						           translation="0.000000 0.000000 0.000000"
						           scale="1.000000 1.000000 1.000000"
						           rotation="0.000000 1.000000 0.000000 0.000000"
						           >
							<Group DEF="group_ME_leg4_2">
								<Shape>
									<Appearance>
										<Material USE="MA_Body" />
									</Appearance>
									<IndexedTriangleSet solid="false"
									                    normalPerVertex="true"
									                    index="0 1 2 0 2 3 4 5 6 4 6 7 8 9 10 8 10 11 12 13 14 12 14 15 4 13 16 4 16 17 18 19 14 18 14 7 "
									                    >
										<Coordinate point="0.257665 0.035686 -0.253099 0.192837 0.503765 -0.253099 0.192837 0.503765 0.253099 0.257665 0.035686 0.253099 0.192837 0.503765 -0.253099 -0.322493 0.432393 -0.253099 -0.322493 0.432393 0.253099 0.192837 0.503765 0.253099 -0.322493 0.432393 -0.253099 -0.257665 -0.035686 -0.253099 -0.257665 -0.035686 0.253099 -0.322493 0.432393 0.253099 -0.257665 -0.035686 -0.253099 0.257665 0.035686 -0.253099 0.257665 0.035686 0.253099 -0.257665 -0.035686 0.253099 -0.257665 -0.035686 -0.253099 -0.322493 0.432393 -0.253099 -0.322493 0.432393 0.253099 -0.257665 -0.035686 0.253099 " />
										<Normal vector="0.651082 -0.492660 -0.577349 0.492660 0.651082 -0.577349 0.492660 0.651082 0.577349 0.651082 -0.492660 0.577349 0.492660 0.651082 -0.577349 -0.651082 0.492660 -0.577349 -0.651082 0.492660 0.577349 0.492660 0.651082 0.577349 -0.651082 0.492660 -0.577349 -0.492660 -0.651082 -0.577349 -0.492660 -0.651082 0.577349 -0.651082 0.492660 0.577349 -0.492660 -0.651082 -0.577349 0.651082 -0.492660 -0.577349 0.651082 -0.492660 0.577349 -0.492660 -0.651082 0.577349 -0.492660 -0.651082 -0.577349 -0.651082 0.492660 -0.577349 -0.651082 0.492660 0.577349 -0.492660 -0.651082 0.577349 " />
										<TextureCoordinate point="0.0189 0.5220 0.0189 0.9800 0.9713 0.9800 0.9713 0.5220 0.0189 0.5220 0.0189 0.9800 0.9713 0.9800 0.9713 0.5220 0.0189 0.5220 0.0189 0.9800 0.9713 0.9800 0.9713 0.5220 0.0189 0.5220 0.0189 0.9800 0.9713 0.9800 0.9713 0.5220 0.9713 0.9800 0.9713 0.5220 0.0189 0.5220 0.0189 0.9800 " />
									</IndexedTriangleSet>
								</Shape>
							</Group>
						</Transform>
						<Transform DEF="leg4_3_TRANSFORM"
						           translation="-0.058980 0.425852 -0.062056"
						           scale="1.000000 1.000000 1.000000"
						           rotation="0.000000 1.000000 0.000000 0.000000"
						           >
							<Transform DEF="leg4_3_ifs_TRANSFORM"
							           translation="0.000000 0.000000 0.000000"
							           scale="1.000000 1.000000 1.000000"
							           rotation="0.000000 1.000000 0.000000 0.000000"
							           >
								<Group DEF="group_ME_leg4_3">
									<Shape>
										<Appearance>
											<Material USE="MA_Body" />
										</Appearance>
										<IndexedTriangleSet solid="false"
										                    normalPerVertex="true"
										                    index="0 1 2 0 2 3 4 5 6 4 6 7 8 9 10 8 10 11 12 13 14 12 14 15 4 13 16 4 16 17 18 19 14 18 14 7 "
										                    >
											<Coordinate point="0.176226 0.038564 -0.178760 0.102553 0.375232 -0.178760 0.102553 0.375232 0.178760 0.176226 0.038564 0.178760 0.102553 0.375232 -0.178760 -0.249900 0.298105 -0.178760 -0.249900 0.298105 0.178760 0.102553 0.375232 0.178760 -0.249900 0.298105 -0.178760 -0.176226 -0.038564 -0.178760 -0.176226 -0.038564 0.178760 -0.249900 0.298105 0.178760 -0.176226 -0.038564 -0.178760 0.176226 0.038564 -0.178760 0.176226 0.038564 0.178760 -0.176226 -0.038564 0.178760 -0.176226 -0.038564 -0.178760 -0.249900 0.298105 -0.178760 -0.249900 0.298105 0.178760 -0.176226 -0.038564 0.178760 " />
											<Normal vector="0.687399 -0.440565 -0.577349 0.440565 0.687399 -0.577349 0.440565 0.687399 0.577349 0.687399 -0.440565 0.577349 0.440565 0.687399 -0.577349 -0.687399 0.440565 -0.577349 -0.687399 0.440565 0.577349 0.440565 0.687399 0.577349 -0.687399 0.440565 -0.577349 -0.440565 -0.687399 -0.577349 -0.440565 -0.687399 0.577349 -0.687399 0.440565 0.577349 -0.440565 -0.687399 -0.577349 0.687399 -0.440565 -0.577349 0.687399 -0.440565 0.577349 -0.440565 -0.687399 0.577349 -0.440565 -0.687399 -0.577349 -0.687399 0.440565 -0.577349 -0.687399 0.440565 0.577349 -0.440565 -0.687399 0.577349 " />
											<TextureCoordinate point="0.0189 0.5220 0.0189 0.9800 0.9713 0.9800 0.9713 0.5220 0.0189 0.5220 0.0189 0.9800 0.9713 0.9800 0.9713 0.5220 0.0189 0.5220 0.0189 0.9800 0.9713 0.9800 0.9713 0.5220 0.0189 0.5220 0.0189 0.9800 0.9713 0.9800 0.9713 0.5220 0.9713 0.9800 0.9713 0.5220 0.0189 0.5220 0.0189 0.9800 " />
										</IndexedTriangleSet>
									</Shape>
								</Group>
							</Transform>
							<Transform DEF="Cube_011_TRANSFORM"
							           translation="-0.054091 0.289156 -0.042768"
							           scale="1.000000 1.000000 1.000000"
							           rotation="0.000000 1.000000 0.000000 0.000000"
							           >
								<Transform DEF="Cube_011_ifs_TRANSFORM"
								           translation="0.000000 0.000000 0.000000"
								           scale="1.000000 1.000000 1.000000"
								           rotation="0.000000 1.000000 0.000000 0.000000"
								           >
									<Group DEF="group_ME_Cube_026">
										<Shape>
											<Appearance>
												<Material USE="MA_Body" />
											</Appearance>
											<IndexedTriangleSet solid="false"
											                    normalPerVertex="true"
											                    index="0 1 2 0 2 3 4 5 6 4 6 7 8 9 10 8 10 11 12 13 14 12 14 15 4 13 16 4 16 17 18 19 14 18 14 7 "
											                    >
												<Coordinate point="0.097052 0.040172 -0.075170 0.039571 0.260305 -0.031741 0.046822 0.232538 0.118599 0.104303 0.012406 0.075170 0.039571 0.260305 -0.031741 -0.161784 0.207727 -0.031741 -0.154534 0.179960 0.118599 0.046822 0.232538 0.118599 -0.161784 0.207727 -0.031741 -0.104303 -0.012406 -0.075170 -0.097052 -0.040172 0.075170 -0.154534 0.179960 0.118599 -0.104303 -0.012406 -0.075170 0.097052 0.040172 -0.075170 0.104303 0.012406 0.075170 -0.097052 -0.040172 0.075170 -0.104303 -0.012406 -0.075170 -0.161784 0.207727 -0.031741 -0.154534 0.179960 0.118599 -0.097052 -0.040172 0.075170 " />
												<Normal vector="0.674520 -0.298074 -0.675344 0.387982 0.799310 -0.458846 0.442671 0.589831 0.675344 0.729240 -0.507584 0.458846 0.387982 0.799310 -0.458846 -0.729240 0.507584 -0.458846 -0.674520 0.298074 0.675344 0.442671 0.589831 0.675344 -0.729240 0.507584 -0.458846 -0.442671 -0.589831 -0.675344 -0.387982 -0.799310 0.458846 -0.674520 0.298074 0.675344 -0.442671 -0.589831 -0.675344 0.674520 -0.298074 -0.675344 0.729240 -0.507584 0.458846 -0.387982 -0.799310 0.458846 -0.442671 -0.589831 -0.675344 -0.729240 0.507584 -0.458846 -0.674520 0.298074 0.675344 -0.387982 -0.799310 0.458846 " />
												<TextureCoordinate point="0.0189 0.5220 0.0189 0.9800 0.9713 0.9800 0.9713 0.5220 0.0189 0.5220 0.0189 0.9800 0.9713 0.9800 0.9713 0.5220 0.0189 0.5220 0.0189 0.9800 0.9713 0.9800 0.9713 0.5220 0.0189 0.5220 0.0189 0.9800 0.9713 0.9800 0.9713 0.5220 0.9713 0.9800 0.9713 0.5220 0.0189 0.5220 0.0189 0.9800 " />
											</IndexedTriangleSet>
										</Shape>
									</Group>
								</Transform>
							</Transform>
							<Transform DEF="Cube_013_TRANSFORM"
							           translation="-0.017380 0.079422 -0.195501"
							           scale="1.000000 1.000000 1.000000"
							           rotation="0.000000 1.000000 0.000000 0.000000"
							           >
								<Transform DEF="Cube_013_ifs_TRANSFORM"
								           translation="0.000000 0.000000 0.000000"
								           scale="1.000000 1.000000 1.000000"
								           rotation="0.000000 1.000000 0.000000 0.000000"
								           >
									<Group DEF="group_ME_Cube_031">
										<Shape>
											<Appearance>
												<Material USE="MA_Body" />
											</Appearance>
											<IndexedTriangleSet solid="false"
											                    normalPerVertex="true"
											                    index="0 1 2 0 2 3 4 5 6 4 6 7 8 9 10 8 10 11 12 13 14 12 14 15 4 13 16 4 16 17 18 19 14 18 14 7 "
											                    >
												<Coordinate point="0.115845 0.020259 -0.050659 0.081370 0.217392 -0.050659 0.081370 0.217392 0.050659 0.115845 0.020259 0.050659 0.081370 0.217392 -0.050659 -0.150320 0.176874 -0.050659 -0.150320 0.176874 0.050659 0.081370 0.217392 0.050659 -0.150320 0.176874 -0.050659 -0.115845 -0.020259 -0.050659 -0.115845 -0.020259 0.050659 -0.150320 0.176874 0.050659 -0.115845 -0.020259 -0.050659 0.115845 0.020259 -0.050659 0.115845 0.020259 0.050659 -0.115845 -0.020259 0.050659 -0.115845 -0.020259 -0.050659 -0.150320 0.176874 -0.050659 -0.150320 0.176874 0.050659 -0.115845 -0.020259 0.050659 " />
												<Normal vector="0.668172 -0.469253 -0.577349 0.469253 0.668172 -0.577349 0.469253 0.668172 0.577349 0.668172 -0.469253 0.577349 0.469253 0.668172 -0.577349 -0.668172 0.469253 -0.577349 -0.668172 0.469253 0.577349 0.469253 0.668172 0.577349 -0.668172 0.469253 -0.577349 -0.469253 -0.668172 -0.577349 -0.469253 -0.668172 0.577349 -0.668172 0.469253 0.577349 -0.469253 -0.668172 -0.577349 0.668172 -0.469253 -0.577349 0.668172 -0.469253 0.577349 -0.469253 -0.668172 0.577349 -0.469253 -0.668172 -0.577349 -0.668172 0.469253 -0.577349 -0.668172 0.469253 0.577349 -0.469253 -0.668172 0.577349 " />
												<TextureCoordinate point="0.5297 0.2945 0.5297 0.4711 0.9723 0.4711 0.9723 0.2945 0.5297 0.2945 0.5297 0.4711 0.9723 0.4711 0.9723 0.2945 0.5297 0.2945 0.5297 0.4711 0.9723 0.4711 0.9723 0.2945 0.5297 0.2945 0.5297 0.4711 0.9723 0.4711 0.9723 0.2945 0.9723 0.4711 0.9723 0.2945 0.5297 0.2945 0.5297 0.4711 " />
											</IndexedTriangleSet>
										</Shape>
									</Group>
								</Transform>
							</Transform>
							<Transform DEF="Cube_043_TRANSFORM"
							           translation="-0.017380 0.079422 -0.195501"
							           scale="1.000000 1.000000 1.000000"
							           rotation="0.000000 1.000000 0.000000 0.000000"
							           >
								<Transform DEF="Cube_043_ifs_TRANSFORM"
								           translation="0.000000 0.000000 0.000000"
								           scale="1.000000 1.000000 1.000000"
								           rotation="0.000000 1.000000 0.000000 0.000000"
								           >
									<Group DEF="group_ME_Cube_018">
										<Shape>
											<Appearance>
												<Material USE="MA_Body" />
											</Appearance>
											<IndexedTriangleSet solid="false"
											                    normalPerVertex="true"
											                    index="0 1 2 0 2 3 4 5 6 4 6 7 8 9 10 8 10 11 12 13 14 12 14 15 4 13 16 4 16 17 18 19 14 18 14 7 "
											                    >
												<Coordinate point="0.098860 0.017289 -0.043232 0.069440 0.185518 -0.043232 0.069440 0.185518 0.043232 0.098860 0.017289 0.043232 0.069440 0.185518 -0.043232 -0.128280 0.150940 -0.043232 -0.128280 0.150940 0.043232 0.069440 0.185518 0.043232 -0.128280 0.150940 -0.043232 -0.098860 -0.017289 -0.043232 -0.098860 -0.017289 0.043232 -0.128280 0.150940 0.043232 -0.098860 -0.017289 -0.043232 0.098860 0.017289 -0.043232 0.098860 0.017289 0.043232 -0.098860 -0.017289 0.043232 -0.098860 -0.017289 -0.043232 -0.128280 0.150940 -0.043232 -0.128280 0.150940 0.043232 -0.098860 -0.017289 0.043232 " />
												<Normal vector="0.668172 -0.469253 -0.577349 0.469253 0.668172 -0.577349 0.469253 0.668172 0.577349 0.668172 -0.469253 0.577349 0.469253 0.668172 -0.577349 -0.668172 0.469253 -0.577349 -0.668172 0.469253 0.577349 0.469253 0.668172 0.577349 -0.668172 0.469253 -0.577349 -0.469253 -0.668172 -0.577349 -0.469253 -0.668172 0.577349 -0.668172 0.469253 0.577349 -0.469253 -0.668172 -0.577349 0.668172 -0.469253 -0.577349 0.668172 -0.469253 0.577349 -0.469253 -0.668172 0.577349 -0.469253 -0.668172 -0.577349 -0.668172 0.469253 -0.577349 -0.668172 0.469253 0.577349 -0.469253 -0.668172 0.577349 " />
												<TextureCoordinate point="0.5297 0.0328 0.5297 0.2094 0.9723 0.2094 0.9723 0.0328 0.5297 0.0328 0.5297 0.2094 0.9723 0.2094 0.9723 0.0328 0.5297 0.0328 0.5297 0.2094 0.9723 0.2094 0.9723 0.0328 0.5297 0.0328 0.5297 0.2094 0.9723 0.2094 0.9723 0.0328 0.9723 0.2094 0.9723 0.0328 0.5297 0.0328 0.5297 0.2094 " />
											</IndexedTriangleSet>
										</Shape>
									</Group>
								</Transform>
							</Transform>
						</Transform>
						<Transform DEF="Cube_012_TRANSFORM"
						           translation="-0.017747 0.128136 -0.263873"
						           scale="1.000000 1.000000 1.000000"
						           rotation="0.000000 1.000000 0.000000 0.000000"
						           >
							<Transform DEF="Cube_012_ifs_TRANSFORM"
							           translation="0.000000 0.000000 0.000000"
							           scale="1.000000 1.000000 1.000000"
							           rotation="0.000000 1.000000 0.000000 0.000000"
							           >
								<Group DEF="group_ME_Cube_027">
									<Shape>
										<Appearance>
											<Material USE="MA_Body" />
										</Appearance>
										<IndexedTriangleSet solid="false"
										                    normalPerVertex="true"
										                    index="0 1 2 0 2 3 4 5 6 4 6 7 8 9 10 8 10 11 12 13 14 12 14 15 4 13 16 4 16 17 18 19 14 18 14 7 "
										                    >
											<Coordinate point="0.117019 0.024896 -0.053866 0.071365 0.239480 -0.053866 0.071365 0.239480 0.053866 0.117019 0.024896 0.053866 0.071365 0.239480 -0.053866 -0.162672 0.189688 -0.053866 -0.162672 0.189688 0.053866 0.071365 0.239480 0.053866 -0.162672 0.189688 -0.053866 -0.117019 -0.024896 -0.053866 -0.117019 -0.024896 0.053866 -0.162672 0.189688 0.053866 -0.117019 -0.024896 -0.053866 0.117019 0.024896 -0.053866 0.117019 0.024896 0.053866 -0.117019 -0.024896 0.053866 -0.117019 -0.024896 -0.053866 -0.162672 0.189688 -0.053866 -0.162672 0.189688 0.053866 -0.117019 -0.024896 0.053866 " />
											<Normal vector="0.684835 -0.444563 -0.577349 0.444563 0.684835 -0.577349 0.444563 0.684835 0.577349 0.684835 -0.444563 0.577349 0.444563 0.684835 -0.577349 -0.684835 0.444563 -0.577349 -0.684835 0.444563 0.577349 0.444563 0.684835 0.577349 -0.684835 0.444563 -0.577349 -0.444563 -0.684835 -0.577349 -0.444563 -0.684835 0.577349 -0.684835 0.444563 0.577349 -0.444563 -0.684835 -0.577349 0.684835 -0.444563 -0.577349 0.684835 -0.444563 0.577349 -0.444563 -0.684835 0.577349 -0.444563 -0.684835 -0.577349 -0.684835 0.444563 -0.577349 -0.684835 0.444563 0.577349 -0.444563 -0.684835 0.577349 " />
											<TextureCoordinate point="0.5297 0.2945 0.5297 0.4711 0.9723 0.4711 0.9723 0.2945 0.5297 0.2945 0.5297 0.4711 0.9723 0.4711 0.9723 0.2945 0.5297 0.2945 0.5297 0.4711 0.9723 0.4711 0.9723 0.2945 0.5297 0.2945 0.5297 0.4711 0.9723 0.4711 0.9723 0.2945 0.9723 0.4711 0.9723 0.2945 0.5297 0.2945 0.5297 0.4711 " />
										</IndexedTriangleSet>
									</Shape>
								</Group>
							</Transform>
						</Transform>
						<Transform DEF="Cube_042_TRANSFORM"
						           translation="-0.017747 0.128136 -0.263873"
						           scale="1.000000 1.000000 1.000000"
						           rotation="0.000000 1.000000 0.000000 0.000000"
						           >
							<Transform DEF="Cube_042_ifs_TRANSFORM"
							           translation="0.000000 0.000000 0.000000"
							           scale="1.000000 1.000000 1.000000"
							           rotation="0.000000 1.000000 0.000000 0.000000"
							           >
								<Group DEF="group_ME_Cube_017">
									<Shape>
										<Appearance>
											<Material USE="MA_Body" />
										</Appearance>
										<IndexedTriangleSet solid="false"
										                    normalPerVertex="true"
										                    index="0 1 2 0 2 3 4 5 6 4 6 7 8 9 10 8 10 11 12 13 14 12 14 15 4 13 16 4 16 17 18 19 14 18 14 7 "
										                    >
											<Coordinate point="0.099862 0.021246 -0.045969 0.060902 0.204368 -0.045969 0.060902 0.204368 0.045969 0.099862 0.021246 0.045969 0.060902 0.204368 -0.045969 -0.138822 0.161876 -0.045969 -0.138822 0.161876 0.045969 0.060902 0.204368 0.045969 -0.138822 0.161876 -0.045969 -0.099862 -0.021246 -0.045969 -0.099862 -0.021246 0.045969 -0.138822 0.161876 0.045969 -0.099862 -0.021246 -0.045969 0.099862 0.021246 -0.045969 0.099862 0.021246 0.045969 -0.099862 -0.021246 0.045969 -0.099862 -0.021246 -0.045969 -0.138822 0.161876 -0.045969 -0.138822 0.161876 0.045969 -0.099862 -0.021246 0.045969 " />
											<Normal vector="0.684835 -0.444563 -0.577349 0.444563 0.684835 -0.577349 0.444563 0.684835 0.577349 0.684835 -0.444563 0.577349 0.444563 0.684835 -0.577349 -0.684835 0.444563 -0.577349 -0.684835 0.444563 0.577349 0.444563 0.684835 0.577349 -0.684835 0.444563 -0.577349 -0.444563 -0.684835 -0.577349 -0.444563 -0.684835 0.577349 -0.684835 0.444563 0.577349 -0.444563 -0.684835 -0.577349 0.684835 -0.444563 -0.577349 0.684835 -0.444563 0.577349 -0.444563 -0.684835 0.577349 -0.444563 -0.684835 -0.577349 -0.684835 0.444563 -0.577349 -0.684835 0.444563 0.577349 -0.444563 -0.684835 0.577349 " />
											<TextureCoordinate point="0.5297 0.0328 0.5297 0.2094 0.9723 0.2094 0.9723 0.0328 0.5297 0.0328 0.5297 0.2094 0.9723 0.2094 0.9723 0.0328 0.5297 0.0328 0.5297 0.2094 0.9723 0.2094 0.9723 0.0328 0.5297 0.0328 0.5297 0.2094 0.9723 0.2094 0.9723 0.0328 0.9723 0.2094 0.9723 0.0328 0.5297 0.0328 0.5297 0.2094 " />
										</IndexedTriangleSet>
									</Shape>
								</Group>
							</Transform>
						</Transform>
					</Transform>
				</Transform>
			</Transform>
			<Transform DEF="leg5_TRANSFORM"
			           translation="-0.337930 0.514606 0.393997"
			           scale="1.000000 1.000000 1.000000"
			           rotation="0.000000 1.000000 0.000000 0.000000"
			           >
				<Transform DEF="leg5_ifs_TRANSFORM"
				           translation="0.000000 0.000000 0.000000"
				           scale="1.000000 1.000000 1.000000"
				           rotation="0.000000 1.000000 0.000000 0.000000"
				           >
					<Group DEF="group_ME_leg5">
						<Shape>
							<Appearance>
								<Material USE="MA_Body" />
							</Appearance>
							<IndexedTriangleSet solid="false"
							                    normalPerVertex="true"
							                    index="0 1 2 0 2 3 4 5 6 4 6 7 8 9 10 8 10 11 12 13 14 12 14 15 4 13 16 4 16 17 18 19 14 18 14 7 "
							                    >
								<Coordinate point="0.117325 0.078729 -0.216953 -0.027406 0.294412 -0.216953 -0.027406 0.294412 0.216953 0.117325 0.078729 0.216953 -0.027406 0.294412 -0.216953 -0.262055 0.136955 -0.216953 -0.262055 0.136955 0.216953 -0.027406 0.294412 0.216953 -0.262055 0.136955 -0.216953 -0.117325 -0.078729 -0.216953 -0.117325 -0.078729 0.216953 -0.262055 0.136955 0.216953 -0.117325 -0.078729 -0.216953 0.117325 0.078729 -0.216953 0.117325 0.078729 0.216953 -0.117325 -0.078729 0.216953 -0.117325 -0.078729 -0.216953 -0.262055 0.136955 -0.216953 -0.262055 0.136955 0.216953 -0.117325 -0.078729 0.216953 " />
								<Normal vector="0.801111 -0.157689 -0.577349 0.157689 0.801111 -0.577349 0.157689 0.801111 0.577349 0.801111 -0.157689 0.577349 0.157689 0.801111 -0.577349 -0.801111 0.157689 -0.577349 -0.801111 0.157689 0.577349 0.157689 0.801111 0.577349 -0.801111 0.157689 -0.577349 -0.157689 -0.801111 -0.577349 -0.157689 -0.801111 0.577349 -0.801111 0.157689 0.577349 -0.157689 -0.801111 -0.577349 0.801111 -0.157689 -0.577349 0.801111 -0.157689 0.577349 -0.157689 -0.801111 0.577349 -0.157689 -0.801111 -0.577349 -0.801111 0.157689 -0.577349 -0.801111 0.157689 0.577349 -0.157689 -0.801111 0.577349 " />
								<TextureCoordinate point="0.0189 0.5220 0.0189 0.9800 0.9713 0.9800 0.9713 0.5220 0.0189 0.5220 0.0189 0.9800 0.9713 0.9800 0.9713 0.5220 0.0189 0.5220 0.0189 0.9800 0.9713 0.9800 0.9713 0.5220 0.0189 0.5220 0.0189 0.9800 0.9713 0.9800 0.9713 0.5220 0.9713 0.9800 0.9713 0.5220 0.0189 0.5220 0.0189 0.9800 " />
							</IndexedTriangleSet>
						</Shape>
					</Group>
				</Transform>
				<Transform DEF="leg5_1_TRANSFORM"
				           translation="-0.119970 0.178785 -0.008658"
				           scale="1.000000 1.000000 1.000000"
				           rotation="0.000000 1.000000 0.000000 0.000000"
				           >
					<Transform DEF="leg5_1_ifs_TRANSFORM"
					           translation="0.000000 0.000000 0.000000"
					           scale="1.000000 1.000000 1.000000"
					           rotation="0.000000 1.000000 0.000000 0.000000"
					           >
						<Group DEF="group_ME_leg5_1">
							<Shape>
								<Appearance>
									<Material USE="MA_Body" />
								</Appearance>
								<IndexedTriangleSet solid="false"
								                    normalPerVertex="true"
								                    index="0 1 2 0 2 3 4 5 6 4 6 7 8 9 10 8 10 11 12 13 14 12 14 15 4 13 16 4 16 17 18 19 14 18 14 7 "
								                    >
									<Coordinate point="0.163716 0.109859 -0.222242 -0.007981 0.365729 -0.222242 -0.007981 0.365729 0.222242 0.163716 0.109859 0.222242 -0.007981 0.365729 -0.222242 -0.335413 0.146011 -0.222242 -0.335413 0.146011 0.222242 -0.007981 0.365729 0.222242 -0.335413 0.146011 -0.222242 -0.163716 -0.109859 -0.222242 -0.163716 -0.109859 0.222242 -0.335413 0.146011 0.222242 -0.163716 -0.109859 -0.222242 0.163716 0.109859 -0.222242 0.163716 0.109859 0.222242 -0.163716 -0.109859 0.222242 -0.163716 -0.109859 -0.222242 -0.335413 0.146011 -0.222242 -0.335413 0.146011 0.222242 -0.163716 -0.109859 0.222242 " />
									<Normal vector="0.801111 -0.157689 -0.577349 0.157689 0.801111 -0.577349 0.157689 0.801111 0.577349 0.801111 -0.157689 0.577349 0.157689 0.801111 -0.577349 -0.801111 0.157689 -0.577349 -0.801111 0.157689 0.577349 0.157689 0.801111 0.577349 -0.801111 0.157689 -0.577349 -0.157689 -0.801111 -0.577349 -0.157689 -0.801111 0.577349 -0.801111 0.157689 0.577349 -0.157689 -0.801111 -0.577349 0.801111 -0.157689 -0.577349 0.801111 -0.157689 0.577349 -0.157689 -0.801111 0.577349 -0.157689 -0.801111 -0.577349 -0.801111 0.157689 -0.577349 -0.801111 0.157689 0.577349 -0.157689 -0.801111 0.577349 " />
									<TextureCoordinate point="0.0189 0.5220 0.0189 0.9800 0.9713 0.9800 0.9713 0.5220 0.0189 0.5220 0.0189 0.9800 0.9713 0.9800 0.9713 0.5220 0.0189 0.5220 0.0189 0.9800 0.9713 0.9800 0.9713 0.5220 0.0189 0.5220 0.0189 0.9800 0.9713 0.9800 0.9713 0.5220 0.9713 0.9800 0.9713 0.5220 0.0189 0.5220 0.0189 0.9800 " />
								</IndexedTriangleSet>
							</Shape>
						</Group>
					</Transform>
					<Transform DEF="leg5_2_TRANSFORM"
					           translation="-0.148810 0.221763 0.000000"
					           scale="1.000000 1.000000 1.000000"
					           rotation="0.000000 1.000000 0.000000 0.000000"
					           >
						<Transform DEF="leg5_2_ifs_TRANSFORM"
						           translation="0.000000 0.000000 0.000000"
						           scale="1.000000 1.000000 1.000000"
						           rotation="0.000000 1.000000 0.000000 0.000000"
						           >
							<Group DEF="group_ME_leg5_2">
								<Shape>
									<Appearance>
										<Material USE="MA_Body" />
									</Appearance>
									<IndexedTriangleSet solid="false"
									                    normalPerVertex="true"
									                    index="0 1 2 0 2 3 4 5 6 4 6 7 8 9 10 8 10 11 12 13 14 12 14 15 4 13 16 4 16 17 18 19 14 18 14 7 "
									                    >
										<Coordinate point="0.216000 0.144943 -0.253099 -0.047306 0.537334 -0.253099 -0.047306 0.537334 0.253100 0.216000 0.144943 0.253099 -0.047306 0.537334 -0.253099 -0.479307 0.247447 -0.253099 -0.479307 0.247447 0.253099 -0.047306 0.537334 0.253100 -0.479307 0.247447 -0.253099 -0.216000 -0.144943 -0.253099 -0.216000 -0.144943 0.253099 -0.479307 0.247447 0.253099 -0.216000 -0.144943 -0.253099 0.216000 0.144943 -0.253099 0.216000 0.144943 0.253099 -0.216000 -0.144943 0.253099 -0.216000 -0.144943 -0.253099 -0.479307 0.247447 -0.253099 -0.479307 0.247447 0.253099 -0.216000 -0.144943 0.253099 " />
										<Normal vector="0.801111 -0.157689 -0.577349 0.157689 0.801111 -0.577349 0.157689 0.801111 0.577349 0.801111 -0.157689 0.577349 0.157689 0.801111 -0.577349 -0.801111 0.157689 -0.577349 -0.801111 0.157689 0.577349 0.157689 0.801111 0.577349 -0.801111 0.157689 -0.577349 -0.157689 -0.801111 -0.577349 -0.157689 -0.801111 0.577349 -0.801111 0.157689 0.577349 -0.157689 -0.801111 -0.577349 0.801111 -0.157689 -0.577349 0.801111 -0.157689 0.577349 -0.157689 -0.801111 0.577349 -0.157689 -0.801111 -0.577349 -0.801111 0.157689 -0.577349 -0.801111 0.157689 0.577349 -0.157689 -0.801111 0.577349 " />
										<TextureCoordinate point="0.0189 0.5220 0.0189 0.9800 0.9713 0.9800 0.9713 0.5220 0.0189 0.5220 0.0189 0.9800 0.9713 0.9800 0.9713 0.5220 0.0189 0.5220 0.0189 0.9800 0.9713 0.9800 0.9713 0.5220 0.0189 0.5220 0.0189 0.9800 0.9713 0.9800 0.9713 0.5220 0.9713 0.9800 0.9713 0.5220 0.0189 0.5220 0.0189 0.9800 " />
									</IndexedTriangleSet>
								</Shape>
							</Group>
						</Transform>
						<Transform DEF="leg5_3_TRANSFORM"
						           translation="-0.239553 0.356991 -0.062056"
						           scale="1.000000 1.000000 1.000000"
						           rotation="0.000000 1.000000 0.000000 0.000000"
						           >
							<Transform DEF="leg5_3_ifs_TRANSFORM"
							           translation="0.000000 0.000000 0.000000"
							           scale="1.000000 1.000000 1.000000"
							           rotation="0.000000 1.000000 0.000000 0.000000"
							           >
								<Group DEF="group_ME_leg5_3">
									<Shape>
										<Appearance>
											<Material USE="MA_Body" />
										</Appearance>
										<IndexedTriangleSet solid="false"
										                    normalPerVertex="true"
										                    index="0 1 2 0 2 3 4 5 6 4 6 7 8 9 10 8 10 11 12 13 14 12 14 15 4 13 16 4 16 17 18 19 14 18 14 7 "
										                    >
											<Coordinate point="0.141529 0.111858 -0.178760 -0.072168 0.382241 -0.178760 -0.072168 0.382241 0.178760 0.141529 0.111858 0.178760 -0.072168 0.382241 -0.178760 -0.355227 0.158524 -0.178760 -0.355227 0.158524 0.178760 -0.072168 0.382241 0.178760 -0.355227 0.158524 -0.178760 -0.141529 -0.111858 -0.178760 -0.141529 -0.111858 0.178760 -0.355227 0.158524 0.178760 -0.141529 -0.111858 -0.178760 0.141529 0.111858 -0.178760 0.141529 0.111858 0.178760 -0.141529 -0.111858 0.178760 -0.141529 -0.111858 -0.178760 -0.355227 0.158524 -0.178760 -0.355227 0.158524 0.178760 -0.141529 -0.111858 0.178760 " />
											<Normal vector="0.810938 -0.094943 -0.577349 0.094943 0.810938 -0.577349 0.094943 0.810938 0.577349 0.810938 -0.094943 0.577349 0.094943 0.810938 -0.577349 -0.810938 0.094943 -0.577349 -0.810938 0.094943 0.577349 0.094943 0.810938 0.577349 -0.810938 0.094943 -0.577349 -0.094943 -0.810938 -0.577349 -0.094943 -0.810938 0.577349 -0.810938 0.094943 0.577349 -0.094943 -0.810938 -0.577349 0.810938 -0.094943 -0.577349 0.810938 -0.094943 0.577349 -0.094943 -0.810938 0.577349 -0.094943 -0.810938 -0.577349 -0.810938 0.094943 -0.577349 -0.810938 0.094943 0.577349 -0.094943 -0.810938 0.577349 " />
											<TextureCoordinate point="0.0189 0.5220 0.0189 0.9800 0.9713 0.9800 0.9713 0.5220 0.0189 0.5220 0.0189 0.9800 0.9713 0.9800 0.9713 0.5220 0.0189 0.5220 0.0189 0.9800 0.9713 0.9800 0.9713 0.5220 0.0189 0.5220 0.0189 0.9800 0.9713 0.9800 0.9713 0.5220 0.9713 0.9800 0.9713 0.5220 0.0189 0.5220 0.0189 0.9800 " />
										</IndexedTriangleSet>
									</Shape>
								</Group>
							</Transform>
							<Transform DEF="Cube_014_TRANSFORM"
							           translation="-0.175282 0.236248 -0.042768"
							           scale="1.000000 1.000000 1.000000"
							           rotation="0.000000 1.000000 0.000000 0.000000"
							           >
								<Transform DEF="Cube_014_ifs_TRANSFORM"
								           translation="0.000000 0.000000 0.000000"
								           scale="1.000000 1.000000 1.000000"
								           rotation="0.000000 1.000000 0.000000 0.000000"
								           >
									<Group DEF="group_ME_Cube_032">
										<Shape>
											<Appearance>
												<Material USE="MA_Body" />
											</Appearance>
											<IndexedTriangleSet solid="false"
											                    normalPerVertex="true"
											                    index="0 1 2 0 2 3 4 5 6 4 6 7 8 9 10 8 10 11 12 13 14 12 14 15 4 13 16 4 16 17 18 19 14 18 14 7 "
											                    >
												<Coordinate point="0.069650 0.078625 -0.075170 -0.078446 0.251338 -0.031741 -0.059766 0.229552 0.118599 0.088331 0.056839 0.075170 -0.078446 0.251338 -0.031741 -0.236427 0.115874 -0.031741 -0.217746 0.094089 0.118599 -0.059766 0.229552 0.118599 -0.236427 0.115874 -0.031741 -0.088331 -0.056839 -0.075170 -0.069650 -0.078625 0.075170 -0.217746 0.094089 0.118599 -0.088331 -0.056839 -0.075170 0.069650 0.078625 -0.075170 0.088331 0.056839 0.075170 -0.069650 -0.078625 0.075170 -0.088331 -0.056839 -0.075170 -0.236427 0.115874 -0.031741 -0.217746 0.094089 0.118599 -0.069650 -0.078625 0.075170 " />
												<Normal vector="0.736961 0.027467 -0.675344 -0.001312 0.888485 -0.458846 0.139592 0.724143 0.675344 0.877895 -0.136845 0.458846 -0.001312 0.888485 -0.458846 -0.877895 0.136845 -0.458846 -0.736961 -0.027467 0.675344 0.139592 0.724143 0.675344 -0.877895 0.136845 -0.458846 -0.139592 -0.724143 -0.675344 0.001312 -0.888485 0.458846 -0.736961 -0.027467 0.675344 -0.139592 -0.724143 -0.675344 0.736961 0.027467 -0.675344 0.877895 -0.136845 0.458846 0.001312 -0.888485 0.458846 -0.139592 -0.724143 -0.675344 -0.877895 0.136845 -0.458846 -0.736961 -0.027467 0.675344 0.001312 -0.888485 0.458846 " />
												<TextureCoordinate point="0.0189 0.5220 0.0189 0.9800 0.9713 0.9800 0.9713 0.5220 0.0189 0.5220 0.0189 0.9800 0.9713 0.9800 0.9713 0.5220 0.0189 0.5220 0.0189 0.9800 0.9713 0.9800 0.9713 0.5220 0.0189 0.5220 0.0189 0.9800 0.9713 0.9800 0.9713 0.5220 0.9713 0.9800 0.9713 0.5220 0.0189 0.5220 0.0189 0.9800 " />
											</IndexedTriangleSet>
										</Shape>
									</Group>
								</Transform>
							</Transform>
							<Transform DEF="Cube_019_TRANSFORM"
							           translation="-0.050413 0.063785 -0.195501"
							           scale="1.000000 1.000000 1.000000"
							           rotation="0.000000 1.000000 0.000000 0.000000"
							           >
								<Transform DEF="Cube_019_ifs_TRANSFORM"
								           translation="0.000000 0.000000 0.000000"
								           scale="1.000000 1.000000 1.000000"
								           rotation="0.000000 1.000000 0.000000 0.000000"
								           >
									<Group DEF="group_ME_Cube_034">
										<Shape>
											<Appearance>
												<Material USE="MA_Body" />
											</Appearance>
											<IndexedTriangleSet solid="false"
											                    normalPerVertex="true"
											                    index="0 1 2 0 2 3 4 5 6 4 6 7 8 9 10 8 10 11 12 13 14 12 14 15 4 13 16 4 16 17 18 19 14 18 14 7 "
											                    >
												<Coordinate point="0.095266 0.068955 -0.050659 -0.022073 0.231069 -0.050659 -0.022073 0.231069 0.050659 0.095266 0.068955 0.050659 -0.022073 0.231069 -0.050659 -0.212606 0.093160 -0.050659 -0.212606 0.093160 0.050659 -0.022073 0.231069 0.050659 -0.212606 0.093160 -0.050659 -0.095266 -0.068955 -0.050659 -0.095266 -0.068955 0.050659 -0.212606 0.093160 0.050659 -0.095266 -0.068955 -0.050659 0.095266 0.068955 -0.050659 0.095266 0.068955 0.050659 -0.095266 -0.068955 0.050659 -0.095266 -0.068955 -0.050659 -0.212606 0.093160 -0.050659 -0.212606 0.093160 0.050659 -0.095266 -0.068955 0.050659 " />
												<Normal vector="0.806207 -0.129154 -0.577349 0.129154 0.806207 -0.577349 0.129154 0.806207 0.577349 0.806207 -0.129154 0.577349 0.129154 0.806207 -0.577349 -0.806207 0.129154 -0.577349 -0.806207 0.129154 0.577349 0.129154 0.806207 0.577349 -0.806207 0.129154 -0.577349 -0.129154 -0.806207 -0.577349 -0.129154 -0.806207 0.577349 -0.806207 0.129154 0.577349 -0.129154 -0.806207 -0.577349 0.806207 -0.129154 -0.577349 0.806207 -0.129154 0.577349 -0.129154 -0.806207 0.577349 -0.129154 -0.806207 -0.577349 -0.806207 0.129154 -0.577349 -0.806207 0.129154 0.577349 -0.129154 -0.806207 0.577349 " />
												<TextureCoordinate point="0.5297 0.2945 0.5297 0.4711 0.9723 0.4711 0.9723 0.2945 0.5297 0.2945 0.5297 0.4711 0.9723 0.4711 0.9723 0.2945 0.5297 0.2945 0.5297 0.4711 0.9723 0.4711 0.9723 0.2945 0.5297 0.2945 0.5297 0.4711 0.9723 0.4711 0.9723 0.2945 0.9723 0.4711 0.9723 0.2945 0.5297 0.2945 0.5297 0.4711 " />
											</IndexedTriangleSet>
										</Shape>
									</Group>
								</Transform>
							</Transform>
							<Transform DEF="Cube_045_TRANSFORM"
							           translation="-0.050413 0.063785 -0.195501"
							           scale="1.000000 1.000000 1.000000"
							           rotation="0.000000 1.000000 0.000000 0.000000"
							           >
								<Transform DEF="Cube_045_ifs_TRANSFORM"
								           translation="0.000000 0.000000 0.000000"
								           scale="1.000000 1.000000 1.000000"
								           rotation="0.000000 1.000000 0.000000 0.000000"
								           >
									<Group DEF="group_ME_Cube_020">
										<Shape>
											<Appearance>
												<Material USE="MA_Body" />
											</Appearance>
											<IndexedTriangleSet solid="false"
											                    normalPerVertex="true"
											                    index="0 1 2 0 2 3 4 5 6 4 6 7 8 9 10 8 10 11 12 13 14 12 14 15 4 13 16 4 16 17 18 19 14 18 14 7 "
											                    >
												<Coordinate point="0.081299 0.058845 -0.043232 -0.018837 0.197190 -0.043232 -0.018837 0.197190 0.043232 0.081299 0.058845 0.043232 -0.018837 0.197190 -0.043232 -0.181434 0.079501 -0.043232 -0.181434 0.079501 0.043232 -0.018837 0.197190 0.043232 -0.181434 0.079501 -0.043232 -0.081299 -0.058845 -0.043232 -0.081299 -0.058845 0.043232 -0.181434 0.079501 0.043232 -0.081299 -0.058845 -0.043232 0.081299 0.058845 -0.043232 0.081299 0.058845 0.043232 -0.081299 -0.058845 0.043232 -0.081299 -0.058845 -0.043232 -0.181434 0.079501 -0.043232 -0.181434 0.079501 0.043232 -0.081299 -0.058845 0.043232 " />
												<Normal vector="0.806207 -0.129154 -0.577349 0.129154 0.806207 -0.577349 0.129154 0.806207 0.577349 0.806207 -0.129154 0.577349 0.129154 0.806207 -0.577349 -0.806207 0.129154 -0.577349 -0.806207 0.129154 0.577349 0.129154 0.806207 0.577349 -0.806207 0.129154 -0.577349 -0.129154 -0.806207 -0.577349 -0.129154 -0.806207 0.577349 -0.806207 0.129154 0.577349 -0.129154 -0.806207 -0.577349 0.806207 -0.129154 -0.577349 0.806207 -0.129154 0.577349 -0.129154 -0.806207 0.577349 -0.129154 -0.806207 -0.577349 -0.806207 0.129154 -0.577349 -0.806207 0.129154 0.577349 -0.129154 -0.806207 0.577349 " />
												<TextureCoordinate point="0.5297 0.0328 0.5297 0.2094 0.9723 0.2094 0.9723 0.0328 0.5297 0.0328 0.5297 0.2094 0.9723 0.2094 0.9723 0.0328 0.5297 0.0328 0.5297 0.2094 0.9723 0.2094 0.9723 0.0328 0.5297 0.0328 0.5297 0.2094 0.9723 0.2094 0.9723 0.0328 0.9723 0.2094 0.9723 0.0328 0.5297 0.0328 0.5297 0.2094 " />
											</IndexedTriangleSet>
										</Shape>
									</Group>
								</Transform>
							</Transform>
						</Transform>
						<Transform DEF="Cube_018_TRANSFORM"
						           translation="-0.072080 0.107416 -0.263873"
						           scale="1.000000 1.000000 1.000000"
						           rotation="0.000000 1.000000 0.000000 0.000000"
						           >
							<Transform DEF="Cube_018_ifs_TRANSFORM"
							           translation="0.000000 0.000000 0.000000"
							           scale="1.000000 1.000000 1.000000"
							           rotation="0.000000 1.000000 0.000000 0.000000"
							           >
								<Group DEF="group_ME_Cube_033">
									<Shape>
										<Appearance>
											<Material USE="MA_Body" />
										</Appearance>
										<IndexedTriangleSet solid="false"
										                    normalPerVertex="true"
										                    index="0 1 2 0 2 3 4 5 6 4 6 7 8 9 10 8 10 11 12 13 14 12 14 15 4 13 16 4 16 17 18 19 14 18 14 7 "
										                    >
											<Coordinate point="0.094291 0.073638 -0.053866 -0.040743 0.246544 -0.053866 -0.040743 0.246544 0.053866 0.094291 0.073638 0.053866 -0.040743 0.246544 -0.053866 -0.229324 0.099268 -0.053866 -0.229324 0.099268 0.053866 -0.040743 0.246544 0.053866 -0.229324 0.099268 -0.053866 -0.094291 -0.073638 -0.053866 -0.094291 -0.073638 0.053866 -0.229324 0.099268 0.053866 -0.094291 -0.073638 -0.053866 0.094291 0.073638 -0.053866 0.094291 0.073638 0.053866 -0.094291 -0.073638 0.053866 -0.094291 -0.073638 -0.053866 -0.229324 0.099268 -0.053866 -0.229324 0.099268 0.053866 -0.094291 -0.073638 0.053866 " />
											<Normal vector="0.810389 -0.099643 -0.577349 0.099643 0.810389 -0.577349 0.099643 0.810389 0.577349 0.810389 -0.099643 0.577349 0.099643 0.810389 -0.577349 -0.810389 0.099643 -0.577349 -0.810389 0.099643 0.577349 0.099643 0.810389 0.577349 -0.810389 0.099643 -0.577349 -0.099643 -0.810389 -0.577349 -0.099643 -0.810389 0.577349 -0.810389 0.099643 0.577349 -0.099643 -0.810389 -0.577349 0.810389 -0.099643 -0.577349 0.810389 -0.099643 0.577349 -0.099643 -0.810389 0.577349 -0.099643 -0.810389 -0.577349 -0.810389 0.099643 -0.577349 -0.810389 0.099643 0.577349 -0.099643 -0.810389 0.577349 " />
											<TextureCoordinate point="0.5297 0.2945 0.5297 0.4711 0.9723 0.4711 0.9723 0.2945 0.5297 0.2945 0.5297 0.4711 0.9723 0.4711 0.9723 0.2945 0.5297 0.2945 0.5297 0.4711 0.9723 0.4711 0.9723 0.2945 0.5297 0.2945 0.5297 0.4711 0.9723 0.4711 0.9723 0.2945 0.9723 0.4711 0.9723 0.2945 0.5297 0.2945 0.5297 0.4711 " />
										</IndexedTriangleSet>
									</Shape>
								</Group>
							</Transform>
						</Transform>
						<Transform DEF="Cube_044_TRANSFORM"
						           translation="-0.072080 0.107416 -0.263873"
						           scale="1.000000 1.000000 1.000000"
						           rotation="0.000000 1.000000 0.000000 0.000000"
						           >
							<Transform DEF="Cube_044_ifs_TRANSFORM"
							           translation="0.000000 0.000000 0.000000"
							           scale="1.000000 1.000000 1.000000"
							           rotation="0.000000 1.000000 0.000000 0.000000"
							           >
								<Group DEF="group_ME_Cube_019">
									<Shape>
										<Appearance>
											<Material USE="MA_Body" />
										</Appearance>
										<IndexedTriangleSet solid="false"
										                    normalPerVertex="true"
										                    index="0 1 2 0 2 3 4 5 6 4 6 7 8 9 10 8 10 11 12 13 14 12 14 15 4 13 16 4 16 17 18 19 14 18 14 7 "
										                    >
											<Coordinate point="0.080466 0.062841 -0.045969 -0.034769 0.210396 -0.045969 -0.034769 0.210396 0.045969 0.080466 0.062841 0.045969 -0.034769 0.210396 -0.045969 -0.195701 0.084714 -0.045969 -0.195701 0.084714 0.045969 -0.034769 0.210396 0.045969 -0.195701 0.084714 -0.045969 -0.080466 -0.062841 -0.045969 -0.080466 -0.062841 0.045969 -0.195701 0.084714 0.045969 -0.080466 -0.062841 -0.045969 0.080466 0.062841 -0.045969 0.080466 0.062841 0.045969 -0.080466 -0.062841 0.045969 -0.080466 -0.062841 -0.045969 -0.195701 0.084714 -0.045969 -0.195701 0.084714 0.045969 -0.080466 -0.062841 0.045969 " />
											<Normal vector="0.810389 -0.099643 -0.577349 0.099643 0.810389 -0.577349 0.099643 0.810389 0.577349 0.810389 -0.099643 0.577349 0.099643 0.810389 -0.577349 -0.810389 0.099643 -0.577349 -0.810389 0.099643 0.577349 0.099643 0.810389 0.577349 -0.810389 0.099643 -0.577349 -0.099643 -0.810389 -0.577349 -0.099643 -0.810389 0.577349 -0.810389 0.099643 0.577349 -0.099643 -0.810389 -0.577349 0.810389 -0.099643 -0.577349 0.810389 -0.099643 0.577349 -0.099643 -0.810389 0.577349 -0.099643 -0.810389 -0.577349 -0.810389 0.099643 -0.577349 -0.810389 0.099643 0.577349 -0.099643 -0.810389 0.577349 " />
											<TextureCoordinate point="0.5297 0.0328 0.5297 0.2094 0.9723 0.2094 0.9723 0.0328 0.5297 0.0328 0.5297 0.2094 0.9723 0.2094 0.9723 0.0328 0.5297 0.0328 0.5297 0.2094 0.9723 0.2094 0.9723 0.0328 0.5297 0.0328 0.5297 0.2094 0.9723 0.2094 0.9723 0.0328 0.9723 0.2094 0.9723 0.0328 0.5297 0.0328 0.5297 0.2094 " />
										</IndexedTriangleSet>
									</Shape>
								</Group>
							</Transform>
						</Transform>
					</Transform>
				</Transform>
			</Transform>
			<Transform DEF="leg6_TRANSFORM"
			           translation="-0.508751 0.331529 0.388967"
			           scale="1.000000 1.000000 1.000000"
			           rotation="0.000000 1.000000 0.000000 0.000000"
			           >
				<Transform DEF="leg6_ifs_TRANSFORM"
				           translation="0.000000 0.000000 0.000000"
				           scale="1.000000 1.000000 1.000000"
				           rotation="0.000000 1.000000 0.000000 0.000000"
				           >
					<Group DEF="group_ME_leg6">
						<Shape>
							<Appearance>
								<Material USE="MA_Body" />
							</Appearance>
							<IndexedTriangleSet solid="false"
							                    normalPerVertex="true"
							                    index="0 1 2 0 2 3 4 5 6 4 6 7 8 9 10 8 10 11 12 13 14 12 14 15 4 13 16 4 16 17 18 19 14 18 14 7 "
							                    >
								<Coordinate point="0.081915 0.115123 -0.216953 -0.129721 0.265710 -0.216953 -0.129721 0.265710 0.216953 0.081915 0.115123 0.216953 -0.129721 0.265710 -0.216953 -0.293551 0.035464 -0.216953 -0.293551 0.035464 0.216953 -0.129721 0.265710 0.216953 -0.293551 0.035464 -0.216953 -0.081915 -0.115123 -0.216953 -0.081915 -0.115123 0.216953 -0.293551 0.035464 0.216953 -0.081915 -0.115123 -0.216953 0.081915 0.115123 -0.216953 0.081915 0.115123 0.216953 -0.081915 -0.115123 0.216953 -0.081915 -0.115123 -0.216953 -0.293551 0.035464 -0.216953 -0.293551 0.035464 0.216953 -0.081915 -0.115123 0.216953 " />
								<Normal vector="0.805139 0.135685 -0.577349 -0.135685 0.805139 -0.577349 -0.135685 0.805139 0.577349 0.805139 0.135685 0.577349 -0.135685 0.805139 -0.577349 -0.805139 -0.135685 -0.577349 -0.805139 -0.135685 0.577349 -0.135685 0.805139 0.577349 -0.805139 -0.135685 -0.577349 0.135685 -0.805139 -0.577349 0.135685 -0.805139 0.577349 -0.805139 -0.135685 0.577349 0.135685 -0.805139 -0.577349 0.805139 0.135685 -0.577349 0.805139 0.135685 0.577349 0.135685 -0.805139 0.577349 0.135685 -0.805139 -0.577349 -0.805139 -0.135685 -0.577349 -0.805139 -0.135685 0.577349 0.135685 -0.805139 0.577349 " />
								<TextureCoordinate point="0.0189 0.5220 0.0189 0.9800 0.9713 0.9800 0.9713 0.5220 0.0189 0.5220 0.0189 0.9800 0.9713 0.9800 0.9713 0.5220 0.0189 0.5220 0.0189 0.9800 0.9713 0.9800 0.9713 0.5220 0.0189 0.5220 0.0189 0.9800 0.9713 0.9800 0.9713 0.5220 0.9713 0.9800 0.9713 0.5220 0.0189 0.5220 0.0189 0.9800 " />
							</IndexedTriangleSet>
						</Shape>
					</Group>
				</Transform>
				<Transform DEF="leg6_1_TRANSFORM"
				           translation="-0.175430 0.124825 -0.008658"
				           scale="1.000000 1.000000 1.000000"
				           rotation="0.000000 1.000000 0.000000 0.000000"
				           >
					<Transform DEF="leg6_1_ifs_TRANSFORM"
					           translation="0.000000 0.000000 0.000000"
					           scale="1.000000 1.000000 1.000000"
					           rotation="0.000000 1.000000 0.000000 0.000000"
					           >
						<Group DEF="group_ME_leg6_1">
							<Shape>
								<Appearance>
									<Material USE="MA_Body" />
								</Appearance>
								<IndexedTriangleSet solid="false"
								                    normalPerVertex="true"
								                    index="0 1 2 0 2 3 4 5 6 4 6 7 8 9 10 8 10 11 12 13 14 12 14 15 4 13 16 4 16 17 18 19 14 18 14 7 "
								                    >
									<Coordinate point="0.114305 0.160644 -0.222242 -0.136764 0.339289 -0.222242 -0.136764 0.339289 0.222242 0.114305 0.160644 0.222242 -0.136764 0.339289 -0.222242 -0.365373 0.018001 -0.222242 -0.365373 0.018001 0.222242 -0.136764 0.339289 0.222242 -0.365373 0.018001 -0.222242 -0.114305 -0.160644 -0.222242 -0.114305 -0.160644 0.222242 -0.365373 0.018001 0.222242 -0.114305 -0.160644 -0.222242 0.114305 0.160644 -0.222242 0.114305 0.160644 0.222242 -0.114305 -0.160644 0.222242 -0.114305 -0.160644 -0.222242 -0.365373 0.018001 -0.222242 -0.365373 0.018001 0.222242 -0.114305 -0.160644 0.222242 " />
									<Normal vector="0.805139 0.135685 -0.577349 -0.135685 0.805139 -0.577349 -0.135685 0.805139 0.577349 0.805139 0.135685 0.577349 -0.135685 0.805139 -0.577349 -0.805139 -0.135685 -0.577349 -0.805139 -0.135685 0.577349 -0.135685 0.805139 0.577349 -0.805139 -0.135685 -0.577349 0.135685 -0.805139 -0.577349 0.135685 -0.805139 0.577349 -0.805139 -0.135685 0.577349 0.135685 -0.805139 -0.577349 0.805139 0.135685 -0.577349 0.805139 0.135685 0.577349 0.135685 -0.805139 0.577349 0.135685 -0.805139 -0.577349 -0.805139 -0.135685 -0.577349 -0.805139 -0.135685 0.577349 0.135685 -0.805139 0.577349 " />
									<TextureCoordinate point="0.0189 0.5220 0.0189 0.9800 0.9713 0.9800 0.9713 0.5220 0.0189 0.5220 0.0189 0.9800 0.9713 0.9800 0.9713 0.5220 0.0189 0.5220 0.0189 0.9800 0.9713 0.9800 0.9713 0.5220 0.0189 0.5220 0.0189 0.9800 0.9713 0.9800 0.9713 0.5220 0.9713 0.9800 0.9713 0.5220 0.0189 0.5220 0.0189 0.9800 " />
								</IndexedTriangleSet>
							</Shape>
						</Group>
					</Transform>
					<Transform DEF="leg6_2_TRANSFORM"
					           translation="-0.217602 0.154832 0.000000"
					           scale="1.000000 1.000000 1.000000"
					           rotation="0.000000 1.000000 0.000000 0.000000"
					           >
						<Transform DEF="leg6_2_ifs_TRANSFORM"
						           translation="0.000000 0.000000 0.000000"
						           scale="1.000000 1.000000 1.000000"
						           rotation="0.000000 1.000000 0.000000 0.000000"
						           >
							<Group DEF="group_ME_leg6_2">
								<Shape>
									<Appearance>
										<Material USE="MA_Body" />
									</Appearance>
									<IndexedTriangleSet solid="false"
									                    normalPerVertex="true"
									                    index="0 1 2 0 2 3 4 5 6 4 6 7 8 9 10 8 10 11 12 13 14 12 14 15 4 13 16 4 16 17 18 19 14 18 14 7 "
									                    >
										<Coordinate point="0.150809 0.211947 -0.253099 -0.234218 0.485909 -0.253099 -0.234218 0.485908 0.253099 0.150809 0.211947 0.253099 -0.234218 0.485909 -0.253099 -0.535835 0.062015 -0.253099 -0.535835 0.062015 0.253099 -0.234218 0.485908 0.253099 -0.535835 0.062015 -0.253099 -0.150809 -0.211947 -0.253099 -0.150809 -0.211947 0.253099 -0.535835 0.062015 0.253099 -0.150809 -0.211947 -0.253099 0.150809 0.211947 -0.253099 0.150809 0.211947 0.253099 -0.150809 -0.211947 0.253099 -0.150809 -0.211947 -0.253099 -0.535835 0.062015 -0.253099 -0.535835 0.062015 0.253099 -0.150809 -0.211947 0.253099 " />
										<Normal vector="0.805139 0.135685 -0.577349 -0.135685 0.805139 -0.577349 -0.135685 0.805139 0.577349 0.805139 0.135685 0.577349 -0.135685 0.805139 -0.577349 -0.805139 -0.135685 -0.577349 -0.805139 -0.135685 0.577349 -0.135685 0.805139 0.577349 -0.805139 -0.135685 -0.577349 0.135685 -0.805139 -0.577349 0.135685 -0.805139 0.577349 -0.805139 -0.135685 0.577349 0.135685 -0.805139 -0.577349 0.805139 0.135685 -0.577349 0.805139 0.135685 0.577349 0.135685 -0.805139 0.577349 0.135685 -0.805139 -0.577349 -0.805139 -0.135685 -0.577349 -0.805139 -0.135685 0.577349 0.135685 -0.805139 0.577349 " />
										<TextureCoordinate point="0.0189 0.5220 0.0189 0.9800 0.9713 0.9800 0.9713 0.5220 0.0189 0.5220 0.0189 0.9800 0.9713 0.9800 0.9713 0.5220 0.0189 0.5220 0.0189 0.9800 0.9713 0.9800 0.9713 0.5220 0.0189 0.5220 0.0189 0.9800 0.9713 0.9800 0.9713 0.5220 0.9713 0.9800 0.9713 0.5220 0.0189 0.5220 0.0189 0.9800 " />
									</IndexedTriangleSet>
								</Shape>
							</Group>
						</Transform>
						<Transform DEF="leg6_3_TRANSFORM"
						           translation="-0.350292 0.249247 -0.062056"
						           scale="1.000000 1.000000 1.000000"
						           rotation="0.000000 1.000000 0.000000 0.000000"
						           >
							<Transform DEF="leg6_3_ifs_TRANSFORM"
							           translation="0.000000 0.000000 0.000000"
							           scale="1.000000 1.000000 1.000000"
							           rotation="0.000000 1.000000 0.000000 0.000000"
							           >
								<Group DEF="group_ME_leg6_3">
									<Shape>
										<Appearance>
											<Material USE="MA_Body" />
										</Appearance>
										<IndexedTriangleSet solid="false"
										                    normalPerVertex="true"
										                    index="0 1 2 0 2 3 4 5 6 4 6 7 8 9 10 8 10 11 12 13 14 12 14 15 4 13 16 4 16 17 18 19 14 18 14 7 "
										                    >
											<Coordinate point="0.092844 0.154670 -0.178760 -0.202644 0.332042 -0.178760 -0.202644 0.332042 0.178760 0.092844 0.154670 0.178760 -0.202644 0.332042 -0.178760 -0.388331 0.022701 -0.178760 -0.388331 0.022701 0.178760 -0.202644 0.332042 0.178760 -0.388331 0.022701 -0.178760 -0.092844 -0.154670 -0.178760 -0.092844 -0.154670 0.178760 -0.388331 0.022701 0.178760 -0.092844 -0.154670 -0.178760 0.092844 0.154670 -0.178760 0.092844 0.154670 0.178760 -0.092844 -0.154670 0.178760 -0.092844 -0.154670 -0.178760 -0.388331 0.022701 -0.178760 -0.388331 0.022701 0.178760 -0.092844 -0.154670 0.178760 " />
											<Normal vector="0.792138 0.197851 -0.577349 -0.197851 0.792138 -0.577349 -0.197851 0.792138 0.577349 0.792138 0.197851 0.577349 -0.197851 0.792138 -0.577349 -0.792138 -0.197851 -0.577349 -0.792138 -0.197851 0.577349 -0.197851 0.792138 0.577349 -0.792138 -0.197851 -0.577349 0.197851 -0.792138 -0.577349 0.197851 -0.792138 0.577349 -0.792138 -0.197851 0.577349 0.197851 -0.792138 -0.577349 0.792138 0.197851 -0.577349 0.792138 0.197851 0.577349 0.197851 -0.792138 0.577349 0.197851 -0.792138 -0.577349 -0.792138 -0.197851 -0.577349 -0.792138 -0.197851 0.577349 0.197851 -0.792138 0.577349 " />
											<TextureCoordinate point="0.0189 0.5220 0.0189 0.9800 0.9713 0.9800 0.9713 0.5220 0.0189 0.5220 0.0189 0.9800 0.9713 0.9800 0.9713 0.5220 0.0189 0.5220 0.0189 0.9800 0.9713 0.9800 0.9713 0.5220 0.0189 0.5220 0.0189 0.9800 0.9713 0.9800 0.9713 0.5220 0.9713 0.9800 0.9713 0.5220 0.0189 0.5220 0.0189 0.9800 " />
										</IndexedTriangleSet>
									</Shape>
								</Group>
							</Transform>
							<Transform DEF="Cube_020_TRANSFORM"
							           translation="-0.247485 0.159022 -0.042768"
							           scale="1.000000 1.000000 1.000000"
							           rotation="0.000000 1.000000 0.000000 0.000000"
							           >
								<Transform DEF="Cube_020_ifs_TRANSFORM"
								           translation="0.000000 0.000000 0.000000"
								           scale="1.000000 1.000000 1.000000"
								           rotation="0.000000 1.000000 0.000000 0.000000"
								           >
									<Group DEF="group_ME_Cube_038">
										<Shape>
											<Appearance>
												<Material USE="MA_Body" />
											</Appearance>
											<IndexedTriangleSet solid="false"
											                    normalPerVertex="true"
											                    index="0 1 2 0 2 3 4 5 6 4 6 7 8 9 10 8 10 11 12 13 14 12 14 15 4 13 16 4 16 17 18 19 14 18 14 7 "
											                    >
												<Coordinate point="0.037356 0.098171 -0.075170 -0.162237 0.207373 -0.031741 -0.137061 0.193599 0.118599 0.062532 0.084396 0.075170 -0.162237 0.207373 -0.031741 -0.262124 0.024806 -0.031741 -0.236948 0.011031 0.118599 -0.137061 0.193599 0.118599 -0.262124 0.024806 -0.031741 -0.062532 -0.084396 -0.075170 -0.037356 -0.098171 0.075170 -0.236948 0.011031 0.118599 -0.062532 -0.084396 -0.075170 0.037356 0.098171 -0.075170 0.062532 0.084396 0.075170 -0.037356 -0.098171 0.075170 -0.062532 -0.084396 -0.075170 -0.262124 0.024806 -0.031741 -0.236948 0.011031 0.118599 -0.037356 -0.098171 0.075170 " />
												<Normal vector="0.679647 0.286233 -0.675344 -0.315348 0.830653 -0.458846 -0.125401 0.726737 0.675344 0.869594 0.182318 0.458846 -0.315348 0.830653 -0.458846 -0.869594 -0.182318 -0.458846 -0.679647 -0.286233 0.675344 -0.125401 0.726737 0.675344 -0.869594 -0.182318 -0.458846 0.125401 -0.726737 -0.675344 0.315348 -0.830653 0.458846 -0.679647 -0.286233 0.675344 0.125401 -0.726737 -0.675344 0.679647 0.286233 -0.675344 0.869594 0.182318 0.458846 0.315348 -0.830653 0.458846 0.125401 -0.726737 -0.675344 -0.869594 -0.182318 -0.458846 -0.679647 -0.286233 0.675344 0.315348 -0.830653 0.458846 " />
												<TextureCoordinate point="0.0189 0.5220 0.0189 0.9800 0.9713 0.9800 0.9713 0.5220 0.0189 0.5220 0.0189 0.9800 0.9713 0.9800 0.9713 0.5220 0.0189 0.5220 0.0189 0.9800 0.9713 0.9800 0.9713 0.5220 0.0189 0.5220 0.0189 0.9800 0.9713 0.9800 0.9713 0.5220 0.9713 0.9800 0.9713 0.5220 0.0189 0.5220 0.0189 0.9800 " />
											</IndexedTriangleSet>
										</Shape>
									</Group>
								</Transform>
							</Transform>
							<Transform DEF="Cube_025_TRANSFORM"
							           translation="-0.069707 0.041843 -0.195501"
							           scale="1.000000 1.000000 1.000000"
							           rotation="0.000000 1.000000 0.000000 0.000000"
							           >
								<Transform DEF="Cube_025_ifs_TRANSFORM"
								           translation="0.000000 0.000000 0.000000"
								           scale="1.000000 1.000000 1.000000"
								           rotation="0.000000 1.000000 0.000000 0.000000"
								           >
									<Group DEF="group_ME_Cube_040">
										<Shape>
											<Appearance>
												<Material USE="MA_Body" />
											</Appearance>
											<IndexedTriangleSet solid="false"
											                    normalPerVertex="true"
											                    index="0 1 2 0 2 3 4 5 6 4 6 7 8 9 10 8 10 11 12 13 14 12 14 15 4 13 16 4 16 17 18 19 14 18 14 7 "
											                    >
												<Coordinate point="0.064736 0.098182 -0.050659 -0.102339 0.208343 -0.050659 -0.102339 0.208343 0.050659 0.064736 0.098182 0.050659 -0.102339 0.208343 -0.050659 -0.231812 0.011980 -0.050659 -0.231812 0.011980 0.050659 -0.102339 0.208343 0.050659 -0.231812 0.011980 -0.050659 -0.064736 -0.098182 -0.050659 -0.064736 -0.098182 0.050659 -0.231812 0.011980 0.050659 -0.064736 -0.098182 -0.050659 0.064736 0.098182 -0.050659 0.064736 0.098182 0.050659 -0.064736 -0.098182 0.050659 -0.064736 -0.098182 -0.050659 -0.231812 0.011980 -0.050659 -0.231812 0.011980 0.050659 -0.064736 -0.098182 0.050659 " />
												<Normal vector="0.799799 0.164190 -0.577349 -0.164190 0.799799 -0.577349 -0.164190 0.799799 0.577349 0.799799 0.164190 0.577349 -0.164190 0.799799 -0.577349 -0.799799 -0.164190 -0.577349 -0.799799 -0.164190 0.577349 -0.164190 0.799799 0.577349 -0.799799 -0.164190 -0.577349 0.164190 -0.799799 -0.577349 0.164190 -0.799799 0.577349 -0.799799 -0.164190 0.577349 0.164190 -0.799799 -0.577349 0.799799 0.164190 -0.577349 0.799799 0.164190 0.577349 0.164190 -0.799799 0.577349 0.164190 -0.799799 -0.577349 -0.799799 -0.164190 -0.577349 -0.799799 -0.164190 0.577349 0.164190 -0.799799 0.577349 " />
												<TextureCoordinate point="0.5297 0.2945 0.5297 0.4711 0.9723 0.4711 0.9723 0.2945 0.5297 0.2945 0.5297 0.4711 0.9723 0.4711 0.9723 0.2945 0.5297 0.2945 0.5297 0.4711 0.9723 0.4711 0.9723 0.2945 0.5297 0.2945 0.5297 0.4711 0.9723 0.4711 0.9723 0.2945 0.9723 0.4711 0.9723 0.2945 0.5297 0.2945 0.5297 0.4711 " />
											</IndexedTriangleSet>
										</Shape>
									</Group>
								</Transform>
							</Transform>
							<Transform DEF="Cube_047_TRANSFORM"
							           translation="-0.069707 0.041843 -0.195501"
							           scale="1.000000 1.000000 1.000000"
							           rotation="0.000000 1.000000 0.000000 0.000000"
							           >
								<Transform DEF="Cube_047_ifs_TRANSFORM"
								           translation="0.000000 0.000000 0.000000"
								           scale="1.000000 1.000000 1.000000"
								           rotation="0.000000 1.000000 0.000000 0.000000"
								           >
									<Group DEF="group_ME_Cube_022">
										<Shape>
											<Appearance>
												<Material USE="MA_Body" />
											</Appearance>
											<IndexedTriangleSet solid="false"
											                    normalPerVertex="true"
											                    index="0 1 2 0 2 3 4 5 6 4 6 7 8 9 10 8 10 11 12 13 14 12 14 15 4 13 16 4 16 17 18 19 14 18 14 7 "
											                    >
												<Coordinate point="0.055245 0.083786 -0.043232 -0.087334 0.177796 -0.043232 -0.087334 0.177796 0.043232 0.055245 0.083786 0.043232 -0.087334 0.177796 -0.043232 -0.197824 0.010223 -0.043232 -0.197824 0.010223 0.043232 -0.087334 0.177796 0.043232 -0.197824 0.010223 -0.043232 -0.055245 -0.083786 -0.043232 -0.055245 -0.083786 0.043232 -0.197824 0.010223 0.043232 -0.055245 -0.083786 -0.043232 0.055245 0.083786 -0.043232 0.055245 0.083786 0.043232 -0.055245 -0.083786 0.043232 -0.055245 -0.083786 -0.043232 -0.197824 0.010223 -0.043232 -0.197824 0.010223 0.043232 -0.055245 -0.083786 0.043232 " />
												<Normal vector="0.799799 0.164190 -0.577349 -0.164190 0.799799 -0.577349 -0.164190 0.799799 0.577349 0.799799 0.164190 0.577349 -0.164190 0.799799 -0.577349 -0.799799 -0.164190 -0.577349 -0.799799 -0.164190 0.577349 -0.164190 0.799799 0.577349 -0.799799 -0.164190 -0.577349 0.164190 -0.799799 -0.577349 0.164190 -0.799799 0.577349 -0.799799 -0.164190 0.577349 0.164190 -0.799799 -0.577349 0.799799 0.164190 -0.577349 0.799799 0.164190 0.577349 0.164190 -0.799799 0.577349 0.164190 -0.799799 -0.577349 -0.799799 -0.164190 -0.577349 -0.799799 -0.164190 0.577349 0.164190 -0.799799 0.577349 " />
												<TextureCoordinate point="0.5297 0.0328 0.5297 0.2094 0.9723 0.2094 0.9723 0.0328 0.5297 0.0328 0.5297 0.2094 0.9723 0.2094 0.9723 0.0328 0.5297 0.0328 0.5297 0.2094 0.9723 0.2094 0.9723 0.0328 0.5297 0.0328 0.5297 0.2094 0.9723 0.2094 0.9723 0.0328 0.9723 0.2094 0.9723 0.0328 0.5297 0.0328 0.5297 0.2094 " />
											</IndexedTriangleSet>
										</Shape>
									</Group>
								</Transform>
							</Transform>
						</Transform>
						<Transform DEF="Cube_021_TRANSFORM"
						           translation="-0.105401 0.074997 -0.263873"
						           scale="1.000000 1.000000 1.000000"
						           rotation="0.000000 1.000000 0.000000 0.000000"
						           >
							<Transform DEF="Cube_021_ifs_TRANSFORM"
							           translation="0.000000 0.000000 0.000000"
							           scale="1.000000 1.000000 1.000000"
							           rotation="0.000000 1.000000 0.000000 0.000000"
							           >
								<Group DEF="group_ME_Cube_039">
									<Shape>
										<Appearance>
											<Material USE="MA_Body" />
										</Appearance>
										<IndexedTriangleSet solid="false"
										                    normalPerVertex="true"
										                    index="0 1 2 0 2 3 4 5 6 4 6 7 8 9 10 8 10 11 12 13 14 12 14 15 4 13 16 4 16 17 18 19 14 18 14 7 "
										                    >
											<Coordinate point="0.062168 0.102217 -0.053866 -0.125273 0.216218 -0.053866 -0.125273 0.216218 0.053866 0.062168 0.102217 0.053866 -0.125273 0.216218 -0.053866 -0.249609 0.011783 -0.053866 -0.249609 0.011783 0.053866 -0.125273 0.216218 0.053866 -0.249609 0.011783 -0.053866 -0.062168 -0.102217 -0.053866 -0.062168 -0.102217 0.053866 -0.249609 0.011783 0.053866 -0.062168 -0.102217 -0.053866 0.062168 0.102217 -0.053866 0.062168 0.102217 0.053866 -0.062168 -0.102217 0.053866 -0.062168 -0.102217 -0.053866 -0.249609 0.011783 -0.053866 -0.249609 0.011783 0.053866 -0.062168 -0.102217 0.053866 " />
											<Normal vector="0.793268 0.193243 -0.577349 -0.193243 0.793268 -0.577349 -0.193243 0.793268 0.577349 0.793268 0.193243 0.577349 -0.193243 0.793268 -0.577349 -0.793268 -0.193243 -0.577349 -0.793268 -0.193243 0.577349 -0.193243 0.793268 0.577349 -0.793268 -0.193243 -0.577349 0.193243 -0.793268 -0.577349 0.193243 -0.793268 0.577349 -0.793268 -0.193243 0.577349 0.193243 -0.793268 -0.577349 0.793268 0.193243 -0.577349 0.793268 0.193243 0.577349 0.193243 -0.793268 0.577349 0.193243 -0.793268 -0.577349 -0.793268 -0.193243 -0.577349 -0.793268 -0.193243 0.577349 0.193243 -0.793268 0.577349 " />
											<TextureCoordinate point="0.5297 0.2945 0.5297 0.4711 0.9723 0.4711 0.9723 0.2945 0.5297 0.2945 0.5297 0.4711 0.9723 0.4711 0.9723 0.2945 0.5297 0.2945 0.5297 0.4711 0.9723 0.4711 0.9723 0.2945 0.5297 0.2945 0.5297 0.4711 0.9723 0.4711 0.9723 0.2945 0.9723 0.4711 0.9723 0.2945 0.5297 0.2945 0.5297 0.4711 " />
										</IndexedTriangleSet>
									</Shape>
								</Group>
							</Transform>
						</Transform>
						<Transform DEF="Cube_046_TRANSFORM"
						           translation="-0.105401 0.074997 -0.263873"
						           scale="1.000000 1.000000 1.000000"
						           rotation="0.000000 1.000000 0.000000 0.000000"
						           >
							<Transform DEF="Cube_046_ifs_TRANSFORM"
							           translation="0.000000 0.000000 0.000000"
							           scale="1.000000 1.000000 1.000000"
							           rotation="0.000000 1.000000 0.000000 0.000000"
							           >
								<Group DEF="group_ME_Cube_021">
									<Shape>
										<Appearance>
											<Material USE="MA_Body" />
										</Appearance>
										<IndexedTriangleSet solid="false"
										                    normalPerVertex="true"
										                    index="0 1 2 0 2 3 4 5 6 4 6 7 8 9 10 8 10 11 12 13 14 12 14 15 4 13 16 4 16 17 18 19 14 18 14 7 "
										                    >
											<Coordinate point="0.053053 0.087230 -0.045969 -0.106906 0.184516 -0.045969 -0.106906 0.184516 0.045969 0.053053 0.087230 0.045969 -0.106906 0.184516 -0.045969 -0.213012 0.010056 -0.045969 -0.213012 0.010056 0.045969 -0.106906 0.184516 0.045969 -0.213012 0.010056 -0.045969 -0.053053 -0.087230 -0.045969 -0.053053 -0.087230 0.045969 -0.213012 0.010056 0.045969 -0.053053 -0.087230 -0.045969 0.053053 0.087230 -0.045969 0.053053 0.087230 0.045969 -0.053053 -0.087230 0.045969 -0.053053 -0.087230 -0.045969 -0.213012 0.010056 -0.045969 -0.213012 0.010056 0.045969 -0.053053 -0.087230 0.045969 " />
											<Normal vector="0.793268 0.193243 -0.577349 -0.193243 0.793268 -0.577349 -0.193243 0.793268 0.577349 0.793268 0.193243 0.577349 -0.193243 0.793268 -0.577349 -0.793268 -0.193243 -0.577349 -0.793268 -0.193243 0.577349 -0.193243 0.793268 0.577349 -0.793268 -0.193243 -0.577349 0.193243 -0.793268 -0.577349 0.193243 -0.793268 0.577349 -0.793268 -0.193243 0.577349 0.193243 -0.793268 -0.577349 0.793268 0.193243 -0.577349 0.793268 0.193243 0.577349 0.193243 -0.793268 0.577349 0.193243 -0.793268 -0.577349 -0.793268 -0.193243 -0.577349 -0.793268 -0.193243 0.577349 0.193243 -0.793268 0.577349 " />
											<TextureCoordinate point="0.5297 0.0328 0.5297 0.2094 0.9723 0.2094 0.9723 0.0328 0.5297 0.0328 0.5297 0.2094 0.9723 0.2094 0.9723 0.0328 0.5297 0.0328 0.5297 0.2094 0.9723 0.2094 0.9723 0.0328 0.5297 0.0328 0.5297 0.2094 0.9723 0.2094 0.9723 0.0328 0.9723 0.2094 0.9723 0.0328 0.5297 0.0328 0.5297 0.2094 " />
										</IndexedTriangleSet>
									</Shape>
								</Group>
							</Transform>
						</Transform>
					</Transform>
				</Transform>
			</Transform>
		</Transform>
	</Scene>
</X3D>