<?xml version="1.0" encoding="UTF-8"?>
<!DOCTYPE X3D PUBLIC "ISO//Web3D//DTD X3D 3.0//EN" "http://www.web3d.org/specifications/x3d-3.0.dtd">
<X3D version="3.0" profile="Immersive" xmlns:xsd="http://www.w3.org/2001/XMLSchema-instance" xsd:noNamespaceSchemaLocation="http://www.web3d.org/specifications/x3d-3.0.xsd">
	<head>
		<meta name="filename" content="scorbunny.x3d" />
		<meta name="generator" content="Blender 2.93.18" />
	</head>
	<Scene>
		<NavigationInfo headlight="true"
		                visibilityLimit="0.0"
		                type='"EXAMINE", "ANY"'
		                avatarSize="0.25, 1.75, 0.75"
		                />
		<Background DEF="WO_World"
		            groundColor="0.051 0.051 0.051"
		            skyColor="0.051 0.051 0.051"
		            />
		<Transform DEF="body_TRANSFORM"
		           translation="0.000000 0.000000 0.899530"
		           scale="1.000000 1.000000 1.000000"
		           rotation="0.000000 0.000000 1.000000 3.141593"
		           >
			<Transform DEF="body_ifs_TRANSFORM"
			           translation="0.000000 0.000000 0.000000"
			           scale="1.000000 1.000000 1.000000"
			           rotation="0.000000 1.000000 0.000000 0.000000"
			           >
				<Group DEF="group_ME_body">
					<Shape>
						<Appearance>
							<Material DEF="MA_Body"
							          diffuseColor="0.800 0.800 0.800"
							          specularColor="0.401 0.401 0.401"
							          emissiveColor="0.000 0.000 0.000"
							          ambientIntensity="0.000"
							          shininess="0.500"
							          transparency="0.0"
							          />
						</Appearance>
						<IndexedTriangleSet solid="false"
						                    normalPerVertex="true"
						                    index="0 1 2 0 2 3 4 5 6 4 6 7 8 9 10 8 10 11 12 13 14 12 14 15 4 16 17 4 17 15 18 5 14 18 14 19 "
						                    >
							<Coordinate point="-0.449280 -0.375442 -0.007631 -0.449280 -0.388028 0.611651 -0.449280 0.340300 0.626454 -0.449280 0.352886 0.007172 -0.449280 0.352886 0.007172 -0.449280 0.340300 0.626454 0.449280 0.340300 0.626454 0.449280 0.352886 0.007172 0.449280 0.352886 0.007172 0.449280 0.340300 0.626454 0.449280 -0.388028 0.611651 0.449280 -0.375442 -0.007631 0.449280 -0.375442 -0.007631 0.449280 -0.388028 0.611651 -0.449280 -0.388028 0.611651 -0.449280 -0.375442 -0.007631 0.449280 0.352886 0.007172 0.449280 -0.375442 -0.007631 0.449280 0.340300 0.626454 0.449280 -0.388028 0.611651 " />
							<Normal vector="-0.577349 -0.565477 -0.588946 -0.577349 -0.588946 0.565477 -0.577349 0.565477 0.588946 -0.577349 0.588946 -0.565477 -0.577349 0.588946 -0.565477 -0.577349 0.565477 0.588946 0.577349 0.565477 0.588946 0.577349 0.588946 -0.565477 0.577349 0.588946 -0.565477 0.577349 0.565477 0.588946 0.577349 -0.588946 0.565477 0.577349 -0.565477 -0.588946 0.577349 -0.565477 -0.588946 0.577349 -0.588946 0.565477 -0.577349 -0.588946 0.565477 -0.577349 -0.565477 -0.588946 0.577349 0.588946 -0.565477 0.577349 -0.565477 -0.588946 0.577349 0.565477 0.588946 0.577349 -0.588946 0.565477 " />
							<TextureCoordinate point="0.0331 0.0456 0.9570 0.0456 0.9570 0.2949 0.0331 0.2949 0.0331 0.0456 0.9570 0.0456 0.9570 0.2949 0.0331 0.2949 0.0331 0.0456 0.9570 0.0456 0.9570 0.2949 0.0331 0.2949 0.0331 0.0456 0.9570 0.0456 0.9570 0.2949 0.0331 0.2949 0.9570 0.0456 0.9570 0.2949 0.0331 0.0456 0.0331 0.2949 " />
						</IndexedTriangleSet>
					</Shape>
				</Group>
			</Transform>
			<Transform DEF="body1_TRANSFORM"
			           translation="0.000000 -0.017487 0.569048"
			           scale="1.000000 1.000000 1.000000"
			           rotation="0.000000 1.000000 0.000000 0.000000"
			           >
				<Transform DEF="body1_ifs_TRANSFORM"
				           translation="0.000000 0.000000 0.000000"
				           scale="1.000000 1.000000 1.000000"
				           rotation="0.000000 1.000000 0.000000 0.000000"
				           >
					<Group DEF="group_ME_body1">
						<Shape>
							<Appearance>
								<Material USE="MA_Body" />
							</Appearance>
							<IndexedTriangleSet solid="false"
							                    normalPerVertex="true"
							                    index="0 1 2 0 2 3 4 5 6 4 6 7 8 9 10 8 10 11 12 13 14 12 14 15 4 16 17 4 17 15 18 5 14 18 14 19 "
							                    >
								<Coordinate point="-0.365218 -0.279161 0.008978 -0.365218 -0.271343 0.252087 -0.365218 0.286979 0.234131 -0.365218 0.279161 -0.008978 -0.365218 0.279161 -0.008978 -0.365218 0.286979 0.234131 0.365218 0.286979 0.234131 0.365218 0.279161 -0.008978 0.365218 0.279161 -0.008978 0.365218 0.286979 0.234131 0.365218 -0.271343 0.252087 0.365218 -0.279161 0.008978 0.365218 -0.279161 0.008978 0.365218 -0.271343 0.252087 -0.365218 -0.271343 0.252087 -0.365218 -0.279161 0.008978 0.365218 0.279161 -0.008978 0.365218 -0.279161 0.008978 0.365218 0.286979 0.234131 0.365218 -0.271343 0.252087 " />
								<Normal vector="-0.577349 -0.595599 -0.558489 -0.577349 -0.558489 0.595599 -0.577349 0.595599 0.558489 -0.577349 0.558489 -0.595599 -0.577349 0.558489 -0.595599 -0.577349 0.595599 0.558489 0.577349 0.595599 0.558489 0.577349 0.558489 -0.595599 0.577349 0.558489 -0.595599 0.577349 0.595599 0.558489 0.577349 -0.558489 0.595599 0.577349 -0.595599 -0.558489 0.577349 -0.595599 -0.558489 0.577349 -0.558489 0.595599 -0.577349 -0.558489 0.595599 -0.577349 -0.595599 -0.558489 0.577349 0.558489 -0.595599 0.577349 -0.595599 -0.558489 0.577349 0.595599 0.558489 0.577349 -0.558489 0.595599 " />
								<TextureCoordinate point="0.0331 0.0456 0.9570 0.0456 0.9570 0.2949 0.0331 0.2949 0.0331 0.0456 0.9570 0.0456 0.9570 0.2949 0.0331 0.2949 0.0331 0.0456 0.9570 0.0456 0.9570 0.2949 0.0331 0.2949 0.0331 0.0456 0.9570 0.0456 0.9570 0.2949 0.0331 0.2949 0.9570 0.0456 0.9570 0.2949 0.0331 0.0456 0.0331 0.2949 " />
							</IndexedTriangleSet>
						</Shape>
					</Group>
				</Transform>
				<Transform DEF="Cube_002_TRANSFORM"
				           translation="0.000000 0.006910 0.214874"
				           scale="1.000000 1.000000 1.000000"
				           rotation="0.000000 1.000000 0.000000 0.000000"
				           >
					<Transform DEF="Cube_002_ifs_TRANSFORM"
					           translation="0.000000 0.000000 0.000000"
					           scale="1.000000 1.000000 1.000000"
					           rotation="0.000000 1.000000 0.000000 0.000000"
					           >
						<Group DEF="group_ME_Cube_012">
							<Shape>
								<Appearance>
									<Material USE="MA_Body" />
								</Appearance>
								<IndexedTriangleSet solid="false"
								                    normalPerVertex="true"
								                    index="0 1 2 0 2 3 4 5 6 4 6 7 8 9 10 8 10 11 12 13 14 12 14 15 4 16 17 4 17 15 18 5 14 18 14 19 "
								                    >
									<Coordinate point="-0.212144 -0.196800 0.006329 -0.212144 -0.189262 0.240724 -0.212144 0.204338 0.228065 -0.212144 0.196800 -0.006329 -0.212144 0.196800 -0.006329 -0.212144 0.204338 0.228065 0.212144 0.204338 0.228065 0.212144 0.196800 -0.006329 0.212144 0.196800 -0.006329 0.212144 0.204338 0.228065 0.212144 -0.189262 0.240724 0.212144 -0.196800 0.006329 0.212144 -0.196800 0.006329 0.212144 -0.189262 0.240724 -0.212144 -0.189262 0.240724 -0.212144 -0.196800 0.006329 0.212144 0.196800 -0.006329 0.212144 -0.196800 0.006329 0.212144 0.204338 0.228065 0.212144 -0.189262 0.240724 " />
									<Normal vector="-0.577349 -0.595599 -0.558489 -0.577349 -0.558489 0.595599 -0.577349 0.595599 0.558489 -0.577349 0.558489 -0.595599 -0.577349 0.558489 -0.595599 -0.577349 0.595599 0.558489 0.577349 0.595599 0.558489 0.577349 0.558489 -0.595599 0.577349 0.558489 -0.595599 0.577349 0.595599 0.558489 0.577349 -0.558489 0.595599 0.577349 -0.595599 -0.558489 0.577349 -0.595599 -0.558489 0.577349 -0.558489 0.595599 -0.577349 -0.558489 0.595599 -0.577349 -0.595599 -0.558489 0.577349 0.558489 -0.595599 0.577349 -0.595599 -0.558489 0.577349 0.595599 0.558489 0.577349 -0.558489 0.595599 " />
									<TextureCoordinate point="0.0331 0.0456 0.9570 0.0456 0.9570 0.2949 0.0331 0.2949 0.0331 0.0456 0.9570 0.0456 0.9570 0.2949 0.0331 0.2949 0.0331 0.0456 0.9570 0.0456 0.9570 0.2949 0.0331 0.2949 0.0331 0.0456 0.9570 0.0456 0.9570 0.2949 0.0331 0.2949 0.9570 0.0456 0.9570 0.2949 0.0331 0.0456 0.0331 0.2949 " />
								</IndexedTriangleSet>
							</Shape>
						</Group>
					</Transform>
					<Transform DEF="Cube_003_TRANSFORM"
					           translation="0.000000 0.276409 0.108117"
					           scale="1.000000 1.000000 1.000000"
					           rotation="0.000000 1.000000 0.000000 0.000000"
					           >
						<Transform DEF="Cube_003_ifs_TRANSFORM"
						           translation="0.000000 0.000000 0.000000"
						           scale="1.000000 1.000000 1.000000"
						           rotation="0.000000 1.000000 0.000000 0.000000"
						           >
							<Group DEF="group_ME_Cube_013">
								<Shape>
									<Appearance>
										<Material USE="MA_Body" />
									</Appearance>
									<IndexedTriangleSet solid="false"
									                    normalPerVertex="true"
									                    index="0 1 2 0 2 3 4 5 6 4 6 7 8 9 10 8 10 11 12 13 14 12 14 15 4 16 17 4 17 15 18 5 14 18 14 19 "
									                    >
										<Coordinate point="-0.337844 -0.000090 -0.079624 -0.337844 -0.399076 -0.079174 -0.337844 -0.398897 0.080075 -0.337844 0.000090 0.079624 -0.337844 0.000090 0.079624 -0.337844 -0.398897 0.080075 0.337844 -0.398897 0.080075 0.337844 0.000090 0.079624 0.337844 0.000090 0.079624 0.337844 -0.398897 0.080075 0.337844 -0.399076 -0.079174 0.337844 -0.000090 -0.079624 0.337844 -0.000090 -0.079624 0.337844 -0.399076 -0.079174 -0.337844 -0.399076 -0.079174 -0.337844 -0.000090 -0.079624 0.337844 0.000090 0.079624 0.337844 -0.000090 -0.079624 0.337844 -0.398897 0.080075 0.337844 -0.399076 -0.079174 " />
										<Normal vector="-0.577349 0.576678 -0.577990 -0.577349 -0.577990 -0.576678 -0.577349 -0.576678 0.577990 -0.577349 0.577990 0.576678 -0.577349 0.577990 0.576678 -0.577349 -0.576678 0.577990 0.577349 -0.576678 0.577990 0.577349 0.577990 0.576678 0.577349 0.577990 0.576678 0.577349 -0.576678 0.577990 0.577349 -0.577990 -0.576678 0.577349 0.576678 -0.577990 0.577349 0.576678 -0.577990 0.577349 -0.577990 -0.576678 -0.577349 -0.577990 -0.576678 -0.577349 0.576678 -0.577990 0.577349 0.577990 0.576678 0.577349 0.576678 -0.577990 0.577349 -0.576678 0.577990 0.577349 -0.577990 -0.576678 " />
										<TextureCoordinate point="0.0515 0.7051 0.4367 0.7051 0.4367 0.9544 0.0515 0.9544 0.0515 0.7051 0.4367 0.7051 0.4367 0.9544 0.0515 0.9544 0.0515 0.7051 0.4367 0.7051 0.4367 0.9544 0.0515 0.9544 0.0515 0.7051 0.4367 0.7051 0.4367 0.9544 0.0515 0.9544 0.4367 0.7051 0.4367 0.9544 0.0515 0.7051 0.0515 0.9544 " />
									</IndexedTriangleSet>
								</Shape>
							</Group>
						</Transform>
						<Transform DEF="Cube_004_TRANSFORM"
						           translation="0.230379 -0.344596 0.000389"
						           scale="1.000000 1.000000 1.000000"
						           rotation="0.000000 1.000000 0.000000 0.000000"
						           >
							<Transform DEF="Cube_004_ifs_TRANSFORM"
							           translation="0.000000 0.000000 0.000000"
							           scale="1.000000 1.000000 1.000000"
							           rotation="0.000000 1.000000 0.000000 0.000000"
							           >
								<Group DEF="group_ME_Cube_014">
									<Shape>
										<Appearance>
											<Material USE="MA_Body" />
										</Appearance>
										<IndexedTriangleSet solid="false"
										                    normalPerVertex="true"
										                    index="0 1 2 0 2 3 4 5 6 4 6 7 8 9 10 8 10 11 12 13 14 12 14 15 4 16 17 4 17 15 18 5 14 18 14 19 "
										                    >
											<Coordinate point="-0.079473 0.042668 -0.057090 -0.185855 -0.189079 -0.082202 -0.185855 -0.202298 0.039793 -0.079473 0.029449 0.064904 -0.079473 0.029449 0.064904 -0.185855 -0.202298 0.039793 -0.026910 -0.274415 0.031979 0.079473 -0.042668 0.057090 0.079473 -0.042668 0.057090 -0.026910 -0.274415 0.031979 -0.026910 -0.261196 -0.090016 0.079473 -0.029449 -0.064904 0.079473 -0.029449 -0.064904 -0.026910 -0.261196 -0.090016 -0.185855 -0.189079 -0.082202 -0.079473 0.042668 -0.057090 0.079473 -0.042668 0.057090 0.079473 -0.029449 -0.064904 -0.026910 -0.274415 0.031979 -0.026910 -0.261196 -0.090016 " />
											<Normal vector="-0.285531 0.822687 -0.491562 -0.764916 -0.221656 -0.604724 -0.764916 -0.346049 0.543229 -0.285531 0.698294 0.656392 -0.285531 0.698294 0.656392 -0.764916 -0.346049 0.543229 0.285531 -0.822687 0.491562 0.764916 0.221656 0.604724 0.764916 0.221656 0.604724 0.285531 -0.822687 0.491562 0.285531 -0.698294 -0.656392 0.764916 0.346049 -0.543229 0.764916 0.346049 -0.543229 0.285531 -0.698294 -0.656392 -0.764916 -0.221656 -0.604724 -0.285531 0.822687 -0.491562 0.764916 0.221656 0.604724 0.764916 0.346049 -0.543229 0.285531 -0.822687 0.491562 0.285531 -0.698294 -0.656392 " />
											<TextureCoordinate point="0.0515 0.7051 0.4367 0.7051 0.4367 0.9544 0.0515 0.9544 0.0515 0.7051 0.4367 0.7051 0.4367 0.9544 0.0515 0.9544 0.0515 0.7051 0.4367 0.7051 0.4367 0.9544 0.0515 0.9544 0.0515 0.7051 0.4367 0.7051 0.4367 0.9544 0.0515 0.9544 0.4367 0.7051 0.4367 0.9544 0.0515 0.7051 0.0515 0.9544 " />
										</IndexedTriangleSet>
									</Shape>
								</Group>
							</Transform>
						</Transform>
						<Transform DEF="Cube_001_TRANSFORM"
						           translation="-0.230379 -0.344596 0.000389"
						           scale="1.000000 1.000000 1.000000"
						           rotation="0.000000 1.000000 0.000000 0.000000"
						           >
							<Transform DEF="Cube_001_ifs_TRANSFORM"
							           translation="0.000000 0.000000 0.000000"
							           scale="1.000000 1.000000 1.000000"
							           rotation="0.000000 1.000000 0.000000 0.000000"
							           >
								<Group DEF="group_ME_Cube_011">
									<Shape>
										<Appearance>
											<Material USE="MA_Body" />
										</Appearance>
										<IndexedTriangleSet solid="false"
										                    normalPerVertex="true"
										                    index="0 1 2 0 2 3 4 5 6 4 6 7 8 9 10 8 10 11 12 13 14 12 14 15 4 13 16 4 16 17 18 19 14 18 14 7 "
										                    >
											<Coordinate point="0.079473 0.042668 -0.057090 0.079473 0.029449 0.064904 0.185855 -0.202298 0.039793 0.185855 -0.189079 -0.082202 0.079473 0.029449 0.064904 -0.079473 -0.042668 0.057090 0.026910 -0.274415 0.031979 0.185855 -0.202298 0.039793 -0.079473 -0.042668 0.057090 -0.079473 -0.029449 -0.064904 0.026910 -0.261196 -0.090016 0.026910 -0.274415 0.031979 -0.079473 -0.029449 -0.064904 0.079473 0.042668 -0.057090 0.185855 -0.189079 -0.082202 0.026910 -0.261196 -0.090016 -0.079473 -0.029449 -0.064904 -0.079473 -0.042668 0.057090 0.026910 -0.274415 0.031979 0.026910 -0.261196 -0.090016 " />
											<Normal vector="0.285531 0.822687 -0.491562 0.285531 0.698294 0.656392 0.764916 -0.346049 0.543229 0.764916 -0.221656 -0.604724 0.285531 0.698294 0.656392 -0.764916 0.221656 0.604724 -0.285531 -0.822687 0.491562 0.764916 -0.346049 0.543229 -0.764916 0.221656 0.604724 -0.764916 0.346049 -0.543229 -0.285531 -0.698294 -0.656392 -0.285531 -0.822687 0.491562 -0.764916 0.346049 -0.543229 0.285531 0.822687 -0.491562 0.764916 -0.221656 -0.604724 -0.285531 -0.698294 -0.656392 -0.764916 0.346049 -0.543229 -0.764916 0.221656 0.604724 -0.285531 -0.822687 0.491562 -0.285531 -0.698294 -0.656392 " />
											<TextureCoordinate point="0.0515 0.7051 0.0515 0.9544 0.4367 0.9544 0.4367 0.7051 0.0515 0.7051 0.0515 0.9544 0.4367 0.9544 0.4367 0.7051 0.0515 0.7051 0.0515 0.9544 0.4367 0.9544 0.4367 0.7051 0.0515 0.7051 0.0515 0.9544 0.4367 0.9544 0.4367 0.7051 0.4367 0.9544 0.4367 0.7051 0.0515 0.7051 0.0515 0.9544 " />
										</IndexedTriangleSet>
									</Shape>
								</Group>
							</Transform>
						</Transform>
					</Transform>
				</Transform>
				<Transform DEF="head_TRANSFORM"
				           translation="0.000000 0.017487 0.397737"
				           scale="1.000000 1.000000 1.000000"
				           rotation="0.000000 1.000000 0.000000 0.000000"
				           >
					<Transform DEF="head_ifs_TRANSFORM"
					           translation="0.000000 0.000000 0.000000"
					           scale="1.000000 1.000000 1.000000"
					           rotation="0.000000 1.000000 0.000000 0.000000"
					           >
						<Group DEF="group_ME_head">
							<Shape>
								<Appearance>
									<Material USE="MA_Body" />
								</Appearance>
								<IndexedTriangleSet solid="false"
								                    normalPerVertex="true"
								                    index="0 1 2 0 2 3 4 5 6 4 6 7 8 9 10 8 10 11 12 13 14 12 14 15 16 17 18 16 18 19 20 21 14 20 14 22 23 24 25 23 25 26 27 20 22 27 22 28 29 30 31 29 31 32 33 16 19 33 19 34 35 36 37 35 37 38 39 40 13 39 13 12 41 21 42 41 42 43 44 45 5 44 5 4 43 42 46 43 46 47 47 46 45 47 45 44 38 37 48 38 48 49 49 48 40 49 40 39 30 50 51 30 51 31 50 33 34 50 34 51 24 52 53 24 53 25 52 27 28 52 28 53 54 55 56 54 56 57 58 59 60 58 60 61 62 63 59 62 59 58 61 60 64 61 64 65 66 67 63 66 63 62 68 69 70 68 70 71 72 73 55 72 55 54 71 70 74 71 74 75 76 77 78 76 78 79 65 64 80 65 80 81 82 83 84 82 84 85 56 49 39 56 39 69 59 47 44 59 44 60 63 43 47 63 47 59 60 44 4 60 4 64 67 41 43 67 43 63 73 35 38 73 38 55 70 12 15 70 15 74 77 8 11 77 11 78 64 4 7 64 7 80 83 0 3 83 3 84 86 82 85 86 85 87 88 65 81 88 81 89 90 76 79 90 79 91 92 71 75 92 75 32 93 72 54 93 54 94 95 68 71 95 71 92 29 66 62 29 62 96 97 61 65 97 65 88 96 62 58 96 58 98 98 58 61 98 61 97 94 54 57 94 57 99 99 57 68 99 68 95 "
								                    >
									<Coordinate point="-1.080064 -1.000000 1.040970 -1.080064 -1.000000 1.812098 -1.080064 1.000000 1.812098 -1.080064 1.000000 1.040970 0.808012 1.000000 1.040969 0.808012 1.000000 1.812098 1.080064 1.000000 1.812098 1.080064 1.000000 1.040970 1.080064 1.000000 1.040970 1.080064 1.000000 1.812098 1.080064 -1.000000 1.812098 1.080064 -1.000000 1.040970 -0.808012 -1.000000 1.040969 -0.808012 -1.000000 1.812098 -1.080064 -1.000000 1.812098 -1.080064 -1.000000 1.040970 0.808012 1.000000 -0.000000 1.080064 1.000000 0.000000 1.080064 -1.000000 0.000000 0.808012 -1.000000 -0.000000 -0.808012 1.000000 1.812098 -1.080064 1.000000 1.812098 -0.808012 -1.000000 1.812098 1.080064 1.000000 1.812098 0.808012 1.000000 1.812098 0.808012 -1.000000 1.812098 1.080064 -1.000000 1.812098 -0.390998 1.000000 1.812098 -0.390998 -1.000000 1.812098 -1.080064 1.000000 0.000000 -0.808012 1.000000 -0.000000 -0.808012 -1.000000 -0.000000 -1.080064 -1.000000 0.000000 0.390998 1.000000 -0.000001 0.390998 -1.000000 -0.000001 1.080064 -1.000000 1.040970 1.080064 -1.000000 1.812098 0.808012 -1.000000 1.812098 0.808012 -1.000000 1.040969 -0.390998 -1.000000 1.040969 -0.390998 -1.000000 1.812098 -1.080064 1.000000 1.040970 -0.808012 1.000000 1.812098 -0.808012 1.000000 1.040969 0.390998 1.000000 1.040969 0.390998 1.000000 1.812098 -0.390998 1.000000 1.812098 -0.390998 1.000000 1.040969 0.390998 -1.000000 1.812098 0.390998 -1.000000 1.040969 -0.390998 1.000000 -0.000001 -0.390998 -1.000000 -0.000001 0.390998 1.000000 1.812098 0.390998 -1.000000 1.812098 0.808012 -1.000000 0.193938 0.808012 -1.000000 0.575938 0.390998 -1.000000 0.575938 0.390998 -1.000000 0.193938 -0.390998 1.000000 0.193938 -0.390998 1.000000 0.575938 0.390998 1.000000 0.575938 0.390998 1.000000 0.193938 -0.808012 1.000000 0.193938 -0.808012 1.000000 0.575938 0.808012 1.000000 0.575938 0.808012 1.000000 0.193938 -1.080064 1.000000 0.193938 -1.080064 1.000000 0.575938 -0.390998 -1.000000 0.193938 -0.390998 -1.000000 0.575938 -0.808012 -1.000000 0.575938 -0.808012 -1.000000 0.193938 1.080064 -1.000000 0.193938 1.080064 -1.000000 0.575938 -1.080064 -1.000000 0.575938 -1.080064 -1.000000 0.193938 1.080064 1.000000 0.193938 1.080064 1.000000 0.575938 1.080064 -1.000000 0.575938 1.080064 -1.000000 0.193938 1.080064 1.000000 0.575938 1.080064 1.000000 0.193938 -1.080064 -1.000000 0.193938 -1.080064 -1.000000 0.575938 -1.080064 1.000000 0.575938 -1.080064 1.000000 0.193938 -1.080064 -1.000000 0.000000 -1.080064 1.000000 0.000000 0.808012 1.000000 -0.000000 1.080064 1.000000 0.000000 1.080064 1.000000 0.000000 1.080064 -1.000000 0.000000 -0.808012 -1.000000 -0.000000 1.080064 -1.000000 0.000000 0.808012 -1.000000 -0.000000 -0.390998 -1.000000 -0.000001 -0.808012 1.000000 -0.000000 0.390998 1.000000 -0.000001 -0.390998 1.000000 -0.000001 0.390998 -1.000000 -0.000001 " />
									<Normal vector="-0.707083 -0.707083 0.000000 -0.577349 -0.577349 0.577349 -0.577349 0.577349 0.577349 -0.707083 0.707083 0.000000 0.000000 1.000000 0.000000 0.000000 0.707083 0.707083 0.577349 0.577349 0.577349 0.707083 0.707083 0.000000 0.707083 0.707083 0.000000 0.577349 0.577349 0.577349 0.577349 -0.577349 0.577349 0.707083 -0.707083 0.000000 0.000000 -1.000000 0.000000 0.000000 -0.707083 0.707083 -0.577349 -0.577349 0.577349 -0.707083 -0.707083 0.000000 0.000000 0.707083 -0.707083 0.577349 0.577349 -0.577349 0.577349 -0.577349 -0.577349 0.000000 -0.707083 -0.707083 0.000000 0.707083 0.707083 -0.577349 0.577349 0.577349 0.000000 -0.707083 0.707083 0.577349 0.577349 0.577349 0.000000 0.707083 0.707083 0.000000 -0.707083 0.707083 0.577349 -0.577349 0.577349 0.000000 0.707083 0.707083 0.000000 -0.707083 0.707083 -0.577349 0.577349 -0.577349 0.000000 0.707083 -0.707083 0.000000 -0.707083 -0.707083 -0.577349 -0.577349 -0.577349 0.000000 0.707083 -0.707083 0.000000 -0.707083 -0.707083 0.707083 -0.707083 0.000000 0.577349 -0.577349 0.577349 0.000000 -0.707083 0.707083 0.000000 -1.000000 0.000000 0.000000 -1.000000 0.000000 0.000000 -0.707083 0.707083 -0.707083 0.707083 0.000000 0.000000 0.707083 0.707083 0.000000 1.000000 0.000000 0.000000 1.000000 0.000000 0.000000 0.707083 0.707083 0.000000 0.707083 0.707083 0.000000 1.000000 0.000000 0.000000 -0.707083 0.707083 0.000000 -1.000000 0.000000 0.000000 0.707083 -0.707083 0.000000 -0.707083 -0.707083 0.000000 0.707083 0.707083 0.000000 -0.707083 0.707083 0.000000 -1.000000 0.000000 0.000000 -1.000000 0.000000 0.000000 -1.000000 0.000000 0.000000 -1.000000 0.000000 0.000000 1.000000 0.000000 0.000000 1.000000 0.000000 0.000000 1.000000 0.000000 0.000000 1.000000 0.000000 0.000000 1.000000 0.000000 0.000000 1.000000 0.000000 0.000000 1.000000 0.000000 0.000000 1.000000 0.000000 -0.707083 0.707083 0.000000 -0.707083 0.707083 0.000000 0.000000 -1.000000 0.000000 0.000000 -1.000000 0.000000 0.000000 -1.000000 0.000000 0.000000 -1.000000 0.000000 0.707083 -0.707083 0.000000 0.707083 -0.707083 0.000000 -0.707083 -0.707083 0.000000 -0.707083 -0.707083 0.000000 0.707083 0.707083 0.000000 0.707083 0.707083 0.000000 0.707083 -0.707083 0.000000 0.707083 -0.707083 0.000000 0.707083 0.707083 0.000000 0.707083 0.707083 0.000000 -0.707083 -0.707083 0.000000 -0.707083 -0.707083 0.000000 -0.707083 0.707083 0.000000 -0.707083 0.707083 0.000000 -0.577349 -0.577349 -0.577349 -0.577349 0.577349 -0.577349 0.000000 0.707083 -0.707083 0.577349 0.577349 -0.577349 0.577349 0.577349 -0.577349 0.577349 -0.577349 -0.577349 0.000000 -0.707083 -0.707083 0.577349 -0.577349 -0.577349 0.000000 -0.707083 -0.707083 0.000000 -0.707083 -0.707083 0.000000 0.707083 -0.707083 0.000000 0.707083 -0.707083 0.000000 0.707083 -0.707083 0.000000 -0.707083 -0.707083 " />
									<TextureCoordinate point="0.7260 0.0456 0.9570 0.0456 0.9570 0.2949 0.7260 0.2949 0.7260 0.2118 0.9570 0.2118 0.9570 0.2949 0.7260 0.2949 0.7260 0.0456 0.9570 0.0456 0.9570 0.2949 0.7260 0.2949 0.7260 0.2118 0.9570 0.2118 0.9570 0.2949 0.7260 0.2949 0.6491 0.0456 0.9570 0.0456 0.9570 0.2949 0.6491 0.2949 0.6491 0.0456 0.9570 0.0456 0.6491 0.2949 0.0331 0.0456 0.3411 0.0456 0.3411 0.2949 0.0331 0.2949 0.5464 0.0456 0.5464 0.2949 0.0331 0.0456 0.3411 0.0456 0.3411 0.2949 0.0331 0.2949 0.5464 0.0456 0.5464 0.2949 0.7260 0.0456 0.9570 0.0456 0.9570 0.1287 0.7260 0.1287 0.7260 0.1841 0.9570 0.1841 0.7260 0.0456 0.9570 0.1287 0.7260 0.1287 0.7260 0.1841 0.9570 0.1841 0.9570 0.1564 0.7260 0.1564 0.9570 0.1564 0.7260 0.1564 0.4437 0.0456 0.4437 0.2949 0.4437 0.0456 0.4437 0.2949 0.2641 0.1287 0.4951 0.1287 0.4951 0.1564 0.2641 0.1564 0.2641 0.1564 0.4951 0.1564 0.4951 0.1841 0.2641 0.1841 0.2641 0.1287 0.4951 0.1287 0.4951 0.2118 0.2641 0.2118 0.2641 0.0456 0.4951 0.0456 0.2641 0.1841 0.4951 0.1841 0.4951 0.2118 0.2641 0.2118 0.2641 0.0456 0.4951 0.0456 0.4951 0.2949 0.2641 0.2949 0.2641 0.0456 0.4951 0.0456 0.4951 0.2949 0.2641 0.2949 0.4951 0.2949 0.2641 0.2949 0.2641 0.0456 0.4951 0.0456 0.4951 0.2949 0.2641 0.2949 0.0331 0.0456 0.0331 0.2949 0.0331 0.2118 0.0331 0.2949 0.0331 0.0456 0.0331 0.2949 0.0331 0.2118 0.0331 0.0456 0.0331 0.1287 0.0331 0.1841 0.0331 0.1287 0.0331 0.1841 0.0331 0.1564 0.0331 0.1564 " />
								</IndexedTriangleSet>
							</Shape>
							<Shape>
								<Appearance>
									<Material DEF="MA_Face"
									          diffuseColor="0.800 0.800 0.800"
									          specularColor="0.401 0.401 0.401"
									          emissiveColor="0.000 0.000 0.000"
									          ambientIntensity="0.000"
									          shininess="0.500"
									          transparency="0.0"
									          />
								</Appearance>
								<IndexedTriangleSet solid="false"
								                    normalPerVertex="true"
								                    index="0 1 2 0 2 3 4 5 6 4 6 7 8 9 10 8 10 11 "
								                    >
									<Coordinate point="0.390998 -1.000000 0.193938 0.390998 -1.000000 0.575938 -0.390998 -1.000000 0.575938 -0.390998 -1.000000 0.193938 0.808012 -1.000000 0.575938 0.808012 -1.000000 1.040969 0.390998 -1.000000 1.040969 0.390998 -1.000000 0.575938 -0.390998 -1.000000 0.575938 -0.390998 -1.000000 1.040969 -0.808012 -1.000000 1.040969 -0.808012 -1.000000 0.575938 " />
									<Normal vector="0.000000 -1.000000 0.000000 0.000000 -1.000000 0.000000 0.000000 -1.000000 0.000000 0.000000 -1.000000 0.000000 0.000000 -1.000000 0.000000 0.000000 -1.000000 0.000000 0.000000 -1.000000 0.000000 0.000000 -1.000000 0.000000 0.000000 -1.000000 0.000000 0.000000 -1.000000 0.000000 0.000000 -1.000000 0.000000 0.000000 -1.000000 0.000000 " />
									<TextureCoordinate point="0.4247 0.5281 0.4247 0.9739 0.0737 0.9739 0.0737 0.5281 0.7430 0.5180 0.7430 0.9898 0.5070 0.9898 0.5070 0.5180 0.5070 0.5180 0.5070 0.9898 0.7430 0.9898 0.7430 0.5180 " />
								</IndexedTriangleSet>
							</Shape>
						</Group>
					</Transform>
					<Transform DEF="Cube_006_TRANSFORM"
					           translation="0.000000 -0.989930 0.588399"
					           scale="1.000000 1.000000 1.000000"
					           rotation="0.000000 1.000000 0.000000 0.000000"
					           >
						<Transform DEF="Cube_006_ifs_TRANSFORM"
						           translation="0.000000 0.000000 0.000000"
						           scale="1.000000 1.000000 1.000000"
						           rotation="0.000000 1.000000 0.000000 0.000000"
						           >
							<Group DEF="group_ME_Cube_017">
								<Shape>
									<Appearance>
										<Material USE="MA_Body" />
									</Appearance>
									<IndexedTriangleSet solid="false"
									                    normalPerVertex="true"
									                    index="0 1 2 0 2 3 4 5 6 4 6 7 8 9 10 8 10 11 12 13 14 12 14 15 4 16 17 4 17 15 18 5 14 18 14 19 "
									                    >
										<Coordinate point="-0.103849 0.001593 -0.036850 -0.103849 -0.063633 -0.039670 -0.103849 -0.066819 0.034030 -0.103849 -0.001593 0.036850 -0.103849 -0.001593 0.036850 -0.103849 -0.066819 0.034030 0.103849 -0.066819 0.034030 0.103849 -0.001593 0.036850 0.103849 -0.001593 0.036850 0.103849 -0.066819 0.034030 0.103849 -0.063633 -0.039670 0.103849 0.001593 -0.036850 0.103849 0.001593 -0.036850 0.103849 -0.063633 -0.039670 -0.103849 -0.063633 -0.039670 -0.103849 0.001593 -0.036850 0.103849 -0.001593 0.036850 0.103849 0.001593 -0.036850 0.103849 -0.066819 0.034030 0.103849 -0.063633 -0.039670 " />
										<Normal vector="-0.577349 0.601733 -0.551866 -0.577349 -0.551866 -0.601733 -0.577349 -0.601733 0.551866 -0.577349 0.551866 0.601733 -0.577349 0.551866 0.601733 -0.577349 -0.601733 0.551866 0.577349 -0.601733 0.551866 0.577349 0.551866 0.601733 0.577349 0.551866 0.601733 0.577349 -0.601733 0.551866 0.577349 -0.551866 -0.601733 0.577349 0.601733 -0.551866 0.577349 0.601733 -0.551866 0.577349 -0.551866 -0.601733 -0.577349 -0.551866 -0.601733 -0.577349 0.601733 -0.551866 0.577349 0.551866 0.601733 0.577349 0.601733 -0.551866 0.577349 -0.601733 0.551866 0.577349 -0.551866 -0.601733 " />
										<TextureCoordinate point="0.5927 0.7100 0.9192 0.7100 0.9192 0.9593 0.5927 0.9593 0.5927 0.7100 0.9192 0.7100 0.9192 0.9593 0.5927 0.9593 0.5927 0.7100 0.9192 0.7100 0.9192 0.9593 0.5927 0.9593 0.5927 0.7100 0.9192 0.7100 0.9192 0.9593 0.5927 0.9593 0.9192 0.7100 0.9192 0.9593 0.5927 0.7100 0.5927 0.9593 " />
									</IndexedTriangleSet>
								</Shape>
							</Group>
						</Transform>
					</Transform>
					<Transform DEF="Cube_007_TRANSFORM"
					           translation="1.002480 -0.403528 0.608998"
					           scale="1.000000 1.000000 1.000000"
					           rotation="0.000000 1.000000 0.000000 0.000000"
					           >
						<Transform DEF="Cube_007_ifs_TRANSFORM"
						           translation="0.000000 0.000000 0.000000"
						           scale="1.000000 1.000000 1.000000"
						           rotation="0.000000 1.000000 0.000000 0.000000"
						           >
							<Group DEF="group_ME_Cube_020">
								<Shape>
									<Appearance>
										<Material USE="MA_Body" />
									</Appearance>
									<IndexedTriangleSet solid="false"
									                    normalPerVertex="true"
									                    index="0 1 2 0 2 3 4 5 6 4 6 7 8 9 10 8 10 11 12 13 14 12 14 15 4 16 17 4 17 15 18 5 14 18 14 19 "
									                    >
										<Coordinate point="0.001983 -0.154463 0.189651 0.716054 0.257499 0.517710 0.568890 0.566425 0.450100 -0.145181 0.154463 0.122040 -0.145181 0.154463 0.122040 0.568890 0.566425 0.450100 0.712088 0.566425 0.138409 -0.001983 0.154463 -0.189651 -0.001983 0.154463 -0.189651 0.712088 0.566425 0.138409 0.859252 0.257499 0.206019 0.145181 -0.154463 -0.122040 0.145181 -0.154463 -0.122040 0.859252 0.257499 0.206019 0.716054 0.257499 0.517710 0.001983 -0.154463 0.189651 -0.001983 0.154463 -0.189651 0.145181 -0.154463 -0.122040 0.712088 0.566425 0.138409 0.859252 0.257499 0.206019 " />
										<Normal vector="-0.462081 -0.779412 0.423048 0.467208 -0.243263 0.850002 -0.019959 0.779382 0.626179 -0.949248 0.243263 0.199225 -0.949248 0.243263 0.199225 -0.019959 0.779382 0.626179 0.462081 0.779412 -0.423048 -0.467208 0.243263 -0.850002 -0.467208 0.243263 -0.850002 0.462081 0.779412 -0.423048 0.949248 -0.243263 -0.199225 0.019959 -0.779382 -0.626179 0.019959 -0.779382 -0.626179 0.949248 -0.243263 -0.199225 0.467208 -0.243263 0.850002 -0.462081 -0.779412 0.423048 -0.467208 0.243263 -0.850002 0.019959 -0.779382 -0.626179 0.462081 0.779412 -0.423048 0.949248 -0.243263 -0.199225 " />
										<TextureCoordinate point="0.0331 0.0456 0.9570 0.0456 0.9570 0.2949 0.0331 0.2949 0.0331 0.0456 0.9570 0.0456 0.9570 0.2949 0.0331 0.2949 0.0331 0.0456 0.9570 0.0456 0.9570 0.2949 0.0331 0.2949 0.0331 0.0456 0.9570 0.0456 0.9570 0.2949 0.0331 0.2949 0.9570 0.0456 0.9570 0.2949 0.0331 0.0456 0.0331 0.2949 " />
									</IndexedTriangleSet>
								</Shape>
							</Group>
						</Transform>
					</Transform>
					<Transform DEF="Cube_008_TRANSFORM"
					           translation="1.045150 -0.382647 0.787080"
					           scale="1.000000 1.000000 1.000000"
					           rotation="0.000000 1.000000 0.000000 0.000000"
					           >
						<Transform DEF="Cube_008_ifs_TRANSFORM"
						           translation="0.000000 0.000000 0.000000"
						           scale="1.000000 1.000000 1.000000"
						           rotation="0.000000 1.000000 0.000000 0.000000"
						           >
							<Group DEF="group_ME_Cube_021">
								<Shape>
									<Appearance>
										<Material USE="MA_Body" />
									</Appearance>
									<IndexedTriangleSet solid="false"
									                    normalPerVertex="true"
									                    index="0 1 2 0 2 3 4 5 6 4 6 7 8 9 10 8 10 11 12 13 14 12 14 15 4 16 17 4 17 15 18 5 14 18 14 19 "
									                    >
										<Coordinate point="-0.067023 -0.139296 0.108554 0.233352 0.075348 0.569442 0.140369 0.285181 0.532318 -0.160006 0.070537 0.071430 -0.160006 0.070537 0.071430 0.140369 0.285181 0.532318 0.367398 0.353941 0.352334 0.067023 0.139296 -0.108554 0.067023 0.139296 -0.108554 0.367398 0.353941 0.352334 0.460380 0.144108 0.389457 0.160006 -0.070537 -0.071430 0.160006 -0.070537 -0.071430 0.460380 0.144108 0.389457 0.233352 0.075348 0.569442 -0.067023 -0.139296 0.108554 0.067023 0.139296 -0.108554 0.160006 -0.070537 -0.071430 0.367398 0.353941 0.352334 0.460380 0.144108 0.389457 " />
										<Normal vector="-0.502945 -0.864223 -0.009430 0.084353 -0.444533 0.891751 -0.377422 0.597583 0.707389 -0.964751 0.177892 -0.193793 -0.964751 0.177892 -0.193793 -0.377422 0.597583 0.707389 0.502945 0.864223 0.009430 -0.084353 0.444533 -0.891751 -0.084353 0.444533 -0.891751 0.502945 0.864223 0.009430 0.964751 -0.177892 0.193793 0.377392 -0.597583 -0.707389 0.377392 -0.597583 -0.707389 0.964751 -0.177892 0.193793 0.084353 -0.444533 0.891751 -0.502945 -0.864223 -0.009430 -0.084353 0.444533 -0.891751 0.377392 -0.597583 -0.707389 0.502945 0.864223 0.009430 0.964751 -0.177892 0.193793 " />
										<TextureCoordinate point="0.0331 0.0456 0.9570 0.0456 0.9570 0.2949 0.0331 0.2949 0.0331 0.0456 0.9570 0.0456 0.9570 0.2949 0.0331 0.2949 0.0331 0.0456 0.9570 0.0456 0.9570 0.2949 0.0331 0.2949 0.0331 0.0456 0.9570 0.0456 0.9570 0.2949 0.0331 0.2949 0.9570 0.0456 0.9570 0.2949 0.0331 0.0456 0.0331 0.2949 " />
									</IndexedTriangleSet>
								</Shape>
							</Group>
						</Transform>
					</Transform>
					<Transform DEF="orl1_TRANSFORM"
					           translation="0.145493 0.000000 1.729311"
					           scale="1.000000 1.000000 1.000000"
					           rotation="0.000000 1.000000 0.000000 0.000000"
					           >
						<Transform DEF="orl1_ifs_TRANSFORM"
						           translation="0.000000 0.000000 0.000000"
						           scale="1.000000 1.000000 1.000000"
						           rotation="0.000000 1.000000 0.000000 0.000000"
						           >
							<Group DEF="group_ME_orl1">
								<Shape>
									<Appearance>
										<Material USE="MA_Body" />
									</Appearance>
									<IndexedTriangleSet solid="false"
									                    normalPerVertex="true"
									                    index="0 1 2 0 2 3 4 5 6 4 6 7 8 9 10 8 10 11 12 13 14 12 14 15 16 17 18 16 18 19 20 21 14 20 14 22 23 24 25 23 25 26 24 20 22 24 22 25 27 28 29 27 29 30 28 16 19 28 19 29 31 32 33 31 33 34 35 36 37 35 37 38 39 21 40 39 40 41 41 40 5 41 5 4 42 41 4 42 4 43 27 39 41 27 41 42 44 45 46 44 46 47 48 31 34 48 34 49 50 12 15 50 15 30 51 8 11 51 11 52 43 4 7 43 7 53 54 0 3 54 3 55 "
									                    >
										<Coordinate point="-0.332398 -0.219244 0.263083 -0.021893 -0.210143 1.147345 -0.034163 0.208500 1.147345 -0.344669 0.199398 0.263083 0.127048 0.213225 0.097299 0.437553 0.222326 0.981561 0.732990 0.230986 0.877730 0.422485 0.221885 -0.006531 0.422485 0.221885 -0.006531 0.732990 0.230986 0.877730 0.745261 -0.187656 0.877730 0.434756 -0.196758 -0.006531 -0.036961 -0.210584 0.159253 0.273544 -0.201483 1.043514 -0.021893 -0.210143 1.147345 -0.332398 -0.219244 0.263083 0.082005 0.211905 -0.030977 0.377441 0.220564 -0.134807 0.389712 -0.198078 -0.134807 0.094276 -0.206738 -0.030977 0.261273 0.217159 1.043514 -0.034163 0.208500 1.147345 0.273544 -0.201483 1.043514 0.732990 0.230986 0.877730 0.437553 0.222326 0.981561 0.449824 -0.196316 0.981561 0.745261 -0.187656 0.877730 -0.389712 0.198078 0.134807 -0.094276 0.206738 0.030977 -0.082005 -0.211905 0.030977 -0.377441 -0.220564 0.134807 0.434756 -0.196758 -0.006531 0.745261 -0.187656 0.877730 0.449824 -0.196316 0.981561 0.139319 -0.205417 0.097299 0.139319 -0.205417 0.097299 0.449824 -0.196316 0.981561 0.273544 -0.201483 1.043514 -0.036961 -0.210584 0.159253 -0.344669 0.199398 0.263083 0.261273 0.217159 1.043514 -0.049232 0.208058 0.159253 -0.094276 0.206738 0.030977 0.082005 0.211905 -0.030977 0.094276 -0.206738 -0.030977 0.139319 -0.205417 0.097299 -0.036961 -0.210584 0.159253 -0.082005 -0.211905 0.030977 0.389712 -0.198078 -0.134807 0.094276 -0.206738 -0.030977 -0.082005 -0.211905 0.030977 0.377441 0.220564 -0.134807 0.389712 -0.198078 -0.134807 0.377441 0.220564 -0.134807 -0.377441 -0.220564 0.134807 -0.389712 0.198078 0.134807 " />
										<Normal vector="-0.646107 -0.726341 0.234352 -0.336283 -0.587451 0.736045 -0.370098 0.566729 0.736045 -0.687551 0.687246 0.234352 -0.029298 0.999542 0.000000 0.213538 0.713645 0.667135 0.718833 0.598651 0.353343 0.646107 0.726341 -0.234352 0.646107 0.726341 -0.234352 0.718833 0.598651 0.353343 0.752647 -0.555528 0.353343 0.687551 -0.687246 -0.234352 0.029298 -0.999542 0.000000 0.254952 -0.699911 0.667135 -0.336283 -0.587451 0.736045 -0.646107 -0.726341 0.234352 -0.254952 0.699911 -0.667135 0.336283 0.587451 -0.736045 0.370098 -0.566729 -0.736045 -0.213538 -0.713645 -0.667135 0.213538 0.713645 0.667135 -0.370098 0.566729 0.736045 0.254952 -0.699911 0.667135 0.718833 0.598651 0.353343 0.213538 0.713645 0.667135 0.254952 -0.699911 0.667135 0.752647 -0.555528 0.353343 -0.752647 0.555528 -0.353343 -0.254952 0.699911 -0.667135 -0.213538 -0.713645 -0.667135 -0.718833 -0.598651 -0.353343 0.687551 -0.687246 -0.234352 0.752647 -0.555528 0.353343 0.254952 -0.699911 0.667135 0.029298 -0.999542 0.000000 0.029298 -0.999542 0.000000 0.254952 -0.699911 0.667135 0.254952 -0.699911 0.667135 0.029298 -0.999542 0.000000 -0.687551 0.687246 0.234352 0.213538 0.713645 0.667135 -0.029298 0.999542 0.000000 -0.254952 0.699911 -0.667135 -0.254952 0.699911 -0.667135 -0.213538 -0.713645 -0.667135 0.029298 -0.999542 0.000000 0.029298 -0.999542 0.000000 -0.213538 -0.713645 -0.667135 0.370098 -0.566729 -0.736045 -0.213538 -0.713645 -0.667135 -0.213538 -0.713645 -0.667135 0.336283 0.587451 -0.736045 0.370098 -0.566729 -0.736045 0.336283 0.587451 -0.736045 -0.718833 -0.598651 -0.353343 -0.752647 0.555528 -0.353343 " />
										<TextureCoordinate point="0.4951 0.0456 0.9570 0.0456 0.9570 0.2949 0.4951 0.2949 0.4951 0.2118 0.9570 0.2118 0.9570 0.2949 0.4951 0.2949 0.4951 0.0456 0.9570 0.0456 0.9570 0.2949 0.4951 0.2949 0.4951 0.2118 0.9570 0.2118 0.9570 0.2949 0.4951 0.2949 0.6491 0.0456 0.9570 0.0456 0.9570 0.2949 0.6491 0.2949 0.6491 0.0456 0.9570 0.0456 0.6491 0.2949 0.0331 0.0456 0.3411 0.0456 0.3411 0.2949 0.0331 0.2949 0.0331 0.0456 0.3411 0.0456 0.3411 0.2949 0.0331 0.2949 0.4951 0.0456 0.9570 0.0456 0.9570 0.1287 0.4951 0.1287 0.7461 0.4017 0.8808 0.4017 0.8808 0.5786 0.7461 0.5786 0.4951 0.0456 0.9570 0.1287 0.4951 0.1287 0.0331 0.1287 0.0331 0.2118 0.4243 0.0819 0.5591 0.0819 0.5591 0.2587 0.4243 0.2587 0.0331 0.0456 0.0331 0.1287 0.0331 0.2118 0.0331 0.0456 0.0331 0.2949 0.0331 0.2949 0.0331 0.0456 0.0331 0.2949 " />
									</IndexedTriangleSet>
								</Shape>
							</Group>
						</Transform>
						<Transform DEF="Cube_010_TRANSFORM"
						           translation="0.342371 0.010035 0.975009"
						           scale="1.000000 1.000000 1.000000"
						           rotation="0.000000 1.000000 0.000000 0.000000"
						           >
							<Transform DEF="Cube_010_ifs_TRANSFORM"
							           translation="0.000000 0.000000 0.000000"
							           scale="1.000000 1.000000 1.000000"
							           rotation="0.000000 1.000000 0.000000 0.000000"
							           >
								<Group DEF="group_ME_Cube_023">
									<Shape>
										<Appearance>
											<Material USE="MA_Body" />
										</Appearance>
										<IndexedTriangleSet solid="false"
										                    normalPerVertex="true"
										                    index="0 1 2 0 2 3 4 5 6 4 6 7 8 9 10 8 10 11 12 13 14 12 14 15 16 17 18 16 18 19 20 21 22 20 22 23 24 25 26 24 26 27 28 29 30 28 30 31 32 33 34 32 34 35 36 37 38 36 38 39 40 41 42 40 42 43 43 42 33 43 33 32 44 45 46 44 46 47 48 49 50 48 50 51 52 53 54 52 54 55 56 57 58 56 58 59 60 61 62 60 62 63 64 65 66 64 66 51 67 68 69 67 69 70 71 72 73 71 73 74 75 76 77 75 77 78 79 80 81 79 81 82 83 84 85 83 85 86 87 88 89 87 89 90 91 92 93 91 93 94 95 96 97 95 97 98 99 100 37 99 37 36 101 102 29 101 29 28 103 104 105 103 105 106 107 108 109 107 109 110 111 112 113 111 113 114 115 116 117 115 117 118 "
										                    >
											<Coordinate point="-0.375174 -0.077377 0.354614 -0.155884 -0.070950 0.979112 -0.164308 0.216452 0.979112 -0.383598 0.210025 0.354614 0.124510 0.224918 0.176041 0.343800 0.231346 0.800538 0.728758 0.242629 0.665246 0.509468 0.236201 0.040748 0.517892 -0.051200 0.040748 0.737182 -0.044773 0.665246 0.741718 -0.199528 0.665246 0.522428 -0.205955 0.040748 0.014320 -0.220849 0.219321 0.233610 -0.214421 0.843819 -0.151348 -0.225704 0.979112 -0.370638 -0.232132 0.354614 0.063519 -0.064519 -0.021641 0.448477 -0.053235 -0.156933 0.453013 -0.207990 -0.156933 0.068055 -0.219273 -0.021641 0.229074 -0.059666 0.843819 -0.155884 -0.070950 0.979112 -0.151348 -0.225704 0.979112 0.233610 -0.214421 0.843819 -0.055095 -0.222883 0.021640 0.014320 -0.220849 0.219321 -0.370638 -0.232132 0.354614 -0.440053 -0.234167 0.156933 0.448477 -0.053235 -0.156933 0.517892 -0.051200 0.040748 0.522428 -0.205955 0.040748 0.453013 -0.207990 -0.156933 0.055095 0.222883 -0.021641 0.124510 0.224918 0.176041 0.509468 0.236201 0.040748 0.440053 0.234167 -0.156933 -0.444589 -0.079412 0.156933 -0.375174 -0.077377 0.354614 -0.383598 0.210025 0.354614 -0.453013 0.207990 0.156933 -0.453013 0.207990 0.156933 -0.383598 0.210025 0.354614 0.001360 0.221308 0.219321 -0.068055 0.219274 0.021640 0.453013 -0.207990 -0.156933 0.522428 -0.205955 0.040748 0.137470 -0.217239 0.176041 0.068055 -0.219273 -0.021641 0.068055 -0.219273 -0.021641 0.137470 -0.217239 0.176041 0.014320 -0.220849 0.219321 -0.055095 -0.222883 0.021640 0.737182 -0.044773 0.665246 0.352224 -0.056056 0.800538 0.356760 -0.210811 0.800538 0.741718 -0.199528 0.665246 0.352224 -0.056056 0.800538 0.229074 -0.059666 0.843819 0.233610 -0.214421 0.843819 0.356760 -0.210811 0.800538 -0.444589 -0.079412 0.156933 -0.059631 -0.068128 0.021640 -0.055095 -0.222883 0.021640 -0.440053 -0.234167 0.156933 -0.059631 -0.068128 0.021640 0.063519 -0.064519 -0.021641 0.068055 -0.219273 -0.021641 0.522428 -0.205955 0.040748 0.741718 -0.199528 0.665246 0.356760 -0.210811 0.800538 0.137470 -0.217239 0.176041 0.137470 -0.217239 0.176041 0.356760 -0.210811 0.800538 0.233610 -0.214421 0.843819 0.014320 -0.220849 0.219321 -0.383598 0.210025 0.354614 -0.164308 0.216452 0.979112 0.220650 0.227736 0.843819 0.001360 0.221308 0.219321 0.001360 0.221308 0.219321 0.220650 0.227736 0.843819 0.343800 0.231346 0.800538 0.124510 0.224918 0.176041 -0.068055 0.219274 0.021640 0.055095 0.222883 -0.021641 0.063519 -0.064519 -0.021641 -0.059631 -0.068128 0.021640 -0.453013 0.207990 0.156933 -0.068055 0.219274 0.021640 -0.059631 -0.068128 0.021640 -0.444589 -0.079412 0.156933 0.343800 0.231346 0.800538 0.220650 0.227736 0.843819 0.229074 -0.059666 0.843819 0.352224 -0.056056 0.800538 0.728758 0.242629 0.665246 0.343800 0.231346 0.800538 0.352224 -0.056056 0.800538 0.737182 -0.044773 0.665246 -0.440053 -0.234167 0.156933 -0.370638 -0.232132 0.354614 0.440053 0.234167 -0.156933 0.509468 0.236201 0.040748 0.220650 0.227736 0.843819 -0.164308 0.216452 0.979112 -0.155884 -0.070950 0.979112 0.229074 -0.059666 0.843819 0.055095 0.222883 -0.021641 0.440053 0.234167 -0.156933 0.448477 -0.053235 -0.156933 0.063519 -0.064519 -0.021641 0.509468 0.236201 0.040748 0.728758 0.242629 0.665246 0.737182 -0.044773 0.665246 0.517892 -0.051200 0.040748 -0.370638 -0.232132 0.354614 -0.151348 -0.225704 0.979112 -0.155884 -0.070950 0.979112 -0.375174 -0.077377 0.354614 " />
											<Normal vector="-0.943052 -0.027619 0.331431 -0.432569 -0.012665 0.901486 -0.370098 0.566729 0.736045 -0.687551 0.687246 0.234352 -0.029298 0.999542 0.000000 0.213538 0.713645 0.667135 0.718833 0.598651 0.353343 0.646107 0.726341 -0.234352 0.943052 0.027619 -0.331431 0.901089 0.026399 0.432752 0.752647 -0.555528 0.353343 0.687551 -0.687246 -0.234352 0.029298 -0.999542 0.000000 0.254952 -0.699911 0.667135 -0.336283 -0.587451 0.736045 -0.646107 -0.726341 0.234352 -0.331278 -0.009705 -0.943449 0.432569 0.012665 -0.901486 0.370098 -0.566729 -0.736045 -0.213538 -0.713645 -0.667135 0.331278 0.009705 0.943449 -0.432569 -0.012665 0.901486 -0.336283 -0.587451 0.736045 0.254952 -0.699911 0.667135 -0.213538 -0.713645 -0.667135 0.029298 -0.999542 0.000000 -0.646107 -0.726341 0.234352 -0.718833 -0.598651 -0.353343 0.432569 0.012665 -0.901486 0.943052 0.027619 -0.331431 0.687551 -0.687246 -0.234352 0.370098 -0.566729 -0.736045 -0.254952 0.699911 -0.667135 -0.029298 0.999542 0.000000 0.646107 0.726341 -0.234352 0.336283 0.587451 -0.736045 -0.901089 -0.026399 -0.432752 -0.943052 -0.027619 0.331431 -0.687551 0.687246 0.234352 -0.752647 0.555528 -0.353343 -0.752647 0.555528 -0.353343 -0.687551 0.687246 0.234352 -0.029298 0.999542 0.000000 -0.254952 0.699911 -0.667135 0.370098 -0.566729 -0.736045 0.687551 -0.687246 -0.234352 0.029298 -0.999542 0.000000 -0.213538 -0.713645 -0.667135 -0.213538 -0.713645 -0.667135 0.029298 -0.999542 0.000000 0.029298 -0.999542 0.000000 -0.213538 -0.713645 -0.667135 0.901089 0.026399 0.432752 0.331278 0.009705 0.943449 0.254952 -0.699911 0.667135 0.752647 -0.555528 0.353343 0.331278 0.009705 0.943449 0.331278 0.009705 0.943449 0.254952 -0.699911 0.667135 0.254952 -0.699911 0.667135 -0.901089 -0.026399 -0.432752 -0.331278 -0.009705 -0.943449 -0.213538 -0.713645 -0.667135 -0.718833 -0.598651 -0.353343 -0.331278 -0.009705 -0.943449 -0.331278 -0.009705 -0.943449 -0.213538 -0.713645 -0.667135 0.687551 -0.687246 -0.234352 0.752647 -0.555528 0.353343 0.254952 -0.699911 0.667135 0.029298 -0.999542 0.000000 0.029298 -0.999542 0.000000 0.254952 -0.699911 0.667135 0.254952 -0.699911 0.667135 0.029298 -0.999542 0.000000 -0.687551 0.687246 0.234352 -0.370098 0.566729 0.736045 0.213538 0.713645 0.667135 -0.029298 0.999542 0.000000 -0.029298 0.999542 0.000000 0.213538 0.713645 0.667135 0.213538 0.713645 0.667135 -0.029298 0.999542 0.000000 -0.254952 0.699911 -0.667135 -0.254952 0.699911 -0.667135 -0.331278 -0.009705 -0.943449 -0.331278 -0.009705 -0.943449 -0.752647 0.555528 -0.353343 -0.254952 0.699911 -0.667135 -0.331278 -0.009705 -0.943449 -0.901089 -0.026399 -0.432752 0.213538 0.713645 0.667135 0.213538 0.713645 0.667135 0.331278 0.009705 0.943449 0.331278 0.009705 0.943449 0.718833 0.598651 0.353343 0.213538 0.713645 0.667135 0.331278 0.009705 0.943449 0.901089 0.026399 0.432752 -0.718833 -0.598651 -0.353343 -0.646107 -0.726341 0.234352 0.336283 0.587451 -0.736045 0.646107 0.726341 -0.234352 0.213538 0.713645 0.667135 -0.370098 0.566729 0.736045 -0.432569 -0.012665 0.901486 0.331278 0.009705 0.943449 -0.254952 0.699911 -0.667135 0.336283 0.587451 -0.736045 0.432569 0.012665 -0.901486 -0.331278 -0.009705 -0.943449 0.646107 0.726341 -0.234352 0.718833 0.598651 0.353343 0.901089 0.026399 0.432752 0.943052 0.027619 -0.331431 -0.646107 -0.726341 0.234352 -0.336283 -0.587451 0.736045 -0.432569 -0.012665 0.901486 -0.943052 -0.027619 0.331431 " />
											<TextureCoordinate point="0.1232 0.7138 0.3649 0.7138 0.3649 0.9555 0.1232 0.9555 0.1232 0.7138 0.3649 0.7138 0.3649 0.9555 0.1232 0.9555 0.1232 0.7138 0.3649 0.7138 0.3649 0.9555 0.1232 0.9555 0.1232 0.7138 0.3649 0.7138 0.3649 0.9555 0.1232 0.9555 0.6487 0.7127 0.8631 0.7127 0.8631 0.9271 0.6487 0.9271 0.1067 0.6875 0.3814 0.6875 0.3814 0.9622 0.1067 0.9622 0.5882 0.8713 0.9342 0.8713 0.9342 0.9544 0.5882 0.9544 0.5882 0.8297 0.9342 0.8297 0.9342 0.9544 0.5882 0.9544 0.5882 0.8713 0.9342 0.8713 0.9342 0.9544 0.5882 0.9544 0.5882 0.8297 0.9342 0.8297 0.9342 0.9544 0.5882 0.9544 0.5882 0.7051 0.9342 0.7051 0.9342 0.7882 0.5882 0.7882 0.5882 0.7051 0.9342 0.7051 0.9342 0.7882 0.5882 0.7882 0.6650 0.3894 0.9059 0.3894 0.9059 0.6303 0.6650 0.6303 0.1067 0.6875 0.3814 0.6875 0.3814 0.9622 0.1067 0.9622 0.1067 0.6875 0.3814 0.6875 0.3814 0.9622 0.1067 0.9622 0.6487 0.7127 0.8631 0.7127 0.8631 0.9271 0.6487 0.9271 0.6650 0.3894 0.9059 0.3894 0.9059 0.6303 0.1232 0.7138 0.3649 0.7138 0.3649 0.9555 0.1232 0.9555 0.1232 0.7138 0.3649 0.7138 0.3649 0.9555 0.1232 0.9555 0.1232 0.7138 0.3649 0.7138 0.3649 0.9555 0.1232 0.9555 0.1232 0.7138 0.3649 0.7138 0.3649 0.9555 0.1232 0.9555 0.3411 0.0456 0.6491 0.0456 0.6491 0.1703 0.3411 0.1703 0.6487 0.7127 0.8631 0.7127 0.8631 0.9271 0.6487 0.9271 0.1067 0.6875 0.3814 0.6875 0.3814 0.9622 0.1067 0.9622 0.1067 0.6875 0.3814 0.6875 0.3814 0.9622 0.1067 0.9622 0.5882 0.7051 0.9342 0.7051 0.5882 0.7051 0.9342 0.7051 0.1067 0.6875 0.3814 0.6875 0.3814 0.9622 0.1067 0.9622 0.6487 0.7127 0.8631 0.7127 0.8631 0.9271 0.6487 0.9271 0.1232 0.7138 0.3649 0.7138 0.3649 0.9555 0.1232 0.9555 0.1232 0.7138 0.3649 0.7138 0.3649 0.9555 0.1232 0.9555 " />
										</IndexedTriangleSet>
									</Shape>
								</Group>
							</Transform>
							<Transform DEF="Cube_011_TRANSFORM"
							           translation="0.268272 0.007863 0.763989"
							           scale="1.000000 1.000000 1.000000"
							           rotation="0.000000 1.000000 0.000000 0.000000"
							           >
								<Transform DEF="Cube_011_ifs_TRANSFORM"
								           translation="0.000000 0.000000 0.000000"
								           scale="1.000000 1.000000 1.000000"
								           rotation="0.000000 1.000000 0.000000 0.000000"
								           >
									<Group DEF="group_ME_Cube_024">
										<Shape>
											<Appearance>
												<Material USE="MA_Body" />
											</Appearance>
											<IndexedTriangleSet solid="false"
											                    normalPerVertex="true"
											                    index="0 1 2 0 2 3 4 5 6 4 6 7 8 9 10 8 10 11 12 13 14 12 14 15 4 16 17 4 17 15 18 5 14 18 14 19 "
											                    >
												<Coordinate point="-0.327368 -0.174204 0.116747 -0.057362 -0.166289 0.885676 -0.067004 0.162644 0.885676 -0.337010 0.154730 0.116747 -0.337010 0.154730 0.116747 -0.067004 0.162644 0.885676 0.597375 0.182118 0.652181 0.327368 0.174204 -0.116747 0.327368 0.174204 -0.116747 0.597375 0.182118 0.652181 0.607016 -0.146816 0.652181 0.337010 -0.154730 -0.116747 0.337010 -0.154730 -0.116747 0.607016 -0.146816 0.652181 -0.057362 -0.166289 0.885676 -0.327368 -0.174204 0.116747 0.327368 0.174204 -0.116747 0.337010 -0.154730 -0.116747 0.597375 0.182118 0.652181 0.607016 -0.146816 0.652181 " />
												<Normal vector="-0.718833 -0.598651 -0.353343 -0.336283 -0.587451 0.736045 -0.370098 0.566729 0.736045 -0.752647 0.555528 -0.353343 -0.752647 0.555528 -0.353343 -0.370098 0.566729 0.736045 0.718833 0.598651 0.353343 0.336283 0.587451 -0.736045 0.336283 0.587451 -0.736045 0.718833 0.598651 0.353343 0.752647 -0.555528 0.353343 0.370098 -0.566729 -0.736045 0.370098 -0.566729 -0.736045 0.752647 -0.555528 0.353343 -0.336283 -0.587451 0.736045 -0.718833 -0.598651 -0.353343 0.336283 0.587451 -0.736045 0.370098 -0.566729 -0.736045 0.718833 0.598651 0.353343 0.752647 -0.555528 0.353343 " />
												<TextureCoordinate point="0.1232 0.7138 0.3649 0.7138 0.3649 0.9555 0.1232 0.9555 0.1232 0.7138 0.3649 0.7138 0.3649 0.9555 0.1232 0.9555 0.1232 0.7138 0.3649 0.7138 0.3649 0.9555 0.1232 0.9555 0.1232 0.7138 0.3649 0.7138 0.3649 0.9555 0.1232 0.9555 0.3649 0.7138 0.3649 0.9555 0.1232 0.7138 0.1232 0.9555 " />
											</IndexedTriangleSet>
										</Shape>
									</Group>
								</Transform>
							</Transform>
						</Transform>
						<Transform DEF="Cube_012_TRANSFORM"
						           translation="0.308153 0.009032 0.108453"
						           scale="1.000000 1.000000 1.000000"
						           rotation="0.000000 1.000000 0.000000 0.000000"
						           >
							<Transform DEF="Cube_012_ifs_TRANSFORM"
							           translation="0.000000 0.000000 0.000000"
							           scale="1.000000 1.000000 1.000000"
							           rotation="0.000000 1.000000 0.000000 0.000000"
							           >
								<Group DEF="group_ME_Cube_025">
									<Shape>
										<Appearance>
											<Material USE="MA_Body" />
										</Appearance>
										<IndexedTriangleSet solid="false"
										                    normalPerVertex="true"
										                    index="0 1 2 0 2 3 4 5 6 4 6 7 8 9 10 8 10 11 12 13 14 12 14 15 4 16 17 4 17 15 18 5 14 18 14 19 "
										                    >
											<Coordinate point="-0.090063 -0.155269 0.133157 0.667061 -0.133077 0.671125 0.658122 0.171920 0.671125 -0.099003 0.149727 0.133157 -0.099003 0.149727 0.133157 0.658122 0.171920 0.671125 0.847187 0.177461 0.404811 0.090063 0.155269 -0.133157 0.090063 0.155269 -0.133157 0.847187 0.177461 0.404811 0.856127 -0.127535 0.404811 0.099003 -0.149727 -0.133157 0.099003 -0.149727 -0.133157 0.856127 -0.127535 0.404811 0.667061 -0.133077 0.671125 -0.090063 -0.155269 0.133157 0.090063 0.155269 -0.133157 0.099003 -0.149727 -0.133157 0.847187 0.177461 0.404811 0.856127 -0.127535 0.404811 " />
											<Normal vector="-0.787744 -0.600665 0.136387 0.153233 -0.573077 0.805017 0.119419 0.581072 0.805017 -0.821589 0.553514 0.136387 -0.821589 0.553514 0.136387 0.119419 0.581072 0.805017 0.787744 0.600665 -0.136387 -0.153233 0.573077 -0.805017 -0.153233 0.573077 -0.805017 0.787744 0.600665 -0.136387 0.821589 -0.553514 -0.136387 -0.119419 -0.581072 -0.805017 -0.119419 -0.581072 -0.805017 0.821589 -0.553514 -0.136387 0.153233 -0.573077 0.805017 -0.787744 -0.600665 0.136387 -0.153233 0.573077 -0.805017 -0.119419 -0.581072 -0.805017 0.787744 0.600665 -0.136387 0.821589 -0.553514 -0.136387 " />
											<TextureCoordinate point="0.0331 0.0456 0.9570 0.0456 0.9570 0.2949 0.0331 0.2949 0.0331 0.0456 0.9570 0.0456 0.9570 0.2949 0.0331 0.2949 0.0331 0.0456 0.9570 0.0456 0.9570 0.2949 0.0331 0.2949 0.0331 0.0456 0.9570 0.0456 0.9570 0.2949 0.0331 0.2949 0.9570 0.0456 0.9570 0.2949 0.0331 0.0456 0.0331 0.2949 " />
										</IndexedTriangleSet>
									</Shape>
								</Group>
							</Transform>
						</Transform>
					</Transform>
					<Transform DEF="Cube_TRANSFORM"
					           translation="0.000000 -0.968467 0.798847"
					           scale="1.000000 1.000000 1.000000"
					           rotation="0.000000 1.000000 0.000000 0.000000"
					           >
						<Transform DEF="Cube_ifs_TRANSFORM"
						           translation="0.000000 0.000000 0.000000"
						           scale="1.000000 1.000000 1.000000"
						           rotation="0.000000 1.000000 0.000000 0.000000"
						           >
							<Group DEF="group_ME_Cube_010">
								<Shape>
									<Appearance>
										<Material USE="MA_Body" />
									</Appearance>
									<IndexedTriangleSet solid="false"
									                    normalPerVertex="true"
									                    index="0 1 2 0 2 3 4 5 6 4 6 7 8 9 10 8 10 11 12 13 14 12 14 15 4 16 17 4 17 15 18 5 14 18 14 19 "
									                    >
										<Coordinate point="-0.324956 -0.052913 -0.175195 -0.324956 -0.052913 0.175195 -0.324956 0.000000 0.175195 -0.324956 0.000000 -0.175195 -0.324956 0.000000 -0.175195 -0.324956 0.000000 0.175195 0.324956 0.000000 0.175195 0.324956 0.000000 -0.175195 0.324956 0.000000 -0.175195 0.324956 0.000000 0.175195 0.324956 -0.052913 0.175195 0.324956 -0.052913 -0.175195 0.324956 -0.052913 -0.175195 0.324956 -0.052913 0.175195 -0.324956 -0.052913 0.175195 -0.324956 -0.052913 -0.175195 0.324956 0.000000 -0.175195 0.324956 -0.052913 -0.175195 0.324956 0.000000 0.175195 0.324956 -0.052913 0.175195 " />
										<Normal vector="-0.577349 -0.577349 -0.577349 -0.577349 -0.577349 0.577349 -0.577349 0.577349 0.577349 -0.577349 0.577349 -0.577349 -0.577349 0.577349 -0.577349 -0.577349 0.577349 0.577349 0.577349 0.577349 0.577349 0.577349 0.577349 -0.577349 0.577349 0.577349 -0.577349 0.577349 0.577349 0.577349 0.577349 -0.577349 0.577349 0.577349 -0.577349 -0.577349 0.577349 -0.577349 -0.577349 0.577349 -0.577349 0.577349 -0.577349 -0.577349 0.577349 -0.577349 -0.577349 -0.577349 0.577349 0.577349 -0.577349 0.577349 -0.577349 -0.577349 0.577349 0.577349 0.577349 0.577349 -0.577349 0.577349 " />
										<TextureCoordinate point="0.0557 0.3836 0.4325 0.3836 0.4325 0.6164 0.0557 0.6164 0.0557 0.3836 0.4325 0.3836 0.4325 0.6164 0.0557 0.6164 0.0557 0.3836 0.4325 0.3836 0.4325 0.6164 0.0557 0.6164 0.0557 0.3836 0.4325 0.3836 0.4325 0.6164 0.0557 0.6164 0.4325 0.3836 0.4325 0.6164 0.0557 0.3836 0.0557 0.6164 " />
									</IndexedTriangleSet>
								</Shape>
							</Group>
						</Transform>
					</Transform>
					<Transform DEF="Cube_005_TRANSFORM"
					           translation="-1.002480 -0.403528 0.608998"
					           scale="1.000000 1.000000 1.000000"
					           rotation="0.000000 1.000000 0.000000 0.000000"
					           >
						<Transform DEF="Cube_005_ifs_TRANSFORM"
						           translation="0.000000 0.000000 0.000000"
						           scale="1.000000 1.000000 1.000000"
						           rotation="0.000000 1.000000 0.000000 0.000000"
						           >
							<Group DEF="group_ME_Cube_022">
								<Shape>
									<Appearance>
										<Material USE="MA_Body" />
									</Appearance>
									<IndexedTriangleSet solid="false"
									                    normalPerVertex="true"
									                    index="0 1 2 0 2 3 4 5 6 4 6 7 8 9 10 8 10 11 12 13 14 12 14 15 4 13 16 4 16 17 18 19 14 18 14 7 "
									                    >
										<Coordinate point="-0.001983 -0.154463 0.189651 0.145181 0.154463 0.122041 -0.568890 0.566425 0.450100 -0.716054 0.257499 0.517710 0.145181 0.154463 0.122041 0.001983 0.154463 -0.189651 -0.712088 0.566425 0.138409 -0.568890 0.566425 0.450100 0.001983 0.154463 -0.189651 -0.145181 -0.154463 -0.122041 -0.859252 0.257499 0.206019 -0.712088 0.566425 0.138409 -0.145181 -0.154463 -0.122041 -0.001983 -0.154463 0.189651 -0.716054 0.257499 0.517710 -0.859252 0.257499 0.206019 -0.145181 -0.154463 -0.122041 0.001983 0.154463 -0.189651 -0.712088 0.566425 0.138409 -0.859252 0.257499 0.206019 " />
										<Normal vector="0.462081 -0.779412 0.423048 0.949248 0.243263 0.199225 0.019959 0.779382 0.626179 -0.467208 -0.243263 0.850002 0.949248 0.243263 0.199225 0.467208 0.243263 -0.850002 -0.462081 0.779412 -0.423048 0.019959 0.779382 0.626179 0.467208 0.243263 -0.850002 -0.019959 -0.779382 -0.626179 -0.949248 -0.243263 -0.199225 -0.462081 0.779412 -0.423048 -0.019959 -0.779382 -0.626179 0.462081 -0.779412 0.423048 -0.467208 -0.243263 0.850002 -0.949248 -0.243263 -0.199225 -0.019959 -0.779382 -0.626179 0.467208 0.243263 -0.850002 -0.462081 0.779412 -0.423048 -0.949248 -0.243263 -0.199225 " />
										<TextureCoordinate point="0.0331 0.0456 0.0331 0.2949 0.9570 0.2949 0.9570 0.0456 0.0331 0.0456 0.0331 0.2949 0.9570 0.2949 0.9570 0.0456 0.0331 0.0456 0.0331 0.2949 0.9570 0.2949 0.9570 0.0456 0.0331 0.0456 0.0331 0.2949 0.9570 0.2949 0.9570 0.0456 0.9570 0.2949 0.9570 0.0456 0.0331 0.0456 0.0331 0.2949 " />
									</IndexedTriangleSet>
								</Shape>
							</Group>
						</Transform>
					</Transform>
					<Transform DEF="Cube_009_TRANSFORM"
					           translation="-1.045150 -0.382647 0.787080"
					           scale="1.000000 1.000000 1.000000"
					           rotation="0.000000 1.000000 0.000000 0.000000"
					           >
						<Transform DEF="Cube_009_ifs_TRANSFORM"
						           translation="0.000000 0.000000 0.000000"
						           scale="1.000000 1.000000 1.000000"
						           rotation="0.000000 1.000000 0.000000 0.000000"
						           >
							<Group DEF="group_ME_Cube_026">
								<Shape>
									<Appearance>
										<Material USE="MA_Body" />
									</Appearance>
									<IndexedTriangleSet solid="false"
									                    normalPerVertex="true"
									                    index="0 1 2 0 2 3 4 5 6 4 6 7 8 9 10 8 10 11 12 13 14 12 14 15 4 13 16 4 16 17 18 19 14 18 14 7 "
									                    >
										<Coordinate point="0.067023 -0.139296 0.108554 0.160006 0.070537 0.071430 -0.140369 0.285181 0.532318 -0.233352 0.075348 0.569442 0.160006 0.070537 0.071430 -0.067023 0.139296 -0.108554 -0.367398 0.353941 0.352334 -0.140369 0.285181 0.532318 -0.067023 0.139296 -0.108554 -0.160006 -0.070537 -0.071430 -0.460380 0.144108 0.389457 -0.367398 0.353941 0.352334 -0.160006 -0.070537 -0.071430 0.067023 -0.139296 0.108554 -0.233352 0.075348 0.569442 -0.460380 0.144108 0.389457 -0.160006 -0.070537 -0.071430 -0.067023 0.139296 -0.108554 -0.367398 0.353941 0.352334 -0.460380 0.144108 0.389457 " />
										<Normal vector="0.502945 -0.864223 -0.009430 0.964751 0.177892 -0.193793 0.377422 0.597583 0.707389 -0.084353 -0.444533 0.891751 0.964751 0.177892 -0.193793 0.084353 0.444533 -0.891751 -0.502945 0.864223 0.009430 0.377422 0.597583 0.707389 0.084353 0.444533 -0.891751 -0.377422 -0.597583 -0.707389 -0.964751 -0.177892 0.193793 -0.502945 0.864223 0.009430 -0.377422 -0.597583 -0.707389 0.502945 -0.864223 -0.009430 -0.084353 -0.444533 0.891751 -0.964751 -0.177892 0.193793 -0.377422 -0.597583 -0.707389 0.084353 0.444533 -0.891751 -0.502945 0.864223 0.009430 -0.964751 -0.177892 0.193793 " />
										<TextureCoordinate point="0.0331 0.0456 0.0331 0.2949 0.9570 0.2949 0.9570 0.0456 0.0331 0.0456 0.0331 0.2949 0.9570 0.2949 0.9570 0.0456 0.0331 0.0456 0.0331 0.2949 0.9570 0.2949 0.9570 0.0456 0.0331 0.0456 0.0331 0.2949 0.9570 0.2949 0.9570 0.0456 0.9570 0.2949 0.9570 0.0456 0.0331 0.0456 0.0331 0.2949 " />
									</IndexedTriangleSet>
								</Shape>
							</Group>
						</Transform>
					</Transform>
					<Transform DEF="orl2_TRANSFORM"
					           translation="-0.145493 0.000000 1.729311"
					           scale="1.000000 1.000000 1.000000"
					           rotation="0.000000 1.000000 0.000000 0.000000"
					           >
						<Transform DEF="orl2_ifs_TRANSFORM"
						           translation="0.000000 0.000000 0.000000"
						           scale="1.000000 1.000000 1.000000"
						           rotation="0.000000 1.000000 0.000000 0.000000"
						           >
							<Group DEF="group_ME_orl2">
								<Shape>
									<Appearance>
										<Material USE="MA_Body" />
									</Appearance>
									<IndexedTriangleSet solid="false"
									                    normalPerVertex="true"
									                    index="0 1 2 0 2 3 4 5 6 4 6 7 8 9 10 8 10 11 12 13 14 12 14 15 16 17 18 16 18 19 20 21 14 20 14 22 23 24 25 23 25 26 26 25 21 26 21 20 27 28 29 27 29 30 30 29 17 30 17 16 31 32 33 31 33 34 35 36 37 35 37 38 39 40 41 39 41 22 40 4 7 40 7 41 42 43 4 42 4 40 27 42 40 27 40 39 44 45 46 44 46 47 48 49 32 48 32 31 50 28 13 50 13 12 51 52 9 51 9 8 43 53 5 43 5 4 54 55 1 54 1 0 "
									                    >
										<Coordinate point="0.331780 -0.220177 0.263083 0.345227 0.198429 0.263083 0.034749 0.208403 1.147345 0.021302 -0.210203 1.147345 -0.126449 0.213581 0.097299 -0.421860 0.223071 -0.006531 -0.732338 0.233044 0.877730 -0.436927 0.223555 0.981561 -0.421860 0.223071 -0.006531 -0.435307 -0.195536 -0.006531 -0.745785 -0.185562 0.877730 -0.732338 0.233044 0.877730 0.036369 -0.210687 0.159253 0.331780 -0.220177 0.263083 0.021302 -0.210203 1.147345 -0.274109 -0.200714 1.043514 -0.081409 0.212134 -0.030977 -0.094856 -0.206472 -0.030977 -0.390267 -0.196982 -0.134807 -0.376820 0.221624 -0.134807 -0.260662 0.217892 1.043514 -0.274109 -0.200714 1.043514 0.034749 0.208403 1.147345 -0.732338 0.233044 0.877730 -0.745785 -0.185562 0.877730 -0.450374 -0.195052 0.981561 -0.436927 0.223555 0.981561 0.390267 0.196982 0.134807 0.376820 -0.221624 0.134807 0.081409 -0.212134 0.030977 0.094856 0.206472 0.030977 -0.435307 -0.195536 -0.006531 -0.139896 -0.205025 0.097299 -0.450374 -0.195052 0.981561 -0.745785 -0.185562 0.877730 -0.139896 -0.205025 0.097299 0.036369 -0.210687 0.159253 -0.274109 -0.200714 1.043514 -0.450374 -0.195052 0.981561 0.345227 0.198429 0.263083 0.049816 0.207919 0.159253 -0.260662 0.217892 1.043514 0.094856 0.206472 0.030977 -0.081409 0.212134 -0.030977 -0.094856 -0.206472 -0.030977 0.081409 -0.212134 0.030977 0.036369 -0.210687 0.159253 -0.139896 -0.205025 0.097299 -0.390267 -0.196982 -0.134807 -0.094856 -0.206472 -0.030977 0.081409 -0.212134 0.030977 -0.376820 0.221624 -0.134807 -0.390267 -0.196982 -0.134807 -0.376820 0.221624 -0.134807 0.376820 -0.221624 0.134807 0.390267 0.196982 0.134807 " />
										<Normal vector="0.644063 -0.728141 0.234352 0.689474 0.685293 0.234352 0.371685 0.565691 0.736045 0.334635 -0.588397 0.736045 0.032105 0.999481 0.000000 -0.644063 0.728141 -0.234352 -0.717154 0.600665 0.353343 -0.211524 0.714255 0.667135 -0.644063 0.728141 -0.234352 -0.689474 -0.685293 -0.234352 -0.754204 -0.553392 0.353343 -0.717154 0.600665 0.353343 -0.032105 -0.999481 0.000000 0.644063 -0.728141 0.234352 0.334635 -0.588397 0.736045 -0.256935 -0.699210 0.667135 0.256935 0.699210 -0.667135 0.211524 -0.714255 -0.667135 -0.371685 -0.565691 -0.736045 -0.334635 0.588397 -0.736045 -0.211524 0.714255 0.667135 -0.256935 -0.699210 0.667135 0.371685 0.565691 0.736045 -0.717154 0.600665 0.353343 -0.754204 -0.553392 0.353343 -0.256935 -0.699210 0.667135 -0.211524 0.714255 0.667135 0.754204 0.553392 -0.353343 0.717154 -0.600665 -0.353343 0.211524 -0.714255 -0.667135 0.256935 0.699210 -0.667135 -0.689474 -0.685293 -0.234352 -0.032105 -0.999481 0.000000 -0.256935 -0.699210 0.667135 -0.754204 -0.553392 0.353343 -0.032105 -0.999481 0.000000 -0.032105 -0.999481 0.000000 -0.256935 -0.699210 0.667135 -0.256935 -0.699210 0.667135 0.689474 0.685293 0.234352 0.032105 0.999481 0.000000 -0.211524 0.714255 0.667135 0.256935 0.699210 -0.667135 0.256935 0.699210 -0.667135 0.211524 -0.714255 -0.667135 0.211524 -0.714255 -0.667135 -0.032105 -0.999481 0.000000 -0.032105 -0.999481 0.000000 -0.371685 -0.565691 -0.736045 0.211524 -0.714255 -0.667135 0.211524 -0.714255 -0.667135 -0.334635 0.588397 -0.736045 -0.371685 -0.565691 -0.736045 -0.334635 0.588397 -0.736045 0.717154 -0.600665 -0.353343 0.754204 0.553392 -0.353343 " />
										<TextureCoordinate point="0.4951 0.0456 0.4951 0.2949 0.9570 0.2949 0.9570 0.0456 0.4951 0.2118 0.4951 0.2949 0.9570 0.2949 0.9570 0.2118 0.4951 0.0456 0.4951 0.2949 0.9570 0.2949 0.9570 0.0456 0.4951 0.2118 0.4951 0.2949 0.9570 0.2949 0.9570 0.2118 0.6491 0.0456 0.6491 0.2949 0.9570 0.2949 0.9570 0.0456 0.6491 0.0456 0.6491 0.2949 0.9570 0.0456 0.0331 0.0456 0.0331 0.2949 0.3411 0.2949 0.3411 0.0456 0.0331 0.0456 0.0331 0.2949 0.3411 0.2949 0.3411 0.0456 0.4951 0.0456 0.4951 0.1287 0.9570 0.1287 0.9570 0.0456 0.7461 0.4017 0.7461 0.5786 0.8808 0.5786 0.8808 0.4017 0.4951 0.0456 0.4951 0.1287 0.9570 0.1287 0.0331 0.1287 0.0331 0.2118 0.4243 0.0819 0.4243 0.2587 0.5591 0.2587 0.5591 0.0819 0.0331 0.0456 0.0331 0.1287 0.0331 0.2118 0.0331 0.0456 0.0331 0.2949 0.0331 0.2949 0.0331 0.0456 0.0331 0.2949 " />
									</IndexedTriangleSet>
								</Shape>
							</Group>
						</Transform>
						<Transform DEF="Cube_013_TRANSFORM"
						           translation="-0.342341 0.010997 0.975009"
						           scale="1.000000 1.000000 1.000000"
						           rotation="0.000000 1.000000 0.000000 0.000000"
						           >
							<Transform DEF="Cube_013_ifs_TRANSFORM"
							           translation="0.000000 0.000000 0.000000"
							           scale="1.000000 1.000000 1.000000"
							           rotation="0.000000 1.000000 0.000000 0.000000"
							           >
								<Group DEF="group_ME_Cube_027">
									<Shape>
										<Appearance>
											<Material USE="MA_Body" />
										</Appearance>
										<IndexedTriangleSet solid="false"
										                    normalPerVertex="true"
										                    index="0 1 2 0 2 3 4 5 6 4 6 7 8 9 10 8 10 11 12 13 14 12 14 15 16 17 18 16 18 19 20 21 22 20 22 23 24 25 26 24 26 27 28 29 30 28 30 31 32 33 34 32 34 35 36 37 38 36 38 39 40 41 42 40 42 43 41 32 35 41 35 42 44 45 46 44 46 47 48 49 50 48 50 51 52 53 54 52 54 55 56 57 58 56 58 59 60 61 62 60 62 63 64 49 65 64 65 66 67 68 69 67 69 70 71 72 73 71 73 74 75 76 77 75 77 78 79 80 81 79 81 82 83 84 85 83 85 86 87 88 89 87 89 90 91 92 93 91 93 94 95 96 97 95 97 98 99 36 39 99 39 100 101 28 31 101 31 102 103 104 105 103 105 106 107 108 109 107 109 110 111 112 113 111 113 114 115 116 117 115 117 118 "
										                    >
											<Coordinate point="0.374955 -0.078431 0.354614 0.384186 0.208946 0.354614 0.164915 0.215990 0.979112 0.155684 -0.071387 0.979112 -0.123878 0.225267 0.176041 -0.508802 0.237632 0.040748 -0.728073 0.244675 0.665246 -0.343149 0.232310 0.800538 -0.518034 -0.049745 0.040748 -0.523004 -0.204487 0.040748 -0.742275 -0.197443 0.665246 -0.737305 -0.042702 0.665246 -0.014941 -0.220807 0.219321 0.369984 -0.233173 0.354614 0.150713 -0.226129 0.979112 -0.234212 -0.213764 0.843819 -0.063700 -0.064340 -0.021641 -0.068671 -0.219081 -0.021641 -0.453595 -0.206716 -0.156933 -0.448625 -0.051975 -0.156933 -0.229241 -0.059022 0.843819 -0.234212 -0.213764 0.843819 0.150713 -0.226129 0.979112 0.155684 -0.071387 0.979112 0.054468 -0.223037 0.021640 0.439393 -0.235402 0.156933 0.369984 -0.233173 0.354614 -0.014941 -0.220807 0.219321 -0.448625 -0.051975 -0.156933 -0.453595 -0.206716 -0.156933 -0.523004 -0.204487 0.040748 -0.518034 -0.049745 0.040748 -0.054469 0.223037 -0.021641 -0.439393 0.235402 -0.156933 -0.508802 0.237632 0.040748 -0.123878 0.225267 0.176041 0.444364 -0.080661 0.156933 0.453595 0.206716 0.156933 0.384186 0.208946 0.354614 0.374955 -0.078431 0.354614 0.453595 0.206716 0.156933 0.068671 0.219081 0.021640 -0.000738 0.221311 0.219322 0.384186 0.208946 0.354614 -0.453595 -0.206716 -0.156933 -0.068671 -0.219081 -0.021641 -0.138080 -0.216852 0.176041 -0.523004 -0.204487 0.040748 -0.068671 -0.219081 -0.021641 0.054468 -0.223037 0.021640 -0.014941 -0.220807 0.219321 -0.138080 -0.216852 0.176041 -0.737305 -0.042702 0.665246 -0.742275 -0.197443 0.665246 -0.357351 -0.209808 0.800538 -0.352380 -0.055067 0.800538 -0.352380 -0.055067 0.800538 -0.357351 -0.209808 0.800538 -0.234212 -0.213764 0.843819 -0.229241 -0.059022 0.843819 0.444364 -0.080661 0.156933 0.439393 -0.235402 0.156933 0.054468 -0.223037 0.021640 0.059439 -0.068296 0.021640 0.059439 -0.068296 0.021640 -0.068671 -0.219081 -0.021641 -0.063700 -0.064340 -0.021641 -0.523004 -0.204487 0.040748 -0.138080 -0.216852 0.176041 -0.357351 -0.209808 0.800538 -0.742275 -0.197443 0.665246 -0.138080 -0.216852 0.176041 -0.014941 -0.220807 0.219321 -0.234212 -0.213764 0.843819 -0.357351 -0.209808 0.800538 0.384186 0.208946 0.354614 -0.000738 0.221311 0.219322 -0.220009 0.228355 0.843819 0.164915 0.215990 0.979112 -0.000738 0.221311 0.219322 -0.123878 0.225267 0.176041 -0.343149 0.232310 0.800538 -0.220009 0.228355 0.843819 0.068671 0.219081 0.021640 0.059439 -0.068296 0.021640 -0.063700 -0.064340 -0.021641 -0.054469 0.223037 -0.021641 0.453595 0.206716 0.156933 0.444364 -0.080661 0.156933 0.059439 -0.068296 0.021640 0.068671 0.219081 0.021640 -0.343149 0.232310 0.800538 -0.352380 -0.055067 0.800538 -0.229241 -0.059022 0.843819 -0.220009 0.228355 0.843819 -0.728073 0.244675 0.665246 -0.737305 -0.042702 0.665246 -0.352380 -0.055067 0.800538 -0.343149 0.232310 0.800538 0.439393 -0.235402 0.156933 0.369984 -0.233173 0.354614 -0.439393 0.235402 -0.156933 -0.508802 0.237632 0.040748 -0.220009 0.228355 0.843819 -0.229241 -0.059022 0.843819 0.155684 -0.071387 0.979112 0.164915 0.215990 0.979112 -0.054469 0.223037 -0.021641 -0.063700 -0.064340 -0.021641 -0.448625 -0.051975 -0.156933 -0.439393 0.235402 -0.156933 -0.508802 0.237632 0.040748 -0.518034 -0.049745 0.040748 -0.737305 -0.042702 0.665246 -0.728073 0.244675 0.665246 0.369984 -0.233173 0.354614 0.374955 -0.078431 0.354614 0.155684 -0.071387 0.979112 0.150713 -0.226129 0.979112 " />
											<Normal vector="0.942961 -0.030274 0.331431 0.689474 0.685293 0.234352 0.371685 0.565691 0.736045 0.432539 -0.013886 0.901486 0.032105 0.999481 0.000000 -0.644063 0.728141 -0.234352 -0.717154 0.600665 0.353343 -0.211524 0.714255 0.667135 -0.942961 0.030274 -0.331431 -0.689474 -0.685293 -0.234352 -0.754204 -0.553392 0.353343 -0.901028 0.028932 0.432752 -0.032105 -0.999481 0.000000 0.644063 -0.728141 0.234352 0.334635 -0.588397 0.736045 -0.256935 -0.699210 0.667135 0.331248 -0.010620 -0.943449 0.211524 -0.714255 -0.667135 -0.371685 -0.565691 -0.736045 -0.432539 0.013886 -0.901486 -0.331248 0.010620 0.943449 -0.256935 -0.699210 0.667135 0.334635 -0.588397 0.736045 0.432539 -0.013886 0.901486 0.211524 -0.714255 -0.667135 0.717154 -0.600665 -0.353343 0.644063 -0.728141 0.234352 -0.032105 -0.999481 0.000000 -0.432539 0.013886 -0.901486 -0.371685 -0.565691 -0.736045 -0.689474 -0.685293 -0.234352 -0.942961 0.030274 -0.331431 0.256935 0.699210 -0.667135 -0.334635 0.588397 -0.736045 -0.644063 0.728141 -0.234352 0.032105 0.999481 0.000000 0.901028 -0.028932 -0.432752 0.754204 0.553392 -0.353343 0.689474 0.685293 0.234352 0.942961 -0.030274 0.331431 0.754204 0.553392 -0.353343 0.256935 0.699210 -0.667135 0.032105 0.999481 0.000000 0.689474 0.685293 0.234352 -0.371685 -0.565691 -0.736045 0.211524 -0.714255 -0.667135 -0.032105 -0.999481 0.000000 -0.689474 -0.685293 -0.234352 0.211524 -0.714255 -0.667135 0.211524 -0.714255 -0.667135 -0.032105 -0.999481 0.000000 -0.032105 -0.999481 0.000000 -0.901028 0.028932 0.432752 -0.754204 -0.553392 0.353343 -0.256935 -0.699210 0.667135 -0.331248 0.010620 0.943449 -0.331248 0.010620 0.943449 -0.256935 -0.699210 0.667135 -0.256935 -0.699210 0.667135 -0.331248 0.010620 0.943449 0.901028 -0.028932 -0.432752 0.717154 -0.600665 -0.353343 0.211524 -0.714255 -0.667135 0.331248 -0.010620 -0.943449 0.331248 -0.010620 -0.943449 0.211524 -0.714255 -0.667135 0.331248 -0.010620 -0.943449 -0.689474 -0.685293 -0.234352 -0.032105 -0.999481 0.000000 -0.256935 -0.699210 0.667135 -0.754204 -0.553392 0.353343 -0.032105 -0.999481 0.000000 -0.032105 -0.999481 0.000000 -0.256935 -0.699210 0.667135 -0.256935 -0.699210 0.667135 0.689474 0.685293 0.234352 0.032105 0.999481 0.000000 -0.211524 0.714255 0.667135 0.371685 0.565691 0.736045 0.032105 0.999481 0.000000 0.032105 0.999481 0.000000 -0.211524 0.714255 0.667135 -0.211524 0.714255 0.667135 0.256935 0.699210 -0.667135 0.331248 -0.010620 -0.943449 0.331248 -0.010620 -0.943449 0.256935 0.699210 -0.667135 0.754204 0.553392 -0.353343 0.901028 -0.028932 -0.432752 0.331248 -0.010620 -0.943449 0.256935 0.699210 -0.667135 -0.211524 0.714255 0.667135 -0.331248 0.010620 0.943449 -0.331248 0.010620 0.943449 -0.211524 0.714255 0.667135 -0.717154 0.600665 0.353343 -0.901028 0.028932 0.432752 -0.331248 0.010620 0.943449 -0.211524 0.714255 0.667135 0.717154 -0.600665 -0.353343 0.644063 -0.728141 0.234352 -0.334635 0.588397 -0.736045 -0.644063 0.728141 -0.234352 -0.211524 0.714255 0.667135 -0.331248 0.010620 0.943449 0.432539 -0.013886 0.901486 0.371685 0.565691 0.736045 0.256935 0.699210 -0.667135 0.331248 -0.010620 -0.943449 -0.432539 0.013886 -0.901486 -0.334635 0.588397 -0.736045 -0.644063 0.728141 -0.234352 -0.942961 0.030274 -0.331431 -0.901028 0.028932 0.432752 -0.717154 0.600665 0.353343 0.644063 -0.728141 0.234352 0.942961 -0.030274 0.331431 0.432539 -0.013886 0.901486 0.334635 -0.588397 0.736045 " />
											<TextureCoordinate point="0.1232 0.7138 0.1232 0.9555 0.3649 0.9555 0.3649 0.7138 0.1232 0.7138 0.1232 0.9555 0.3649 0.9555 0.3649 0.7138 0.1232 0.7138 0.1232 0.9555 0.3649 0.9555 0.3649 0.7138 0.1232 0.7138 0.1232 0.9555 0.3649 0.9555 0.3649 0.7138 0.6487 0.7127 0.6487 0.9271 0.8631 0.9271 0.8631 0.7127 0.1067 0.6875 0.1067 0.9622 0.3814 0.9622 0.3814 0.6875 0.5882 0.8713 0.5882 0.9544 0.9342 0.9544 0.9342 0.8713 0.5882 0.8297 0.5882 0.9544 0.9342 0.9544 0.9342 0.8297 0.5882 0.8713 0.5882 0.9544 0.9342 0.9544 0.9342 0.8713 0.5882 0.8297 0.5882 0.9544 0.9342 0.9544 0.9342 0.8297 0.5882 0.7051 0.5882 0.7882 0.9342 0.7882 0.9342 0.7051 0.5882 0.7051 0.5882 0.7882 0.9342 0.7882 0.9342 0.7051 0.6650 0.3894 0.6650 0.6303 0.9059 0.6303 0.9059 0.3894 0.1067 0.6875 0.1067 0.9622 0.3814 0.9622 0.3814 0.6875 0.1067 0.6875 0.1067 0.9622 0.3814 0.9622 0.3814 0.6875 0.6487 0.7127 0.6487 0.9271 0.8631 0.9271 0.8631 0.7127 0.6650 0.3894 0.9059 0.6303 0.9059 0.3894 0.1232 0.7138 0.1232 0.9555 0.3649 0.9555 0.3649 0.7138 0.1232 0.7138 0.1232 0.9555 0.3649 0.9555 0.3649 0.7138 0.1232 0.7138 0.1232 0.9555 0.3649 0.9555 0.3649 0.7138 0.1232 0.7138 0.1232 0.9555 0.3649 0.9555 0.3649 0.7138 0.3411 0.0456 0.3411 0.1703 0.6491 0.1703 0.6491 0.0456 0.6487 0.7127 0.6487 0.9271 0.8631 0.9271 0.8631 0.7127 0.1067 0.6875 0.1067 0.9622 0.3814 0.9622 0.3814 0.6875 0.1067 0.6875 0.1067 0.9622 0.3814 0.9622 0.3814 0.6875 0.5882 0.7051 0.9342 0.7051 0.5882 0.7051 0.9342 0.7051 0.1067 0.6875 0.1067 0.9622 0.3814 0.9622 0.3814 0.6875 0.6487 0.7127 0.6487 0.9271 0.8631 0.9271 0.8631 0.7127 0.1232 0.7138 0.1232 0.9555 0.3649 0.9555 0.3649 0.7138 0.1232 0.7138 0.1232 0.9555 0.3649 0.9555 0.3649 0.7138 " />
										</IndexedTriangleSet>
									</Shape>
								</Group>
							</Transform>
							<Transform DEF="Cube_014_TRANSFORM"
							           translation="-0.268249 0.008617 0.763989"
							           scale="1.000000 1.000000 1.000000"
							           rotation="0.000000 1.000000 0.000000 0.000000"
							           >
								<Transform DEF="Cube_014_ifs_TRANSFORM"
								           translation="0.000000 0.000000 0.000000"
								           scale="1.000000 1.000000 1.000000"
								           rotation="0.000000 1.000000 0.000000 0.000000"
								           >
									<Group DEF="group_ME_Cube_028">
										<Shape>
											<Appearance>
												<Material USE="MA_Body" />
											</Appearance>
											<IndexedTriangleSet solid="false"
											                    normalPerVertex="true"
											                    index="0 1 2 0 2 3 4 5 6 4 6 7 8 9 10 8 10 11 12 13 14 12 14 15 4 13 16 4 16 17 18 19 14 18 14 7 "
											                    >
												<Coordinate point="0.326878 -0.175123 0.116747 0.337443 0.153782 0.116747 0.067460 0.162455 0.885676 0.056895 -0.166450 0.885676 0.337443 0.153782 0.116747 -0.326878 0.175123 -0.116747 -0.596861 0.183795 0.652181 0.067460 0.162455 0.885676 -0.326878 0.175123 -0.116747 -0.337443 -0.153782 -0.116747 -0.607426 -0.145110 0.652181 -0.596861 0.183795 0.652181 -0.337443 -0.153782 -0.116747 0.326878 -0.175123 0.116747 0.056895 -0.166450 0.885676 -0.607426 -0.145110 0.652181 -0.337443 -0.153782 -0.116747 -0.326878 0.175123 -0.116747 -0.596861 0.183795 0.652181 -0.607426 -0.145110 0.652181 " />
												<Normal vector="0.717154 -0.600665 -0.353343 0.754204 0.553392 -0.353343 0.371685 0.565691 0.736045 0.334635 -0.588397 0.736045 0.754204 0.553392 -0.353343 -0.334635 0.588397 -0.736045 -0.717154 0.600665 0.353343 0.371685 0.565691 0.736045 -0.334635 0.588397 -0.736045 -0.371685 -0.565691 -0.736045 -0.754204 -0.553392 0.353343 -0.717154 0.600665 0.353343 -0.371685 -0.565691 -0.736045 0.717154 -0.600665 -0.353343 0.334635 -0.588397 0.736045 -0.754204 -0.553392 0.353343 -0.371685 -0.565691 -0.736045 -0.334635 0.588397 -0.736045 -0.717154 0.600665 0.353343 -0.754204 -0.553392 0.353343 " />
												<TextureCoordinate point="0.1232 0.7138 0.1232 0.9555 0.3649 0.9555 0.3649 0.7138 0.1232 0.7138 0.1232 0.9555 0.3649 0.9555 0.3649 0.7138 0.1232 0.7138 0.1232 0.9555 0.3649 0.9555 0.3649 0.7138 0.1232 0.7138 0.1232 0.9555 0.3649 0.9555 0.3649 0.7138 0.3649 0.9555 0.3649 0.7138 0.1232 0.7138 0.1232 0.9555 " />
											</IndexedTriangleSet>
										</Shape>
									</Group>
								</Transform>
							</Transform>
						</Transform>
					</Transform>
				</Transform>
				<Transform DEF="arm1_TRANSFORM"
				           translation="0.329267 0.017487 0.296855"
				           scale="1.000000 1.000000 1.000000"
				           rotation="0.000000 1.000000 0.000000 0.000000"
				           >
					<Transform DEF="arm1_ifs_TRANSFORM"
					           translation="0.000000 0.000000 0.000000"
					           scale="1.000000 1.000000 1.000000"
					           rotation="0.000000 1.000000 0.000000 0.000000"
					           >
						<Group DEF="group_ME_arm1">
							<Shape>
								<Appearance>
									<Material USE="MA_Body" />
								</Appearance>
								<IndexedTriangleSet solid="false"
								                    normalPerVertex="true"
								                    index="0 1 2 0 2 3 4 5 6 4 6 7 8 9 10 8 10 11 12 13 14 12 14 15 4 16 17 4 17 15 18 5 14 18 14 19 "
								                    >
									<Coordinate point="0.000000 -0.181570 -0.140821 0.000000 -0.181570 0.140821 0.000000 0.181570 0.140821 0.000000 0.181570 -0.140821 0.000000 0.181570 -0.140821 0.000000 0.181570 0.140821 0.598112 0.181570 0.140821 0.598112 0.181570 -0.140821 0.598112 0.181570 -0.140821 0.598112 0.181570 0.140821 0.598112 -0.181570 0.140821 0.598112 -0.181570 -0.140821 0.598112 -0.181570 -0.140821 0.598112 -0.181570 0.140821 0.000000 -0.181570 0.140821 0.000000 -0.181570 -0.140821 0.598112 0.181570 -0.140821 0.598112 -0.181570 -0.140821 0.598112 0.181570 0.140821 0.598112 -0.181570 0.140821 " />
									<Normal vector="-0.577349 -0.577349 -0.577349 -0.577349 -0.577349 0.577349 -0.577349 0.577349 0.577349 -0.577349 0.577349 -0.577349 -0.577349 0.577349 -0.577349 -0.577349 0.577349 0.577349 0.577349 0.577349 0.577349 0.577349 0.577349 -0.577349 0.577349 0.577349 -0.577349 0.577349 0.577349 0.577349 0.577349 -0.577349 0.577349 0.577349 -0.577349 -0.577349 0.577349 -0.577349 -0.577349 0.577349 -0.577349 0.577349 -0.577349 -0.577349 0.577349 -0.577349 -0.577349 -0.577349 0.577349 0.577349 -0.577349 0.577349 -0.577349 -0.577349 0.577349 0.577349 0.577349 0.577349 -0.577349 0.577349 " />
									<TextureCoordinate point="0.0331 0.0456 0.9570 0.0456 0.9570 0.2949 0.0331 0.2949 0.0331 0.0456 0.9570 0.0456 0.9570 0.2949 0.0331 0.2949 0.0331 0.0456 0.9570 0.0456 0.9570 0.2949 0.0331 0.2949 0.0331 0.0456 0.9570 0.0456 0.9570 0.2949 0.0331 0.2949 0.9570 0.0456 0.9570 0.2949 0.0331 0.0456 0.0331 0.2949 " />
								</IndexedTriangleSet>
							</Shape>
						</Group>
					</Transform>
					<Transform DEF="arm1_1_TRANSFORM"
					           translation="0.419906 0.000000 -0.012786"
					           scale="1.000000 1.000000 1.000000"
					           rotation="0.000000 1.000000 0.000000 0.000000"
					           >
						<Transform DEF="arm1_1_ifs_TRANSFORM"
						           translation="0.000000 0.000000 0.000000"
						           scale="1.000000 1.000000 1.000000"
						           rotation="0.000000 1.000000 0.000000 0.000000"
						           >
							<Group DEF="group_ME_arm1_1">
								<Shape>
									<Appearance>
										<Material USE="MA_Body" />
									</Appearance>
									<IndexedTriangleSet solid="false"
									                    normalPerVertex="true"
									                    index="0 1 2 0 2 3 4 5 6 4 6 7 8 9 10 8 10 11 12 13 14 12 14 15 4 16 17 4 17 15 18 5 14 18 14 19 "
									                    >
										<Coordinate point="-0.006422 -0.341902 -0.188742 0.006422 -0.341902 0.188742 0.006422 0.341902 0.188742 -0.006422 0.341902 -0.188742 -0.006422 0.341902 -0.188742 0.006422 0.341902 0.188742 0.837399 0.341902 0.160467 0.824554 0.341902 -0.217018 0.824554 0.341902 -0.217018 0.837399 0.341902 0.160467 0.837399 -0.341902 0.160467 0.824554 -0.341902 -0.217018 0.824554 -0.341902 -0.217018 0.837399 -0.341902 0.160467 0.006422 -0.341902 0.188742 -0.006422 -0.341902 -0.188742 0.824554 0.341902 -0.217018 0.824554 -0.341902 -0.217018 0.837399 0.341902 0.160467 0.837399 -0.341902 0.160467 " />
										<Normal vector="-0.596637 -0.577349 -0.557360 -0.557360 -0.577349 0.596637 -0.557360 0.577349 0.596637 -0.596637 0.577349 -0.557360 -0.596637 0.577349 -0.557360 -0.557360 0.577349 0.596637 0.596637 0.577349 0.557360 0.557360 0.577349 -0.596637 0.557360 0.577349 -0.596637 0.596637 0.577349 0.557360 0.596637 -0.577349 0.557360 0.557360 -0.577349 -0.596637 0.557360 -0.577349 -0.596637 0.596637 -0.577349 0.557360 -0.557360 -0.577349 0.596637 -0.596637 -0.577349 -0.557360 0.557360 0.577349 -0.596637 0.557360 -0.577349 -0.596637 0.596637 0.577349 0.557360 0.596637 -0.577349 0.557360 " />
										<TextureCoordinate point="0.0331 0.0456 0.9570 0.0456 0.9570 0.2949 0.0331 0.2949 0.0331 0.0456 0.9570 0.0456 0.9570 0.2949 0.0331 0.2949 0.0331 0.0456 0.9570 0.0456 0.9570 0.2949 0.0331 0.2949 0.0331 0.0456 0.9570 0.0456 0.9570 0.2949 0.0331 0.2949 0.9570 0.0456 0.9570 0.2949 0.0331 0.0456 0.0331 0.2949 " />
									</IndexedTriangleSet>
								</Shape>
							</Group>
						</Transform>
					</Transform>
				</Transform>
				<Transform DEF="arm2_TRANSFORM"
				           translation="-0.329268 0.017487 0.296855"
				           scale="1.000000 1.000000 1.000000"
				           rotation="0.000000 1.000000 0.000000 0.000000"
				           >
					<Transform DEF="arm2_ifs_TRANSFORM"
					           translation="0.000000 0.000000 0.000000"
					           scale="1.000000 1.000000 1.000000"
					           rotation="0.000000 1.000000 0.000000 0.000000"
					           >
						<Group DEF="group_ME_arm2">
							<Shape>
								<Appearance>
									<Material USE="MA_Body" />
								</Appearance>
								<IndexedTriangleSet solid="false"
								                    normalPerVertex="true"
								                    index="0 1 2 0 2 3 4 5 6 4 6 7 8 9 10 8 10 11 12 13 14 12 14 15 4 13 16 4 16 17 18 19 14 18 14 7 "
								                    >
									<Coordinate point="0.000000 -0.181570 -0.140821 0.000000 0.181570 -0.140821 0.000000 0.181570 0.140821 0.000000 -0.181570 0.140821 0.000000 0.181570 -0.140821 -0.598112 0.181570 -0.140821 -0.598112 0.181570 0.140821 0.000000 0.181570 0.140821 -0.598112 0.181570 -0.140821 -0.598112 -0.181570 -0.140821 -0.598112 -0.181570 0.140821 -0.598112 0.181570 0.140821 -0.598112 -0.181570 -0.140821 0.000000 -0.181570 -0.140821 0.000000 -0.181570 0.140821 -0.598112 -0.181570 0.140821 -0.598112 -0.181570 -0.140821 -0.598112 0.181570 -0.140821 -0.598112 0.181570 0.140821 -0.598112 -0.181570 0.140821 " />
									<Normal vector="0.577349 -0.577349 -0.577349 0.577349 0.577349 -0.577349 0.577349 0.577349 0.577349 0.577349 -0.577349 0.577349 0.577349 0.577349 -0.577349 -0.577349 0.577349 -0.577349 -0.577349 0.577349 0.577349 0.577349 0.577349 0.577349 -0.577349 0.577349 -0.577349 -0.577349 -0.577349 -0.577349 -0.577349 -0.577349 0.577349 -0.577349 0.577349 0.577349 -0.577349 -0.577349 -0.577349 0.577349 -0.577349 -0.577349 0.577349 -0.577349 0.577349 -0.577349 -0.577349 0.577349 -0.577349 -0.577349 -0.577349 -0.577349 0.577349 -0.577349 -0.577349 0.577349 0.577349 -0.577349 -0.577349 0.577349 " />
									<TextureCoordinate point="0.0331 0.0456 0.0331 0.2949 0.9570 0.2949 0.9570 0.0456 0.0331 0.0456 0.0331 0.2949 0.9570 0.2949 0.9570 0.0456 0.0331 0.0456 0.0331 0.2949 0.9570 0.2949 0.9570 0.0456 0.0331 0.0456 0.0331 0.2949 0.9570 0.2949 0.9570 0.0456 0.9570 0.2949 0.9570 0.0456 0.0331 0.0456 0.0331 0.2949 " />
								</IndexedTriangleSet>
							</Shape>
						</Group>
					</Transform>
					<Transform DEF="arm2_1_TRANSFORM"
					           translation="-0.419906 0.000000 -0.012786"
					           scale="1.000000 1.000000 1.000000"
					           rotation="0.000000 1.000000 0.000000 0.000000"
					           >
						<Transform DEF="arm2_1_ifs_TRANSFORM"
						           translation="0.000000 0.000000 0.000000"
						           scale="1.000000 1.000000 1.000000"
						           rotation="0.000000 1.000000 0.000000 0.000000"
						           >
							<Group DEF="group_ME_arm2_1">
								<Shape>
									<Appearance>
										<Material USE="MA_Body" />
									</Appearance>
									<IndexedTriangleSet solid="false"
									                    normalPerVertex="true"
									                    index="0 1 2 0 2 3 4 5 6 4 6 7 8 9 10 8 10 11 12 13 14 12 14 15 4 13 16 4 16 17 18 19 14 18 14 7 "
									                    >
										<Coordinate point="0.006422 -0.341902 -0.188743 0.006422 0.341902 -0.188742 -0.006422 0.341902 0.188743 -0.006422 -0.341902 0.188742 0.006422 0.341902 -0.188742 -0.824554 0.341902 -0.217018 -0.837399 0.341902 0.160467 -0.006422 0.341902 0.188743 -0.824554 0.341902 -0.217018 -0.824554 -0.341902 -0.217018 -0.837399 -0.341902 0.160467 -0.837399 0.341902 0.160467 -0.824554 -0.341902 -0.217018 0.006422 -0.341902 -0.188743 -0.006422 -0.341902 0.188742 -0.837399 -0.341902 0.160467 -0.824554 -0.341902 -0.217018 -0.824554 0.341902 -0.217018 -0.837399 0.341902 0.160467 -0.837399 -0.341902 0.160467 " />
										<Normal vector="0.596637 -0.577349 -0.557360 0.596637 0.577349 -0.557360 0.557360 0.577349 0.596637 0.557360 -0.577349 0.596637 0.596637 0.577349 -0.557360 -0.557360 0.577349 -0.596637 -0.596637 0.577349 0.557360 0.557360 0.577349 0.596637 -0.557360 0.577349 -0.596637 -0.557360 -0.577349 -0.596637 -0.596637 -0.577349 0.557360 -0.596637 0.577349 0.557360 -0.557360 -0.577349 -0.596637 0.596637 -0.577349 -0.557360 0.557360 -0.577349 0.596637 -0.596637 -0.577349 0.557360 -0.557360 -0.577349 -0.596637 -0.557360 0.577349 -0.596637 -0.596637 0.577349 0.557360 -0.596637 -0.577349 0.557360 " />
										<TextureCoordinate point="0.0331 0.0456 0.0331 0.2949 0.9570 0.2949 0.9570 0.0456 0.0331 0.0456 0.0331 0.2949 0.9570 0.2949 0.9570 0.0456 0.0331 0.0456 0.0331 0.2949 0.9570 0.2949 0.9570 0.0456 0.0331 0.0456 0.0331 0.2949 0.9570 0.2949 0.9570 0.0456 0.9570 0.2949 0.9570 0.0456 0.0331 0.0456 0.0331 0.2949 " />
									</IndexedTriangleSet>
								</Shape>
							</Group>
						</Transform>
					</Transform>
				</Transform>
			</Transform>
			<Transform DEF="tail_TRANSFORM"
			           translation="0.000000 0.332910 0.310726"
			           scale="1.000000 1.000000 1.000000"
			           rotation="0.000000 1.000000 0.000000 0.000000"
			           >
				<Transform DEF="tail_ifs_TRANSFORM"
				           translation="0.000000 0.000000 0.000000"
				           scale="1.000000 1.000000 1.000000"
				           rotation="0.000000 1.000000 0.000000 0.000000"
				           >
					<Group DEF="group_ME_tail">
						<Shape>
							<Appearance>
								<Material USE="MA_Body" />
							</Appearance>
							<IndexedTriangleSet solid="false"
							                    normalPerVertex="true"
							                    index="0 1 2 0 2 3 4 5 6 4 6 7 8 9 10 8 10 11 12 13 14 12 14 15 4 16 17 4 17 15 18 5 14 18 14 19 "
							                    >
								<Coordinate point="-0.167755 0.000000 -0.175570 -0.167755 0.000000 0.175570 -0.167755 0.345095 0.175570 -0.167755 0.345095 -0.175570 -0.167755 0.345095 -0.175570 -0.167755 0.345095 0.175570 0.167755 0.345095 0.175570 0.167755 0.345095 -0.175570 0.167755 0.345095 -0.175570 0.167755 0.345095 0.175570 0.167755 0.000000 0.175570 0.167755 0.000000 -0.175570 0.167755 0.000000 -0.175570 0.167755 0.000000 0.175570 -0.167755 0.000000 0.175570 -0.167755 0.000000 -0.175570 0.167755 0.345095 -0.175570 0.167755 0.000000 -0.175570 0.167755 0.345095 0.175570 0.167755 0.000000 0.175570 " />
								<Normal vector="-0.577349 -0.577349 -0.577349 -0.577349 -0.577349 0.577349 -0.577349 0.577349 0.577349 -0.577349 0.577349 -0.577349 -0.577349 0.577349 -0.577349 -0.577349 0.577349 0.577349 0.577349 0.577349 0.577349 0.577349 0.577349 -0.577349 0.577349 0.577349 -0.577349 0.577349 0.577349 0.577349 0.577349 -0.577349 0.577349 0.577349 -0.577349 -0.577349 0.577349 -0.577349 -0.577349 0.577349 -0.577349 0.577349 -0.577349 -0.577349 0.577349 -0.577349 -0.577349 -0.577349 0.577349 0.577349 -0.577349 0.577349 -0.577349 -0.577349 0.577349 0.577349 0.577349 0.577349 -0.577349 0.577349 " />
								<TextureCoordinate point="0.0331 0.0456 0.9570 0.0456 0.9570 0.2949 0.0331 0.2949 0.0331 0.0456 0.9570 0.0456 0.9570 0.2949 0.0331 0.2949 0.0331 0.0456 0.9570 0.0456 0.9570 0.2949 0.0331 0.2949 0.0331 0.0456 0.9570 0.0456 0.9570 0.2949 0.0331 0.2949 0.9570 0.0456 0.9570 0.2949 0.0331 0.0456 0.0331 0.2949 " />
							</IndexedTriangleSet>
						</Shape>
					</Group>
				</Transform>
			</Transform>
			<Transform DEF="leg1_TRANSFORM"
			           translation="0.258997 0.003715 0.046238"
			           scale="1.000000 1.000000 1.000000"
			           rotation="0.000000 1.000000 0.000000 0.000000"
			           >
				<Transform DEF="leg1_ifs_TRANSFORM"
				           translation="0.000000 0.000000 0.000000"
				           scale="1.000000 1.000000 1.000000"
				           rotation="0.000000 1.000000 0.000000 0.000000"
				           >
					<Group DEF="group_ME_leg1">
						<Shape>
							<Appearance>
								<Material USE="MA_Body" />
							</Appearance>
							<IndexedTriangleSet solid="false"
							                    normalPerVertex="true"
							                    index="0 1 2 0 2 3 4 5 6 4 6 7 8 9 10 8 10 11 12 13 14 12 14 15 4 16 17 4 17 15 18 5 14 18 14 19 "
							                    >
								<Coordinate point="-0.071428 -0.081361 -0.294412 -0.071428 -0.081361 0.000000 -0.071428 0.081361 0.000000 -0.071428 0.081361 -0.294412 -0.071428 0.081361 -0.294412 -0.071428 0.081361 0.000000 0.071428 0.081361 0.000000 0.071428 0.081361 -0.294412 0.071428 0.081361 -0.294412 0.071428 0.081361 0.000000 0.071428 -0.081361 0.000000 0.071428 -0.081361 -0.294412 0.071428 -0.081361 -0.294412 0.071428 -0.081361 0.000000 -0.071428 -0.081361 0.000000 -0.071428 -0.081361 -0.294412 0.071428 0.081361 -0.294412 0.071428 -0.081361 -0.294412 0.071428 0.081361 0.000000 0.071428 -0.081361 0.000000 " />
								<Normal vector="-0.577349 -0.577349 -0.577349 -0.577349 -0.577349 0.577349 -0.577349 0.577349 0.577349 -0.577349 0.577349 -0.577349 -0.577349 0.577349 -0.577349 -0.577349 0.577349 0.577349 0.577349 0.577349 0.577349 0.577349 0.577349 -0.577349 0.577349 0.577349 -0.577349 0.577349 0.577349 0.577349 0.577349 -0.577349 0.577349 0.577349 -0.577349 -0.577349 0.577349 -0.577349 -0.577349 0.577349 -0.577349 0.577349 -0.577349 -0.577349 0.577349 -0.577349 -0.577349 -0.577349 0.577349 0.577349 -0.577349 0.577349 -0.577349 -0.577349 0.577349 0.577349 0.577349 0.577349 -0.577349 0.577349 " />
								<TextureCoordinate point="0.0331 0.0456 0.9570 0.0456 0.9570 0.2949 0.0331 0.2949 0.0331 0.0456 0.9570 0.0456 0.9570 0.2949 0.0331 0.2949 0.0331 0.0456 0.9570 0.0456 0.9570 0.2949 0.0331 0.2949 0.0331 0.0456 0.9570 0.0456 0.9570 0.2949 0.0331 0.2949 0.9570 0.0456 0.9570 0.2949 0.0331 0.0456 0.0331 0.2949 " />
							</IndexedTriangleSet>
						</Shape>
					</Group>
				</Transform>
				<Transform DEF="leg1_1_TRANSFORM"
				           translation="-0.000000 0.000000 -0.271767"
				           scale="1.000000 1.000000 1.000000"
				           rotation="0.000000 1.000000 0.000000 0.000000"
				           >
					<Transform DEF="leg1_1_ifs_TRANSFORM"
					           translation="0.000000 0.000000 0.000000"
					           scale="1.000000 1.000000 1.000000"
					           rotation="0.000000 1.000000 0.000000 0.000000"
					           >
						<Group DEF="group_ME_leg1_1">
							<Shape>
								<Appearance>
									<Material USE="MA_Body" />
								</Appearance>
								<IndexedTriangleSet solid="false"
								                    normalPerVertex="true"
								                    index="0 1 2 0 2 3 4 5 6 4 6 7 8 9 10 8 10 11 12 13 14 12 14 15 4 16 17 4 17 15 18 5 14 18 14 19 "
								                    >
									<Coordinate point="-0.075003 -0.085433 -0.337006 -0.075003 -0.085433 0.000000 -0.075003 0.085433 0.000000 -0.075003 0.085433 -0.337006 -0.075003 0.085433 -0.337006 -0.075003 0.085433 0.000000 0.075003 0.085433 0.000000 0.075003 0.085433 -0.337006 0.075003 0.085433 -0.337006 0.075003 0.085433 0.000000 0.075003 -0.085433 0.000000 0.075003 -0.085433 -0.337006 0.075003 -0.085433 -0.337006 0.075003 -0.085433 0.000000 -0.075003 -0.085433 0.000000 -0.075003 -0.085433 -0.337006 0.075003 0.085433 -0.337006 0.075003 -0.085433 -0.337006 0.075003 0.085433 0.000000 0.075003 -0.085433 0.000000 " />
									<Normal vector="-0.577349 -0.577349 -0.577349 -0.577349 -0.577349 0.577349 -0.577349 0.577349 0.577349 -0.577349 0.577349 -0.577349 -0.577349 0.577349 -0.577349 -0.577349 0.577349 0.577349 0.577349 0.577349 0.577349 0.577349 0.577349 -0.577349 0.577349 0.577349 -0.577349 0.577349 0.577349 0.577349 0.577349 -0.577349 0.577349 0.577349 -0.577349 -0.577349 0.577349 -0.577349 -0.577349 0.577349 -0.577349 0.577349 -0.577349 -0.577349 0.577349 -0.577349 -0.577349 -0.577349 0.577349 0.577349 -0.577349 0.577349 -0.577349 -0.577349 0.577349 0.577349 0.577349 0.577349 -0.577349 0.577349 " />
									<TextureCoordinate point="0.0331 0.0456 0.9570 0.0456 0.9570 0.2949 0.0331 0.2949 0.0331 0.0456 0.9570 0.0456 0.9570 0.2949 0.0331 0.2949 0.0331 0.0456 0.9570 0.0456 0.9570 0.2949 0.0331 0.2949 0.0331 0.0456 0.9570 0.0456 0.9570 0.2949 0.0331 0.2949 0.9570 0.0456 0.9570 0.2949 0.0331 0.0456 0.0331 0.2949 " />
								</IndexedTriangleSet>
							</Shape>
						</Group>
					</Transform>
					<Transform DEF="foot1_TRANSFORM"
					           translation="-0.017884 -0.003715 -0.282850"
					           scale="1.000000 1.000000 1.000000"
					           rotation="0.000000 1.000000 0.000000 0.000000"
					           >
						<Transform DEF="foot1_ifs_TRANSFORM"
						           translation="0.000000 0.000000 0.000000"
						           scale="1.000000 1.000000 1.000000"
						           rotation="0.000000 1.000000 0.000000 0.000000"
						           >
							<Group DEF="group_ME_foot1">
								<Shape>
									<Appearance>
										<Material USE="MA_Body" />
									</Appearance>
									<IndexedTriangleSet solid="false"
									                    normalPerVertex="true"
									                    index="0 1 2 0 2 3 4 5 6 4 6 7 8 9 10 8 10 11 12 13 14 12 14 15 16 17 18 16 18 19 20 21 14 20 14 22 23 24 25 23 25 26 26 25 21 26 21 20 27 28 29 27 29 30 30 29 17 30 17 16 31 32 33 31 33 34 34 33 9 34 9 8 35 36 37 35 37 38 38 37 1 38 1 0 39 40 41 39 41 42 43 44 45 43 45 46 47 48 40 47 40 39 48 27 30 48 30 40 49 50 51 49 51 52 50 26 20 50 20 51 53 54 50 53 50 49 54 23 26 54 26 50 52 51 55 52 55 56 51 20 22 51 22 55 42 41 57 42 57 15 41 16 19 41 19 57 58 59 60 58 60 61 61 60 13 61 13 12 47 24 62 47 62 63 63 62 5 63 5 4 "
									                    >
										<Coordinate point="-0.342849 -0.242749 -0.393347 -0.342849 -0.242749 -0.000000 -0.342849 0.183295 0.000000 -0.342849 0.183295 -0.393347 0.233528 0.183295 -0.393347 0.233528 0.183295 0.000000 0.342849 0.183295 0.000000 0.342849 0.183295 -0.393347 0.342849 -0.621322 -0.393347 0.342849 -0.621322 -0.000000 0.342849 -0.952423 -0.000000 0.342849 -0.952423 -0.393347 -0.233528 -0.952423 -0.393347 -0.233528 -0.952423 0.000000 -0.342849 -0.952423 -0.000000 -0.342849 -0.952423 -0.393347 0.233528 -0.621322 -0.393347 0.342849 -0.621322 -0.393347 0.342849 -0.952423 -0.393347 0.233528 -0.952423 -0.393347 -0.233528 -0.621322 0.000000 -0.342849 -0.621322 -0.000000 -0.233528 -0.952423 0.000000 -0.233528 0.183295 0.000000 -0.342849 0.183295 0.000000 -0.342849 -0.242749 -0.000000 -0.233528 -0.242749 0.000000 0.233528 0.183295 -0.393347 0.342849 0.183295 -0.393347 0.342849 -0.242749 -0.393347 0.233528 -0.242749 -0.393347 0.342849 0.183295 -0.393347 0.342849 0.183295 0.000000 0.342849 -0.242749 -0.000000 0.342849 -0.242749 -0.393347 -0.342849 -0.952423 -0.393347 -0.342849 -0.952423 -0.000000 -0.342849 -0.621322 -0.000000 -0.342849 -0.621322 -0.393347 -0.342849 -0.242749 -0.393347 -0.233528 -0.242749 -0.393347 -0.233528 -0.621322 -0.393347 -0.342849 -0.621322 -0.393347 -0.233528 -0.242749 -0.393347 0.233528 -0.242749 -0.393347 0.233528 -0.621322 -0.393347 -0.233528 -0.621322 -0.393347 -0.342849 0.183295 -0.393347 -0.233528 0.183295 -0.393347 0.342849 -0.242749 -0.000000 0.233528 -0.242749 0.000000 0.233528 -0.621322 0.000000 0.342849 -0.621322 -0.000000 0.342849 0.183295 0.000000 0.233528 0.183295 0.000000 0.233528 -0.952423 0.000000 0.342849 -0.952423 -0.000000 -0.233528 -0.952423 -0.393347 0.342849 -0.952423 -0.393347 0.342849 -0.952423 -0.000000 0.233528 -0.952423 0.000000 0.233528 -0.952423 -0.393347 -0.233528 0.183295 0.000000 -0.233528 0.183295 -0.393347 " />
										<Normal vector="-0.707083 0.000000 -0.707083 -0.707083 0.000000 0.707083 -0.577349 0.577349 0.577349 -0.577349 0.577349 -0.577349 0.000000 0.707083 -0.707083 0.000000 0.707083 0.707083 0.577349 0.577349 0.577349 0.577349 0.577349 -0.577349 0.707083 0.000000 -0.707083 0.707083 0.000000 0.707083 0.577349 -0.577349 0.577349 0.577349 -0.577349 -0.577349 0.000000 -0.707083 -0.707083 0.000000 -0.707083 0.707083 -0.577349 -0.577349 0.577349 -0.577349 -0.577349 -0.577349 0.000000 0.000000 -1.000000 0.707083 0.000000 -0.707083 0.577349 -0.577349 -0.577349 0.000000 -0.707083 -0.707083 0.000000 0.000000 1.000000 -0.707083 0.000000 0.707083 0.000000 -0.707083 0.707083 0.000000 0.707083 0.707083 -0.577349 0.577349 0.577349 -0.707083 0.000000 0.707083 0.000000 0.000000 1.000000 0.000000 0.707083 -0.707083 0.577349 0.577349 -0.577349 0.707083 0.000000 -0.707083 0.000000 0.000000 -1.000000 0.577349 0.577349 -0.577349 0.577349 0.577349 0.577349 0.707083 0.000000 0.707083 0.707083 0.000000 -0.707083 -0.577349 -0.577349 -0.577349 -0.577349 -0.577349 0.577349 -0.707083 0.000000 0.707083 -0.707083 0.000000 -0.707083 -0.707083 0.000000 -0.707083 0.000000 0.000000 -1.000000 0.000000 0.000000 -1.000000 -0.707083 0.000000 -0.707083 0.000000 0.000000 -1.000000 0.000000 0.000000 -1.000000 0.000000 0.000000 -1.000000 0.000000 0.000000 -1.000000 -0.577349 0.577349 -0.577349 0.000000 0.707083 -0.707083 0.707083 0.000000 0.707083 0.000000 0.000000 1.000000 0.000000 0.000000 1.000000 0.707083 0.000000 0.707083 0.577349 0.577349 0.577349 0.000000 0.707083 0.707083 0.000000 -0.707083 0.707083 0.577349 -0.577349 0.577349 0.000000 -0.707083 -0.707083 0.577349 -0.577349 -0.577349 0.577349 -0.577349 0.577349 0.000000 -0.707083 0.707083 0.000000 -0.707083 -0.707083 0.000000 0.707083 0.707083 0.000000 0.707083 -0.707083 " />
										<TextureCoordinate point="0.0331 0.2118 0.9570 0.2118 0.9570 0.2949 0.0331 0.2949 0.0331 0.2118 0.9570 0.2118 0.9570 0.2949 0.0331 0.2949 0.0331 0.2118 0.9570 0.2118 0.9570 0.2949 0.0331 0.2949 0.0331 0.2118 0.9570 0.2118 0.9570 0.2949 0.0331 0.2949 0.6491 0.2118 0.9570 0.2118 0.9570 0.2949 0.6491 0.2949 0.6491 0.2118 0.9570 0.2118 0.6491 0.2949 0.6491 0.0456 0.9570 0.0456 0.9570 0.1287 0.6491 0.1287 0.6491 0.0456 0.9570 0.0456 0.9570 0.1287 0.6491 0.1287 0.0331 0.0456 0.9570 0.0456 0.9570 0.1287 0.0331 0.1287 0.0331 0.0456 0.9570 0.0456 0.9570 0.1287 0.0331 0.1287 0.0331 0.1287 0.3411 0.1287 0.3411 0.2118 0.0331 0.2118 0.1050 0.3769 0.4028 0.3769 0.4028 0.6231 0.1050 0.6231 0.0331 0.0456 0.3411 0.0456 0.0331 0.1287 0.3411 0.1287 0.3411 0.2118 0.0331 0.2118 0.0331 0.0456 0.3411 0.0456 0.3411 0.2949 0.0331 0.2949 0.3411 0.2949 0.0331 0.0456 0.9570 0.0456 0.9570 0.1287 0.0331 0.1287 0.9570 0.1287 0.0331 0.1287 " />
									</IndexedTriangleSet>
								</Shape>
							</Group>
						</Transform>
						<Transform DEF="Cube_019_TRANSFORM"
						           translation="-0.000846 -0.922416 -0.199468"
						           scale="1.000000 1.000000 1.000000"
						           rotation="0.000000 1.000000 0.000000 0.000000"
						           >
							<Transform DEF="Cube_019_ifs_TRANSFORM"
							           translation="0.000000 0.000000 0.000000"
							           scale="1.000000 1.000000 1.000000"
							           rotation="0.000000 1.000000 0.000000 0.000000"
							           >
								<Group DEF="group_ME_Cube_032">
									<Shape>
										<Appearance>
											<Material USE="MA_Body" />
										</Appearance>
										<IndexedTriangleSet solid="false"
										                    normalPerVertex="true"
										                    index="0 1 2 0 2 3 4 5 6 4 6 7 8 9 10 8 10 11 12 13 14 12 14 15 4 16 17 4 17 15 18 5 14 18 14 19 "
										                    >
											<Coordinate point="-0.325853 -0.410196 -0.181710 -0.325853 -0.410196 0.181710 -0.325853 -0.000000 0.181710 -0.325853 0.000000 -0.181710 -0.325853 0.000000 -0.181710 -0.325853 -0.000000 0.181710 0.325853 -0.000000 0.181710 0.325853 0.000000 -0.181710 0.325853 0.000000 -0.181710 0.325853 -0.000000 0.181710 0.325853 -0.410196 0.181710 0.325853 -0.410196 -0.181710 0.325853 -0.410196 -0.181710 0.325853 -0.410196 0.181710 -0.325853 -0.410196 0.181710 -0.325853 -0.410196 -0.181710 0.325853 0.000000 -0.181710 0.325853 -0.410196 -0.181710 0.325853 -0.000000 0.181710 0.325853 -0.410196 0.181710 " />
											<Normal vector="-0.577349 -0.577349 -0.577349 -0.577349 -0.577349 0.577349 -0.577349 0.577349 0.577349 -0.577349 0.577349 -0.577349 -0.577349 0.577349 -0.577349 -0.577349 0.577349 0.577349 0.577349 0.577349 0.577349 0.577349 0.577349 -0.577349 0.577349 0.577349 -0.577349 0.577349 0.577349 0.577349 0.577349 -0.577349 0.577349 0.577349 -0.577349 -0.577349 0.577349 -0.577349 -0.577349 0.577349 -0.577349 0.577349 -0.577349 -0.577349 0.577349 -0.577349 -0.577349 -0.577349 0.577349 0.577349 -0.577349 0.577349 -0.577349 -0.577349 0.577349 0.577349 0.577349 0.577349 -0.577349 0.577349 " />
											<TextureCoordinate point="0.0760 0.7051 0.4319 0.7051 0.4319 0.9544 0.0760 0.9544 0.0760 0.7051 0.4319 0.7051 0.4319 0.9544 0.0760 0.9544 0.0760 0.7051 0.4319 0.7051 0.4319 0.9544 0.0760 0.9544 0.0760 0.7051 0.4319 0.7051 0.4319 0.9544 0.0760 0.9544 0.4319 0.7051 0.4319 0.9544 0.0760 0.7051 0.0760 0.9544 " />
										</IndexedTriangleSet>
									</Shape>
								</Group>
							</Transform>
						</Transform>
					</Transform>
				</Transform>
			</Transform>
			<Transform DEF="leg2_TRANSFORM"
			           translation="-0.258997 0.003715 0.046238"
			           scale="1.000000 1.000000 1.000000"
			           rotation="0.000000 1.000000 0.000000 0.000000"
			           >
				<Transform DEF="leg2_ifs_TRANSFORM"
				           translation="0.000000 0.000000 0.000000"
				           scale="1.000000 1.000000 1.000000"
				           rotation="0.000000 1.000000 0.000000 0.000000"
				           >
					<Group DEF="group_ME_leg2">
						<Shape>
							<Appearance>
								<Material USE="MA_Body" />
							</Appearance>
							<IndexedTriangleSet solid="false"
							                    normalPerVertex="true"
							                    index="0 1 2 0 2 3 4 5 6 4 6 7 8 9 10 8 10 11 12 13 14 12 14 15 4 13 16 4 16 17 18 19 14 18 14 7 "
							                    >
								<Coordinate point="0.071428 -0.081361 -0.294412 0.071428 0.081361 -0.294412 0.071428 0.081361 0.000000 0.071428 -0.081361 -0.000000 0.071428 0.081361 -0.294412 -0.071428 0.081361 -0.294412 -0.071428 0.081361 0.000000 0.071428 0.081361 0.000000 -0.071428 0.081361 -0.294412 -0.071428 -0.081361 -0.294412 -0.071428 -0.081361 -0.000000 -0.071428 0.081361 0.000000 -0.071428 -0.081361 -0.294412 0.071428 -0.081361 -0.294412 0.071428 -0.081361 -0.000000 -0.071428 -0.081361 -0.000000 -0.071428 -0.081361 -0.294412 -0.071428 0.081361 -0.294412 -0.071428 0.081361 0.000000 -0.071428 -0.081361 -0.000000 " />
								<Normal vector="0.577349 -0.577349 -0.577349 0.577349 0.577349 -0.577349 0.577349 0.577349 0.577349 0.577349 -0.577349 0.577349 0.577349 0.577349 -0.577349 -0.577349 0.577349 -0.577349 -0.577349 0.577349 0.577349 0.577349 0.577349 0.577349 -0.577349 0.577349 -0.577349 -0.577349 -0.577349 -0.577349 -0.577349 -0.577349 0.577349 -0.577349 0.577349 0.577349 -0.577349 -0.577349 -0.577349 0.577349 -0.577349 -0.577349 0.577349 -0.577349 0.577349 -0.577349 -0.577349 0.577349 -0.577349 -0.577349 -0.577349 -0.577349 0.577349 -0.577349 -0.577349 0.577349 0.577349 -0.577349 -0.577349 0.577349 " />
								<TextureCoordinate point="0.0331 0.0456 0.0331 0.2949 0.9570 0.2949 0.9570 0.0456 0.0331 0.0456 0.0331 0.2949 0.9570 0.2949 0.9570 0.0456 0.0331 0.0456 0.0331 0.2949 0.9570 0.2949 0.9570 0.0456 0.0331 0.0456 0.0331 0.2949 0.9570 0.2949 0.9570 0.0456 0.9570 0.2949 0.9570 0.0456 0.0331 0.0456 0.0331 0.2949 " />
							</IndexedTriangleSet>
						</Shape>
					</Group>
				</Transform>
				<Transform DEF="leg2_1_TRANSFORM"
				           translation="0.000000 0.000000 -0.271767"
				           scale="1.000000 1.000000 1.000000"
				           rotation="0.000000 1.000000 0.000000 0.000000"
				           >
					<Transform DEF="leg2_1_ifs_TRANSFORM"
					           translation="0.000000 0.000000 0.000000"
					           scale="1.000000 1.000000 1.000000"
					           rotation="0.000000 1.000000 0.000000 0.000000"
					           >
						<Group DEF="group_ME_leg2_1">
							<Shape>
								<Appearance>
									<Material USE="MA_Body" />
								</Appearance>
								<IndexedTriangleSet solid="false"
								                    normalPerVertex="true"
								                    index="0 1 2 0 2 3 4 5 6 4 6 7 8 9 10 8 10 11 12 13 14 12 14 15 4 13 16 4 16 17 18 19 14 18 14 7 "
								                    >
									<Coordinate point="0.075003 -0.085433 -0.337006 0.075003 0.085433 -0.337006 0.075003 0.085433 0.000000 0.075003 -0.085433 -0.000000 0.075003 0.085433 -0.337006 -0.075003 0.085433 -0.337006 -0.075003 0.085433 0.000000 0.075003 0.085433 0.000000 -0.075003 0.085433 -0.337006 -0.075003 -0.085433 -0.337006 -0.075003 -0.085433 -0.000000 -0.075003 0.085433 0.000000 -0.075003 -0.085433 -0.337006 0.075003 -0.085433 -0.337006 0.075003 -0.085433 -0.000000 -0.075003 -0.085433 -0.000000 -0.075003 -0.085433 -0.337006 -0.075003 0.085433 -0.337006 -0.075003 0.085433 0.000000 -0.075003 -0.085433 -0.000000 " />
									<Normal vector="0.577349 -0.577349 -0.577349 0.577349 0.577349 -0.577349 0.577349 0.577349 0.577349 0.577349 -0.577349 0.577349 0.577349 0.577349 -0.577349 -0.577349 0.577349 -0.577349 -0.577349 0.577349 0.577349 0.577349 0.577349 0.577349 -0.577349 0.577349 -0.577349 -0.577349 -0.577349 -0.577349 -0.577349 -0.577349 0.577349 -0.577349 0.577349 0.577349 -0.577349 -0.577349 -0.577349 0.577349 -0.577349 -0.577349 0.577349 -0.577349 0.577349 -0.577349 -0.577349 0.577349 -0.577349 -0.577349 -0.577349 -0.577349 0.577349 -0.577349 -0.577349 0.577349 0.577349 -0.577349 -0.577349 0.577349 " />
									<TextureCoordinate point="0.0331 0.0456 0.0331 0.2949 0.9570 0.2949 0.9570 0.0456 0.0331 0.0456 0.0331 0.2949 0.9570 0.2949 0.9570 0.0456 0.0331 0.0456 0.0331 0.2949 0.9570 0.2949 0.9570 0.0456 0.0331 0.0456 0.0331 0.2949 0.9570 0.2949 0.9570 0.0456 0.9570 0.2949 0.9570 0.0456 0.0331 0.0456 0.0331 0.2949 " />
								</IndexedTriangleSet>
							</Shape>
						</Group>
					</Transform>
					<Transform DEF="foot2_TRANSFORM"
					           translation="0.017884 -0.003715 -0.282850"
					           scale="1.000000 1.000000 1.000000"
					           rotation="0.000000 1.000000 0.000000 0.000000"
					           >
						<Transform DEF="foot2_ifs_TRANSFORM"
						           translation="0.000000 0.000000 0.000000"
						           scale="1.000000 1.000000 1.000000"
						           rotation="0.000000 1.000000 0.000000 0.000000"
						           >
							<Group DEF="group_ME_foot2">
								<Shape>
									<Appearance>
										<Material USE="MA_Body" />
									</Appearance>
									<IndexedTriangleSet solid="false"
									                    normalPerVertex="true"
									                    index="0 1 2 0 2 3 4 5 6 4 6 7 8 9 10 8 10 11 12 13 14 12 14 15 16 17 18 16 18 19 20 21 14 20 14 22 23 24 25 23 25 26 24 20 22 24 22 25 27 28 29 27 29 30 28 16 19 28 19 29 31 32 33 31 33 34 32 8 11 32 11 33 35 36 37 35 37 38 36 0 3 36 3 37 39 40 41 39 41 42 43 44 45 43 45 46 47 39 42 47 42 48 48 42 28 48 28 27 49 50 51 49 51 52 52 51 20 52 20 24 53 49 52 53 52 54 54 52 24 54 24 23 50 55 56 50 56 51 51 56 21 51 21 20 40 13 57 40 57 41 41 57 17 41 17 16 58 59 60 58 60 61 59 12 15 59 15 60 47 62 63 47 63 26 62 4 7 62 7 63 "
									                    >
										<Coordinate point="0.342849 -0.242749 -0.393347 0.342849 0.183295 -0.393347 0.342849 0.183295 0.000000 0.342849 -0.242749 -0.000000 -0.233528 0.183295 -0.393347 -0.342849 0.183295 -0.393347 -0.342849 0.183295 0.000000 -0.233528 0.183295 0.000000 -0.342849 -0.621321 -0.393347 -0.342849 -0.952423 -0.393347 -0.342849 -0.952423 -0.000000 -0.342849 -0.621322 -0.000000 0.233528 -0.952423 -0.393347 0.342849 -0.952423 -0.393347 0.342849 -0.952423 -0.000000 0.233528 -0.952423 -0.000000 -0.233528 -0.621321 -0.393347 -0.233528 -0.952423 -0.393347 -0.342849 -0.952423 -0.393347 -0.342849 -0.621321 -0.393347 0.233528 -0.621322 -0.000000 0.233528 -0.952423 -0.000000 0.342849 -0.621322 -0.000000 0.233528 0.183295 0.000000 0.233528 -0.242749 -0.000000 0.342849 -0.242749 -0.000000 0.342849 0.183295 0.000000 -0.233528 0.183295 -0.393347 -0.233528 -0.242749 -0.393347 -0.342849 -0.242749 -0.393347 -0.342849 0.183295 -0.393347 -0.342849 0.183295 -0.393347 -0.342849 -0.242749 -0.393347 -0.342849 -0.242749 -0.000000 -0.342849 0.183295 0.000000 0.342849 -0.952423 -0.393347 0.342849 -0.621322 -0.393347 0.342849 -0.621322 -0.000000 0.342849 -0.952423 -0.000000 0.342849 -0.242749 -0.393347 0.342849 -0.621322 -0.393347 0.233528 -0.621322 -0.393347 0.233528 -0.242749 -0.393347 0.233528 -0.242749 -0.393347 0.233528 -0.621322 -0.393347 -0.233528 -0.621321 -0.393347 -0.233528 -0.242749 -0.393347 0.342849 0.183295 -0.393347 0.233528 0.183295 -0.393347 -0.342849 -0.242749 -0.000000 -0.342849 -0.621322 -0.000000 -0.233528 -0.621322 -0.000000 -0.233528 -0.242749 -0.000000 -0.342849 0.183295 0.000000 -0.233528 0.183295 0.000000 -0.342849 -0.952423 -0.000000 -0.233528 -0.952423 -0.000000 0.233528 -0.952423 -0.393347 -0.342849 -0.952423 -0.393347 -0.233528 -0.952423 -0.393347 -0.233528 -0.952423 -0.000000 -0.342849 -0.952423 -0.000000 0.233528 0.183295 -0.393347 0.233528 0.183295 0.000000 " />
										<Normal vector="0.707083 0.000000 -0.707083 0.577349 0.577349 -0.577349 0.577349 0.577349 0.577349 0.707083 0.000000 0.707083 0.000000 0.707083 -0.707083 -0.577349 0.577349 -0.577349 -0.577349 0.577349 0.577349 0.000000 0.707083 0.707083 -0.707083 0.000000 -0.707083 -0.577349 -0.577349 -0.577349 -0.577349 -0.577349 0.577349 -0.707083 0.000000 0.707083 0.000000 -0.707083 -0.707083 0.577349 -0.577349 -0.577349 0.577349 -0.577349 0.577349 0.000000 -0.707083 0.707083 0.000000 0.000000 -1.000000 0.000000 -0.707083 -0.707083 -0.577349 -0.577349 -0.577349 -0.707083 0.000000 -0.707083 0.000000 0.000000 1.000000 0.000000 -0.707083 0.707083 0.707083 0.000000 0.707083 0.000000 0.707083 0.707083 0.000000 0.000000 1.000000 0.707083 0.000000 0.707083 0.577349 0.577349 0.577349 0.000000 0.707083 -0.707083 0.000000 0.000000 -1.000000 -0.707083 0.000000 -0.707083 -0.577349 0.577349 -0.577349 -0.577349 0.577349 -0.577349 -0.707083 0.000000 -0.707083 -0.707083 0.000000 0.707083 -0.577349 0.577349 0.577349 0.577349 -0.577349 -0.577349 0.707083 0.000000 -0.707083 0.707083 0.000000 0.707083 0.577349 -0.577349 0.577349 0.707083 0.000000 -0.707083 0.707083 0.000000 -0.707083 0.000000 0.000000 -1.000000 0.000000 0.000000 -1.000000 0.000000 0.000000 -1.000000 0.000000 0.000000 -1.000000 0.000000 0.000000 -1.000000 0.000000 0.000000 -1.000000 0.577349 0.577349 -0.577349 0.000000 0.707083 -0.707083 -0.707083 0.000000 0.707083 -0.707083 0.000000 0.707083 0.000000 0.000000 1.000000 0.000000 0.000000 1.000000 -0.577349 0.577349 0.577349 0.000000 0.707083 0.707083 -0.577349 -0.577349 0.577349 0.000000 -0.707083 0.707083 0.000000 -0.707083 -0.707083 -0.577349 -0.577349 -0.577349 0.000000 -0.707083 -0.707083 0.000000 -0.707083 0.707083 -0.577349 -0.577349 0.577349 0.000000 0.707083 -0.707083 0.000000 0.707083 0.707083 " />
										<TextureCoordinate point="0.0331 0.2118 0.0331 0.2949 0.9570 0.2949 0.9570 0.2118 0.0331 0.2118 0.0331 0.2949 0.9570 0.2949 0.9570 0.2118 0.0331 0.2118 0.0331 0.2949 0.9570 0.2949 0.9570 0.2118 0.0331 0.2118 0.0331 0.2949 0.9570 0.2949 0.9570 0.2118 0.6491 0.2118 0.6491 0.2949 0.9570 0.2949 0.9570 0.2118 0.6491 0.2118 0.6491 0.2949 0.9570 0.2118 0.6491 0.0456 0.6491 0.1287 0.9570 0.1287 0.9570 0.0456 0.6491 0.0456 0.6491 0.1287 0.9570 0.1287 0.9570 0.0456 0.0331 0.0456 0.0331 0.1287 0.9570 0.1287 0.9570 0.0456 0.0331 0.0456 0.0331 0.1287 0.9570 0.1287 0.9570 0.0456 0.0331 0.1287 0.0331 0.2118 0.3411 0.2118 0.3411 0.1287 0.1050 0.3769 0.1050 0.6231 0.4028 0.6231 0.4028 0.3769 0.0331 0.0456 0.3411 0.0456 0.0331 0.1287 0.0331 0.2118 0.3411 0.2118 0.3411 0.1287 0.0331 0.0456 0.3411 0.0456 0.0331 0.2949 0.3411 0.2949 0.3411 0.2949 0.0331 0.0456 0.0331 0.1287 0.9570 0.1287 0.9570 0.0456 0.0331 0.1287 0.9570 0.1287 " />
									</IndexedTriangleSet>
								</Shape>
							</Group>
						</Transform>
						<Transform DEF="Cube_015_TRANSFORM"
						           translation="0.000846 -0.922416 -0.199468"
						           scale="1.000000 1.000000 1.000000"
						           rotation="0.000000 1.000000 0.000000 0.000000"
						           >
							<Transform DEF="Cube_015_ifs_TRANSFORM"
							           translation="0.000000 0.000000 0.000000"
							           scale="1.000000 1.000000 1.000000"
							           rotation="0.000000 1.000000 0.000000 0.000000"
							           >
								<Group DEF="group_ME_Cube_029">
									<Shape>
										<Appearance>
											<Material USE="MA_Body" />
										</Appearance>
										<IndexedTriangleSet solid="false"
										                    normalPerVertex="true"
										                    index="0 1 2 0 2 3 4 5 6 4 6 7 8 9 10 8 10 11 12 13 14 12 14 15 4 13 16 4 16 17 18 19 14 18 14 7 "
										                    >
											<Coordinate point="0.325853 -0.410196 -0.181710 0.325853 0.000000 -0.181710 0.325853 -0.000000 0.181710 0.325853 -0.410196 0.181710 0.325853 0.000000 -0.181710 -0.325853 0.000000 -0.181710 -0.325853 -0.000000 0.181710 0.325853 -0.000000 0.181710 -0.325853 0.000000 -0.181710 -0.325853 -0.410196 -0.181710 -0.325853 -0.410196 0.181710 -0.325853 -0.000000 0.181710 -0.325853 -0.410196 -0.181710 0.325853 -0.410196 -0.181710 0.325853 -0.410196 0.181710 -0.325853 -0.410196 0.181710 -0.325853 -0.410196 -0.181710 -0.325853 0.000000 -0.181710 -0.325853 -0.000000 0.181710 -0.325853 -0.410196 0.181710 " />
											<Normal vector="0.577349 -0.577349 -0.577349 0.577349 0.577349 -0.577349 0.577349 0.577349 0.577349 0.577349 -0.577349 0.577349 0.577349 0.577349 -0.577349 -0.577349 0.577349 -0.577349 -0.577349 0.577349 0.577349 0.577349 0.577349 0.577349 -0.577349 0.577349 -0.577349 -0.577349 -0.577349 -0.577349 -0.577349 -0.577349 0.577349 -0.577349 0.577349 0.577349 -0.577349 -0.577349 -0.577349 0.577349 -0.577349 -0.577349 0.577349 -0.577349 0.577349 -0.577349 -0.577349 0.577349 -0.577349 -0.577349 -0.577349 -0.577349 0.577349 -0.577349 -0.577349 0.577349 0.577349 -0.577349 -0.577349 0.577349 " />
											<TextureCoordinate point="0.0760 0.7051 0.0760 0.9544 0.4319 0.9544 0.4319 0.7051 0.0760 0.7051 0.0760 0.9544 0.4319 0.9544 0.4319 0.7051 0.0760 0.7051 0.0760 0.9544 0.4319 0.9544 0.4319 0.7051 0.0760 0.7051 0.0760 0.9544 0.4319 0.9544 0.4319 0.7051 0.4319 0.9544 0.4319 0.7051 0.0760 0.7051 0.0760 0.9544 " />
										</IndexedTriangleSet>
									</Shape>
								</Group>
							</Transform>
						</Transform>
					</Transform>
				</Transform>
			</Transform>
		</Transform>
	</Scene>
</X3D>