<?xml version="1.0" encoding="UTF-8"?>
<!DOCTYPE X3D PUBLIC "ISO//Web3D//DTD X3D 3.0//EN" "http://www.web3d.org/specifications/x3d-3.0.dtd">
<X3D version="3.0" profile="Immersive" xmlns:xsd="http://www.w3.org/2001/XMLSchema-instance" xsd:noNamespaceSchemaLocation="http://www.web3d.org/specifications/x3d-3.0.xsd">
	<head>
		<meta name="filename" content="scraggy.x3d" />
		<meta name="generator" content="Blender 2.93.18" />
	</head>
	<Scene>
		<NavigationInfo headlight="true"
		                visibilityLimit="0.0"
		                type='"EXAMINE", "ANY"'
		                avatarSize="0.25, 1.75, 0.75"
		                />
		<Background DEF="WO_World"
		            groundColor="0.051 0.051 0.051"
		            skyColor="0.051 0.051 0.051"
		            />
		<Transform DEF="body_TRANSFORM"
		           translation="-0.053789 -0.051853 0.185099"
		           scale="1.000000 1.000000 1.000000"
		           rotation="0.000000 0.000000 1.000000 3.141593"
		           >
			<Transform DEF="body_ifs_TRANSFORM"
			           translation="0.000000 0.000000 0.000000"
			           scale="1.000000 1.000000 1.000000"
			           rotation="0.000000 1.000000 0.000000 0.000000"
			           >
				<Group DEF="group_ME_body">
					<Shape>
						<Appearance>
							<Material DEF="MA_Body"
							          diffuseColor="0.800 0.800 0.800"
							          specularColor="0.401 0.401 0.401"
							          emissiveColor="0.000 0.000 0.000"
							          ambientIntensity="0.000"
							          shininess="0.500"
							          transparency="0.0"
							          />
						</Appearance>
						<IndexedTriangleSet solid="false"
						                    normalPerVertex="true"
						                    index="0 1 2 0 2 3 4 5 6 4 6 7 8 9 10 8 10 11 12 13 14 12 14 15 4 16 17 4 17 15 18 5 14 18 14 19 "
						                    >
							<Coordinate point="-0.720232 -0.667055 -0.024421 -0.720232 -0.683773 0.432245 -0.720232 0.650336 0.481087 -0.720232 0.667055 0.024421 -0.720232 0.667055 0.024421 -0.720232 0.650336 0.481087 0.720232 0.650336 0.481087 0.720232 0.667055 0.024421 0.720232 0.667055 0.024421 0.720232 0.650336 0.481087 0.720232 -0.683773 0.432245 0.720232 -0.667055 -0.024421 0.720232 -0.667055 -0.024421 0.720232 -0.683773 0.432245 -0.720232 -0.683773 0.432245 -0.720232 -0.667055 -0.024421 0.720232 0.667055 0.024421 0.720232 -0.667055 -0.024421 0.720232 0.650336 0.481087 0.720232 -0.683773 0.432245 " />
							<Normal vector="-0.577349 -0.555834 -0.598071 -0.577349 -0.598071 0.555834 -0.577349 0.555834 0.598071 -0.577349 0.598071 -0.555834 -0.577349 0.598071 -0.555834 -0.577349 0.555834 0.598071 0.577349 0.555834 0.598071 0.577349 0.598071 -0.555834 0.577349 0.598071 -0.555834 0.577349 0.555834 0.598071 0.577349 -0.598071 0.555834 0.577349 -0.555834 -0.598071 0.577349 -0.555834 -0.598071 0.577349 -0.598071 0.555834 -0.577349 -0.598071 0.555834 -0.577349 -0.555834 -0.598071 0.577349 0.598071 -0.555834 0.577349 -0.555834 -0.598071 0.577349 0.555834 0.598071 0.577349 -0.598071 0.555834 " />
							<TextureCoordinate point="0.0310 0.7749 0.4473 0.7749 0.4473 0.9830 0.0310 0.9830 0.0310 0.7749 0.4473 0.7749 0.4473 0.9830 0.0310 0.9830 0.0310 0.7749 0.4473 0.7749 0.4473 0.9830 0.0310 0.9830 0.0310 0.7749 0.4473 0.7749 0.4473 0.9830 0.0310 0.9830 0.4473 0.7749 0.4473 0.9830 0.0310 0.7749 0.0310 0.9830 " />
						</IndexedTriangleSet>
					</Shape>
				</Group>
			</Transform>
			<Transform DEF="body1_TRANSFORM"
			           translation="-0.053789 -0.157536 0.795191"
			           scale="1.000000 1.000000 1.000000"
			           rotation="0.000000 1.000000 0.000000 0.000000"
			           >
				<Transform DEF="body1_ifs_TRANSFORM"
				           translation="0.000000 0.000000 0.000000"
				           scale="1.000000 1.000000 1.000000"
				           rotation="0.000000 1.000000 0.000000 0.000000"
				           >
					<Group DEF="group_ME_body1">
						<Shape>
							<Appearance>
								<Material USE="MA_Body" />
							</Appearance>
							<IndexedTriangleSet solid="false"
							                    normalPerVertex="true"
							                    index="0 1 2 0 2 3 4 5 6 4 6 7 8 9 10 8 10 11 12 13 14 12 14 15 16 17 18 16 18 19 20 1 14 20 14 21 22 23 24 22 24 25 26 27 28 26 28 29 0 30 31 0 31 15 32 33 34 32 34 35 36 37 24 36 24 19 38 39 28 38 28 40 41 42 43 41 43 44 45 46 47 45 47 48 45 49 50 45 50 51 41 52 53 41 53 54 55 46 56 55 56 57 58 5 59 58 59 60 61 42 62 61 62 63 4 64 65 4 65 66 67 68 69 67 69 70 71 72 62 71 62 54 "
							                    >
								<Coordinate point="-0.696750 0.000000 0.000000 -0.696750 -0.034084 0.645091 -0.696750 0.675449 0.682580 -0.696750 0.709533 0.037489 0.508729 0.709533 0.037489 0.508729 0.675449 0.682580 0.696750 0.675449 0.682580 0.696750 0.709533 0.037489 0.696750 0.000000 0.000000 0.696750 -0.034084 0.645091 0.696750 -0.743617 0.607602 0.696750 -0.709533 -0.037489 -0.508729 -0.709533 -0.037489 -0.508729 -0.743617 0.607602 -0.696750 -0.743617 0.607602 -0.696750 -0.709533 -0.037489 0.508729 0.000000 0.000000 0.696750 0.000000 0.000000 0.696750 -0.709533 -0.037489 0.508729 -0.709533 -0.037489 -0.508729 -0.034084 0.645091 -0.508729 -0.743617 0.607602 0.696750 -0.034084 0.645091 0.508729 -0.034084 0.645091 0.508729 -0.743617 0.607602 0.696750 -0.743617 0.607602 0.508729 -0.034084 0.645091 -0.508729 -0.034084 0.645091 -0.508729 -0.743617 0.607602 0.508729 -0.743617 0.607602 -0.508729 0.000000 0.000000 -0.508729 -0.709533 -0.037489 -0.508729 0.000000 0.000000 0.508729 0.000000 0.000000 0.508729 -0.709533 -0.037489 -0.508729 -0.709533 -0.037489 0.696750 -0.709533 -0.037489 0.696750 -0.743617 0.607602 0.508729 -0.709533 -0.037489 0.508729 -0.743617 0.607602 -0.508729 -0.709533 -0.037489 -0.696750 0.709533 0.037489 -0.696750 0.675449 0.682580 -0.508729 0.675449 0.682580 -0.508729 0.709533 0.037489 -0.508729 0.709533 0.037489 -0.508729 0.675449 0.682580 0.508729 0.675449 0.682580 0.508729 0.709533 0.037489 0.508729 0.709533 0.037489 0.508729 0.000000 0.000000 -0.508729 0.000000 0.000000 -0.508729 0.709533 0.037489 -0.508729 0.000000 0.000000 -0.696750 0.000000 0.000000 0.508729 0.675449 0.682580 -0.508729 -0.034084 0.645091 0.508729 -0.034084 0.645091 0.696750 0.675449 0.682580 0.508729 -0.034084 0.645091 0.696750 -0.034084 0.645091 -0.508729 0.675449 0.682580 -0.696750 -0.034084 0.645091 -0.508729 -0.034084 0.645091 0.696750 0.709533 0.037489 0.696750 0.000000 0.000000 0.508729 0.000000 0.000000 0.696750 0.709533 0.037489 0.696750 0.675449 0.682580 0.696750 -0.034084 0.645091 0.696750 0.000000 0.000000 -0.696750 -0.709533 -0.037489 -0.696750 -0.743617 0.607602 " />
								<Normal vector="-0.707083 0.037294 -0.706107 -0.707083 -0.037294 0.706107 -0.577349 0.546068 0.606983 -0.577349 0.606983 -0.546068 0.000000 0.743400 -0.668813 0.000000 0.668783 0.743400 0.577349 0.546068 0.606983 0.577349 0.606983 -0.546068 0.707083 0.037294 -0.706107 0.707083 -0.037294 0.706107 0.577349 -0.606983 0.546068 0.577349 -0.546068 -0.606983 0.000000 -0.668783 -0.743400 0.000000 -0.743400 0.668783 -0.577349 -0.606983 0.546068 -0.577349 -0.546068 -0.606983 0.000000 0.052736 -0.998596 0.707083 0.037294 -0.706107 0.577349 -0.546068 -0.606983 0.000000 -0.668783 -0.743400 0.000000 -0.052736 0.998596 0.000000 -0.743400 0.668783 0.707083 -0.037294 0.706107 0.000000 -0.052736 0.998596 0.000000 -0.743400 0.668783 0.577349 -0.606983 0.546068 0.000000 -0.052736 0.998596 0.000000 -0.052736 0.998596 0.000000 -0.743400 0.668783 0.000000 -0.743400 0.668783 0.000000 0.052736 -0.998596 0.000000 -0.668783 -0.743400 0.000000 0.052736 -0.998596 0.000000 0.052736 -0.998596 0.000000 -0.668783 -0.743400 0.000000 -0.668783 -0.743400 0.577349 -0.546068 -0.606983 0.577349 -0.606983 0.546068 0.000000 -0.668783 -0.743400 0.000000 -0.743400 0.668783 0.000000 -0.668783 -0.743400 -0.577349 0.606983 -0.546068 -0.577349 0.546068 0.606983 0.000000 0.668783 0.743400 0.000000 0.743400 -0.668813 0.000000 0.743400 -0.668813 0.000000 0.668783 0.743400 0.000000 0.668783 0.743400 0.000000 0.743400 -0.668813 0.000000 0.743400 -0.668813 0.000000 0.052736 -0.998596 0.000000 0.052736 -0.998596 0.000000 0.743400 -0.668813 0.000000 0.052736 -0.998596 -0.707083 0.037294 -0.706107 0.000000 0.668783 0.743400 0.000000 -0.052736 0.998596 0.000000 -0.052736 0.998596 0.577349 0.546068 0.606983 0.000000 -0.052736 0.998596 0.707083 -0.037294 0.706107 0.000000 0.668783 0.743400 -0.707083 -0.037294 0.706107 0.000000 -0.052736 0.998596 0.577349 0.606983 -0.546068 0.707083 0.037294 -0.706107 0.000000 0.052736 -0.998596 0.577349 0.606983 -0.546068 0.577349 0.546068 0.606983 0.707083 -0.037294 0.706107 0.707083 0.037294 -0.706107 -0.577349 -0.546068 -0.606983 -0.577349 -0.606983 0.546068 " />
								<TextureCoordinate point="0.0310 0.3664 0.4473 0.3664 0.4473 0.5746 0.0310 0.5746 0.0310 0.3664 0.4473 0.3664 0.4473 0.5746 0.0310 0.5746 0.0310 0.3664 0.4473 0.3664 0.4473 0.5746 0.0310 0.5746 0.0310 0.3664 0.4473 0.3664 0.4473 0.5746 0.0310 0.5746 0.0310 0.3664 0.4473 0.3664 0.4473 0.5746 0.0310 0.5746 0.0310 0.3664 0.0310 0.5746 0.0310 0.3664 0.4473 0.3664 0.4473 0.5746 0.0310 0.5746 0.0310 0.0286 0.4473 0.0286 0.4473 0.3021 0.0310 0.3021 0.4473 0.3664 0.4473 0.5746 0.0310 0.3664 0.4473 0.3664 0.4473 0.5746 0.0310 0.5746 0.0310 0.3664 0.4473 0.3664 0.0310 0.0286 0.4473 0.0286 0.0310 0.3021 0.0310 0.3664 0.4473 0.3664 0.4473 0.5746 0.0310 0.5746 0.0310 0.3664 0.4473 0.3664 0.4473 0.5746 0.0310 0.5746 0.4473 0.3664 0.4473 0.5746 0.0310 0.5746 0.4473 0.3664 0.4473 0.5746 0.0310 0.5746 0.0310 0.3664 0.4473 0.5746 0.0310 0.5746 0.0310 0.3664 0.4473 0.5746 0.0310 0.5746 0.0310 0.3664 0.4473 0.5746 0.0310 0.5746 0.4473 0.3664 0.4473 0.5746 0.0310 0.5746 0.0310 0.3664 0.4473 0.3664 0.4473 0.5746 0.0310 0.5746 0.0310 0.3664 0.4473 0.3664 " />
							</IndexedTriangleSet>
						</Shape>
					</Group>
				</Transform>
				<Transform DEF="Cube_001_TRANSFORM"
				           translation="0.000000 0.012464 0.556241"
				           scale="1.000000 1.000000 1.000000"
				           rotation="0.000000 1.000000 0.000000 0.000000"
				           >
					<Transform DEF="Cube_001_ifs_TRANSFORM"
					           translation="0.000000 0.000000 0.000000"
					           scale="1.000000 1.000000 1.000000"
					           rotation="0.000000 1.000000 0.000000 0.000000"
					           >
						<Group DEF="group_ME_Cube_004">
							<Shape>
								<Appearance>
									<Material USE="MA_Body" />
								</Appearance>
								<IndexedTriangleSet solid="false"
								                    normalPerVertex="true"
								                    index="0 1 2 0 2 3 4 5 6 4 6 7 8 9 10 8 10 11 12 13 14 12 14 15 16 17 18 16 18 19 20 1 14 20 14 21 22 23 24 22 24 25 26 27 28 26 28 29 0 30 31 0 31 15 32 33 34 32 34 35 36 37 24 36 24 19 38 39 40 38 40 41 42 43 44 42 44 45 46 47 48 46 48 49 46 50 51 46 51 52 42 53 54 42 54 55 56 47 57 56 57 58 59 5 60 59 60 61 62 43 63 62 63 64 4 65 66 4 66 67 68 69 70 68 70 71 72 73 63 72 63 55 "
								                    >
									<Coordinate point="-0.568129 0.000000 0.000000 -0.568129 -0.031264 0.647495 -0.568129 0.525169 0.674362 -0.568129 0.556433 0.026867 0.366615 0.556433 0.026867 0.366615 0.525169 0.674362 0.568129 0.525169 0.674362 0.568129 0.556433 0.026867 0.568129 0.000000 0.000000 0.568129 -0.031264 0.647495 0.568129 -0.587697 0.620628 0.568129 -0.556433 -0.026867 -0.366615 -0.556433 -0.026867 -0.366615 -0.587697 0.620628 -0.568129 -0.587697 0.620628 -0.568129 -0.556433 -0.026867 0.366615 -0.000000 0.000000 0.568129 0.000000 0.000000 0.568129 -0.556433 -0.026867 0.366615 -0.556433 -0.026867 -0.366615 -0.031264 0.647495 -0.366615 -0.587697 0.620628 0.568129 -0.031264 0.647495 0.366615 -0.031264 0.647495 0.366615 -0.587697 0.620628 0.568129 -0.587697 0.620628 0.366615 -0.031264 0.647495 -0.366615 -0.031264 0.647495 -0.366615 -0.587697 0.620628 0.366615 -0.587697 0.620628 -0.366615 -0.000000 0.000000 -0.366615 -0.556433 -0.026867 -0.366615 -0.000000 0.000000 0.366615 -0.000000 0.000000 0.366615 -0.556433 -0.026867 -0.366615 -0.556433 -0.026867 0.568129 -0.556433 -0.026867 0.568129 -0.587697 0.620628 0.366615 -0.556433 -0.026867 0.366615 -0.587697 0.620628 -0.366615 -0.587697 0.620628 -0.366615 -0.556433 -0.026867 -0.568129 0.556433 0.026867 -0.568129 0.525169 0.674362 -0.366615 0.525169 0.674362 -0.366615 0.556433 0.026867 -0.366615 0.556433 0.026867 -0.366615 0.525169 0.674362 0.366615 0.525169 0.674362 0.366615 0.556433 0.026867 0.366615 0.556433 0.026867 0.366615 -0.000000 0.000000 -0.366615 -0.000000 0.000000 -0.366615 0.556433 0.026867 -0.366615 -0.000000 0.000000 -0.568129 0.000000 0.000000 0.366615 0.525169 0.674362 -0.366615 -0.031264 0.647495 0.366615 -0.031264 0.647495 0.568129 0.525169 0.674362 0.366615 -0.031264 0.647495 0.568129 -0.031264 0.647495 -0.366615 0.525169 0.674362 -0.568129 -0.031264 0.647495 -0.366615 -0.031264 0.647495 0.568129 0.556433 0.026867 0.568129 0.000000 0.000000 0.366615 -0.000000 0.000000 0.568129 0.556433 0.026867 0.568129 0.525169 0.674362 0.568129 -0.031264 0.647495 0.568129 0.000000 0.000000 -0.568129 -0.556433 -0.026867 -0.568129 -0.587697 0.620628 " />
									<Normal vector="-0.707083 0.034089 -0.706259 -0.707083 -0.034089 0.706259 -0.577349 0.548814 0.604511 -0.577349 0.604511 -0.548814 0.000000 0.740379 -0.672170 0.000000 0.672170 0.740379 0.577349 0.548814 0.604511 0.577349 0.604511 -0.548814 0.707083 0.034089 -0.706259 0.707083 -0.034089 0.706259 0.577349 -0.604511 0.548814 0.577349 -0.548814 -0.604511 0.000000 -0.672170 -0.740379 0.000000 -0.740379 0.672170 -0.577349 -0.604511 0.548814 -0.577349 -0.548814 -0.604511 0.000000 0.048219 -0.998810 0.707083 0.034089 -0.706259 0.577349 -0.548814 -0.604511 0.000000 -0.672170 -0.740379 0.000000 -0.048219 0.998810 0.000000 -0.740379 0.672170 0.707083 -0.034089 0.706259 0.000000 -0.048219 0.998810 0.000000 -0.740379 0.672170 0.577349 -0.604511 0.548814 0.000000 -0.048219 0.998810 0.000000 -0.048219 0.998810 0.000000 -0.740379 0.672170 0.000000 -0.740379 0.672170 0.000000 0.048219 -0.998810 0.000000 -0.672170 -0.740379 0.000000 0.048219 -0.998810 0.000000 0.048219 -0.998810 0.000000 -0.672170 -0.740379 0.000000 -0.672170 -0.740379 0.577349 -0.548814 -0.604511 0.577349 -0.604511 0.548814 0.000000 -0.672170 -0.740379 0.000000 -0.740379 0.672170 0.000000 -0.740379 0.672170 0.000000 -0.672170 -0.740379 -0.577349 0.604511 -0.548814 -0.577349 0.548814 0.604511 0.000000 0.672170 0.740379 0.000000 0.740379 -0.672170 0.000000 0.740379 -0.672170 0.000000 0.672170 0.740379 0.000000 0.672170 0.740379 0.000000 0.740379 -0.672170 0.000000 0.740379 -0.672170 0.000000 0.048219 -0.998810 0.000000 0.048219 -0.998810 0.000000 0.740379 -0.672170 0.000000 0.048219 -0.998810 -0.707083 0.034089 -0.706259 0.000000 0.672170 0.740379 0.000000 -0.048219 0.998810 0.000000 -0.048219 0.998810 0.577349 0.548814 0.604511 0.000000 -0.048219 0.998810 0.707083 -0.034089 0.706259 0.000000 0.672170 0.740379 -0.707083 -0.034089 0.706259 0.000000 -0.048219 0.998810 0.577349 0.604511 -0.548814 0.707083 0.034089 -0.706259 0.000000 0.048219 -0.998810 0.577349 0.604511 -0.548814 0.577349 0.548814 0.604511 0.707083 -0.034089 0.706259 0.707083 0.034089 -0.706259 -0.577349 -0.548814 -0.604511 -0.577349 -0.604511 0.548814 " />
									<TextureCoordinate point="0.0310 0.3664 0.4473 0.3664 0.4473 0.5746 0.0310 0.5746 0.0310 0.3664 0.4473 0.3664 0.4473 0.5746 0.0310 0.5746 0.0310 0.3664 0.4473 0.3664 0.4473 0.5746 0.0310 0.5746 0.0310 0.3664 0.4473 0.3664 0.4473 0.5746 0.0310 0.5746 0.0310 0.3664 0.4473 0.3664 0.4473 0.5746 0.0310 0.5746 0.0310 0.3664 0.0310 0.5746 0.0310 0.3664 0.4473 0.3664 0.4473 0.5746 0.0310 0.5746 0.0310 0.0286 0.4473 0.0286 0.4473 0.3021 0.0310 0.3021 0.4473 0.3664 0.4473 0.5746 0.0310 0.3664 0.4473 0.3664 0.4473 0.5746 0.0310 0.5746 0.0310 0.3664 0.4473 0.3664 0.5594 0.9850 0.5594 0.3693 0.9721 0.3693 0.9721 0.9850 0.0310 0.3664 0.4473 0.3664 0.4473 0.5746 0.0310 0.5746 0.0310 0.3664 0.4473 0.3664 0.4473 0.5746 0.0310 0.5746 0.4473 0.3664 0.4473 0.5746 0.0310 0.5746 0.4473 0.3664 0.4473 0.5746 0.0310 0.5746 0.0310 0.3664 0.4473 0.5746 0.0310 0.5746 0.0310 0.3664 0.4473 0.5746 0.0310 0.5746 0.0310 0.3664 0.4473 0.5746 0.0310 0.5746 0.4473 0.3664 0.4473 0.5746 0.0310 0.5746 0.0310 0.3664 0.4473 0.3664 0.4473 0.5746 0.0310 0.5746 0.0310 0.3664 0.4473 0.3664 " />
								</IndexedTriangleSet>
							</Shape>
						</Group>
					</Transform>
				</Transform>
				<Transform DEF="body2_TRANSFORM"
				           translation="0.000000 0.019175 1.140794"
				           scale="1.000000 1.000000 1.000000"
				           rotation="0.000000 1.000000 0.000000 0.000000"
				           >
					<Transform DEF="body2_ifs_TRANSFORM"
					           translation="0.000000 0.000000 0.000000"
					           scale="1.000000 1.000000 1.000000"
					           rotation="0.000000 1.000000 0.000000 0.000000"
					           >
						<Group DEF="group_ME_body2">
							<Shape>
								<Appearance>
									<Material USE="MA_Body" />
								</Appearance>
								<IndexedTriangleSet solid="false"
								                    normalPerVertex="true"
								                    index="0 1 2 0 2 3 4 5 6 4 6 7 8 9 10 8 10 11 12 13 14 12 14 15 16 17 18 16 18 19 20 1 14 20 14 21 22 23 24 22 24 25 26 27 28 26 28 29 0 30 31 0 31 15 32 33 34 32 34 35 36 37 24 36 24 19 38 39 40 38 40 41 42 43 44 42 44 45 46 47 48 46 48 49 46 50 51 46 51 52 42 53 54 42 54 55 56 47 57 56 57 58 59 5 60 59 60 61 62 43 63 62 63 64 4 65 66 4 66 67 68 69 70 68 70 71 72 73 63 72 63 55 "
								                    >
									<Coordinate point="-0.415849 0.000000 0.000000 -0.415849 -0.001269 0.531117 -0.415849 0.402919 0.532082 -0.415849 0.404188 0.000965 0.284485 0.404188 0.000965 0.284485 0.402919 0.532082 0.415849 0.402919 0.532082 0.415849 0.404188 0.000965 0.415849 0.000000 0.000000 0.415849 -0.001269 0.531117 0.415849 -0.405457 0.530151 0.415849 -0.404188 -0.000965 -0.284485 -0.404188 -0.000965 -0.284485 -0.405457 0.530151 -0.415849 -0.405457 0.530151 -0.415849 -0.404188 -0.000965 0.284485 0.000000 0.000000 0.415849 0.000000 0.000000 0.415849 -0.404188 -0.000965 0.284485 -0.404188 -0.000965 -0.284485 -0.001269 0.531117 -0.284485 -0.405457 0.530151 0.415849 -0.001269 0.531117 0.284485 -0.001269 0.531117 0.284485 -0.405457 0.530151 0.415849 -0.405457 0.530151 0.284485 -0.001269 0.531117 -0.284485 -0.001269 0.531117 -0.284485 -0.405457 0.530151 0.284485 -0.405457 0.530151 -0.284485 0.000000 0.000000 -0.284485 -0.404188 -0.000965 -0.284485 0.000000 0.000000 0.284485 0.000000 0.000000 0.284485 -0.404188 -0.000965 -0.284485 -0.404188 -0.000965 0.415849 -0.404188 -0.000965 0.415849 -0.405457 0.530151 0.284485 -0.404188 -0.000965 0.284485 -0.405457 0.530151 -0.284485 -0.405457 0.530151 -0.284485 -0.404188 -0.000965 -0.415849 0.404188 0.000965 -0.415849 0.402919 0.532082 -0.284485 0.402919 0.532082 -0.284485 0.404188 0.000965 -0.284485 0.404188 0.000965 -0.284485 0.402919 0.532082 0.284485 0.402919 0.532082 0.284485 0.404188 0.000965 0.284485 0.404188 0.000965 0.284485 0.000000 0.000000 -0.284485 0.000000 0.000000 -0.284485 0.404188 0.000965 -0.284485 0.000000 0.000000 -0.415849 0.000000 0.000000 0.284485 0.402919 0.532082 -0.284485 -0.001269 0.531117 0.284485 -0.001269 0.531117 0.415849 0.402919 0.532082 0.284485 -0.001269 0.531117 0.415849 -0.001269 0.531117 -0.284485 0.402919 0.532082 -0.415849 -0.001269 0.531117 -0.284485 -0.001269 0.531117 0.415849 0.404188 0.000965 0.415849 0.000000 0.000000 0.284485 0.000000 0.000000 0.415849 0.404188 0.000965 0.415849 0.402919 0.532082 0.415849 -0.001269 0.531117 0.415849 0.000000 0.000000 -0.415849 -0.404188 -0.000965 -0.415849 -0.405457 0.530151 " />
									<Normal vector="-0.707083 0.001679 -0.707083 -0.707083 -0.001679 0.707083 -0.577349 0.575945 0.578722 -0.577349 0.578722 -0.575945 0.000000 0.708792 -0.705405 0.000000 0.705405 0.708792 0.577349 0.575945 0.578722 0.577349 0.578722 -0.575945 0.707083 0.001679 -0.707083 0.707083 -0.001679 0.707083 0.577349 -0.578722 0.575945 0.577349 -0.575945 -0.578722 0.000000 -0.705405 -0.708792 0.000000 -0.708792 0.705405 -0.577349 -0.578722 0.575945 -0.577349 -0.575945 -0.578722 0.000000 0.002380 -0.999969 0.707083 0.001679 -0.707083 0.577349 -0.575945 -0.578722 0.000000 -0.705405 -0.708792 0.000000 -0.002380 0.999969 0.000000 -0.708792 0.705405 0.707083 -0.001679 0.707083 0.000000 -0.002380 0.999969 0.000000 -0.708792 0.705405 0.577349 -0.578722 0.575945 0.000000 -0.002380 0.999969 0.000000 -0.002380 0.999969 0.000000 -0.708792 0.705405 0.000000 -0.708792 0.705405 0.000000 0.002380 -0.999969 0.000000 -0.705405 -0.708792 0.000000 0.002380 -0.999969 0.000000 0.002380 -0.999969 0.000000 -0.705405 -0.708792 0.000000 -0.705405 -0.708792 0.577349 -0.575945 -0.578722 0.577349 -0.578722 0.575945 0.000000 -0.705405 -0.708792 0.000000 -0.708792 0.705405 0.000000 -0.708792 0.705405 0.000000 -0.705405 -0.708792 -0.577349 0.578722 -0.575945 -0.577349 0.575945 0.578722 0.000000 0.705405 0.708792 0.000000 0.708792 -0.705405 0.000000 0.708792 -0.705405 0.000000 0.705405 0.708792 0.000000 0.705405 0.708792 0.000000 0.708792 -0.705405 0.000000 0.708792 -0.705405 0.000000 0.002380 -0.999969 0.000000 0.002380 -0.999969 0.000000 0.708792 -0.705405 0.000000 0.002380 -0.999969 -0.707083 0.001679 -0.707083 0.000000 0.705405 0.708792 0.000000 -0.002380 0.999969 0.000000 -0.002380 0.999969 0.577349 0.575945 0.578722 0.000000 -0.002380 0.999969 0.707083 -0.001679 0.707083 0.000000 0.705405 0.708792 -0.707083 -0.001679 0.707083 0.000000 -0.002380 0.999969 0.577349 0.578722 -0.575945 0.707083 0.001679 -0.707083 0.000000 0.002380 -0.999969 0.577349 0.578722 -0.575945 0.577349 0.575945 0.578722 0.707083 -0.001679 0.707083 0.707083 0.001679 -0.707083 -0.577349 -0.575945 -0.578722 -0.577349 -0.578722 0.575945 " />
									<TextureCoordinate point="0.0310 0.3664 0.4473 0.3664 0.4473 0.5746 0.0310 0.5746 0.0310 0.3664 0.4473 0.3664 0.4473 0.5746 0.0310 0.5746 0.0310 0.3664 0.4473 0.3664 0.4473 0.5746 0.0310 0.5746 0.0310 0.3664 0.4473 0.3664 0.4473 0.5746 0.0310 0.5746 0.0310 0.3664 0.4473 0.3664 0.4473 0.5746 0.0310 0.5746 0.0310 0.3664 0.0310 0.5746 0.0310 0.3664 0.4473 0.3664 0.4473 0.5746 0.0310 0.5746 0.0310 0.0286 0.4473 0.0286 0.4473 0.3021 0.0310 0.3021 0.4473 0.3664 0.4473 0.5746 0.0310 0.3664 0.4473 0.3664 0.4473 0.5746 0.0310 0.5746 0.0310 0.3664 0.4473 0.3664 0.5594 0.9850 0.5594 0.3693 0.9721 0.3693 0.9721 0.9850 0.0310 0.3664 0.4473 0.3664 0.4473 0.5746 0.0310 0.5746 0.0310 0.3664 0.4473 0.3664 0.4473 0.5746 0.0310 0.5746 0.4473 0.3664 0.4473 0.5746 0.0310 0.5746 0.4473 0.3664 0.4473 0.5746 0.0310 0.5746 0.0310 0.3664 0.4473 0.5746 0.0310 0.5746 0.0310 0.3664 0.4473 0.5746 0.0310 0.5746 0.0310 0.3664 0.4473 0.5746 0.0310 0.5746 0.4473 0.3664 0.4473 0.5746 0.0310 0.5746 0.0310 0.3664 0.4473 0.3664 0.4473 0.5746 0.0310 0.5746 0.0310 0.3664 0.4473 0.3664 " />
								</IndexedTriangleSet>
							</Shape>
						</Group>
					</Transform>
					<Transform DEF="neck_TRANSFORM"
					           translation="0.000000 0.009474 0.503734"
					           scale="1.000000 1.000000 1.000000"
					           rotation="0.000000 1.000000 0.000000 0.000000"
					           >
						<Transform DEF="neck_ifs_TRANSFORM"
						           translation="0.000000 0.000000 0.000000"
						           scale="1.000000 1.000000 1.000000"
						           rotation="0.000000 1.000000 0.000000 0.000000"
						           >
							<Group DEF="group_ME_neck">
								<Shape>
									<Appearance>
										<Material USE="MA_Body" />
									</Appearance>
									<IndexedTriangleSet solid="false"
									                    normalPerVertex="true"
									                    index="0 1 2 0 2 3 4 5 6 4 6 7 8 9 10 8 10 11 12 13 14 12 14 15 16 17 18 16 18 19 20 21 14 20 14 22 23 24 25 23 25 26 27 28 29 27 29 30 16 31 32 16 32 33 34 35 36 34 36 37 38 39 40 38 40 41 42 43 44 42 44 45 46 47 48 46 48 19 49 50 51 49 51 52 53 5 54 53 54 55 56 57 58 56 58 59 38 60 61 38 61 26 42 62 63 42 63 64 65 66 54 65 54 67 68 69 58 68 58 70 71 21 72 71 72 73 74 57 75 74 75 76 "
									                    >
										<Coordinate point="-0.336455 -0.308203 0.101619 -0.336455 -0.307246 0.441222 -0.336455 0.309730 0.439482 -0.336455 0.308772 0.099879 0.227815 0.308772 0.099879 0.227815 0.309730 0.439482 0.336455 0.309730 0.439482 0.336455 0.308772 0.099879 0.336455 0.308772 0.099879 0.336455 0.309730 0.439482 0.336455 -0.307246 0.441222 0.336455 -0.308203 0.101619 -0.227815 -0.308203 0.101619 -0.227815 -0.307246 0.441222 -0.336455 -0.307246 0.441222 -0.336455 -0.308203 0.101619 0.227815 0.308488 -0.000870 0.336455 0.308488 -0.000870 0.336455 -0.308488 0.000870 0.227815 -0.308488 0.000870 -0.227815 0.309730 0.439482 -0.336455 0.309730 0.439482 -0.227815 -0.307246 0.441222 -0.227815 -0.308488 0.000870 -0.227815 -0.308203 0.101619 -0.336455 -0.308203 0.101619 -0.336455 -0.308488 0.000870 0.336455 0.308488 -0.000870 0.336455 0.308772 0.099879 0.336455 -0.308203 0.101619 0.336455 -0.308488 0.000870 0.227815 0.308772 0.099879 0.336455 0.308772 0.099879 0.336455 0.308488 -0.000870 -0.336455 -0.308488 0.000870 -0.336455 -0.308203 0.101619 -0.336455 0.308772 0.099879 -0.336455 0.308488 -0.000870 -0.336455 0.308488 -0.000870 -0.336455 0.308772 0.099879 -0.227815 0.308772 0.099879 -0.227815 0.308488 -0.000870 -0.227815 0.308488 -0.000870 -0.227815 0.308772 0.099879 0.227815 0.308772 0.099879 0.227815 0.308488 -0.000870 0.336455 -0.308488 0.000870 0.336455 -0.308203 0.101619 0.227815 -0.308203 0.101619 0.227815 -0.308488 0.000870 0.227815 -0.308203 0.101619 -0.227815 -0.308203 0.101619 -0.227815 -0.308488 0.000870 0.336455 0.309730 0.439482 0.227815 -0.307246 0.441222 0.336455 -0.307246 0.441222 0.227815 0.309730 0.439482 -0.227815 0.309730 0.439482 -0.227815 -0.307246 0.441222 0.227815 -0.307246 0.441222 -0.227815 0.308488 -0.000870 -0.227815 -0.308488 0.000870 0.227815 0.308488 -0.000870 0.227815 -0.308488 0.000870 -0.227815 -0.308488 0.000870 0.336455 -0.308203 0.101619 0.336455 -0.307246 0.441222 0.227815 -0.308203 0.101619 0.227815 -0.308203 0.101619 0.227815 -0.307246 0.441222 -0.227815 -0.308203 0.101619 -0.336455 0.308772 0.099879 -0.227815 0.309730 0.439482 -0.227815 0.308772 0.099879 -0.227815 0.308772 0.099879 0.227815 0.309730 0.439482 0.227815 0.308772 0.099879 " />
										<Normal vector="-0.707083 -0.707083 0.001984 -0.577349 -0.575701 0.578967 -0.577349 0.578967 0.575701 -0.707083 0.707083 -0.001984 0.000000 0.999969 -0.002808 0.000000 0.709098 0.705100 0.577349 0.578967 0.575701 0.707083 0.707083 -0.001984 0.707083 0.707083 -0.001984 0.577349 0.578967 0.575701 0.577349 -0.575701 0.578967 0.707083 -0.707083 0.001984 0.000000 -0.999969 0.002808 0.000000 -0.705100 0.709098 -0.577349 -0.575701 0.578967 -0.707083 -0.707083 0.001984 0.000000 0.705100 -0.709098 0.577349 0.575701 -0.578967 0.577349 -0.578967 -0.575701 0.000000 -0.709098 -0.705100 0.000000 0.709098 0.705100 -0.577349 0.578967 0.575701 0.000000 -0.705100 0.709098 0.000000 -0.709098 -0.705100 0.000000 -0.999969 0.002808 -0.707083 -0.707083 0.001984 -0.577349 -0.578967 -0.575701 0.577349 0.575701 -0.578967 0.707083 0.707083 -0.001984 0.707083 -0.707083 0.001984 0.577349 -0.578967 -0.575701 0.000000 0.999969 -0.002808 0.707083 0.707083 -0.001984 0.577349 0.575701 -0.578967 -0.577349 -0.578967 -0.575701 -0.707083 -0.707083 0.001984 -0.707083 0.707083 -0.001984 -0.577349 0.575701 -0.578967 -0.577349 0.575701 -0.578967 -0.707083 0.707083 -0.001984 0.000000 0.999969 -0.002808 0.000000 0.705100 -0.709098 0.000000 0.705100 -0.709098 0.000000 0.999969 -0.002808 0.000000 0.999969 -0.002808 0.000000 0.705100 -0.709098 0.577349 -0.578967 -0.575701 0.707083 -0.707083 0.001984 0.000000 -0.999969 0.002808 0.000000 -0.709098 -0.705100 0.000000 -0.999969 0.002808 0.000000 -0.999969 0.002808 0.000000 -0.709098 -0.705100 0.577349 0.578967 0.575701 0.000000 -0.705100 0.709098 0.577349 -0.575701 0.578967 0.000000 0.709098 0.705100 0.000000 0.709098 0.705100 0.000000 -0.705100 0.709098 0.000000 -0.705100 0.709098 0.000000 0.705100 -0.709098 0.000000 -0.709098 -0.705100 0.000000 0.705100 -0.709098 0.000000 -0.709098 -0.705100 0.000000 -0.709098 -0.705100 0.707083 -0.707083 0.001984 0.577349 -0.575701 0.578967 0.000000 -0.999969 0.002808 0.000000 -0.999969 0.002808 0.000000 -0.705100 0.709098 0.000000 -0.999969 0.002808 -0.707083 0.707083 -0.001984 0.000000 0.709098 0.705100 0.000000 0.999969 -0.002808 0.000000 0.999969 -0.002808 0.000000 0.709098 0.705100 0.000000 0.999969 -0.002808 " />
										<TextureCoordinate point="0.0310 0.3664 0.4473 0.3664 0.4473 0.5746 0.0310 0.5746 0.0310 0.3664 0.4473 0.3664 0.4473 0.5746 0.0310 0.5746 0.0310 0.3664 0.4473 0.3664 0.4473 0.5746 0.0310 0.5746 0.0310 0.3664 0.4473 0.3664 0.4473 0.5746 0.0310 0.5746 0.0310 0.3664 0.4473 0.3664 0.4473 0.5746 0.0310 0.5746 0.0310 0.3664 0.4473 0.3664 0.0310 0.5746 0.0310 0.3664 0.4473 0.3664 0.4473 0.5746 0.0310 0.5746 0.0310 0.3664 0.4473 0.3664 0.4473 0.5746 0.0310 0.5746 0.4473 0.3664 0.4473 0.5746 0.0310 0.5746 0.0310 0.3664 0.4473 0.3664 0.4473 0.5746 0.0310 0.5746 0.0310 0.3664 0.4473 0.3664 0.4473 0.5746 0.0310 0.5746 0.0310 0.3664 0.4473 0.3664 0.4473 0.5746 0.0310 0.5746 0.0310 0.3664 0.4473 0.3664 0.4473 0.5746 0.0310 0.0286 0.4473 0.0286 0.4473 0.3021 0.0310 0.3021 0.0310 0.3664 0.4473 0.5746 0.0310 0.5746 0.0310 0.3664 0.4473 0.3664 0.4473 0.5746 0.0310 0.5746 0.4473 0.3664 0.4473 0.5746 0.4473 0.3664 0.4473 0.5746 0.0310 0.5746 0.0310 0.3664 0.4473 0.3664 0.0310 0.5746 0.0310 0.3664 0.4473 0.3664 0.0310 0.5746 0.0310 0.3664 0.4473 0.5746 0.0310 0.5746 0.0310 0.3664 0.4473 0.5746 0.0310 0.5746 " />
									</IndexedTriangleSet>
								</Shape>
							</Group>
						</Transform>
						<Transform DEF="head_TRANSFORM"
						           translation="0.000000 -0.066540 0.267466"
						           scale="1.000000 1.000000 1.000000"
						           rotation="0.000000 1.000000 0.000000 0.000000"
						           >
							<Transform DEF="head_ifs_TRANSFORM"
							           translation="0.000000 0.000000 0.000000"
							           scale="1.000000 1.000000 1.000000"
							           rotation="0.000000 1.000000 0.000000 0.000000"
							           >
								<Group DEF="group_ME_head">
									<Shape>
										<Appearance>
											<Material USE="MA_Body" />
										</Appearance>
										<IndexedTriangleSet solid="false"
										                    normalPerVertex="true"
										                    index="0 1 2 0 2 3 4 5 6 4 6 7 8 9 10 8 10 11 12 13 14 12 14 15 16 17 18 16 18 19 20 21 14 20 14 22 23 24 25 23 25 26 27 28 29 27 29 30 16 31 32 16 32 33 34 35 36 34 36 37 38 39 40 38 40 41 42 43 44 42 44 45 46 47 48 46 48 49 50 51 52 50 52 53 54 55 56 54 56 57 58 59 60 58 60 19 61 5 62 61 62 63 54 64 65 54 65 26 66 67 62 66 62 68 69 21 70 69 70 71 "
										                    >
											<Coordinate point="-1.329499 -1.433298 1.784399 -1.329499 -1.437228 2.225796 -1.329499 1.136432 2.248712 -1.329499 1.140362 1.807315 0.000000 1.140362 1.807315 0.000000 1.136432 2.248712 1.329499 1.136432 2.248712 1.329499 1.140362 1.807315 1.329499 1.140362 1.807315 1.329499 1.136432 2.248712 1.329499 -1.437228 2.225796 1.329499 -1.433298 1.784399 0.000000 -1.433298 1.784399 0.000000 -1.437228 2.225796 -1.329499 -1.437228 2.225796 -1.329499 -1.433298 1.784399 0.000000 1.156362 0.010296 1.329499 1.156362 0.010296 1.329499 -1.417298 -0.012619 0.000000 -1.417298 -0.012619 0.000000 1.136432 2.248712 -1.329499 1.136432 2.248712 0.000000 -1.437228 2.225796 0.000000 -1.417298 -0.012619 0.000000 -1.422663 0.590031 -1.329499 -1.422663 0.590031 -1.329499 -1.417298 -0.012619 1.329499 1.156362 0.010296 1.329499 1.150996 0.612946 1.329499 -1.422663 0.590031 1.329499 -1.417298 -0.012619 0.000000 1.150996 0.612946 1.329499 1.150996 0.612946 1.329499 1.156362 0.010296 -1.329499 -1.417298 -0.012619 -1.329499 -1.422663 0.590031 -1.329499 1.150996 0.612946 -1.329499 1.156362 0.010296 1.329499 1.150996 0.612946 1.329499 1.140362 1.807315 1.329499 -1.433298 1.784399 1.329499 -1.422663 0.590031 0.000000 1.150996 0.612946 0.000000 1.140362 1.807315 1.329499 1.140362 1.807315 1.329499 1.150996 0.612946 -1.329499 -1.422663 0.590031 -1.329499 -1.433298 1.784399 -1.329499 1.140362 1.807315 -1.329499 1.150996 0.612946 -1.329499 1.150996 0.612946 -1.329499 1.140362 1.807315 0.000000 1.140362 1.807315 0.000000 1.150996 0.612946 -1.329499 1.156362 0.010296 -1.329499 1.150996 0.612946 0.000000 1.150996 0.612946 0.000000 1.156362 0.010296 1.329499 -1.417298 -0.012619 1.329499 -1.422663 0.590031 0.000000 -1.422663 0.590031 1.329499 1.136432 2.248712 0.000000 -1.437228 2.225796 1.329499 -1.437228 2.225796 0.000000 1.156362 0.010296 0.000000 -1.417298 -0.012619 1.329499 -1.433298 1.784399 1.329499 -1.437228 2.225796 0.000000 -1.433298 1.784399 -1.329499 1.140362 1.807315 0.000000 1.136432 2.248712 0.000000 1.140362 1.807315 " />
											<Normal vector="-0.707083 -0.707053 -0.006287 -0.577349 -0.582446 0.572161 -0.577349 0.572161 0.582446 -0.707083 0.707053 0.006287 0.000000 0.999939 0.008881 0.000000 0.700766 0.713370 0.577349 0.572161 0.582446 0.707083 0.707053 0.006287 0.707083 0.707053 0.006287 0.577349 0.572161 0.582446 0.577349 -0.582446 0.572161 0.707083 -0.707053 -0.006287 0.000000 -0.999939 -0.008881 0.000000 -0.713370 0.700766 -0.577349 -0.582446 0.572161 -0.707083 -0.707053 -0.006287 0.000000 0.713370 -0.700766 0.577349 0.582446 -0.572161 0.577349 -0.572161 -0.582446 0.000000 -0.700766 -0.713370 0.000000 0.700766 0.713370 -0.577349 0.572161 0.582446 0.000000 -0.713370 0.700766 0.000000 -0.700766 -0.713370 0.000000 -0.999939 -0.008881 -0.707083 -0.707053 -0.006287 -0.577349 -0.572161 -0.582446 0.577349 0.582446 -0.572161 0.707083 0.707053 0.006287 0.707083 -0.707053 -0.006287 0.577349 -0.572161 -0.582446 0.000000 0.999939 0.008881 0.707083 0.707053 0.006287 0.577349 0.582446 -0.572161 -0.577349 -0.572161 -0.582446 -0.707083 -0.707053 -0.006287 -0.707083 0.707053 0.006287 -0.577349 0.582446 -0.572161 0.707083 0.707053 0.006287 0.707083 0.707053 0.006287 0.707083 -0.707053 -0.006287 0.707083 -0.707053 -0.006287 0.000000 0.999939 0.008881 0.000000 0.999939 0.008881 0.707083 0.707053 0.006287 0.707083 0.707053 0.006287 -0.707083 -0.707053 -0.006287 -0.707083 -0.707053 -0.006287 -0.707083 0.707053 0.006287 -0.707083 0.707053 0.006287 -0.707083 0.707053 0.006287 -0.707083 0.707053 0.006287 0.000000 0.999939 0.008881 0.000000 0.999939 0.008881 -0.577349 0.582446 -0.572161 -0.707083 0.707053 0.006287 0.000000 0.999939 0.008881 0.000000 0.713370 -0.700766 0.577349 -0.572161 -0.582446 0.707083 -0.707053 -0.006287 0.000000 -0.999939 -0.008881 0.577349 0.572161 0.582446 0.000000 -0.713370 0.700766 0.577349 -0.582446 0.572161 0.000000 0.713370 -0.700766 0.000000 -0.700766 -0.713370 0.707083 -0.707053 -0.006287 0.577349 -0.582446 0.572161 0.000000 -0.999939 -0.008881 -0.707083 0.707053 0.006287 0.000000 0.700766 0.713370 0.000000 0.999939 0.008881 " />
											<TextureCoordinate point="0.0310 0.7749 0.4473 0.7749 0.4473 0.9830 0.0310 0.9830 0.0310 0.7749 0.4473 0.7749 0.4473 0.9830 0.0310 0.9830 0.0310 0.7749 0.4473 0.7749 0.4473 0.9830 0.0310 0.9830 0.0310 0.7749 0.4473 0.7749 0.4473 0.9830 0.0310 0.9830 0.0310 0.3664 0.4473 0.3664 0.4473 0.5746 0.0310 0.5746 0.0310 0.7749 0.4473 0.7749 0.0310 0.9830 0.0310 0.3664 0.4473 0.3664 0.4473 0.5746 0.0310 0.5746 0.0310 0.3664 0.4473 0.3664 0.4473 0.5746 0.0310 0.5746 0.4473 0.3664 0.4473 0.5746 0.0310 0.5746 0.0310 0.3664 0.4473 0.3664 0.4473 0.5746 0.0310 0.5746 0.0310 0.7749 0.4473 0.7749 0.4473 0.9830 0.0310 0.9830 0.0310 0.7749 0.4473 0.7749 0.4473 0.9830 0.0310 0.9830 0.0310 0.7749 0.4473 0.7749 0.4473 0.9830 0.0310 0.9830 0.0310 0.7749 0.4473 0.7749 0.4473 0.9830 0.0310 0.9830 0.0310 0.3664 0.4473 0.3664 0.4473 0.5746 0.0310 0.5746 0.0310 0.3664 0.4473 0.3664 0.4473 0.5746 0.0310 0.7749 0.4473 0.9830 0.0310 0.9830 0.4473 0.3664 0.4473 0.5746 0.0310 0.7749 0.4473 0.7749 0.0310 0.9830 0.0310 0.7749 0.4473 0.9830 0.0310 0.9830 " />
										</IndexedTriangleSet>
									</Shape>
									<Shape>
										<Appearance>
											<Material DEF="MA_Face"
											          diffuseColor="0.800 0.800 0.800"
											          specularColor="0.401 0.401 0.401"
											          emissiveColor="0.000 0.000 0.000"
											          ambientIntensity="0.000"
											          shininess="0.500"
											          transparency="0.0"
											          />
										</Appearance>
										<IndexedTriangleSet solid="false"
										                    normalPerVertex="true"
										                    index="0 1 2 0 2 3 4 5 1 4 1 0 "
										                    >
											<Coordinate point="0.000000 -1.422663 0.590031 0.000000 -1.433298 1.784399 -1.329499 -1.433298 1.784399 -1.329499 -1.422663 0.590031 1.329499 -1.422663 0.590031 1.329499 -1.433298 1.784399 " />
											<Normal vector="0.000000 -0.999939 -0.008881 0.000000 -0.999939 -0.008881 -0.707083 -0.707053 -0.006287 -0.707083 -0.707053 -0.006287 0.707083 -0.707053 -0.006287 0.707083 -0.707053 -0.006287 " />
											<TextureCoordinate point="0.4954 0.1317 0.4954 0.9193 0.0113 0.9193 0.0113 0.1317 0.0113 0.1317 0.0113 0.9193 " />
										</IndexedTriangleSet>
									</Shape>
								</Group>
							</Transform>
							<Transform DEF="top_TRANSFORM"
							           translation="0.034408 0.690059 2.167676"
							           scale="1.000000 1.000000 1.000000"
							           rotation="0.000000 1.000000 0.000000 0.000000"
							           >
								<Transform DEF="top_ifs_TRANSFORM"
								           translation="0.000000 0.000000 0.000000"
								           scale="1.000000 1.000000 1.000000"
								           rotation="0.000000 1.000000 0.000000 0.000000"
								           >
									<Group DEF="group_ME_top">
										<Shape>
											<Appearance>
												<Material USE="MA_Body" />
											</Appearance>
											<IndexedTriangleSet solid="false"
											                    normalPerVertex="true"
											                    index="0 1 2 0 2 3 4 5 6 4 6 7 8 9 10 8 10 11 12 13 14 12 14 15 4 16 17 4 17 15 18 5 14 18 14 19 "
											                    >
												<Coordinate point="-0.133638 -0.081415 0.130991 0.206530 0.293498 0.711055 0.206530 0.527784 0.559629 -0.133638 0.152871 -0.020435 -0.133638 0.152871 -0.020435 0.206530 0.527784 0.559629 0.473807 0.456329 0.449073 0.133638 0.081415 -0.130991 0.133638 0.081415 -0.130991 0.473807 0.456329 0.449073 0.473807 0.222042 0.600500 0.133638 -0.152871 0.020435 0.133638 -0.152871 0.020435 0.473807 0.222042 0.600500 0.206530 0.293498 0.711055 -0.133638 -0.081415 0.130991 0.133638 0.081415 -0.130991 0.133638 -0.152871 0.020435 0.473807 0.456329 0.449073 0.473807 0.222042 0.600500 " />
												<Normal vector="-0.773003 -0.627552 0.092624 -0.262825 -0.065249 0.962615 -0.262825 0.904477 0.335826 -0.773003 0.342204 -0.534135 -0.773003 0.342204 -0.534135 -0.262825 0.904477 0.335826 0.773003 0.627552 -0.092624 0.262825 0.065249 -0.962615 0.262825 0.065249 -0.962615 0.773003 0.627552 -0.092624 0.773003 -0.342204 0.534135 0.262825 -0.904477 -0.335826 0.262825 -0.904477 -0.335826 0.773003 -0.342204 0.534135 -0.262825 -0.065249 0.962615 -0.773003 -0.627552 0.092624 0.262825 0.065249 -0.962615 0.262825 -0.904477 -0.335826 0.773003 0.627552 -0.092624 0.773003 -0.342204 0.534135 " />
												<TextureCoordinate point="0.0390 0.0348 0.4393 0.0348 0.4393 0.2959 0.0390 0.2959 0.0390 0.0348 0.4393 0.0348 0.4393 0.2959 0.0390 0.2959 0.0390 0.0348 0.4393 0.0348 0.4393 0.2959 0.0390 0.2959 0.0390 0.0348 0.4393 0.0348 0.4393 0.2959 0.0390 0.2959 0.4393 0.0348 0.4393 0.2959 0.0390 0.0348 0.0390 0.2959 " />
											</IndexedTriangleSet>
										</Shape>
									</Group>
								</Transform>
							</Transform>
						</Transform>
					</Transform>
					<Transform DEF="arm1_TRANSFORM"
					           translation="0.377096 -0.009567 0.358290"
					           scale="1.000000 1.000000 1.000000"
					           rotation="0.000000 1.000000 0.000000 0.000000"
					           >
						<Transform DEF="arm1_ifs_TRANSFORM"
						           translation="0.000000 0.000000 0.000000"
						           scale="1.000000 1.000000 1.000000"
						           rotation="0.000000 1.000000 0.000000 0.000000"
						           >
							<Group DEF="group_ME_arm1">
								<Shape>
									<Appearance>
										<Material USE="MA_Body" />
									</Appearance>
									<IndexedTriangleSet solid="false"
									                    normalPerVertex="true"
									                    index="0 1 2 0 2 3 4 5 6 4 6 7 8 9 10 8 10 11 12 13 14 12 14 15 4 16 17 4 17 15 18 5 14 18 14 19 "
									                    >
										<Coordinate point="0.000000 -0.165290 -0.158273 0.000000 -0.165290 0.158273 0.000000 0.165290 0.158273 0.000000 0.165290 -0.158273 0.000000 0.165290 -0.158273 0.000000 0.165290 0.158273 0.746913 0.165290 0.158273 0.746913 0.165290 -0.158273 0.746913 0.165290 -0.158273 0.746913 0.165290 0.158273 0.746913 -0.165290 0.158273 0.746913 -0.165290 -0.158273 0.746913 -0.165290 -0.158273 0.746913 -0.165290 0.158273 0.000000 -0.165290 0.158273 0.000000 -0.165290 -0.158273 0.746913 0.165290 -0.158273 0.746913 -0.165290 -0.158273 0.746913 0.165290 0.158273 0.746913 -0.165290 0.158273 " />
										<Normal vector="-0.577349 -0.577349 -0.577349 -0.577349 -0.577349 0.577349 -0.577349 0.577349 0.577349 -0.577349 0.577349 -0.577349 -0.577349 0.577349 -0.577349 -0.577349 0.577349 0.577349 0.577349 0.577349 0.577349 0.577349 0.577349 -0.577349 0.577349 0.577349 -0.577349 0.577349 0.577349 0.577349 0.577349 -0.577349 0.577349 0.577349 -0.577349 -0.577349 0.577349 -0.577349 -0.577349 0.577349 -0.577349 0.577349 -0.577349 -0.577349 0.577349 -0.577349 -0.577349 -0.577349 0.577349 0.577349 -0.577349 0.577349 -0.577349 -0.577349 0.577349 0.577349 0.577349 0.577349 -0.577349 0.577349 " />
										<TextureCoordinate point="0.0310 0.3664 0.4473 0.3664 0.4473 0.5746 0.0310 0.5746 0.0310 0.3664 0.4473 0.3664 0.4473 0.5746 0.0310 0.5746 0.0310 0.3664 0.4473 0.3664 0.4473 0.5746 0.0310 0.5746 0.0310 0.3664 0.4473 0.3664 0.4473 0.5746 0.0310 0.5746 0.4473 0.3664 0.4473 0.5746 0.0310 0.3664 0.0310 0.5746 " />
									</IndexedTriangleSet>
								</Shape>
							</Group>
						</Transform>
						<Transform DEF="arm1_1_TRANSFORM"
						           translation="0.712325 0.000000 0.000000"
						           scale="1.000000 1.000000 1.000000"
						           rotation="0.000000 1.000000 0.000000 0.000000"
						           >
							<Transform DEF="arm1_1_ifs_TRANSFORM"
							           translation="0.000000 0.000000 0.000000"
							           scale="1.000000 1.000000 1.000000"
							           rotation="0.000000 1.000000 0.000000 0.000000"
							           >
								<Group DEF="group_ME_arm1_1">
									<Shape>
										<Appearance>
											<Material USE="MA_Body" />
										</Appearance>
										<IndexedTriangleSet solid="false"
										                    normalPerVertex="true"
										                    index="0 1 2 0 2 3 4 5 6 4 6 7 8 9 10 8 10 11 12 13 14 12 14 15 4 16 17 4 17 15 18 5 14 18 14 19 "
										                    >
											<Coordinate point="0.000000 -0.175444 -0.167996 0.000000 -0.175444 0.167996 0.000000 0.175444 0.167996 0.000000 0.175444 -0.167996 0.000000 0.175444 -0.167996 0.000000 0.175444 0.167996 0.645691 0.175444 0.167996 0.645691 0.175444 -0.167996 0.645691 0.175444 -0.167996 0.645691 0.175444 0.167996 0.645691 -0.175444 0.167996 0.645691 -0.175444 -0.167996 0.645691 -0.175444 -0.167996 0.645691 -0.175444 0.167996 0.000000 -0.175444 0.167996 0.000000 -0.175444 -0.167996 0.645691 0.175444 -0.167996 0.645691 -0.175444 -0.167996 0.645691 0.175444 0.167996 0.645691 -0.175444 0.167996 " />
											<Normal vector="-0.577349 -0.577349 -0.577349 -0.577349 -0.577349 0.577349 -0.577349 0.577349 0.577349 -0.577349 0.577349 -0.577349 -0.577349 0.577349 -0.577349 -0.577349 0.577349 0.577349 0.577349 0.577349 0.577349 0.577349 0.577349 -0.577349 0.577349 0.577349 -0.577349 0.577349 0.577349 0.577349 0.577349 -0.577349 0.577349 0.577349 -0.577349 -0.577349 0.577349 -0.577349 -0.577349 0.577349 -0.577349 0.577349 -0.577349 -0.577349 0.577349 -0.577349 -0.577349 -0.577349 0.577349 0.577349 -0.577349 0.577349 -0.577349 -0.577349 0.577349 0.577349 0.577349 0.577349 -0.577349 0.577349 " />
											<TextureCoordinate point="0.0310 0.3664 0.4473 0.3664 0.4473 0.5746 0.0310 0.5746 0.0310 0.3664 0.4473 0.3664 0.4473 0.5746 0.0310 0.5746 0.0310 0.3664 0.4473 0.3664 0.4473 0.5746 0.0310 0.5746 0.0310 0.3664 0.4473 0.3664 0.4473 0.5746 0.0310 0.5746 0.4473 0.3664 0.4473 0.5746 0.0310 0.3664 0.0310 0.5746 " />
										</IndexedTriangleSet>
									</Shape>
								</Group>
							</Transform>
							<Transform DEF="hand1_TRANSFORM"
							           translation="0.619367 -0.000000 0.000000"
							           scale="1.000000 1.000000 1.000000"
							           rotation="0.000000 1.000000 0.000000 0.000000"
							           >
								<Transform DEF="hand1_ifs_TRANSFORM"
								           translation="0.000000 0.000000 0.000000"
								           scale="1.000000 1.000000 1.000000"
								           rotation="0.000000 1.000000 0.000000 0.000000"
								           >
									<Group DEF="group_ME_hand1">
										<Shape>
											<Appearance>
												<Material USE="MA_Body" />
											</Appearance>
											<IndexedTriangleSet solid="false"
											                    normalPerVertex="true"
											                    index="0 1 2 0 2 3 4 5 6 4 6 7 8 9 10 8 10 11 12 13 14 12 14 15 4 16 17 4 17 15 18 5 14 18 14 19 "
											                    >
												<Coordinate point="-0.007744 -0.192658 -0.177771 0.007744 -0.192658 0.177771 0.007744 0.192658 0.177771 -0.007744 0.192658 -0.177771 -0.007744 0.192658 -0.177771 0.007744 0.192658 0.177771 0.348057 0.192658 0.162947 0.332568 0.192658 -0.192596 0.332568 0.192658 -0.192596 0.348057 0.192658 0.162947 0.348057 -0.192658 0.162947 0.332568 -0.192658 -0.192596 0.332568 -0.192658 -0.192596 0.348057 -0.192658 0.162947 0.007744 -0.192658 0.177771 -0.007744 -0.192658 -0.177771 0.332568 0.192658 -0.192596 0.332568 -0.192658 -0.192596 0.348057 0.192658 0.162947 0.348057 -0.192658 0.162947 " />
												<Normal vector="-0.601917 -0.577349 -0.551653 -0.551653 -0.577349 0.601917 -0.551653 0.577349 0.601917 -0.601917 0.577349 -0.551653 -0.601917 0.577349 -0.551653 -0.551653 0.577349 0.601917 0.601917 0.577349 0.551653 0.551653 0.577349 -0.601917 0.551653 0.577349 -0.601917 0.601917 0.577349 0.551653 0.601917 -0.577349 0.551653 0.551653 -0.577349 -0.601917 0.551653 -0.577349 -0.601917 0.601917 -0.577349 0.551653 -0.551653 -0.577349 0.601917 -0.601917 -0.577349 -0.551653 0.551653 0.577349 -0.601917 0.551653 -0.577349 -0.601917 0.601917 0.577349 0.551653 0.601917 -0.577349 0.551653 " />
												<TextureCoordinate point="0.0310 0.3664 0.4473 0.3664 0.4473 0.5746 0.0310 0.5746 0.0310 0.3664 0.4473 0.3664 0.4473 0.5746 0.0310 0.5746 0.0310 0.3664 0.4473 0.3664 0.4473 0.5746 0.0310 0.5746 0.0310 0.3664 0.4473 0.3664 0.4473 0.5746 0.0310 0.5746 0.4473 0.3664 0.4473 0.5746 0.0310 0.3664 0.0310 0.5746 " />
											</IndexedTriangleSet>
										</Shape>
									</Group>
								</Transform>
								<Transform DEF="Cube_007_TRANSFORM"
								           translation="0.326383 0.000000 -0.030721"
								           scale="1.000000 1.000000 1.000000"
								           rotation="0.000000 1.000000 0.000000 0.000000"
								           >
									<Transform DEF="Cube_007_ifs_TRANSFORM"
									           translation="0.000000 0.000000 0.000000"
									           scale="1.000000 1.000000 1.000000"
									           rotation="0.000000 1.000000 0.000000 0.000000"
									           >
										<Group DEF="group_ME_Cube_028">
											<Shape>
												<Appearance>
													<Material USE="MA_Body" />
												</Appearance>
												<IndexedTriangleSet solid="false"
												                    normalPerVertex="true"
												                    index="0 1 2 0 2 3 4 5 6 4 6 7 8 9 10 8 10 11 12 13 14 12 14 15 4 16 17 4 17 15 18 5 14 18 14 19 "
												                    >
													<Coordinate point="-0.007889 -0.182623 -0.181100 0.007889 -0.182623 0.181100 0.007889 0.182623 0.181100 -0.007889 0.182623 -0.181100 -0.007889 0.182623 -0.181100 0.007889 0.182623 0.181100 0.284107 0.182623 0.169067 0.268329 0.182623 -0.193132 0.268329 0.182623 -0.193132 0.284107 0.182623 0.169067 0.284107 -0.182623 0.169067 0.268329 -0.182623 -0.193132 0.268329 -0.182623 -0.193132 0.284107 -0.182623 0.169067 0.007889 -0.182623 0.181100 -0.007889 -0.182623 -0.181100 0.268329 0.182623 -0.193132 0.268329 -0.182623 -0.193132 0.284107 0.182623 0.169067 0.284107 -0.182623 0.169067 " />
													<Normal vector="-0.601917 -0.577349 -0.551653 -0.551653 -0.577349 0.601917 -0.551653 0.577349 0.601917 -0.601917 0.577349 -0.551653 -0.601917 0.577349 -0.551653 -0.551653 0.577349 0.601917 0.601917 0.577349 0.551653 0.551653 0.577349 -0.601917 0.551653 0.577349 -0.601917 0.601917 0.577349 0.551653 0.601917 -0.577349 0.551653 0.551653 -0.577349 -0.601917 0.551653 -0.577349 -0.601917 0.601917 -0.577349 0.551653 -0.551653 -0.577349 0.601917 -0.601917 -0.577349 -0.551653 0.551653 0.577349 -0.601917 0.551653 -0.577349 -0.601917 0.601917 0.577349 0.551653 0.601917 -0.577349 0.551653 " />
													<TextureCoordinate point="0.0310 0.3664 0.4473 0.3664 0.4473 0.5746 0.0310 0.5746 0.0310 0.3664 0.4473 0.3664 0.4473 0.5746 0.0310 0.5746 0.0310 0.3664 0.4473 0.3664 0.4473 0.5746 0.0310 0.5746 0.0310 0.3664 0.4473 0.3664 0.4473 0.5746 0.0310 0.5746 0.4473 0.3664 0.4473 0.5746 0.0310 0.3664 0.0310 0.5746 " />
												</IndexedTriangleSet>
											</Shape>
										</Group>
									</Transform>
								</Transform>
								<Transform DEF="Cube_008_TRANSFORM"
								           translation="0.198252 -0.165927 -0.030660"
								           scale="1.000000 1.000000 1.000000"
								           rotation="0.000000 1.000000 0.000000 0.000000"
								           >
									<Transform DEF="Cube_008_ifs_TRANSFORM"
									           translation="0.000000 0.000000 0.000000"
									           scale="1.000000 1.000000 1.000000"
									           rotation="0.000000 1.000000 0.000000 0.000000"
									           >
										<Group DEF="group_ME_Cube_029">
											<Shape>
												<Appearance>
													<Material USE="MA_Body" />
												</Appearance>
												<IndexedTriangleSet solid="false"
												                    normalPerVertex="true"
												                    index="0 1 2 0 2 3 4 5 6 4 6 7 8 9 10 8 10 11 12 13 14 12 14 15 4 16 17 4 17 15 18 5 14 18 14 19 "
												                    >
													<Coordinate point="-0.182623 0.007889 -0.181100 -0.182623 -0.007889 0.181100 0.182623 -0.007889 0.181100 0.182623 0.007889 -0.181100 0.182623 0.007889 -0.181100 0.182623 -0.007889 0.181100 0.182623 -0.284107 0.169067 0.182623 -0.268329 -0.193132 0.182623 -0.268329 -0.193132 0.182623 -0.284107 0.169067 -0.182623 -0.284107 0.169067 -0.182623 -0.268329 -0.193132 -0.182623 -0.268329 -0.193132 -0.182623 -0.284107 0.169067 -0.182623 -0.007889 0.181100 -0.182623 0.007889 -0.181100 0.182623 -0.268329 -0.193132 -0.182623 -0.268329 -0.193132 0.182623 -0.284107 0.169067 -0.182623 -0.284107 0.169067 " />
													<Normal vector="-0.577349 0.601917 -0.551653 -0.577349 0.551653 0.601917 0.577349 0.551653 0.601917 0.577349 0.601917 -0.551653 0.577349 0.601917 -0.551653 0.577349 0.551653 0.601917 0.577349 -0.601917 0.551653 0.577349 -0.551653 -0.601917 0.577349 -0.551653 -0.601917 0.577349 -0.601917 0.551653 -0.577349 -0.601917 0.551653 -0.577349 -0.551653 -0.601917 -0.577349 -0.551653 -0.601917 -0.577349 -0.601917 0.551653 -0.577349 0.551653 0.601917 -0.577349 0.601917 -0.551653 0.577349 -0.551653 -0.601917 -0.577349 -0.551653 -0.601917 0.577349 -0.601917 0.551653 -0.577349 -0.601917 0.551653 " />
													<TextureCoordinate point="0.0310 0.3664 0.4473 0.3664 0.4473 0.5746 0.0310 0.5746 0.0310 0.3664 0.4473 0.3664 0.4473 0.5746 0.0310 0.5746 0.0310 0.3664 0.4473 0.3664 0.4473 0.5746 0.0310 0.5746 0.0310 0.3664 0.4473 0.3664 0.4473 0.5746 0.0310 0.5746 0.4473 0.3664 0.4473 0.5746 0.0310 0.3664 0.0310 0.5746 " />
												</IndexedTriangleSet>
											</Shape>
										</Group>
									</Transform>
								</Transform>
								<Transform DEF="Cube_009_TRANSFORM"
								           translation="0.198252 0.166217 -0.030660"
								           scale="1.000000 1.000000 1.000000"
								           rotation="0.000000 1.000000 0.000000 0.000000"
								           >
									<Transform DEF="Cube_009_ifs_TRANSFORM"
									           translation="0.000000 0.000000 0.000000"
									           scale="1.000000 1.000000 1.000000"
									           rotation="0.000000 1.000000 0.000000 0.000000"
									           >
										<Group DEF="group_ME_Cube_030">
											<Shape>
												<Appearance>
													<Material USE="MA_Body" />
												</Appearance>
												<IndexedTriangleSet solid="false"
												                    normalPerVertex="true"
												                    index="0 1 2 0 2 3 4 5 6 4 6 7 8 9 10 8 10 11 12 13 14 12 14 15 4 13 16 4 16 17 18 19 14 18 14 7 "
												                    >
													<Coordinate point="-0.182623 -0.007889 -0.181100 0.182623 -0.007889 -0.181100 0.182623 0.007889 0.181100 -0.182623 0.007889 0.181100 0.182623 -0.007889 -0.181100 0.182623 0.268329 -0.193132 0.182623 0.284107 0.169067 0.182623 0.007889 0.181100 0.182623 0.268329 -0.193132 -0.182623 0.268329 -0.193132 -0.182623 0.284107 0.169067 0.182623 0.284107 0.169067 -0.182623 0.268329 -0.193132 -0.182623 -0.007889 -0.181100 -0.182623 0.007889 0.181100 -0.182623 0.284107 0.169067 -0.182623 0.268329 -0.193132 0.182623 0.268329 -0.193132 0.182623 0.284107 0.169067 -0.182623 0.284107 0.169067 " />
													<Normal vector="-0.577349 -0.601917 -0.551653 0.577349 -0.601917 -0.551653 0.577349 -0.551653 0.601917 -0.577349 -0.551653 0.601917 0.577349 -0.601917 -0.551653 0.577349 0.551653 -0.601917 0.577349 0.601917 0.551653 0.577349 -0.551653 0.601917 0.577349 0.551653 -0.601917 -0.577349 0.551653 -0.601917 -0.577349 0.601917 0.551653 0.577349 0.601917 0.551653 -0.577349 0.551653 -0.601917 -0.577349 -0.601917 -0.551653 -0.577349 -0.551653 0.601917 -0.577349 0.601917 0.551653 -0.577349 0.551653 -0.601917 0.577349 0.551653 -0.601917 0.577349 0.601917 0.551653 -0.577349 0.601917 0.551653 " />
													<TextureCoordinate point="0.0310 0.3664 0.0310 0.5746 0.4473 0.5746 0.4473 0.3664 0.0310 0.3664 0.0310 0.5746 0.4473 0.5746 0.4473 0.3664 0.0310 0.3664 0.0310 0.5746 0.4473 0.5746 0.4473 0.3664 0.0310 0.3664 0.0310 0.5746 0.4473 0.5746 0.4473 0.3664 0.4473 0.5746 0.4473 0.3664 0.0310 0.3664 0.0310 0.5746 " />
												</IndexedTriangleSet>
											</Shape>
										</Group>
									</Transform>
								</Transform>
							</Transform>
						</Transform>
					</Transform>
					<Transform DEF="arm2_TRANSFORM"
					           translation="-0.377096 -0.009567 0.358290"
					           scale="1.000000 1.000000 1.000000"
					           rotation="0.000000 1.000000 0.000000 0.000000"
					           >
						<Transform DEF="arm2_ifs_TRANSFORM"
						           translation="0.000000 0.000000 0.000000"
						           scale="1.000000 1.000000 1.000000"
						           rotation="0.000000 1.000000 0.000000 0.000000"
						           >
							<Group DEF="group_ME_arm2">
								<Shape>
									<Appearance>
										<Material USE="MA_Body" />
									</Appearance>
									<IndexedTriangleSet solid="false"
									                    normalPerVertex="true"
									                    index="0 1 2 0 2 3 4 5 6 4 6 7 8 9 10 8 10 11 12 13 14 12 14 15 4 13 16 4 16 17 18 19 14 18 14 7 "
									                    >
										<Coordinate point="0.000000 -0.165290 -0.158273 0.000000 0.165290 -0.158273 0.000000 0.165290 0.158273 0.000000 -0.165290 0.158273 0.000000 0.165290 -0.158273 -0.746913 0.165290 -0.158273 -0.746913 0.165290 0.158273 0.000000 0.165290 0.158273 -0.746913 0.165290 -0.158273 -0.746913 -0.165290 -0.158273 -0.746913 -0.165290 0.158273 -0.746913 0.165290 0.158273 -0.746913 -0.165290 -0.158273 0.000000 -0.165290 -0.158273 0.000000 -0.165290 0.158273 -0.746913 -0.165290 0.158273 -0.746913 -0.165290 -0.158273 -0.746913 0.165290 -0.158273 -0.746913 0.165290 0.158273 -0.746913 -0.165290 0.158273 " />
										<Normal vector="0.577349 -0.577349 -0.577349 0.577349 0.577349 -0.577349 0.577349 0.577349 0.577349 0.577349 -0.577349 0.577349 0.577349 0.577349 -0.577349 -0.577349 0.577349 -0.577349 -0.577349 0.577349 0.577349 0.577349 0.577349 0.577349 -0.577349 0.577349 -0.577349 -0.577349 -0.577349 -0.577349 -0.577349 -0.577349 0.577349 -0.577349 0.577349 0.577349 -0.577349 -0.577349 -0.577349 0.577349 -0.577349 -0.577349 0.577349 -0.577349 0.577349 -0.577349 -0.577349 0.577349 -0.577349 -0.577349 -0.577349 -0.577349 0.577349 -0.577349 -0.577349 0.577349 0.577349 -0.577349 -0.577349 0.577349 " />
										<TextureCoordinate point="0.0310 0.3664 0.0310 0.5746 0.4473 0.5746 0.4473 0.3664 0.0310 0.3664 0.0310 0.5746 0.4473 0.5746 0.4473 0.3664 0.0310 0.3664 0.0310 0.5746 0.4473 0.5746 0.4473 0.3664 0.0310 0.3664 0.0310 0.5746 0.4473 0.5746 0.4473 0.3664 0.4473 0.5746 0.4473 0.3664 0.0310 0.3664 0.0310 0.5746 " />
									</IndexedTriangleSet>
								</Shape>
							</Group>
						</Transform>
						<Transform DEF="arm2_1_TRANSFORM"
						           translation="-0.712325 0.000000 0.000000"
						           scale="1.000000 1.000000 1.000000"
						           rotation="0.000000 1.000000 0.000000 0.000000"
						           >
							<Transform DEF="arm2_1_ifs_TRANSFORM"
							           translation="0.000000 0.000000 0.000000"
							           scale="1.000000 1.000000 1.000000"
							           rotation="0.000000 1.000000 0.000000 0.000000"
							           >
								<Group DEF="group_ME_arm2_1">
									<Shape>
										<Appearance>
											<Material USE="MA_Body" />
										</Appearance>
										<IndexedTriangleSet solid="false"
										                    normalPerVertex="true"
										                    index="0 1 2 0 2 3 4 5 6 4 6 7 8 9 10 8 10 11 12 13 14 12 14 15 4 13 16 4 16 17 18 19 14 18 14 7 "
										                    >
											<Coordinate point="0.000000 -0.175444 -0.167996 0.000000 0.175444 -0.167996 0.000000 0.175444 0.167996 0.000000 -0.175444 0.167996 0.000000 0.175444 -0.167996 -0.645691 0.175444 -0.167996 -0.645691 0.175444 0.167996 0.000000 0.175444 0.167996 -0.645691 0.175444 -0.167996 -0.645691 -0.175444 -0.167996 -0.645691 -0.175444 0.167996 -0.645691 0.175444 0.167996 -0.645691 -0.175444 -0.167996 0.000000 -0.175444 -0.167996 0.000000 -0.175444 0.167996 -0.645691 -0.175444 0.167996 -0.645691 -0.175444 -0.167996 -0.645691 0.175444 -0.167996 -0.645691 0.175444 0.167996 -0.645691 -0.175444 0.167996 " />
											<Normal vector="0.577349 -0.577349 -0.577349 0.577349 0.577349 -0.577349 0.577349 0.577349 0.577349 0.577349 -0.577349 0.577349 0.577349 0.577349 -0.577349 -0.577349 0.577349 -0.577349 -0.577349 0.577349 0.577349 0.577349 0.577349 0.577349 -0.577349 0.577349 -0.577349 -0.577349 -0.577349 -0.577349 -0.577349 -0.577349 0.577349 -0.577349 0.577349 0.577349 -0.577349 -0.577349 -0.577349 0.577349 -0.577349 -0.577349 0.577349 -0.577349 0.577349 -0.577349 -0.577349 0.577349 -0.577349 -0.577349 -0.577349 -0.577349 0.577349 -0.577349 -0.577349 0.577349 0.577349 -0.577349 -0.577349 0.577349 " />
											<TextureCoordinate point="0.0310 0.3664 0.0310 0.5746 0.4473 0.5746 0.4473 0.3664 0.0310 0.3664 0.0310 0.5746 0.4473 0.5746 0.4473 0.3664 0.0310 0.3664 0.0310 0.5746 0.4473 0.5746 0.4473 0.3664 0.0310 0.3664 0.0310 0.5746 0.4473 0.5746 0.4473 0.3664 0.4473 0.5746 0.4473 0.3664 0.0310 0.3664 0.0310 0.5746 " />
										</IndexedTriangleSet>
									</Shape>
								</Group>
							</Transform>
							<Transform DEF="hand2_TRANSFORM"
							           translation="-0.619367 -0.000000 0.000000"
							           scale="1.000000 1.000000 1.000000"
							           rotation="0.000000 1.000000 0.000000 0.000000"
							           >
								<Transform DEF="hand2_ifs_TRANSFORM"
								           translation="0.000000 0.000000 0.000000"
								           scale="1.000000 1.000000 1.000000"
								           rotation="0.000000 1.000000 0.000000 0.000000"
								           >
									<Group DEF="group_ME_hand2">
										<Shape>
											<Appearance>
												<Material USE="MA_Body" />
											</Appearance>
											<IndexedTriangleSet solid="false"
											                    normalPerVertex="true"
											                    index="0 1 2 0 2 3 4 5 6 4 6 7 8 9 10 8 10 11 12 13 14 12 14 15 4 13 16 4 16 17 18 19 14 18 14 7 "
											                    >
												<Coordinate point="0.007744 -0.192658 -0.177771 0.007744 0.192658 -0.177771 -0.007744 0.192658 0.177771 -0.007744 -0.192658 0.177771 0.007744 0.192658 -0.177771 -0.332568 0.192658 -0.192596 -0.348057 0.192658 0.162947 -0.007744 0.192658 0.177771 -0.332568 0.192658 -0.192596 -0.332568 -0.192658 -0.192596 -0.348057 -0.192658 0.162947 -0.348057 0.192658 0.162947 -0.332568 -0.192658 -0.192596 0.007744 -0.192658 -0.177771 -0.007744 -0.192658 0.177771 -0.348057 -0.192658 0.162947 -0.332568 -0.192658 -0.192596 -0.332568 0.192658 -0.192596 -0.348057 0.192658 0.162947 -0.348057 -0.192658 0.162947 " />
												<Normal vector="0.601917 -0.577349 -0.551653 0.601917 0.577349 -0.551653 0.551653 0.577349 0.601917 0.551653 -0.577349 0.601917 0.601917 0.577349 -0.551653 -0.551653 0.577349 -0.601917 -0.601917 0.577349 0.551653 0.551653 0.577349 0.601917 -0.551653 0.577349 -0.601917 -0.551653 -0.577349 -0.601917 -0.601917 -0.577349 0.551653 -0.601917 0.577349 0.551653 -0.551653 -0.577349 -0.601917 0.601917 -0.577349 -0.551653 0.551653 -0.577349 0.601917 -0.601917 -0.577349 0.551653 -0.551653 -0.577349 -0.601917 -0.551653 0.577349 -0.601917 -0.601917 0.577349 0.551653 -0.601917 -0.577349 0.551653 " />
												<TextureCoordinate point="0.0310 0.3664 0.0310 0.5746 0.4473 0.5746 0.4473 0.3664 0.0310 0.3664 0.0310 0.5746 0.4473 0.5746 0.4473 0.3664 0.0310 0.3664 0.0310 0.5746 0.4473 0.5746 0.4473 0.3664 0.0310 0.3664 0.0310 0.5746 0.4473 0.5746 0.4473 0.3664 0.4473 0.5746 0.4473 0.3664 0.0310 0.3664 0.0310 0.5746 " />
											</IndexedTriangleSet>
										</Shape>
									</Group>
								</Transform>
								<Transform DEF="Cube_003_TRANSFORM"
								           translation="-0.326383 0.000000 -0.030721"
								           scale="1.000000 1.000000 1.000000"
								           rotation="0.000000 1.000000 0.000000 0.000000"
								           >
									<Transform DEF="Cube_003_ifs_TRANSFORM"
									           translation="0.000000 0.000000 0.000000"
									           scale="1.000000 1.000000 1.000000"
									           rotation="0.000000 1.000000 0.000000 0.000000"
									           >
										<Group DEF="group_ME_Cube_002">
											<Shape>
												<Appearance>
													<Material USE="MA_Body" />
												</Appearance>
												<IndexedTriangleSet solid="false"
												                    normalPerVertex="true"
												                    index="0 1 2 0 2 3 4 5 6 4 6 7 8 9 10 8 10 11 12 13 14 12 14 15 4 13 16 4 16 17 18 19 14 18 14 7 "
												                    >
													<Coordinate point="0.007889 -0.182623 -0.181100 0.007889 0.182623 -0.181100 -0.007889 0.182623 0.181100 -0.007889 -0.182623 0.181100 0.007889 0.182623 -0.181100 -0.268329 0.182623 -0.193132 -0.284107 0.182623 0.169067 -0.007889 0.182623 0.181100 -0.268329 0.182623 -0.193132 -0.268329 -0.182623 -0.193132 -0.284107 -0.182623 0.169067 -0.284107 0.182623 0.169067 -0.268329 -0.182623 -0.193132 0.007889 -0.182623 -0.181100 -0.007889 -0.182623 0.181100 -0.284107 -0.182623 0.169067 -0.268329 -0.182623 -0.193132 -0.268329 0.182623 -0.193132 -0.284107 0.182623 0.169067 -0.284107 -0.182623 0.169067 " />
													<Normal vector="0.601917 -0.577349 -0.551653 0.601917 0.577349 -0.551653 0.551653 0.577349 0.601917 0.551653 -0.577349 0.601917 0.601917 0.577349 -0.551653 -0.551653 0.577349 -0.601917 -0.601917 0.577349 0.551653 0.551653 0.577349 0.601917 -0.551653 0.577349 -0.601917 -0.551653 -0.577349 -0.601917 -0.601917 -0.577349 0.551653 -0.601917 0.577349 0.551653 -0.551653 -0.577349 -0.601917 0.601917 -0.577349 -0.551653 0.551653 -0.577349 0.601917 -0.601917 -0.577349 0.551653 -0.551653 -0.577349 -0.601917 -0.551653 0.577349 -0.601917 -0.601917 0.577349 0.551653 -0.601917 -0.577349 0.551653 " />
													<TextureCoordinate point="0.0310 0.3664 0.0310 0.5746 0.4473 0.5746 0.4473 0.3664 0.0310 0.3664 0.0310 0.5746 0.4473 0.5746 0.4473 0.3664 0.0310 0.3664 0.0310 0.5746 0.4473 0.5746 0.4473 0.3664 0.0310 0.3664 0.0310 0.5746 0.4473 0.5746 0.4473 0.3664 0.4473 0.5746 0.4473 0.3664 0.0310 0.3664 0.0310 0.5746 " />
												</IndexedTriangleSet>
											</Shape>
										</Group>
									</Transform>
								</Transform>
								<Transform DEF="Cube_010_TRANSFORM"
								           translation="-0.198252 -0.165927 -0.030660"
								           scale="1.000000 1.000000 1.000000"
								           rotation="0.000000 1.000000 0.000000 0.000000"
								           >
									<Transform DEF="Cube_010_ifs_TRANSFORM"
									           translation="0.000000 0.000000 0.000000"
									           scale="1.000000 1.000000 1.000000"
									           rotation="0.000000 1.000000 0.000000 0.000000"
									           >
										<Group DEF="group_ME_Cube_003">
											<Shape>
												<Appearance>
													<Material USE="MA_Body" />
												</Appearance>
												<IndexedTriangleSet solid="false"
												                    normalPerVertex="true"
												                    index="0 1 2 0 2 3 4 5 6 4 6 7 8 9 10 8 10 11 12 13 14 12 14 15 4 13 16 4 16 17 18 19 14 18 14 7 "
												                    >
													<Coordinate point="0.182623 0.007889 -0.181100 -0.182623 0.007889 -0.181100 -0.182623 -0.007889 0.181100 0.182623 -0.007889 0.181100 -0.182623 0.007889 -0.181100 -0.182623 -0.268329 -0.193132 -0.182623 -0.284107 0.169067 -0.182623 -0.007889 0.181100 -0.182623 -0.268329 -0.193132 0.182623 -0.268329 -0.193132 0.182623 -0.284107 0.169067 -0.182623 -0.284107 0.169067 0.182623 -0.268329 -0.193132 0.182623 0.007889 -0.181100 0.182623 -0.007889 0.181100 0.182623 -0.284107 0.169067 0.182623 -0.268329 -0.193132 -0.182623 -0.268329 -0.193132 -0.182623 -0.284107 0.169067 0.182623 -0.284107 0.169067 " />
													<Normal vector="0.577349 0.601917 -0.551653 -0.577349 0.601917 -0.551653 -0.577349 0.551653 0.601917 0.577349 0.551653 0.601917 -0.577349 0.601917 -0.551653 -0.577349 -0.551653 -0.601917 -0.577349 -0.601917 0.551653 -0.577349 0.551653 0.601917 -0.577349 -0.551653 -0.601917 0.577349 -0.551653 -0.601917 0.577349 -0.601917 0.551653 -0.577349 -0.601917 0.551653 0.577349 -0.551653 -0.601917 0.577349 0.601917 -0.551653 0.577349 0.551653 0.601917 0.577349 -0.601917 0.551653 0.577349 -0.551653 -0.601917 -0.577349 -0.551653 -0.601917 -0.577349 -0.601917 0.551653 0.577349 -0.601917 0.551653 " />
													<TextureCoordinate point="0.0310 0.3664 0.0310 0.5746 0.4473 0.5746 0.4473 0.3664 0.0310 0.3664 0.0310 0.5746 0.4473 0.5746 0.4473 0.3664 0.0310 0.3664 0.0310 0.5746 0.4473 0.5746 0.4473 0.3664 0.0310 0.3664 0.0310 0.5746 0.4473 0.5746 0.4473 0.3664 0.4473 0.5746 0.4473 0.3664 0.0310 0.3664 0.0310 0.5746 " />
												</IndexedTriangleSet>
											</Shape>
										</Group>
									</Transform>
								</Transform>
								<Transform DEF="Cube_011_TRANSFORM"
								           translation="-0.198252 0.166217 -0.030660"
								           scale="1.000000 1.000000 1.000000"
								           rotation="0.000000 1.000000 0.000000 0.000000"
								           >
									<Transform DEF="Cube_011_ifs_TRANSFORM"
									           translation="0.000000 0.000000 0.000000"
									           scale="1.000000 1.000000 1.000000"
									           rotation="0.000000 1.000000 0.000000 0.000000"
									           >
										<Group DEF="group_ME_Cube_005">
											<Shape>
												<Appearance>
													<Material USE="MA_Body" />
												</Appearance>
												<IndexedTriangleSet solid="false"
												                    normalPerVertex="true"
												                    index="0 1 2 0 2 3 4 5 6 4 6 7 8 9 10 8 10 11 12 13 14 12 14 15 4 16 17 4 17 15 18 5 14 18 14 19 "
												                    >
													<Coordinate point="0.182623 -0.007889 -0.181100 0.182623 0.007889 0.181100 -0.182623 0.007889 0.181100 -0.182623 -0.007889 -0.181100 -0.182623 -0.007889 -0.181100 -0.182623 0.007889 0.181100 -0.182623 0.284107 0.169067 -0.182623 0.268329 -0.193132 -0.182623 0.268329 -0.193132 -0.182623 0.284107 0.169067 0.182623 0.284107 0.169067 0.182623 0.268329 -0.193132 0.182623 0.268329 -0.193132 0.182623 0.284107 0.169067 0.182623 0.007889 0.181100 0.182623 -0.007889 -0.181100 -0.182623 0.268329 -0.193132 0.182623 0.268329 -0.193132 -0.182623 0.284107 0.169067 0.182623 0.284107 0.169067 " />
													<Normal vector="0.577349 -0.601917 -0.551653 0.577349 -0.551653 0.601917 -0.577349 -0.551653 0.601917 -0.577349 -0.601917 -0.551653 -0.577349 -0.601917 -0.551653 -0.577349 -0.551653 0.601917 -0.577349 0.601917 0.551653 -0.577349 0.551653 -0.601917 -0.577349 0.551653 -0.601917 -0.577349 0.601917 0.551653 0.577349 0.601917 0.551653 0.577349 0.551653 -0.601917 0.577349 0.551653 -0.601917 0.577349 0.601917 0.551653 0.577349 -0.551653 0.601917 0.577349 -0.601917 -0.551653 -0.577349 0.551653 -0.601917 0.577349 0.551653 -0.601917 -0.577349 0.601917 0.551653 0.577349 0.601917 0.551653 " />
													<TextureCoordinate point="0.0310 0.3664 0.4473 0.3664 0.4473 0.5746 0.0310 0.5746 0.0310 0.3664 0.4473 0.3664 0.4473 0.5746 0.0310 0.5746 0.0310 0.3664 0.4473 0.3664 0.4473 0.5746 0.0310 0.5746 0.0310 0.3664 0.4473 0.3664 0.4473 0.5746 0.0310 0.5746 0.4473 0.3664 0.4473 0.5746 0.0310 0.3664 0.0310 0.5746 " />
												</IndexedTriangleSet>
											</Shape>
										</Group>
									</Transform>
								</Transform>
							</Transform>
						</Transform>
					</Transform>
				</Transform>
			</Transform>
			<Transform DEF="Cube_006_TRANSFORM"
			           translation="0.000000 -0.051158 0.294929"
			           scale="1.000000 1.000000 1.000000"
			           rotation="0.000000 1.000000 0.000000 0.000000"
			           >
				<Transform DEF="Cube_006_ifs_TRANSFORM"
				           translation="0.000000 0.000000 0.000000"
				           scale="1.000000 1.000000 1.000000"
				           rotation="0.000000 1.000000 0.000000 0.000000"
				           >
					<Group DEF="group_ME_Cube_014">
						<Shape>
							<Appearance>
								<Material USE="MA_Body" />
							</Appearance>
							<IndexedTriangleSet solid="false"
							                    normalPerVertex="true"
							                    index="0 1 2 0 2 3 4 5 6 4 6 7 8 9 10 8 10 11 12 13 14 12 14 15 4 16 17 4 17 15 18 5 14 18 14 19 "
							                    >
								<Coordinate point="-1.012458 -0.857779 -0.118973 -1.012458 -0.930396 0.404589 -1.012458 0.785161 0.642535 -1.012458 0.857779 0.118973 -1.012458 0.857779 0.118973 -1.012458 0.785161 0.642535 1.012458 0.785161 0.642535 1.012458 0.857779 0.118973 1.012458 0.857779 0.118973 1.012458 0.785161 0.642535 1.012458 -0.930396 0.404589 1.012458 -0.857779 -0.118973 1.012458 -0.857779 -0.118973 1.012458 -0.930396 0.404589 -1.012458 -0.930396 0.404589 -1.012458 -0.857779 -0.118973 1.012458 0.857779 0.118973 1.012458 -0.857779 -0.118973 1.012458 0.785161 0.642535 1.012458 -0.930396 0.404589 " />
								<Normal vector="-0.577349 -0.492538 -0.651173 -0.577349 -0.651173 0.492538 -0.577349 0.492538 0.651173 -0.577349 0.651173 -0.492538 -0.577349 0.651173 -0.492538 -0.577349 0.492538 0.651173 0.577349 0.492538 0.651173 0.577349 0.651173 -0.492538 0.577349 0.651173 -0.492538 0.577349 0.492538 0.651173 0.577349 -0.651173 0.492538 0.577349 -0.492538 -0.651173 0.577349 -0.492538 -0.651173 0.577349 -0.651173 0.492538 -0.577349 -0.651173 0.492538 -0.577349 -0.492538 -0.651173 0.577349 0.651173 -0.492538 0.577349 -0.492538 -0.651173 0.577349 0.492538 0.651173 0.577349 -0.651173 0.492538 " />
								<TextureCoordinate point="0.0310 0.7749 0.4473 0.7749 0.4473 0.9830 0.0310 0.9830 0.0310 0.7749 0.4473 0.7749 0.4473 0.9830 0.0310 0.9830 0.0310 0.7749 0.4473 0.7749 0.4473 0.9830 0.0310 0.9830 0.0310 0.7749 0.4473 0.7749 0.4473 0.9830 0.0310 0.9830 0.4473 0.7749 0.4473 0.9830 0.0310 0.7749 0.0310 0.9830 " />
							</IndexedTriangleSet>
						</Shape>
					</Group>
				</Transform>
				<Transform DEF="Cube_004_TRANSFORM"
				           translation="-0.053789 0.020882 0.330090"
				           scale="1.000000 1.000000 1.000000"
				           rotation="0.000000 1.000000 0.000000 0.000000"
				           >
					<Transform DEF="Cube_004_ifs_TRANSFORM"
					           translation="0.000000 0.000000 0.000000"
					           scale="1.000000 1.000000 1.000000"
					           rotation="0.000000 1.000000 0.000000 0.000000"
					           >
						<Group DEF="group_ME_Cube_009">
							<Shape>
								<Appearance>
									<Material USE="MA_Body" />
								</Appearance>
								<IndexedTriangleSet solid="false"
								                    normalPerVertex="true"
								                    index="0 1 2 0 2 3 4 5 6 4 6 7 8 9 10 8 10 11 12 13 14 12 14 15 4 16 17 4 17 15 18 5 14 18 14 19 "
								                    >
									<Coordinate point="-0.775282 -0.946182 -0.182916 -0.791118 -1.014104 0.235547 -0.791118 0.887540 0.544208 -0.775282 0.955462 0.125745 -0.775282 0.955462 0.125745 -0.791118 0.887540 0.544208 0.759446 0.878260 0.601380 0.775282 0.946182 0.182916 0.775282 0.946182 0.182916 0.759446 0.878260 0.601380 0.759446 -1.023384 0.292719 0.775282 -0.955462 -0.125745 0.775282 -0.955462 -0.125745 0.759446 -1.023384 0.292719 -0.791118 -1.014104 0.235547 -0.775282 -0.946182 -0.182916 0.775282 0.946182 0.182916 0.775282 -0.955462 -0.125745 0.759446 0.878260 0.601380 0.759446 -1.023384 0.292719 " />
									<Normal vector="-0.555376 -0.473983 -0.683248 -0.598498 -0.658864 0.455702 -0.598498 0.480880 0.640706 -0.555376 0.665761 -0.498245 -0.555376 0.665761 -0.498245 -0.598498 0.480880 0.640706 0.555376 0.473983 0.683248 0.598498 0.658864 -0.455702 0.598498 0.658864 -0.455702 0.555376 0.473983 0.683248 0.555376 -0.665761 0.498245 0.598498 -0.480880 -0.640706 0.598498 -0.480880 -0.640706 0.555376 -0.665761 0.498245 -0.598498 -0.658864 0.455702 -0.555376 -0.473983 -0.683248 0.598498 0.658864 -0.455702 0.598498 -0.480880 -0.640706 0.555376 0.473983 0.683248 0.555376 -0.665761 0.498245 " />
									<TextureCoordinate point="0.0310 0.7749 0.4473 0.7749 0.4473 0.9830 0.0310 0.9830 0.0310 0.7749 0.4473 0.7749 0.4473 0.9830 0.0310 0.9830 0.0310 0.7749 0.4473 0.7749 0.4473 0.9830 0.0310 0.9830 0.0310 0.7749 0.4473 0.7749 0.4473 0.9830 0.0310 0.9830 0.4473 0.7749 0.4473 0.9830 0.0310 0.7749 0.0310 0.9830 " />
								</IndexedTriangleSet>
							</Shape>
						</Group>
					</Transform>
					<Transform DEF="Cube_005_TRANSFORM"
					           translation="0.912349 -0.052905 0.112100"
					           scale="1.000000 1.000000 1.000000"
					           rotation="0.000000 1.000000 0.000000 0.000000"
					           >
						<Transform DEF="Cube_005_ifs_TRANSFORM"
						           translation="0.000000 0.000000 0.000000"
						           scale="1.000000 1.000000 1.000000"
						           rotation="0.000000 1.000000 0.000000 0.000000"
						           >
							<Group DEF="group_ME_Cube_013">
								<Shape>
									<Appearance>
										<Material USE="MA_Body" />
									</Appearance>
									<IndexedTriangleSet solid="false"
									                    normalPerVertex="true"
									                    index="0 1 2 0 2 3 4 5 6 4 6 7 8 9 10 8 10 11 12 13 14 12 14 15 4 16 17 4 17 15 18 5 14 18 14 19 "
									                    >
										<Coordinate point="-0.223452 -0.596470 -0.210774 -0.314964 -0.705670 0.195266 -0.349309 0.501073 0.512065 -0.257798 0.610273 0.106024 -0.257798 0.610273 0.106024 -0.349309 0.501073 0.512065 0.131941 0.487271 0.616815 0.223452 0.596470 0.210774 0.223452 0.596470 0.210774 0.131941 0.487271 0.616815 0.166286 -0.719473 0.300016 0.257798 -0.610273 -0.106024 0.257798 -0.610273 -0.106024 0.166286 -0.719473 0.300016 -0.314964 -0.705670 0.195266 -0.223452 -0.596470 -0.210774 0.223452 0.596470 0.210774 0.257798 -0.610273 -0.106024 0.131941 0.487271 0.616815 0.166286 -0.719473 0.300016 " />
										<Normal vector="-0.425245 -0.395520 -0.814051 -0.670797 -0.688528 0.275491 -0.702567 0.427869 0.568560 -0.457015 0.720878 -0.520981 -0.457015 0.720878 -0.520981 -0.702567 0.427869 0.568560 0.425245 0.395520 0.814051 0.670797 0.688528 -0.275491 0.670797 0.688528 -0.275491 0.425245 0.395520 0.814051 0.457015 -0.720878 0.520981 0.702567 -0.427869 -0.568560 0.702567 -0.427869 -0.568560 0.457015 -0.720878 0.520981 -0.670797 -0.688528 0.275491 -0.425245 -0.395520 -0.814051 0.670797 0.688528 -0.275491 0.702567 -0.427869 -0.568560 0.425245 0.395520 0.814051 0.457015 -0.720878 0.520981 " />
										<TextureCoordinate point="0.0310 0.7749 0.4473 0.7749 0.4473 0.9830 0.0310 0.9830 0.0310 0.7749 0.4473 0.7749 0.4473 0.9830 0.0310 0.9830 0.0310 0.7749 0.4473 0.7749 0.4473 0.9830 0.0310 0.9830 0.0310 0.7749 0.4473 0.7749 0.4473 0.9830 0.0310 0.9830 0.4473 0.7749 0.4473 0.9830 0.0310 0.7749 0.0310 0.9830 " />
									</IndexedTriangleSet>
								</Shape>
							</Group>
						</Transform>
					</Transform>
					<Transform DEF="Cube_002_TRANSFORM"
					           translation="-0.912349 -0.060034 0.023585"
					           scale="1.000000 1.000000 1.000000"
					           rotation="0.000000 1.000000 0.000000 0.000000"
					           >
						<Transform DEF="Cube_002_ifs_TRANSFORM"
						           translation="0.000000 0.000000 0.000000"
						           scale="1.000000 1.000000 1.000000"
						           rotation="0.000000 1.000000 0.000000 0.000000"
						           >
							<Group DEF="group_ME_Cube_001">
								<Shape>
									<Appearance>
										<Material USE="MA_Body" />
									</Appearance>
									<IndexedTriangleSet solid="false"
									                    normalPerVertex="true"
									                    index="0 1 2 0 2 3 4 5 6 4 6 7 8 9 10 8 10 11 12 13 14 12 14 15 4 13 16 4 16 17 18 19 14 18 14 7 "
									                    >
										<Coordinate point="0.223452 -0.617064 -0.139407 0.257798 0.618494 0.033762 0.349309 0.557640 0.449803 0.314964 -0.677918 0.276634 0.257798 0.618494 0.033762 -0.133843 0.617331 0.119736 -0.042331 0.556477 0.535777 0.349309 0.557640 0.449803 -0.133843 0.617331 0.119736 -0.168188 -0.618227 -0.053433 -0.076677 -0.679081 0.362608 -0.042331 0.556477 0.535777 -0.168188 -0.618227 -0.053433 0.223452 -0.617064 -0.139407 0.314964 -0.677918 0.276634 -0.076677 -0.679081 0.362608 -0.168188 -0.618227 -0.053433 -0.133843 0.617331 0.119736 -0.042331 0.556477 0.535777 -0.076677 -0.679081 0.362608 " />
										<Normal vector="0.425245 -0.488205 -0.762078 0.457015 0.654866 -0.601886 0.702567 0.491562 0.514512 0.670797 -0.651509 0.354289 0.457015 0.654866 -0.601886 -0.670797 0.651509 -0.354289 -0.425245 0.488205 0.762078 0.702567 0.491562 0.514512 -0.670797 0.651509 -0.354289 -0.702567 -0.491562 -0.514512 -0.457015 -0.654866 0.601886 -0.425245 0.488205 0.762078 -0.702567 -0.491562 -0.514512 0.425245 -0.488205 -0.762078 0.670797 -0.651509 0.354289 -0.457015 -0.654866 0.601886 -0.702567 -0.491562 -0.514512 -0.670797 0.651509 -0.354289 -0.425245 0.488205 0.762078 -0.457015 -0.654866 0.601886 " />
										<TextureCoordinate point="0.0310 0.7749 0.0310 0.9830 0.4473 0.9830 0.4473 0.7749 0.0310 0.7749 0.0310 0.9830 0.4473 0.9830 0.4473 0.7749 0.0310 0.7749 0.0310 0.9830 0.4473 0.9830 0.4473 0.7749 0.0310 0.7749 0.0310 0.9830 0.4473 0.9830 0.4473 0.7749 0.4473 0.9830 0.4473 0.7749 0.0310 0.7749 0.0310 0.9830 " />
									</IndexedTriangleSet>
								</Shape>
							</Group>
						</Transform>
					</Transform>
				</Transform>
			</Transform>
			<Transform DEF="foot1_TRANSFORM"
			           translation="0.711462 0.019592 0.181894"
			           scale="1.000000 1.000000 1.000000"
			           rotation="0.000000 1.000000 0.000000 0.000000"
			           >
				<Transform DEF="foot1_ifs_TRANSFORM"
				           translation="0.000000 0.000000 0.000000"
				           scale="1.000000 1.000000 1.000000"
				           rotation="0.000000 1.000000 0.000000 0.000000"
				           >
					<Group DEF="group_ME_foot1">
						<Shape>
							<Appearance>
								<Material USE="MA_Body" />
							</Appearance>
							<IndexedTriangleSet solid="false"
							                    normalPerVertex="true"
							                    index="0 1 2 0 2 3 4 5 6 4 6 7 8 9 10 8 10 11 12 13 14 12 14 15 4 16 17 4 17 15 18 5 14 18 14 19 "
							                    >
								<Coordinate point="-0.070617 -0.512183 -0.366953 -0.070617 -0.512183 0.000000 -0.467788 0.220211 -0.000000 -0.467788 0.220211 -0.366953 -0.467788 0.220211 -0.366953 -0.467788 0.220211 -0.000000 0.070617 0.512183 -0.000000 0.070617 0.512183 -0.366953 0.070617 0.512183 -0.366953 0.070617 0.512183 -0.000000 0.467788 -0.220211 0.000000 0.467788 -0.220211 -0.366953 0.467788 -0.220211 -0.366953 0.467788 -0.220211 0.000000 -0.070617 -0.512183 0.000000 -0.070617 -0.512183 -0.366953 0.070617 0.512183 -0.366953 0.467788 -0.220211 -0.366953 0.070617 0.512183 -0.000000 0.467788 -0.220211 0.000000 " />
								<Normal vector="-0.232276 -0.782739 -0.577349 -0.232276 -0.782739 0.577349 -0.782739 0.232276 0.577349 -0.782739 0.232276 -0.577349 -0.782739 0.232276 -0.577349 -0.782739 0.232276 0.577349 0.232276 0.782739 0.577349 0.232276 0.782739 -0.577349 0.232276 0.782739 -0.577349 0.232276 0.782739 0.577349 0.782739 -0.232276 0.577349 0.782739 -0.232276 -0.577349 0.782739 -0.232276 -0.577349 0.782739 -0.232276 0.577349 -0.232276 -0.782739 0.577349 -0.232276 -0.782739 -0.577349 0.232276 0.782739 -0.577349 0.782739 -0.232276 -0.577349 0.232276 0.782739 0.577349 0.782739 -0.232276 0.577349 " />
								<TextureCoordinate point="0.0310 0.7749 0.4473 0.7749 0.4473 0.9830 0.0310 0.9830 0.0310 0.7749 0.4473 0.7749 0.4473 0.9830 0.0310 0.9830 0.0310 0.7749 0.4473 0.7749 0.4473 0.9830 0.0310 0.9830 0.0310 0.7749 0.4473 0.7749 0.4473 0.9830 0.0310 0.9830 0.4473 0.7749 0.4473 0.9830 0.0310 0.7749 0.0310 0.9830 " />
							</IndexedTriangleSet>
						</Shape>
					</Group>
				</Transform>
			</Transform>
			<Transform DEF="tail_TRANSFORM"
			           translation="-0.053789 0.609843 0.468373"
			           scale="1.000000 1.000000 1.000000"
			           rotation="0.000000 1.000000 0.000000 0.000000"
			           >
				<Transform DEF="tail_ifs_TRANSFORM"
				           translation="0.000000 0.000000 0.000000"
				           scale="1.000000 1.000000 1.000000"
				           rotation="0.000000 1.000000 0.000000 0.000000"
				           >
					<Group DEF="group_ME_tail">
						<Shape>
							<Appearance>
								<Material USE="MA_Body" />
							</Appearance>
							<IndexedTriangleSet solid="false"
							                    normalPerVertex="true"
							                    index="0 1 2 0 2 3 4 5 6 4 6 7 8 9 10 8 10 11 12 13 14 12 14 15 4 16 17 4 17 15 18 5 14 18 14 19 "
							                    >
								<Coordinate point="-0.498559 -0.055541 -0.501992 -0.498559 0.055541 0.501992 -0.498559 0.835410 0.415706 -0.498559 0.724329 -0.588277 -0.498559 0.724329 -0.588277 -0.498559 0.835410 0.415706 0.498559 0.835410 0.415706 0.498559 0.724329 -0.588277 0.498559 0.724329 -0.588277 0.498559 0.835410 0.415706 0.498559 0.055541 0.501992 0.498559 -0.055541 -0.501992 0.498559 -0.055541 -0.501992 0.498559 0.055541 0.501992 -0.498559 0.055541 0.501992 -0.498559 -0.055541 -0.501992 0.498559 0.724329 -0.588277 0.498559 -0.055541 -0.501992 0.498559 0.835410 0.415706 0.498559 0.055541 0.501992 " />
								<Normal vector="-0.577349 -0.637318 -0.510330 -0.577349 -0.510330 0.637318 -0.577349 0.637318 0.510330 -0.577349 0.510330 -0.637318 -0.577349 0.510330 -0.637318 -0.577349 0.637318 0.510330 0.577349 0.637318 0.510330 0.577349 0.510330 -0.637318 0.577349 0.510330 -0.637318 0.577349 0.637318 0.510330 0.577349 -0.510330 0.637318 0.577349 -0.637318 -0.510330 0.577349 -0.637318 -0.510330 0.577349 -0.510330 0.637318 -0.577349 -0.510330 0.637318 -0.577349 -0.637318 -0.510330 0.577349 0.510330 -0.637318 0.577349 -0.637318 -0.510330 0.577349 0.637318 0.510330 0.577349 -0.510330 0.637318 " />
								<TextureCoordinate point="0.0310 0.7749 0.4473 0.7749 0.4473 0.9830 0.0310 0.9830 0.0310 0.7749 0.4473 0.7749 0.4473 0.9830 0.0310 0.9830 0.0310 0.7749 0.4473 0.7749 0.4473 0.9830 0.0310 0.9830 0.0310 0.7749 0.4473 0.7749 0.4473 0.9830 0.0310 0.9830 0.4473 0.7749 0.4473 0.9830 0.0310 0.7749 0.0310 0.9830 " />
							</IndexedTriangleSet>
						</Shape>
					</Group>
				</Transform>
				<Transform DEF="tail1_TRANSFORM"
				           translation="0.000000 0.713785 -0.078974"
				           scale="1.000000 1.000000 1.000000"
				           rotation="0.000000 1.000000 0.000000 0.000000"
				           >
					<Transform DEF="tail1_ifs_TRANSFORM"
					           translation="0.000000 0.000000 0.000000"
					           scale="1.000000 1.000000 1.000000"
					           rotation="0.000000 1.000000 0.000000 0.000000"
					           >
						<Group DEF="group_ME_tail1">
							<Shape>
								<Appearance>
									<Material USE="MA_Body" />
								</Appearance>
								<IndexedTriangleSet solid="false"
								                    normalPerVertex="true"
								                    index="0 1 2 0 2 3 4 5 6 4 6 7 8 9 10 8 10 11 12 13 14 12 14 15 4 16 17 4 17 15 18 5 14 18 14 19 "
								                    >
									<Coordinate point="-0.412461 -0.005089 -0.417804 -0.412461 0.005089 0.417804 -0.412461 0.548780 0.411182 -0.412461 0.538603 -0.424426 -0.412461 0.538603 -0.424426 -0.412461 0.548780 0.411182 0.412461 0.548780 0.411182 0.412461 0.538603 -0.424426 0.412461 0.538603 -0.424426 0.412461 0.548780 0.411182 0.412461 0.005089 0.417804 0.412461 -0.005089 -0.417804 0.412461 -0.005089 -0.417804 0.412461 0.005089 0.417804 -0.412461 0.005089 0.417804 -0.412461 -0.005089 -0.417804 0.412461 0.538603 -0.424426 0.412461 -0.005089 -0.417804 0.412461 0.548780 0.411182 0.412461 0.005089 0.417804 " />
									<Normal vector="-0.577349 -0.584338 -0.570269 -0.577349 -0.570269 0.584338 -0.577349 0.584338 0.570269 -0.577349 0.570269 -0.584338 -0.577349 0.570269 -0.584338 -0.577349 0.584338 0.570269 0.577349 0.584338 0.570269 0.577349 0.570269 -0.584338 0.577349 0.570269 -0.584338 0.577349 0.584338 0.570269 0.577349 -0.570269 0.584338 0.577349 -0.584338 -0.570269 0.577349 -0.584338 -0.570269 0.577349 -0.570269 0.584338 -0.577349 -0.570269 0.584338 -0.577349 -0.584338 -0.570269 0.577349 0.570269 -0.584338 0.577349 -0.584338 -0.570269 0.577349 0.584338 0.570269 0.577349 -0.570269 0.584338 " />
									<TextureCoordinate point="0.0310 0.7749 0.4473 0.7749 0.4473 0.9830 0.0310 0.9830 0.0310 0.7749 0.4473 0.7749 0.4473 0.9830 0.0310 0.9830 0.0310 0.7749 0.4473 0.7749 0.4473 0.9830 0.0310 0.9830 0.0310 0.7749 0.4473 0.7749 0.4473 0.9830 0.0310 0.9830 0.4473 0.7749 0.4473 0.9830 0.0310 0.7749 0.0310 0.9830 " />
								</IndexedTriangleSet>
							</Shape>
						</Group>
					</Transform>
					<Transform DEF="tail2_TRANSFORM"
					           translation="-0.057375 0.368566 0.038701"
					           scale="1.000000 1.000000 1.000000"
					           rotation="0.000000 1.000000 0.000000 0.000000"
					           >
						<Transform DEF="tail2_ifs_TRANSFORM"
						           translation="0.000000 0.000000 0.000000"
						           scale="1.000000 1.000000 1.000000"
						           rotation="0.000000 1.000000 0.000000 0.000000"
						           >
							<Group DEF="group_ME_tail2">
								<Shape>
									<Appearance>
										<Material USE="MA_Body" />
									</Appearance>
									<IndexedTriangleSet solid="false"
									                    normalPerVertex="true"
									                    index="0 1 2 0 2 3 4 5 6 4 6 7 8 9 10 8 10 11 12 13 14 12 14 15 4 16 17 4 17 15 18 5 14 18 14 19 "
									                    >
										<Coordinate point="-0.215191 -0.054165 -0.255094 -0.215191 0.143614 0.217674 -0.113789 0.558842 0.043967 -0.113789 0.361063 -0.428801 -0.113789 0.361063 -0.428801 -0.113789 0.558842 0.043967 0.316594 0.469393 0.081387 0.316594 0.271614 -0.391381 0.316594 0.271614 -0.391381 0.316594 0.469393 0.081387 0.215191 0.054165 0.255094 0.215191 -0.143614 -0.217674 0.215191 -0.143614 -0.217674 0.215191 0.054165 0.255094 -0.215191 0.143614 0.217674 -0.215191 -0.054165 -0.255094 0.316594 0.271614 -0.391381 0.215191 -0.143614 -0.217674 0.316594 0.469393 0.081387 0.215191 0.054165 0.255094 " />
										<Normal vector="-0.690115 -0.625355 -0.364208 -0.690115 -0.179693 0.701010 -0.436323 0.859462 0.266274 -0.436323 0.413831 -0.798944 -0.436323 0.413831 -0.798944 -0.436323 0.859462 0.266274 0.690115 0.625355 0.364208 0.690115 0.179693 -0.701010 0.690115 0.179693 -0.701010 0.690115 0.625355 0.364208 0.436323 -0.413831 0.798944 0.436323 -0.859462 -0.266274 0.436323 -0.859462 -0.266274 0.436323 -0.413831 0.798944 -0.690115 -0.179693 0.701010 -0.690115 -0.625355 -0.364208 0.690115 0.179693 -0.701010 0.436323 -0.859462 -0.266274 0.690115 0.625355 0.364208 0.436323 -0.413831 0.798944 " />
										<TextureCoordinate point="0.0310 0.7749 0.4473 0.7749 0.4473 0.9830 0.0310 0.9830 0.0310 0.7749 0.4473 0.7749 0.4473 0.9830 0.0310 0.9830 0.0310 0.7749 0.4473 0.7749 0.4473 0.9830 0.0310 0.9830 0.0310 0.7749 0.4473 0.7749 0.4473 0.9830 0.0310 0.9830 0.4473 0.7749 0.4473 0.9830 0.0310 0.7749 0.0310 0.9830 " />
									</IndexedTriangleSet>
								</Shape>
							</Group>
						</Transform>
						<Transform DEF="tail3_TRANSFORM"
						           translation="0.104184 0.251942 -0.346578"
						           scale="1.000000 1.000000 1.000000"
						           rotation="0.000000 1.000000 0.000000 0.000000"
						           >
							<Transform DEF="tail3_ifs_TRANSFORM"
							           translation="0.000000 0.000000 0.000000"
							           scale="1.000000 1.000000 1.000000"
							           rotation="0.000000 1.000000 0.000000 0.000000"
							           >
								<Group DEF="group_ME_tail3">
									<Shape>
										<Appearance>
											<Material USE="MA_Body" />
										</Appearance>
										<IndexedTriangleSet solid="false"
										                    normalPerVertex="true"
										                    index="0 1 2 0 2 3 4 5 6 4 6 7 8 9 10 8 10 11 12 13 14 12 14 15 4 16 17 4 17 15 18 5 14 18 14 19 "
										                    >
											<Coordinate point="-0.155715 0.171820 -0.315856 -0.326774 -0.042947 0.211916 -0.231669 0.524075 0.473480 -0.060609 0.738842 -0.054292 -0.060609 0.738842 -0.054292 -0.231669 0.524075 0.473480 0.250820 0.395202 0.577420 0.421879 0.609968 0.049648 0.421879 0.609968 0.049648 0.250820 0.395202 0.577420 0.155715 -0.171820 0.315856 0.326774 0.042947 -0.211916 0.326774 0.042947 -0.211916 0.155715 -0.171820 0.315856 -0.326774 -0.042947 0.211916 -0.155715 0.171820 -0.315856 0.421879 0.609968 0.049648 0.326774 0.042947 -0.211916 0.250820 0.395202 0.577420 0.155715 -0.171820 0.315856 " />
											<Normal vector="-0.466994 -0.163976 -0.868892 -0.799005 -0.580828 0.155461 -0.625141 0.455702 0.633595 -0.293130 0.872555 -0.390728 -0.293130 0.872555 -0.390728 -0.625141 0.455702 0.633595 0.466994 0.163976 0.868892 0.799005 0.580828 -0.155461 0.799005 0.580828 -0.155461 0.466994 0.163976 0.868892 0.293130 -0.872555 0.390728 0.625141 -0.455702 -0.633595 0.625141 -0.455702 -0.633595 0.293130 -0.872555 0.390728 -0.799005 -0.580828 0.155461 -0.466994 -0.163976 -0.868892 0.799005 0.580828 -0.155461 0.625141 -0.455702 -0.633595 0.466994 0.163976 0.868892 0.293130 -0.872555 0.390728 " />
											<TextureCoordinate point="0.0310 0.7749 0.4473 0.7749 0.4473 0.9830 0.0310 0.9830 0.0310 0.7749 0.4473 0.7749 0.4473 0.9830 0.0310 0.9830 0.0310 0.7749 0.4473 0.7749 0.4473 0.9830 0.0310 0.9830 0.0310 0.7749 0.4473 0.7749 0.4473 0.9830 0.0310 0.9830 0.4473 0.7749 0.4473 0.9830 0.0310 0.7749 0.0310 0.9830 " />
										</IndexedTriangleSet>
									</Shape>
								</Group>
							</Transform>
							<Transform DEF="Cube_013_TRANSFORM"
							           translation="-0.012803 0.343524 0.135641"
							           scale="1.000000 1.000000 1.000000"
							           rotation="0.000000 1.000000 0.000000 0.000000"
							           >
								<Transform DEF="Cube_013_ifs_TRANSFORM"
								           translation="0.000000 0.000000 0.000000"
								           scale="1.000000 1.000000 1.000000"
								           rotation="0.000000 1.000000 0.000000 0.000000"
								           >
									<Group DEF="group_ME_Cube_021">
										<Shape>
											<Appearance>
												<Material USE="MA_Body" />
											</Appearance>
											<IndexedTriangleSet solid="false"
											                    normalPerVertex="true"
											                    index="0 1 2 0 2 3 4 5 6 4 6 7 8 9 10 8 10 11 12 13 14 12 14 15 4 16 17 4 17 15 18 5 14 18 14 19 "
											                    >
												<Coordinate point="-0.158198 0.114063 -0.455479 -0.476956 -0.126254 0.045505 -0.603724 0.417601 0.225729 -0.284967 0.657918 -0.275254 -0.284967 0.657918 -0.275254 -0.603724 0.417601 0.225729 0.031430 0.429793 0.635703 0.350187 0.670110 0.134719 0.350187 0.670110 0.134719 0.031430 0.429793 0.635703 0.158198 -0.114063 0.455479 0.476956 0.126254 -0.045505 0.476956 0.126254 -0.045505 0.158198 -0.114063 0.455479 -0.476956 -0.126254 0.045505 -0.158198 0.114063 -0.455479 0.350187 0.670110 0.134719 0.476956 0.126254 -0.045505 0.031430 0.429793 0.635703 0.158198 -0.114063 0.455479 " />
												<Normal vector="-0.072970 -0.327799 -0.941893 -0.647572 -0.760979 -0.038850 -0.897031 0.309183 0.315775 -0.322428 0.742363 -0.587268 -0.322428 0.742363 -0.587268 -0.897031 0.309183 0.315775 0.072970 0.327799 0.941893 0.647572 0.760979 0.038850 0.647572 0.760979 0.038850 0.072970 0.327799 0.941893 0.322428 -0.742363 0.587268 0.897031 -0.309183 -0.315775 0.897031 -0.309183 -0.315775 0.322428 -0.742363 0.587268 -0.647572 -0.760979 -0.038850 -0.072970 -0.327799 -0.941893 0.647572 0.760979 0.038850 0.897031 -0.309183 -0.315775 0.072970 0.327799 0.941893 0.322428 -0.742363 0.587268 " />
												<TextureCoordinate point="0.0310 0.7749 0.4473 0.7749 0.4473 0.9830 0.0310 0.9830 0.0310 0.7749 0.4473 0.7749 0.4473 0.9830 0.0310 0.9830 0.0310 0.7749 0.4473 0.7749 0.4473 0.9830 0.0310 0.9830 0.0310 0.7749 0.4473 0.7749 0.4473 0.9830 0.0310 0.9830 0.4473 0.7749 0.4473 0.9830 0.0310 0.7749 0.0310 0.9830 " />
											</IndexedTriangleSet>
										</Shape>
									</Group>
								</Transform>
								<Transform DEF="Cube_014_TRANSFORM"
								           translation="-0.082649 0.411817 0.152168"
								           scale="1.000000 1.000000 1.000000"
								           rotation="0.000000 1.000000 0.000000 0.000000"
								           >
									<Transform DEF="Cube_014_ifs_TRANSFORM"
									           translation="0.000000 0.000000 0.000000"
									           scale="1.000000 1.000000 1.000000"
									           rotation="0.000000 1.000000 0.000000 0.000000"
									           >
										<Group DEF="group_ME_Cube_022">
											<Shape>
												<Appearance>
													<Material USE="MA_Body" />
												</Appearance>
												<IndexedTriangleSet solid="false"
												                    normalPerVertex="true"
												                    index="0 1 2 0 2 3 4 5 6 4 6 7 8 9 10 8 10 11 12 13 14 12 14 15 4 16 17 4 17 15 18 5 14 18 14 19 "
												                    >
													<Coordinate point="-0.044034 -0.025855 -0.200549 -0.175708 0.036639 0.103013 -0.129129 0.432121 0.041801 0.002545 0.369628 -0.261762 0.002545 0.369628 -0.261762 -0.129129 0.432121 0.041801 0.090613 0.421337 0.139337 0.222287 0.358844 -0.164226 0.222287 0.358844 -0.164226 0.090613 0.421337 0.139337 0.044034 0.025855 0.200549 0.175708 -0.036639 -0.103013 0.175708 -0.036639 -0.103013 0.044034 0.025855 0.200549 -0.175708 0.036639 0.103013 -0.044034 -0.025855 -0.200549 0.222287 0.358844 -0.164226 0.175708 -0.036639 -0.103013 0.090613 0.421337 0.139337 0.044034 0.025855 0.200549 " />
													<Normal vector="-0.368145 -0.648000 -0.666738 -0.819666 -0.433699 0.374187 -0.686178 0.699728 0.198737 -0.234657 0.485427 -0.842158 -0.234657 0.485427 -0.842158 -0.686178 0.699728 0.198737 0.368145 0.648000 0.666738 0.819666 0.433699 -0.374187 0.819666 0.433699 -0.374187 0.368145 0.648000 0.666738 0.234657 -0.485427 0.842158 0.686178 -0.699728 -0.198737 0.686178 -0.699728 -0.198737 0.234657 -0.485427 0.842158 -0.819666 -0.433699 0.374187 -0.368145 -0.648000 -0.666738 0.819666 0.433699 -0.374187 0.686178 -0.699728 -0.198737 0.368145 0.648000 0.666738 0.234657 -0.485427 0.842158 " />
													<TextureCoordinate point="0.0310 0.7749 0.4473 0.7749 0.4473 0.9830 0.0310 0.9830 0.0310 0.7749 0.4473 0.7749 0.4473 0.9830 0.0310 0.9830 0.0310 0.7749 0.4473 0.7749 0.4473 0.9830 0.0310 0.9830 0.0310 0.7749 0.4473 0.7749 0.4473 0.9830 0.0310 0.9830 0.4473 0.7749 0.4473 0.9830 0.0310 0.7749 0.0310 0.9830 " />
												</IndexedTriangleSet>
											</Shape>
										</Group>
									</Transform>
									<Transform DEF="Cube_015_TRANSFORM"
									           translation="-0.012526 0.307997 -0.020799"
									           scale="1.000000 1.000000 1.000000"
									           rotation="0.000000 1.000000 0.000000 0.000000"
									           >
										<Transform DEF="Cube_015_ifs_TRANSFORM"
										           translation="0.000000 0.000000 0.000000"
										           scale="1.000000 1.000000 1.000000"
										           rotation="0.000000 1.000000 0.000000 0.000000"
										           >
											<Group DEF="group_ME_Cube_023">
												<Shape>
													<Appearance>
														<Material USE="MA_Body" />
													</Appearance>
													<IndexedTriangleSet solid="false"
													                    normalPerVertex="true"
													                    index="0 1 2 0 2 3 4 5 6 4 6 7 8 9 10 8 10 11 12 13 14 12 14 15 4 16 17 4 17 15 18 5 14 18 14 19 "
													                    >
														<Coordinate point="-0.087655 -0.168640 -0.200882 -0.261565 0.087791 -0.018793 -0.133255 0.401684 -0.338293 0.040655 0.145252 -0.520382 0.040655 0.145252 -0.520382 -0.133255 0.401684 -0.338293 0.215965 0.482533 -0.118618 0.389875 0.226101 -0.300707 0.389875 0.226101 -0.300707 0.215965 0.482533 -0.118618 0.087655 0.168640 0.200882 0.261565 -0.087791 0.018793 0.261565 -0.087791 0.018793 0.087655 0.168640 0.200882 -0.261565 0.087791 -0.018793 -0.087655 -0.168640 -0.200882 0.389875 0.226101 -0.300707 0.261565 -0.087791 0.018793 0.215965 0.482533 -0.118618 0.087655 0.168640 0.200882 " />
														<Normal vector="-0.359172 -0.911954 -0.198279 -0.917936 -0.088015 0.386761 -0.599963 0.689871 -0.405072 -0.041169 -0.134007 -0.990112 -0.041169 -0.134007 -0.990112 -0.599963 0.689871 -0.405072 0.359172 0.911954 0.198279 0.917936 0.088015 -0.386761 0.917936 0.088015 -0.386761 0.359172 0.911954 0.198279 0.041169 0.134007 0.990112 0.599963 -0.689871 0.405072 0.599963 -0.689871 0.405072 0.041169 0.134007 0.990112 -0.917936 -0.088015 0.386761 -0.359172 -0.911954 -0.198279 0.917936 0.088015 -0.386761 0.599963 -0.689871 0.405072 0.359172 0.911954 0.198279 0.041169 0.134007 0.990112 " />
														<TextureCoordinate point="0.0310 0.7749 0.4473 0.7749 0.4473 0.9830 0.0310 0.9830 0.0310 0.7749 0.4473 0.7749 0.4473 0.9830 0.0310 0.9830 0.0310 0.7749 0.4473 0.7749 0.4473 0.9830 0.0310 0.9830 0.0310 0.7749 0.4473 0.7749 0.4473 0.9830 0.0310 0.9830 0.4473 0.7749 0.4473 0.9830 0.0310 0.7749 0.0310 0.9830 " />
													</IndexedTriangleSet>
												</Shape>
											</Group>
										</Transform>
										<Transform DEF="Cube_016_TRANSFORM"
										           translation="0.208896 0.191393 -0.339678"
										           scale="1.000000 1.000000 1.000000"
										           rotation="0.000000 1.000000 0.000000 0.000000"
										           >
											<Transform DEF="Cube_016_ifs_TRANSFORM"
											           translation="0.000000 0.000000 0.000000"
											           scale="1.000000 1.000000 1.000000"
											           rotation="0.000000 1.000000 0.000000 0.000000"
											           >
												<Group DEF="group_ME_Cube_024">
													<Shape>
														<Appearance>
															<Material USE="MA_Body" />
														</Appearance>
														<IndexedTriangleSet solid="false"
														                    normalPerVertex="true"
														                    index="0 1 2 0 2 3 4 5 6 4 6 7 8 9 10 8 10 11 12 13 14 12 14 15 4 16 17 4 17 15 18 5 14 18 14 19 "
														                    >
															<Coordinate point="-0.066880 -0.005327 -0.131112 -0.140929 -0.042783 0.000390 -0.307676 0.507058 0.063107 -0.233627 0.544514 -0.068395 -0.233627 0.544514 -0.068395 -0.307676 0.507058 0.063107 -0.099867 0.555168 0.193828 -0.025818 0.592624 0.062326 -0.025818 0.592624 0.062326 -0.099867 0.555168 0.193828 0.066880 0.005327 0.131112 0.140929 0.042783 -0.000390 0.140929 0.042783 -0.000390 0.066880 0.005327 0.131112 -0.140929 -0.042783 0.000390 -0.066880 -0.005327 -0.131112 -0.025818 0.592624 0.062326 0.140929 0.042783 -0.000390 -0.099867 0.555168 0.193828 0.066880 0.005327 0.131112 " />
															<Normal vector="-0.038057 -0.521195 -0.852565 -0.587939 -0.799341 0.123936 -0.921079 0.299112 0.249214 -0.371197 0.577258 -0.727287 -0.371197 0.577258 -0.727287 -0.921079 0.299112 0.249214 0.038057 0.521195 0.852565 0.587939 0.799341 -0.123936 0.587939 0.799341 -0.123936 0.038057 0.521195 0.852565 0.371197 -0.577258 0.727287 0.921079 -0.299112 -0.249214 0.921079 -0.299112 -0.249214 0.371197 -0.577258 0.727287 -0.587939 -0.799341 0.123936 -0.038057 -0.521195 -0.852565 0.587939 0.799341 -0.123936 0.921079 -0.299112 -0.249214 0.038057 0.521195 0.852565 0.371197 -0.577258 0.727287 " />
															<TextureCoordinate point="0.0310 0.7749 0.4473 0.7749 0.4473 0.9830 0.0310 0.9830 0.0310 0.7749 0.4473 0.7749 0.4473 0.9830 0.0310 0.9830 0.0310 0.7749 0.4473 0.7749 0.4473 0.9830 0.0310 0.9830 0.0310 0.7749 0.4473 0.7749 0.4473 0.9830 0.0310 0.9830 0.4473 0.7749 0.4473 0.9830 0.0310 0.7749 0.0310 0.9830 " />
														</IndexedTriangleSet>
													</Shape>
												</Group>
											</Transform>
										</Transform>
									</Transform>
								</Transform>
							</Transform>
						</Transform>
					</Transform>
				</Transform>
			</Transform>
			<Transform DEF="foot2_TRANSFORM"
			           translation="-0.819041 0.019592 0.181895"
			           scale="1.000000 1.000000 1.000000"
			           rotation="0.000000 1.000000 0.000000 0.000000"
			           >
				<Transform DEF="foot2_ifs_TRANSFORM"
				           translation="0.000000 0.000000 0.000000"
				           scale="1.000000 1.000000 1.000000"
				           rotation="0.000000 1.000000 0.000000 0.000000"
				           >
					<Group DEF="group_ME_foot2">
						<Shape>
							<Appearance>
								<Material USE="MA_Body" />
							</Appearance>
							<IndexedTriangleSet solid="false"
							                    normalPerVertex="true"
							                    index="0 1 2 0 2 3 4 5 6 4 6 7 8 9 10 8 10 11 12 13 14 12 14 15 4 13 16 4 16 17 18 19 14 18 14 7 "
							                    >
								<Coordinate point="0.070617 -0.512183 -0.366954 0.467788 0.220211 -0.366953 0.467788 0.220211 0.000000 0.070617 -0.512183 -0.000000 0.467788 0.220211 -0.366953 -0.070617 0.512183 -0.366953 -0.070617 0.512183 0.000000 0.467788 0.220211 0.000000 -0.070617 0.512183 -0.366953 -0.467788 -0.220211 -0.366954 -0.467788 -0.220211 -0.000000 -0.070617 0.512183 0.000000 -0.467788 -0.220211 -0.366954 0.070617 -0.512183 -0.366954 0.070617 -0.512183 -0.000000 -0.467788 -0.220211 -0.000000 -0.467788 -0.220211 -0.366954 -0.070617 0.512183 -0.366953 -0.070617 0.512183 0.000000 -0.467788 -0.220211 -0.000000 " />
								<Normal vector="0.232276 -0.782739 -0.577349 0.782739 0.232276 -0.577349 0.782739 0.232276 0.577349 0.232276 -0.782739 0.577349 0.782739 0.232276 -0.577349 -0.232276 0.782739 -0.577349 -0.232276 0.782739 0.577349 0.782739 0.232276 0.577349 -0.232276 0.782739 -0.577349 -0.782739 -0.232276 -0.577349 -0.782739 -0.232276 0.577349 -0.232276 0.782739 0.577349 -0.782739 -0.232276 -0.577349 0.232276 -0.782739 -0.577349 0.232276 -0.782739 0.577349 -0.782739 -0.232276 0.577349 -0.782739 -0.232276 -0.577349 -0.232276 0.782739 -0.577349 -0.232276 0.782739 0.577349 -0.782739 -0.232276 0.577349 " />
								<TextureCoordinate point="0.0310 0.7749 0.0310 0.9830 0.4473 0.9830 0.4473 0.7749 0.0310 0.7749 0.0310 0.9830 0.4473 0.9830 0.4473 0.7749 0.0310 0.7749 0.0310 0.9830 0.4473 0.9830 0.4473 0.7749 0.0310 0.7749 0.0310 0.9830 0.4473 0.9830 0.4473 0.7749 0.4473 0.9830 0.4473 0.7749 0.0310 0.7749 0.0310 0.9830 " />
							</IndexedTriangleSet>
						</Shape>
					</Group>
				</Transform>
			</Transform>
		</Transform>
	</Scene>
</X3D>