<?xml version="1.0" encoding="UTF-8"?>
<!DOCTYPE X3D PUBLIC "ISO//Web3D//DTD X3D 3.0//EN" "http://www.web3d.org/specifications/x3d-3.0.dtd">
<X3D version="3.0" profile="Immersive" xmlns:xsd="http://www.w3.org/2001/XMLSchema-instance" xsd:noNamespaceSchemaLocation="http://www.web3d.org/specifications/x3d-3.0.xsd">
	<head>
		<meta name="filename" content="sharpedo.x3d" />
		<meta name="generator" content="Blender 2.93.18" />
	</head>
	<Scene>
		<NavigationInfo headlight="true"
		                visibilityLimit="0.0"
		                type='"EXAMINE", "ANY"'
		                avatarSize="0.25, 1.75, 0.75"
		                />
		<Background DEF="WO_World"
		            groundColor="0.051 0.051 0.051"
		            skyColor="0.051 0.051 0.051"
		            />
		<Transform DEF="body_TRANSFORM"
		           translation="0.000000 -0.754724 1.482681"
		           scale="1.000000 1.000000 1.000000"
		           rotation="0.000000 0.000000 1.000000 3.141593"
		           >
			<Transform DEF="body_ifs_TRANSFORM"
			           translation="0.000000 0.000000 0.000000"
			           scale="1.000000 1.000000 1.000000"
			           rotation="0.000000 1.000000 0.000000 0.000000"
			           >
				<Group DEF="group_ME_body">
					<Shape>
						<Appearance>
							<Material DEF="MA_Body"
							          diffuseColor="0.800 0.800 0.800"
							          specularColor="0.401 0.401 0.401"
							          emissiveColor="0.000 0.000 0.000"
							          ambientIntensity="0.000"
							          shininess="0.500"
							          transparency="0.0"
							          />
						</Appearance>
						<IndexedTriangleSet solid="false"
						                    normalPerVertex="true"
						                    index="0 1 2 0 2 3 4 5 6 4 6 7 8 9 10 8 10 11 12 13 14 12 14 15 16 17 18 16 18 19 20 5 14 20 14 21 22 23 24 22 24 19 25 26 27 25 27 28 16 29 30 16 30 31 32 33 34 32 34 35 "
						                    >
							<Coordinate point="-0.791267 -1.178088 0.000000 -0.791267 -1.178088 1.078221 -0.791267 0.000000 1.078221 -0.791267 0.000000 0.000000 -0.791267 0.000000 0.000000 -0.791267 0.000000 1.078221 0.791267 0.000000 1.078221 0.791267 0.000000 0.000000 0.791267 0.000000 0.000000 0.791267 0.000000 1.078221 0.791267 -1.178088 1.078221 0.791267 -1.178088 0.000000 0.791267 -1.178088 0.000000 0.791267 -1.178088 1.078221 -0.791267 -1.178088 1.078221 -0.791267 -1.178088 0.000000 -0.791267 0.000000 -1.078221 0.791267 0.000000 -1.078221 0.791267 -1.178088 -1.078221 -0.791267 -1.178088 -1.078221 0.791267 0.000000 1.078221 0.791267 -1.178088 1.078221 0.791267 -1.178088 -1.078221 0.791267 -1.178088 0.000000 -0.791267 -1.178088 0.000000 0.791267 0.000000 -1.078221 0.791267 0.000000 0.000000 0.791267 -1.178088 0.000000 0.791267 -1.178088 -1.078221 -0.791267 0.000000 0.000000 0.791267 0.000000 0.000000 0.791267 0.000000 -1.078221 -0.791267 -1.178088 -1.078221 -0.791267 -1.178088 0.000000 -0.791267 0.000000 0.000000 -0.791267 0.000000 -1.078221 " />
							<Normal vector="-0.707083 -0.707083 0.000000 -0.577349 -0.577349 0.577349 -0.577349 0.577349 0.577349 -0.707083 0.707083 0.000000 -0.707083 0.707083 0.000000 -0.577349 0.577349 0.577349 0.577349 0.577349 0.577349 0.707083 0.707083 0.000000 0.707083 0.707083 0.000000 0.577349 0.577349 0.577349 0.577349 -0.577349 0.577349 0.707083 -0.707083 0.000000 0.707083 -0.707083 0.000000 0.577349 -0.577349 0.577349 -0.577349 -0.577349 0.577349 -0.707083 -0.707083 0.000000 -0.577349 0.577349 -0.577349 0.577349 0.577349 -0.577349 0.577349 -0.577349 -0.577349 -0.577349 -0.577349 -0.577349 0.577349 0.577349 0.577349 0.577349 -0.577349 0.577349 0.577349 -0.577349 -0.577349 0.707083 -0.707083 0.000000 -0.707083 -0.707083 0.000000 0.577349 0.577349 -0.577349 0.707083 0.707083 0.000000 0.707083 -0.707083 0.000000 0.577349 -0.577349 -0.577349 -0.707083 0.707083 0.000000 0.707083 0.707083 0.000000 0.577349 0.577349 -0.577349 -0.577349 -0.577349 -0.577349 -0.707083 -0.707083 0.000000 -0.707083 0.707083 0.000000 -0.577349 0.577349 -0.577349 " />
							<TextureCoordinate point="0.1094 0.5409 0.2014 0.5409 0.2014 0.9676 0.1094 0.9676 0.1094 0.5409 0.2014 0.5409 0.2014 0.9676 0.1094 0.9676 0.1094 0.5409 0.2014 0.5409 0.2014 0.9676 0.1094 0.9676 0.1094 0.5409 0.2014 0.5409 0.2014 0.9676 0.1094 0.9676 0.0173 0.0448 0.2014 0.0448 0.2014 0.4715 0.0173 0.4715 0.0173 0.5409 0.0173 0.9676 0.0173 0.0448 0.1094 0.0448 0.1094 0.4715 0.0173 0.0448 0.1094 0.0448 0.1094 0.4715 0.0173 0.4715 0.1094 0.0448 0.1094 0.4715 0.0173 0.4715 0.0173 0.0448 0.1094 0.0448 0.1094 0.4715 0.0173 0.4715 " />
						</IndexedTriangleSet>
					</Shape>
				</Group>
			</Transform>
			<Transform DEF="Cube_TRANSFORM"
			           translation="0.000000 0.594187 0.000000"
			           scale="1.000000 1.000000 1.000000"
			           rotation="0.000000 1.000000 0.000000 0.000000"
			           >
				<Transform DEF="Cube_ifs_TRANSFORM"
				           translation="0.000000 0.000000 0.000000"
				           scale="1.000000 1.000000 1.000000"
				           rotation="0.000000 1.000000 0.000000 0.000000"
				           >
					<Group DEF="group_ME_Cube">
						<Shape>
							<Appearance>
								<Material USE="MA_Body" />
							</Appearance>
							<IndexedTriangleSet solid="false"
							                    normalPerVertex="true"
							                    index="0 1 2 0 2 3 4 5 6 4 6 7 8 9 10 8 10 11 12 13 14 12 14 15 16 17 18 16 18 19 20 5 14 20 14 21 22 23 24 22 24 19 25 26 27 25 27 28 16 29 30 16 30 31 32 33 34 32 34 35 "
							                    >
								<Coordinate point="-0.695296 -0.909024 0.000000 -0.695296 -0.909024 0.898925 -0.695296 0.000000 0.898925 -0.695296 0.000000 0.000000 -0.695296 0.000000 0.000000 -0.695296 0.000000 0.898925 0.695296 0.000000 0.898925 0.695296 0.000000 0.000000 0.695296 0.000000 0.000000 0.695296 0.000000 0.898925 0.695296 -0.909024 0.898925 0.695296 -0.909024 0.000000 0.695296 -0.909024 0.000000 0.695296 -0.909024 0.898925 -0.695296 -0.909024 0.898925 -0.695296 -0.909024 0.000000 -0.695296 0.000000 -0.898925 0.695296 0.000000 -0.898925 0.695296 -0.909024 -0.898925 -0.695296 -0.909024 -0.898925 0.695296 0.000000 0.898925 0.695296 -0.909024 0.898925 0.695296 -0.909024 -0.898925 0.695296 -0.909024 0.000000 -0.695296 -0.909024 0.000000 0.695296 0.000000 -0.898925 0.695296 0.000000 0.000000 0.695296 -0.909024 0.000000 0.695296 -0.909024 -0.898925 -0.695296 0.000000 0.000000 0.695296 0.000000 0.000000 0.695296 0.000000 -0.898925 -0.695296 -0.909024 -0.898925 -0.695296 -0.909024 0.000000 -0.695296 0.000000 0.000000 -0.695296 0.000000 -0.898925 " />
								<Normal vector="-0.707083 -0.707083 0.000000 -0.577349 -0.577349 0.577349 -0.577349 0.577349 0.577349 -0.707083 0.707083 0.000000 -0.707083 0.707083 0.000000 -0.577349 0.577349 0.577349 0.577349 0.577349 0.577349 0.707083 0.707083 0.000000 0.707083 0.707083 0.000000 0.577349 0.577349 0.577349 0.577349 -0.577349 0.577349 0.707083 -0.707083 0.000000 0.707083 -0.707083 0.000000 0.577349 -0.577349 0.577349 -0.577349 -0.577349 0.577349 -0.707083 -0.707083 0.000000 -0.577349 0.577349 -0.577349 0.577349 0.577349 -0.577349 0.577349 -0.577349 -0.577349 -0.577349 -0.577349 -0.577349 0.577349 0.577349 0.577349 0.577349 -0.577349 0.577349 0.577349 -0.577349 -0.577349 0.707083 -0.707083 0.000000 -0.707083 -0.707083 0.000000 0.577349 0.577349 -0.577349 0.707083 0.707083 0.000000 0.707083 -0.707083 0.000000 0.577349 -0.577349 -0.577349 -0.707083 0.707083 0.000000 0.707083 0.707083 0.000000 0.577349 0.577349 -0.577349 -0.577349 -0.577349 -0.577349 -0.707083 -0.707083 0.000000 -0.707083 0.707083 0.000000 -0.577349 0.577349 -0.577349 " />
								<TextureCoordinate point="0.1094 0.5409 0.2014 0.5409 0.2014 0.9676 0.1094 0.9676 0.1094 0.5409 0.2014 0.5409 0.2014 0.9676 0.1094 0.9676 0.1094 0.5409 0.2014 0.5409 0.2014 0.9676 0.1094 0.9676 0.1094 0.5409 0.2014 0.5409 0.2014 0.9676 0.1094 0.9676 0.0173 0.0386 0.2014 0.0386 0.2014 0.4653 0.0173 0.4653 0.0173 0.5409 0.0173 0.9676 0.0173 0.0386 0.1094 0.0386 0.1094 0.4653 0.0173 0.0386 0.1094 0.0386 0.1094 0.4653 0.0173 0.4653 0.1094 0.0386 0.1094 0.4653 0.0173 0.4653 0.0173 0.0386 0.1094 0.0386 0.1094 0.4653 0.0173 0.4653 " />
							</IndexedTriangleSet>
						</Shape>
					</Group>
				</Transform>
				<Transform DEF="Cube_007_TRANSFORM"
				           translation="0.000000 -0.045131 0.000000"
				           scale="1.000000 1.000000 1.000000"
				           rotation="0.000000 1.000000 0.000000 0.000000"
				           >
					<Transform DEF="Cube_007_ifs_TRANSFORM"
					           translation="0.000000 0.000000 0.000000"
					           scale="1.000000 1.000000 1.000000"
					           rotation="0.000000 1.000000 0.000000 0.000000"
					           >
						<Group DEF="group_ME_Cube_019">
							<Shape>
								<Appearance>
									<Material USE="MA_Body" />
								</Appearance>
								<IndexedTriangleSet solid="false"
								                    normalPerVertex="true"
								                    index="0 1 2 0 2 3 4 5 6 4 6 7 8 9 10 8 10 11 12 13 14 12 14 15 4 16 17 4 17 15 18 5 14 18 14 19 "
								                    >
									<Coordinate point="-0.523205 0.159922 0.559504 -0.523205 0.159922 -0.559504 -0.523205 0.000000 -0.559504 -0.523205 -0.000000 0.559504 -0.523205 -0.000000 0.559504 -0.523205 0.000000 -0.559504 0.523205 0.000000 -0.559504 0.523205 -0.000000 0.559504 0.523205 -0.000000 0.559504 0.523205 0.000000 -0.559504 0.523205 0.159922 -0.559504 0.523205 0.159922 0.559504 0.523205 0.159922 0.559504 0.523205 0.159922 -0.559504 -0.523205 0.159922 -0.559504 -0.523205 0.159922 0.559504 0.523205 -0.000000 0.559504 0.523205 0.159922 0.559504 0.523205 0.000000 -0.559504 0.523205 0.159922 -0.559504 " />
									<Normal vector="-0.577349 0.577349 0.577349 -0.577349 0.577349 -0.577349 -0.577349 -0.577349 -0.577349 -0.577349 -0.577349 0.577349 -0.577349 -0.577349 0.577349 -0.577349 -0.577349 -0.577349 0.577349 -0.577349 -0.577349 0.577349 -0.577349 0.577349 0.577349 -0.577349 0.577349 0.577349 -0.577349 -0.577349 0.577349 0.577349 -0.577349 0.577349 0.577349 0.577349 0.577349 0.577349 0.577349 0.577349 0.577349 -0.577349 -0.577349 0.577349 -0.577349 -0.577349 0.577349 0.577349 0.577349 -0.577349 0.577349 0.577349 0.577349 0.577349 0.577349 -0.577349 -0.577349 0.577349 0.577349 -0.577349 " />
									<TextureCoordinate point="0.2374 0.5409 0.4215 0.5409 0.4215 0.9676 0.2374 0.9676 0.2374 0.5409 0.4215 0.5409 0.4215 0.9676 0.2374 0.9676 0.2374 0.5409 0.4215 0.5409 0.4215 0.9676 0.2374 0.9676 0.2374 0.5409 0.4215 0.5409 0.4215 0.9676 0.2374 0.9676 0.4215 0.5409 0.4215 0.9676 0.2374 0.5409 0.2374 0.9676 " />
								</IndexedTriangleSet>
							</Shape>
						</Group>
					</Transform>
				</Transform>
				<Transform DEF="Cube_009_TRANSFORM"
				           translation="0.616310 -0.042313 -0.495714"
				           scale="1.000000 1.000000 1.000000"
				           rotation="0.000000 1.000000 0.000000 0.000000"
				           >
					<Transform DEF="Cube_009_ifs_TRANSFORM"
					           translation="0.000000 0.000000 0.000000"
					           scale="1.000000 1.000000 1.000000"
					           rotation="0.000000 1.000000 0.000000 0.000000"
					           >
						<Group DEF="group_ME_Cube_021">
							<Shape>
								<Appearance>
									<Material USE="MA_Body" />
								</Appearance>
								<IndexedTriangleSet solid="false"
								                    normalPerVertex="true"
								                    index="0 1 2 0 2 3 4 5 6 4 6 7 8 9 10 8 10 11 12 13 14 12 14 15 4 13 16 4 16 17 18 19 14 18 14 7 20 21 22 20 22 23 24 25 26 24 26 27 28 29 30 28 30 31 32 33 34 32 34 35 24 36 37 24 37 35 38 25 34 38 34 39 "
								                    >
									<Coordinate point="-0.462225 0.249190 0.383953 0.069075 0.121453 0.317154 -0.001879 0.154428 -0.310254 -0.533180 0.282165 -0.243455 0.069075 0.121453 0.317154 0.001879 -0.154428 0.310254 -0.069075 -0.121453 -0.317154 -0.001879 0.154428 -0.310254 0.001879 -0.154428 0.310254 -0.529421 -0.026691 0.377053 -0.600375 0.006284 -0.250355 -0.069075 -0.121453 -0.317154 -0.529421 -0.026691 0.377053 -0.462225 0.249190 0.383953 -0.533180 0.282165 -0.243455 -0.600375 0.006284 -0.250355 -0.529421 -0.026691 0.377053 0.001879 -0.154428 0.310254 -0.069075 -0.121453 -0.317154 -0.600375 0.006284 -0.250355 -0.462225 0.249190 0.475692 -0.533179 0.282165 1.103100 -0.001879 0.154428 1.169899 0.069075 0.121453 0.542491 0.069075 0.121453 0.542491 -0.001879 0.154428 1.169899 -0.069075 -0.121453 1.176799 0.001879 -0.154428 0.549391 0.001879 -0.154428 0.549391 -0.069075 -0.121453 1.176799 -0.600375 0.006284 1.110000 -0.529421 -0.026691 0.482592 -0.529421 -0.026691 0.482592 -0.600375 0.006284 1.110000 -0.533179 0.282165 1.103100 -0.462225 0.249190 0.475692 0.001879 -0.154428 0.549391 -0.529421 -0.026691 0.482592 -0.069075 -0.121453 1.176799 -0.600375 0.006284 1.110000 " />
									<Normal vector="-0.355815 0.664632 0.656972 0.758568 0.396680 0.516861 0.628986 0.456923 -0.628925 -0.485397 0.724845 -0.488815 0.758568 0.396680 0.516861 0.485397 -0.724845 0.488815 0.355815 -0.664632 -0.656972 0.628986 0.456923 -0.628925 0.485397 -0.724845 0.488815 -0.628986 -0.456923 0.628925 -0.758568 -0.396680 -0.516861 0.355815 -0.664632 -0.656972 -0.628986 -0.456923 0.628925 -0.355815 0.664632 0.656972 -0.485397 0.724845 -0.488815 -0.758568 -0.396680 -0.516861 -0.628986 -0.456923 0.628925 0.485397 -0.724845 0.488815 0.355815 -0.664632 -0.656972 -0.758568 -0.396680 -0.516861 -0.355815 0.664632 -0.656972 -0.485397 0.724845 0.488815 0.628986 0.456923 0.628925 0.758568 0.396680 -0.516861 0.758568 0.396680 -0.516861 0.628986 0.456923 0.628925 0.355815 -0.664632 0.656972 0.485397 -0.724845 -0.488815 0.485397 -0.724845 -0.488815 0.355815 -0.664632 0.656972 -0.758568 -0.396680 0.516861 -0.628986 -0.456923 -0.628925 -0.628986 -0.456923 -0.628925 -0.758568 -0.396680 0.516861 -0.485397 0.724845 0.488815 -0.355815 0.664632 -0.656972 0.485397 -0.724845 -0.488815 -0.628986 -0.456923 -0.628925 0.355815 -0.664632 0.656972 -0.758568 -0.396680 0.516861 " />
									<TextureCoordinate point="0.0173 0.0324 0.0173 0.4591 0.2014 0.4591 0.2014 0.0324 0.0173 0.0324 0.0173 0.4591 0.2014 0.4591 0.2014 0.0324 0.0173 0.0324 0.0173 0.4591 0.2014 0.4591 0.2014 0.0324 0.0173 0.0324 0.0173 0.4591 0.2014 0.4591 0.2014 0.0324 0.2014 0.4591 0.2014 0.0324 0.0173 0.0324 0.0173 0.4591 0.0173 0.5409 0.2014 0.5409 0.2014 0.9676 0.0173 0.9676 0.0173 0.5409 0.2014 0.5409 0.2014 0.9676 0.0173 0.9676 0.0173 0.5409 0.2014 0.5409 0.2014 0.9676 0.0173 0.9676 0.0173 0.5409 0.2014 0.5409 0.2014 0.9676 0.0173 0.9676 0.2014 0.5409 0.2014 0.9676 0.0173 0.5409 0.0173 0.9676 " />
								</IndexedTriangleSet>
							</Shape>
						</Group>
					</Transform>
				</Transform>
				<Transform DEF="Cube_038_TRANSFORM"
				           translation="-0.616310 -0.042313 -0.495714"
				           scale="1.000000 1.000000 1.000000"
				           rotation="0.000000 1.000000 0.000000 0.000000"
				           >
					<Transform DEF="Cube_038_ifs_TRANSFORM"
					           translation="0.000000 0.000000 0.000000"
					           scale="1.000000 1.000000 1.000000"
					           rotation="0.000000 1.000000 0.000000 0.000000"
					           >
						<Group DEF="group_ME_Cube_052">
							<Shape>
								<Appearance>
									<Material USE="MA_Body" />
								</Appearance>
								<IndexedTriangleSet solid="false"
								                    normalPerVertex="true"
								                    index="0 1 2 0 2 3 4 5 6 4 6 7 8 9 10 8 10 11 12 13 14 12 14 15 4 16 17 4 17 15 18 5 14 18 14 19 20 21 22 20 22 23 24 25 26 24 26 27 28 29 30 28 30 31 32 33 34 32 34 35 24 33 36 24 36 37 38 39 34 38 34 27 "
								                    >
									<Coordinate point="0.462225 0.249190 0.383953 0.533180 0.282165 -0.243455 0.001879 0.154428 -0.310254 -0.069075 0.121453 0.317154 -0.069075 0.121453 0.317154 0.001879 0.154428 -0.310254 0.069075 -0.121453 -0.317154 -0.001879 -0.154428 0.310254 -0.001879 -0.154428 0.310254 0.069075 -0.121453 -0.317154 0.600375 0.006284 -0.250355 0.529421 -0.026691 0.377053 0.529421 -0.026691 0.377053 0.600375 0.006284 -0.250355 0.533180 0.282165 -0.243455 0.462225 0.249190 0.383953 -0.001879 -0.154428 0.310254 0.529421 -0.026691 0.377053 0.069075 -0.121453 -0.317154 0.600375 0.006284 -0.250355 0.462225 0.249190 0.475692 -0.069075 0.121453 0.542491 0.001879 0.154428 1.169899 0.533179 0.282165 1.103100 -0.069075 0.121453 0.542491 -0.001879 -0.154428 0.549391 0.069075 -0.121453 1.176799 0.001879 0.154428 1.169899 -0.001879 -0.154428 0.549391 0.529421 -0.026691 0.482592 0.600375 0.006284 1.110000 0.069075 -0.121453 1.176799 0.529421 -0.026691 0.482592 0.462225 0.249190 0.475692 0.533179 0.282165 1.103100 0.600375 0.006284 1.110000 0.529421 -0.026691 0.482592 -0.001879 -0.154428 0.549391 0.069075 -0.121453 1.176799 0.600375 0.006284 1.110000 " />
									<Normal vector="0.355815 0.664632 0.656972 0.485397 0.724845 -0.488815 -0.628986 0.456923 -0.628925 -0.758568 0.396680 0.516861 -0.758568 0.396680 0.516861 -0.628986 0.456923 -0.628925 -0.355815 -0.664632 -0.656972 -0.485397 -0.724845 0.488815 -0.485397 -0.724845 0.488815 -0.355815 -0.664632 -0.656972 0.758568 -0.396680 -0.516861 0.628986 -0.456923 0.628925 0.628986 -0.456923 0.628925 0.758568 -0.396680 -0.516861 0.485397 0.724845 -0.488815 0.355815 0.664632 0.656972 -0.485397 -0.724845 0.488815 0.628986 -0.456923 0.628925 -0.355815 -0.664632 -0.656972 0.758568 -0.396680 -0.516861 0.355815 0.664632 -0.656972 -0.758568 0.396680 -0.516861 -0.628986 0.456923 0.628925 0.485397 0.724845 0.488815 -0.758568 0.396680 -0.516861 -0.485397 -0.724845 -0.488815 -0.355815 -0.664632 0.656972 -0.628986 0.456923 0.628925 -0.485397 -0.724845 -0.488815 0.628986 -0.456923 -0.628925 0.758568 -0.396680 0.516861 -0.355815 -0.664632 0.656972 0.628986 -0.456923 -0.628925 0.355815 0.664632 -0.656972 0.485397 0.724845 0.488815 0.758568 -0.396680 0.516861 0.628986 -0.456923 -0.628925 -0.485397 -0.724845 -0.488815 -0.355815 -0.664632 0.656972 0.758568 -0.396680 0.516861 " />
									<TextureCoordinate point="0.0173 0.0324 0.2014 0.0324 0.2014 0.4591 0.0173 0.4591 0.0173 0.0324 0.2014 0.0324 0.2014 0.4591 0.0173 0.4591 0.0173 0.0324 0.2014 0.0324 0.2014 0.4591 0.0173 0.4591 0.0173 0.0324 0.2014 0.0324 0.2014 0.4591 0.0173 0.4591 0.2014 0.0324 0.2014 0.4591 0.0173 0.0324 0.0173 0.4591 0.0173 0.5409 0.0173 0.9676 0.2014 0.9676 0.2014 0.5409 0.0173 0.5409 0.0173 0.9676 0.2014 0.9676 0.2014 0.5409 0.0173 0.5409 0.0173 0.9676 0.2014 0.9676 0.2014 0.5409 0.0173 0.5409 0.0173 0.9676 0.2014 0.9676 0.2014 0.5409 0.2014 0.9676 0.2014 0.5409 0.0173 0.5409 0.0173 0.9676 " />
								</IndexedTriangleSet>
							</Shape>
						</Group>
					</Transform>
				</Transform>
			</Transform>
			<Transform DEF="Cube_002_TRANSFORM"
			           translation="0.000000 -1.067679 0.250673"
			           scale="1.000000 1.000000 1.000000"
			           rotation="0.000000 1.000000 0.000000 0.000000"
			           >
				<Transform DEF="Cube_002_ifs_TRANSFORM"
				           translation="0.000000 0.000000 0.000000"
				           scale="1.000000 1.000000 1.000000"
				           rotation="0.000000 1.000000 0.000000 0.000000"
				           >
					<Group DEF="group_ME_Cube_010">
						<Shape>
							<Appearance>
								<Material USE="MA_Body" />
							</Appearance>
							<IndexedTriangleSet solid="false"
							                    normalPerVertex="true"
							                    index="0 1 2 0 2 3 4 5 6 4 6 7 8 9 10 8 10 11 12 13 14 12 14 15 16 17 18 16 18 19 20 5 14 20 14 21 22 23 24 22 24 19 25 26 27 25 27 28 16 29 30 16 30 31 32 33 34 32 34 35 "
							                    >
								<Coordinate point="-0.724728 -0.522777 -0.222749 -0.724728 -0.522777 0.762433 -0.724728 0.000000 0.762433 -0.724728 0.000000 -0.222749 -0.724728 0.000000 -0.222749 -0.724728 0.000000 0.762433 0.724728 0.000000 0.762433 0.724728 0.000000 -0.222749 0.724728 0.000000 -0.222749 0.724728 0.000000 0.762433 0.724728 -0.522777 0.762433 0.724728 -0.522777 -0.222749 0.724728 -0.522777 -0.222749 0.724728 -0.522777 0.762433 -0.724728 -0.522777 0.762433 -0.724728 -0.522777 -0.222749 -0.724728 0.000000 -0.680347 0.724728 0.000000 -0.680347 0.724728 -0.522777 -0.680347 -0.724728 -0.522777 -0.680347 0.724728 0.000000 0.762433 0.724728 -0.522777 0.762433 0.724728 -0.522777 -0.680347 0.724728 -0.522777 -0.222749 -0.724728 -0.522777 -0.222749 0.724728 0.000000 -0.680347 0.724728 0.000000 -0.222749 0.724728 -0.522777 -0.222749 0.724728 -0.522777 -0.680347 -0.724728 0.000000 -0.222749 0.724728 0.000000 -0.222749 0.724728 0.000000 -0.680347 -0.724728 -0.522777 -0.680347 -0.724728 -0.522777 -0.222749 -0.724728 0.000000 -0.222749 -0.724728 0.000000 -0.680347 " />
								<Normal vector="-0.707083 -0.707083 0.000000 -0.577349 -0.577349 0.577349 -0.577349 0.577349 0.577349 -0.707083 0.707083 0.000000 -0.707083 0.707083 0.000000 -0.577349 0.577349 0.577349 0.577349 0.577349 0.577349 0.707083 0.707083 0.000000 0.707083 0.707083 0.000000 0.577349 0.577349 0.577349 0.577349 -0.577349 0.577349 0.707083 -0.707083 0.000000 0.707083 -0.707083 0.000000 0.577349 -0.577349 0.577349 -0.577349 -0.577349 0.577349 -0.707083 -0.707083 0.000000 -0.577349 0.577349 -0.577349 0.577349 0.577349 -0.577349 0.577349 -0.577349 -0.577349 -0.577349 -0.577349 -0.577349 0.577349 0.577349 0.577349 0.577349 -0.577349 0.577349 0.577349 -0.577349 -0.577349 0.707083 -0.707083 0.000000 -0.707083 -0.707083 0.000000 0.577349 0.577349 -0.577349 0.707083 0.707083 0.000000 0.707083 -0.707083 0.000000 0.577349 -0.577349 -0.577349 -0.707083 0.707083 0.000000 0.707083 0.707083 0.000000 0.577349 0.577349 -0.577349 -0.577349 -0.577349 -0.577349 -0.707083 -0.707083 0.000000 -0.707083 0.707083 0.000000 -0.577349 0.577349 -0.577349 " />
								<TextureCoordinate point="0.1094 0.5409 0.2014 0.5409 0.2014 0.9676 0.1094 0.9676 0.1094 0.5409 0.2014 0.5409 0.2014 0.9676 0.1094 0.9676 0.1094 0.5409 0.2014 0.5409 0.2014 0.9676 0.1094 0.9676 0.1094 0.5409 0.2014 0.5409 0.2014 0.9676 0.1094 0.9676 0.0173 0.0386 0.2014 0.0386 0.2014 0.4653 0.0173 0.4653 0.0173 0.5409 0.0173 0.9676 0.0173 0.0386 0.1094 0.0386 0.1094 0.4653 0.0173 0.0386 0.1094 0.0386 0.1094 0.4653 0.0173 0.4653 0.1094 0.0386 0.1094 0.4653 0.0173 0.4653 0.0173 0.0386 0.1094 0.0386 0.1094 0.4653 0.0173 0.4653 " />
							</IndexedTriangleSet>
						</Shape>
					</Group>
				</Transform>
			</Transform>
			<Transform DEF="mouth_TRANSFORM"
			           translation="0.000000 -1.062610 -0.858972"
			           scale="1.000000 1.000000 1.000000"
			           rotation="0.000000 1.000000 0.000000 0.000000"
			           >
				<Transform DEF="mouth_ifs_TRANSFORM"
				           translation="0.000000 0.000000 0.000000"
				           scale="1.000000 1.000000 1.000000"
				           rotation="0.000000 1.000000 0.000000 0.000000"
				           >
					<Group DEF="group_ME_mouth">
						<Shape>
							<Appearance>
								<Material USE="MA_Body" />
							</Appearance>
							<IndexedTriangleSet solid="false"
							                    normalPerVertex="true"
							                    index="0 1 2 0 2 3 4 5 6 4 6 7 8 9 10 8 10 11 12 13 14 12 14 15 16 17 18 16 18 19 20 21 14 20 14 22 23 24 25 23 25 26 27 28 29 27 29 30 31 32 33 31 33 15 32 16 19 32 19 33 34 35 36 34 36 37 37 36 13 37 13 12 31 21 38 31 38 39 39 38 5 39 5 4 "
							                    >
								<Coordinate point="-0.623873 -0.526504 -0.240688 -0.623873 -0.544983 0.195271 -0.623873 -0.009239 0.217979 -0.623873 0.009239 -0.217979 0.423139 0.009239 -0.217979 0.423139 -0.009239 0.217979 0.623873 -0.009239 0.217979 0.623873 0.009239 -0.217979 0.623873 0.009239 -0.217979 0.623873 -0.009239 0.217979 0.623873 -0.544983 0.195271 0.623873 -0.526504 -0.240688 -0.423139 -0.526504 -0.240688 -0.423139 -0.544983 0.195271 -0.623873 -0.544983 0.195271 -0.623873 -0.526504 -0.240688 0.423139 0.009239 -0.217979 0.623873 0.009239 -0.217979 0.623873 -0.526504 -0.240688 0.423139 -0.526504 -0.240688 -0.423139 -0.009239 0.217979 -0.623873 -0.009239 0.217979 -0.423139 -0.544983 0.195271 0.623873 -0.009239 0.217979 0.423139 -0.009239 0.217979 0.423139 -0.544983 0.195271 0.623873 -0.544983 0.195271 0.423139 -0.009239 0.217979 -0.423139 -0.009239 0.217979 -0.423139 -0.544983 0.195271 0.423139 -0.544983 0.195271 -0.623873 0.009239 -0.217979 -0.423139 0.009239 -0.217979 -0.423139 -0.526504 -0.240688 0.623873 -0.526504 -0.240688 0.623873 -0.544983 0.195271 0.423139 -0.544983 0.195271 0.423139 -0.526504 -0.240688 -0.423139 -0.009239 0.217979 -0.423139 0.009239 -0.217979 " />
								<Normal vector="-0.577349 -0.552355 -0.601276 -0.577349 -0.601276 0.552355 -0.577349 0.552355 0.601276 -0.577349 0.601276 -0.552355 0.000000 0.736412 -0.676504 0.000000 0.676504 0.736412 0.577349 0.552355 0.601276 0.577349 0.601276 -0.552355 0.577349 0.601276 -0.552355 0.577349 0.552355 0.601276 0.577349 -0.601276 0.552355 0.577349 -0.552355 -0.601276 0.000000 -0.676504 -0.736412 0.000000 -0.736412 0.676504 -0.577349 -0.601276 0.552355 -0.577349 -0.552355 -0.601276 0.000000 0.736412 -0.676504 0.577349 0.601276 -0.552355 0.577349 -0.552355 -0.601276 0.000000 -0.676504 -0.736412 0.000000 0.676504 0.736412 -0.577349 0.552355 0.601276 0.000000 -0.736412 0.676504 0.577349 0.552355 0.601276 0.000000 0.676504 0.736412 0.000000 -0.736412 0.676504 0.577349 -0.601276 0.552355 0.000000 0.676504 0.736412 0.000000 0.676504 0.736412 0.000000 -0.736412 0.676504 0.000000 -0.736412 0.676504 -0.577349 0.601276 -0.552355 0.000000 0.736412 -0.676504 0.000000 -0.676504 -0.736412 0.577349 -0.552355 -0.601276 0.577349 -0.601276 0.552355 0.000000 -0.736412 0.676504 0.000000 -0.676504 -0.736412 0.000000 0.676504 0.736412 0.000000 0.736412 -0.676504 " />
								<TextureCoordinate point="0.0173 0.0324 0.2014 0.0324 0.2014 0.4591 0.0173 0.4591 0.0173 0.3169 0.2014 0.3169 0.2014 0.4591 0.0173 0.4591 0.0173 0.0324 0.2014 0.0324 0.2014 0.4591 0.0173 0.4591 0.0173 0.3169 0.2014 0.3169 0.2014 0.4591 0.0173 0.4591 0.1400 0.0324 0.2014 0.0324 0.2014 0.4591 0.1400 0.4591 0.1400 0.0324 0.2014 0.0324 0.1400 0.4591 0.0173 0.0324 0.0787 0.0324 0.0787 0.4591 0.0173 0.4591 0.2375 0.2133 0.2375 0.0426 0.4153 0.0426 0.4153 0.2133 0.0173 0.0324 0.0787 0.0324 0.0787 0.4591 0.0173 0.0324 0.2014 0.0324 0.2014 0.1746 0.0173 0.1746 0.2014 0.1746 0.0173 0.1746 " />
							</IndexedTriangleSet>
						</Shape>
					</Group>
				</Transform>
				<Transform DEF="Cube_005_TRANSFORM"
				           translation="0.000000 -0.495693 0.011213"
				           scale="1.000000 1.000000 1.000000"
				           rotation="0.000000 1.000000 0.000000 0.000000"
				           >
					<Transform DEF="Cube_005_ifs_TRANSFORM"
					           translation="0.000000 0.000000 0.000000"
					           scale="1.000000 1.000000 1.000000"
					           rotation="0.000000 1.000000 0.000000 0.000000"
					           >
						<Group DEF="group_ME_Cube_017">
							<Shape>
								<Appearance>
									<Material USE="MA_Body" />
								</Appearance>
								<IndexedTriangleSet solid="false"
								                    normalPerVertex="true"
								                    index="0 1 2 0 2 3 4 5 6 4 6 7 8 9 10 8 10 11 12 13 14 12 14 15 16 17 18 16 18 19 20 1 14 20 14 21 22 23 24 22 24 25 23 20 21 23 21 24 0 26 27 0 27 15 26 16 19 26 19 27 28 29 30 28 30 31 31 30 13 31 13 12 32 33 34 32 34 35 35 34 5 35 5 4 36 37 16 36 16 26 32 36 26 32 26 0 38 39 40 38 40 41 42 43 23 42 23 22 44 33 1 44 1 20 37 45 17 37 17 16 46 47 9 46 9 8 48 49 1 48 1 0 "
								                    >
									<Coordinate point="-0.480977 -0.334739 -0.164620 -0.480977 -0.348617 0.132725 -0.480977 -0.006939 0.148673 -0.480977 0.006939 -0.148673 0.300158 0.006939 -0.148673 0.300158 -0.006939 0.148673 0.480977 -0.006939 0.148673 0.480977 0.006939 -0.148673 0.480977 -0.334739 -0.164620 0.480977 -0.348617 0.132725 0.480977 -0.557644 0.122969 0.480977 -0.543766 -0.174376 -0.300158 -0.543766 -0.174376 -0.300158 -0.557644 0.122969 -0.480977 -0.557644 0.122969 -0.480977 -0.543766 -0.174376 0.300158 -0.334739 -0.164620 0.480977 -0.334739 -0.164620 0.480977 -0.543766 -0.174376 0.300158 -0.543766 -0.174376 -0.300158 -0.348617 0.132725 -0.300158 -0.557644 0.122969 0.480977 -0.348617 0.132725 0.300158 -0.348617 0.132725 0.300158 -0.557644 0.122969 0.480977 -0.557644 0.122969 -0.300158 -0.334739 -0.164620 -0.300158 -0.543766 -0.174376 0.480977 -0.543766 -0.174376 0.480977 -0.557644 0.122969 0.300158 -0.557644 0.122969 0.300158 -0.543766 -0.174376 -0.480977 0.006939 -0.148673 -0.480977 -0.006939 0.148673 -0.300158 -0.006939 0.148673 -0.300158 0.006939 -0.148673 -0.300158 0.006939 -0.148673 0.300158 0.006939 -0.148673 0.300158 -0.006939 0.148673 -0.300158 -0.006939 0.148673 -0.300158 -0.348617 0.132725 0.300158 -0.348617 0.132725 0.480977 -0.006939 0.148673 0.300158 -0.006939 0.148673 -0.300158 -0.006939 0.148673 0.480977 0.006939 -0.148673 0.480977 0.006939 -0.148673 0.480977 -0.006939 0.148673 -0.480977 -0.543766 -0.174376 -0.480977 -0.557644 0.122969 " />
									<Normal vector="-0.707083 0.032960 -0.706320 -0.707083 -0.032960 0.706320 -0.577349 0.549791 0.603626 -0.577349 0.603626 -0.549791 0.000000 0.739280 -0.673360 0.000000 0.673360 0.739280 0.577349 0.549791 0.603626 0.577349 0.603626 -0.549791 0.707083 0.032960 -0.706320 0.707083 -0.032960 0.706320 0.577349 -0.603626 0.549791 0.577349 -0.549791 -0.603626 0.000000 -0.673360 -0.739280 0.000000 -0.739280 0.673360 -0.577349 -0.603626 0.549791 -0.577349 -0.549791 -0.603626 0.000000 0.046602 -0.998901 0.707083 0.032960 -0.706320 0.577349 -0.549791 -0.603626 0.000000 -0.673360 -0.739280 0.000000 -0.046602 0.998901 0.000000 -0.739280 0.673360 0.707083 -0.032960 0.706320 0.000000 -0.046602 0.998901 0.000000 -0.739280 0.673360 0.577349 -0.603626 0.549791 0.000000 0.046602 -0.998901 0.000000 -0.673360 -0.739280 0.577349 -0.549791 -0.603626 0.577349 -0.603626 0.549791 0.000000 -0.739280 0.673360 0.000000 -0.673360 -0.739280 -0.577349 0.603626 -0.549791 -0.577349 0.549791 0.603626 0.000000 0.673360 0.739280 0.000000 0.739280 -0.673360 0.000000 0.739280 -0.673360 0.000000 0.739280 -0.673360 0.000000 0.673360 0.739280 0.000000 0.673360 0.739280 0.000000 -0.046602 0.998901 0.000000 -0.046602 0.998901 0.577349 0.549791 0.603626 0.000000 0.673360 0.739280 0.000000 0.673360 0.739280 0.577349 0.603626 -0.549791 0.577349 0.603626 -0.549791 0.577349 0.549791 0.603626 -0.577349 -0.549791 -0.603626 -0.577349 -0.603626 0.549791 " />
									<TextureCoordinate point="0.0173 0.2458 0.2014 0.2458 0.2014 0.4591 0.0173 0.4591 0.0173 0.3169 0.2014 0.3169 0.2014 0.4591 0.0173 0.4591 0.0173 0.2458 0.2014 0.2458 0.2014 0.4591 0.0173 0.4591 0.0173 0.3169 0.2014 0.3169 0.2014 0.4591 0.0173 0.4591 0.1400 0.2458 0.2014 0.2458 0.2014 0.4591 0.1400 0.4591 0.1400 0.2458 0.1400 0.4591 0.0173 0.2458 0.0787 0.2458 0.0787 0.4591 0.0173 0.4591 0.0787 0.2458 0.0787 0.4591 0.0173 0.0324 0.2014 0.0324 0.2014 0.1746 0.0173 0.1746 0.0173 0.0324 0.2014 0.0324 0.2014 0.1746 0.0173 0.1746 0.0787 0.0324 0.1400 0.0324 0.2375 0.2133 0.2375 0.0426 0.3264 0.0426 0.3264 0.2133 0.0173 0.0324 0.0787 0.0324 0.1400 0.0324 0.2014 0.0324 0.0173 0.0324 0.2014 0.0324 0.0173 0.0324 0.2014 0.0324 " />
								</IndexedTriangleSet>
							</Shape>
						</Group>
					</Transform>
				</Transform>
				<Transform DEF="Cube_006_TRANSFORM"
				           translation="0.000000 -0.011259 0.265615"
				           scale="1.000000 1.000000 1.000000"
				           rotation="0.000000 1.000000 0.000000 0.000000"
				           >
					<Transform DEF="Cube_006_ifs_TRANSFORM"
					           translation="0.000000 0.000000 0.000000"
					           scale="1.000000 1.000000 1.000000"
					           rotation="0.000000 1.000000 0.000000 0.000000"
					           >
						<Group DEF="group_ME_Cube_018">
							<Shape>
								<Appearance>
									<Material USE="MA_Body" />
								</Appearance>
								<IndexedTriangleSet solid="false"
								                    normalPerVertex="true"
								                    index="0 1 2 0 2 3 4 5 6 4 6 7 8 9 10 8 10 11 12 13 14 12 14 15 4 16 17 4 17 15 18 5 14 18 14 19 "
								                    >
									<Coordinate point="-0.369312 -0.719311 -0.276223 -0.369312 -0.770506 0.005352 -0.369312 -0.025597 0.140788 -0.369312 0.025597 -0.140788 -0.369312 0.025597 -0.140788 -0.369312 -0.025597 0.140788 0.369312 -0.025597 0.140788 0.369312 0.025597 -0.140788 0.369312 0.025597 -0.140788 0.369312 -0.025597 0.140788 0.369312 -0.770506 0.005352 0.369312 -0.719311 -0.276223 0.369312 -0.719311 -0.276223 0.369312 -0.770506 0.005352 -0.369312 -0.770506 0.005352 -0.369312 -0.719311 -0.276223 0.369312 0.025597 -0.140788 0.369312 -0.719311 -0.276223 0.369312 -0.025597 0.140788 0.369312 -0.770506 0.005352 " />
									<Normal vector="-0.577349 -0.464736 -0.671316 -0.577349 -0.671316 0.464736 -0.577349 0.464736 0.671316 -0.577349 0.671316 -0.464736 -0.577349 0.671316 -0.464736 -0.577349 0.464736 0.671316 0.577349 0.464736 0.671316 0.577349 0.671316 -0.464736 0.577349 0.671316 -0.464736 0.577349 0.464736 0.671316 0.577349 -0.671316 0.464736 0.577349 -0.464736 -0.671316 0.577349 -0.464736 -0.671316 0.577349 -0.671316 0.464736 -0.577349 -0.671316 0.464736 -0.577349 -0.464736 -0.671316 0.577349 0.671316 -0.464736 0.577349 -0.464736 -0.671316 0.577349 0.464736 0.671316 0.577349 -0.671316 0.464736 " />
									<TextureCoordinate point="0.2344 0.0215 0.4184 0.0215 0.4184 0.2220 0.2344 0.2220 0.2344 0.0215 0.4184 0.0215 0.4184 0.2220 0.2344 0.2220 0.2344 0.0215 0.4184 0.0215 0.4184 0.2220 0.2344 0.2220 0.2344 0.0215 0.4184 0.0215 0.4184 0.2220 0.2344 0.2220 0.4184 0.0215 0.4184 0.2220 0.2344 0.0215 0.2344 0.2220 " />
								</IndexedTriangleSet>
							</Shape>
						</Group>
					</Transform>
				</Transform>
				<Transform DEF="Cube_027_TRANSFORM"
				           translation="0.312344 -0.803306 0.126959"
				           scale="1.000000 1.000000 1.000000"
				           rotation="0.000000 1.000000 0.000000 0.000000"
				           >
					<Transform DEF="Cube_027_ifs_TRANSFORM"
					           translation="0.000000 0.000000 0.000000"
					           scale="1.000000 1.000000 1.000000"
					           rotation="0.000000 1.000000 0.000000 0.000000"
					           >
						<Group DEF="group_ME_Cube_041">
							<Shape>
								<Appearance>
									<Material USE="MA_Body" />
								</Appearance>
								<IndexedTriangleSet solid="false"
								                    normalPerVertex="true"
								                    index="0 1 2 0 2 3 4 5 6 4 6 7 8 9 10 8 10 11 12 13 14 12 14 15 4 16 17 4 17 15 18 5 14 18 14 19 20 21 22 20 22 23 24 25 26 24 26 27 28 29 30 28 30 31 32 33 34 32 34 35 24 36 37 24 37 35 38 25 34 38 34 39 "
								                    >
									<Coordinate point="-0.034005 -0.063664 0.158611 -0.054266 -0.037055 0.000719 -0.017577 -0.062770 -0.008323 0.002683 -0.089379 0.149570 0.002683 -0.089379 0.149570 -0.017577 -0.062770 -0.008323 0.054266 0.037055 -0.000719 0.074526 0.010446 0.157174 0.074526 0.010446 0.157174 0.054266 0.037055 -0.000719 0.017577 0.062770 0.008323 0.037838 0.036161 0.166216 0.037838 0.036161 0.166216 0.017577 0.062770 0.008323 -0.054266 -0.037055 0.000719 -0.034005 -0.063664 0.158611 0.074526 0.010446 0.157174 0.037838 0.036161 0.166216 0.054266 0.037055 -0.000719 0.017577 0.062770 0.008323 0.041554 0.060345 0.177772 0.038380 0.075710 0.006065 0.079162 0.055236 0.003479 0.082336 0.039871 0.175186 0.082336 0.039871 0.175186 0.079162 0.055236 0.003479 0.134752 0.164857 0.012260 0.137927 0.149492 0.183967 0.137927 0.149492 0.183967 0.134752 0.164857 0.012260 0.093970 0.185331 0.014846 0.097145 0.169966 0.186553 0.097145 0.169966 0.186553 0.093970 0.185331 0.014846 0.038380 0.075710 0.006065 0.041554 0.060345 0.177772 0.137927 0.149492 0.183967 0.097145 0.169966 0.186553 0.134752 0.164857 0.012260 0.093970 0.185331 0.014846 " />
									<Normal vector="-0.727561 -0.238044 0.643391 -0.872494 -0.047670 -0.486221 0.054323 -0.697348 -0.714652 0.199286 -0.887722 0.414960 0.199286 -0.887722 0.414960 0.054323 -0.697348 -0.714652 0.727561 0.238044 -0.643391 0.872494 0.047670 0.486221 0.872494 0.047670 0.486221 0.727561 0.238044 -0.643391 -0.199286 0.887722 -0.414960 -0.054323 0.697348 0.714652 -0.054323 0.697348 0.714652 -0.199286 0.887722 -0.414960 -0.872494 -0.047670 -0.486221 -0.727561 -0.238044 0.643391 0.872494 0.047670 0.486221 -0.054323 0.697348 0.714652 0.727561 0.238044 -0.643391 -0.199286 0.887722 -0.414960 -0.764977 -0.306436 0.566454 -0.786218 -0.203528 -0.583422 0.244057 -0.720786 -0.648762 0.265297 -0.823664 0.501144 0.265297 -0.823664 0.501144 0.244057 -0.720786 -0.648762 0.764977 0.306436 -0.566454 0.786218 0.203528 0.583422 0.786218 0.203528 0.583422 0.764977 0.306436 -0.566454 -0.265297 0.823664 -0.501144 -0.244057 0.720786 0.648762 -0.244057 0.720786 0.648762 -0.265297 0.823664 -0.501144 -0.786218 -0.203528 -0.583422 -0.764977 -0.306436 0.566454 0.786218 0.203528 0.583422 -0.244057 0.720786 0.648762 0.764977 0.306436 -0.566454 -0.265297 0.823664 -0.501144 " />
									<TextureCoordinate point="0.4636 0.5409 0.6046 0.5409 0.6046 0.9676 0.4636 0.9676 0.4636 0.5409 0.6046 0.5409 0.6046 0.9676 0.4636 0.9676 0.4636 0.5409 0.6046 0.5409 0.6046 0.9676 0.4636 0.9676 0.4636 0.5409 0.6046 0.5409 0.6046 0.9676 0.4636 0.9676 0.6046 0.5409 0.6046 0.9676 0.4636 0.5409 0.4636 0.9676 0.4636 0.5409 0.6046 0.5409 0.6046 0.9676 0.4636 0.9676 0.4636 0.5409 0.6046 0.5409 0.6046 0.9676 0.4636 0.9676 0.4636 0.5409 0.6046 0.5409 0.6046 0.9676 0.4636 0.9676 0.4636 0.5409 0.6046 0.5409 0.6046 0.9676 0.4636 0.9676 0.6046 0.5409 0.6046 0.9676 0.4636 0.5409 0.4636 0.9676 " />
								</IndexedTriangleSet>
							</Shape>
						</Group>
					</Transform>
				</Transform>
				<Transform DEF="Cube_045_TRANSFORM"
				           translation="-0.312344 -0.803306 0.126959"
				           scale="1.000000 1.000000 1.000000"
				           rotation="0.000000 1.000000 0.000000 0.000000"
				           >
					<Transform DEF="Cube_045_ifs_TRANSFORM"
					           translation="0.000000 0.000000 0.000000"
					           scale="1.000000 1.000000 1.000000"
					           rotation="0.000000 1.000000 0.000000 0.000000"
					           >
						<Group DEF="group_ME_Cube_059">
							<Shape>
								<Appearance>
									<Material USE="MA_Body" />
								</Appearance>
								<IndexedTriangleSet solid="false"
								                    normalPerVertex="true"
								                    index="0 1 2 0 2 3 4 5 6 4 6 7 8 9 10 8 10 11 12 13 14 12 14 15 4 13 16 4 16 17 18 14 7 18 7 19 20 21 22 20 22 23 24 25 26 24 26 27 28 29 30 28 30 31 32 33 34 32 34 35 24 32 36 24 36 37 38 39 33 38 33 27 "
								                    >
									<Coordinate point="0.034005 -0.063664 0.158611 -0.002683 -0.089379 0.149570 0.017577 -0.062770 -0.008323 0.054266 -0.037055 0.000719 -0.002683 -0.089379 0.149570 -0.074526 0.010446 0.157174 -0.054266 0.037055 -0.000719 0.017577 -0.062770 -0.008323 -0.037838 0.036161 0.166216 -0.017577 0.062770 0.008323 -0.054266 0.037055 -0.000719 -0.074526 0.010446 0.157174 -0.037838 0.036161 0.166216 0.034005 -0.063664 0.158611 0.054266 -0.037055 0.000719 -0.017577 0.062770 0.008323 -0.037838 0.036161 0.166216 -0.074526 0.010446 0.157174 -0.017577 0.062770 0.008323 -0.054266 0.037055 -0.000719 -0.041554 0.060345 0.177772 -0.082336 0.039871 0.175186 -0.079162 0.055236 0.003479 -0.038380 0.075710 0.006065 -0.082336 0.039871 0.175186 -0.137927 0.149492 0.183967 -0.134752 0.164857 0.012260 -0.079162 0.055236 0.003479 -0.137927 0.149492 0.183967 -0.097145 0.169966 0.186553 -0.093970 0.185331 0.014846 -0.134752 0.164857 0.012260 -0.041554 0.060345 0.177772 -0.038380 0.075710 0.006065 -0.093970 0.185331 0.014846 -0.097145 0.169966 0.186553 -0.097145 0.169966 0.186553 -0.137927 0.149492 0.183967 -0.134752 0.164857 0.012260 -0.093970 0.185331 0.014846 " />
									<Normal vector="0.727561 -0.238044 0.643391 -0.199286 -0.887722 0.414960 -0.054323 -0.697348 -0.714652 0.872494 -0.047670 -0.486221 -0.199286 -0.887722 0.414960 -0.872494 0.047670 0.486221 -0.727561 0.238044 -0.643391 -0.054323 -0.697348 -0.714652 0.054323 0.697348 0.714652 0.199286 0.887722 -0.414960 -0.727561 0.238044 -0.643391 -0.872494 0.047670 0.486221 0.054323 0.697348 0.714652 0.727561 -0.238044 0.643391 0.872494 -0.047670 -0.486221 0.199286 0.887722 -0.414960 0.054323 0.697348 0.714652 -0.872494 0.047670 0.486221 0.199286 0.887722 -0.414960 -0.727561 0.238044 -0.643391 0.764977 -0.306436 0.566454 -0.265297 -0.823664 0.501144 -0.244057 -0.720786 -0.648762 0.786218 -0.203528 -0.583422 -0.265297 -0.823664 0.501144 -0.786218 0.203528 0.583422 -0.764977 0.306436 -0.566454 -0.244057 -0.720786 -0.648762 -0.786218 0.203528 0.583422 0.244057 0.720786 0.648762 0.265297 0.823664 -0.501144 -0.764977 0.306436 -0.566454 0.764977 -0.306436 0.566454 0.786218 -0.203528 -0.583422 0.265297 0.823664 -0.501144 0.244057 0.720786 0.648762 0.244057 0.720786 0.648762 -0.786218 0.203528 0.583422 -0.764977 0.306436 -0.566454 0.265297 0.823664 -0.501144 " />
									<TextureCoordinate point="0.4636 0.5409 0.4636 0.9676 0.6046 0.9676 0.6046 0.5409 0.4636 0.5409 0.4636 0.9676 0.6046 0.9676 0.6046 0.5409 0.4636 0.9676 0.6046 0.9676 0.6046 0.5409 0.4636 0.5409 0.4636 0.5409 0.4636 0.9676 0.6046 0.9676 0.6046 0.5409 0.6046 0.9676 0.6046 0.5409 0.4636 0.9676 0.4636 0.5409 0.4636 0.5409 0.4636 0.9676 0.6046 0.9676 0.6046 0.5409 0.4636 0.5409 0.4636 0.9676 0.6046 0.9676 0.6046 0.5409 0.4636 0.5409 0.4636 0.9676 0.6046 0.9676 0.6046 0.5409 0.4636 0.9676 0.6046 0.9676 0.6046 0.5409 0.4636 0.5409 0.6046 0.9676 0.6046 0.5409 0.4636 0.5409 0.4636 0.9676 " />
								</IndexedTriangleSet>
							</Shape>
						</Group>
					</Transform>
				</Transform>
			</Transform>
			<Transform DEF="Cube_001_TRANSFORM"
			           translation="0.734997 -0.545830 0.010522"
			           scale="1.000000 1.000000 1.000000"
			           rotation="0.000000 1.000000 0.000000 0.000000"
			           >
				<Transform DEF="Cube_001_ifs_TRANSFORM"
				           translation="0.000000 0.000000 0.000000"
				           scale="1.000000 1.000000 1.000000"
				           rotation="0.000000 1.000000 0.000000 0.000000"
				           >
					<Group DEF="group_ME_Cube_022">
						<Shape>
							<Appearance>
								<Material USE="MA_Body" />
							</Appearance>
							<IndexedTriangleSet solid="false"
							                    normalPerVertex="true"
							                    index="0 1 2 0 2 3 4 5 6 4 6 7 8 9 10 8 10 11 12 13 14 12 14 15 4 16 17 4 17 15 18 5 14 18 14 19 "
							                    >
								<Coordinate point="0.000000 -0.548423 -0.528049 0.000000 -0.548423 0.528049 0.000000 0.548423 0.528049 0.000000 0.548423 -0.528049 0.000000 0.548423 -0.528049 0.000000 0.548423 0.528049 0.315594 0.548423 0.528049 0.315594 0.548423 -0.528049 0.315594 0.548423 -0.528049 0.315594 0.548423 0.528049 0.315594 -0.548423 0.528049 0.315594 -0.548423 -0.528049 0.315594 -0.548423 -0.528049 0.315594 -0.548423 0.528049 0.000000 -0.548423 0.528049 0.000000 -0.548423 -0.528049 0.315594 0.548423 -0.528049 0.315594 -0.548423 -0.528049 0.315594 0.548423 0.528049 0.315594 -0.548423 0.528049 " />
								<Normal vector="-0.577349 -0.577349 -0.577349 -0.577349 -0.577349 0.577349 -0.577349 0.577349 0.577349 -0.577349 0.577349 -0.577349 -0.577349 0.577349 -0.577349 -0.577349 0.577349 0.577349 0.577349 0.577349 0.577349 0.577349 0.577349 -0.577349 0.577349 0.577349 -0.577349 0.577349 0.577349 0.577349 0.577349 -0.577349 0.577349 0.577349 -0.577349 -0.577349 0.577349 -0.577349 -0.577349 0.577349 -0.577349 0.577349 -0.577349 -0.577349 0.577349 -0.577349 -0.577349 -0.577349 0.577349 0.577349 -0.577349 0.577349 -0.577349 -0.577349 0.577349 0.577349 0.577349 0.577349 -0.577349 0.577349 " />
								<TextureCoordinate point="0.0173 0.5409 0.2014 0.5409 0.2014 0.9676 0.0173 0.9676 0.0173 0.5409 0.2014 0.5409 0.2014 0.9676 0.0173 0.9676 0.0173 0.5409 0.2014 0.5409 0.2014 0.9676 0.0173 0.9676 0.0173 0.5409 0.2014 0.5409 0.2014 0.9676 0.0173 0.9676 0.2014 0.5409 0.2014 0.9676 0.0173 0.5409 0.0173 0.9676 " />
							</IndexedTriangleSet>
						</Shape>
					</Group>
				</Transform>
				<Transform DEF="Cube_004_TRANSFORM"
				           translation="-0.134818 0.724518 -0.034467"
				           scale="1.000000 1.000000 1.000000"
				           rotation="0.000000 1.000000 0.000000 0.000000"
				           >
					<Transform DEF="Cube_004_ifs_TRANSFORM"
					           translation="0.000000 0.000000 0.000000"
					           scale="1.000000 1.000000 1.000000"
					           rotation="0.000000 1.000000 0.000000 0.000000"
					           >
						<Group DEF="group_ME_Cube_023">
							<Shape>
								<Appearance>
									<Material USE="MA_Body" />
								</Appearance>
								<IndexedTriangleSet solid="false"
								                    normalPerVertex="true"
								                    index="0 1 2 0 2 3 4 5 6 4 6 7 8 9 10 8 10 11 12 13 14 12 14 15 4 16 17 4 17 15 18 5 14 18 14 19 "
								                    >
									<Coordinate point="0.074890 -0.280733 -0.399799 0.074890 -0.280733 0.399799 -0.074890 0.280733 0.399799 -0.074890 0.280733 -0.399799 -0.074890 0.280733 -0.399799 -0.074890 0.280733 0.399799 0.227581 0.361421 0.399799 0.227581 0.361421 -0.399799 0.227581 0.361421 -0.399799 0.227581 0.361421 0.399799 0.377360 -0.200044 0.399799 0.377360 -0.200044 -0.399799 0.377360 -0.200044 -0.399799 0.377360 -0.200044 0.399799 0.074890 -0.280733 0.399799 0.074890 -0.280733 -0.399799 0.227581 0.361421 -0.399799 0.377360 -0.200044 -0.399799 0.227581 0.361421 0.399799 0.377360 -0.200044 0.399799 " />
									<Normal vector="-0.409009 -0.706626 -0.577349 -0.409009 -0.706626 0.577349 -0.706626 0.409009 0.577349 -0.706626 0.409009 -0.577349 -0.706626 0.409009 -0.577349 -0.706626 0.409009 0.577349 0.409009 0.706626 0.577349 0.409009 0.706626 -0.577349 0.409009 0.706626 -0.577349 0.409009 0.706626 0.577349 0.706626 -0.409009 0.577349 0.706626 -0.409009 -0.577349 0.706626 -0.409009 -0.577349 0.706626 -0.409009 0.577349 -0.409009 -0.706626 0.577349 -0.409009 -0.706626 -0.577349 0.409009 0.706626 -0.577349 0.706626 -0.409009 -0.577349 0.409009 0.706626 0.577349 0.706626 -0.409009 0.577349 " />
									<TextureCoordinate point="0.0173 0.5409 0.2014 0.5409 0.2014 0.9676 0.0173 0.9676 0.0173 0.5409 0.2014 0.5409 0.2014 0.9676 0.0173 0.9676 0.0173 0.5409 0.2014 0.5409 0.2014 0.9676 0.0173 0.9676 0.0173 0.5409 0.2014 0.5409 0.2014 0.9676 0.0173 0.9676 0.2014 0.5409 0.2014 0.9676 0.0173 0.5409 0.0173 0.9676 " />
								</IndexedTriangleSet>
							</Shape>
						</Group>
					</Transform>
				</Transform>
				<Transform DEF="Cube_010_TRANSFORM"
				           translation="-0.193162 -0.785510 0.045878"
				           scale="1.000000 1.000000 1.000000"
				           rotation="0.000000 1.000000 0.000000 0.000000"
				           >
					<Transform DEF="Cube_010_ifs_TRANSFORM"
					           translation="0.000000 0.000000 0.000000"
					           scale="1.000000 1.000000 1.000000"
					           rotation="0.000000 1.000000 0.000000 0.000000"
					           >
						<Group DEF="group_ME_Cube_024">
							<Shape>
								<Appearance>
									<Material USE="MA_Body" />
								</Appearance>
								<IndexedTriangleSet solid="false"
								                    normalPerVertex="true"
								                    index="0 1 2 0 2 3 4 5 6 4 6 7 8 9 10 8 10 11 12 13 14 12 14 15 16 5 10 16 10 17 18 8 11 18 11 15 12 4 7 12 7 19 20 0 3 20 3 21 "
								                    >
									<Coordinate point="-0.146537 -0.428874 0.015834 -0.148799 -0.412803 0.430211 0.144275 0.444946 0.398543 0.146537 0.428874 -0.015834 0.146537 0.428874 -0.015834 0.144275 0.444946 0.398543 0.497263 0.324581 0.405138 0.499525 0.308510 -0.009239 0.206451 -0.549239 0.022429 0.204189 -0.533168 0.436806 -0.148799 -0.412803 0.430211 -0.146537 -0.428874 0.015834 0.148799 0.412803 -0.430211 0.501787 0.292438 -0.423615 0.208713 -0.565311 -0.391947 -0.144275 -0.444946 -0.398543 0.497263 0.324581 0.405138 0.204189 -0.533168 0.436806 0.208713 -0.565311 -0.391947 0.501787 0.292438 -0.423615 -0.144275 -0.444946 -0.398543 0.148799 0.412803 -0.430211 " />
									<Normal vector="-0.897641 -0.440535 0.012177 -0.736076 -0.337321 0.586840 -0.362957 0.754662 0.546525 -0.440657 0.896878 -0.037172 -0.440657 0.896878 -0.037172 -0.362957 0.754662 0.546525 0.729759 0.382061 0.566942 0.897641 0.440535 -0.012177 0.440657 -0.896878 0.037172 0.356639 -0.709922 0.607257 -0.736076 -0.337321 0.586840 -0.897641 -0.440535 0.012177 -0.356639 0.709922 -0.607257 0.736076 0.337321 -0.586840 0.362957 -0.754662 -0.546525 -0.729759 -0.382061 -0.566942 0.729759 0.382061 0.566942 0.356639 -0.709922 0.607257 0.362957 -0.754662 -0.546525 0.736076 0.337321 -0.586840 -0.729759 -0.382061 -0.566942 -0.356639 0.709922 -0.607257 " />
									<TextureCoordinate point="0.1094 0.5409 0.2014 0.5409 0.2014 0.9676 0.1094 0.9676 0.1094 0.5409 0.2014 0.5409 0.2014 0.9676 0.1094 0.9676 0.1094 0.5409 0.2014 0.5409 0.2014 0.9676 0.1094 0.9676 0.0173 0.5409 0.2014 0.5409 0.2014 0.9676 0.0173 0.9676 0.0173 0.5409 0.0173 0.9676 0.0173 0.5409 0.0173 0.9676 0.0173 0.5409 0.0173 0.9676 " />
								</IndexedTriangleSet>
							</Shape>
							<Shape>
								<Appearance>
									<Material DEF="MA_Mark"
									          diffuseColor="0.800 0.800 0.800"
									          specularColor="0.401 0.401 0.401"
									          emissiveColor="0.000 0.000 0.000"
									          ambientIntensity="0.000"
									          shininess="0.500"
									          transparency="0.0"
									          />
								</Appearance>
								<IndexedTriangleSet solid="false"
								                    normalPerVertex="true"
								                    index="0 1 2 0 2 3 4 0 3 4 3 5 "
								                    >
									<Coordinate point="0.499525 0.308510 -0.009239 0.497263 0.324581 0.405138 0.204189 -0.533168 0.436806 0.206451 -0.549239 0.022429 0.501787 0.292438 -0.423615 0.208713 -0.565311 -0.391947 " />
									<Normal vector="0.897641 0.440535 -0.012177 0.729759 0.382061 0.566942 0.356639 -0.709922 0.607257 0.440657 -0.896878 0.037172 0.736076 0.337321 -0.586840 0.362957 -0.754662 -0.546525 " />
									<TextureCoordinate point="0.9232 0.2686 0.9232 0.9670 0.0954 0.9670 0.0954 0.2686 0.9232 0.9670 0.0954 0.9670 " />
								</IndexedTriangleSet>
							</Shape>
						</Group>
					</Transform>
				</Transform>
				<Transform DEF="Cube_029_TRANSFORM"
				           translation="-0.026500 -0.843821 0.050319"
				           scale="1.000000 1.000000 1.000000"
				           rotation="0.000000 1.000000 0.000000 0.000000"
				           >
					<Transform DEF="Cube_029_ifs_TRANSFORM"
					           translation="0.000000 0.000000 0.000000"
					           scale="1.000000 1.000000 1.000000"
					           rotation="0.000000 1.000000 0.000000 0.000000"
					           >
						<Group DEF="group_ME_Cube_005">
							<Shape>
								<Appearance>
									<Material USE="MA_Body" />
								</Appearance>
								<IndexedTriangleSet solid="false"
								                    normalPerVertex="true"
								                    index="0 1 2 0 2 3 4 5 6 4 6 7 8 9 10 8 10 11 12 13 14 12 14 15 4 16 17 4 17 15 18 5 14 18 14 19 "
								                    >
									<Coordinate point="-0.180596 -0.396710 -0.381994 -0.185846 -0.366660 0.408577 0.180596 0.396710 0.381994 0.185846 0.366660 -0.408577 0.185846 0.366660 -0.408577 0.180596 0.396710 0.381994 0.305123 0.337041 0.385089 0.310373 0.306991 -0.405482 0.310373 0.306991 -0.405482 0.305123 0.337041 0.385089 -0.061319 -0.426329 0.411672 -0.056069 -0.456379 -0.378899 -0.056069 -0.456379 -0.378899 -0.061319 -0.426329 0.411672 -0.185846 -0.366660 0.408577 -0.180596 -0.396710 -0.381994 0.310373 0.306991 -0.405482 -0.056069 -0.456379 -0.378899 0.305123 0.337041 0.385089 -0.061319 -0.426329 0.411672 " />
									<Normal vector="-0.766411 -0.292734 -0.571734 -0.774071 -0.248878 0.582080 -0.274606 0.791559 0.545854 -0.266945 0.747703 -0.607959 -0.266945 0.747703 -0.607959 -0.274606 0.791559 0.545854 0.766411 0.292734 0.571734 0.774071 0.248878 -0.582080 0.774071 0.248878 -0.582080 0.766411 0.292734 0.571734 0.266945 -0.747703 0.607959 0.274606 -0.791559 -0.545854 0.274606 -0.791559 -0.545854 0.266945 -0.747703 0.607959 -0.774071 -0.248878 0.582080 -0.766411 -0.292734 -0.571734 0.774071 0.248878 -0.582080 0.274606 -0.791559 -0.545854 0.766411 0.292734 0.571734 0.266945 -0.747703 0.607959 " />
									<TextureCoordinate point="0.4547 0.0779 0.6011 0.0779 0.6011 0.4385 0.4547 0.4385 0.4547 0.0779 0.6011 0.0779 0.6011 0.4385 0.4547 0.4385 0.4547 0.0779 0.6011 0.0779 0.6011 0.4385 0.4547 0.4385 0.4547 0.0779 0.6011 0.0779 0.6011 0.4385 0.4547 0.4385 0.6011 0.0779 0.6011 0.4385 0.4547 0.0779 0.4547 0.4385 " />
								</IndexedTriangleSet>
							</Shape>
						</Group>
					</Transform>
				</Transform>
				<Transform DEF="eye1_TRANSFORM"
				           translation="-0.089279 -1.085044 0.052680"
				           scale="1.000000 1.000000 1.000000"
				           rotation="0.000000 1.000000 0.000000 0.000000"
				           >
					<Transform DEF="eye1_ifs_TRANSFORM"
					           translation="0.000000 0.000000 0.000000"
					           scale="1.000000 1.000000 1.000000"
					           rotation="0.000000 1.000000 0.000000 0.000000"
					           >
						<Group DEF="group_ME_eye1">
							<Shape>
								<Appearance>
									<Material DEF="MA_Eye"
									          diffuseColor="0.800 0.800 0.800"
									          specularColor="0.401 0.401 0.401"
									          emissiveColor="0.000 0.000 0.000"
									          ambientIntensity="0.000"
									          shininess="0.500"
									          transparency="0.0"
									          />
								</Appearance>
								<IndexedTriangleSet solid="false"
								                    normalPerVertex="true"
								                    index="0 1 2 0 2 3 4 5 6 4 6 7 8 9 10 8 10 11 12 13 14 12 14 15 16 17 18 16 18 19 20 21 14 20 14 22 23 5 24 23 24 25 26 1 27 26 27 28 29 30 31 29 31 32 33 34 35 33 35 36 37 38 39 37 39 40 41 42 43 41 43 44 45 46 27 45 27 47 48 21 24 48 24 49 16 50 51 16 51 32 52 53 54 52 54 55 56 57 58 56 58 36 59 60 61 59 61 62 63 64 65 63 65 66 67 68 69 67 69 70 71 72 73 71 73 74 75 76 77 75 77 78 79 80 81 79 81 19 82 83 84 82 84 85 86 87 88 86 88 89 90 91 92 90 92 93 29 94 95 29 95 96 97 98 99 97 99 100 33 101 102 33 102 103 104 105 106 104 106 107 "
								                    >
									<Coordinate point="0.011202 0.031621 0.029458 0.011353 0.032023 0.088855 0.033606 0.094864 0.088374 0.033455 0.094462 0.028976 0.033455 0.094462 0.028976 0.033606 0.094864 0.088374 0.184944 0.041273 0.088351 0.184793 0.040871 0.028953 0.140287 -0.084811 0.029917 0.140438 -0.084409 0.089314 0.118185 -0.147250 0.089796 0.118034 -0.147652 0.030398 0.118034 -0.147652 0.030398 0.118185 -0.147250 0.089796 -0.033153 -0.093659 0.089819 -0.033304 -0.094060 0.030421 -0.011353 -0.032023 -0.088855 0.139984 -0.085614 -0.088878 0.117731 -0.148455 -0.088396 -0.033606 -0.094864 -0.088374 0.140438 -0.084409 0.089314 -0.010900 -0.030818 0.089337 0.118185 -0.147250 0.089796 0.184944 0.041273 0.088351 0.011353 0.032023 0.088855 0.162691 -0.021568 0.088832 0.162691 -0.021568 0.088832 -0.010900 -0.030818 0.089337 0.140438 -0.084409 0.089314 0.033153 0.093659 -0.089819 0.184490 0.040067 -0.089842 0.162237 -0.022774 -0.089360 0.010900 0.030818 -0.089337 0.010900 0.030818 -0.089337 0.162237 -0.022774 -0.089360 0.139984 -0.085614 -0.088878 -0.011353 -0.032023 -0.088855 0.184793 0.040871 0.028953 0.184944 0.041273 0.088351 0.162691 -0.021568 0.088832 0.162540 -0.021970 0.029435 0.162540 -0.021970 0.029435 0.162691 -0.021568 0.088832 0.140438 -0.084409 0.089314 0.140287 -0.084811 0.029917 -0.033304 -0.094060 0.030421 -0.033153 -0.093659 0.089819 -0.011051 -0.031220 0.029940 -0.011051 -0.031220 0.029940 0.011202 0.031621 0.029458 -0.011202 -0.031621 -0.029458 0.011051 0.031220 -0.029940 -0.011202 -0.031621 -0.029458 -0.011051 -0.031220 0.029940 0.011202 0.031621 0.029458 0.011051 0.031220 -0.029940 -0.033606 -0.094864 -0.088374 -0.033455 -0.094462 -0.028976 -0.011202 -0.031621 -0.029458 -0.033455 -0.094462 -0.028976 -0.033304 -0.094060 0.030421 -0.011051 -0.031220 0.029940 -0.011202 -0.031621 -0.029458 0.162237 -0.022774 -0.089360 0.162389 -0.022372 -0.029962 0.140136 -0.085213 -0.029481 0.139984 -0.085614 -0.088878 0.162389 -0.022372 -0.029962 0.162540 -0.021970 0.029435 0.140287 -0.084811 0.029917 0.140136 -0.085213 -0.029481 0.184490 0.040067 -0.089842 0.184642 0.040469 -0.030444 0.162389 -0.022372 -0.029962 0.162237 -0.022774 -0.089360 0.184642 0.040469 -0.030444 0.184793 0.040871 0.028953 0.162540 -0.021970 0.029435 0.162389 -0.022372 -0.029962 0.117731 -0.148455 -0.088396 0.117883 -0.148053 -0.028999 -0.033455 -0.094462 -0.028976 0.117883 -0.148053 -0.028999 0.118034 -0.147652 0.030398 -0.033304 -0.094060 0.030421 -0.033455 -0.094462 -0.028976 0.139984 -0.085614 -0.088878 0.140136 -0.085213 -0.029481 0.117883 -0.148053 -0.028999 0.117731 -0.148455 -0.088396 0.140136 -0.085213 -0.029481 0.140287 -0.084811 0.029917 0.118034 -0.147652 0.030398 0.117883 -0.148053 -0.028999 0.033304 0.094060 -0.030421 0.184642 0.040469 -0.030444 0.184490 0.040067 -0.089842 0.033304 0.094060 -0.030421 0.033455 0.094462 0.028976 0.184793 0.040871 0.028953 0.184642 0.040469 -0.030444 0.011051 0.031220 -0.029940 0.033304 0.094060 -0.030421 0.033153 0.093659 -0.089819 0.011051 0.031220 -0.029940 0.011202 0.031621 0.029458 0.033455 0.094462 0.028976 0.033304 0.094060 -0.030421 " />
									<Normal vector="-0.942625 0.333781 0.000122 -0.664724 0.240791 0.707175 -0.350017 0.740837 0.573229 -0.430494 0.902554 -0.005005 -0.430494 0.902554 -0.005005 -0.350017 0.740837 0.573229 0.738395 0.355388 0.573077 0.902554 0.430494 -0.005188 0.942625 -0.333781 -0.000122 0.668325 -0.231239 0.706961 0.352977 -0.733024 0.581408 0.430494 -0.902554 0.005005 0.430494 -0.902554 0.005005 0.352977 -0.733024 0.581408 -0.735466 -0.347575 0.581561 -0.902554 -0.430494 0.005188 -0.668325 0.231239 -0.706961 0.664724 -0.240791 -0.707175 0.350017 -0.740837 -0.573229 -0.738395 -0.355388 -0.573077 0.668325 -0.231239 0.706961 -0.664724 0.240791 0.707175 0.352977 -0.733024 0.581408 0.738395 0.355388 0.573077 -0.664724 0.240791 0.707175 0.668325 -0.231239 0.706961 0.668325 -0.231239 0.706961 -0.664724 0.240791 0.707175 0.668325 -0.231239 0.706961 -0.352977 0.733024 -0.581408 0.735466 0.347575 -0.581561 0.664724 -0.240791 -0.707175 -0.668325 0.231239 -0.706961 -0.668325 0.231239 -0.706961 0.664724 -0.240791 -0.707175 0.664724 -0.240791 -0.707175 -0.668325 0.231239 -0.706961 0.902554 0.430494 -0.005188 0.738395 0.355388 0.573077 0.668325 -0.231239 0.706961 0.942625 -0.333781 -0.000122 0.942625 -0.333781 -0.000122 0.668325 -0.231239 0.706961 0.668325 -0.231239 0.706961 0.942625 -0.333781 -0.000122 -0.902554 -0.430494 0.005188 -0.735466 -0.347575 0.581561 -0.942625 0.333781 0.000122 -0.942625 0.333781 0.000122 -0.942625 0.333781 0.000122 -0.942625 0.333781 0.000122 -0.942625 0.333781 0.000122 -0.942625 0.333781 0.000122 -0.942625 0.333781 0.000122 -0.942625 0.333781 0.000122 -0.942625 0.333781 0.000122 -0.738395 -0.355388 -0.573077 -0.902554 -0.430494 0.005188 -0.942625 0.333781 0.000122 -0.902554 -0.430494 0.005188 -0.902554 -0.430494 0.005188 -0.942625 0.333781 0.000122 -0.942625 0.333781 0.000122 0.664724 -0.240791 -0.707175 0.942625 -0.333781 -0.000122 0.942625 -0.333781 -0.000122 0.664724 -0.240791 -0.707175 0.942625 -0.333781 -0.000122 0.942625 -0.333781 -0.000122 0.942625 -0.333781 -0.000122 0.942625 -0.333781 -0.000122 0.735466 0.347575 -0.581561 0.902554 0.430494 -0.005188 0.942625 -0.333781 -0.000122 0.664724 -0.240791 -0.707175 0.902554 0.430494 -0.005188 0.902554 0.430494 -0.005188 0.942625 -0.333781 -0.000122 0.942625 -0.333781 -0.000122 0.350017 -0.740837 -0.573229 0.430494 -0.902554 0.005005 -0.902554 -0.430494 0.005188 0.430494 -0.902554 0.005005 0.430494 -0.902554 0.005005 -0.902554 -0.430494 0.005188 -0.902554 -0.430494 0.005188 0.664724 -0.240791 -0.707175 0.942625 -0.333781 -0.000122 0.430494 -0.902554 0.005005 0.350017 -0.740837 -0.573229 0.942625 -0.333781 -0.000122 0.942625 -0.333781 -0.000122 0.430494 -0.902554 0.005005 0.430494 -0.902554 0.005005 -0.430494 0.902554 -0.005005 0.902554 0.430494 -0.005188 0.735466 0.347575 -0.581561 -0.430494 0.902554 -0.005005 -0.430494 0.902554 -0.005005 0.902554 0.430494 -0.005188 0.902554 0.430494 -0.005188 -0.942625 0.333781 0.000122 -0.430494 0.902554 -0.005005 -0.352977 0.733024 -0.581408 -0.942625 0.333781 0.000122 -0.942625 0.333781 0.000122 -0.430494 0.902554 -0.005005 -0.430494 0.902554 -0.005005 " />
									<TextureCoordinate point="0.0181 0.0000 0.4858 0.0000 0.4858 1.0000 0.0181 1.0000 0.0181 0.0000 0.4858 0.0000 0.4858 1.0000 0.0181 1.0000 0.0181 0.0000 0.4858 0.0000 0.4858 1.0000 0.0181 1.0000 0.0181 0.0000 0.4858 0.0000 0.4858 1.0000 0.0181 1.0000 0.0181 0.0000 0.4858 0.0000 0.4858 1.0000 0.0181 1.0000 0.0181 0.0000 0.4858 0.0000 0.0181 1.0000 0.0181 0.0000 0.4858 1.0000 0.0181 1.0000 0.0181 0.0000 0.4858 1.0000 0.0181 1.0000 0.0181 0.0000 0.4858 0.0000 0.4858 1.0000 0.0181 1.0000 0.0181 0.0000 0.4858 0.0000 0.4858 1.0000 0.0181 1.0000 0.0181 0.0000 0.4858 0.0000 0.4858 1.0000 0.0181 1.0000 0.0181 0.0000 0.4858 0.0000 0.4858 1.0000 0.0181 1.0000 0.0181 0.0000 0.4858 0.0000 0.0181 1.0000 0.0181 0.0000 0.0181 1.0000 0.4858 0.0000 0.4858 1.0000 0.0181 0.0000 0.4858 0.0000 0.4858 1.0000 0.0181 1.0000 0.0181 0.0000 0.4858 0.0000 0.4858 1.0000 0.0181 0.0000 0.4858 0.0000 0.4858 1.0000 0.0181 1.0000 0.0181 0.0000 0.4858 0.0000 0.4858 1.0000 0.0181 1.0000 0.5204 0.0000 0.9881 0.0000 0.9881 1.0000 0.5204 1.0000 0.0181 0.0000 0.4858 0.0000 0.4858 1.0000 0.0181 1.0000 0.0181 0.0000 0.4858 0.0000 0.4858 1.0000 0.0181 1.0000 0.0181 0.0000 0.4858 0.0000 0.4858 1.0000 0.0181 0.0000 0.4858 0.0000 0.4858 1.0000 0.0181 1.0000 0.0181 0.0000 0.4858 0.0000 0.4858 1.0000 0.0181 1.0000 0.0181 0.0000 0.4858 0.0000 0.4858 1.0000 0.0181 1.0000 0.4858 0.0000 0.4858 1.0000 0.0181 1.0000 0.0181 0.0000 0.4858 0.0000 0.4858 1.0000 0.0181 1.0000 0.4858 0.0000 0.4858 1.0000 0.0181 1.0000 0.0181 0.0000 0.4858 0.0000 0.4858 1.0000 0.0181 1.0000 " />
								</IndexedTriangleSet>
							</Shape>
						</Group>
					</Transform>
				</Transform>
			</Transform>
			<Transform DEF="Cube_011_TRANSFORM"
			           translation="0.000000 -0.992460 -0.542350"
			           scale="1.000000 1.000000 1.000000"
			           rotation="0.000000 1.000000 0.000000 0.000000"
			           >
				<Transform DEF="Cube_011_ifs_TRANSFORM"
				           translation="0.000000 0.000000 0.000000"
				           scale="1.000000 1.000000 1.000000"
				           rotation="0.000000 1.000000 0.000000 0.000000"
				           >
					<Group DEF="group_ME_Cube_025">
						<Shape>
							<Appearance>
								<Material USE="MA_Body" />
							</Appearance>
							<IndexedTriangleSet solid="false"
							                    normalPerVertex="true"
							                    index="0 1 2 0 2 3 4 5 6 4 6 7 8 9 10 8 10 11 12 13 14 12 14 15 16 17 18 16 18 19 20 21 14 20 14 22 23 24 25 23 25 26 24 20 22 24 22 25 27 28 29 27 29 15 30 31 32 30 32 33 34 35 36 34 36 37 38 39 40 38 40 41 27 21 42 27 42 43 43 42 5 43 5 4 "
							                    >
								<Coordinate point="-0.769748 -0.620645 0.093298 -0.769748 -0.534392 0.329135 -0.769748 0.043126 0.117919 -0.769748 -0.043126 -0.117919 0.542476 -0.043126 -0.117919 0.542476 0.043127 0.117919 0.769748 0.043126 0.117919 0.769748 -0.043126 -0.117919 0.769748 -0.043126 -0.117919 0.769748 0.043126 0.117919 0.769748 -0.534392 0.329135 0.769748 -0.620645 0.093298 -0.542476 -0.620645 0.093298 -0.542476 -0.534392 0.329135 -0.769748 -0.534392 0.329135 -0.769748 -0.620645 0.093298 0.542476 -0.043126 -0.117919 0.769748 -0.043126 -0.117919 0.769748 -0.620645 0.093298 0.542476 -0.620645 0.093298 -0.542476 0.043127 0.117919 -0.769748 0.043126 0.117919 -0.542476 -0.534392 0.329135 0.769748 0.043126 0.117919 0.542476 0.043127 0.117919 0.542476 -0.534392 0.329135 0.769748 -0.534392 0.329135 -0.769748 -0.043126 -0.117919 -0.542476 -0.043126 -0.117919 -0.542476 -0.620645 0.093298 -0.542476 -0.043126 -0.117919 0.542476 -0.043126 -0.117919 0.542476 -0.620645 0.093298 -0.542476 -0.620645 0.093298 0.769748 -0.620645 0.093298 0.769748 -0.534392 0.329135 0.542476 -0.534392 0.329135 0.542476 -0.620645 0.093298 0.542476 -0.620645 0.093298 0.542476 -0.534392 0.329135 -0.542476 -0.534392 0.329135 -0.542476 -0.620645 0.093298 -0.542476 0.043127 0.117919 -0.542476 -0.043126 -0.117919 " />
								<Normal vector="-0.577349 -0.740532 -0.343913 -0.577349 -0.343913 0.740532 -0.577349 0.740532 0.343913 -0.577349 0.343913 -0.740532 0.000000 0.421186 -0.906949 0.000000 0.906949 0.421186 0.577349 0.740532 0.343913 0.577349 0.343913 -0.740532 0.577349 0.343913 -0.740532 0.577349 0.740532 0.343913 0.577349 -0.343913 0.740532 0.577349 -0.740532 -0.343913 0.000000 -0.906949 -0.421186 0.000000 -0.421186 0.906949 -0.577349 -0.343913 0.740532 -0.577349 -0.740532 -0.343913 0.000000 0.421186 -0.906949 0.577349 0.343913 -0.740532 0.577349 -0.740532 -0.343913 0.000000 -0.906949 -0.421186 0.000000 0.906949 0.421186 -0.577349 0.740532 0.343913 0.000000 -0.421186 0.906949 0.577349 0.740532 0.343913 0.000000 0.906949 0.421186 0.000000 -0.421186 0.906949 0.577349 -0.343913 0.740532 -0.577349 0.343913 -0.740532 0.000000 0.421186 -0.906949 0.000000 -0.906949 -0.421186 0.000000 0.421186 -0.906949 0.000000 0.421186 -0.906949 0.000000 -0.906949 -0.421186 0.000000 -0.906949 -0.421186 0.577349 -0.740532 -0.343913 0.577349 -0.343913 0.740532 0.000000 -0.421186 0.906949 0.000000 -0.906949 -0.421186 0.000000 -0.906949 -0.421186 0.000000 -0.421186 0.906949 0.000000 -0.421186 0.906949 0.000000 -0.906949 -0.421186 0.000000 0.906949 0.421186 0.000000 0.421186 -0.906949 " />
								<TextureCoordinate point="0.0173 0.0324 0.2014 0.0324 0.2014 0.4591 0.0173 0.4591 0.0173 0.3169 0.2014 0.3169 0.2014 0.4591 0.0173 0.4591 0.0173 0.0324 0.2014 0.0324 0.2014 0.4591 0.0173 0.4591 0.0173 0.3169 0.2014 0.3169 0.2014 0.4591 0.0173 0.4591 0.1400 0.0324 0.2014 0.0324 0.2014 0.4591 0.1400 0.4591 0.1400 0.0324 0.2014 0.0324 0.1400 0.4591 0.0173 0.0324 0.0787 0.0324 0.0787 0.4591 0.0173 0.4591 0.0173 0.0324 0.0787 0.0324 0.0787 0.4591 0.2450 0.2863 0.4202 0.2863 0.4202 0.4657 0.2450 0.4657 0.0173 0.0324 0.2014 0.0324 0.2014 0.1746 0.0173 0.1746 0.2374 0.3235 0.4215 0.3235 0.4215 0.4657 0.2374 0.4657 0.2014 0.1746 0.0173 0.1746 " />
							</IndexedTriangleSet>
						</Shape>
					</Group>
				</Transform>
			</Transform>
			<Transform DEF="Cube_012_TRANSFORM"
			           translation="0.000000 -0.722949 -0.963064"
			           scale="1.000000 1.000000 1.000000"
			           rotation="0.000000 1.000000 0.000000 0.000000"
			           >
				<Transform DEF="Cube_012_ifs_TRANSFORM"
				           translation="0.000000 0.000000 0.000000"
				           scale="1.000000 1.000000 1.000000"
				           rotation="0.000000 1.000000 0.000000 0.000000"
				           >
					<Group DEF="group_ME_Cube_026">
						<Shape>
							<Appearance>
								<Material USE="MA_Body" />
							</Appearance>
							<IndexedTriangleSet solid="false"
							                    normalPerVertex="true"
							                    index="0 1 2 0 2 3 4 5 6 4 6 7 8 9 10 8 10 11 12 13 14 12 14 15 4 16 17 4 17 15 18 5 14 18 14 19 "
							                    >
								<Coordinate point="-0.088756 -0.338407 -0.323458 -0.088756 -0.371994 -0.044844 -0.088756 0.371994 0.044844 -0.088756 0.405581 -0.233771 -0.088756 0.405581 -0.233771 -0.088756 0.371994 0.044844 0.088756 0.371994 0.044844 0.088756 0.405581 -0.233771 0.088756 0.405581 -0.233771 0.088756 0.371994 0.044844 0.088756 -0.371994 -0.044844 0.088756 -0.338407 -0.323458 0.088756 -0.338407 -0.323458 0.088756 -0.371994 -0.044844 -0.088756 -0.371994 -0.044844 -0.088756 -0.338407 -0.323458 0.088756 0.405581 -0.233771 0.088756 -0.338407 -0.323458 0.088756 0.371994 0.044844 0.088756 -0.371994 -0.044844 " />
								<Normal vector="-0.577349 -0.504074 -0.642293 -0.577349 -0.642293 0.504074 -0.577349 0.504074 0.642293 -0.577349 0.642293 -0.504074 -0.577349 0.642293 -0.504074 -0.577349 0.504074 0.642293 0.577349 0.504074 0.642293 0.577349 0.642293 -0.504074 0.577349 0.642293 -0.504074 0.577349 0.504074 0.642293 0.577349 -0.642293 0.504074 0.577349 -0.504074 -0.642293 0.577349 -0.504074 -0.642293 0.577349 -0.642293 0.504074 -0.577349 -0.642293 0.504074 -0.577349 -0.504074 -0.642293 0.577349 0.642293 -0.504074 0.577349 -0.504074 -0.642293 0.577349 0.504074 0.642293 0.577349 -0.642293 0.504074 " />
								<TextureCoordinate point="0.0173 0.0324 0.2014 0.0324 0.2014 0.4591 0.0173 0.4591 0.0173 0.0324 0.2014 0.0324 0.2014 0.4591 0.0173 0.4591 0.0173 0.0324 0.2014 0.0324 0.2014 0.4591 0.0173 0.4591 0.0173 0.0324 0.2014 0.0324 0.2014 0.4591 0.0173 0.4591 0.2014 0.0324 0.2014 0.4591 0.0173 0.0324 0.0173 0.4591 " />
							</IndexedTriangleSet>
						</Shape>
					</Group>
				</Transform>
				<Transform DEF="Cube_013_TRANSFORM"
				           translation="0.000000 -0.084280 -0.239702"
				           scale="1.000000 1.000000 1.000000"
				           rotation="0.000000 1.000000 0.000000 0.000000"
				           >
					<Transform DEF="Cube_013_ifs_TRANSFORM"
					           translation="0.000000 0.000000 0.000000"
					           scale="1.000000 1.000000 1.000000"
					           rotation="0.000000 1.000000 0.000000 0.000000"
					           >
						<Group DEF="group_ME_Cube_027">
							<Shape>
								<Appearance>
									<Material USE="MA_Body" />
								</Appearance>
								<IndexedTriangleSet solid="false"
								                    normalPerVertex="true"
								                    index="0 1 2 0 2 3 4 5 6 4 6 7 8 9 10 8 10 11 12 13 14 12 14 15 4 16 17 4 17 15 18 5 14 18 14 19 "
								                    >
									<Coordinate point="-0.074966 -0.119099 -0.320419 -0.074966 -0.188838 -0.048416 -0.074966 0.188838 0.048416 -0.074966 0.258576 -0.223588 -0.074966 0.258576 -0.223588 -0.074966 0.188838 0.048416 0.074966 0.188838 0.048416 0.074966 0.258576 -0.223588 0.074966 0.258576 -0.223588 0.074966 0.188838 0.048416 0.074966 -0.188838 -0.048416 0.074966 -0.119099 -0.320419 0.074966 -0.119099 -0.320419 0.074966 -0.188838 -0.048416 -0.074966 -0.188838 -0.048416 -0.074966 -0.119099 -0.320419 0.074966 0.258576 -0.223588 0.074966 -0.119099 -0.320419 0.074966 0.188838 0.048416 0.074966 -0.188838 -0.048416 " />
									<Normal vector="-0.577349 -0.415845 -0.702628 -0.577349 -0.702628 0.415845 -0.577349 0.415845 0.702628 -0.577349 0.702628 -0.415845 -0.577349 0.702628 -0.415845 -0.577349 0.415845 0.702628 0.577349 0.415845 0.702628 0.577349 0.702628 -0.415845 0.577349 0.702628 -0.415845 0.577349 0.415845 0.702628 0.577349 -0.702628 0.415845 0.577349 -0.415845 -0.702628 0.577349 -0.415845 -0.702628 0.577349 -0.702628 0.415845 -0.577349 -0.702628 0.415845 -0.577349 -0.415845 -0.702628 0.577349 0.702628 -0.415845 0.577349 -0.415845 -0.702628 0.577349 0.415845 0.702628 0.577349 -0.702628 0.415845 " />
									<TextureCoordinate point="0.0173 0.0324 0.2014 0.0324 0.2014 0.4591 0.0173 0.4591 0.0173 0.0324 0.2014 0.0324 0.2014 0.4591 0.0173 0.4591 0.0173 0.0324 0.2014 0.0324 0.2014 0.4591 0.0173 0.4591 0.0173 0.0324 0.2014 0.0324 0.2014 0.4591 0.0173 0.4591 0.2014 0.0324 0.2014 0.4591 0.0173 0.0324 0.0173 0.4591 " />
								</IndexedTriangleSet>
							</Shape>
						</Group>
					</Transform>
					<Transform DEF="Cube_014_TRANSFORM"
					           translation="0.000000 0.035932 -0.204218"
					           scale="1.000000 1.000000 1.000000"
					           rotation="0.000000 1.000000 0.000000 0.000000"
					           >
						<Transform DEF="Cube_014_ifs_TRANSFORM"
						           translation="0.000000 0.000000 0.000000"
						           scale="1.000000 1.000000 1.000000"
						           rotation="0.000000 1.000000 0.000000 0.000000"
						           >
							<Group DEF="group_ME_Cube_028">
								<Shape>
									<Appearance>
										<Material USE="MA_Body" />
									</Appearance>
									<IndexedTriangleSet solid="false"
									                    normalPerVertex="true"
									                    index="0 1 2 0 2 3 4 5 6 4 6 7 8 9 10 8 10 11 12 13 14 12 14 15 4 16 17 4 17 15 18 5 14 18 14 19 "
									                    >
										<Coordinate point="-0.055271 0.131085 -0.472351 -0.055271 -0.164000 -0.150240 -0.055271 0.164000 0.150240 -0.055271 0.459086 -0.171871 -0.055271 0.459086 -0.171871 -0.055271 0.164000 0.150240 0.055271 0.164000 0.150240 0.055271 0.459086 -0.171871 0.055271 0.459086 -0.171871 0.055271 0.164000 0.150240 0.055271 -0.164000 -0.150240 0.055271 0.131085 -0.472351 0.055271 0.131085 -0.472351 0.055271 -0.164000 -0.150240 -0.055271 -0.164000 -0.150240 -0.055271 0.131085 -0.472351 0.055271 0.459086 -0.171871 0.055271 0.131085 -0.472351 0.055271 0.164000 0.150240 0.055271 -0.164000 -0.150240 " />
										<Normal vector="-0.577349 -0.035707 -0.815699 -0.577349 -0.815699 0.035707 -0.577349 0.035707 0.815699 -0.577349 0.815699 -0.035707 -0.577349 0.815699 -0.035707 -0.577349 0.035707 0.815699 0.577349 0.035707 0.815699 0.577349 0.815699 -0.035707 0.577349 0.815699 -0.035707 0.577349 0.035707 0.815699 0.577349 -0.815699 0.035707 0.577349 -0.035707 -0.815699 0.577349 -0.035707 -0.815699 0.577349 -0.815699 0.035707 -0.577349 -0.815699 0.035707 -0.577349 -0.035707 -0.815699 0.577349 0.815699 -0.035707 0.577349 -0.035707 -0.815699 0.577349 0.035707 0.815699 0.577349 -0.815699 0.035707 " />
										<TextureCoordinate point="0.0173 0.0324 0.2014 0.0324 0.2014 0.4591 0.0173 0.4591 0.0173 0.0324 0.2014 0.0324 0.2014 0.4591 0.0173 0.4591 0.0173 0.0324 0.2014 0.0324 0.2014 0.4591 0.0173 0.4591 0.0173 0.0324 0.2014 0.0324 0.2014 0.4591 0.0173 0.4591 0.2014 0.0324 0.2014 0.4591 0.0173 0.0324 0.0173 0.4591 " />
									</IndexedTriangleSet>
								</Shape>
							</Group>
						</Transform>
						<Transform DEF="Cube_015_TRANSFORM"
						           translation="0.000000 0.209339 -0.228511"
						           scale="1.000000 1.000000 1.000000"
						           rotation="0.000000 1.000000 0.000000 0.000000"
						           >
							<Transform DEF="Cube_015_ifs_TRANSFORM"
							           translation="0.000000 0.000000 0.000000"
							           scale="1.000000 1.000000 1.000000"
							           rotation="0.000000 1.000000 0.000000 0.000000"
							           >
								<Group DEF="group_ME_Cube_029">
									<Shape>
										<Appearance>
											<Material USE="MA_Body" />
										</Appearance>
										<IndexedTriangleSet solid="false"
										                    normalPerVertex="true"
										                    index="0 1 2 0 2 3 4 5 6 4 6 7 8 9 10 8 10 11 12 13 14 12 14 15 16 17 15 18 19 20 18 20 21 16 15 4 18 21 16 4 18 16 19 15 17 19 17 20 22 5 14 22 14 23 24 25 26 24 26 27 28 29 30 28 30 31 32 33 34 32 34 35 36 37 38 36 38 39 29 40 41 29 41 37 "
										                    >
											<Coordinate point="-0.033209 -0.060102 -0.380733 -0.033209 -0.171061 -0.058994 -0.033209 0.171061 0.058994 -0.033209 0.282020 -0.262745 -0.033209 0.282020 -0.262745 -0.033209 0.171061 0.058994 0.033209 0.171061 0.058994 0.033209 0.282020 -0.262745 0.033209 0.282020 -0.262745 0.033209 0.171061 0.058994 0.033209 -0.171061 -0.058994 0.033209 -0.060102 -0.380733 0.033209 -0.060102 -0.380733 0.033209 -0.171061 -0.058994 -0.033209 -0.171061 -0.058994 -0.033209 -0.060102 -0.380733 -0.019961 0.226874 -0.281763 -0.019961 -0.004956 -0.361715 0.033209 0.282020 -0.262745 0.033209 -0.060102 -0.380733 0.019961 -0.004956 -0.361715 0.019961 0.226874 -0.281763 0.033209 0.171061 0.058994 0.033209 -0.171061 -0.058994 -0.019961 0.325611 -0.568063 -0.019961 0.093781 -0.648015 -0.019961 -0.004956 -0.361715 -0.019961 0.226874 -0.281763 0.019961 0.325611 -0.568063 -0.019961 0.325611 -0.568063 -0.019961 0.226874 -0.281763 0.019961 0.226874 -0.281763 0.019961 -0.004956 -0.361715 0.019961 0.093781 -0.648015 0.019961 0.325611 -0.568063 0.019961 0.226874 -0.281763 -0.019961 -0.004956 -0.361715 -0.019961 0.093781 -0.648015 0.019961 0.093781 -0.648015 0.019961 -0.004956 -0.361715 0.019961 0.325611 -0.568063 0.019961 0.093781 -0.648015 " />
											<Normal vector="-0.577349 -0.357555 -0.734031 -0.577349 -0.734031 0.357555 -0.577349 0.357555 0.734031 -0.577349 0.734031 -0.357555 -0.577349 0.734031 -0.357555 -0.577349 0.357555 0.734031 0.577349 0.357555 0.734031 0.577349 0.734031 -0.357555 0.577349 0.734031 -0.357555 0.577349 0.357555 0.734031 0.577349 -0.734031 0.357555 0.577349 -0.357555 -0.734031 0.577349 -0.357555 -0.734031 0.577349 -0.734031 0.357555 -0.577349 -0.734031 0.357555 -0.577349 -0.357555 -0.734031 -0.577349 0.734031 -0.357555 -0.301492 0.009857 -0.953398 0.577349 0.734031 -0.357555 0.577349 -0.357555 -0.734031 0.301492 0.009857 -0.953398 0.577349 0.734031 -0.357555 0.577349 0.357555 0.734031 0.577349 -0.734031 0.357555 -0.577349 0.734031 -0.357555 -0.577349 -0.357555 -0.734031 -0.301492 0.009857 -0.953398 -0.577349 0.734031 -0.357555 0.577349 0.734031 -0.357555 -0.577349 0.734031 -0.357555 -0.577349 0.734031 -0.357555 0.577349 0.734031 -0.357555 0.301492 0.009857 -0.953398 0.577349 -0.357555 -0.734031 0.577349 0.734031 -0.357555 0.577349 0.734031 -0.357555 -0.301492 0.009857 -0.953398 -0.577349 -0.357555 -0.734031 0.577349 -0.357555 -0.734031 0.301492 0.009857 -0.953398 0.577349 0.734031 -0.357555 0.577349 -0.357555 -0.734031 " />
											<TextureCoordinate point="0.0173 0.0324 0.2014 0.0324 0.2014 0.4591 0.0173 0.4591 0.0173 0.0324 0.2014 0.0324 0.2014 0.4591 0.0173 0.4591 0.0173 0.0324 0.2014 0.0324 0.2014 0.4591 0.0173 0.4591 0.0173 0.0324 0.2014 0.0324 0.2014 0.4591 0.0173 0.4591 0.0540 0.1012 0.0540 0.3903 0.2014 0.0324 0.2014 0.4591 0.1647 0.3903 0.1647 0.1012 0.0173 0.0324 0.0173 0.4591 0.0173 0.4591 0.0173 0.0324 0.1809 0.0324 0.1809 0.4591 0.0173 0.4591 0.0173 0.0324 0.1809 0.0324 0.1809 0.4591 0.1809 0.4591 0.0173 0.4591 0.0173 0.0324 0.1809 0.0324 0.1809 0.4591 0.0173 0.4591 0.0173 0.0324 0.1809 0.0324 0.2014 0.0324 0.2014 0.4591 " />
										</IndexedTriangleSet>
									</Shape>
								</Group>
							</Transform>
						</Transform>
					</Transform>
				</Transform>
			</Transform>
			<Transform DEF="Cube_017_TRANSFORM"
			           translation="0.000000 -0.862212 0.903054"
			           scale="1.000000 1.000000 1.000000"
			           rotation="0.000000 1.000000 0.000000 0.000000"
			           >
				<Transform DEF="Cube_017_ifs_TRANSFORM"
				           translation="0.000000 0.000000 0.000000"
				           scale="1.000000 1.000000 1.000000"
				           rotation="0.000000 1.000000 0.000000 0.000000"
				           >
					<Group DEF="group_ME_Cube_031">
						<Shape>
							<Appearance>
								<Material USE="MA_Body" />
							</Appearance>
							<IndexedTriangleSet solid="false"
							                    normalPerVertex="true"
							                    index="0 1 2 0 2 3 4 5 6 4 6 7 8 9 10 8 10 11 12 13 14 12 14 15 4 16 17 4 17 15 18 5 14 18 14 19 "
							                    >
								<Coordinate point="0.110009 -0.474065 0.493387 0.110009 -0.505285 0.034366 0.110009 0.505285 -0.034366 0.110009 0.536504 0.424654 0.110009 0.536504 0.424654 0.110009 0.505285 -0.034366 -0.110009 0.505285 -0.034366 -0.110008 0.536504 0.424654 -0.110008 0.536504 0.424654 -0.110009 0.505285 -0.034366 -0.110009 -0.505285 0.034366 -0.110008 -0.474065 0.493387 -0.110008 -0.474065 0.493387 -0.110009 -0.505285 0.034366 0.110009 -0.505285 0.034366 0.110009 -0.474065 0.493387 -0.110008 0.536504 0.424654 -0.110008 -0.474065 0.493387 -0.110009 0.505285 -0.034366 -0.110009 -0.505285 0.034366 " />
								<Normal vector="0.577349 -0.536821 0.615192 0.577349 -0.615192 -0.536821 0.577349 0.536821 -0.615192 0.577349 0.615192 0.536821 0.577349 0.615192 0.536821 0.577349 0.536821 -0.615192 -0.577349 0.536821 -0.615192 -0.577349 0.615192 0.536821 -0.577349 0.615192 0.536821 -0.577349 0.536821 -0.615192 -0.577349 -0.615192 -0.536821 -0.577349 -0.536821 0.615192 -0.577349 -0.536821 0.615192 -0.577349 -0.615192 -0.536821 0.577349 -0.615192 -0.536821 0.577349 -0.536821 0.615192 -0.577349 0.615192 0.536821 -0.577349 -0.536821 0.615192 -0.577349 0.536821 -0.615192 -0.577349 -0.615192 -0.536821 " />
								<TextureCoordinate point="0.0173 0.5409 0.2014 0.5409 0.2014 0.9676 0.0173 0.9676 0.0173 0.5409 0.2014 0.5409 0.2014 0.9676 0.0173 0.9676 0.0173 0.5409 0.2014 0.5409 0.2014 0.9676 0.0173 0.9676 0.0173 0.5409 0.2014 0.5409 0.2014 0.9676 0.0173 0.9676 0.2014 0.5409 0.2014 0.9676 0.0173 0.5409 0.0173 0.9676 " />
							</IndexedTriangleSet>
						</Shape>
					</Group>
				</Transform>
				<Transform DEF="Cube_018_TRANSFORM"
				           translation="0.000000 -0.106676 0.419294"
				           scale="1.000000 1.000000 1.000000"
				           rotation="0.000000 1.000000 0.000000 0.000000"
				           >
					<Transform DEF="Cube_018_ifs_TRANSFORM"
					           translation="0.000000 0.000000 0.000000"
					           scale="1.000000 1.000000 1.000000"
					           rotation="0.000000 1.000000 0.000000 0.000000"
					           >
						<Group DEF="group_ME_Cube_032">
							<Shape>
								<Appearance>
									<Material USE="MA_Body" />
								</Appearance>
								<IndexedTriangleSet solid="false"
								                    normalPerVertex="true"
								                    index="0 1 2 0 2 3 4 5 6 4 6 7 8 9 10 8 10 11 12 13 14 12 14 15 4 16 17 4 17 15 18 5 14 18 14 19 "
								                    >
									<Coordinate point="0.088338 -0.207635 0.763554 0.088337 -0.325430 0.054028 0.088337 0.325430 -0.054028 0.088338 0.443226 0.655498 0.088338 0.443226 0.655498 0.088337 0.325430 -0.054028 -0.088337 0.325430 -0.054028 -0.088336 0.443226 0.655498 -0.088336 0.443226 0.655498 -0.088337 0.325430 -0.054028 -0.088337 -0.325430 0.054028 -0.088336 -0.207635 0.763554 -0.088336 -0.207635 0.763554 -0.088337 -0.325430 0.054028 0.088337 -0.325430 0.054028 0.088338 -0.207635 0.763554 -0.088336 0.443226 0.655498 -0.088336 -0.207635 0.763554 -0.088337 0.325430 -0.054028 -0.088337 -0.325430 0.054028 " />
									<Normal vector="0.577349 -0.474990 0.664083 0.577349 -0.664083 -0.474990 0.577349 0.474990 -0.664083 0.577349 0.664083 0.474990 0.577349 0.664083 0.474990 0.577349 0.474990 -0.664083 -0.577349 0.474990 -0.664083 -0.577349 0.664083 0.474990 -0.577349 0.664083 0.474990 -0.577349 0.474990 -0.664083 -0.577349 -0.664083 -0.474990 -0.577349 -0.474990 0.664083 -0.577349 -0.474990 0.664083 -0.577349 -0.664083 -0.474990 0.577349 -0.664083 -0.474990 0.577349 -0.474990 0.664083 -0.577349 0.664083 0.474990 -0.577349 -0.474990 0.664083 -0.577349 0.474990 -0.664083 -0.577349 -0.664083 -0.474990 " />
									<TextureCoordinate point="0.0173 0.5409 0.2014 0.5409 0.2014 0.9676 0.0173 0.9676 0.0173 0.5409 0.2014 0.5409 0.2014 0.9676 0.0173 0.9676 0.0173 0.5409 0.2014 0.5409 0.2014 0.9676 0.0173 0.9676 0.0173 0.5409 0.2014 0.5409 0.2014 0.9676 0.0173 0.9676 0.2014 0.5409 0.2014 0.9676 0.0173 0.5409 0.0173 0.9676 " />
								</IndexedTriangleSet>
							</Shape>
						</Group>
					</Transform>
					<Transform DEF="Cube_019_TRANSFORM"
					           translation="0.000001 0.102031 0.636282"
					           scale="1.000000 1.000000 1.000000"
					           rotation="0.000000 1.000000 0.000000 0.000000"
					           >
						<Transform DEF="Cube_019_ifs_TRANSFORM"
						           translation="0.000000 0.000000 0.000000"
						           scale="1.000000 1.000000 1.000000"
						           rotation="0.000000 1.000000 0.000000 0.000000"
						           >
							<Group DEF="group_ME_Cube_033">
								<Shape>
									<Appearance>
										<Material USE="MA_Body" />
									</Appearance>
									<IndexedTriangleSet solid="false"
									                    normalPerVertex="true"
									                    index="0 1 2 0 2 3 4 5 6 4 6 7 8 9 10 8 10 11 12 13 14 12 14 15 4 16 17 4 17 15 18 5 14 18 14 19 "
									                    >
										<Coordinate point="0.068770 -0.074739 0.461137 0.068769 -0.217392 0.081740 0.068769 0.217392 -0.081740 0.068769 0.360046 0.297657 0.068769 0.360046 0.297657 0.068769 0.217392 -0.081740 -0.068769 0.217392 -0.081740 -0.068768 0.360046 0.297658 -0.068768 0.360046 0.297658 -0.068769 0.217392 -0.081740 -0.068769 -0.217392 0.081740 -0.068768 -0.074739 0.461137 -0.068768 -0.074739 0.461137 -0.068769 -0.217392 0.081740 0.068769 -0.217392 0.081740 0.068770 -0.074739 0.461137 -0.068768 0.360046 0.297658 -0.068768 -0.074739 0.461137 -0.068769 0.217392 -0.081740 -0.068769 -0.217392 0.081740 " />
										<Normal vector="0.577349 -0.337199 0.743584 0.577349 -0.743584 -0.337199 0.577319 0.337199 -0.743584 0.577349 0.743584 0.337199 0.577349 0.743584 0.337199 0.577319 0.337199 -0.743584 -0.577349 0.337199 -0.743584 -0.577349 0.743584 0.337199 -0.577349 0.743584 0.337199 -0.577349 0.337199 -0.743584 -0.577349 -0.743584 -0.337199 -0.577319 -0.337199 0.743584 -0.577319 -0.337199 0.743584 -0.577349 -0.743584 -0.337199 0.577349 -0.743584 -0.337199 0.577349 -0.337199 0.743584 -0.577349 0.743584 0.337199 -0.577319 -0.337199 0.743584 -0.577349 0.337199 -0.743584 -0.577349 -0.743584 -0.337199 " />
										<TextureCoordinate point="0.0173 0.5409 0.2014 0.5409 0.2014 0.9676 0.0173 0.9676 0.0173 0.5409 0.2014 0.5409 0.2014 0.9676 0.0173 0.9676 0.0173 0.5409 0.2014 0.5409 0.2014 0.9676 0.0173 0.9676 0.0173 0.5409 0.2014 0.5409 0.2014 0.9676 0.0173 0.9676 0.2014 0.5409 0.2014 0.9676 0.0173 0.5409 0.0173 0.9676 " />
									</IndexedTriangleSet>
								</Shape>
							</Group>
						</Transform>
						<Transform DEF="Cube_020_TRANSFORM"
						           translation="0.000000 0.179402 0.282421"
						           scale="1.000000 1.000000 1.000000"
						           rotation="0.000000 1.000000 0.000000 0.000000"
						           >
							<Transform DEF="Cube_020_ifs_TRANSFORM"
							           translation="0.000000 0.000000 0.000000"
							           scale="1.000000 1.000000 1.000000"
							           rotation="0.000000 1.000000 0.000000 0.000000"
							           >
								<Group DEF="group_ME_Cube_034">
									<Shape>
										<Appearance>
											<Material USE="MA_Body" />
										</Appearance>
										<IndexedTriangleSet solid="false"
										                    normalPerVertex="true"
										                    index="0 1 2 0 2 3 4 5 6 4 6 7 8 9 10 8 10 11 12 13 14 12 14 15 16 17 15 16 15 18 19 18 15 20 17 16 20 16 21 19 15 4 20 21 19 4 20 19 22 5 14 22 14 23 24 25 26 24 26 27 28 29 30 28 30 31 32 33 34 32 34 35 36 37 38 36 38 39 30 40 41 30 41 37 "
										                    >
											<Coordinate point="0.045384 0.011384 0.583418 0.045383 -0.232732 0.123540 0.045383 0.232732 -0.123540 0.045384 0.476847 0.336339 0.045384 0.476847 0.336339 0.045383 0.232732 -0.123540 -0.045383 0.232732 -0.123540 -0.045382 0.476847 0.336339 -0.045382 0.476847 0.336339 -0.045383 0.232732 -0.123540 -0.045383 -0.232732 0.123540 -0.045381 0.011384 0.583419 -0.045381 0.011384 0.583419 -0.045383 -0.232732 0.123540 0.045383 -0.232732 0.123540 0.045384 0.011384 0.583418 -0.033387 0.062756 0.556149 -0.045381 0.011384 0.583419 0.033389 0.062756 0.556149 0.033389 0.353029 0.402064 -0.045382 0.476847 0.336339 -0.033387 0.353029 0.402065 -0.045383 0.232732 -0.123540 -0.045383 -0.232732 0.123540 0.033389 0.353029 0.402064 0.033390 0.583903 0.836998 0.033390 0.293630 0.991082 0.033389 0.062756 0.556149 -0.033387 0.353029 0.402065 -0.033386 0.583903 0.836998 0.033390 0.583903 0.836998 0.033389 0.353029 0.402064 -0.033387 0.062756 0.556149 -0.033386 0.293630 0.991083 -0.033386 0.583903 0.836998 -0.033387 0.353029 0.402065 0.033389 0.062756 0.556149 0.033390 0.293630 0.991082 -0.033386 0.293630 0.991083 -0.033387 0.062756 0.556149 -0.033386 0.583903 0.836998 -0.033386 0.293630 0.991083 " />
											<Normal vector="0.577349 -0.239235 0.780633 0.577349 -0.780633 -0.239235 0.577319 0.239235 -0.780633 0.577349 0.780633 0.239235 0.577349 0.780633 0.239235 0.577319 0.239235 -0.780633 -0.577349 0.239235 -0.780633 -0.577349 0.780633 0.239235 -0.577349 0.780633 0.239235 -0.577349 0.239235 -0.780633 -0.577349 -0.780633 -0.239235 -0.577319 -0.239235 0.780633 -0.577319 -0.239235 0.780633 -0.577349 -0.780633 -0.239235 0.577349 -0.780633 -0.239235 0.577349 -0.239235 0.780633 -0.301492 0.157781 0.940306 -0.577319 -0.239235 0.780633 0.301492 0.157781 0.940306 0.577349 0.780633 0.239235 -0.577349 0.780633 0.239235 -0.577349 0.780633 0.239235 -0.577349 0.239235 -0.780633 -0.577349 -0.780633 -0.239235 0.577349 0.780633 0.239235 0.577349 0.780633 0.239235 0.577349 -0.239235 0.780633 0.301492 0.157781 0.940306 -0.577349 0.780633 0.239235 -0.577349 0.780633 0.239235 0.577349 0.780633 0.239235 0.577349 0.780633 0.239235 -0.301492 0.157781 0.940306 -0.577319 -0.239235 0.780633 -0.577349 0.780633 0.239235 -0.577349 0.780633 0.239235 0.301492 0.157781 0.940306 0.577349 -0.239235 0.780633 -0.577319 -0.239235 0.780633 -0.301492 0.157781 0.940306 -0.577349 0.780633 0.239235 -0.577319 -0.239235 0.780633 " />
											<TextureCoordinate point="0.0173 0.5409 0.2014 0.5409 0.2014 0.9676 0.0173 0.9676 0.0173 0.5409 0.2014 0.5409 0.2014 0.9676 0.0173 0.9676 0.0173 0.5409 0.2014 0.5409 0.2014 0.9676 0.0173 0.9676 0.0173 0.5409 0.2014 0.5409 0.2014 0.9676 0.0173 0.9676 0.1771 0.9205 0.2014 0.9676 0.0416 0.9205 0.0416 0.6544 0.2014 0.5409 0.1771 0.6544 0.0173 0.5409 0.0173 0.9676 0.1893 0.9676 0.0173 0.9676 0.0173 0.5409 0.1893 0.5409 0.1893 0.9676 0.0173 0.9676 0.0173 0.5409 0.1893 0.5409 0.1893 0.9676 0.0173 0.9676 0.0173 0.5409 0.1893 0.5409 0.1893 0.9676 0.0173 0.9676 0.0173 0.5409 0.1893 0.5409 0.2014 0.5409 0.2014 0.9676 " />
										</IndexedTriangleSet>
									</Shape>
								</Group>
							</Transform>
						</Transform>
					</Transform>
					<Transform DEF="Cube_022_TRANSFORM"
					           translation="0.000000 0.322636 0.425725"
					           scale="1.000000 1.000000 1.000000"
					           rotation="0.000000 1.000000 0.000000 0.000000"
					           >
						<Transform DEF="Cube_022_ifs_TRANSFORM"
						           translation="0.000000 0.000000 0.000000"
						           scale="1.000000 1.000000 1.000000"
						           rotation="0.000000 1.000000 0.000000 0.000000"
						           >
							<Group DEF="group_ME_Cube_036">
								<Shape>
									<Appearance>
										<Material USE="MA_Body" />
									</Appearance>
									<IndexedTriangleSet solid="false"
									                    normalPerVertex="true"
									                    index="0 1 2 0 2 3 4 5 6 4 6 7 8 9 10 8 10 11 12 13 14 12 14 15 4 16 17 4 17 15 18 5 14 18 14 19 "
									                    >
										<Coordinate point="0.036113 0.278332 0.246953 0.036112 0.001357 0.248466 0.036112 -0.001357 -0.248466 0.036112 0.275617 -0.249979 0.036112 0.275617 -0.249979 0.036112 -0.001357 -0.248466 -0.036112 -0.001357 -0.248466 -0.036112 0.275617 -0.249979 -0.036112 0.275617 -0.249979 -0.036112 -0.001357 -0.248466 -0.036112 0.001357 0.248466 -0.036112 0.278332 0.246953 -0.036112 0.278332 0.246953 -0.036112 0.001357 0.248466 0.036112 0.001357 0.248466 0.036113 0.278332 0.246953 -0.036112 0.275617 -0.249979 -0.036112 0.278332 0.246953 -0.036112 -0.001357 -0.248466 -0.036112 0.001357 0.248466 " />
										<Normal vector="0.577349 0.580493 0.574175 0.577349 -0.574175 0.580493 0.577319 -0.580493 -0.574175 0.577349 0.574175 -0.580493 0.577349 0.574175 -0.580493 0.577319 -0.580493 -0.574175 -0.577349 -0.580493 -0.574175 -0.577349 0.574175 -0.580493 -0.577349 0.574175 -0.580493 -0.577349 -0.580493 -0.574175 -0.577349 -0.574175 0.580493 -0.577349 0.580493 0.574175 -0.577349 0.580493 0.574175 -0.577349 -0.574175 0.580493 0.577349 -0.574175 0.580493 0.577349 0.580493 0.574175 -0.577349 0.574175 -0.580493 -0.577349 0.580493 0.574175 -0.577349 -0.580493 -0.574175 -0.577349 -0.574175 0.580493 " />
										<TextureCoordinate point="0.0173 0.5409 0.2014 0.5409 0.2014 0.9676 0.0173 0.9676 0.0173 0.5409 0.2014 0.5409 0.2014 0.9676 0.0173 0.9676 0.0173 0.5409 0.2014 0.5409 0.2014 0.9676 0.0173 0.9676 0.0173 0.5409 0.2014 0.5409 0.2014 0.9676 0.0173 0.9676 0.2014 0.5409 0.2014 0.9676 0.0173 0.5409 0.0173 0.9676 " />
									</IndexedTriangleSet>
								</Shape>
							</Group>
						</Transform>
					</Transform>
				</Transform>
			</Transform>
			<Transform DEF="Cube_023_TRANSFORM"
			           translation="0.000000 -2.514052 -0.300231"
			           scale="1.000000 1.000000 1.000000"
			           rotation="0.000000 1.000000 0.000000 0.000000"
			           >
				<Transform DEF="Cube_023_ifs_TRANSFORM"
				           translation="0.000000 0.000000 0.000000"
				           scale="1.000000 1.000000 1.000000"
				           rotation="0.000000 1.000000 0.000000 0.000000"
				           >
					<Group DEF="group_ME_Cube_037">
						<Shape>
							<Appearance>
								<Material USE="MA_Body" />
							</Appearance>
							<IndexedTriangleSet solid="false"
							                    normalPerVertex="true"
							                    index="0 1 2 0 2 3 4 5 6 4 6 7 8 9 10 8 10 11 12 13 14 12 14 15 4 16 17 4 17 15 18 5 14 18 14 19 "
							                    >
								<Coordinate point="-0.085095 0.124207 -0.256638 -0.085095 -0.025154 -0.015586 -0.085095 0.025154 0.015586 -0.085095 0.174515 -0.225465 -0.085095 0.174515 -0.225465 -0.085095 0.025154 0.015586 0.085095 0.025154 0.015586 0.085095 0.174515 -0.225465 0.085095 0.174515 -0.225465 0.085095 0.025154 0.015586 0.085095 -0.025154 -0.015586 0.085095 0.124207 -0.256638 0.085095 0.124207 -0.256638 0.085095 -0.025154 -0.015586 -0.085095 -0.025154 -0.015586 -0.085095 0.124207 -0.256638 0.085095 0.174515 -0.225465 0.085095 0.124207 -0.256638 0.085095 0.025154 0.015586 0.085095 -0.025154 -0.015586 " />
								<Normal vector="-0.577349 -0.186651 -0.794855 -0.577349 -0.794855 0.186651 -0.577349 0.186651 0.794855 -0.577349 0.794855 -0.186651 -0.577349 0.794855 -0.186651 -0.577349 0.186651 0.794855 0.577349 0.186651 0.794855 0.577349 0.794855 -0.186651 0.577349 0.794855 -0.186651 0.577349 0.186651 0.794855 0.577349 -0.794855 0.186651 0.577349 -0.186651 -0.794855 0.577349 -0.186651 -0.794855 0.577349 -0.794855 0.186651 -0.577349 -0.794855 0.186651 -0.577349 -0.186651 -0.794855 0.577349 0.794855 -0.186651 0.577349 -0.186651 -0.794855 0.577349 0.186651 0.794855 0.577349 -0.794855 0.186651 " />
								<TextureCoordinate point="0.4636 0.5409 0.6046 0.5409 0.6046 0.9676 0.4636 0.9676 0.4636 0.5409 0.6046 0.5409 0.6046 0.9676 0.4636 0.9676 0.4636 0.5409 0.6046 0.5409 0.6046 0.9676 0.4636 0.9676 0.4636 0.5409 0.6046 0.5409 0.6046 0.9676 0.4636 0.9676 0.6046 0.5409 0.6046 0.9676 0.4636 0.5409 0.4636 0.9676 " />
							</IndexedTriangleSet>
						</Shape>
					</Group>
				</Transform>
				<Transform DEF="Cube_024_TRANSFORM"
				           translation="0.219997 0.093769 -0.000000"
				           scale="1.000000 1.000000 1.000000"
				           rotation="0.000000 1.000000 0.000000 0.000000"
				           >
					<Transform DEF="Cube_024_ifs_TRANSFORM"
					           translation="0.000000 0.000000 0.000000"
					           scale="1.000000 1.000000 1.000000"
					           rotation="0.000000 1.000000 0.000000 0.000000"
					           >
						<Group DEF="group_ME_Cube_038">
							<Shape>
								<Appearance>
									<Material USE="MA_Body" />
								</Appearance>
								<IndexedTriangleSet solid="false"
								                    normalPerVertex="true"
								                    index="0 1 2 0 2 3 4 5 6 4 6 7 8 9 10 8 10 11 12 13 14 12 14 15 4 16 17 4 17 15 18 5 14 18 14 19 20 21 22 20 22 23 24 25 26 24 26 27 28 29 30 28 30 31 32 33 34 32 34 35 24 36 37 24 37 35 38 25 34 38 34 39 40 41 42 40 42 43 44 45 46 44 46 47 48 49 50 48 50 51 52 53 54 52 54 55 44 56 57 44 57 55 58 45 54 58 54 59 "
								                    >
									<Coordinate point="-0.105970 0.067734 -0.238316 -0.056409 -0.059676 -0.022251 -0.082497 -0.019404 0.007481 -0.132058 0.108006 -0.208584 -0.132058 0.108006 -0.208584 -0.082497 -0.019404 0.007481 0.056409 0.059676 0.022251 0.006848 0.187085 -0.193815 0.006848 0.187085 -0.193815 0.056409 0.059676 0.022251 0.082497 0.019404 -0.007481 0.032936 0.146814 -0.223546 0.032936 0.146814 -0.223546 0.082497 0.019404 -0.007481 -0.056409 -0.059676 -0.022251 -0.105970 0.067734 -0.238316 0.006848 0.187085 -0.193815 0.032936 0.146814 -0.223546 0.056409 0.059676 0.022251 0.082497 0.019404 -0.007481 0.071722 0.165495 -0.219411 0.152758 0.121592 -0.011251 0.108072 0.145802 0.011251 0.027035 0.189705 -0.196909 0.027035 0.189705 -0.196909 0.108072 0.145802 0.011251 0.189142 0.295443 0.011251 0.108105 0.339346 -0.196909 0.108105 0.339346 -0.196909 0.189142 0.295443 0.011251 0.233828 0.271234 -0.011251 0.152792 0.315136 -0.219411 0.152792 0.315136 -0.219411 0.233828 0.271234 -0.011251 0.152758 0.121592 -0.011251 0.071722 0.165495 -0.219411 0.108105 0.339346 -0.196909 0.152792 0.315136 -0.219411 0.189142 0.295443 0.011251 0.233828 0.271234 -0.011251 0.181524 0.352246 -0.184249 0.249574 0.315379 -0.009448 0.212048 0.335708 0.009448 0.143999 0.372575 -0.165353 0.143999 0.372575 -0.165353 0.212048 0.335708 0.009448 0.280126 0.461369 0.009448 0.212077 0.498236 -0.165353 0.212077 0.498236 -0.165353 0.280126 0.461369 0.009448 0.317652 0.441039 -0.009448 0.249602 0.477906 -0.184249 0.249602 0.477906 -0.184249 0.317652 0.441039 -0.009448 0.249574 0.315379 -0.009448 0.181524 0.352246 -0.184249 0.212077 0.498236 -0.165353 0.249602 0.477906 -0.184249 0.280126 0.461369 0.009448 0.317652 0.441039 -0.009448 " />
									<Normal vector="-0.344676 -0.408612 -0.845088 -0.120853 -0.984008 0.130650 -0.654500 -0.160222 0.738853 -0.878323 0.415143 -0.236915 -0.878323 0.415143 -0.236915 -0.654500 -0.160222 0.738853 0.344676 0.408612 0.845088 0.120853 0.984008 -0.130650 0.120853 0.984008 -0.130650 0.344676 0.408612 0.845088 0.878323 -0.415143 0.236915 0.654500 0.160222 -0.738853 0.654500 0.160222 -0.738853 0.878323 -0.415143 0.236915 -0.120853 -0.984008 0.130650 -0.344676 -0.408612 -0.845088 0.120853 0.984008 -0.130650 0.654500 0.160222 -0.738853 0.344676 0.408612 0.845088 0.878323 -0.415143 0.236915 -0.016358 -0.647755 -0.761650 0.394665 -0.870449 0.294168 -0.533677 -0.367504 0.761650 -0.944700 -0.144810 -0.294168 -0.944700 -0.144810 -0.294168 -0.533677 -0.367504 0.761650 0.016358 0.647755 0.761650 -0.394665 0.870449 -0.294168 -0.394665 0.870449 -0.294168 0.016358 0.647755 0.761650 0.944700 0.144810 0.294168 0.533677 0.367504 -0.761650 0.533677 0.367504 -0.761650 0.944700 0.144810 0.294168 0.394665 -0.870449 0.294168 -0.016358 -0.647755 -0.761650 -0.394665 0.870449 -0.294168 0.533677 0.367504 -0.761650 0.016358 0.647755 0.761650 0.944700 0.144810 0.294168 -0.016358 -0.647755 -0.761650 0.394665 -0.870449 0.294168 -0.533677 -0.367504 0.761650 -0.944700 -0.144810 -0.294168 -0.944700 -0.144810 -0.294168 -0.533677 -0.367504 0.761650 0.016358 0.647755 0.761650 -0.394665 0.870449 -0.294168 -0.394665 0.870449 -0.294168 0.016358 0.647755 0.761650 0.944700 0.144810 0.294168 0.533677 0.367504 -0.761650 0.533677 0.367504 -0.761650 0.944700 0.144810 0.294168 0.394665 -0.870449 0.294168 -0.016358 -0.647755 -0.761650 -0.394665 0.870449 -0.294168 0.533677 0.367504 -0.761650 0.016358 0.647755 0.761650 0.944700 0.144810 0.294168 " />
									<TextureCoordinate point="0.4636 0.5409 0.6046 0.5409 0.6046 0.9676 0.4636 0.9676 0.4636 0.5409 0.6046 0.5409 0.6046 0.9676 0.4636 0.9676 0.4636 0.5409 0.6046 0.5409 0.6046 0.9676 0.4636 0.9676 0.4636 0.5409 0.6046 0.5409 0.6046 0.9676 0.4636 0.9676 0.6046 0.5409 0.6046 0.9676 0.4636 0.5409 0.4636 0.9676 0.4636 0.5409 0.6046 0.5409 0.6046 0.9676 0.4636 0.9676 0.4636 0.5409 0.6046 0.5409 0.6046 0.9676 0.4636 0.9676 0.4636 0.5409 0.6046 0.5409 0.6046 0.9676 0.4636 0.9676 0.4636 0.5409 0.6046 0.5409 0.6046 0.9676 0.4636 0.9676 0.6046 0.5409 0.6046 0.9676 0.4636 0.5409 0.4636 0.9676 0.4636 0.5409 0.6046 0.5409 0.6046 0.9676 0.4636 0.9676 0.4636 0.5409 0.6046 0.5409 0.6046 0.9676 0.4636 0.9676 0.4636 0.5409 0.6046 0.5409 0.6046 0.9676 0.4636 0.9676 0.4636 0.5409 0.6046 0.5409 0.6046 0.9676 0.4636 0.9676 0.6046 0.5409 0.6046 0.9676 0.4636 0.5409 0.4636 0.9676 " />
								</IndexedTriangleSet>
							</Shape>
						</Group>
					</Transform>
				</Transform>
				<Transform DEF="Cube_042_TRANSFORM"
				           translation="-0.219997 0.093769 -0.000000"
				           scale="1.000000 1.000000 1.000000"
				           rotation="0.000000 1.000000 0.000000 0.000000"
				           >
					<Transform DEF="Cube_042_ifs_TRANSFORM"
					           translation="0.000000 0.000000 0.000000"
					           scale="1.000000 1.000000 1.000000"
					           rotation="0.000000 1.000000 0.000000 0.000000"
					           >
						<Group DEF="group_ME_Cube_056">
							<Shape>
								<Appearance>
									<Material USE="MA_Body" />
								</Appearance>
								<IndexedTriangleSet solid="false"
								                    normalPerVertex="true"
								                    index="0 1 2 0 2 3 4 5 6 4 6 7 8 9 10 8 10 11 12 13 14 12 14 15 16 4 15 16 15 17 18 19 12 18 12 7 20 21 22 20 22 23 24 25 26 24 26 27 28 29 30 28 30 31 32 33 34 32 34 35 25 35 36 25 36 37 38 39 32 38 32 24 40 41 42 40 42 43 44 45 46 44 46 47 48 49 50 48 50 51 52 53 54 52 54 55 45 55 56 45 56 57 58 59 52 58 52 44 "
								                    >
									<Coordinate point="0.105970 0.067734 -0.238316 0.132058 0.108006 -0.208584 0.082497 -0.019404 0.007481 0.056409 -0.059676 -0.022251 0.132058 0.108006 -0.208584 -0.006848 0.187085 -0.193815 -0.056409 0.059676 0.022251 0.082497 -0.019404 0.007481 -0.082497 0.019404 -0.007481 -0.056409 0.059676 0.022251 -0.006848 0.187085 -0.193815 -0.032936 0.146814 -0.223546 0.056409 -0.059676 -0.022251 -0.082497 0.019404 -0.007481 -0.032936 0.146814 -0.223546 0.105970 0.067734 -0.238316 -0.006848 0.187085 -0.193815 -0.032936 0.146814 -0.223546 -0.056409 0.059676 0.022251 -0.082497 0.019404 -0.007481 -0.108072 0.145802 0.011251 -0.152758 0.121592 -0.011251 -0.071722 0.165495 -0.219411 -0.027035 0.189705 -0.196909 -0.108072 0.145802 0.011251 -0.027035 0.189705 -0.196909 -0.108105 0.339346 -0.196909 -0.189142 0.295443 0.011251 -0.108105 0.339346 -0.196909 -0.152792 0.315136 -0.219411 -0.233828 0.271234 -0.011251 -0.189142 0.295443 0.011251 -0.152758 0.121592 -0.011251 -0.233828 0.271234 -0.011251 -0.152792 0.315136 -0.219411 -0.071722 0.165495 -0.219411 -0.152792 0.315136 -0.219411 -0.108105 0.339346 -0.196909 -0.189142 0.295443 0.011251 -0.233828 0.271234 -0.011251 -0.212048 0.335708 0.009448 -0.249574 0.315379 -0.009448 -0.181524 0.352246 -0.184249 -0.143999 0.372575 -0.165353 -0.212048 0.335708 0.009448 -0.143999 0.372575 -0.165353 -0.212077 0.498236 -0.165353 -0.280126 0.461369 0.009448 -0.212077 0.498236 -0.165353 -0.249602 0.477906 -0.184249 -0.317652 0.441039 -0.009448 -0.280126 0.461369 0.009448 -0.249574 0.315379 -0.009448 -0.317652 0.441039 -0.009448 -0.249602 0.477906 -0.184249 -0.181524 0.352246 -0.184249 -0.249602 0.477906 -0.184249 -0.212077 0.498236 -0.165353 -0.280126 0.461369 0.009448 -0.317652 0.441039 -0.009448 " />
									<Normal vector="0.344676 -0.408612 -0.845088 0.878323 0.415143 -0.236915 0.654500 -0.160222 0.738853 0.120853 -0.984008 0.130650 0.878323 0.415143 -0.236915 -0.120853 0.984008 -0.130650 -0.344676 0.408612 0.845088 0.654500 -0.160222 0.738853 -0.878323 -0.415143 0.236915 -0.344676 0.408612 0.845088 -0.120853 0.984008 -0.130650 -0.654500 0.160222 -0.738853 0.120853 -0.984008 0.130650 -0.878323 -0.415143 0.236915 -0.654500 0.160222 -0.738853 0.344676 -0.408612 -0.845088 -0.120853 0.984008 -0.130650 -0.654500 0.160222 -0.738853 -0.344676 0.408612 0.845088 -0.878323 -0.415143 0.236915 0.533677 -0.367504 0.761650 -0.394665 -0.870449 0.294168 0.016358 -0.647755 -0.761650 0.944700 -0.144810 -0.294168 0.533677 -0.367504 0.761650 0.944700 -0.144810 -0.294168 0.394665 0.870449 -0.294168 -0.016358 0.647755 0.761650 0.394665 0.870449 -0.294168 -0.533677 0.367504 -0.761650 -0.944700 0.144810 0.294168 -0.016358 0.647755 0.761650 -0.394665 -0.870449 0.294168 -0.944700 0.144810 0.294168 -0.533677 0.367504 -0.761650 0.016358 -0.647755 -0.761650 -0.533677 0.367504 -0.761650 0.394665 0.870449 -0.294168 -0.016358 0.647755 0.761650 -0.944700 0.144810 0.294168 0.533677 -0.367504 0.761650 -0.394665 -0.870449 0.294168 0.016358 -0.647755 -0.761650 0.944700 -0.144810 -0.294168 0.533677 -0.367504 0.761650 0.944700 -0.144810 -0.294168 0.394665 0.870449 -0.294168 -0.016358 0.647755 0.761650 0.394665 0.870449 -0.294168 -0.533677 0.367504 -0.761650 -0.944700 0.144810 0.294168 -0.016358 0.647755 0.761650 -0.394665 -0.870449 0.294168 -0.944700 0.144810 0.294168 -0.533677 0.367504 -0.761650 0.016358 -0.647755 -0.761650 -0.533677 0.367504 -0.761650 0.394665 0.870449 -0.294168 -0.016358 0.647755 0.761650 -0.944700 0.144810 0.294168 " />
									<TextureCoordinate point="0.4636 0.5409 0.4636 0.9676 0.6046 0.9676 0.6046 0.5409 0.4636 0.5409 0.4636 0.9676 0.6046 0.9676 0.6046 0.5409 0.6046 0.9676 0.6046 0.5409 0.4636 0.5409 0.4636 0.9676 0.6046 0.9676 0.6046 0.5409 0.4636 0.5409 0.4636 0.9676 0.6046 0.5409 0.6046 0.9676 0.4636 0.5409 0.4636 0.9676 0.6046 0.9676 0.6046 0.5409 0.4636 0.5409 0.4636 0.9676 0.6046 0.5409 0.4636 0.5409 0.4636 0.9676 0.6046 0.9676 0.4636 0.5409 0.4636 0.9676 0.6046 0.9676 0.6046 0.5409 0.6046 0.9676 0.6046 0.5409 0.4636 0.5409 0.4636 0.9676 0.6046 0.9676 0.6046 0.5409 0.4636 0.5409 0.4636 0.9676 0.6046 0.9676 0.6046 0.5409 0.4636 0.5409 0.4636 0.9676 0.6046 0.5409 0.4636 0.5409 0.4636 0.9676 0.6046 0.9676 0.4636 0.5409 0.4636 0.9676 0.6046 0.9676 0.6046 0.5409 0.6046 0.9676 0.6046 0.5409 0.4636 0.5409 0.4636 0.9676 0.6046 0.9676 0.6046 0.5409 0.4636 0.5409 0.4636 0.9676 " />
								</IndexedTriangleSet>
							</Shape>
						</Group>
					</Transform>
				</Transform>
			</Transform>
			<Transform DEF="arm1_TRANSFORM"
			           translation="0.781459 -0.199945 -0.031803"
			           scale="1.000000 1.000000 1.000000"
			           rotation="0.000000 1.000000 0.000000 0.000000"
			           >
				<Transform DEF="arm1_ifs_TRANSFORM"
				           translation="0.000000 0.000000 0.000000"
				           scale="1.000000 1.000000 1.000000"
				           rotation="0.000000 1.000000 0.000000 0.000000"
				           >
					<Group DEF="group_ME_arm1">
						<Shape>
							<Appearance>
								<Material USE="MA_Body" />
							</Appearance>
							<IndexedTriangleSet solid="false"
							                    normalPerVertex="true"
							                    index="0 1 2 0 2 3 4 5 6 4 6 7 8 9 10 8 10 11 12 13 14 12 14 15 4 16 17 4 17 15 18 5 14 18 14 19 "
							                    >
								<Coordinate point="0.068409 -0.430294 -0.146461 0.068409 -0.430294 0.146461 -0.068409 0.430294 0.146461 -0.068409 0.430294 -0.146461 -0.068409 0.430294 -0.146461 -0.068409 0.430294 0.146461 0.531239 0.525628 0.146461 0.531239 0.525628 -0.146461 0.531239 0.525628 -0.146461 0.531239 0.525628 0.146461 0.668058 -0.334960 0.146461 0.668058 -0.334960 -0.146461 0.668058 -0.334960 -0.146461 0.668058 -0.334960 0.146461 0.068409 -0.430294 0.146461 0.068409 -0.430294 -0.146461 0.531239 0.525628 -0.146461 0.668058 -0.334960 -0.146461 0.531239 0.525628 0.146461 0.668058 -0.334960 0.146461 " />
								<Normal vector="-0.479537 -0.660817 -0.577349 -0.479537 -0.660817 0.577349 -0.660817 0.479537 0.577349 -0.660817 0.479537 -0.577349 -0.660817 0.479537 -0.577349 -0.660817 0.479537 0.577349 0.479537 0.660817 0.577349 0.479537 0.660817 -0.577349 0.479537 0.660817 -0.577349 0.479537 0.660817 0.577349 0.660817 -0.479537 0.577349 0.660817 -0.479537 -0.577349 0.660817 -0.479537 -0.577349 0.660817 -0.479537 0.577349 -0.479537 -0.660817 0.577349 -0.479537 -0.660817 -0.577349 0.479537 0.660817 -0.577349 0.660817 -0.479537 -0.577349 0.479537 0.660817 0.577349 0.660817 -0.479537 0.577349 " />
								<TextureCoordinate point="0.0173 0.5409 0.2014 0.5409 0.2014 0.9676 0.0173 0.9676 0.0173 0.5409 0.2014 0.5409 0.2014 0.9676 0.0173 0.9676 0.0173 0.5409 0.2014 0.5409 0.2014 0.9676 0.0173 0.9676 0.0173 0.5409 0.2014 0.5409 0.2014 0.9676 0.0173 0.9676 0.2014 0.5409 0.2014 0.9676 0.0173 0.5409 0.0173 0.9676 " />
							</IndexedTriangleSet>
						</Shape>
					</Group>
				</Transform>
				<Transform DEF="Cube_030_TRANSFORM"
				           translation="0.563386 0.089569 -0.000000"
				           scale="1.000000 1.000000 1.000000"
				           rotation="0.000000 1.000000 0.000000 0.000000"
				           >
					<Transform DEF="Cube_030_ifs_TRANSFORM"
					           translation="0.000000 0.000000 0.000000"
					           scale="1.000000 1.000000 1.000000"
					           rotation="0.000000 1.000000 0.000000 0.000000"
					           >
						<Group DEF="group_ME_Cube_044">
							<Shape>
								<Appearance>
									<Material USE="MA_Body" />
								</Appearance>
								<IndexedTriangleSet solid="false"
								                    normalPerVertex="true"
								                    index="0 1 2 0 2 3 4 5 6 4 6 7 8 9 10 11 12 13 11 13 14 8 10 15 11 14 8 15 11 8 12 10 9 12 9 13 16 17 18 16 18 19 4 20 21 4 21 19 22 5 18 22 18 23 24 25 26 24 26 27 28 29 30 28 30 31 32 33 34 32 34 35 36 37 38 36 38 39 40 41 42 40 42 43 "
								                    >
									<Coordinate point="0.062342 -0.357883 -0.112788 0.062342 -0.357883 0.112788 -0.062342 0.357883 0.112788 -0.062342 0.357883 -0.112788 -0.062342 0.357883 -0.112788 -0.062342 0.357883 0.112788 0.538283 0.462510 0.112788 0.538283 0.462510 -0.112788 0.638014 -0.110015 0.084211 0.562307 0.324597 0.084211 0.538283 0.462510 0.112788 0.662967 -0.253257 -0.112788 0.538283 0.462510 -0.112788 0.562307 0.324597 -0.084211 0.638014 -0.110015 -0.084211 0.662967 -0.253257 0.112788 0.662967 -0.253257 -0.112788 0.662967 -0.253257 0.112788 0.062342 -0.357883 0.112788 0.062342 -0.357883 -0.112788 0.538283 0.462510 -0.112788 0.662967 -0.253257 -0.112788 0.538283 0.462510 0.112788 0.662967 -0.253257 0.112788 0.562307 0.324597 0.084211 1.244492 0.437277 0.084211 1.244492 0.437277 -0.084211 0.562307 0.324597 -0.084211 1.244492 0.437277 -0.084211 1.244492 0.437277 0.084211 1.316383 0.002035 0.084211 1.316383 0.002035 -0.084211 1.316383 0.002035 -0.084211 1.316383 0.002035 0.084211 0.638014 -0.110015 0.084211 0.638014 -0.110015 -0.084211 0.562307 0.324597 -0.084211 1.244492 0.437277 -0.084211 1.316383 0.002035 -0.084211 0.638014 -0.110015 -0.084211 0.638014 -0.110015 0.084211 1.316383 0.002035 0.084211 1.244492 0.437277 0.084211 0.562307 0.324597 0.084211 " />
									<Normal vector="-0.469680 -0.667837 -0.577349 -0.469680 -0.667837 0.577349 -0.667837 0.469680 0.577349 -0.667837 0.469680 -0.577349 -0.667837 0.469680 -0.577349 -0.667837 0.469680 0.577349 0.469680 0.667837 0.577349 0.469680 0.667837 -0.577349 0.663564 -0.471023 0.581164 0.840388 0.451857 0.299264 0.469680 0.667837 0.577349 0.667837 -0.469680 -0.577349 0.469680 0.667837 -0.577349 0.840388 0.451857 -0.299264 0.663564 -0.471023 -0.581164 0.667837 -0.469680 0.577349 0.667837 -0.469680 -0.577349 0.667837 -0.469680 0.577349 -0.469680 -0.667837 0.577349 -0.469680 -0.667837 -0.577349 0.469680 0.667837 -0.577349 0.667837 -0.469680 -0.577349 0.469680 0.667837 0.577349 0.667837 -0.469680 0.577349 0.840388 0.451857 0.299264 0.475539 0.663717 0.577349 0.475539 0.663717 -0.577349 0.840388 0.451857 -0.299264 0.475539 0.663717 -0.577349 0.475539 0.663717 0.577349 0.663717 -0.475539 0.577349 0.663717 -0.475539 -0.577349 0.663717 -0.475539 -0.577349 0.663717 -0.475539 0.577349 0.663564 -0.471023 0.581164 0.663564 -0.471023 -0.581164 0.840388 0.451857 -0.299264 0.475539 0.663717 -0.577349 0.663717 -0.475539 -0.577349 0.663564 -0.471023 -0.581164 0.663564 -0.471023 0.581164 0.663717 -0.475539 0.577349 0.475539 0.663717 0.577349 0.840388 0.451857 0.299264 " />
									<TextureCoordinate point="0.0173 0.5409 0.2014 0.5409 0.2014 0.9676 0.0173 0.9676 0.0173 0.5409 0.2014 0.5409 0.2014 0.9676 0.0173 0.9676 0.1781 0.8822 0.1781 0.6231 0.2014 0.5409 0.0173 0.9676 0.0173 0.5409 0.0406 0.6231 0.0406 0.8822 0.2014 0.9676 0.0173 0.5409 0.2014 0.5409 0.2014 0.9676 0.0173 0.9676 0.2014 0.5409 0.2014 0.9676 0.0173 0.5409 0.0173 0.9676 0.2014 0.5642 0.2014 0.9676 0.0173 0.9676 0.0173 0.5642 0.0173 0.5409 0.2014 0.5409 0.2014 0.9676 0.0173 0.9676 0.0173 0.5409 0.2014 0.5409 0.2014 0.9420 0.0173 0.9420 0.0274 0.5409 0.2014 0.5409 0.2014 0.9676 0.0284 0.9676 0.1903 0.9676 0.0173 0.9676 0.0173 0.5409 0.1913 0.5409 " />
								</IndexedTriangleSet>
							</Shape>
						</Group>
					</Transform>
				</Transform>
			</Transform>
			<Transform DEF="Cube_003_TRANSFORM"
			           translation="0.000000 -1.357394 0.626032"
			           scale="1.000000 1.000000 1.000000"
			           rotation="0.000000 1.000000 0.000000 0.000000"
			           >
				<Transform DEF="Cube_003_ifs_TRANSFORM"
				           translation="0.000000 0.000000 0.000000"
				           scale="1.000000 1.000000 1.000000"
				           rotation="0.000000 1.000000 0.000000 0.000000"
				           >
					<Group DEF="group_ME_Cube_046">
						<Shape>
							<Appearance>
								<Material USE="MA_Body" />
							</Appearance>
							<IndexedTriangleSet solid="false"
							                    normalPerVertex="true"
							                    index="0 1 2 0 2 3 4 5 6 4 6 7 8 9 10 8 10 11 12 13 14 12 14 15 16 17 18 16 18 19 20 21 14 20 14 13 22 5 1 22 1 23 24 25 17 24 17 16 26 27 9 26 9 8 28 29 1 28 1 0 30 28 0 30 0 16 31 26 8 31 8 32 33 34 35 33 35 19 32 8 11 32 11 36 24 4 7 24 7 37 16 0 3 16 3 38 "
							                    >
								<Coordinate point="-0.676542 -0.219396 0.205536 -0.676542 -0.257076 0.287884 -0.676542 -0.153427 0.335310 -0.676542 -0.115747 0.252962 -0.676542 -0.115747 0.252962 -0.676542 -0.153427 0.335310 0.676542 -0.153427 0.335310 0.676542 -0.115747 0.252962 0.676542 -0.219396 0.205536 0.676542 -0.257076 0.287884 0.676542 -0.892491 -0.002860 0.676542 -0.854811 -0.085209 0.676542 -0.854811 -0.085209 0.676542 -0.892491 -0.002860 -0.676542 -0.892491 -0.002860 -0.676542 -0.854811 -0.085209 -0.676542 0.033259 -0.346636 0.676542 0.033259 -0.346636 0.676542 -0.602155 -0.637381 -0.676542 -0.602155 -0.637381 0.676542 -0.257076 0.287884 -0.676542 -0.257076 0.287884 0.676542 -0.153427 0.335310 0.676542 -0.257076 0.287884 -0.676542 0.136908 -0.299210 0.676542 0.136908 -0.299210 0.676542 -0.115747 0.252962 0.676542 -0.153427 0.335310 -0.676542 -0.854811 -0.085209 -0.676542 -0.892491 -0.002860 -0.676542 -0.602155 -0.637381 0.676542 0.136908 -0.299210 0.676542 0.033259 -0.346636 0.676542 -0.602155 -0.637381 0.676542 -0.854811 -0.085209 -0.676542 -0.854811 -0.085209 0.676542 -0.602155 -0.637381 0.676542 0.136908 -0.299210 -0.676542 0.136908 -0.299210 " />
								<Normal vector="-1.000000 0.000000 0.000000 -0.707083 -0.294198 0.642964 -0.577349 0.284768 0.765221 -0.707083 0.642964 0.294198 -0.707083 0.642964 0.294198 -0.577349 0.284768 0.765221 0.577349 0.284768 0.765221 0.707083 0.642964 0.294198 1.000000 0.000000 0.000000 0.707083 -0.294198 0.642964 0.577349 -0.765221 0.284768 0.707083 -0.642964 -0.294198 0.707083 -0.642964 -0.294198 0.577349 -0.765221 0.284768 -0.577349 -0.765221 0.284768 -0.707083 -0.642964 -0.294198 -0.707083 0.294198 -0.642964 0.707083 0.294198 -0.642964 0.577349 -0.284768 -0.765221 -0.577349 -0.284768 -0.765221 0.707083 -0.294198 0.642964 -0.707083 -0.294198 0.642964 0.577349 0.284768 0.765221 0.707083 -0.294198 0.642964 -0.577349 0.765221 -0.284768 0.577349 0.765221 -0.284768 0.707083 0.642964 0.294198 0.577349 0.284768 0.765221 -0.707083 -0.642964 -0.294198 -0.577349 -0.765221 0.284768 -0.577349 -0.284768 -0.765221 0.577349 0.765221 -0.284768 0.707083 0.294198 -0.642964 0.577349 -0.284768 -0.765221 0.707083 -0.642964 -0.294198 -0.707083 -0.642964 -0.294198 0.577349 -0.284768 -0.765221 0.577349 0.765221 -0.284768 -0.577349 0.765221 -0.284768 " />
								<TextureCoordinate point="0.1094 0.7542 0.2014 0.7542 0.2014 0.9676 0.1094 0.9676 0.1094 0.5409 0.2014 0.5409 0.2014 0.9676 0.1094 0.9676 0.1094 0.7542 0.2014 0.7542 0.2014 0.9676 0.1094 0.9676 0.9899 1.0088 0.9455 1.0088 0.9455 -0.0088 0.9899 -0.0088 0.0173 0.7542 0.2014 0.7542 0.2014 0.9676 0.0173 0.9676 0.6345 1.0088 0.6345 -0.0088 0.0173 0.5409 0.0173 0.7542 0.0173 0.5409 0.2014 0.5409 0.1094 0.5409 0.2014 0.5409 0.1094 0.5409 0.2014 0.5409 0.0173 0.5409 0.0173 0.5409 0.0173 0.7542 0.0173 0.5409 0.1094 0.5409 0.1094 0.9676 0.0173 0.9676 0.0173 0.9676 0.0173 0.9676 " />
							</IndexedTriangleSet>
						</Shape>
					</Group>
				</Transform>
			</Transform>
			<Transform DEF="Cube_032_TRANSFORM"
			           translation="0.000000 -2.038557 0.322741"
			           scale="1.000000 1.000000 1.000000"
			           rotation="0.000000 1.000000 0.000000 0.000000"
			           >
				<Transform DEF="Cube_032_ifs_TRANSFORM"
				           translation="0.000000 0.000000 0.000000"
				           scale="1.000000 1.000000 1.000000"
				           rotation="0.000000 1.000000 0.000000 0.000000"
				           >
					<Group DEF="group_ME_Cube_048">
						<Shape>
							<Appearance>
								<Material USE="MA_Body" />
							</Appearance>
							<IndexedTriangleSet solid="false"
							                    normalPerVertex="true"
							                    index="0 1 2 0 2 3 4 5 6 4 6 7 8 9 10 8 10 11 12 13 14 12 14 15 16 17 18 16 18 19 20 21 14 20 14 22 23 12 15 23 15 19 24 8 11 24 11 25 26 4 7 26 7 27 16 28 29 16 29 30 31 32 28 31 28 16 33 34 8 33 8 24 35 2 1 35 1 36 26 37 17 26 17 16 38 35 36 38 36 39 32 40 21 32 21 28 "
							                    >
								<Coordinate point="-0.451845 -0.504467 -0.168660 -0.451845 -0.598691 -0.003692 -0.451845 -0.145676 0.255052 -0.451845 -0.051453 0.090084 -0.451845 -0.051453 0.090084 -0.451845 -0.145676 0.255052 0.451845 -0.145676 0.255052 0.451845 -0.051453 0.090084 0.451845 -0.504467 -0.168660 0.451845 -0.598691 -0.003692 0.451845 -0.764553 -0.098426 0.451845 -0.670330 -0.263394 0.451845 -0.670330 -0.263394 0.451845 -0.764553 -0.098426 -0.451845 -0.764553 -0.098426 -0.451845 -0.670330 -0.263394 -0.451845 -0.323023 -0.486337 0.451845 -0.323023 -0.486337 0.451845 -0.488886 -0.581071 -0.451845 -0.488886 -0.581071 0.451845 -0.598691 -0.003692 -0.451845 -0.598691 -0.003692 0.451845 -0.764553 -0.098426 0.451845 -0.488886 -0.581071 0.451845 -0.323023 -0.486337 0.451845 -0.488886 -0.581071 -0.451845 0.129992 -0.227593 0.451845 0.129992 -0.227593 -0.451845 -0.504467 -0.168660 -0.451845 -0.051453 0.090084 -0.451845 0.129992 -0.227593 -0.451845 -0.488886 -0.581071 -0.451845 -0.670330 -0.263394 0.451845 0.129992 -0.227593 0.451845 -0.051453 0.090084 0.451845 -0.145676 0.255052 0.451845 -0.598691 -0.003692 0.451845 0.129992 -0.227593 0.451845 -0.051453 0.090084 0.451845 -0.504467 -0.168660 -0.451845 -0.764553 -0.098426 " />
								<Normal vector="-1.000000 0.000000 0.000000 -0.707083 -0.350688 0.614002 -0.577349 0.214972 0.787683 -0.707083 0.614002 0.350688 -0.707083 0.614002 0.350688 -0.577349 0.214972 0.787683 0.577349 0.214972 0.787683 0.707083 0.614002 0.350688 1.000000 0.000000 0.000000 0.707083 -0.350688 0.614002 0.577349 -0.787683 0.214972 0.707083 -0.614002 -0.350688 0.707083 -0.614002 -0.350688 0.577349 -0.787683 0.214972 -0.577349 -0.787683 0.214972 -0.707083 -0.614002 -0.350688 -0.707083 0.350688 -0.614002 0.707083 0.350688 -0.614002 0.577349 -0.214972 -0.787683 -0.577349 -0.214972 -0.787683 0.707083 -0.350688 0.614002 -0.707083 -0.350688 0.614002 0.577349 -0.787683 0.214972 0.577349 -0.214972 -0.787683 0.707083 0.350688 -0.614002 0.577349 -0.214972 -0.787683 -0.577349 0.787683 -0.214972 0.577349 0.787683 -0.214972 -1.000000 0.000000 0.000000 -0.707083 0.614002 0.350688 -0.577349 0.787683 -0.214972 -0.577349 -0.214972 -0.787683 -0.707083 -0.614002 -0.350688 0.577349 0.787683 -0.214972 0.707083 0.614002 0.350688 0.577349 0.214972 0.787683 0.707083 -0.350688 0.614002 0.577349 0.787683 -0.214972 0.707083 0.614002 0.350688 1.000000 0.000000 0.000000 -0.577349 -0.787683 0.214972 " />
								<TextureCoordinate point="0.6504 0.0001 0.6504 0.1436 0.9943 0.1436 0.9943 0.0001 0.1094 0.5409 0.2014 0.5409 0.2014 0.9676 0.1094 0.9676 0.1094 0.7542 0.2014 0.7542 0.2014 0.9676 0.1094 0.9676 0.1094 0.5409 0.2014 0.5409 0.2014 0.9676 0.1094 0.9676 0.0173 0.7542 0.2014 0.7542 0.2014 0.9676 0.0173 0.9676 0.0173 0.7542 0.2014 0.7542 0.0173 0.9676 0.0173 0.5409 0.0173 0.7542 0.0173 0.9676 0.0173 0.5409 0.0173 0.9676 0.1094 0.7542 0.1094 0.9676 0.0173 0.9676 0.0173 0.5409 0.1094 0.5409 0.0173 0.5409 0.1094 0.5409 0.9943 0.8564 0.6504 0.8564 0.2014 0.5409 0.9943 1.0000 0.6504 1.0000 0.2014 0.5409 " />
							</IndexedTriangleSet>
						</Shape>
					</Group>
				</Transform>
			</Transform>
			<Transform DEF="Cube_033_TRANSFORM"
			           translation="0.000000 -1.776887 -0.189896"
			           scale="1.000000 1.000000 1.000000"
			           rotation="0.000000 1.000000 0.000000 0.000000"
			           >
				<Transform DEF="Cube_033_ifs_TRANSFORM"
				           translation="0.000000 0.000000 0.000000"
				           scale="1.000000 1.000000 1.000000"
				           rotation="0.000000 1.000000 0.000000 0.000000"
				           >
					<Group DEF="group_ME_Cube_049">
						<Shape>
							<Appearance>
								<Material USE="MA_Body" />
							</Appearance>
							<IndexedTriangleSet solid="false"
							                    normalPerVertex="true"
							                    index="0 1 2 0 2 3 4 5 6 4 6 7 8 9 10 8 10 11 12 13 14 12 14 15 16 17 18 16 18 19 20 21 14 20 14 22 23 24 25 23 25 26 24 20 22 24 22 25 27 28 29 27 29 15 30 31 32 30 32 33 34 35 36 34 36 37 38 39 40 38 40 41 27 21 42 27 42 43 43 42 5 43 5 4 "
							                    >
								<Coordinate point="-0.677219 -0.578161 -0.163215 -0.677219 -0.558306 0.242011 -0.677219 0.010493 0.214140 -0.677219 -0.009363 -0.191085 0.453999 -0.009363 -0.191085 0.453999 0.010493 0.214140 0.677219 0.010493 0.214140 0.677219 -0.009363 -0.191085 0.677219 -0.009363 -0.191085 0.677219 0.010493 0.214140 0.677219 -0.558306 0.242011 0.677219 -0.578161 -0.163215 -0.453999 -0.578161 -0.163215 -0.453999 -0.558306 0.242011 -0.677219 -0.558306 0.242011 -0.677219 -0.578161 -0.163215 0.453999 -0.009363 -0.191085 0.677219 -0.009363 -0.191085 0.677219 -0.578161 -0.163215 0.453999 -0.578161 -0.163215 -0.453999 0.010493 0.214140 -0.677219 0.010493 0.214140 -0.453999 -0.558306 0.242011 0.677219 0.010493 0.214140 0.453999 0.010493 0.214140 0.453999 -0.558306 0.242011 0.677219 -0.558306 0.242011 -0.677219 -0.009363 -0.191085 -0.453999 -0.009363 -0.191085 -0.453999 -0.578161 -0.163215 -0.453999 -0.009363 -0.191085 0.453999 -0.009363 -0.191085 0.453999 -0.578161 -0.163215 -0.453999 -0.578161 -0.163215 0.677219 -0.578161 -0.163215 0.677219 -0.558306 0.242011 0.453999 -0.558306 0.242011 0.453999 -0.578161 -0.163215 0.453999 -0.578161 -0.163215 0.453999 -0.558306 0.242011 -0.453999 -0.558306 0.242011 -0.453999 -0.578161 -0.163215 -0.453999 0.010493 0.214140 -0.453999 -0.009363 -0.191085 " />
								<Normal vector="-0.577349 -0.604907 -0.548387 -0.577349 -0.548387 0.604907 -0.577349 0.604907 0.548387 -0.577349 0.548387 -0.604907 0.000000 0.671651 -0.740837 0.000000 0.740837 0.671651 0.577349 0.604907 0.548387 0.577349 0.548387 -0.604907 0.577349 0.548387 -0.604907 0.577349 0.604907 0.548387 0.577349 -0.548387 0.604907 0.577349 -0.604907 -0.548387 0.000000 -0.740837 -0.671651 0.000000 -0.671651 0.740837 -0.577349 -0.548387 0.604907 -0.577349 -0.604907 -0.548387 0.000000 0.671651 -0.740837 0.577349 0.548387 -0.604907 0.577349 -0.604907 -0.548387 0.000000 -0.740837 -0.671651 0.000000 0.740837 0.671651 -0.577349 0.604907 0.548387 0.000000 -0.671651 0.740837 0.577349 0.604907 0.548387 0.000000 0.740837 0.671651 0.000000 -0.671651 0.740837 0.577349 -0.548387 0.604907 -0.577349 0.548387 -0.604907 0.000000 0.671651 -0.740837 0.000000 -0.740837 -0.671651 0.000000 0.671651 -0.740837 0.000000 0.671651 -0.740837 0.000000 -0.740837 -0.671651 0.000000 -0.740837 -0.671651 0.577349 -0.604907 -0.548387 0.577349 -0.548387 0.604907 0.000000 -0.671651 0.740837 0.000000 -0.740837 -0.671651 0.000000 -0.740837 -0.671651 0.000000 -0.671651 0.740837 0.000000 -0.671651 0.740837 0.000000 -0.740837 -0.671651 0.000000 0.740837 0.671651 0.000000 0.671651 -0.740837 " />
								<TextureCoordinate point="0.0173 0.0324 0.2014 0.0324 0.2014 0.4591 0.0173 0.4591 0.0173 0.3169 0.2014 0.3169 0.2014 0.4591 0.0173 0.4591 0.0173 0.0324 0.2014 0.0324 0.2014 0.4591 0.0173 0.4591 0.0173 0.3169 0.2014 0.3169 0.2014 0.4591 0.0173 0.4591 0.1400 0.0324 0.2014 0.0324 0.2014 0.4591 0.1400 0.4591 0.1400 0.0324 0.2014 0.0324 0.1400 0.4591 0.0173 0.0324 0.0787 0.0324 0.0787 0.4591 0.0173 0.4591 0.0173 0.0324 0.0787 0.0324 0.0787 0.4591 0.2450 0.2863 0.4202 0.2863 0.4202 0.4657 0.2450 0.4657 0.0173 0.0324 0.2014 0.0324 0.2014 0.1746 0.0173 0.1746 0.2309 0.3111 0.4095 0.3111 0.4095 0.4533 0.2309 0.4533 0.2014 0.1746 0.0173 0.1746 " />
							</IndexedTriangleSet>
						</Shape>
					</Group>
				</Transform>
			</Transform>
			<Transform DEF="Cube_034_TRANSFORM"
			           translation="0.000000 -2.269383 -0.165764"
			           scale="1.000000 1.000000 1.000000"
			           rotation="0.000000 1.000000 0.000000 0.000000"
			           >
				<Transform DEF="Cube_034_ifs_TRANSFORM"
				           translation="0.000000 0.000000 0.000000"
				           scale="1.000000 1.000000 1.000000"
				           rotation="0.000000 1.000000 0.000000 0.000000"
				           >
					<Group DEF="group_ME_Cube_050">
						<Shape>
							<Appearance>
								<Material USE="MA_Body" />
							</Appearance>
							<IndexedTriangleSet solid="false"
							                    normalPerVertex="true"
							                    index="0 1 2 0 2 3 4 5 6 4 6 7 8 9 10 8 10 11 12 13 14 12 14 15 16 17 18 16 18 19 20 1 14 20 14 21 22 23 24 22 24 25 23 20 21 23 21 24 0 26 27 0 27 15 26 16 19 26 19 27 28 29 30 28 30 31 31 30 13 31 13 12 32 33 34 32 34 35 35 34 5 35 5 4 36 37 38 36 38 39 32 40 26 32 26 0 41 42 20 41 20 23 43 41 23 43 23 22 42 33 1 42 1 20 44 45 17 44 17 16 46 47 9 46 9 8 48 49 1 48 1 0 "
							                    >
								<Coordinate point="-0.511552 -0.253273 -0.171299 -0.511552 -0.245760 0.202607 -0.511552 0.003970 0.197589 -0.511552 -0.003543 -0.176316 0.317318 -0.003543 -0.176316 0.317318 0.003970 0.197589 0.511552 0.003970 0.197589 0.511552 -0.003543 -0.176316 0.511552 -0.253273 -0.171299 0.511552 -0.245760 0.202607 0.511552 -0.495491 0.207625 0.511552 -0.503004 -0.166281 -0.317318 -0.503004 -0.166281 -0.317318 -0.495491 0.207625 -0.511552 -0.495491 0.207625 -0.511552 -0.503004 -0.166281 0.317318 -0.253273 -0.171299 0.511552 -0.253273 -0.171299 0.511552 -0.503004 -0.166281 0.317318 -0.503004 -0.166281 -0.317318 -0.245760 0.202607 -0.317318 -0.495491 0.207625 0.511552 -0.245760 0.202607 0.317318 -0.245760 0.202607 0.317318 -0.495491 0.207625 0.511552 -0.495491 0.207625 -0.317318 -0.253273 -0.171299 -0.317318 -0.503004 -0.166281 0.511552 -0.503004 -0.166281 0.511552 -0.495491 0.207625 0.317318 -0.495491 0.207625 0.317318 -0.503004 -0.166281 -0.511552 -0.003543 -0.176316 -0.511552 0.003970 0.197589 -0.317318 0.003970 0.197589 -0.317318 -0.003543 -0.176316 -0.317318 -0.003543 -0.176316 0.317318 -0.003543 -0.176316 0.317318 -0.253273 -0.171299 -0.317318 -0.253273 -0.171299 -0.317318 -0.003543 -0.176316 0.317318 0.003970 0.197589 -0.317318 0.003970 0.197589 0.511552 0.003970 0.197589 0.317318 -0.003543 -0.176316 0.511552 -0.003543 -0.176316 0.511552 -0.003543 -0.176316 0.511552 0.003970 0.197589 -0.511552 -0.503004 -0.166281 -0.511552 -0.495491 0.207625 " />
								<Normal vector="-0.707083 -0.014191 -0.706961 -0.707083 0.014191 0.706961 -0.577349 0.588824 0.565630 -0.577349 0.565630 -0.588824 0.000000 0.692740 -0.721152 0.000000 0.721152 0.692740 0.577349 0.588824 0.565630 0.577349 0.565630 -0.588824 0.707083 -0.014191 -0.706961 0.707083 0.014191 0.706961 0.577349 -0.565630 0.588824 0.577349 -0.588824 -0.565630 0.000000 -0.721152 -0.692740 0.000000 -0.692740 0.721152 -0.577349 -0.565630 0.588824 -0.577349 -0.588824 -0.565630 0.000000 -0.020081 -0.999786 0.707083 -0.014191 -0.706961 0.577349 -0.588824 -0.565630 0.000000 -0.721152 -0.692740 0.000000 0.020081 0.999786 0.000000 -0.692740 0.721152 0.707083 0.014191 0.706961 0.000000 0.020081 0.999786 0.000000 -0.692740 0.721152 0.577349 -0.565630 0.588824 0.000000 -0.020081 -0.999786 0.000000 -0.721152 -0.692740 0.577349 -0.588824 -0.565630 0.577349 -0.565630 0.588824 0.000000 -0.692740 0.721152 0.000000 -0.721152 -0.692740 -0.577349 0.565630 -0.588824 -0.577349 0.588824 0.565630 0.000000 0.721152 0.692740 0.000000 0.692740 -0.721152 0.000000 0.692740 -0.721152 0.000000 0.692740 -0.721152 0.000000 -0.020081 -0.999786 0.000000 -0.020081 -0.999786 0.000000 0.692740 -0.721152 0.000000 0.721152 0.692740 0.000000 0.721152 0.692740 0.577349 0.588824 0.565630 0.000000 0.692740 -0.721152 0.577349 0.565630 -0.588824 0.577349 0.565630 -0.588824 0.577349 0.588824 0.565630 -0.577349 -0.588824 -0.565630 -0.577349 -0.565630 0.588824 " />
								<TextureCoordinate point="0.0173 0.2458 0.2014 0.2458 0.2014 0.4591 0.0173 0.4591 0.0173 0.3169 0.2014 0.3169 0.2014 0.4591 0.0173 0.4591 0.0173 0.2458 0.2014 0.2458 0.2014 0.4591 0.0173 0.4591 0.0173 0.3169 0.2014 0.3169 0.2014 0.4591 0.0173 0.4591 0.1400 0.2458 0.2014 0.2458 0.2014 0.4591 0.1400 0.4591 0.1400 0.2458 0.1400 0.4591 0.0173 0.2458 0.0787 0.2458 0.0787 0.4591 0.0173 0.4591 0.0787 0.2458 0.0787 0.4591 0.0173 0.0324 0.2014 0.0324 0.2014 0.1746 0.0173 0.1746 0.0173 0.0324 0.2014 0.0324 0.2014 0.1746 0.0173 0.1746 0.2450 0.2863 0.4202 0.2863 0.4202 0.3760 0.2450 0.3760 0.0787 0.0324 0.0787 0.0324 0.1400 0.0324 0.0173 0.0324 0.1400 0.0324 0.2014 0.0324 0.0173 0.0324 0.2014 0.0324 0.0173 0.0324 0.2014 0.0324 " />
							</IndexedTriangleSet>
						</Shape>
					</Group>
				</Transform>
			</Transform>
			<Transform DEF="Cube_036_TRANSFORM"
			           translation="0.000000 -1.531470 -0.297969"
			           scale="1.000000 1.000000 1.000000"
			           rotation="0.000000 1.000000 0.000000 0.000000"
			           >
				<Transform DEF="Cube_036_ifs_TRANSFORM"
				           translation="0.000000 0.000000 0.000000"
				           scale="1.000000 1.000000 1.000000"
				           rotation="0.000000 1.000000 0.000000 0.000000"
				           >
					<Group DEF="group_ME_Cube_043">
						<Shape>
							<Appearance>
								<Material USE="MA_Body" />
							</Appearance>
							<IndexedTriangleSet solid="false"
							                    normalPerVertex="true"
							                    index="0 1 2 0 2 3 4 5 6 4 6 7 8 9 10 8 10 11 12 13 14 12 14 15 16 17 18 16 18 19 20 21 14 20 14 22 23 24 25 23 25 26 24 20 22 24 22 25 27 28 29 27 29 15 30 31 32 30 32 33 34 35 36 34 36 37 38 39 40 38 40 41 27 21 42 27 42 43 43 42 5 43 5 4 "
							                    >
								<Coordinate point="-0.716948 -0.448283 -0.085253 -0.716948 -0.399600 0.233357 -0.716948 0.025726 0.168369 -0.716948 -0.022957 -0.150242 0.532199 -0.022957 -0.150242 0.532199 0.025726 0.168369 0.716948 0.025726 0.168369 0.716948 -0.022957 -0.150242 0.716948 -0.022957 -0.150242 0.716948 0.025726 0.168369 0.716948 -0.399600 0.233357 0.716948 -0.448283 -0.085253 -0.532199 -0.448283 -0.085253 -0.532199 -0.399600 0.233357 -0.716948 -0.399600 0.233357 -0.716948 -0.448283 -0.085253 0.532199 -0.022957 -0.150242 0.716948 -0.022957 -0.150242 0.716948 -0.448283 -0.085253 0.532199 -0.448283 -0.085253 -0.532199 0.025726 0.168369 -0.716948 0.025726 0.168369 -0.532199 -0.399600 0.233357 0.716948 0.025726 0.168369 0.532199 0.025726 0.168369 0.532199 -0.399600 0.233357 0.716948 -0.399600 0.233357 -0.716948 -0.022957 -0.150242 -0.532199 -0.022957 -0.150242 -0.532199 -0.448283 -0.085253 -0.532199 -0.022957 -0.150242 0.532199 -0.022957 -0.150242 0.532199 -0.448283 -0.085253 -0.532199 -0.448283 -0.085253 0.716948 -0.448283 -0.085253 0.716948 -0.399600 0.233357 0.532199 -0.399600 0.233357 0.532199 -0.448283 -0.085253 0.532199 -0.448283 -0.085253 0.532199 -0.399600 0.233357 -0.532199 -0.399600 0.233357 -0.532199 -0.448283 -0.085253 -0.532199 0.025726 0.168369 -0.532199 -0.022957 -0.150242 " />
								<Normal vector="-0.577349 -0.657918 -0.483505 -0.577349 -0.483505 0.657918 -0.577349 0.657918 0.483505 -0.577349 0.483505 -0.657918 0.000000 0.592181 -0.805780 0.000000 0.805780 0.592181 0.577349 0.657918 0.483505 0.577349 0.483505 -0.657918 0.577349 0.483505 -0.657918 0.577349 0.657918 0.483505 0.577349 -0.483505 0.657918 0.577349 -0.657918 -0.483505 0.000000 -0.805780 -0.592181 0.000000 -0.592181 0.805780 -0.577349 -0.483505 0.657918 -0.577349 -0.657918 -0.483505 0.000000 0.592181 -0.805780 0.577349 0.483505 -0.657918 0.577349 -0.657918 -0.483505 0.000000 -0.805780 -0.592181 0.000000 0.805780 0.592181 -0.577349 0.657918 0.483505 0.000000 -0.592181 0.805780 0.577349 0.657918 0.483505 0.000000 0.805780 0.592181 0.000000 -0.592181 0.805780 0.577349 -0.483505 0.657918 -0.577349 0.483505 -0.657918 0.000000 0.592181 -0.805780 0.000000 -0.805780 -0.592181 0.000000 0.592181 -0.805780 0.000000 0.592181 -0.805780 0.000000 -0.805780 -0.592181 0.000000 -0.805780 -0.592181 0.577349 -0.657918 -0.483505 0.577349 -0.483505 0.657918 0.000000 -0.592181 0.805780 0.000000 -0.805780 -0.592181 0.000000 -0.805780 -0.592181 0.000000 -0.592181 0.805780 0.000000 -0.592181 0.805780 0.000000 -0.805780 -0.592181 0.000000 0.805780 0.592181 0.000000 0.592181 -0.805780 " />
								<TextureCoordinate point="0.0173 0.0324 0.2014 0.0324 0.2014 0.4591 0.0173 0.4591 0.0173 0.3169 0.2014 0.3169 0.2014 0.4591 0.0173 0.4591 0.0173 0.0324 0.2014 0.0324 0.2014 0.4591 0.0173 0.4591 0.0173 0.3169 0.2014 0.3169 0.2014 0.4591 0.0173 0.4591 0.1400 0.0324 0.2014 0.0324 0.2014 0.4591 0.1400 0.4591 0.1400 0.0324 0.2014 0.0324 0.1400 0.4591 0.0173 0.0324 0.0787 0.0324 0.0787 0.4591 0.0173 0.4591 0.0173 0.0324 0.0787 0.0324 0.0787 0.4591 0.2450 0.2863 0.4202 0.2863 0.4202 0.4657 0.2450 0.4657 0.0173 0.0324 0.2014 0.0324 0.2014 0.1746 0.0173 0.1746 0.2437 0.3049 0.4277 0.3049 0.4277 0.4471 0.2437 0.4471 0.2014 0.1746 0.0173 0.1746 " />
							</IndexedTriangleSet>
						</Shape>
					</Group>
				</Transform>
			</Transform>
			<Transform DEF="Cube_039_TRANSFORM"
			           translation="-0.734997 -0.545830 0.010522"
			           scale="1.000000 1.000000 1.000000"
			           rotation="0.000000 1.000000 0.000000 0.000000"
			           >
				<Transform DEF="Cube_039_ifs_TRANSFORM"
				           translation="0.000000 0.000000 0.000000"
				           scale="1.000000 1.000000 1.000000"
				           rotation="0.000000 1.000000 0.000000 0.000000"
				           >
					<Group DEF="group_ME_Cube_053">
						<Shape>
							<Appearance>
								<Material USE="MA_Body" />
							</Appearance>
							<IndexedTriangleSet solid="false"
							                    normalPerVertex="true"
							                    index="0 1 2 0 2 3 4 5 6 4 6 7 8 9 10 8 10 11 12 13 14 12 14 15 4 13 16 4 16 17 18 19 14 18 14 7 "
							                    >
								<Coordinate point="0.000000 -0.548423 -0.528049 0.000000 0.548423 -0.528049 0.000000 0.548423 0.528049 0.000000 -0.548423 0.528049 0.000000 0.548423 -0.528049 -0.315594 0.548423 -0.528049 -0.315594 0.548423 0.528049 0.000000 0.548423 0.528049 -0.315594 0.548423 -0.528049 -0.315594 -0.548423 -0.528049 -0.315594 -0.548423 0.528049 -0.315594 0.548423 0.528049 -0.315594 -0.548423 -0.528049 0.000000 -0.548423 -0.528049 0.000000 -0.548423 0.528049 -0.315594 -0.548423 0.528049 -0.315594 -0.548423 -0.528049 -0.315594 0.548423 -0.528049 -0.315594 0.548423 0.528049 -0.315594 -0.548423 0.528049 " />
								<Normal vector="0.577349 -0.577349 -0.577349 0.577349 0.577349 -0.577349 0.577349 0.577349 0.577349 0.577349 -0.577349 0.577349 0.577349 0.577349 -0.577349 -0.577349 0.577349 -0.577349 -0.577349 0.577349 0.577349 0.577349 0.577349 0.577349 -0.577349 0.577349 -0.577349 -0.577349 -0.577349 -0.577349 -0.577349 -0.577349 0.577349 -0.577349 0.577349 0.577349 -0.577349 -0.577349 -0.577349 0.577349 -0.577349 -0.577349 0.577349 -0.577349 0.577349 -0.577349 -0.577349 0.577349 -0.577349 -0.577349 -0.577349 -0.577349 0.577349 -0.577349 -0.577349 0.577349 0.577349 -0.577349 -0.577349 0.577349 " />
								<TextureCoordinate point="0.0173 0.5409 0.0173 0.9676 0.2014 0.9676 0.2014 0.5409 0.0173 0.5409 0.0173 0.9676 0.2014 0.9676 0.2014 0.5409 0.0173 0.5409 0.0173 0.9676 0.2014 0.9676 0.2014 0.5409 0.0173 0.5409 0.0173 0.9676 0.2014 0.9676 0.2014 0.5409 0.2014 0.9676 0.2014 0.5409 0.0173 0.5409 0.0173 0.9676 " />
							</IndexedTriangleSet>
						</Shape>
					</Group>
				</Transform>
				<Transform DEF="Cube_040_TRANSFORM"
				           translation="0.134818 0.724518 -0.034467"
				           scale="1.000000 1.000000 1.000000"
				           rotation="0.000000 1.000000 0.000000 0.000000"
				           >
					<Transform DEF="Cube_040_ifs_TRANSFORM"
					           translation="0.000000 0.000000 0.000000"
					           scale="1.000000 1.000000 1.000000"
					           rotation="0.000000 1.000000 0.000000 0.000000"
					           >
						<Group DEF="group_ME_Cube_054">
							<Shape>
								<Appearance>
									<Material USE="MA_Body" />
								</Appearance>
								<IndexedTriangleSet solid="false"
								                    normalPerVertex="true"
								                    index="0 1 2 0 2 3 4 5 6 4 6 7 8 9 10 8 10 11 12 13 14 12 14 15 4 13 16 4 16 17 18 19 14 18 14 7 "
								                    >
									<Coordinate point="-0.074890 -0.280733 -0.399799 0.074890 0.280733 -0.399799 0.074890 0.280733 0.399799 -0.074890 -0.280733 0.399799 0.074890 0.280733 -0.399799 -0.227581 0.361421 -0.399799 -0.227581 0.361421 0.399799 0.074890 0.280733 0.399799 -0.227581 0.361421 -0.399799 -0.377360 -0.200044 -0.399799 -0.377360 -0.200044 0.399799 -0.227581 0.361421 0.399799 -0.377360 -0.200044 -0.399799 -0.074890 -0.280733 -0.399799 -0.074890 -0.280733 0.399799 -0.377360 -0.200044 0.399799 -0.377360 -0.200044 -0.399799 -0.227581 0.361421 -0.399799 -0.227581 0.361421 0.399799 -0.377360 -0.200044 0.399799 " />
									<Normal vector="0.409009 -0.706626 -0.577349 0.706626 0.409009 -0.577349 0.706626 0.409009 0.577349 0.409009 -0.706626 0.577349 0.706626 0.409009 -0.577349 -0.409009 0.706626 -0.577349 -0.409009 0.706626 0.577349 0.706626 0.409009 0.577349 -0.409009 0.706626 -0.577349 -0.706626 -0.409009 -0.577349 -0.706626 -0.409009 0.577349 -0.409009 0.706626 0.577349 -0.706626 -0.409009 -0.577349 0.409009 -0.706626 -0.577349 0.409009 -0.706626 0.577349 -0.706626 -0.409009 0.577349 -0.706626 -0.409009 -0.577349 -0.409009 0.706626 -0.577349 -0.409009 0.706626 0.577349 -0.706626 -0.409009 0.577349 " />
									<TextureCoordinate point="0.0173 0.5409 0.0173 0.9676 0.2014 0.9676 0.2014 0.5409 0.0173 0.5409 0.0173 0.9676 0.2014 0.9676 0.2014 0.5409 0.0173 0.5409 0.0173 0.9676 0.2014 0.9676 0.2014 0.5409 0.0173 0.5409 0.0173 0.9676 0.2014 0.9676 0.2014 0.5409 0.2014 0.9676 0.2014 0.5409 0.0173 0.5409 0.0173 0.9676 " />
								</IndexedTriangleSet>
							</Shape>
						</Group>
					</Transform>
				</Transform>
				<Transform DEF="Cube_041_TRANSFORM"
				           translation="0.193162 -0.785510 0.045878"
				           scale="1.000000 1.000000 1.000000"
				           rotation="0.000000 1.000000 0.000000 0.000000"
				           >
					<Transform DEF="Cube_041_ifs_TRANSFORM"
					           translation="0.000000 0.000000 0.000000"
					           scale="1.000000 1.000000 1.000000"
					           rotation="0.000000 1.000000 0.000000 0.000000"
					           >
						<Group DEF="group_ME_Cube_055">
							<Shape>
								<Appearance>
									<Material USE="MA_Body" />
								</Appearance>
								<IndexedTriangleSet solid="false"
								                    normalPerVertex="true"
								                    index="0 1 2 0 2 3 4 5 6 4 6 7 8 9 10 8 10 11 12 13 14 12 14 15 16 17 10 16 10 7 18 13 9 18 9 8 12 19 5 12 5 4 20 21 1 20 1 0 "
								                    >
									<Coordinate point="0.146537 -0.428874 0.015834 -0.146537 0.428874 -0.015834 -0.144275 0.444946 0.398543 0.148799 -0.412803 0.430211 -0.146537 0.428874 -0.015834 -0.499525 0.308510 -0.009239 -0.497263 0.324581 0.405138 -0.144275 0.444946 0.398543 -0.206451 -0.549239 0.022429 0.146537 -0.428874 0.015834 0.148799 -0.412803 0.430211 -0.204189 -0.533168 0.436806 -0.148799 0.412803 -0.430211 0.144275 -0.444946 -0.398543 -0.208713 -0.565311 -0.391947 -0.501787 0.292438 -0.423615 -0.497263 0.324581 0.405138 -0.204189 -0.533168 0.436806 -0.208713 -0.565311 -0.391947 -0.501787 0.292438 -0.423615 0.144275 -0.444946 -0.398543 -0.148799 0.412803 -0.430211 " />
									<Normal vector="0.897641 -0.440535 0.012177 0.440657 0.896878 -0.037172 0.362957 0.754662 0.546525 0.736076 -0.337321 0.586840 0.440657 0.896878 -0.037172 -0.897641 0.440535 -0.012177 -0.729759 0.382061 0.566942 0.362957 0.754662 0.546525 -0.440657 -0.896878 0.037172 0.897641 -0.440535 0.012177 0.736076 -0.337321 0.586840 -0.356639 -0.709922 0.607257 0.356639 0.709922 -0.607257 0.729759 -0.382061 -0.566942 -0.362957 -0.754662 -0.546525 -0.736076 0.337321 -0.586840 -0.729759 0.382061 0.566942 -0.356639 -0.709922 0.607257 -0.362957 -0.754662 -0.546525 -0.736076 0.337321 -0.586840 0.729759 -0.382061 -0.566942 0.356639 0.709922 -0.607257 " />
									<TextureCoordinate point="0.1094 0.5409 0.1094 0.9676 0.2014 0.9676 0.2014 0.5409 0.1094 0.5409 0.1094 0.9676 0.2014 0.9676 0.2014 0.5409 0.1094 0.5409 0.1094 0.9676 0.2014 0.9676 0.2014 0.5409 0.0173 0.5409 0.0173 0.9676 0.2014 0.9676 0.2014 0.5409 0.0173 0.5409 0.0173 0.9676 0.0173 0.5409 0.0173 0.9676 0.0173 0.5409 0.0173 0.9676 " />
								</IndexedTriangleSet>
							</Shape>
							<Shape>
								<Appearance>
									<Material USE="MA_Mark" />
								</Appearance>
								<IndexedTriangleSet solid="false"
								                    normalPerVertex="true"
								                    index="0 1 2 0 2 3 4 5 1 4 1 0 "
								                    >
									<Coordinate point="-0.499525 0.308510 -0.009239 -0.206451 -0.549239 0.022429 -0.204189 -0.533168 0.436806 -0.497263 0.324581 0.405138 -0.501787 0.292438 -0.423615 -0.208713 -0.565311 -0.391947 " />
									<Normal vector="-0.897641 0.440535 -0.012177 -0.440657 -0.896878 0.037172 -0.356639 -0.709922 0.607257 -0.729759 0.382061 0.566942 -0.736076 0.337321 -0.586840 -0.362957 -0.754662 -0.546525 " />
									<TextureCoordinate point="0.9232 0.2686 0.0954 0.2686 0.0954 0.9670 0.9232 0.9670 0.9232 0.9670 0.0954 0.9670 " />
								</IndexedTriangleSet>
							</Shape>
						</Group>
					</Transform>
				</Transform>
				<Transform DEF="Cube_049_TRANSFORM"
				           translation="0.026500 -0.843821 0.050319"
				           scale="1.000000 1.000000 1.000000"
				           rotation="0.000000 1.000000 0.000000 0.000000"
				           >
					<Transform DEF="Cube_049_ifs_TRANSFORM"
					           translation="0.000000 0.000000 0.000000"
					           scale="1.000000 1.000000 1.000000"
					           rotation="0.000000 1.000000 0.000000 0.000000"
					           >
						<Group DEF="group_ME_Cube_063">
							<Shape>
								<Appearance>
									<Material USE="MA_Body" />
								</Appearance>
								<IndexedTriangleSet solid="false"
								                    normalPerVertex="true"
								                    index="0 1 2 0 2 3 4 5 6 4 6 7 8 9 10 8 10 11 12 13 14 12 14 15 4 13 16 4 16 17 18 19 14 18 14 7 "
								                    >
									<Coordinate point="0.180596 -0.396710 -0.381994 -0.185846 0.366660 -0.408577 -0.180596 0.396710 0.381994 0.185846 -0.366660 0.408577 -0.185846 0.366660 -0.408577 -0.310373 0.306991 -0.405482 -0.305123 0.337041 0.385089 -0.180596 0.396710 0.381994 -0.310373 0.306991 -0.405482 0.056069 -0.456379 -0.378899 0.061319 -0.426329 0.411672 -0.305123 0.337041 0.385089 0.056069 -0.456379 -0.378899 0.180596 -0.396710 -0.381994 0.185846 -0.366660 0.408577 0.061319 -0.426329 0.411672 0.056069 -0.456379 -0.378899 -0.310373 0.306991 -0.405482 -0.305123 0.337041 0.385089 0.061319 -0.426329 0.411672 " />
									<Normal vector="0.766411 -0.292734 -0.571734 0.266945 0.747703 -0.607959 0.274606 0.791559 0.545854 0.774071 -0.248878 0.582080 0.266945 0.747703 -0.607959 -0.774071 0.248878 -0.582080 -0.766411 0.292734 0.571734 0.274606 0.791559 0.545854 -0.774071 0.248878 -0.582080 -0.274606 -0.791559 -0.545854 -0.266945 -0.747703 0.607959 -0.766411 0.292734 0.571734 -0.274606 -0.791559 -0.545854 0.766411 -0.292734 -0.571734 0.774071 -0.248878 0.582080 -0.266945 -0.747703 0.607959 -0.274606 -0.791559 -0.545854 -0.774071 0.248878 -0.582080 -0.766411 0.292734 0.571734 -0.266945 -0.747703 0.607959 " />
									<TextureCoordinate point="0.4547 0.0779 0.4547 0.4385 0.6011 0.4385 0.6011 0.0779 0.4547 0.0779 0.4547 0.4385 0.6011 0.4385 0.6011 0.0779 0.4547 0.0779 0.4547 0.4385 0.6011 0.4385 0.6011 0.0779 0.4547 0.0779 0.4547 0.4385 0.6011 0.4385 0.6011 0.0779 0.6011 0.4385 0.6011 0.0779 0.4547 0.0779 0.4547 0.4385 " />
								</IndexedTriangleSet>
							</Shape>
						</Group>
					</Transform>
				</Transform>
				<Transform DEF="eye2_TRANSFORM"
				           translation="0.089279 -1.085044 0.052680"
				           scale="1.000000 1.000000 1.000000"
				           rotation="0.000000 1.000000 0.000000 0.000000"
				           >
					<Transform DEF="eye2_ifs_TRANSFORM"
					           translation="0.000000 0.000000 0.000000"
					           scale="1.000000 1.000000 1.000000"
					           rotation="0.000000 1.000000 0.000000 0.000000"
					           >
						<Group DEF="group_ME_eye2">
							<Shape>
								<Appearance>
									<Material USE="MA_Eye" />
								</Appearance>
								<IndexedTriangleSet solid="false"
								                    normalPerVertex="true"
								                    index="0 1 2 0 2 3 4 5 6 4 6 7 8 9 10 8 10 11 12 13 14 12 14 15 16 17 18 16 18 19 20 21 14 20 14 22 23 24 25 23 25 7 26 27 28 26 28 3 29 30 31 29 31 32 33 34 35 33 35 36 37 38 39 37 39 40 41 42 43 41 43 44 45 46 28 45 28 47 48 49 25 48 25 22 16 30 50 16 50 51 52 53 54 52 54 55 56 34 57 56 57 58 59 60 61 59 61 62 63 64 65 63 65 66 67 68 69 67 69 70 71 72 73 71 73 74 75 76 77 75 77 78 79 17 80 79 80 81 82 83 84 82 84 85 86 87 88 86 88 89 90 91 92 90 92 93 29 94 95 29 95 96 97 98 99 97 99 100 33 101 102 33 102 103 104 105 106 104 106 107 "
								                    >
									<Coordinate point="-0.011202 0.031621 0.029458 -0.033455 0.094462 0.028976 -0.033606 0.094864 0.088374 -0.011353 0.032023 0.088855 -0.033455 0.094462 0.028976 -0.184793 0.040871 0.028953 -0.184944 0.041273 0.088351 -0.033606 0.094864 0.088374 -0.140287 -0.084811 0.029917 -0.118034 -0.147652 0.030398 -0.118185 -0.147250 0.089796 -0.140438 -0.084409 0.089314 -0.118034 -0.147652 0.030398 0.033304 -0.094060 0.030421 0.033153 -0.093659 0.089819 -0.118185 -0.147250 0.089796 0.011353 -0.032023 -0.088855 0.033606 -0.094864 -0.088374 -0.117731 -0.148455 -0.088396 -0.139984 -0.085614 -0.088878 -0.140438 -0.084409 0.089314 -0.118185 -0.147250 0.089796 0.010900 -0.030818 0.089337 -0.184944 0.041273 0.088351 -0.162691 -0.021568 0.088832 -0.011353 0.032023 0.088855 -0.162691 -0.021568 0.088832 -0.140438 -0.084409 0.089314 0.010900 -0.030818 0.089337 -0.033153 0.093659 -0.089819 -0.010900 0.030818 -0.089337 -0.162237 -0.022774 -0.089360 -0.184490 0.040067 -0.089842 -0.010900 0.030818 -0.089337 0.011353 -0.032023 -0.088855 -0.139984 -0.085614 -0.088878 -0.162237 -0.022774 -0.089360 -0.184793 0.040871 0.028953 -0.162540 -0.021970 0.029435 -0.162691 -0.021568 0.088832 -0.184944 0.041273 0.088351 -0.162540 -0.021970 0.029435 -0.140287 -0.084811 0.029917 -0.140438 -0.084409 0.089314 -0.162691 -0.021568 0.088832 0.033304 -0.094060 0.030421 0.011051 -0.031220 0.029940 0.033153 -0.093659 0.089819 0.011051 -0.031220 0.029940 -0.011202 0.031621 0.029458 -0.011051 0.031220 -0.029940 0.011202 -0.031621 -0.029458 0.011202 -0.031621 -0.029458 -0.011051 0.031220 -0.029940 -0.011202 0.031621 0.029458 0.011051 -0.031220 0.029940 0.033606 -0.094864 -0.088374 0.011202 -0.031621 -0.029458 0.033455 -0.094462 -0.028976 0.033455 -0.094462 -0.028976 0.011202 -0.031621 -0.029458 0.011051 -0.031220 0.029940 0.033304 -0.094060 0.030421 -0.162237 -0.022774 -0.089360 -0.139984 -0.085614 -0.088878 -0.140136 -0.085213 -0.029481 -0.162389 -0.022372 -0.029962 -0.162389 -0.022372 -0.029962 -0.140136 -0.085213 -0.029481 -0.140287 -0.084811 0.029917 -0.162540 -0.021970 0.029435 -0.184490 0.040067 -0.089842 -0.162237 -0.022774 -0.089360 -0.162389 -0.022372 -0.029962 -0.184642 0.040469 -0.030444 -0.184642 0.040469 -0.030444 -0.162389 -0.022372 -0.029962 -0.162540 -0.021970 0.029435 -0.184793 0.040871 0.028953 -0.117731 -0.148455 -0.088396 0.033455 -0.094462 -0.028976 -0.117883 -0.148053 -0.028999 -0.117883 -0.148053 -0.028999 0.033455 -0.094462 -0.028976 0.033304 -0.094060 0.030421 -0.118034 -0.147652 0.030398 -0.139984 -0.085614 -0.088878 -0.117731 -0.148455 -0.088396 -0.117883 -0.148053 -0.028999 -0.140136 -0.085213 -0.029481 -0.140136 -0.085213 -0.029481 -0.117883 -0.148053 -0.028999 -0.118034 -0.147652 0.030398 -0.140287 -0.084811 0.029917 -0.184490 0.040067 -0.089842 -0.184642 0.040469 -0.030444 -0.033304 0.094060 -0.030421 -0.033304 0.094060 -0.030421 -0.184642 0.040469 -0.030444 -0.184793 0.040871 0.028953 -0.033455 0.094462 0.028976 -0.033153 0.093659 -0.089819 -0.033304 0.094060 -0.030421 -0.011051 0.031220 -0.029940 -0.011051 0.031220 -0.029940 -0.033304 0.094060 -0.030421 -0.033455 0.094462 0.028976 -0.011202 0.031621 0.029458 " />
									<Normal vector="0.942625 0.333781 0.000122 0.430494 0.902554 -0.005005 0.350017 0.740837 0.573229 0.664724 0.240791 0.707175 0.430494 0.902554 -0.005005 -0.902554 0.430494 -0.005188 -0.738395 0.355388 0.573077 0.350017 0.740837 0.573229 -0.942625 -0.333781 -0.000122 -0.430494 -0.902554 0.005005 -0.352977 -0.733024 0.581408 -0.668325 -0.231239 0.706961 -0.430494 -0.902554 0.005005 0.902554 -0.430494 0.005188 0.735466 -0.347575 0.581561 -0.352977 -0.733024 0.581408 0.668325 0.231239 -0.706961 0.738395 -0.355388 -0.573077 -0.350017 -0.740837 -0.573229 -0.664724 -0.240791 -0.707175 -0.668325 -0.231239 0.706961 -0.352977 -0.733024 0.581408 0.664724 0.240791 0.707175 -0.738395 0.355388 0.573077 -0.668325 -0.231239 0.706961 0.664724 0.240791 0.707175 -0.668325 -0.231239 0.706961 -0.668325 -0.231239 0.706961 0.664724 0.240791 0.707175 0.352977 0.733024 -0.581408 0.668325 0.231239 -0.706961 -0.664724 -0.240791 -0.707175 -0.735466 0.347575 -0.581561 0.668325 0.231239 -0.706961 0.668325 0.231239 -0.706961 -0.664724 -0.240791 -0.707175 -0.664724 -0.240791 -0.707175 -0.902554 0.430494 -0.005188 -0.942625 -0.333781 -0.000122 -0.668325 -0.231239 0.706961 -0.738395 0.355388 0.573077 -0.942625 -0.333781 -0.000122 -0.942625 -0.333781 -0.000122 -0.668325 -0.231239 0.706961 -0.668325 -0.231239 0.706961 0.902554 -0.430494 0.005188 0.942625 0.333781 0.000122 0.735466 -0.347575 0.581561 0.942625 0.333781 0.000122 0.942625 0.333781 0.000122 0.942625 0.333781 0.000122 0.942625 0.333781 0.000122 0.942625 0.333781 0.000122 0.942625 0.333781 0.000122 0.942625 0.333781 0.000122 0.942625 0.333781 0.000122 0.738395 -0.355388 -0.573077 0.942625 0.333781 0.000122 0.902554 -0.430494 0.005188 0.902554 -0.430494 0.005188 0.942625 0.333781 0.000122 0.942625 0.333781 0.000122 0.902554 -0.430494 0.005188 -0.664724 -0.240791 -0.707175 -0.664724 -0.240791 -0.707175 -0.942625 -0.333781 -0.000122 -0.942625 -0.333781 -0.000122 -0.942625 -0.333781 -0.000122 -0.942625 -0.333781 -0.000122 -0.942625 -0.333781 -0.000122 -0.942625 -0.333781 -0.000122 -0.735466 0.347575 -0.581561 -0.664724 -0.240791 -0.707175 -0.942625 -0.333781 -0.000122 -0.902554 0.430494 -0.005188 -0.902554 0.430494 -0.005188 -0.942625 -0.333781 -0.000122 -0.942625 -0.333781 -0.000122 -0.902554 0.430494 -0.005188 -0.350017 -0.740837 -0.573229 0.902554 -0.430494 0.005188 -0.430494 -0.902554 0.005005 -0.430494 -0.902554 0.005005 0.902554 -0.430494 0.005188 0.902554 -0.430494 0.005188 -0.430494 -0.902554 0.005005 -0.664724 -0.240791 -0.707175 -0.350017 -0.740837 -0.573229 -0.430494 -0.902554 0.005005 -0.942625 -0.333781 -0.000122 -0.942625 -0.333781 -0.000122 -0.430494 -0.902554 0.005005 -0.430494 -0.902554 0.005005 -0.942625 -0.333781 -0.000122 -0.735466 0.347575 -0.581561 -0.902554 0.430494 -0.005188 0.430494 0.902554 -0.005005 0.430494 0.902554 -0.005005 -0.902554 0.430494 -0.005188 -0.902554 0.430494 -0.005188 0.430494 0.902554 -0.005005 0.352977 0.733024 -0.581408 0.430494 0.902554 -0.005005 0.942625 0.333781 0.000122 0.942625 0.333781 0.000122 0.430494 0.902554 -0.005005 0.430494 0.902554 -0.005005 0.942625 0.333781 0.000122 " />
									<TextureCoordinate point="0.0181 0.0000 0.0181 1.0000 0.4858 1.0000 0.4858 0.0000 0.0181 0.0000 0.0181 1.0000 0.4858 1.0000 0.4858 0.0000 0.0181 0.0000 0.0181 1.0000 0.4858 1.0000 0.4858 0.0000 0.0181 0.0000 0.0181 1.0000 0.4858 1.0000 0.4858 0.0000 0.0181 0.0000 0.0181 1.0000 0.4858 1.0000 0.4858 0.0000 0.0181 0.0000 0.0181 1.0000 0.4858 0.0000 0.0181 0.0000 0.0181 1.0000 0.4858 1.0000 0.0181 0.0000 0.0181 1.0000 0.4858 1.0000 0.0181 0.0000 0.0181 1.0000 0.4858 1.0000 0.4858 0.0000 0.0181 0.0000 0.0181 1.0000 0.4858 1.0000 0.4858 0.0000 0.0181 0.0000 0.0181 1.0000 0.4858 1.0000 0.4858 0.0000 0.0181 0.0000 0.0181 1.0000 0.4858 1.0000 0.4858 0.0000 0.0181 0.0000 0.0181 1.0000 0.4858 0.0000 0.0181 0.0000 0.0181 1.0000 0.4858 1.0000 0.4858 0.0000 0.0181 0.0000 0.0181 1.0000 0.4858 1.0000 0.4858 0.0000 0.0181 0.0000 0.4858 1.0000 0.4858 0.0000 0.0181 0.0000 0.0181 1.0000 0.4858 1.0000 0.4858 0.0000 0.0181 0.0000 0.0181 1.0000 0.4858 1.0000 0.4858 0.0000 0.5204 0.0000 0.5204 1.0000 0.9881 1.0000 0.9881 0.0000 0.0181 0.0000 0.0181 1.0000 0.4858 1.0000 0.4858 0.0000 0.0181 0.0000 0.0181 1.0000 0.4858 1.0000 0.4858 0.0000 0.0181 0.0000 0.4858 1.0000 0.4858 0.0000 0.0181 0.0000 0.0181 1.0000 0.4858 1.0000 0.4858 0.0000 0.0181 0.0000 0.0181 1.0000 0.4858 1.0000 0.4858 0.0000 0.0181 0.0000 0.0181 1.0000 0.4858 1.0000 0.4858 0.0000 0.0181 1.0000 0.4858 1.0000 0.4858 0.0000 0.0181 0.0000 0.0181 1.0000 0.4858 1.0000 0.4858 0.0000 0.0181 1.0000 0.4858 1.0000 0.4858 0.0000 0.0181 0.0000 0.0181 1.0000 0.4858 1.0000 0.4858 0.0000 " />
								</IndexedTriangleSet>
							</Shape>
						</Group>
					</Transform>
				</Transform>
			</Transform>
			<Transform DEF="arm2_TRANSFORM"
			           translation="-0.781459 -0.199945 -0.031803"
			           scale="1.000000 1.000000 1.000000"
			           rotation="0.000000 1.000000 0.000000 0.000000"
			           >
				<Transform DEF="arm2_ifs_TRANSFORM"
				           translation="0.000000 0.000000 0.000000"
				           scale="1.000000 1.000000 1.000000"
				           rotation="0.000000 1.000000 0.000000 0.000000"
				           >
					<Group DEF="group_ME_arm2">
						<Shape>
							<Appearance>
								<Material USE="MA_Body" />
							</Appearance>
							<IndexedTriangleSet solid="false"
							                    normalPerVertex="true"
							                    index="0 1 2 0 2 3 4 5 6 4 6 7 8 9 10 8 10 11 12 13 14 12 14 15 4 13 16 4 16 17 18 19 14 18 14 7 "
							                    >
								<Coordinate point="-0.068409 -0.430294 -0.146461 0.068409 0.430294 -0.146461 0.068409 0.430294 0.146461 -0.068409 -0.430294 0.146461 0.068409 0.430294 -0.146461 -0.531239 0.525628 -0.146461 -0.531239 0.525628 0.146461 0.068409 0.430294 0.146461 -0.531239 0.525628 -0.146461 -0.668058 -0.334960 -0.146461 -0.668058 -0.334960 0.146461 -0.531239 0.525628 0.146461 -0.668058 -0.334960 -0.146461 -0.068409 -0.430294 -0.146461 -0.068409 -0.430294 0.146461 -0.668058 -0.334960 0.146461 -0.668058 -0.334960 -0.146461 -0.531239 0.525628 -0.146461 -0.531239 0.525628 0.146461 -0.668058 -0.334960 0.146461 " />
								<Normal vector="0.479537 -0.660817 -0.577349 0.660817 0.479537 -0.577349 0.660817 0.479537 0.577349 0.479537 -0.660817 0.577349 0.660817 0.479537 -0.577349 -0.479537 0.660817 -0.577349 -0.479537 0.660817 0.577349 0.660817 0.479537 0.577349 -0.479537 0.660817 -0.577349 -0.660817 -0.479537 -0.577349 -0.660817 -0.479537 0.577349 -0.479537 0.660817 0.577349 -0.660817 -0.479537 -0.577349 0.479537 -0.660817 -0.577349 0.479537 -0.660817 0.577349 -0.660817 -0.479537 0.577349 -0.660817 -0.479537 -0.577349 -0.479537 0.660817 -0.577349 -0.479537 0.660817 0.577349 -0.660817 -0.479537 0.577349 " />
								<TextureCoordinate point="0.0173 0.5409 0.0173 0.9676 0.2014 0.9676 0.2014 0.5409 0.0173 0.5409 0.0173 0.9676 0.2014 0.9676 0.2014 0.5409 0.0173 0.5409 0.0173 0.9676 0.2014 0.9676 0.2014 0.5409 0.0173 0.5409 0.0173 0.9676 0.2014 0.9676 0.2014 0.5409 0.2014 0.9676 0.2014 0.5409 0.0173 0.5409 0.0173 0.9676 " />
							</IndexedTriangleSet>
						</Shape>
					</Group>
				</Transform>
				<Transform DEF="Cube_047_TRANSFORM"
				           translation="-0.563386 0.089569 -0.000000"
				           scale="1.000000 1.000000 1.000000"
				           rotation="0.000000 1.000000 0.000000 0.000000"
				           >
					<Transform DEF="Cube_047_ifs_TRANSFORM"
					           translation="0.000000 0.000000 0.000000"
					           scale="1.000000 1.000000 1.000000"
					           rotation="0.000000 1.000000 0.000000 0.000000"
					           >
						<Group DEF="group_ME_Cube_061">
							<Shape>
								<Appearance>
									<Material USE="MA_Body" />
								</Appearance>
								<IndexedTriangleSet solid="false"
								                    normalPerVertex="true"
								                    index="0 1 2 0 2 3 4 5 6 4 6 7 8 9 10 8 10 11 12 10 9 13 8 11 13 11 14 12 9 15 13 14 12 15 13 12 16 17 18 16 18 19 6 17 20 6 20 21 22 23 18 22 18 5 24 25 26 24 26 27 28 29 30 28 30 31 32 33 34 32 34 35 36 37 38 36 38 39 40 41 42 40 42 43 "
								                    >
									<Coordinate point="-0.062342 -0.357883 -0.112788 0.062342 0.357883 -0.112788 0.062342 0.357883 0.112788 -0.062342 -0.357883 0.112788 -0.538283 0.462510 0.112788 0.062342 0.357883 0.112788 0.062342 0.357883 -0.112788 -0.538283 0.462510 -0.112788 -0.538283 0.462510 0.112788 -0.538283 0.462510 -0.112788 -0.562307 0.324597 -0.084211 -0.562307 0.324597 0.084211 -0.638014 -0.110015 -0.084211 -0.662967 -0.253257 0.112788 -0.638014 -0.110015 0.084211 -0.662967 -0.253257 -0.112788 -0.662967 -0.253257 -0.112788 -0.062342 -0.357883 -0.112788 -0.062342 -0.357883 0.112788 -0.662967 -0.253257 0.112788 -0.662967 -0.253257 -0.112788 -0.538283 0.462510 -0.112788 -0.538283 0.462510 0.112788 -0.662967 -0.253257 0.112788 -0.562307 0.324597 -0.084211 -1.244492 0.437277 -0.084211 -1.244492 0.437277 0.084211 -0.562307 0.324597 0.084211 -1.244492 0.437277 -0.084211 -1.316383 0.002035 -0.084211 -1.316383 0.002035 0.084211 -1.244492 0.437277 0.084211 -0.638014 -0.110015 0.084211 -1.316383 0.002035 0.084211 -1.316383 0.002035 -0.084211 -0.638014 -0.110015 -0.084211 -1.316383 0.002035 -0.084211 -1.244492 0.437277 -0.084211 -0.562307 0.324597 -0.084211 -0.638014 -0.110015 -0.084211 -1.244492 0.437277 0.084211 -1.316383 0.002035 0.084211 -0.638014 -0.110015 0.084211 -0.562307 0.324597 0.084211 " />
									<Normal vector="0.469680 -0.667837 -0.577349 0.667837 0.469680 -0.577349 0.667837 0.469680 0.577349 0.469680 -0.667837 0.577349 -0.469680 0.667837 0.577349 0.667837 0.469680 0.577349 0.667837 0.469680 -0.577349 -0.469680 0.667837 -0.577349 -0.469680 0.667837 0.577349 -0.469680 0.667837 -0.577349 -0.840388 0.451857 -0.299264 -0.840388 0.451857 0.299264 -0.663564 -0.471023 -0.581164 -0.667837 -0.469680 0.577349 -0.663564 -0.471023 0.581164 -0.667837 -0.469680 -0.577349 -0.667837 -0.469680 -0.577349 0.469680 -0.667837 -0.577349 0.469680 -0.667837 0.577349 -0.667837 -0.469680 0.577349 -0.667837 -0.469680 -0.577349 -0.469680 0.667837 -0.577349 -0.469680 0.667837 0.577349 -0.667837 -0.469680 0.577349 -0.840388 0.451857 -0.299264 -0.475539 0.663717 -0.577349 -0.475539 0.663717 0.577349 -0.840388 0.451857 0.299264 -0.475539 0.663717 -0.577349 -0.663717 -0.475539 -0.577349 -0.663717 -0.475539 0.577349 -0.475539 0.663717 0.577349 -0.663564 -0.471023 0.581164 -0.663717 -0.475539 0.577349 -0.663717 -0.475539 -0.577349 -0.663564 -0.471023 -0.581164 -0.663717 -0.475539 -0.577349 -0.475539 0.663717 -0.577349 -0.840388 0.451857 -0.299264 -0.663564 -0.471023 -0.581164 -0.475539 0.663717 0.577349 -0.663717 -0.475539 0.577349 -0.663564 -0.471023 0.581164 -0.840388 0.451857 0.299264 " />
									<TextureCoordinate point="0.0173 0.5409 0.0173 0.9676 0.2014 0.9676 0.2014 0.5409 0.2014 0.9676 0.2014 0.5409 0.0173 0.5409 0.0173 0.9676 0.2014 0.5409 0.0173 0.5409 0.0406 0.6231 0.1781 0.6231 0.0406 0.8822 0.2014 0.9676 0.1781 0.8822 0.0173 0.9676 0.0173 0.5409 0.0173 0.9676 0.2014 0.9676 0.2014 0.5409 0.2014 0.9676 0.2014 0.5409 0.0173 0.5409 0.0173 0.9676 0.0173 0.5642 0.0173 0.9676 0.2014 0.9676 0.2014 0.5642 0.0173 0.5409 0.0173 0.9676 0.2014 0.9676 0.2014 0.5409 0.2014 0.9420 0.2014 0.5409 0.0173 0.5409 0.0173 0.9420 0.2014 0.9676 0.2014 0.5409 0.0274 0.5409 0.0284 0.9676 0.0173 0.5409 0.0173 0.9676 0.1903 0.9676 0.1913 0.5409 " />
								</IndexedTriangleSet>
							</Shape>
						</Group>
					</Transform>
				</Transform>
			</Transform>
		</Transform>
	</Scene>
</X3D>