<?xml version="1.0" encoding="UTF-8"?>
<!DOCTYPE X3D PUBLIC "ISO//Web3D//DTD X3D 3.0//EN" "http://www.web3d.org/specifications/x3d-3.0.dtd">
<X3D version="3.0" profile="Immersive" xmlns:xsd="http://www.w3.org/2001/XMLSchema-instance" xsd:noNamespaceSchemaLocation="http://www.web3d.org/specifications/x3d-3.0.xsd">
	<head>
		<meta name="filename" content="swampert-mega.x3d" />
		<meta name="generator" content="Blender 2.93.18" />
	</head>
	<Scene>
		<NavigationInfo headlight="true"
		                visibilityLimit="0.0"
		                type='"EXAMINE", "ANY"'
		                avatarSize="0.25, 1.75, 0.75"
		                />
		<Background DEF="WO_World"
		            groundColor="0.051 0.051 0.051"
		            skyColor="0.051 0.051 0.051"
		            />
		<Transform DEF="body_TRANSFORM"
		           translation="0.000000 -0.222910 0.795704"
		           scale="1.000000 1.000000 1.000000"
		           rotation="0.000000 0.000000 1.000000 3.141593"
		           >
			<Transform DEF="body_ifs_TRANSFORM"
			           translation="0.000000 0.000000 0.000000"
			           scale="1.000000 1.000000 1.000000"
			           rotation="0.000000 1.000000 0.000000 0.000000"
			           >
				<Group DEF="group_ME_body">
					<Shape>
						<Appearance>
							<Material DEF="MA_Body"
							          diffuseColor="0.800 0.800 0.800"
							          specularColor="0.401 0.401 0.401"
							          emissiveColor="0.000 0.000 0.000"
							          ambientIntensity="0.000"
							          shininess="0.500"
							          transparency="0.0"
							          />
						</Appearance>
						<IndexedTriangleSet solid="false"
						                    normalPerVertex="true"
						                    index="0 1 2 0 2 3 4 5 6 4 6 7 8 9 10 8 10 11 12 13 14 12 14 15 16 17 18 16 18 19 20 5 14 20 14 21 22 23 24 22 24 19 25 26 27 25 27 28 16 29 30 16 30 31 32 33 34 32 34 35 "
						                    >
							<Coordinate point="-1.067695 -0.799252 0.860254 -1.067695 -0.349711 2.482025 -1.067695 1.577616 1.947787 -1.067695 1.128075 0.326016 -1.067695 1.128075 0.326016 -1.067695 1.577616 1.947787 1.067695 1.577616 1.947787 1.067695 1.128075 0.326016 1.067695 1.128075 0.326016 1.067695 1.577616 1.947787 1.067695 -0.349711 2.482025 1.067695 -0.799252 0.860254 1.067695 -0.799252 0.860254 1.067695 -0.349711 2.482025 -1.067695 -0.349711 2.482025 -1.067695 -0.799252 0.860254 -1.067695 0.963664 -0.267119 1.067695 0.963664 -0.267119 1.067695 -0.963664 0.267119 -1.067695 -0.963664 0.267119 1.067695 1.577616 1.947787 1.067695 -0.349711 2.482025 1.067695 -0.963664 0.267119 1.067695 -0.799252 0.860254 -1.067695 -0.799252 0.860254 1.067695 0.963664 -0.267119 1.067695 1.128075 0.326016 1.067695 -0.799252 0.860254 1.067695 -0.963664 0.267119 -1.067695 1.128075 0.326016 1.067695 1.128075 0.326016 1.067695 0.963664 -0.267119 -1.067695 -0.963664 0.267119 -1.067695 -0.799252 0.860254 -1.067695 1.128075 0.326016 -1.067695 0.963664 -0.267119 " />
							<Normal vector="-0.707083 -0.681387 0.188879 -0.577349 -0.402142 0.710562 -0.577349 0.710562 0.402142 -0.707083 0.681387 -0.188879 -0.707083 0.681387 -0.188879 -0.577349 0.710562 0.402142 0.577349 0.710562 0.402142 0.707083 0.681387 -0.188879 0.707083 0.681387 -0.188879 0.577349 0.710562 0.402142 0.577349 -0.402142 0.710562 0.707083 -0.681387 0.188879 0.707083 -0.681387 0.188879 0.577349 -0.402142 0.710562 -0.577349 -0.402142 0.710562 -0.707083 -0.681387 0.188879 -0.577349 0.402142 -0.710562 0.577349 0.402142 -0.710562 0.577349 -0.710562 -0.402142 -0.577349 -0.710562 -0.402142 0.577349 0.710562 0.402142 0.577349 -0.402142 0.710562 0.577349 -0.710562 -0.402142 0.707083 -0.681387 0.188879 -0.707083 -0.681387 0.188879 0.577349 0.402142 -0.710562 0.707083 0.681387 -0.188879 0.707083 -0.681387 0.188879 0.577349 -0.710562 -0.402142 -0.707083 0.681387 -0.188879 0.707083 0.681387 -0.188879 0.577349 0.402142 -0.710562 -0.577349 -0.710562 -0.402142 -0.707083 -0.681387 0.188879 -0.707083 0.681387 -0.188879 -0.577349 0.402142 -0.710562 " />
							<TextureCoordinate point="0.2508 0.6425 0.4836 0.6425 0.4836 0.9887 0.2508 0.9887 0.2508 0.6425 0.4836 0.6425 0.4836 0.9887 0.2508 0.9887 0.2508 0.6425 0.4836 0.6425 0.4836 0.9887 0.2508 0.9887 0.2508 0.6425 0.4836 0.6425 0.4836 0.9887 0.2508 0.9887 0.0179 0.0401 0.4836 0.0401 0.4836 0.3333 0.0179 0.3333 0.0179 0.6425 0.0179 0.9887 0.0179 0.0401 0.2508 0.0401 0.2508 0.3333 0.0179 0.0401 0.2508 0.0401 0.2508 0.3333 0.0179 0.3333 0.2508 0.0401 0.2508 0.3333 0.0179 0.3333 0.0179 0.0401 0.2508 0.0401 0.2508 0.3333 0.0179 0.3333 " />
						</IndexedTriangleSet>
					</Shape>
				</Group>
			</Transform>
			<Transform DEF="Cube_001_TRANSFORM"
			           translation="0.000000 0.648076 0.914773"
			           scale="1.000000 1.000000 1.000000"
			           rotation="0.000000 1.000000 0.000000 0.000000"
			           >
				<Transform DEF="Cube_001_ifs_TRANSFORM"
				           translation="0.000000 0.000000 0.000000"
				           scale="1.000000 1.000000 1.000000"
				           rotation="0.000000 1.000000 0.000000 0.000000"
				           >
					<Group DEF="group_ME_Cube_008">
						<Shape>
							<Appearance>
								<Material USE="MA_Body" />
							</Appearance>
							<IndexedTriangleSet solid="false"
							                    normalPerVertex="true"
							                    index="0 1 2 0 2 3 4 5 6 4 6 7 8 9 10 8 10 11 12 13 14 12 14 15 16 17 18 16 18 15 19 20 14 19 14 21 22 5 1 22 1 23 4 24 25 4 25 0 26 27 28 26 28 29 30 31 20 30 20 16 "
							                    >
								<Coordinate point="-0.788548 0.051132 -0.154251 -0.788548 1.222783 0.234135 -0.788548 1.484858 -0.556472 -0.788548 0.313208 -0.944858 -0.788548 0.313208 -0.944858 -0.788548 1.484858 -0.556472 0.788548 1.484858 -0.556472 0.788548 0.313208 -0.944858 0.788548 0.051132 -0.154251 0.788548 1.222783 0.234135 0.788548 0.858443 1.333244 0.788548 -0.313208 0.944858 0.788548 -0.313208 0.944858 0.788548 0.858443 1.333244 -0.788548 0.858443 1.333244 -0.788548 -0.313208 0.944858 -0.788548 0.051132 -0.154251 0.788548 0.051132 -0.154251 0.788548 -0.313208 0.944858 0.788548 1.222783 0.234135 -0.788548 1.222783 0.234135 0.788548 0.858443 1.333244 0.788548 1.484858 -0.556472 0.788548 1.222783 0.234135 0.788548 0.313208 -0.944858 0.788548 0.051132 -0.154251 0.788548 0.313208 -0.944858 0.788548 1.484858 -0.556472 0.788548 1.222783 0.234135 0.788548 0.051132 -0.154251 -0.788548 -0.313208 0.944858 -0.788548 0.858443 1.333244 " />
								<Normal vector="-0.707083 -0.671163 -0.222480 -0.707083 0.671163 0.222480 -0.577349 0.729667 -0.366344 -0.577349 -0.366344 -0.729667 -0.577349 -0.366344 -0.729667 -0.577349 0.729667 -0.366344 0.577349 0.729667 -0.366344 0.577349 -0.366344 -0.729667 0.707083 -0.671163 -0.222480 0.707083 0.671163 0.222480 0.577349 0.366344 0.729667 0.577349 -0.729667 0.366344 0.577349 -0.729667 0.366344 0.577349 0.366344 0.729667 -0.577349 0.366344 0.729667 -0.577349 -0.729667 0.366344 -0.707083 -0.671163 -0.222480 0.707083 -0.671163 -0.222480 0.577349 -0.729667 0.366344 0.707083 0.671163 0.222480 -0.707083 0.671163 0.222480 0.577349 0.366344 0.729667 0.577349 0.729667 -0.366344 0.707083 0.671163 0.222480 0.577349 -0.366344 -0.729667 0.707083 -0.671163 -0.222480 0.577349 -0.366344 -0.729667 0.577349 0.729667 -0.366344 0.707083 0.671163 0.222480 0.707083 -0.671163 -0.222480 -0.577349 -0.729667 0.366344 -0.577349 0.366344 0.729667 " />
								<TextureCoordinate point="0.0179 0.1789 0.4836 0.1789 0.4836 0.3335 0.0179 0.3335 0.0179 0.0243 0.4836 0.0243 0.4836 0.3335 0.0179 0.3335 0.0179 0.8156 0.4836 0.8156 0.4836 0.9887 0.0179 0.9887 0.0179 0.6425 0.4836 0.6425 0.4836 0.9887 0.0179 0.9887 0.0179 0.8156 0.4836 0.8156 0.4836 0.9887 0.0179 0.8156 0.4836 0.8156 0.0179 0.9887 0.0179 0.0243 0.0179 0.1789 0.4836 0.0243 0.4836 0.1789 0.0179 0.0243 0.4836 0.0243 0.4836 0.1789 0.0179 0.1789 0.0179 0.6425 0.4836 0.6425 " />
							</IndexedTriangleSet>
						</Shape>
					</Group>
				</Transform>
				<Transform DEF="Cube_002_TRANSFORM"
				           translation="0.000000 0.854854 0.245756"
				           scale="1.000000 1.000000 1.000000"
				           rotation="0.000000 1.000000 0.000000 0.000000"
				           >
					<Transform DEF="Cube_002_ifs_TRANSFORM"
					           translation="0.000000 0.000000 0.000000"
					           scale="1.000000 1.000000 1.000000"
					           rotation="0.000000 1.000000 0.000000 0.000000"
					           >
						<Group DEF="group_ME_Cube_073">
							<Shape>
								<Appearance>
									<Material USE="MA_Body" />
								</Appearance>
								<IndexedTriangleSet solid="false"
								                    normalPerVertex="true"
								                    index="0 1 2 0 2 3 4 5 6 4 6 7 8 9 10 8 10 11 12 13 14 12 14 15 16 17 18 16 18 15 19 20 14 19 14 21 22 5 1 22 1 23 4 24 25 4 25 0 26 27 28 26 28 29 30 31 20 30 20 16 "
								                    >
									<Coordinate point="-0.579899 0.148977 -0.168217 -0.579899 1.045377 0.625657 -0.579899 1.243026 0.402483 -0.579899 0.346626 -0.391391 -0.579899 0.346626 -0.391391 -0.579899 1.243026 0.402483 0.579899 1.243026 0.402483 0.579899 0.346626 -0.391391 0.579899 0.148977 -0.168217 0.579899 1.045377 0.625657 0.579899 0.549774 1.185266 0.579899 -0.346626 0.391391 0.579899 -0.346626 0.391391 0.579899 0.549774 1.185266 -0.579899 0.549774 1.185266 -0.579899 -0.346626 0.391391 -0.579899 0.148977 -0.168217 0.579899 0.148977 -0.168217 0.579899 -0.346626 0.391391 0.579899 1.045377 0.625657 -0.579899 1.045377 0.625657 0.579899 0.549774 1.185266 0.579899 1.243026 0.402483 0.579899 1.045377 0.625657 0.579899 0.346626 -0.391391 0.579899 0.148977 -0.168217 0.579899 0.346626 -0.391391 0.579899 1.243026 0.402483 0.579899 1.045377 0.625657 0.579899 0.148977 -0.168217 -0.579899 -0.346626 0.391391 -0.579899 0.549774 1.185266 " />
									<Normal vector="-0.707083 -0.529344 -0.468795 -0.707083 0.529344 0.468795 -0.577349 0.814997 -0.049409 -0.577349 -0.049409 -0.814997 -0.577349 -0.049409 -0.814997 -0.577349 0.814997 -0.049409 0.577349 0.814997 -0.049409 0.577349 -0.049409 -0.814997 0.707083 -0.529344 -0.468795 0.707083 0.529344 0.468795 0.577349 0.049409 0.814997 0.577349 -0.814997 0.049409 0.577349 -0.814997 0.049409 0.577349 0.049409 0.814997 -0.577349 0.049409 0.814997 -0.577349 -0.814997 0.049409 -0.707083 -0.529344 -0.468795 0.707083 -0.529344 -0.468795 0.577349 -0.814997 0.049409 0.707083 0.529344 0.468795 -0.707083 0.529344 0.468795 0.577349 0.049409 0.814997 0.577349 0.814997 -0.049409 0.707083 0.529344 0.468795 0.577349 -0.049409 -0.814997 0.707083 -0.529344 -0.468795 0.577349 -0.049409 -0.814997 0.577349 0.814997 -0.049409 0.707083 0.529344 0.468795 0.707083 -0.529344 -0.468795 -0.577349 -0.814997 0.049409 -0.577349 0.049409 0.814997 " />
									<TextureCoordinate point="0.0179 0.1867 0.4836 0.1867 0.4836 0.3409 0.0179 0.3409 0.0179 0.0325 0.4836 0.0325 0.4836 0.3409 0.0179 0.3409 0.0179 0.8156 0.4836 0.8156 0.4836 0.9887 0.0179 0.9887 0.0179 0.6425 0.4836 0.6425 0.4836 0.9887 0.0179 0.9887 0.0179 0.8156 0.4836 0.8156 0.4836 0.9887 0.0179 0.8156 0.4836 0.8156 0.0179 0.9887 0.0179 0.0325 0.0179 0.1867 0.4836 0.0325 0.4836 0.1867 0.0179 0.0325 0.4836 0.0325 0.4836 0.1867 0.0179 0.1867 0.0179 0.6425 0.4836 0.6425 " />
								</IndexedTriangleSet>
							</Shape>
						</Group>
					</Transform>
				</Transform>
			</Transform>
			<Transform DEF="body1_TRANSFORM"
			           translation="0.000000 -0.013877 1.353087"
			           scale="1.000000 1.000000 1.000000"
			           rotation="0.000000 1.000000 0.000000 0.000000"
			           >
				<Transform DEF="body1_ifs_TRANSFORM"
				           translation="0.000000 0.000000 0.000000"
				           scale="1.000000 1.000000 1.000000"
				           rotation="0.000000 1.000000 0.000000 0.000000"
				           >
					<Group DEF="group_ME_body1">
						<Shape>
							<Appearance>
								<Material USE="MA_Body" />
							</Appearance>
							<IndexedTriangleSet solid="false"
							                    normalPerVertex="true"
							                    index="0 1 2 0 2 3 4 5 6 4 6 7 8 9 10 8 10 11 12 13 14 12 14 15 16 17 18 16 18 15 19 20 14 19 14 21 22 5 1 22 1 23 4 24 25 4 25 0 26 27 28 26 28 29 30 31 20 30 20 16 "
							                    >
								<Coordinate point="-1.171879 -0.484527 -0.624482 -1.171879 -1.105450 -0.142716 -1.171879 0.091639 1.400151 -1.171879 0.712562 0.918385 -1.171879 0.712562 0.918385 -1.171879 0.091639 1.400151 1.171879 0.091639 1.400151 1.171879 0.712562 0.918385 1.171879 -0.484527 -0.624482 1.171879 -1.105450 -0.142716 1.171879 -1.333486 -0.436620 1.171879 -0.712562 -0.918385 1.171879 -0.712562 -0.918385 1.171879 -1.333486 -0.436620 -1.171879 -1.333486 -0.436620 -1.171879 -0.712562 -0.918385 -1.171879 -0.484527 -0.624482 1.171879 -0.484527 -0.624482 1.171879 -0.712562 -0.918385 1.171879 -1.105450 -0.142716 -1.171879 -1.105450 -0.142716 1.171879 -1.333486 -0.436620 1.171879 0.091639 1.400151 1.171879 -1.105450 -0.142716 1.171879 0.712562 0.918385 1.171879 -0.484527 -0.624482 1.171879 0.712562 0.918385 1.171879 0.091639 1.400151 1.171879 -1.105450 -0.142716 1.171879 -0.484527 -0.624482 -1.171879 -0.712562 -0.918385 -1.171879 -1.333486 -0.436620 " />
								<Normal vector="-0.707083 0.558641 -0.433454 -0.707083 -0.558641 0.433454 -0.577349 -0.102206 0.810053 -0.577349 0.810053 0.102206 -0.577349 0.810053 0.102206 -0.577349 -0.102206 0.810053 0.577349 -0.102206 0.810053 0.577349 0.810053 0.102206 0.707083 0.558641 -0.433454 0.707083 -0.558641 0.433454 0.577349 -0.810053 -0.102206 0.577349 0.102206 -0.810053 0.577349 0.102206 -0.810053 0.577349 -0.810053 -0.102206 -0.577349 -0.810053 -0.102206 -0.577349 0.102206 -0.810053 -0.707083 0.558641 -0.433454 0.707083 0.558641 -0.433454 0.577349 0.102206 -0.810053 0.707083 -0.558641 0.433454 -0.707083 -0.558641 0.433454 0.577349 -0.810053 -0.102206 0.577349 -0.102206 0.810053 0.707083 -0.558641 0.433454 0.577349 0.810053 0.102206 0.707083 0.558641 -0.433454 0.577349 0.810053 0.102206 0.577349 -0.102206 0.810053 0.707083 -0.558641 0.433454 0.707083 0.558641 -0.433454 -0.577349 0.102206 -0.810053 -0.577349 -0.810053 -0.102206 " />
								<TextureCoordinate point="0.0179 0.8156 0.4836 0.8156 0.4836 0.9887 0.0179 0.9887 0.0179 0.6425 0.4836 0.6425 0.4836 0.9887 0.0179 0.9887 0.0174 0.1867 0.4842 0.1867 0.4842 0.3515 0.0174 0.3515 0.0174 0.0219 0.4842 0.0219 0.4842 0.3515 0.0174 0.3515 0.0174 0.1867 0.4842 0.1867 0.4842 0.3515 0.0174 0.1867 0.4842 0.1867 0.0174 0.3515 0.0179 0.6425 0.0179 0.8156 0.4836 0.6425 0.4836 0.8156 0.0179 0.6425 0.4836 0.6425 0.4836 0.8156 0.0179 0.8156 0.0174 0.0219 0.4842 0.0219 " />
							</IndexedTriangleSet>
						</Shape>
					</Group>
				</Transform>
				<Transform DEF="Cube_004_TRANSFORM"
				           translation="0.000000 -0.218941 0.682794"
				           scale="1.000000 1.000000 1.000000"
				           rotation="0.000000 1.000000 0.000000 0.000000"
				           >
					<Transform DEF="Cube_004_ifs_TRANSFORM"
					           translation="0.000000 0.000000 0.000000"
					           scale="1.000000 1.000000 1.000000"
					           rotation="0.000000 1.000000 0.000000 0.000000"
					           >
						<Group DEF="group_ME_Cube_092">
							<Shape>
								<Appearance>
									<Material USE="MA_Body" />
								</Appearance>
								<IndexedTriangleSet solid="false"
								                    normalPerVertex="true"
								                    index="0 1 2 0 2 3 4 5 6 4 6 7 8 9 10 8 10 11 12 13 14 12 14 15 4 16 17 4 17 15 18 5 14 18 14 19 "
								                    >
									<Coordinate point="-1.569524 -0.750429 -0.778418 -1.569524 -1.989085 0.415701 -1.569524 -0.488226 1.972537 -1.569524 0.750429 0.778418 -1.569524 0.750429 0.778418 -1.569524 -0.488226 1.972537 1.569524 -0.488226 1.972537 1.569524 0.750429 0.778418 1.569524 0.750429 0.778418 1.569524 -0.488226 1.972537 1.569524 -1.989085 0.415701 1.569524 -0.750429 -0.778418 1.569524 -0.750429 -0.778418 1.569524 -1.989085 0.415701 -1.569524 -1.989085 0.415701 -1.569524 -0.750429 -0.778418 1.569524 0.750429 0.778418 1.569524 -0.750429 -0.778418 1.569524 -0.488226 1.972537 1.569524 -1.989085 0.415701 " />
									<Normal vector="-0.577349 0.014924 -0.816340 -0.577349 -0.816340 -0.014924 -0.577349 -0.014924 0.816340 -0.577349 0.816340 0.014924 -0.577349 0.816340 0.014924 -0.577349 -0.014924 0.816340 0.577349 -0.014924 0.816340 0.577349 0.816340 0.014924 0.577349 0.816340 0.014924 0.577349 -0.014924 0.816340 0.577349 -0.816340 -0.014924 0.577349 0.014924 -0.816340 0.577349 0.014924 -0.816340 0.577349 -0.816340 -0.014924 -0.577349 -0.816340 -0.014924 -0.577349 0.014924 -0.816340 0.577349 0.816340 0.014924 0.577349 0.014924 -0.816340 0.577349 -0.014924 0.816340 0.577349 -0.816340 -0.014924 " />
									<TextureCoordinate point="0.0179 0.6425 0.4836 0.6425 0.4836 0.9887 0.0179 0.9887 0.0179 0.6425 0.4836 0.6425 0.4836 0.9887 0.0179 0.9887 0.0179 0.6425 0.4836 0.6425 0.4836 0.9887 0.0179 0.9887 0.0179 0.6425 0.4836 0.6425 0.4836 0.9887 0.0179 0.9887 0.4836 0.6425 0.4836 0.9887 0.0179 0.6425 0.0179 0.9887 " />
								</IndexedTriangleSet>
							</Shape>
						</Group>
					</Transform>
					<Transform DEF="Cube_005_TRANSFORM"
					           translation="0.000000 -0.487729 0.770155"
					           scale="1.000000 1.000000 1.000000"
					           rotation="0.000000 1.000000 0.000000 0.000000"
					           >
						<Transform DEF="Cube_005_ifs_TRANSFORM"
						           translation="0.000000 0.000000 0.000000"
						           scale="1.000000 1.000000 1.000000"
						           rotation="0.000000 1.000000 0.000000 0.000000"
						           >
							<Group DEF="group_ME_Cube_093">
								<Shape>
									<Appearance>
										<Material USE="MA_Body" />
									</Appearance>
									<IndexedTriangleSet solid="false"
									                    normalPerVertex="true"
									                    index="0 1 2 0 2 3 4 5 6 4 6 7 8 9 10 8 10 11 12 13 14 12 14 15 16 17 18 16 18 19 20 1 14 20 14 21 22 23 24 22 24 25 26 27 28 26 28 29 0 30 31 0 31 15 30 16 19 30 19 31 32 33 34 32 34 35 36 37 38 36 38 39 40 41 42 40 42 43 43 42 5 43 5 4 44 45 16 44 16 30 40 44 30 40 30 0 46 47 20 46 20 23 48 46 23 48 23 22 47 41 1 47 1 20 45 49 17 45 17 16 50 51 9 50 9 8 52 53 1 52 1 0 "
									                    >
										<Coordinate point="-1.916741 -0.225261 -0.925166 -1.916741 -2.196041 -0.445319 -1.916741 -1.648552 1.803271 -1.916741 0.322229 1.323423 1.267391 0.322229 1.323423 1.267391 -1.648552 1.803271 1.916741 -1.648552 1.803271 1.916741 0.322229 1.323423 1.916741 -0.225261 -0.925166 1.916741 -2.196041 -0.445319 1.916741 -2.293009 -0.843576 1.916741 -0.322229 -1.323423 -1.267391 -0.322229 -1.323423 -1.267391 -2.293009 -0.843576 -1.916741 -2.293009 -0.843576 -1.916741 -0.322229 -1.323423 1.267391 -0.225261 -0.925166 1.916741 -0.225261 -0.925166 1.916741 -0.322229 -1.323423 1.267391 -0.322229 -1.323423 -1.267391 -2.196041 -0.445319 -1.267391 -2.293009 -0.843576 1.916741 -2.196041 -0.445319 1.267391 -2.196041 -0.445319 1.267391 -2.293009 -0.843576 1.916741 -2.293009 -0.843576 1.267391 -2.196041 -0.445319 -1.267391 -2.196041 -0.445319 -1.267391 -2.293009 -0.843576 1.267391 -2.293009 -0.843576 -1.267391 -0.225261 -0.925166 -1.267391 -0.322229 -1.323423 1.916741 -0.322229 -1.323423 1.916741 -2.293009 -0.843576 1.267391 -2.293009 -0.843576 1.267391 -0.322229 -1.323423 1.267391 -0.322229 -1.323423 1.267391 -2.293009 -0.843576 -1.267391 -2.293009 -0.843576 -1.267391 -0.322229 -1.323423 -1.916741 0.322229 1.323423 -1.916741 -1.648552 1.803271 -1.267391 -1.648552 1.803271 -1.267391 0.322229 1.323423 -1.267391 0.322229 1.323423 1.267391 0.322229 1.323423 1.267391 -1.648552 1.803271 -1.267391 -1.648552 1.803271 1.916741 -1.648552 1.803271 1.916741 0.322229 1.323423 1.916741 0.322229 1.323423 1.916741 -1.648552 1.803271 -1.916741 -0.322229 -1.323423 -1.916741 -2.293009 -0.843576 " />
										<Normal vector="-0.707083 0.687033 -0.167272 -0.707083 -0.687033 0.167272 -0.577349 -0.424360 0.697531 -0.577349 0.697531 0.424360 0.000000 0.854305 0.519730 0.000000 -0.519730 0.854305 0.577349 -0.424360 0.697531 0.577349 0.697531 0.424360 0.707083 0.687033 -0.167272 0.707083 -0.687033 0.167272 0.577349 -0.697531 -0.424360 0.577349 0.424360 -0.697531 0.000000 0.519730 -0.854305 0.000000 -0.854305 -0.519730 -0.577349 -0.697531 -0.424360 -0.577349 0.424360 -0.697531 0.000000 0.971587 -0.236549 0.707083 0.687033 -0.167272 0.577349 0.424360 -0.697531 0.000000 0.519730 -0.854305 0.000000 -0.971587 0.236549 0.000000 -0.854305 -0.519730 0.707083 -0.687033 0.167272 0.000000 -0.971587 0.236549 0.000000 -0.854305 -0.519730 0.577349 -0.697531 -0.424360 0.000000 -0.971587 0.236549 0.000000 -0.971587 0.236549 0.000000 -0.854305 -0.519730 0.000000 -0.854305 -0.519730 0.000000 0.971587 -0.236549 0.000000 0.519730 -0.854305 0.577349 0.424360 -0.697531 0.577349 -0.697531 -0.424360 0.000000 -0.854305 -0.519730 0.000000 0.519730 -0.854305 0.000000 0.519730 -0.854305 0.000000 -0.854305 -0.519730 0.000000 -0.854305 -0.519730 0.000000 0.519730 -0.854305 -0.577349 0.697531 0.424360 -0.577349 -0.424360 0.697531 0.000000 -0.519730 0.854305 0.000000 0.854305 0.519730 0.000000 0.854305 0.519730 0.000000 0.854305 0.519730 0.000000 -0.519730 0.854305 0.000000 -0.519730 0.854305 0.577349 -0.424360 0.697531 0.577349 0.697531 0.424360 0.577349 0.697531 0.424360 0.577349 -0.424360 0.697531 -0.577349 0.424360 -0.697531 -0.577349 -0.697531 -0.424360 " />
										<TextureCoordinate point="0.0179 0.8156 0.4836 0.8156 0.4836 0.9887 0.0179 0.9887 0.0179 0.8733 0.4836 0.8733 0.4836 0.9887 0.0179 0.9887 0.0179 0.8156 0.4836 0.8156 0.4836 0.9887 0.0179 0.9887 0.0179 0.8733 0.4836 0.8733 0.4836 0.9887 0.0179 0.9887 0.3284 0.8156 0.4836 0.8156 0.4836 0.9887 0.3284 0.9887 0.3284 0.8156 0.3284 0.9887 0.0179 0.8156 0.1731 0.8156 0.1731 0.9887 0.0179 0.9887 0.1750 0.1089 0.3109 0.1089 0.3109 0.3513 0.1750 0.3513 0.1731 0.8156 0.1731 0.9887 0.0179 0.6425 0.4836 0.6425 0.4836 0.7579 0.0179 0.7579 0.0392 0.0281 0.4467 0.0281 0.4467 0.1897 0.0392 0.1897 0.0179 0.6425 0.4836 0.6425 0.4836 0.7579 0.0179 0.7579 0.1731 0.6425 0.3284 0.6425 0.1731 0.6425 0.3284 0.6425 0.0179 0.6425 0.4836 0.6425 0.0179 0.6425 0.4836 0.6425 0.0179 0.6425 0.4836 0.6425 " />
									</IndexedTriangleSet>
								</Shape>
							</Group>
						</Transform>
					</Transform>
					<Transform DEF="Cube_006_TRANSFORM"
					           translation="0.000000 -0.796370 -0.870727"
					           scale="1.000000 1.000000 1.000000"
					           rotation="0.000000 1.000000 0.000000 0.000000"
					           >
						<Transform DEF="Cube_006_ifs_TRANSFORM"
						           translation="0.000000 0.000000 0.000000"
						           scale="1.000000 1.000000 1.000000"
						           rotation="0.000000 1.000000 0.000000 0.000000"
						           >
							<Group DEF="group_ME_Cube_094">
								<Shape>
									<Appearance>
										<Material USE="MA_Body" />
									</Appearance>
									<IndexedTriangleSet solid="false"
									                    normalPerVertex="true"
									                    index="0 1 2 0 2 3 4 5 6 4 6 7 8 9 10 8 10 11 12 13 14 12 14 15 16 17 18 16 18 15 19 20 14 19 14 21 22 5 1 22 1 23 4 24 25 4 25 0 26 27 28 26 28 29 30 31 20 30 20 16 "
									                    >
										<Coordinate point="-1.441192 0.000000 0.000000 -1.441192 -1.845625 0.776987 -1.441192 -1.728144 1.089069 -1.441192 0.144589 0.384091 -1.441192 0.144589 0.384091 -1.441192 -1.728144 1.089069 1.441192 -1.728144 1.089069 1.441192 0.144589 0.384091 1.441192 0.000000 0.000000 1.441192 -1.845625 0.776987 1.441192 -2.017321 0.320887 1.441192 -0.144589 -0.384091 1.441192 -0.144589 -0.384091 1.441192 -2.017321 0.320887 -1.441192 -2.017321 0.320887 -1.441192 -0.144589 -0.384091 -1.441192 0.000000 0.000000 1.441192 0.000000 0.000000 1.441192 -0.144589 -0.384091 1.441192 -1.845625 0.776987 -1.441192 -1.845625 0.776987 1.441192 -2.017321 0.320887 1.441192 -1.728144 1.089069 1.441192 -1.845625 0.776987 1.441192 0.144589 0.384091 1.441192 0.000000 0.000000 1.441192 0.144589 0.384091 1.441192 -1.728144 1.089069 1.441192 -1.845625 0.776987 1.441192 0.000000 0.000000 -1.441192 -0.144589 -0.384091 -1.441192 -2.017321 0.320887 " />
										<Normal vector="-0.707083 0.661763 -0.249092 -0.707083 -0.661763 0.249092 -0.577349 -0.336924 0.743736 -0.577349 0.743736 0.336924 -0.577349 0.743736 0.336924 -0.577349 -0.336924 0.743736 0.577349 -0.336924 0.743736 0.577349 0.743736 0.336924 0.707083 0.661763 -0.249092 0.707083 -0.661763 0.249092 0.577349 -0.743736 -0.336924 0.577349 0.336924 -0.743736 0.577349 0.336924 -0.743736 0.577349 -0.743736 -0.336924 -0.577349 -0.743736 -0.336924 -0.577349 0.336924 -0.743736 -0.707083 0.661763 -0.249092 0.707083 0.661763 -0.249092 0.577349 0.336924 -0.743736 0.707083 -0.661763 0.249092 -0.707083 -0.661763 0.249092 0.577349 -0.743736 -0.336924 0.577349 -0.336924 0.743736 0.707083 -0.661763 0.249092 0.577349 0.743736 0.336924 0.707083 0.661763 -0.249092 0.577349 0.743736 0.336924 0.577349 -0.336924 0.743736 0.707083 -0.661763 0.249092 0.707083 0.661763 -0.249092 -0.577349 0.336924 -0.743736 -0.577349 -0.743736 -0.336924 " />
										<TextureCoordinate point="0.0179 0.8156 0.4836 0.8156 0.4836 0.9887 0.0179 0.9887 0.0179 0.6425 0.4836 0.6425 0.4836 0.9887 0.0179 0.9887 0.0179 0.1789 0.4836 0.1789 0.4836 0.3321 0.0179 0.3321 0.0179 0.0257 0.4836 0.0257 0.4836 0.3321 0.0179 0.3321 0.0179 0.1789 0.4836 0.1789 0.4836 0.3321 0.0179 0.1789 0.4836 0.1789 0.0179 0.3321 0.0179 0.6425 0.0179 0.8156 0.4836 0.6425 0.4836 0.8156 0.0179 0.6425 0.4836 0.6425 0.4836 0.8156 0.0179 0.8156 0.0179 0.0257 0.4836 0.0257 " />
									</IndexedTriangleSet>
								</Shape>
							</Group>
						</Transform>
					</Transform>
					<Transform DEF="Cube_007_TRANSFORM"
					           translation="0.000000 -1.750095 1.615588"
					           scale="1.000000 1.000000 1.000000"
					           rotation="0.000000 1.000000 0.000000 0.000000"
					           >
						<Transform DEF="Cube_007_ifs_TRANSFORM"
						           translation="0.000000 0.000000 0.000000"
						           scale="1.000000 1.000000 1.000000"
						           rotation="0.000000 1.000000 0.000000 0.000000"
						           >
							<Group DEF="group_ME_Cube_095">
								<Shape>
									<Appearance>
										<Material USE="MA_Body" />
									</Appearance>
									<IndexedTriangleSet solid="false"
									                    normalPerVertex="true"
									                    index="0 1 2 0 2 3 4 5 6 4 6 7 8 9 10 8 10 11 12 13 14 12 14 15 16 17 18 16 18 19 20 21 14 20 14 22 23 24 25 23 25 26 24 20 22 24 22 25 27 28 29 27 29 30 28 16 19 28 19 29 31 32 33 31 33 34 35 36 37 35 37 38 39 21 40 39 40 41 41 40 5 41 5 4 42 41 4 42 4 43 27 39 41 27 41 42 44 45 46 44 46 47 48 31 34 48 34 49 50 12 15 50 15 30 51 8 11 51 11 52 43 4 7 43 7 53 54 0 3 54 3 55 "
									                    >
										<Coordinate point="-1.478367 -1.596443 -0.378997 -1.478367 -1.835959 0.137609 -1.478367 -0.377339 0.813874 -1.478367 -0.137824 0.297268 0.975417 -0.137824 0.297268 0.975417 -0.377339 0.813874 1.478367 -0.377339 0.813874 1.478367 -0.137824 0.297268 1.478367 -0.137824 0.297268 1.478367 -0.377339 0.813874 1.478367 -1.835959 0.137609 1.478367 -1.596443 -0.378997 -0.975417 -1.596443 -0.378997 -0.975417 -1.835959 0.137609 -1.478367 -1.835959 0.137609 -1.478367 -1.596443 -0.378997 0.975417 0.377339 -0.813874 1.478367 0.377339 -0.813874 1.478367 -1.081280 -1.490139 0.975417 -1.081280 -1.490139 -0.975417 -0.377339 0.813874 -1.478367 -0.377339 0.813874 -0.975417 -1.835959 0.137609 1.478367 -0.377339 0.813874 0.975417 -0.377339 0.813874 0.975417 -1.835959 0.137609 1.478367 -1.835959 0.137609 -1.478367 0.377339 -0.813874 -0.975417 0.377339 -0.813874 -0.975417 -1.081280 -1.490139 -1.478367 -1.081280 -1.490139 1.478367 -1.596443 -0.378997 1.478367 -1.835959 0.137609 0.975417 -1.835959 0.137609 0.975417 -1.596443 -0.378997 0.975417 -1.596443 -0.378997 0.975417 -1.835959 0.137609 -0.975417 -1.835959 0.137609 -0.975417 -1.596443 -0.378997 -1.478367 -0.137824 0.297268 -0.975417 -0.377339 0.813874 -0.975417 -0.137824 0.297268 -0.975417 0.377339 -0.813874 0.975417 0.377339 -0.813874 0.975417 -1.081280 -1.490139 0.975417 -1.596443 -0.378997 -0.975417 -1.596443 -0.378997 -0.975417 -1.081280 -1.490139 1.478367 -1.081280 -1.490139 0.975417 -1.081280 -1.490139 -0.975417 -1.081280 -1.490139 1.478367 0.377339 -0.813874 1.478367 -1.081280 -1.490139 1.478367 0.377339 -0.813874 -1.478367 -1.081280 -1.490139 -1.478367 0.377339 -0.813874 " />
										<Normal vector="-0.707083 -0.641499 -0.297403 -0.577349 -0.766625 0.280923 -0.577349 0.280923 0.766625 -0.707083 0.641499 0.297403 0.000000 0.907224 0.420606 0.000000 0.344066 0.938932 0.577349 0.280923 0.766625 0.707083 0.641499 0.297403 0.707083 0.641499 0.297403 0.577349 0.280923 0.766625 0.577349 -0.766625 0.280923 0.707083 -0.641499 -0.297403 0.000000 -0.907224 -0.420606 0.000000 -0.938932 0.344066 -0.577349 -0.766625 0.280923 -0.707083 -0.641499 -0.297403 0.000000 0.938932 -0.344066 0.577349 0.766625 -0.280923 0.577349 -0.280923 -0.766625 0.000000 -0.344066 -0.938932 0.000000 0.344066 0.938932 -0.577349 0.280923 0.766625 0.000000 -0.938932 0.344066 0.577349 0.280923 0.766625 0.000000 0.344066 0.938932 0.000000 -0.938932 0.344066 0.577349 -0.766625 0.280923 -0.577349 0.766625 -0.280923 0.000000 0.938932 -0.344066 0.000000 -0.344066 -0.938932 -0.577349 -0.280923 -0.766625 0.707083 -0.641499 -0.297403 0.577349 -0.766625 0.280923 0.000000 -0.938932 0.344066 0.000000 -0.907224 -0.420606 0.000000 -0.907224 -0.420606 0.000000 -0.938932 0.344066 0.000000 -0.938932 0.344066 0.000000 -0.907224 -0.420606 -0.707083 0.641499 0.297403 0.000000 0.344066 0.938932 0.000000 0.907224 0.420606 0.000000 0.938932 -0.344066 0.000000 0.938932 -0.344066 0.000000 -0.344066 -0.938932 0.000000 -0.907224 -0.420606 0.000000 -0.907224 -0.420606 0.000000 -0.344066 -0.938932 0.577349 -0.280923 -0.766625 0.000000 -0.344066 -0.938932 0.000000 -0.344066 -0.938932 0.577349 0.766625 -0.280923 0.577349 -0.280923 -0.766625 0.577349 0.766625 -0.280923 -0.577349 -0.280923 -0.766625 -0.577349 0.766625 -0.280923 " />
										<TextureCoordinate point="0.2508 0.6425 0.4836 0.6425 0.4836 0.9887 0.2508 0.9887 0.2508 0.8733 0.4836 0.8733 0.4836 0.9887 0.2508 0.9887 0.2508 0.6425 0.4836 0.6425 0.4836 0.9887 0.2508 0.9887 0.2508 0.8733 0.4836 0.8733 0.4836 0.9887 0.2508 0.9887 0.3284 0.6425 0.4836 0.6425 0.4836 0.9887 0.3284 0.9887 0.3284 0.6425 0.4836 0.6425 0.3284 0.9887 0.0179 0.6425 0.1731 0.6425 0.1731 0.9887 0.0179 0.9887 0.0179 0.6425 0.1731 0.6425 0.1731 0.9887 0.0179 0.9887 0.2508 0.6425 0.4836 0.6425 0.4836 0.7579 0.2508 0.7579 0.0316 0.6509 0.4663 0.6509 0.4663 0.9725 0.0316 0.9725 0.2508 0.6425 0.4836 0.7579 0.2508 0.7579 0.0179 0.7579 0.0179 0.8733 0.0201 0.4004 0.1180 0.4004 0.1180 0.5980 0.0201 0.5980 0.0179 0.6425 0.0179 0.7579 0.0179 0.8733 0.0179 0.6425 0.0179 0.9887 0.0179 0.9887 0.0179 0.6425 0.0179 0.9887 " />
									</IndexedTriangleSet>
								</Shape>
							</Group>
						</Transform>
					</Transform>
				</Transform>
				<Transform DEF="Cube_008_TRANSFORM"
				           translation="0.000000 -3.336532 1.910500"
				           scale="1.000000 1.000000 1.000000"
				           rotation="0.000000 1.000000 0.000000 0.000000"
				           >
					<Transform DEF="Cube_008_ifs_TRANSFORM"
					           translation="0.000000 0.000000 0.000000"
					           scale="1.000000 1.000000 1.000000"
					           rotation="0.000000 1.000000 0.000000 0.000000"
					           >
						<Group DEF="group_ME_Cube_096">
							<Shape>
								<Appearance>
									<Material USE="MA_Body" />
								</Appearance>
								<IndexedTriangleSet solid="false"
								                    normalPerVertex="true"
								                    index="0 1 2 0 2 3 4 5 6 4 6 7 8 9 10 8 10 11 12 13 14 12 14 15 16 17 18 16 18 19 20 21 14 20 14 22 23 24 25 23 25 26 24 20 22 24 22 25 27 28 29 27 29 30 28 16 19 28 19 29 31 32 33 31 33 34 35 36 37 35 37 38 39 21 40 39 40 41 41 40 5 41 5 4 42 41 4 42 4 43 27 39 41 27 41 42 44 45 46 44 46 47 48 31 34 48 34 49 50 12 15 50 15 30 51 8 11 51 11 52 43 4 7 43 7 53 54 0 3 54 3 55 "
								                    >
									<Coordinate point="-1.192659 -0.691063 -0.630870 -1.192659 -1.047168 -0.361102 -1.192659 -0.393633 0.501590 -1.192659 -0.037528 0.231822 0.863613 -0.037528 0.231822 0.863613 -0.393633 0.501590 1.192659 -0.393633 0.501590 1.192659 -0.037528 0.231822 1.192659 -0.037528 0.231822 1.192659 -0.393633 0.501590 1.192659 -1.047168 -0.361102 1.192659 -0.691063 -0.630870 -0.863613 -0.691063 -0.630870 -0.863613 -1.047168 -0.361102 -1.192659 -1.047168 -0.361102 -1.192659 -0.691063 -0.630870 0.863613 0.589429 -0.243131 1.192659 0.589429 -0.243131 1.192659 -0.064106 -1.105824 0.863613 -0.064106 -1.105824 -0.863613 -0.393633 0.501590 -1.192659 -0.393633 0.501590 -0.863613 -1.047168 -0.361102 1.192659 -0.393633 0.501590 0.863613 -0.393633 0.501590 0.863613 -1.047168 -0.361102 1.192659 -1.047168 -0.361102 -1.192659 0.589429 -0.243131 -0.863613 0.589429 -0.243131 -0.863613 -0.064106 -1.105824 -1.192659 -0.064106 -1.105824 1.192659 -0.691063 -0.630870 1.192659 -1.047168 -0.361102 0.863613 -1.047168 -0.361102 0.863613 -0.691063 -0.630870 0.863613 -0.691063 -0.630870 0.863613 -1.047168 -0.361102 -0.863613 -1.047168 -0.361102 -0.863613 -0.691063 -0.630870 -1.192659 -0.037528 0.231822 -0.863613 -0.393633 0.501590 -0.863613 -0.037528 0.231822 -0.863613 0.589429 -0.243131 0.863613 0.589429 -0.243131 0.863613 -0.064106 -1.105824 0.863613 -0.691063 -0.630870 -0.863613 -0.691063 -0.630870 -0.863613 -0.064106 -1.105824 1.192659 -0.064106 -1.105824 0.863613 -0.064106 -1.105824 -0.863613 -0.064106 -1.105824 1.192659 0.589429 -0.243131 1.192659 -0.064106 -1.105824 1.192659 0.589429 -0.243131 -1.192659 -0.064106 -1.105824 -1.192659 0.589429 -0.243131 " />
									<Normal vector="-0.707083 -0.426954 -0.563616 -0.577349 -0.808832 -0.111576 -0.577349 -0.111576 0.808832 -0.707083 0.426954 0.563616 0.000000 0.603839 0.797082 0.000000 -0.136631 0.990600 0.577349 -0.111576 0.808832 0.707083 0.426954 0.563616 0.707083 0.426954 0.563616 0.577349 -0.111576 0.808832 0.577349 -0.808832 -0.111576 0.707083 -0.426954 -0.563616 0.000000 -0.603839 -0.797082 0.000000 -0.990600 -0.136631 -0.577349 -0.808832 -0.111576 -0.707083 -0.426954 -0.563616 0.000000 0.990600 0.136631 0.577349 0.808832 0.111576 0.577349 0.111576 -0.808832 0.000000 0.136631 -0.990600 0.000000 -0.136631 0.990600 -0.577349 -0.111576 0.808832 0.000000 -0.990600 -0.136631 0.577349 -0.111576 0.808832 0.000000 -0.136631 0.990600 0.000000 -0.990600 -0.136631 0.577349 -0.808832 -0.111576 -0.577349 0.808832 0.111576 0.000000 0.990600 0.136631 0.000000 0.136631 -0.990600 -0.577349 0.111576 -0.808832 0.707083 -0.426954 -0.563616 0.577349 -0.808832 -0.111576 0.000000 -0.990600 -0.136631 0.000000 -0.603839 -0.797082 0.000000 -0.603839 -0.797082 0.000000 -0.990600 -0.136631 0.000000 -0.990600 -0.136631 0.000000 -0.603839 -0.797082 -0.707083 0.426954 0.563616 0.000000 -0.136631 0.990600 0.000000 0.603839 0.797082 0.000000 0.990600 0.136631 0.000000 0.990600 0.136631 0.000000 0.136631 -0.990600 0.000000 -0.603839 -0.797082 0.000000 -0.603839 -0.797082 0.000000 0.136631 -0.990600 0.577349 0.111576 -0.808832 0.000000 0.136631 -0.990600 0.000000 0.136631 -0.990600 0.577349 0.808832 0.111576 0.577349 0.111576 -0.808832 0.577349 0.808832 0.111576 -0.577349 0.111576 -0.808832 -0.577349 0.808832 0.111576 " />
									<TextureCoordinate point="0.2508 0.6425 0.4836 0.6425 0.4836 0.9887 0.2508 0.9887 0.2508 0.8733 0.4836 0.8733 0.4836 0.9887 0.2508 0.9887 0.2508 0.6425 0.4836 0.6425 0.4836 0.9887 0.2508 0.9887 0.2508 0.8733 0.4836 0.8733 0.4836 0.9887 0.2508 0.9887 0.3284 0.6425 0.4836 0.6425 0.4836 0.9887 0.3284 0.9887 0.3284 0.6425 0.4836 0.6425 0.3284 0.9887 0.0179 0.6425 0.1731 0.6425 0.1731 0.9887 0.0179 0.9887 0.0179 0.6425 0.1731 0.6425 0.1731 0.9887 0.0179 0.9887 0.2508 0.6425 0.4836 0.6425 0.4836 0.7579 0.2508 0.7579 0.0316 0.6509 0.4663 0.6509 0.4663 0.9725 0.0316 0.9725 0.2508 0.6425 0.4836 0.7579 0.2508 0.7579 0.0179 0.7579 0.0179 0.8733 0.0201 0.4004 0.1180 0.4004 0.1180 0.5980 0.0201 0.5980 0.0179 0.6425 0.0179 0.7579 0.0179 0.8733 0.0179 0.6425 0.0179 0.9887 0.0179 0.9887 0.0179 0.6425 0.0179 0.9887 " />
								</IndexedTriangleSet>
							</Shape>
						</Group>
					</Transform>
					<Transform DEF="Cube_009_TRANSFORM"
					           translation="0.000000 -0.642078 -0.436880"
					           scale="1.000000 1.000000 1.000000"
					           rotation="0.000000 1.000000 0.000000 0.000000"
					           >
						<Transform DEF="Cube_009_ifs_TRANSFORM"
						           translation="0.000000 0.000000 0.000000"
						           scale="1.000000 1.000000 1.000000"
						           rotation="0.000000 1.000000 0.000000 0.000000"
						           >
							<Group DEF="group_ME_Cube_097">
								<Shape>
									<Appearance>
										<Material USE="MA_Body" />
									</Appearance>
									<IndexedTriangleSet solid="false"
									                    normalPerVertex="true"
									                    index="0 1 2 0 2 3 4 5 6 4 6 7 8 9 10 8 10 11 12 13 14 12 14 15 16 17 18 16 18 19 20 21 14 20 14 22 23 24 25 23 25 26 24 20 22 24 22 25 27 28 29 27 29 15 28 16 19 28 19 29 30 31 32 30 32 33 34 35 36 34 36 37 27 21 38 27 38 39 39 38 5 39 5 4 "
									                    >
										<Coordinate point="-1.072739 0.221672 -0.553527 -1.072739 -0.375260 -0.463368 -1.072739 -0.298466 0.045079 -1.072739 0.298466 -0.045079 0.697096 0.298466 -0.045079 0.697096 -0.298466 0.045079 1.072739 -0.298466 0.045079 1.072739 0.298466 -0.045079 1.072739 0.298466 -0.045079 1.072739 -0.298466 0.045079 1.072739 -0.375260 -0.463368 1.072739 0.221672 -0.553527 -0.697096 0.221672 -0.553527 -0.697096 -0.375260 -0.463368 -1.072739 -0.375260 -0.463368 -1.072739 0.221672 -0.553527 0.697096 0.298466 -0.045079 1.072739 0.298466 -0.045079 1.072739 0.221672 -0.553527 0.697096 0.221672 -0.553527 -0.697096 -0.298466 0.045079 -1.072739 -0.298466 0.045079 -0.697096 -0.375260 -0.463368 1.072739 -0.298466 0.045079 0.697096 -0.298466 0.045079 0.697096 -0.375260 -0.463368 1.072739 -0.375260 -0.463368 -1.072739 0.298466 -0.045079 -0.697096 0.298466 -0.045079 -0.697096 0.221672 -0.553527 1.072739 0.221672 -0.553527 1.072739 -0.375260 -0.463368 0.697096 -0.375260 -0.463368 0.697096 0.221672 -0.553527 0.697096 0.221672 -0.553527 0.697096 -0.375260 -0.463368 -0.697096 -0.375260 -0.463368 -0.697096 0.221672 -0.553527 -0.697096 -0.298466 0.045079 -0.697096 0.298466 -0.045079 " />
										<Normal vector="-0.577349 0.484634 -0.657094 -0.577349 -0.657094 -0.484634 -0.577349 -0.484634 0.657094 -0.577349 0.657094 0.484634 0.000000 0.804773 0.593554 0.000000 -0.593554 0.804773 0.577349 -0.484634 0.657094 0.577349 0.657094 0.484634 0.577349 0.657094 0.484634 0.577349 -0.484634 0.657094 0.577349 -0.657094 -0.484634 0.577349 0.484634 -0.657094 0.000000 0.593554 -0.804773 0.000000 -0.804773 -0.593554 -0.577349 -0.657094 -0.484634 -0.577349 0.484634 -0.657094 0.000000 0.804773 0.593554 0.577349 0.657094 0.484634 0.577349 0.484634 -0.657094 0.000000 0.593554 -0.804773 0.000000 -0.593554 0.804773 -0.577349 -0.484634 0.657094 0.000000 -0.804773 -0.593554 0.577349 -0.484634 0.657094 0.000000 -0.593554 0.804773 0.000000 -0.804773 -0.593554 0.577349 -0.657094 -0.484634 -0.577349 0.657094 0.484634 0.000000 0.804773 0.593554 0.000000 0.593554 -0.804773 0.577349 0.484634 -0.657094 0.577349 -0.657094 -0.484634 0.000000 -0.804773 -0.593554 0.000000 0.593554 -0.804773 0.000000 0.593554 -0.804773 0.000000 -0.804773 -0.593554 0.000000 -0.804773 -0.593554 0.000000 0.593554 -0.804773 0.000000 -0.593554 0.804773 0.000000 0.804773 0.593554 " />
										<TextureCoordinate point="0.0179 0.6425 0.4836 0.6425 0.4836 0.9887 0.0179 0.9887 0.0179 0.8733 0.4836 0.8733 0.4836 0.9887 0.0179 0.9887 0.0179 0.6425 0.4836 0.6425 0.4836 0.9887 0.0179 0.9887 0.0179 0.8733 0.4836 0.8733 0.4836 0.9887 0.0179 0.9887 0.3284 0.6425 0.4836 0.6425 0.4836 0.9887 0.3284 0.9887 0.3284 0.6425 0.4836 0.6425 0.3284 0.9887 0.0179 0.6425 0.1731 0.6425 0.1731 0.9887 0.0179 0.9887 0.0179 0.6425 0.1731 0.6425 0.1731 0.9887 0.0179 0.6425 0.4836 0.6425 0.4836 0.7579 0.0179 0.7579 0.0201 0.4004 0.2158 0.4004 0.2158 0.5980 0.0201 0.5980 0.4836 0.7579 0.0179 0.7579 " />
									</IndexedTriangleSet>
								</Shape>
							</Group>
						</Transform>
						<Transform DEF="Cube_010_TRANSFORM"
						           translation="0.000000 -0.279466 0.058237"
						           scale="1.000000 1.000000 1.000000"
						           rotation="0.000000 1.000000 0.000000 0.000000"
						           >
							<Transform DEF="Cube_010_ifs_TRANSFORM"
							           translation="0.000000 0.000000 0.000000"
							           scale="1.000000 1.000000 1.000000"
							           rotation="0.000000 1.000000 0.000000 0.000000"
							           >
								<Group DEF="group_ME_Cube_098">
									<Shape>
										<Appearance>
											<Material USE="MA_Body" />
										</Appearance>
										<IndexedTriangleSet solid="false"
										                    normalPerVertex="true"
										                    index="0 1 2 0 2 3 4 5 6 4 6 7 8 9 10 8 10 11 12 13 14 12 14 15 16 17 18 16 18 19 20 5 14 20 14 21 "
										                    >
											<Coordinate point="-0.436925 -0.176563 -0.688511 -0.436925 -0.367429 -0.608455 -0.436925 -0.095433 0.040028 -0.436925 0.095433 -0.040028 -0.436925 0.095433 -0.040028 -0.436925 -0.095433 0.040028 0.436925 -0.095433 0.040028 0.436925 0.095433 -0.040028 0.436925 0.095433 -0.040028 0.436925 -0.095433 0.040028 0.436925 -0.367429 -0.608455 0.436925 -0.176563 -0.688511 0.436925 -0.176563 -0.688511 0.436925 -0.367429 -0.608455 -0.436925 -0.367429 -0.608455 -0.436925 -0.176563 -0.688511 -0.436925 0.095433 -0.040028 0.436925 0.095433 -0.040028 0.436925 -0.176563 -0.688511 -0.436925 -0.176563 -0.688511 0.436925 -0.095433 0.040028 0.436925 -0.367429 -0.608455 " />
											<Normal vector="-0.577349 0.309091 -0.755699 -0.577349 -0.755699 -0.309091 -0.577349 -0.309091 0.755699 -0.577349 0.755699 0.309091 -0.577349 0.755699 0.309091 -0.577349 -0.309091 0.755699 0.577349 -0.309091 0.755699 0.577349 0.755699 0.309091 0.577349 0.755699 0.309091 0.577349 -0.309091 0.755699 0.577349 -0.755699 -0.309091 0.577349 0.309091 -0.755699 0.577349 0.309091 -0.755699 0.577349 -0.755699 -0.309091 -0.577349 -0.755699 -0.309091 -0.577349 0.309091 -0.755699 -0.577349 0.755699 0.309091 0.577349 0.755699 0.309091 0.577349 0.309091 -0.755699 -0.577349 0.309091 -0.755699 0.577349 -0.309091 0.755699 0.577349 -0.755699 -0.309091 " />
											<TextureCoordinate point="0.0179 0.6425 0.4836 0.6425 0.4836 0.9887 0.0179 0.9887 0.0179 0.6425 0.4836 0.6425 0.4836 0.9887 0.0179 0.9887 0.0179 0.6425 0.4836 0.6425 0.4836 0.9887 0.0179 0.9887 0.0179 0.6425 0.4836 0.6425 0.4836 0.9887 0.0179 0.9887 0.0298 0.3973 0.1983 0.3973 0.1983 0.5933 0.0298 0.5933 0.0179 0.6425 0.0179 0.9887 " />
										</IndexedTriangleSet>
									</Shape>
								</Group>
							</Transform>
						</Transform>
					</Transform>
					<Transform DEF="Cube_011_TRANSFORM"
					           translation="0.550076 -0.977286 -0.735491"
					           scale="1.000000 1.000000 1.000000"
					           rotation="0.000000 1.000000 0.000000 0.000000"
					           >
						<Transform DEF="Cube_011_ifs_TRANSFORM"
						           translation="0.000000 0.000000 0.000000"
						           scale="1.000000 1.000000 1.000000"
						           rotation="0.000000 1.000000 0.000000 0.000000"
						           >
							<Group DEF="group_ME_Cube_100">
								<Shape>
									<Appearance>
										<Material USE="MA_Body" />
									</Appearance>
									<IndexedTriangleSet solid="false"
									                    normalPerVertex="true"
									                    index="0 1 2 0 2 3 4 5 6 4 6 7 8 9 10 8 10 11 12 13 14 12 14 15 16 17 18 16 18 19 20 5 14 20 14 21 "
									                    >
										<Coordinate point="-0.102962 -0.072311 -0.439818 -0.063581 -0.209790 -0.401517 -0.183269 -0.141499 -0.033331 -0.222650 -0.004021 -0.071632 -0.222650 -0.004021 -0.071632 -0.183269 -0.141499 -0.033331 0.222650 0.004021 0.071632 0.183269 0.141499 0.033331 0.183269 0.141499 0.033331 0.222650 0.004021 0.071632 0.342338 -0.064270 -0.296554 0.302956 0.073209 -0.334855 0.302956 0.073209 -0.334855 0.342338 -0.064270 -0.296554 -0.063581 -0.209790 -0.401517 -0.102962 -0.072311 -0.439818 -0.222650 -0.004021 -0.071632 0.183269 0.141499 0.033331 0.302956 0.073209 -0.334855 -0.102962 -0.072311 -0.439818 0.222650 0.004021 0.071632 0.342338 -0.064270 -0.296554 " />
										<Normal vector="-0.505844 0.246529 -0.826624 -0.198706 -0.825709 -0.527879 -0.550249 -0.625141 0.553514 -0.857387 0.447096 0.254799 -0.857387 0.447096 0.254799 -0.550249 -0.625141 0.553514 0.505844 -0.246529 0.826624 0.198706 0.825709 0.527879 0.198706 0.825709 0.527879 0.505844 -0.246529 0.826624 0.857387 -0.447096 -0.254799 0.550249 0.625141 -0.553514 0.550249 0.625141 -0.553514 0.857387 -0.447096 -0.254799 -0.198706 -0.825709 -0.527879 -0.505844 0.246529 -0.826624 -0.857387 0.447096 0.254799 0.198706 0.825709 0.527879 0.550249 0.625141 -0.553514 -0.505844 0.246529 -0.826624 0.505844 -0.246529 0.826624 0.857387 -0.447096 -0.254799 " />
										<TextureCoordinate point="0.0179 0.6425 0.4836 0.6425 0.4836 0.9887 0.0179 0.9887 0.0179 0.6425 0.4836 0.6425 0.4836 0.9887 0.0179 0.9887 0.0179 0.6425 0.4836 0.6425 0.4836 0.9887 0.0179 0.9887 0.0179 0.6425 0.4836 0.6425 0.4836 0.9887 0.0179 0.9887 0.0298 0.3973 0.1983 0.3973 0.1983 0.5933 0.0298 0.5933 0.0179 0.6425 0.0179 0.9887 " />
									</IndexedTriangleSet>
								</Shape>
							</Group>
						</Transform>
					</Transform>
					<Transform DEF="Cube_013_TRANSFORM"
					           translation="0.000000 -1.170768 -0.972834"
					           scale="1.000000 1.000000 1.000000"
					           rotation="0.000000 1.000000 0.000000 0.000000"
					           >
						<Transform DEF="Cube_013_ifs_TRANSFORM"
						           translation="0.000000 0.000000 0.000000"
						           scale="1.000000 1.000000 1.000000"
						           rotation="0.000000 1.000000 0.000000 0.000000"
						           >
							<Group DEF="group_ME_Cube_102">
								<Shape>
									<Appearance>
										<Material USE="MA_Body" />
									</Appearance>
									<IndexedTriangleSet solid="false"
									                    normalPerVertex="true"
									                    index="0 1 2 0 2 3 4 5 6 4 6 7 8 9 10 8 10 11 12 13 14 12 14 15 16 17 18 16 18 19 20 5 14 20 14 21 "
									                    >
										<Coordinate point="-0.302346 0.068844 -0.265147 -0.302348 -0.069997 -0.264843 -0.304085 -0.069421 -0.001856 -0.304083 0.069421 -0.002160 -0.304083 0.069421 -0.002160 -0.304085 -0.069421 -0.001856 0.304083 -0.069421 0.002160 0.304085 0.069421 0.001856 0.304085 0.069421 0.001856 0.304083 -0.069421 0.002160 0.305819 -0.069997 -0.260827 0.305821 0.068844 -0.261131 0.305821 0.068844 -0.261131 0.305819 -0.069997 -0.260827 -0.302348 -0.069997 -0.264843 -0.302346 0.068844 -0.265147 -0.304083 0.069421 -0.002160 0.304085 0.069421 0.001856 0.305821 0.068844 -0.261131 -0.302346 0.068844 -0.265147 0.304083 -0.069421 0.002160 0.305819 -0.069997 -0.260827 " />
										<Normal vector="-0.573504 0.576067 -0.582385 -0.573504 -0.578600 -0.579882 -0.581133 -0.576067 0.574786 -0.581133 0.578600 0.572253 -0.581133 0.578600 0.572253 -0.581133 -0.576067 0.574786 0.573504 -0.576067 0.582385 0.573504 0.578600 0.579882 0.573504 0.578600 0.579882 0.573504 -0.576067 0.582385 0.581133 -0.578600 -0.572253 0.581133 0.576067 -0.574786 0.581133 0.576067 -0.574786 0.581133 -0.578600 -0.572253 -0.573504 -0.578600 -0.579882 -0.573504 0.576067 -0.582385 -0.581133 0.578600 0.572253 0.573504 0.578600 0.579882 0.581133 0.576067 -0.574786 -0.573504 0.576067 -0.582385 0.573504 -0.576067 0.582385 0.581133 -0.578600 -0.572253 " />
										<TextureCoordinate point="0.0179 0.6425 0.4836 0.6425 0.4836 0.9887 0.0179 0.9887 0.0179 0.6425 0.4836 0.6425 0.4836 0.9887 0.0179 0.9887 0.0179 0.6425 0.4836 0.6425 0.4836 0.9887 0.0179 0.9887 0.0179 0.6425 0.4836 0.6425 0.4836 0.9887 0.0179 0.9887 0.0298 0.3973 0.1983 0.3973 0.1983 0.5933 0.0298 0.5933 0.0179 0.6425 0.0179 0.9887 " />
									</IndexedTriangleSet>
								</Shape>
							</Group>
						</Transform>
					</Transform>
					<Transform DEF="Cube_071_TRANSFORM"
					           translation="-0.550076 -0.977286 -0.735491"
					           scale="1.000000 1.000000 1.000000"
					           rotation="0.000000 1.000000 0.000000 0.000000"
					           >
						<Transform DEF="Cube_071_ifs_TRANSFORM"
						           translation="0.000000 0.000000 0.000000"
						           scale="1.000000 1.000000 1.000000"
						           rotation="0.000000 1.000000 0.000000 0.000000"
						           >
							<Group DEF="group_ME_Cube_024">
								<Shape>
									<Appearance>
										<Material USE="MA_Body" />
									</Appearance>
									<IndexedTriangleSet solid="false"
									                    normalPerVertex="true"
									                    index="0 1 2 0 2 3 4 5 6 4 6 7 8 9 10 8 10 11 12 13 14 12 14 15 16 17 18 16 18 19 20 21 14 20 14 7 "
									                    >
										<Coordinate point="0.102962 -0.072311 -0.439818 0.222650 -0.004021 -0.071632 0.183269 -0.141499 -0.033331 0.063581 -0.209790 -0.401517 0.222650 -0.004021 -0.071632 -0.183269 0.141499 0.033331 -0.222650 0.004021 0.071632 0.183269 -0.141499 -0.033331 -0.183269 0.141499 0.033331 -0.302956 0.073209 -0.334855 -0.342338 -0.064270 -0.296554 -0.222650 0.004021 0.071632 -0.302956 0.073209 -0.334855 0.102962 -0.072311 -0.439818 0.063581 -0.209790 -0.401517 -0.342338 -0.064270 -0.296554 0.222650 -0.004021 -0.071632 0.102962 -0.072311 -0.439818 -0.302956 0.073209 -0.334855 -0.183269 0.141499 0.033331 -0.222650 0.004021 0.071632 -0.342338 -0.064270 -0.296554 " />
										<Normal vector="0.505844 0.246529 -0.826624 0.857387 0.447096 0.254799 0.550249 -0.625141 0.553514 0.198706 -0.825709 -0.527879 0.857387 0.447096 0.254799 -0.198706 0.825709 0.527879 -0.505844 -0.246529 0.826624 0.550249 -0.625141 0.553514 -0.198706 0.825709 0.527879 -0.550249 0.625141 -0.553514 -0.857387 -0.447096 -0.254799 -0.505844 -0.246529 0.826624 -0.550249 0.625141 -0.553514 0.505844 0.246529 -0.826624 0.198706 -0.825709 -0.527879 -0.857387 -0.447096 -0.254799 0.857387 0.447096 0.254799 0.505844 0.246529 -0.826624 -0.550249 0.625141 -0.553514 -0.198706 0.825709 0.527879 -0.505844 -0.246529 0.826624 -0.857387 -0.447096 -0.254799 " />
										<TextureCoordinate point="0.0179 0.6425 0.0179 0.9887 0.4836 0.9887 0.4836 0.6425 0.0179 0.6425 0.0179 0.9887 0.4836 0.9887 0.4836 0.6425 0.0179 0.6425 0.0179 0.9887 0.4836 0.9887 0.4836 0.6425 0.0179 0.6425 0.0179 0.9887 0.4836 0.9887 0.4836 0.6425 0.0298 0.3973 0.0298 0.5933 0.1983 0.5933 0.1983 0.3973 0.0179 0.6425 0.0179 0.9887 " />
									</IndexedTriangleSet>
								</Shape>
							</Group>
						</Transform>
					</Transform>
				</Transform>
				<Transform DEF="Cube_012_TRANSFORM"
				           translation="0.588225 -4.307759 1.442427"
				           scale="1.000000 1.000000 1.000000"
				           rotation="0.000000 1.000000 0.000000 0.000000"
				           >
					<Transform DEF="Cube_012_ifs_TRANSFORM"
					           translation="0.000000 0.000000 0.000000"
					           scale="1.000000 1.000000 1.000000"
					           rotation="0.000000 1.000000 0.000000 0.000000"
					           >
						<Group DEF="group_ME_Cube_101">
							<Shape>
								<Appearance>
									<Material USE="MA_Body" />
								</Appearance>
								<IndexedTriangleSet solid="false"
								                    normalPerVertex="true"
								                    index="0 1 2 0 2 3 4 5 6 4 6 7 8 9 10 8 10 11 12 13 14 12 14 15 4 16 17 4 17 15 "
								                    >
									<Coordinate point="-0.175595 -0.016060 -0.363125 -0.152253 -0.164418 -0.335763 -0.148893 -0.098333 0.019689 -0.172235 0.050025 -0.007673 -0.172235 0.050025 -0.007673 -0.148893 -0.098333 0.019689 0.172235 -0.050025 0.007673 0.148893 0.098333 -0.019689 0.148893 0.098333 -0.019689 0.172235 -0.050025 0.007673 0.168875 -0.116110 -0.347780 0.145533 0.032248 -0.375142 0.145533 0.032248 -0.375142 0.168875 -0.116110 -0.347780 -0.152253 -0.164418 -0.335763 -0.175595 -0.016060 -0.363125 0.148893 0.098333 -0.019689 0.145533 0.032248 -0.375142 " />
									<Normal vector="-0.664174 0.369732 -0.649709 -0.487594 -0.752434 -0.442763 -0.476882 -0.541398 0.692404 -0.653432 0.580767 0.485458 -0.653432 0.580767 0.485458 -0.476882 -0.541398 0.692404 0.664174 -0.369732 0.649709 0.487594 0.752434 0.442763 0.487594 0.752434 0.442763 0.664174 -0.369732 0.649709 0.653432 -0.580767 -0.485458 0.476882 0.541398 -0.692404 0.476882 0.541398 -0.692404 0.653432 -0.580767 -0.485458 -0.487594 -0.752434 -0.442763 -0.664174 0.369732 -0.649709 0.487594 0.752434 0.442763 0.476882 0.541398 -0.692404 " />
									<TextureCoordinate point="0.5241 0.6500 0.9696 0.6500 0.9696 0.9812 0.5241 0.9812 0.5241 0.6500 0.9696 0.6500 0.9696 0.9812 0.5241 0.9812 0.5241 0.6500 0.9696 0.6500 0.9696 0.9812 0.5241 0.9812 0.5241 0.6500 0.9696 0.6500 0.9696 0.9812 0.5241 0.9812 0.9696 0.6500 0.9696 0.9812 " />
								</IndexedTriangleSet>
							</Shape>
							<Shape>
								<Appearance>
									<Material DEF="MA_Eye"
									          diffuseColor="0.800 0.800 0.800"
									          specularColor="0.401 0.401 0.401"
									          emissiveColor="0.000 0.000 0.000"
									          ambientIntensity="0.000"
									          shininess="0.500"
									          transparency="0.0"
									          />
								</Appearance>
								<IndexedTriangleSet solid="false"
								                    normalPerVertex="true"
								                    index="0 1 2 0 2 3 "
								                    >
									<Coordinate point="0.172235 -0.050025 0.007673 -0.148893 -0.098333 0.019689 -0.152253 -0.164418 -0.335763 0.168875 -0.116110 -0.347780 " />
									<Normal vector="0.664174 -0.369732 0.649709 -0.476882 -0.541398 0.692404 -0.487594 -0.752434 -0.442763 0.653432 -0.580767 -0.485458 " />
									<TextureCoordinate point="0.9826 0.9796 0.0175 0.9796 0.0175 0.4970 0.9826 0.4970 " />
								</IndexedTriangleSet>
							</Shape>
						</Group>
					</Transform>
				</Transform>
				<Transform DEF="Cube_021_TRANSFORM"
				           translation="0.000000 0.142720 2.292927"
				           scale="1.000000 1.000000 1.000000"
				           rotation="0.000000 1.000000 0.000000 0.000000"
				           >
					<Transform DEF="Cube_021_ifs_TRANSFORM"
					           translation="0.000000 0.000000 0.000000"
					           scale="1.000000 1.000000 1.000000"
					           rotation="0.000000 1.000000 0.000000 0.000000"
					           >
						<Group DEF="group_ME_Cube_110">
							<Shape>
								<Appearance>
									<Material USE="MA_Body" />
								</Appearance>
								<IndexedTriangleSet solid="false"
								                    normalPerVertex="true"
								                    index="0 1 2 0 2 3 4 5 6 4 6 7 8 9 10 8 10 11 12 13 14 12 14 15 4 16 17 4 17 15 18 5 14 18 14 19 "
								                    >
									<Coordinate point="-0.105351 0.346898 0.144406 -0.105351 0.832735 -1.022690 -0.105351 0.138939 -1.311502 -0.105351 -0.346898 -0.144406 -0.105351 -0.346898 -0.144406 -0.105351 0.138939 -1.311502 0.105351 0.138939 -1.311502 0.105351 -0.346898 -0.144406 0.105351 -0.346898 -0.144406 0.105351 0.138939 -1.311502 0.105351 0.832735 -1.022690 0.105351 0.346898 0.144406 0.105351 0.346898 0.144406 0.105351 0.832735 -1.022690 -0.105351 0.832735 -1.022690 -0.105351 0.346898 0.144406 0.105351 -0.346898 -0.144406 0.105351 0.346898 0.144406 0.105351 0.138939 -1.311502 0.105351 0.832735 -1.022690 " />
									<Normal vector="-0.577349 0.311106 0.754875 -0.577349 0.754875 -0.311106 -0.577349 -0.311106 -0.754875 -0.577349 -0.754875 0.311106 -0.577349 -0.754875 0.311106 -0.577349 -0.311106 -0.754875 0.577349 -0.311106 -0.754875 0.577349 -0.754875 0.311106 0.577349 -0.754875 0.311106 0.577349 -0.311106 -0.754875 0.577349 0.754875 -0.311106 0.577349 0.311106 0.754875 0.577349 0.311106 0.754875 0.577349 0.754875 -0.311106 -0.577349 0.754875 -0.311106 -0.577349 0.311106 0.754875 0.577349 -0.754875 0.311106 0.577349 0.311106 0.754875 0.577349 -0.311106 -0.754875 0.577349 0.754875 -0.311106 " />
									<TextureCoordinate point="0.5241 0.6500 0.9696 0.6500 0.9696 0.9812 0.5241 0.9812 0.5241 0.6500 0.9696 0.6500 0.9696 0.9812 0.5241 0.9812 0.5241 0.6500 0.9696 0.6500 0.9696 0.9812 0.5241 0.9812 0.5241 0.6500 0.9696 0.6500 0.9696 0.9812 0.5241 0.9812 0.9696 0.6500 0.9696 0.9812 0.5241 0.6500 0.5241 0.9812 " />
								</IndexedTriangleSet>
							</Shape>
						</Group>
					</Transform>
					<Transform DEF="Cube_020_TRANSFORM"
					           translation="0.000000 -0.712048 0.811316"
					           scale="1.000000 1.000000 1.000000"
					           rotation="0.000000 1.000000 0.000000 0.000000"
					           >
						<Transform DEF="Cube_020_ifs_TRANSFORM"
						           translation="0.000000 0.000000 0.000000"
						           scale="1.000000 1.000000 1.000000"
						           rotation="0.000000 1.000000 0.000000 0.000000"
						           >
							<Group DEF="group_ME_Cube_109">
								<Shape>
									<Appearance>
										<Material USE="MA_Body" />
									</Appearance>
									<IndexedTriangleSet solid="false"
									                    normalPerVertex="true"
									                    index="0 1 2 0 2 3 4 5 6 4 6 7 8 9 10 8 10 11 12 13 14 12 14 15 4 16 17 4 17 15 18 5 14 18 14 19 "
									                    >
										<Coordinate point="-0.116130 0.325684 0.292662 -0.116130 1.161529 -0.637495 -0.116130 0.510161 -1.222818 -0.116130 -0.325684 -0.292662 -0.116130 -0.325684 -0.292662 -0.116130 0.510161 -1.222818 0.116130 0.510161 -1.222818 0.116130 -0.325684 -0.292662 0.116130 -0.325684 -0.292662 0.116130 0.510161 -1.222818 0.116130 1.161529 -0.637495 0.116130 0.325684 0.292662 0.116130 0.325684 0.292662 0.116130 1.161529 -0.637495 -0.116130 1.161529 -0.637495 -0.116130 0.325684 0.292662 0.116130 -0.325684 -0.292662 0.116130 0.325684 0.292662 0.116130 0.510161 -1.222818 0.116130 1.161529 -0.637495 " />
										<Normal vector="-0.577349 0.043519 0.815332 -0.577349 0.815332 -0.043519 -0.577349 -0.043519 -0.815332 -0.577349 -0.815332 0.043519 -0.577349 -0.815332 0.043519 -0.577349 -0.043519 -0.815332 0.577349 -0.043519 -0.815332 0.577349 -0.815332 0.043519 0.577349 -0.815332 0.043519 0.577349 -0.043519 -0.815332 0.577349 0.815332 -0.043519 0.577349 0.043519 0.815332 0.577349 0.043519 0.815332 0.577349 0.815332 -0.043519 -0.577349 0.815332 -0.043519 -0.577349 0.043519 0.815332 0.577349 -0.815332 0.043519 0.577349 0.043519 0.815332 0.577349 -0.043519 -0.815332 0.577349 0.815332 -0.043519 " />
										<TextureCoordinate point="0.5241 0.6500 0.9696 0.6500 0.9696 0.9812 0.5241 0.9812 0.5241 0.6500 0.9696 0.6500 0.9696 0.9812 0.5241 0.9812 0.5241 0.6500 0.9696 0.6500 0.9696 0.9812 0.5241 0.9812 0.5241 0.6500 0.9696 0.6500 0.9696 0.9812 0.5241 0.9812 0.9696 0.6500 0.9696 0.9812 0.5241 0.6500 0.5241 0.9812 " />
									</IndexedTriangleSet>
								</Shape>
							</Group>
						</Transform>
						<Transform DEF="Cube_019_TRANSFORM"
						           translation="0.000000 -1.242624 0.337788"
						           scale="1.000000 1.000000 1.000000"
						           rotation="0.000000 1.000000 0.000000 0.000000"
						           >
							<Transform DEF="Cube_019_ifs_TRANSFORM"
							           translation="0.000000 0.000000 0.000000"
							           scale="1.000000 1.000000 1.000000"
							           rotation="0.000000 1.000000 0.000000 0.000000"
							           >
								<Group DEF="group_ME_Cube_108">
									<Shape>
										<Appearance>
											<Material USE="MA_Body" />
										</Appearance>
										<IndexedTriangleSet solid="false"
										                    normalPerVertex="true"
										                    index="0 1 2 0 2 3 4 5 6 4 6 7 8 9 10 8 10 11 12 13 14 12 14 15 4 16 17 4 17 15 18 5 14 18 14 19 "
										                    >
											<Coordinate point="-0.108188 0.081669 0.337629 -0.108188 1.547005 -0.016821 -0.108188 1.383667 -0.692080 -0.108188 -0.081669 -0.337629 -0.108188 -0.081669 -0.337629 -0.108188 1.383667 -0.692080 0.108188 1.383667 -0.692080 0.108188 -0.081669 -0.337629 0.108188 -0.081669 -0.337629 0.108188 1.383667 -0.692080 0.108188 1.547005 -0.016821 0.108188 0.081669 0.337629 0.108188 0.081669 0.337629 0.108188 1.547005 -0.016821 -0.108188 1.547005 -0.016821 -0.108188 0.081669 0.337629 0.108188 -0.081669 -0.337629 0.108188 0.081669 0.337629 0.108188 1.383667 -0.692080 0.108188 1.547005 -0.016821 " />
											<Normal vector="-0.577349 -0.425398 0.696890 -0.577349 0.696890 0.425398 -0.577349 0.425398 -0.696890 -0.577349 -0.696890 -0.425398 -0.577349 -0.696890 -0.425398 -0.577349 0.425398 -0.696890 0.577349 0.425398 -0.696890 0.577349 -0.696890 -0.425398 0.577349 -0.696890 -0.425398 0.577349 0.425398 -0.696890 0.577349 0.696890 0.425398 0.577349 -0.425398 0.696890 0.577349 -0.425398 0.696890 0.577349 0.696890 0.425398 -0.577349 0.696890 0.425398 -0.577349 -0.425398 0.696890 0.577349 -0.696890 -0.425398 0.577349 -0.425398 0.696890 0.577349 0.425398 -0.696890 0.577349 0.696890 0.425398 " />
											<TextureCoordinate point="0.5241 0.6500 0.9696 0.6500 0.9696 0.9812 0.5241 0.9812 0.5241 0.6500 0.9696 0.6500 0.9696 0.9812 0.5241 0.9812 0.5241 0.6500 0.9696 0.6500 0.9696 0.9812 0.5241 0.9812 0.5241 0.6500 0.9696 0.6500 0.9696 0.9812 0.5241 0.9812 0.9696 0.6500 0.9696 0.9812 0.5241 0.6500 0.5241 0.9812 " />
										</IndexedTriangleSet>
									</Shape>
								</Group>
							</Transform>
							<Transform DEF="Cube_018_TRANSFORM"
							           translation="0.000000 -1.052824 -0.178760"
							           scale="1.000000 1.000000 1.000000"
							           rotation="0.000000 1.000000 0.000000 0.000000"
							           >
								<Transform DEF="Cube_018_ifs_TRANSFORM"
								           translation="0.000000 0.000000 0.000000"
								           scale="1.000000 1.000000 1.000000"
								           rotation="0.000000 1.000000 0.000000 0.000000"
								           >
									<Group DEF="group_ME_Cube_107">
										<Shape>
											<Appearance>
												<Material USE="MA_Body" />
											</Appearance>
											<IndexedTriangleSet solid="false"
											                    normalPerVertex="true"
											                    index="0 1 2 0 2 3 4 5 6 4 6 7 8 9 10 8 10 11 12 13 14 12 14 15 4 16 17 4 17 15 18 5 14 18 14 19 "
											                    >
												<Coordinate point="-0.105152 -0.049247 0.330400 -0.105152 1.138004 0.507364 -0.105152 1.236499 -0.153435 -0.105152 0.049247 -0.330400 -0.105152 0.049247 -0.330400 -0.105152 1.236499 -0.153435 0.105152 1.236499 -0.153435 0.105152 0.049247 -0.330400 0.105152 0.049247 -0.330400 0.105152 1.236499 -0.153435 0.105152 1.138004 0.507364 0.105152 -0.049247 0.330400 0.105152 -0.049247 0.330400 0.105152 1.138004 0.507364 -0.105152 1.138004 0.507364 -0.105152 -0.049247 0.330400 0.105152 0.049247 -0.330400 0.105152 -0.049247 0.330400 0.105152 1.236499 -0.153435 0.105152 1.138004 0.507364 " />
												<Normal vector="-0.577349 -0.656148 0.485916 -0.577349 0.485916 0.656148 -0.577349 0.656148 -0.485916 -0.577349 -0.485916 -0.656148 -0.577349 -0.485916 -0.656148 -0.577349 0.656148 -0.485916 0.577349 0.656148 -0.485916 0.577349 -0.485916 -0.656148 0.577349 -0.485916 -0.656148 0.577349 0.656148 -0.485916 0.577349 0.485916 0.656148 0.577349 -0.656148 0.485916 0.577349 -0.656148 0.485916 0.577349 0.485916 0.656148 -0.577349 0.485916 0.656148 -0.577349 -0.656148 0.485916 0.577349 -0.485916 -0.656148 0.577349 -0.656148 0.485916 0.577349 0.656148 -0.485916 0.577349 0.485916 0.656148 " />
												<TextureCoordinate point="0.5409 0.6566 0.9685 0.6566 0.9685 0.9746 0.5409 0.9746 0.5409 0.6566 0.9685 0.6566 0.9685 0.9746 0.5409 0.9746 0.5409 0.6566 0.9685 0.6566 0.9685 0.9746 0.5409 0.9746 0.5409 0.6566 0.9685 0.6566 0.9685 0.9746 0.5409 0.9746 0.9685 0.6566 0.9685 0.9746 0.5409 0.6566 0.5409 0.9746 " />
											</IndexedTriangleSet>
										</Shape>
									</Group>
								</Transform>
								<Transform DEF="Cube_017_TRANSFORM"
								           translation="0.000000 -0.903749 -0.615839"
								           scale="1.000000 1.000000 1.000000"
								           rotation="0.000000 1.000000 0.000000 0.000000"
								           >
									<Transform DEF="Cube_017_ifs_TRANSFORM"
									           translation="0.000000 0.000000 0.000000"
									           scale="1.000000 1.000000 1.000000"
									           rotation="0.000000 1.000000 0.000000 0.000000"
									           >
										<Group DEF="group_ME_Cube_106">
											<Shape>
												<Appearance>
													<Material USE="MA_Body" />
												</Appearance>
												<IndexedTriangleSet solid="false"
												                    normalPerVertex="true"
												                    index="0 1 2 0 2 3 4 5 6 4 6 7 8 9 10 8 10 11 12 13 14 12 14 15 4 16 17 4 17 15 18 5 14 18 14 19 "
												                    >
													<Coordinate point="-0.108700 -0.170271 0.261718 -0.108700 0.835897 0.916322 -0.108700 1.176440 0.392887 -0.108700 0.170271 -0.261718 -0.108700 0.170271 -0.261718 -0.108700 1.176440 0.392887 0.108700 1.176440 0.392887 0.108700 0.170271 -0.261718 0.108700 0.170271 -0.261718 0.108700 1.176440 0.392887 0.108700 0.835897 0.916322 0.108700 -0.170271 0.261718 0.108700 -0.170271 0.261718 0.108700 0.835897 0.916322 -0.108700 0.835897 0.916322 -0.108700 -0.170271 0.261718 0.108700 0.170271 -0.261718 0.108700 -0.170271 0.261718 0.108700 1.176440 0.392887 0.108700 0.835897 0.916322 " />
													<Normal vector="-0.577349 -0.798791 0.169073 -0.577349 0.169073 0.798791 -0.577349 0.798791 -0.169073 -0.577349 -0.169073 -0.798791 -0.577349 -0.169073 -0.798791 -0.577349 0.798791 -0.169073 0.577349 0.798791 -0.169073 0.577349 -0.169073 -0.798791 0.577349 -0.169073 -0.798791 0.577349 0.798791 -0.169073 0.577349 0.169073 0.798791 0.577349 -0.798791 0.169073 0.577349 -0.798791 0.169073 0.577349 0.169073 0.798791 -0.577349 0.169073 0.798791 -0.577349 -0.798791 0.169073 0.577349 -0.169073 -0.798791 0.577349 -0.798791 0.169073 0.577349 0.798791 -0.169073 0.577349 0.169073 0.798791 " />
													<TextureCoordinate point="0.5241 0.6500 0.9696 0.6500 0.9696 0.9812 0.5241 0.9812 0.5241 0.6500 0.9696 0.6500 0.9696 0.9812 0.5241 0.9812 0.5241 0.6500 0.9696 0.6500 0.9696 0.9812 0.5241 0.9812 0.5241 0.6500 0.9696 0.6500 0.9696 0.9812 0.5241 0.9812 0.9696 0.6500 0.9696 0.9812 0.5241 0.6500 0.5241 0.9812 " />
												</IndexedTriangleSet>
											</Shape>
										</Group>
									</Transform>
									<Transform DEF="Cube_016_TRANSFORM"
									           translation="0.000000 -0.387185 -0.516932"
									           scale="1.000000 1.000000 1.000000"
									           rotation="0.000000 1.000000 0.000000 0.000000"
									           >
										<Transform DEF="Cube_016_ifs_TRANSFORM"
										           translation="0.000000 0.000000 0.000000"
										           scale="1.000000 1.000000 1.000000"
										           rotation="0.000000 1.000000 0.000000 0.000000"
										           >
											<Group DEF="group_ME_Cube_105">
												<Shape>
													<Appearance>
														<Material USE="MA_Body" />
													</Appearance>
													<IndexedTriangleSet solid="false"
													                    normalPerVertex="true"
													                    index="0 1 2 0 2 3 4 5 6 4 6 7 8 9 10 8 10 11 12 13 14 12 14 15 4 16 17 4 17 15 18 5 14 18 14 19 "
													                    >
														<Coordinate point="-0.101767 -0.205742 0.133081 -0.101767 0.205987 0.769613 -0.101767 0.617472 0.503452 -0.101767 0.205742 -0.133081 -0.101767 0.205742 -0.133081 -0.101767 0.617472 0.503452 0.101767 0.617472 0.503452 0.101767 0.205742 -0.133081 0.101767 0.205742 -0.133081 0.101767 0.617472 0.503452 0.101767 0.205987 0.769613 0.101767 -0.205742 0.133081 0.101767 -0.205742 0.133081 0.101767 0.205987 0.769613 -0.101767 0.205987 0.769613 -0.101767 -0.205742 0.133081 0.101767 0.205742 -0.133081 0.101767 -0.205742 0.133081 0.101767 0.617472 0.503452 0.101767 0.205987 0.769613 " />
														<Normal vector="-0.577349 -0.798334 -0.171178 -0.577349 -0.171178 0.798334 -0.577349 0.798334 0.171178 -0.577349 0.171178 -0.798334 -0.577349 0.171178 -0.798334 -0.577349 0.798334 0.171178 0.577349 0.798334 0.171178 0.577349 0.171178 -0.798334 0.577349 0.171178 -0.798334 0.577349 0.798334 0.171178 0.577349 -0.171178 0.798334 0.577349 -0.798334 -0.171178 0.577349 -0.798334 -0.171178 0.577349 -0.171178 0.798334 -0.577349 -0.171178 0.798334 -0.577349 -0.798334 -0.171178 0.577349 0.171178 -0.798334 0.577349 -0.798334 -0.171178 0.577349 0.798334 0.171178 0.577349 -0.171178 0.798334 " />
														<TextureCoordinate point="0.5241 0.6500 0.9696 0.6500 0.9696 0.9812 0.5241 0.9812 0.5241 0.6500 0.9696 0.6500 0.9696 0.9812 0.5241 0.9812 0.5241 0.6500 0.9696 0.6500 0.9696 0.9812 0.5241 0.9812 0.5241 0.6500 0.9696 0.6500 0.9696 0.9812 0.5241 0.9812 0.9696 0.6500 0.9696 0.9812 0.5241 0.6500 0.5241 0.9812 " />
													</IndexedTriangleSet>
												</Shape>
											</Group>
										</Transform>
										<Transform DEF="Cube_015_TRANSFORM"
										           translation="0.000000 -0.167758 -0.513604"
										           scale="1.000000 1.000000 1.000000"
										           rotation="0.000000 1.000000 0.000000 0.000000"
										           >
											<Transform DEF="Cube_015_ifs_TRANSFORM"
											           translation="0.000000 0.000000 0.000000"
											           scale="1.000000 1.000000 1.000000"
											           rotation="0.000000 1.000000 0.000000 0.000000"
											           >
												<Group DEF="group_ME_Cube_104">
													<Shape>
														<Appearance>
															<Material USE="MA_Body" />
														</Appearance>
														<IndexedTriangleSet solid="false"
														                    normalPerVertex="true"
														                    index="0 1 2 0 2 3 4 5 6 4 6 7 8 9 10 8 10 11 12 13 14 12 14 15 4 16 17 4 17 15 18 5 14 18 14 19 "
														                    >
															<Coordinate point="-0.091491 -0.222462 0.076711 -0.091491 -0.021371 0.659872 -0.091491 0.423553 0.506449 -0.091491 0.222462 -0.076711 -0.091491 0.222462 -0.076711 -0.091491 0.423553 0.506449 0.091491 0.423553 0.506449 0.091491 0.222462 -0.076711 0.091491 0.222462 -0.076711 0.091491 0.423553 0.506449 0.091491 -0.021371 0.659872 0.091491 -0.222462 0.076711 0.091491 -0.222462 0.076711 0.091491 -0.021371 0.659872 -0.091491 -0.021371 0.659872 -0.091491 -0.222462 0.076711 0.091491 0.222462 -0.076711 0.091491 -0.222462 0.076711 0.091491 0.423553 0.506449 0.091491 -0.021371 0.659872 " />
															<Normal vector="-0.577349 -0.734001 -0.357585 -0.577349 -0.357585 0.734001 -0.577349 0.734001 0.357585 -0.577349 0.357585 -0.734001 -0.577349 0.357585 -0.734001 -0.577349 0.734001 0.357585 0.577349 0.734001 0.357585 0.577349 0.357585 -0.734001 0.577349 0.357585 -0.734001 0.577349 0.734001 0.357585 0.577349 -0.357585 0.734001 0.577349 -0.734001 -0.357585 0.577349 -0.734001 -0.357585 0.577349 -0.357585 0.734001 -0.577349 -0.357585 0.734001 -0.577349 -0.734001 -0.357585 0.577349 0.357585 -0.734001 0.577349 -0.734001 -0.357585 0.577349 0.734001 0.357585 0.577349 -0.357585 0.734001 " />
															<TextureCoordinate point="0.5241 0.6500 0.9696 0.6500 0.9696 0.9812 0.5241 0.9812 0.5241 0.6500 0.9696 0.6500 0.9696 0.9812 0.5241 0.9812 0.5241 0.6500 0.9696 0.6500 0.9696 0.9812 0.5241 0.9812 0.5241 0.6500 0.9696 0.6500 0.9696 0.9812 0.5241 0.9812 0.9696 0.6500 0.9696 0.9812 0.5241 0.6500 0.5241 0.9812 " />
														</IndexedTriangleSet>
													</Shape>
												</Group>
											</Transform>
											<Transform DEF="Cube_014_TRANSFORM"
											           translation="0.000000 -0.093810 -0.389629"
											           scale="1.000000 1.000000 1.000000"
											           rotation="0.000000 1.000000 0.000000 0.000000"
											           >
												<Transform DEF="Cube_014_ifs_TRANSFORM"
												           translation="0.000000 0.000000 0.000000"
												           scale="1.000000 1.000000 1.000000"
												           rotation="0.000000 1.000000 0.000000 0.000000"
												           >
													<Group DEF="group_ME_Cube_103">
														<Shape>
															<Appearance>
																<Material USE="MA_Body" />
															</Appearance>
															<IndexedTriangleSet solid="false"
															                    normalPerVertex="true"
															                    index="0 1 2 0 2 3 4 5 6 4 6 7 8 9 10 8 10 11 12 13 14 12 14 15 4 16 17 4 17 15 18 5 14 18 14 19 "
															                    >
																<Coordinate point="-0.069675 -0.176990 0.023488 -0.069675 -0.115419 0.487449 -0.069675 0.238561 0.440473 -0.069675 0.176990 -0.023488 -0.069675 0.176990 -0.023488 -0.069675 0.238561 0.440473 0.069675 0.238561 0.440473 0.069675 0.176990 -0.023488 0.069675 0.176990 -0.023488 0.069675 0.238561 0.440473 0.069675 -0.115419 0.487449 0.069675 -0.176990 0.023488 0.069675 -0.176990 0.023488 0.069675 -0.115419 0.487449 -0.069675 -0.115419 0.487449 -0.069675 -0.176990 0.023488 0.069675 0.176990 -0.023488 0.069675 -0.176990 0.023488 0.069675 0.238561 0.440473 0.069675 -0.115419 0.487449 " />
																<Normal vector="-0.577349 -0.648274 -0.496353 -0.577349 -0.496353 0.648274 -0.577349 0.648274 0.496353 -0.577349 0.496353 -0.648274 -0.577349 0.496353 -0.648274 -0.577349 0.648274 0.496353 0.577349 0.648274 0.496353 0.577349 0.496353 -0.648274 0.577349 0.496353 -0.648274 0.577349 0.648274 0.496353 0.577349 -0.496353 0.648274 0.577349 -0.648274 -0.496353 0.577349 -0.648274 -0.496353 0.577349 -0.496353 0.648274 -0.577349 -0.496353 0.648274 -0.577349 -0.648274 -0.496353 0.577349 0.496353 -0.648274 0.577349 -0.648274 -0.496353 0.577349 0.648274 0.496353 0.577349 -0.496353 0.648274 " />
																<TextureCoordinate point="0.5241 0.6500 0.9696 0.6500 0.9696 0.9812 0.5241 0.9812 0.5241 0.6500 0.9696 0.6500 0.9696 0.9812 0.5241 0.9812 0.5241 0.6500 0.9696 0.6500 0.9696 0.9812 0.5241 0.9812 0.5241 0.6500 0.9696 0.6500 0.9696 0.9812 0.5241 0.9812 0.9696 0.6500 0.9696 0.9812 0.5241 0.6500 0.5241 0.9812 " />
															</IndexedTriangleSet>
														</Shape>
													</Group>
												</Transform>
											</Transform>
										</Transform>
									</Transform>
								</Transform>
							</Transform>
						</Transform>
					</Transform>
				</Transform>
				<Transform DEF="Cube_022_TRANSFORM"
				           translation="0.000000 0.025793 1.840945"
				           scale="1.000000 1.000000 1.000000"
				           rotation="0.000000 1.000000 0.000000 0.000000"
				           >
					<Transform DEF="Cube_022_ifs_TRANSFORM"
					           translation="0.000000 0.000000 0.000000"
					           scale="1.000000 1.000000 1.000000"
					           rotation="0.000000 1.000000 0.000000 0.000000"
					           >
						<Group DEF="group_ME_Cube_111">
							<Shape>
								<Appearance>
									<Material USE="MA_Body" />
								</Appearance>
								<IndexedTriangleSet solid="false"
								                    normalPerVertex="true"
								                    index="0 1 2 0 2 3 4 5 6 4 6 7 8 9 10 8 10 11 12 13 14 12 14 15 4 16 17 4 17 15 18 5 14 18 14 19 "
								                    >
									<Coordinate point="-0.760227 -0.177091 -0.162660 -0.760227 -0.828191 0.546206 -0.760227 -0.474008 0.871526 -0.760227 0.177091 0.162660 -0.760227 0.177091 0.162660 -0.760227 -0.474008 0.871526 0.760227 -0.474008 0.871526 0.760227 0.177091 0.162660 0.760227 0.177091 0.162660 0.760227 -0.474008 0.871526 0.760227 -0.828191 0.546206 0.760227 -0.177091 -0.162660 0.760227 -0.177091 -0.162660 0.760227 -0.828191 0.546206 -0.760227 -0.828191 0.546206 -0.760227 -0.177091 -0.162660 0.760227 0.177091 0.162660 0.760227 -0.177091 -0.162660 0.760227 -0.474008 0.871526 0.760227 -0.828191 0.546206 " />
									<Normal vector="-0.577349 -0.034639 -0.815760 -0.577349 -0.815760 0.034639 -0.577349 0.034639 0.815760 -0.577349 0.815760 -0.034639 -0.577349 0.815760 -0.034639 -0.577349 0.034639 0.815760 0.577349 0.034639 0.815760 0.577349 0.815760 -0.034639 0.577349 0.815760 -0.034639 0.577349 0.034639 0.815760 0.577349 -0.815760 0.034639 0.577349 -0.034639 -0.815760 0.577349 -0.034639 -0.815760 0.577349 -0.815760 0.034639 -0.577349 -0.815760 0.034639 -0.577349 -0.034639 -0.815760 0.577349 0.815760 -0.034639 0.577349 -0.034639 -0.815760 0.577349 0.034639 0.815760 0.577349 -0.815760 0.034639 " />
									<TextureCoordinate point="0.0179 0.6425 0.4836 0.6425 0.4836 0.9887 0.0179 0.9887 0.0179 0.6425 0.4836 0.6425 0.4836 0.9887 0.0179 0.9887 0.0179 0.6425 0.4836 0.6425 0.4836 0.9887 0.0179 0.9887 0.0179 0.6425 0.4836 0.6425 0.4836 0.9887 0.0179 0.9887 0.4836 0.6425 0.4836 0.9887 0.0179 0.6425 0.0179 0.9887 " />
								</IndexedTriangleSet>
							</Shape>
						</Group>
					</Transform>
				</Transform>
				<Transform DEF="Cube_034_TRANSFORM"
				           translation="1.243720 -3.293283 1.181372"
				           scale="1.000000 1.000000 1.000000"
				           rotation="0.000000 1.000000 0.000000 0.000000"
				           >
					<Transform DEF="Cube_034_ifs_TRANSFORM"
					           translation="0.000000 0.000000 0.000000"
					           scale="1.000000 1.000000 1.000000"
					           rotation="0.000000 1.000000 0.000000 0.000000"
					           >
						<Group DEF="group_ME_Cube_123">
							<Shape>
								<Appearance>
									<Material USE="MA_Body" />
								</Appearance>
								<IndexedTriangleSet solid="false"
								                    normalPerVertex="true"
								                    index="0 1 2 0 2 3 4 5 6 4 6 7 8 9 10 8 10 11 12 13 14 12 14 15 4 16 17 4 17 15 18 5 14 18 14 19 "
								                    >
									<Coordinate point="-0.178212 -0.633824 -0.274943 0.030859 -0.196024 0.685353 0.178212 0.633824 0.274943 -0.030859 0.196024 -0.685353 -0.030859 0.196024 -0.685353 0.178212 0.633824 0.274943 0.629794 0.528714 0.224546 0.420722 0.090914 -0.735749 0.420722 0.090914 -0.735749 0.629794 0.528714 0.224546 0.482440 -0.301134 0.634956 0.273369 -0.738934 -0.325339 0.273369 -0.738934 -0.325339 0.482440 -0.301134 0.634956 0.030859 -0.196024 0.685353 -0.178212 -0.633824 -0.274943 0.420722 0.090914 -0.735749 0.273369 -0.738934 -0.325339 0.629794 0.528714 0.224546 0.482440 -0.301134 0.634956 " />
									<Normal vector="-0.761956 -0.615894 -0.200140 -0.537584 -0.146031 0.830439 -0.356059 0.876125 0.324931 -0.580462 0.406262 -0.705679 -0.580462 0.406262 -0.705679 -0.356059 0.876125 0.324931 0.761956 0.615894 0.200140 0.537584 0.146031 -0.830439 0.537584 0.146031 -0.830439 0.761956 0.615894 0.200140 0.580462 -0.406262 0.705679 0.356059 -0.876125 -0.324931 0.356059 -0.876125 -0.324931 0.580462 -0.406262 0.705679 -0.537584 -0.146031 0.830439 -0.761956 -0.615894 -0.200140 0.537584 0.146031 -0.830439 0.356059 -0.876125 -0.324931 0.761956 0.615894 0.200140 0.580462 -0.406262 0.705679 " />
									<TextureCoordinate point="0.5179 0.4143 0.9836 0.4143 0.9836 0.5919 0.5179 0.5919 0.5179 0.0097 0.9836 0.0097 0.9836 0.3559 0.5179 0.3559 0.5179 0.0097 0.9836 0.0097 0.9836 0.3559 0.5179 0.3559 0.5179 0.0097 0.9836 0.0097 0.9836 0.3559 0.5179 0.3559 0.9836 0.0097 0.9836 0.3559 0.5179 0.0097 0.5179 0.3559 " />
								</IndexedTriangleSet>
							</Shape>
						</Group>
					</Transform>
					<Transform DEF="Cube_035_TRANSFORM"
					           translation="-0.140395 -0.220390 -0.558616"
					           scale="1.000000 1.000000 1.000000"
					           rotation="0.000000 1.000000 0.000000 0.000000"
					           >
						<Transform DEF="Cube_035_ifs_TRANSFORM"
						           translation="0.000000 0.000000 0.000000"
						           scale="1.000000 1.000000 1.000000"
						           rotation="0.000000 1.000000 0.000000 0.000000"
						           >
							<Group DEF="group_ME_Cube_124">
								<Shape>
									<Appearance>
										<Material USE="MA_Body" />
									</Appearance>
									<IndexedTriangleSet solid="false"
									                    normalPerVertex="true"
									                    index="0 1 2 0 2 3 4 5 6 4 6 7 8 9 10 8 10 11 12 13 14 12 14 15 4 16 17 4 17 15 18 5 14 18 14 19 "
									                    >
										<Coordinate point="-0.163181 -0.359240 -0.226310 0.056931 -0.157468 0.422919 0.163181 0.359240 0.226310 -0.056931 0.157468 -0.422919 -0.056931 0.157468 -0.422919 0.163181 0.359240 0.226310 0.470998 0.267127 0.150576 0.250886 0.065355 -0.498652 0.250886 0.065355 -0.498652 0.470998 0.267127 0.150576 0.364748 -0.249581 0.347185 0.144636 -0.451353 -0.302044 0.144636 -0.451353 -0.302044 0.364748 -0.249581 0.347185 0.056931 -0.157468 0.422919 -0.163181 -0.359240 -0.226310 0.250886 0.065355 -0.498652 0.144636 -0.451353 -0.302044 0.470998 0.267127 0.150576 0.364748 -0.249581 0.347185 " />
										<Normal vector="-0.825159 -0.531816 -0.190435 -0.469466 -0.205786 0.858608 -0.251534 0.854030 0.455336 -0.607227 0.527970 -0.593707 -0.607227 0.527970 -0.593707 -0.251534 0.854030 0.455336 0.825159 0.531816 0.190435 0.469466 0.205786 -0.858608 0.469466 0.205786 -0.858608 0.825159 0.531816 0.190435 0.607227 -0.527970 0.593707 0.251534 -0.854030 -0.455336 0.251534 -0.854030 -0.455336 0.607227 -0.527970 0.593707 -0.469466 -0.205786 0.858608 -0.825159 -0.531816 -0.190435 0.469466 0.205786 -0.858608 0.251534 -0.854030 -0.455336 0.825159 0.531816 0.190435 0.607227 -0.527970 0.593707 " />
										<TextureCoordinate point="0.5179 0.4143 0.9836 0.4143 0.9836 0.5919 0.5179 0.5919 0.5179 0.0097 0.9836 0.0097 0.9836 0.3559 0.5179 0.3559 0.5179 0.0097 0.9836 0.0097 0.9836 0.3559 0.5179 0.3559 0.5179 0.0097 0.9836 0.0097 0.9836 0.3559 0.5179 0.3559 0.9836 0.0097 0.9836 0.3559 0.5179 0.0097 0.5179 0.3559 " />
									</IndexedTriangleSet>
								</Shape>
							</Group>
						</Transform>
					</Transform>
					<Transform DEF="Cube_036_TRANSFORM"
					           translation="0.185974 0.253411 0.575655"
					           scale="1.000000 1.000000 1.000000"
					           rotation="0.000000 1.000000 0.000000 0.000000"
					           >
						<Transform DEF="Cube_036_ifs_TRANSFORM"
						           translation="0.000000 0.000000 0.000000"
						           scale="1.000000 1.000000 1.000000"
						           rotation="0.000000 1.000000 0.000000 0.000000"
						           >
							<Group DEF="group_ME_Cube_125">
								<Shape>
									<Appearance>
										<Material USE="MA_Body" />
									</Appearance>
									<IndexedTriangleSet solid="false"
									                    normalPerVertex="true"
									                    index="0 1 2 0 2 3 4 5 6 4 6 7 8 9 10 8 10 11 12 13 14 12 14 15 4 16 17 4 17 15 18 5 14 18 14 19 "
									                    >
										<Coordinate point="0.001274 -0.390627 -0.134623 -0.044261 -0.060189 0.406365 -0.001274 0.390627 0.134623 0.044261 0.060189 -0.406365 0.044261 0.060189 -0.406365 -0.001274 0.390627 0.134623 0.242077 0.382691 0.159953 0.287612 0.052253 -0.381035 0.287612 0.052253 -0.381035 0.242077 0.382691 0.159953 0.199090 -0.068125 0.431695 0.244625 -0.398563 -0.109292 0.244625 -0.398563 -0.109292 0.199090 -0.068125 0.431695 -0.044261 -0.060189 0.406365 0.001274 -0.390627 -0.134623 0.287612 0.052253 -0.381035 0.244625 -0.398563 -0.109292 0.242077 0.382691 0.159953 0.199090 -0.068125 0.431695 " />
										<Normal vector="-0.579547 -0.774255 -0.254097 -0.662282 -0.173925 0.728751 -0.568316 0.811701 0.134617 -0.485580 0.211341 -0.848231 -0.485580 0.211341 -0.848231 -0.568316 0.811701 0.134617 0.579547 0.774255 0.254097 0.662282 0.173925 -0.728751 0.662282 0.173925 -0.728751 0.579547 0.774255 0.254097 0.485580 -0.211341 0.848231 0.568316 -0.811701 -0.134617 0.568316 -0.811701 -0.134617 0.485580 -0.211341 0.848231 -0.662282 -0.173925 0.728751 -0.579547 -0.774255 -0.254097 0.662282 0.173925 -0.728751 0.568316 -0.811701 -0.134617 0.579547 0.774255 0.254097 0.485580 -0.211341 0.848231 " />
										<TextureCoordinate point="0.5179 0.0097 0.9836 0.0097 0.9836 0.3559 0.5179 0.3559 0.5179 0.0097 0.9836 0.0097 0.9836 0.3559 0.5179 0.3559 0.5179 0.0097 0.9836 0.0097 0.9836 0.3559 0.5179 0.3559 0.5179 0.0097 0.9836 0.0097 0.9836 0.3559 0.5179 0.3559 0.9836 0.0097 0.9836 0.3559 0.5179 0.0097 0.5179 0.3559 " />
									</IndexedTriangleSet>
								</Shape>
							</Group>
						</Transform>
					</Transform>
					<Transform DEF="Cube_037_TRANSFORM"
					           translation="0.209339 -0.079001 -0.110190"
					           scale="1.000000 1.000000 1.000000"
					           rotation="0.000000 1.000000 0.000000 0.000000"
					           >
						<Transform DEF="Cube_037_ifs_TRANSFORM"
						           translation="0.000000 0.000000 0.000000"
						           scale="1.000000 1.000000 1.000000"
						           rotation="0.000000 1.000000 0.000000 0.000000"
						           >
							<Group DEF="group_ME_Cube_126">
								<Shape>
									<Appearance>
										<Material USE="MA_Body" />
									</Appearance>
									<IndexedTriangleSet solid="false"
									                    normalPerVertex="true"
									                    index="0 1 2 0 2 3 4 5 6 4 6 7 8 9 10 11 12 13 11 13 14 15 8 10 11 14 15 10 11 15 16 17 18 16 18 19 20 21 22 20 22 23 4 24 25 4 25 23 26 5 22 26 22 27 16 28 29 16 29 30 31 28 32 31 32 33 34 35 32 34 32 19 31 35 36 31 36 30 37 28 38 37 38 19 "
									                    >
										<Coordinate point="0.095075 -0.249482 -0.119310 -0.106584 -0.150275 0.227097 -0.095075 0.249482 0.119310 0.106584 0.150275 -0.227097 0.106584 0.150275 -0.227097 -0.095075 0.249482 0.119310 0.964636 0.375573 0.700104 1.166295 0.276366 0.353697 0.983069 0.018996 0.743886 0.953128 -0.024184 0.807891 1.154787 -0.123391 0.461483 1.166295 0.276366 0.353697 0.964636 0.375573 0.700104 0.991290 0.304551 0.666891 1.135362 0.233674 0.419406 1.127141 -0.051881 0.496400 0.991290 0.304551 0.666891 0.964636 0.375573 0.700104 0.953128 -0.024184 0.807891 0.983069 0.018996 0.743886 1.154787 -0.123391 0.461483 0.953128 -0.024184 0.807891 -0.106584 -0.150275 0.227097 0.095075 -0.249482 -0.119310 1.166295 0.276366 0.353697 1.154787 -0.123391 0.461483 0.964636 0.375573 0.700104 0.953128 -0.024184 0.807891 2.007880 0.431778 1.247296 2.156496 0.361470 1.002404 1.135362 0.233674 0.419406 2.156496 0.361470 1.002404 1.999659 0.146223 1.324290 2.148275 0.075915 1.079398 1.127141 -0.051881 0.496400 2.148275 0.075915 1.079398 1.127141 -0.051881 0.496400 1.999659 0.146223 1.324290 0.991290 0.304551 0.666891 " />
										<Normal vector="-0.237617 -0.755852 -0.610065 -0.801538 -0.478408 0.358592 -0.769463 0.636006 0.058107 -0.205542 0.358592 -0.910550 -0.205542 0.358592 -0.910550 -0.769463 0.636006 0.058107 0.237617 0.755852 0.610065 0.801538 0.478408 -0.358592 0.630940 -0.129032 0.764977 0.205542 -0.358592 0.910550 0.769463 -0.636006 -0.058107 0.801538 0.478408 -0.358592 0.237617 0.755852 0.610065 0.647969 0.461806 0.605670 0.808557 0.472152 -0.351115 0.776879 -0.627216 -0.054689 0.647969 0.461806 0.605670 0.237617 0.755852 0.610065 0.205542 -0.358592 0.910550 0.630940 -0.129032 0.764977 0.769463 -0.636006 -0.058107 0.205542 -0.358592 0.910550 -0.801538 -0.478408 0.358592 -0.237617 -0.755852 -0.610065 0.801538 0.478408 -0.358592 0.769463 -0.636006 -0.058107 0.237617 0.755852 0.610065 0.205542 -0.358592 0.910550 0.223579 0.757225 0.613666 0.805383 0.481979 -0.344981 0.808557 0.472152 -0.351115 0.805383 0.481979 -0.344981 0.191504 -0.357219 0.914151 0.773278 -0.632466 -0.044496 0.776879 -0.627216 -0.054689 0.773278 -0.632466 -0.044496 0.776879 -0.627216 -0.054689 0.191504 -0.357219 0.914151 0.647969 0.461806 0.605670 " />
										<TextureCoordinate point="0.5179 0.0097 0.9836 0.0097 0.9836 0.3559 0.5179 0.3559 0.5179 0.0097 0.9836 0.0097 0.9836 0.3559 0.5179 0.3559 0.5861 0.3052 0.7508 0.3559 0.9154 0.3052 0.9836 0.1828 0.9154 0.0604 0.7508 0.0097 0.5861 0.0604 0.5179 0.1828 0.5179 0.0097 0.9836 0.0097 0.9836 0.3559 0.5179 0.3559 0.5179 0.0097 0.9836 0.0097 0.9836 0.3559 0.5179 0.3559 0.9836 0.0097 0.9836 0.3559 0.5179 0.0097 0.5179 0.3559 0.9836 0.0097 0.9836 0.3559 0.5179 0.3559 0.5179 0.0097 0.9836 0.3559 0.5179 0.3559 0.5179 0.0097 0.9836 0.0097 0.9836 0.3559 0.5179 0.0097 0.9836 0.3559 " />
									</IndexedTriangleSet>
								</Shape>
							</Group>
						</Transform>
					</Transform>
					<Transform DEF="Cube_039_TRANSFORM"
					           translation="0.219337 0.041138 0.153413"
					           scale="1.000000 1.000000 1.000000"
					           rotation="0.000000 1.000000 0.000000 0.000000"
					           >
						<Transform DEF="Cube_039_ifs_TRANSFORM"
						           translation="0.000000 0.000000 0.000000"
						           scale="1.000000 1.000000 1.000000"
						           rotation="0.000000 1.000000 0.000000 0.000000"
						           >
							<Group DEF="group_ME_Cube_128">
								<Shape>
									<Appearance>
										<Material USE="MA_Body" />
									</Appearance>
									<IndexedTriangleSet solid="false"
									                    normalPerVertex="true"
									                    index="0 1 2 0 2 3 4 5 6 4 6 7 8 9 10 11 12 13 11 13 14 15 8 10 11 14 15 10 11 15 16 17 18 16 18 19 20 21 22 20 22 23 4 24 25 4 25 23 26 5 22 26 22 27 16 28 29 16 29 30 31 28 32 31 32 33 34 35 32 34 32 19 31 35 36 31 36 30 37 28 38 37 38 19 "
									                    >
										<Coordinate point="0.146579 -0.284811 -0.041014 -0.193866 -0.148594 0.211236 -0.146579 0.284811 0.041013 0.193865 0.148594 -0.211236 0.193865 0.148594 -0.211236 -0.146579 0.284811 0.041013 0.945717 0.664178 1.310352 1.286161 0.527961 1.058103 0.952957 0.273567 1.420864 0.898430 0.230773 1.480575 1.238875 0.094557 1.228325 1.286161 0.527961 1.058103 0.945717 0.664178 1.310352 0.986735 0.583157 1.299270 1.229961 0.485839 1.119054 1.196183 0.176249 1.240648 0.986735 0.583157 1.299270 0.945717 0.664178 1.310352 0.898430 0.230773 1.480575 0.952957 0.273567 1.420864 1.238875 0.094557 1.228325 0.898430 0.230773 1.480575 -0.193866 -0.148594 0.211236 0.146579 -0.284811 -0.041014 1.286161 0.527961 1.058103 1.238875 0.094557 1.228325 0.945717 0.664178 1.310352 0.898430 0.230773 1.480575 2.027839 0.957689 2.542077 2.275717 0.862045 2.367415 1.229961 0.485839 1.119054 2.275717 0.862045 2.367415 1.994061 0.648099 2.663670 2.241940 0.552455 2.489009 1.196183 0.176249 1.240648 2.241940 0.552455 2.489009 1.196183 0.176249 1.240648 1.994061 0.648099 2.663670 0.986735 0.583157 1.299270 " />
										<Normal vector="0.015992 -0.838893 -0.544023 -0.867214 -0.485488 0.110385 -0.750572 0.583758 -0.309549 0.132664 0.230354 -0.963988 0.132664 0.230354 -0.963988 -0.750572 0.583758 -0.309549 -0.015992 0.838893 0.544023 0.867214 0.485488 -0.110385 0.312357 0.009613 0.949889 -0.132664 -0.230354 0.963988 0.750572 -0.583758 0.309549 0.867214 0.485488 -0.110385 -0.015992 0.838893 0.544023 0.374004 0.574511 0.728019 0.870235 0.481796 -0.102542 0.754784 -0.576434 0.313059 0.374004 0.574511 0.728019 -0.015992 0.838893 0.544023 -0.132664 -0.230354 0.963988 0.312357 0.009613 0.949889 0.750572 -0.583758 0.309549 -0.132664 -0.230354 0.963988 -0.867214 -0.485488 0.110385 0.015992 -0.838893 -0.544023 0.867214 0.485488 -0.110385 0.750572 -0.583758 0.309549 -0.015992 0.838893 0.544023 -0.132664 -0.230354 0.963988 -0.030854 0.840083 0.541551 0.866024 0.490616 -0.096225 0.870235 0.481796 -0.102542 0.866024 0.490616 -0.096225 -0.147618 -0.230110 0.961882 0.749474 -0.577685 0.323344 0.754784 -0.576434 0.313059 0.749474 -0.577685 0.323344 0.754784 -0.576434 0.313059 -0.147618 -0.230110 0.961882 0.374004 0.574511 0.728019 " />
										<TextureCoordinate point="0.5179 0.0097 0.9836 0.0097 0.9836 0.3559 0.5179 0.3559 0.5179 0.0097 0.9836 0.0097 0.9836 0.3559 0.5179 0.3559 0.5861 0.3052 0.7508 0.3559 0.9154 0.3052 0.9836 0.1828 0.9154 0.0604 0.7508 0.0097 0.5861 0.0604 0.5179 0.1828 0.5179 0.0097 0.9836 0.0097 0.9836 0.3559 0.5179 0.3559 0.5179 0.0097 0.9836 0.0097 0.9836 0.3559 0.5179 0.3559 0.9836 0.0097 0.9836 0.3559 0.5179 0.0097 0.5179 0.3559 0.9836 0.0097 0.9836 0.3559 0.5179 0.3559 0.5179 0.0097 0.9836 0.3559 0.5179 0.3559 0.5179 0.0097 0.9836 0.0097 0.9836 0.3559 0.5179 0.0097 0.9836 0.3559 " />
									</IndexedTriangleSet>
								</Shape>
							</Group>
						</Transform>
					</Transform>
					<Transform DEF="Cube_041_TRANSFORM"
					           translation="0.137560 -0.281002 -0.300814"
					           scale="1.000000 1.000000 1.000000"
					           rotation="0.000000 1.000000 0.000000 0.000000"
					           >
						<Transform DEF="Cube_041_ifs_TRANSFORM"
						           translation="0.000000 0.000000 0.000000"
						           scale="1.000000 1.000000 1.000000"
						           rotation="0.000000 1.000000 0.000000 0.000000"
						           >
							<Group DEF="group_ME_Cube_130">
								<Shape>
									<Appearance>
										<Material USE="MA_Body" />
									</Appearance>
									<IndexedTriangleSet solid="false"
									                    normalPerVertex="true"
									                    index="0 1 2 0 2 3 4 5 6 4 6 7 8 9 10 8 10 11 12 13 14 12 14 15 4 16 17 4 17 15 18 5 14 18 14 19 "
									                    >
										<Coordinate point="-0.035945 -0.236631 -0.070796 0.058366 -0.078386 0.229667 0.035945 0.236631 0.070796 -0.058366 0.078386 -0.229667 -0.058366 0.078386 -0.229667 0.035945 0.236631 0.070796 0.973567 0.172082 -0.189515 0.879256 0.013838 -0.489978 0.879256 0.013838 -0.489978 0.973567 0.172082 -0.189515 0.995988 -0.142935 -0.030643 0.901677 -0.301179 -0.331106 0.901677 -0.301179 -0.331106 0.995988 -0.142935 -0.030643 0.058366 -0.078386 0.229667 -0.035945 -0.236631 -0.070796 0.879256 0.013838 -0.489978 0.901677 -0.301179 -0.331106 0.973567 0.172082 -0.189515 0.995988 -0.142935 -0.030643 " />
										<Normal vector="-0.672964 -0.735466 -0.078616 -0.363964 -0.217017 0.905759 -0.437208 0.811884 0.386853 -0.746178 0.293435 -0.597552 -0.746178 0.293435 -0.597552 -0.437208 0.811884 0.386853 0.672964 0.735466 0.078616 0.363964 0.217017 -0.905759 0.363964 0.217017 -0.905759 0.672964 0.735466 0.078616 0.746178 -0.293435 0.597552 0.437208 -0.811884 -0.386853 0.437208 -0.811884 -0.386853 0.746178 -0.293435 0.597552 -0.363964 -0.217017 0.905759 -0.672964 -0.735466 -0.078616 0.363964 0.217017 -0.905759 0.437208 -0.811884 -0.386853 0.672964 0.735466 0.078616 0.746178 -0.293435 0.597552 " />
										<TextureCoordinate point="0.5179 0.0097 0.9836 0.0097 0.9836 0.3559 0.5179 0.3559 0.5179 0.0097 0.9836 0.0097 0.9836 0.3559 0.5179 0.3559 0.5179 0.0097 0.9836 0.0097 0.9836 0.3559 0.5179 0.3559 0.5179 0.0097 0.9836 0.0097 0.9836 0.3559 0.5179 0.3559 0.9836 0.0097 0.9836 0.3559 0.5179 0.0097 0.5179 0.3559 " />
									</IndexedTriangleSet>
								</Shape>
							</Group>
						</Transform>
					</Transform>
				</Transform>
				<Transform DEF="mouth_TRANSFORM"
				           translation="0.000000 -2.947572 0.845540"
				           scale="1.000000 1.000000 1.000000"
				           rotation="0.000000 1.000000 0.000000 0.000000"
				           >
					<Transform DEF="mouth_ifs_TRANSFORM"
					           translation="0.000000 0.000000 0.000000"
					           scale="1.000000 1.000000 1.000000"
					           rotation="0.000000 1.000000 0.000000 0.000000"
					           >
						<Group DEF="group_ME_mouth">
							<Shape>
								<Appearance>
									<Material USE="MA_Body" />
								</Appearance>
								<IndexedTriangleSet solid="false"
								                    normalPerVertex="true"
								                    index="0 1 2 0 2 3 4 5 6 4 6 7 8 9 10 8 10 11 12 13 14 12 14 15 4 16 17 4 17 15 18 19 20 18 20 21 "
								                    >
									<Coordinate point="-1.025192 -0.822125 -0.401777 -1.025192 -0.906376 0.125682 -1.025192 -0.042126 0.263729 -1.025192 0.042126 -0.263729 -1.025192 0.042126 -0.263729 -1.025192 -0.042126 0.263729 1.025192 -0.042126 0.263729 1.025192 0.042126 -0.263729 1.025192 0.042126 -0.263729 1.025192 -0.042126 0.263729 1.025192 -0.906376 0.125682 1.025192 -0.822125 -0.401777 1.025192 -0.822125 -0.401777 1.025192 -0.906376 0.125682 -1.025192 -0.906376 0.125682 -1.025192 -0.822125 -0.401777 1.025192 0.042126 -0.263729 1.025192 -0.822125 -0.401777 1.025192 -0.042126 0.263729 -1.025192 -0.042126 0.263729 -1.025192 -0.906376 0.125682 1.025192 -0.906376 0.125682 " />
									<Normal vector="-0.577349 -0.479049 -0.661184 -0.577349 -0.661184 0.479049 -0.577349 0.479049 0.661184 -0.577349 0.661184 -0.479049 -0.577349 0.661184 -0.479049 -0.577349 0.479049 0.661184 0.577349 0.479049 0.661184 0.577349 0.661184 -0.479049 0.577349 0.661184 -0.479049 0.577349 0.479049 0.661184 0.577349 -0.661184 0.479049 0.577349 -0.479049 -0.661184 0.577349 -0.479049 -0.661184 0.577349 -0.661184 0.479049 -0.577349 -0.661184 0.479049 -0.577349 -0.479049 -0.661184 0.577349 0.661184 -0.479049 0.577349 -0.479049 -0.661184 0.577349 0.479049 0.661184 -0.577349 0.479049 0.661184 -0.577349 -0.661184 0.479049 0.577349 -0.661184 0.479049 " />
									<TextureCoordinate point="0.0256 0.0418 0.4760 0.0418 0.4760 0.3394 0.0256 0.3394 0.0256 0.0418 0.4760 0.0418 0.4760 0.3394 0.0256 0.3394 0.0256 0.0418 0.4760 0.0418 0.4760 0.3394 0.0256 0.3394 0.0256 0.0418 0.4760 0.0418 0.4760 0.3394 0.0256 0.3394 0.4760 0.0418 0.4760 0.3394 0.0219 0.3938 0.2218 0.3938 0.2218 0.6046 0.0219 0.6046 " />
								</IndexedTriangleSet>
							</Shape>
						</Group>
					</Transform>
					<Transform DEF="Cube_043_TRANSFORM"
					           translation="0.000000 -0.748374 -0.141551"
					           scale="1.000000 1.000000 1.000000"
					           rotation="0.000000 1.000000 0.000000 0.000000"
					           >
						<Transform DEF="Cube_043_ifs_TRANSFORM"
						           translation="0.000000 0.000000 0.000000"
						           scale="1.000000 1.000000 1.000000"
						           rotation="0.000000 1.000000 0.000000 0.000000"
						           >
							<Group DEF="group_ME_Cube_132">
								<Shape>
									<Appearance>
										<Material USE="MA_Body" />
									</Appearance>
									<IndexedTriangleSet solid="false"
									                    normalPerVertex="true"
									                    index="0 1 2 0 2 3 4 5 6 4 6 7 8 9 10 8 10 11 12 13 14 12 14 15 4 16 17 4 17 15 18 19 20 18 20 21 "
									                    >
										<Coordinate point="-0.933453 -0.444380 -0.044637 -0.933453 -0.336175 0.294028 -0.933453 0.054103 0.169333 -0.933453 -0.054103 -0.169333 -0.933453 -0.054103 -0.169333 -0.933453 0.054103 0.169333 0.933453 0.054103 0.169333 0.933453 -0.054103 -0.169333 0.933453 -0.054103 -0.169333 0.933453 0.054103 0.169333 0.933453 -0.336175 0.294028 0.933453 -0.444380 -0.044637 0.933453 -0.444380 -0.044637 0.933453 -0.336175 0.294028 -0.933453 -0.336175 0.294028 -0.933453 -0.444380 -0.044637 0.933453 -0.054103 -0.169333 0.933453 -0.444380 -0.044637 0.933453 0.054103 0.169333 -0.933453 0.054103 0.169333 -0.933453 -0.336175 0.294028 0.933453 -0.336175 0.294028 " />
										<Normal vector="-0.577349 -0.725669 -0.374218 -0.577349 -0.374218 0.725669 -0.577349 0.725669 0.374218 -0.577349 0.374218 -0.725669 -0.577349 0.374218 -0.725669 -0.577349 0.725669 0.374218 0.577349 0.725669 0.374218 0.577349 0.374218 -0.725669 0.577349 0.374218 -0.725669 0.577349 0.725669 0.374218 0.577349 -0.374218 0.725669 0.577349 -0.725669 -0.374218 0.577349 -0.725669 -0.374218 0.577349 -0.374218 0.725669 -0.577349 -0.374218 0.725669 -0.577349 -0.725669 -0.374218 0.577349 0.374218 -0.725669 0.577349 -0.725669 -0.374218 0.577349 0.725669 0.374218 -0.577349 0.725669 0.374218 -0.577349 -0.374218 0.725669 0.577349 -0.374218 0.725669 " />
										<TextureCoordinate point="0.0256 0.0418 0.4760 0.0418 0.4760 0.3394 0.0256 0.3394 0.0256 0.0418 0.4760 0.0418 0.4760 0.3394 0.0256 0.3394 0.0256 0.0418 0.4760 0.0418 0.4760 0.3394 0.0256 0.3394 0.0256 0.0418 0.4760 0.0418 0.4760 0.3394 0.0256 0.3394 0.4760 0.0418 0.4760 0.3394 0.0219 0.3938 0.2218 0.3938 0.2218 0.6046 0.0219 0.6046 " />
									</IndexedTriangleSet>
								</Shape>
							</Group>
						</Transform>
					</Transform>
					<Transform DEF="Cube_003_TRANSFORM"
					           translation="0.000000 -1.084479 0.007525"
					           scale="1.000000 1.000000 1.000000"
					           rotation="0.000000 1.000000 0.000000 0.000000"
					           >
						<Transform DEF="Cube_003_ifs_TRANSFORM"
						           translation="0.000000 0.000000 0.000000"
						           scale="1.000000 1.000000 1.000000"
						           rotation="0.000000 1.000000 0.000000 0.000000"
						           >
							<Group DEF="group_ME_Cube_022">
								<Shape>
									<Appearance>
										<Material USE="MA_Body" />
									</Appearance>
									<IndexedTriangleSet solid="false"
									                    normalPerVertex="true"
									                    index="0 1 2 0 2 3 4 5 6 4 6 7 8 9 10 8 10 11 12 13 14 12 14 15 4 16 17 4 17 15 18 19 20 18 20 21 "
									                    >
										<Coordinate point="-0.735542 -0.392964 0.011824 -0.735542 -0.312142 0.239014 -0.735542 0.040411 0.113595 -0.735542 -0.040411 -0.113595 -0.735542 -0.040411 -0.113595 -0.735542 0.040411 0.113595 0.735542 0.040411 0.113595 0.735542 -0.040411 -0.113595 0.735542 -0.040411 -0.113595 0.735542 0.040411 0.113595 0.735542 -0.312142 0.239014 0.735542 -0.392964 0.011824 0.735542 -0.392964 0.011824 0.735542 -0.312142 0.239014 -0.735542 -0.312142 0.239014 -0.735542 -0.392964 0.011824 0.735542 -0.040411 -0.113595 0.735542 -0.392964 0.011824 0.735542 0.040411 0.113595 -0.735542 0.040411 0.113595 -0.735542 -0.312142 0.239014 0.735542 -0.312142 0.239014 " />
										<Normal vector="-0.577349 -0.737449 -0.350444 -0.577349 -0.350444 0.737449 -0.577349 0.737449 0.350444 -0.577349 0.350444 -0.737449 -0.577349 0.350444 -0.737449 -0.577349 0.737449 0.350444 0.577349 0.737449 0.350444 0.577349 0.350444 -0.737449 0.577349 0.350444 -0.737449 0.577349 0.737449 0.350444 0.577349 -0.350444 0.737449 0.577349 -0.737449 -0.350444 0.577349 -0.737449 -0.350444 0.577349 -0.350444 0.737449 -0.577349 -0.350444 0.737449 -0.577349 -0.737449 -0.350444 0.577349 0.350444 -0.737449 0.577349 -0.737449 -0.350444 0.577349 0.737449 0.350444 -0.577349 0.737449 0.350444 -0.577349 -0.350444 0.737449 0.577349 -0.350444 0.737449 " />
										<TextureCoordinate point="0.0256 0.0418 0.4760 0.0418 0.4760 0.3394 0.0256 0.3394 0.0256 0.0418 0.4760 0.0418 0.4760 0.3394 0.0256 0.3394 0.0256 0.0418 0.4760 0.0418 0.4760 0.3394 0.0256 0.3394 0.0256 0.0418 0.4760 0.0418 0.4760 0.3394 0.0256 0.3394 0.4760 0.0418 0.4760 0.3394 0.0219 0.3938 0.2218 0.3938 0.2218 0.6046 0.0219 0.6046 " />
									</IndexedTriangleSet>
								</Shape>
							</Group>
						</Transform>
					</Transform>
				</Transform>
				<Transform DEF="Cube_048_TRANSFORM"
				           translation="0.589961 -4.075567 1.578146"
				           scale="1.000000 1.000000 1.000000"
				           rotation="0.000000 1.000000 0.000000 0.000000"
				           >
					<Transform DEF="Cube_048_ifs_TRANSFORM"
					           translation="0.000000 0.000000 0.000000"
					           scale="1.000000 1.000000 1.000000"
					           rotation="0.000000 1.000000 0.000000 0.000000"
					           >
						<Group DEF="group_ME_Cube_137">
							<Shape>
								<Appearance>
									<Material USE="MA_Body" />
								</Appearance>
								<IndexedTriangleSet solid="false"
								                    normalPerVertex="true"
								                    index="0 1 2 0 2 3 4 5 6 4 6 7 8 9 10 8 10 11 12 13 14 12 14 15 4 16 17 4 17 15 18 5 14 18 14 19 "
								                    >
									<Coordinate point="-0.141627 -0.070616 -0.211563 -0.120161 -0.358128 -0.129966 -0.099372 -0.231758 0.309837 -0.120838 0.055753 0.228240 -0.120838 0.055753 0.228240 -0.099372 -0.231758 0.309837 0.163093 -0.216895 0.293160 0.141627 0.070616 0.211563 0.141627 0.070616 0.211563 0.163093 -0.216895 0.293160 0.142304 -0.343265 -0.146643 0.120838 -0.055753 -0.228240 0.120838 -0.055753 -0.228240 0.142304 -0.343265 -0.146643 -0.120161 -0.358128 -0.129966 -0.141627 -0.070616 -0.211563 0.141627 0.070616 0.211563 0.120838 -0.055753 -0.228240 0.163093 -0.216895 0.293160 0.142304 -0.343265 -0.146643 " />
									<Normal vector="-0.642811 0.362133 -0.674978 -0.560106 -0.745811 -0.360546 -0.507706 -0.427259 0.748100 -0.590411 0.680685 0.433637 -0.590411 0.680685 0.433637 -0.507706 -0.427259 0.748100 0.642811 -0.362133 0.674978 0.560106 0.745811 0.360546 0.560106 0.745811 0.360546 0.642811 -0.362133 0.674978 0.590411 -0.680685 -0.433637 0.507706 0.427259 -0.748100 0.507706 0.427259 -0.748100 0.590411 -0.680685 -0.433637 -0.560106 -0.745811 -0.360546 -0.642811 0.362133 -0.674978 0.560106 0.745811 0.360546 0.507706 0.427259 -0.748100 0.642811 -0.362133 0.674978 0.590411 -0.680685 -0.433637 " />
									<TextureCoordinate point="0.5241 0.6500 0.9696 0.6500 0.9696 0.9812 0.5241 0.9812 0.5241 0.6500 0.9696 0.6500 0.9696 0.9812 0.5241 0.9812 0.5241 0.6500 0.9696 0.6500 0.9696 0.9812 0.5241 0.9812 0.5241 0.6500 0.9696 0.6500 0.9696 0.9812 0.5241 0.9812 0.9696 0.6500 0.9696 0.9812 0.5241 0.6500 0.5241 0.9812 " />
								</IndexedTriangleSet>
							</Shape>
						</Group>
					</Transform>
					<Transform DEF="Cube_047_TRANSFORM"
					           translation="0.037717 0.305532 0.509228"
					           scale="1.000000 1.000000 1.000000"
					           rotation="0.000000 1.000000 0.000000 0.000000"
					           >
						<Transform DEF="Cube_047_ifs_TRANSFORM"
						           translation="0.000000 0.000000 0.000000"
						           scale="1.000000 1.000000 1.000000"
						           rotation="0.000000 1.000000 0.000000 0.000000"
						           >
							<Group DEF="group_ME_Cube_136">
								<Shape>
									<Appearance>
										<Material USE="MA_Body" />
									</Appearance>
									<IndexedTriangleSet solid="false"
									                    normalPerVertex="true"
									                    index="0 1 2 0 2 3 4 5 6 4 6 7 8 9 10 8 10 11 12 13 14 12 14 15 4 16 17 4 17 15 18 5 14 18 14 19 "
									                    >
										<Coordinate point="-0.162134 -0.233520 -0.444461 -0.146853 -0.599548 -0.257724 -0.107262 -0.136886 0.645912 -0.122542 0.229142 0.459175 -0.122542 0.229142 0.459175 -0.107262 -0.136886 0.645912 0.177414 -0.132508 0.631198 0.162134 0.233520 0.444461 0.162134 0.233520 0.444461 0.177414 -0.132508 0.631198 0.137822 -0.595170 -0.272438 0.122542 -0.229142 -0.459175 0.122542 -0.229142 -0.459175 0.137822 -0.595170 -0.272438 -0.146853 -0.599548 -0.257724 -0.162134 -0.233520 -0.444461 0.162134 0.233520 0.444461 0.122542 -0.229142 -0.459175 0.177414 -0.132508 0.631198 0.137822 -0.595170 -0.272438 " />
										<Normal vector="-0.620441 0.242134 -0.745903 -0.577532 -0.785699 -0.221503 -0.532548 -0.259865 0.805506 -0.575457 0.767968 0.281106 -0.575457 0.767968 0.281106 -0.532548 -0.259865 0.805506 0.620441 -0.242134 0.745903 0.577532 0.785699 0.221503 0.577532 0.785699 0.221503 0.620441 -0.242134 0.745903 0.575457 -0.767968 -0.281106 0.532548 0.259865 -0.805506 0.532548 0.259865 -0.805506 0.575457 -0.767968 -0.281106 -0.577532 -0.785699 -0.221503 -0.620441 0.242134 -0.745903 0.577532 0.785699 0.221503 0.532548 0.259865 -0.805506 0.620441 -0.242134 0.745903 0.575457 -0.767968 -0.281106 " />
										<TextureCoordinate point="0.5241 0.6500 0.9696 0.6500 0.9696 0.9812 0.5241 0.9812 0.5241 0.6500 0.9696 0.6500 0.9696 0.9812 0.5241 0.9812 0.5241 0.6500 0.9696 0.6500 0.9696 0.9812 0.5241 0.9812 0.5241 0.6500 0.9696 0.6500 0.9696 0.9812 0.5241 0.9812 0.9696 0.6500 0.9696 0.9812 0.5241 0.6500 0.5241 0.9812 " />
									</IndexedTriangleSet>
								</Shape>
							</Group>
						</Transform>
						<Transform DEF="Cube_046_TRANSFORM"
						           translation="0.013208 0.578698 0.432248"
						           scale="1.000000 1.000000 1.000000"
						           rotation="0.000000 1.000000 0.000000 0.000000"
						           >
							<Transform DEF="Cube_046_ifs_TRANSFORM"
							           translation="0.000000 0.000000 0.000000"
							           scale="1.000000 1.000000 1.000000"
							           rotation="0.000000 1.000000 0.000000 0.000000"
							           >
								<Group DEF="group_ME_Cube_135">
									<Shape>
										<Appearance>
											<Material USE="MA_Body" />
										</Appearance>
										<IndexedTriangleSet solid="false"
										                    normalPerVertex="true"
										                    index="0 1 2 0 2 3 4 5 6 4 6 7 8 9 10 8 10 11 12 13 14 12 14 15 4 16 17 4 17 15 18 5 14 18 14 19 "
										                    >
											<Coordinate point="-0.152636 -0.365306 -0.295364 -0.124977 -0.786515 0.211294 -0.118772 -0.062410 0.812938 -0.146431 0.358799 0.306280 -0.146431 0.358799 0.306280 -0.118772 -0.062410 0.812938 0.180296 -0.055903 0.802021 0.152636 0.365306 0.295364 0.152636 0.365306 0.295364 0.180296 -0.055903 0.802021 0.174090 -0.780007 0.200377 0.146431 -0.358799 -0.306280 0.146431 -0.358799 -0.306280 0.174090 -0.780007 0.200377 -0.124977 -0.786515 0.211294 -0.152636 -0.365306 -0.295364 0.152636 0.365306 0.295364 0.146431 -0.358799 -0.306280 0.180296 -0.055903 0.802021 0.174090 -0.780007 0.200377 " />
											<Normal vector="-0.604846 -0.087832 -0.791467 -0.556413 -0.825373 0.095645 -0.548784 0.062716 0.833583 -0.597217 0.800256 -0.053560 -0.597217 0.800256 -0.053560 -0.548784 0.062716 0.833583 0.604846 0.087832 0.791467 0.556413 0.825373 -0.095645 0.556413 0.825373 -0.095645 0.604846 0.087832 0.791467 0.597217 -0.800256 0.053560 0.548784 -0.062716 -0.833583 0.548784 -0.062716 -0.833583 0.597217 -0.800256 0.053560 -0.556413 -0.825373 0.095645 -0.604846 -0.087832 -0.791467 0.556413 0.825373 -0.095645 0.548784 -0.062716 -0.833583 0.604846 0.087832 0.791467 0.597217 -0.800256 0.053560 " />
											<TextureCoordinate point="0.5241 0.6500 0.9696 0.6500 0.9696 0.9812 0.5241 0.9812 0.5241 0.6500 0.9696 0.6500 0.9696 0.9812 0.5241 0.9812 0.5241 0.6500 0.9696 0.6500 0.9696 0.9812 0.5241 0.9812 0.5241 0.6500 0.9696 0.6500 0.9696 0.9812 0.5241 0.9812 0.9696 0.6500 0.9696 0.9812 0.5241 0.6500 0.5241 0.9812 " />
										</IndexedTriangleSet>
									</Shape>
								</Group>
							</Transform>
							<Transform DEF="Cube_045_TRANSFORM"
							           translation="0.005135 0.731968 0.287408"
							           scale="1.000000 1.000000 1.000000"
							           rotation="0.000000 1.000000 0.000000 0.000000"
							           >
								<Transform DEF="Cube_045_ifs_TRANSFORM"
								           translation="0.000000 0.000000 0.000000"
								           scale="1.000000 1.000000 1.000000"
								           rotation="0.000000 1.000000 0.000000 0.000000"
								           >
									<Group DEF="group_ME_Cube_134">
										<Shape>
											<Appearance>
												<Material USE="MA_Body" />
											</Appearance>
											<IndexedTriangleSet solid="false"
											                    normalPerVertex="true"
											                    index="0 1 2 0 2 3 4 5 6 4 6 7 8 9 10 8 10 11 12 13 14 12 14 15 4 16 17 4 17 15 18 5 14 18 14 19 "
											                    >
												<Coordinate point="-0.157404 -0.491203 -0.219169 -0.120592 -0.858331 0.577203 -0.113488 0.120513 1.028122 -0.150301 0.487640 0.231750 -0.150301 0.487640 0.231750 -0.113488 0.120513 1.028122 0.194217 0.124076 1.015540 0.157404 0.491203 0.219169 0.157404 0.491203 0.219169 0.194217 0.124076 1.015540 0.187113 -0.854768 0.564622 0.150301 -0.487640 -0.231750 0.150301 -0.487640 -0.231750 0.187113 -0.854768 0.564622 -0.120592 -0.858331 0.577203 -0.157404 -0.491203 -0.219169 0.157404 0.491203 0.219169 0.150301 -0.487640 -0.231750 0.194217 0.124076 1.015540 0.187113 -0.854768 0.564622 " />
												<Normal vector="-0.604846 -0.289529 -0.741813 -0.556413 -0.772546 0.305856 -0.548784 0.276193 0.788995 -0.597217 0.759178 -0.258705 -0.597217 0.759178 -0.258705 -0.548784 0.276193 0.788995 0.604846 0.289529 0.741813 0.556413 0.772546 -0.305856 0.556413 0.772546 -0.305856 0.604846 0.289529 0.741813 0.597217 -0.759178 0.258705 0.548784 -0.276193 -0.788995 0.548784 -0.276193 -0.788995 0.597217 -0.759178 0.258705 -0.556413 -0.772546 0.305856 -0.604846 -0.289529 -0.741813 0.556413 0.772546 -0.305856 0.548784 -0.276193 -0.788995 0.604846 0.289529 0.741813 0.597217 -0.759178 0.258705 " />
												<TextureCoordinate point="0.5241 0.6500 0.9696 0.6500 0.9696 0.9812 0.5241 0.9812 0.5241 0.6500 0.9696 0.6500 0.9696 0.9812 0.5241 0.9812 0.5241 0.6500 0.9696 0.6500 0.9696 0.9812 0.5241 0.9812 0.5241 0.6500 0.9696 0.6500 0.9696 0.9812 0.5241 0.9812 0.9696 0.6500 0.9696 0.9812 0.5241 0.6500 0.5241 0.9812 " />
											</IndexedTriangleSet>
										</Shape>
									</Group>
								</Transform>
								<Transform DEF="Cube_044_TRANSFORM"
								           translation="-0.022851 1.084120 -0.242313"
								           scale="1.000000 1.000000 1.000000"
								           rotation="0.000000 1.000000 0.000000 0.000000"
								           >
									<Transform DEF="Cube_044_ifs_TRANSFORM"
									           translation="0.000000 0.000000 0.000000"
									           scale="1.000000 1.000000 1.000000"
									           rotation="0.000000 1.000000 0.000000 0.000000"
									           >
										<Group DEF="group_ME_Cube_133">
											<Shape>
												<Appearance>
													<Material USE="MA_Body" />
												</Appearance>
												<IndexedTriangleSet solid="false"
												                    normalPerVertex="true"
												                    index="0 1 2 0 2 3 4 5 6 4 6 7 8 9 10 8 10 11 12 13 14 12 14 15 4 16 17 4 17 15 18 5 14 18 14 19 "
												                    >
													<Coordinate point="-0.135336 -0.904174 -0.038232 -0.070571 -0.979747 1.519792 -0.086903 0.825429 1.608031 -0.151668 0.901002 0.050008 -0.151668 0.901002 0.050008 -0.086903 0.825429 1.608031 0.200101 0.828602 1.596255 0.135336 0.904174 0.038232 0.135336 0.904174 0.038232 0.200101 0.828602 1.596255 0.216433 -0.976575 1.508015 0.151668 -0.901002 -0.050008 0.151668 -0.901002 -0.050008 0.216433 -0.976575 1.508015 -0.070571 -0.979747 1.519792 -0.135336 -0.904174 -0.038232 0.135336 0.904174 0.038232 0.151668 -0.901002 -0.050008 0.200101 0.828602 1.596255 0.216433 -0.976575 1.508015 " />
													<Normal vector="-0.595538 -0.555040 -0.580676 -0.547655 -0.610950 0.571642 -0.558092 0.542314 0.628010 -0.605976 0.598193 -0.524308 -0.605976 0.598193 -0.524308 -0.558092 0.542314 0.628010 0.595538 0.555040 0.580676 0.547655 0.610950 -0.571642 0.547655 0.610950 -0.571642 0.595538 0.555040 0.580676 0.605976 -0.598193 0.524308 0.558092 -0.542314 -0.628010 0.558092 -0.542314 -0.628010 0.605976 -0.598193 0.524308 -0.547655 -0.610950 0.571642 -0.595538 -0.555040 -0.580676 0.547655 0.610950 -0.571642 0.558092 -0.542314 -0.628010 0.595538 0.555040 0.580676 0.605976 -0.598193 0.524308 " />
													<TextureCoordinate point="0.5241 0.6500 0.9696 0.6500 0.9696 0.9812 0.5241 0.9812 0.5241 0.6500 0.9696 0.6500 0.9696 0.9812 0.5241 0.9812 0.5241 0.6500 0.9696 0.6500 0.9696 0.9812 0.5241 0.9812 0.5241 0.6500 0.9696 0.6500 0.9696 0.9812 0.5241 0.9812 0.9696 0.6500 0.9696 0.9812 0.5241 0.6500 0.5241 0.9812 " />
												</IndexedTriangleSet>
											</Shape>
										</Group>
									</Transform>
								</Transform>
							</Transform>
						</Transform>
					</Transform>
				</Transform>
				<Transform DEF="arm1_TRANSFORM"
				           translation="1.529160 -1.616849 1.136838"
				           scale="1.000000 1.000000 1.000000"
				           rotation="0.000000 1.000000 0.000000 0.000000"
				           >
					<Transform DEF="arm1_ifs_TRANSFORM"
					           translation="0.000000 0.000000 0.000000"
					           scale="1.000000 1.000000 1.000000"
					           rotation="0.000000 1.000000 0.000000 0.000000"
					           >
						<Group DEF="group_ME_arm1">
							<Shape>
								<Appearance>
									<Material USE="MA_Body" />
								</Appearance>
								<IndexedTriangleSet solid="false"
								                    normalPerVertex="true"
								                    index="0 1 2 0 2 3 4 5 6 4 6 7 8 9 10 8 10 11 12 13 14 12 14 15 4 16 17 4 17 15 18 5 14 18 14 19 "
								                    >
									<Coordinate point="0.000000 -0.528874 -0.658122 0.000000 -0.528874 0.658122 0.000000 0.528874 0.658122 0.000000 0.528874 -0.658122 0.000000 0.528874 -0.658122 0.000000 0.528874 0.658122 2.018064 0.528874 0.658122 2.018064 0.528874 -0.658122 2.018064 0.528874 -0.658122 2.018064 0.528874 0.658122 2.018064 -0.528874 0.658122 2.018064 -0.528874 -0.658122 2.018064 -0.528874 -0.658122 2.018064 -0.528874 0.658122 0.000000 -0.528874 0.658122 0.000000 -0.528874 -0.658122 2.018064 0.528874 -0.658122 2.018064 -0.528874 -0.658122 2.018064 0.528874 0.658122 2.018064 -0.528874 0.658122 " />
									<Normal vector="-0.577349 -0.577349 -0.577349 -0.577349 -0.577349 0.577349 -0.577349 0.577349 0.577349 -0.577349 0.577349 -0.577349 -0.577349 0.577349 -0.577349 -0.577349 0.577349 0.577349 0.577349 0.577349 0.577349 0.577349 0.577349 -0.577349 0.577349 0.577349 -0.577349 0.577349 0.577349 0.577349 0.577349 -0.577349 0.577349 0.577349 -0.577349 -0.577349 0.577349 -0.577349 -0.577349 0.577349 -0.577349 0.577349 -0.577349 -0.577349 0.577349 -0.577349 -0.577349 -0.577349 0.577349 0.577349 -0.577349 0.577349 -0.577349 -0.577349 0.577349 0.577349 0.577349 0.577349 -0.577349 0.577349 " />
									<TextureCoordinate point="0.0179 0.6425 0.4836 0.6425 0.4836 0.9887 0.0179 0.9887 0.0179 0.6425 0.4836 0.6425 0.4836 0.9887 0.0179 0.9887 0.0179 0.6425 0.4836 0.6425 0.4836 0.9887 0.0179 0.9887 0.0179 0.6425 0.4836 0.6425 0.4836 0.9887 0.0179 0.9887 0.4836 0.6425 0.4836 0.9887 0.0179 0.6425 0.0179 0.9887 " />
								</IndexedTriangleSet>
							</Shape>
						</Group>
					</Transform>
					<Transform DEF="Cube_050_TRANSFORM"
					           translation="1.758924 0.009944 0.005829"
					           scale="1.000000 1.000000 1.000000"
					           rotation="0.000000 1.000000 0.000000 0.000000"
					           >
						<Transform DEF="Cube_050_ifs_TRANSFORM"
						           translation="0.000000 0.000000 0.000000"
						           scale="1.000000 1.000000 1.000000"
						           rotation="0.000000 1.000000 0.000000 0.000000"
						           >
							<Group DEF="group_ME_Cube_001">
								<Shape>
									<Appearance>
										<Material USE="MA_Body" />
									</Appearance>
									<IndexedTriangleSet solid="false"
									                    normalPerVertex="true"
									                    index="0 1 2 0 2 3 4 5 6 4 6 7 8 9 10 8 10 11 12 13 14 12 14 15 4 16 17 4 17 15 18 5 14 18 14 19 "
									                    >
										<Coordinate point="-0.040857 -0.478709 -0.522040 -0.027857 -0.401663 0.584165 0.040857 0.478709 0.522040 0.027857 0.401663 -0.584165 0.027857 0.401663 -0.584165 0.040857 0.478709 0.522040 0.630139 0.432454 0.518337 0.617140 0.355408 -0.587868 0.617140 0.355408 -0.587868 0.630139 0.432454 0.518337 0.561426 -0.447918 0.580461 0.548426 -0.524964 -0.525744 0.548426 -0.524964 -0.525744 0.561426 -0.447918 0.580461 -0.027857 -0.401663 0.584165 -0.040857 -0.478709 -0.522040 0.617140 0.355408 -0.587868 0.548426 -0.524964 -0.525744 0.630139 0.432454 0.518337 0.561426 -0.447918 0.580461 " />
										<Normal vector="-0.627125 -0.569109 -0.531754 -0.613605 -0.488876 0.620045 -0.523972 0.659444 0.538987 -0.537492 0.579241 -0.612812 -0.537492 0.579241 -0.612812 -0.523972 0.659444 0.538987 0.627125 0.569109 0.531754 0.613605 0.488876 -0.620045 0.613605 0.488876 -0.620045 0.627125 0.569109 0.531754 0.537492 -0.579241 0.612812 0.523972 -0.659444 -0.538987 0.523972 -0.659444 -0.538987 0.537492 -0.579241 0.612812 -0.613605 -0.488876 0.620045 -0.627125 -0.569109 -0.531754 0.613605 0.488876 -0.620045 0.523972 -0.659444 -0.538987 0.627125 0.569109 0.531754 0.537492 -0.579241 0.612812 " />
										<TextureCoordinate point="0.0179 0.6425 0.4836 0.6425 0.4836 0.9887 0.0179 0.9887 0.0179 0.6425 0.4836 0.6425 0.4836 0.9887 0.0179 0.9887 0.0179 0.6425 0.4836 0.6425 0.4836 0.9887 0.0179 0.9887 0.0179 0.6425 0.4836 0.6425 0.4836 0.9887 0.0179 0.9887 0.4836 0.6425 0.4836 0.9887 0.0179 0.6425 0.0179 0.9887 " />
									</IndexedTriangleSet>
								</Shape>
							</Group>
						</Transform>
					</Transform>
					<Transform DEF="arm1_1_TRANSFORM"
					           translation="2.168655 -0.000581 -0.007730"
					           scale="1.000000 1.000000 1.000000"
					           rotation="0.000000 1.000000 0.000000 0.000000"
					           >
						<Transform DEF="arm1_1_ifs_TRANSFORM"
						           translation="0.000000 0.000000 0.000000"
						           scale="1.000000 1.000000 1.000000"
						           rotation="0.000000 1.000000 0.000000 0.000000"
						           >
							<Group DEF="group_ME_arm1_1">
								<Shape>
									<Appearance>
										<Material USE="MA_Body" />
									</Appearance>
									<IndexedTriangleSet solid="false"
									                    normalPerVertex="true"
									                    index="0 1 2 0 2 3 4 5 6 4 6 7 8 9 10 8 10 11 12 13 14 12 14 15 4 16 17 4 17 15 18 5 14 18 14 19 "
									                    >
										<Coordinate point="0.000000 -0.528874 -0.621815 0.000000 -0.528874 0.621815 0.000000 0.528874 0.621815 0.000000 0.528874 -0.621815 0.000000 0.528874 -0.621815 0.000000 0.528874 0.621815 0.842133 0.528874 0.621815 0.842133 0.528874 -0.621815 0.842133 0.528874 -0.621815 0.842133 0.528874 0.621815 0.842133 -0.528874 0.621815 0.842133 -0.528874 -0.621815 0.842133 -0.528874 -0.621815 0.842133 -0.528874 0.621815 0.000000 -0.528874 0.621815 0.000000 -0.528874 -0.621815 0.842133 0.528874 -0.621815 0.842133 -0.528874 -0.621815 0.842133 0.528874 0.621815 0.842133 -0.528874 0.621815 " />
										<Normal vector="-0.577349 -0.577349 -0.577349 -0.577349 -0.577349 0.577349 -0.577349 0.577349 0.577349 -0.577349 0.577349 -0.577349 -0.577349 0.577349 -0.577349 -0.577349 0.577349 0.577349 0.577349 0.577349 0.577349 0.577349 0.577349 -0.577349 0.577349 0.577349 -0.577349 0.577349 0.577349 0.577349 0.577349 -0.577349 0.577349 0.577349 -0.577349 -0.577349 0.577349 -0.577349 -0.577349 0.577349 -0.577349 0.577349 -0.577349 -0.577349 0.577349 -0.577349 -0.577349 -0.577349 0.577349 0.577349 -0.577349 0.577349 -0.577349 -0.577349 0.577349 0.577349 0.577349 0.577349 -0.577349 0.577349 " />
										<TextureCoordinate point="0.0179 0.6425 0.4836 0.6425 0.4836 0.9887 0.0179 0.9887 0.0179 0.6425 0.4836 0.6425 0.4836 0.9887 0.0179 0.9887 0.0179 0.6425 0.4836 0.6425 0.4836 0.9887 0.0179 0.9887 0.0179 0.6425 0.4836 0.6425 0.4836 0.9887 0.0179 0.9887 0.4836 0.6425 0.4836 0.9887 0.0179 0.6425 0.0179 0.9887 " />
									</IndexedTriangleSet>
								</Shape>
							</Group>
						</Transform>
						<Transform DEF="Cube_052_TRANSFORM"
						           translation="0.489335 -0.012900 0.003636"
						           scale="1.000000 1.000000 1.000000"
						           rotation="0.000000 1.000000 0.000000 0.000000"
						           >
							<Transform DEF="Cube_052_ifs_TRANSFORM"
							           translation="0.000000 0.000000 0.000000"
							           scale="1.000000 1.000000 1.000000"
							           rotation="0.000000 1.000000 0.000000 0.000000"
							           >
								<Group DEF="group_ME_Cube_003">
									<Shape>
										<Appearance>
											<Material USE="MA_Body" />
										</Appearance>
										<IndexedTriangleSet solid="false"
										                    normalPerVertex="true"
										                    index="0 1 2 0 2 3 4 5 6 4 6 7 8 9 10 8 10 11 12 13 14 12 14 15 4 16 17 4 17 15 18 5 14 18 14 19 "
										                    >
											<Coordinate point="-0.010563 -0.725616 -0.793646 0.003442 -0.801809 0.716655 0.010563 0.725616 0.793646 -0.003442 0.801809 -0.716655 -0.003442 0.801809 -0.716655 0.010563 0.725616 0.793646 0.741701 0.722556 0.786712 0.727697 0.798749 -0.723589 0.727697 0.798749 -0.723589 0.741701 0.722556 0.786712 0.734580 -0.804868 0.709721 0.720575 -0.728675 -0.800580 0.720575 -0.728675 -0.800580 0.734580 -0.804868 0.709721 0.003442 -0.801809 0.716655 -0.010563 -0.725616 -0.793646 0.727697 0.798749 -0.723589 0.720575 -0.728675 -0.800580 0.741701 0.722556 0.786712 0.734580 -0.804868 0.709721 " />
											<Normal vector="-0.585345 -0.545091 -0.600177 -0.574633 -0.603259 0.552995 -0.569262 0.549913 0.611103 -0.579974 0.608112 -0.542039 -0.579974 0.608112 -0.542039 -0.569262 0.549913 0.611103 0.585345 0.545091 0.600177 0.574633 0.603259 -0.552995 0.574633 0.603259 -0.552995 0.585345 0.545091 0.600177 0.579974 -0.608112 0.542039 0.569262 -0.549913 -0.611103 0.569262 -0.549913 -0.611103 0.579974 -0.608112 0.542039 -0.574633 -0.603259 0.552995 -0.585345 -0.545091 -0.600177 0.574633 0.603259 -0.552995 0.569262 -0.549913 -0.611103 0.585345 0.545091 0.600177 0.579974 -0.608112 0.542039 " />
											<TextureCoordinate point="0.0179 0.6425 0.4836 0.6425 0.4836 0.9887 0.0179 0.9887 0.0179 0.6425 0.4836 0.6425 0.4836 0.9887 0.0179 0.9887 0.0179 0.6425 0.4836 0.6425 0.4836 0.9887 0.0179 0.9887 0.0179 0.6425 0.4836 0.6425 0.4836 0.9887 0.0179 0.9887 0.4836 0.6425 0.4836 0.9887 0.0179 0.6425 0.0179 0.9887 " />
										</IndexedTriangleSet>
									</Shape>
								</Group>
							</Transform>
							<Transform DEF="Cube_053_TRANSFORM"
							           translation="0.496028 -0.048933 -0.005105"
							           scale="1.000000 1.000000 1.000000"
							           rotation="0.000000 1.000000 0.000000 0.000000"
							           >
								<Transform DEF="Cube_053_ifs_TRANSFORM"
								           translation="0.000000 0.000000 0.000000"
								           scale="1.000000 1.000000 1.000000"
								           rotation="0.000000 1.000000 0.000000 0.000000"
								           >
									<Group DEF="group_ME_Cube_004">
										<Shape>
											<Appearance>
												<Material USE="MA_Body" />
											</Appearance>
											<IndexedTriangleSet solid="false"
											                    normalPerVertex="true"
											                    index="0 1 2 0 2 3 4 5 6 4 6 7 8 9 10 8 10 11 12 13 14 12 14 15 4 16 17 4 17 15 18 5 14 18 14 19 "
											                    >
												<Coordinate point="-0.020768 -1.055900 -0.888267 -0.003121 -1.042614 0.904058 0.020768 1.055900 0.888267 0.003121 1.042614 -0.904058 0.003121 1.042614 -0.904058 0.020768 1.055900 0.888267 2.419182 1.028421 0.864857 2.401536 1.015134 -0.927468 2.401536 1.015134 -0.927468 2.419182 1.028421 0.864857 2.395293 -1.070093 0.880648 2.377647 -1.083379 -0.911677 2.377647 -1.083379 -0.911677 2.395293 -1.070093 0.880648 -0.003121 -1.042614 0.904058 -0.020768 -1.055900 -0.888267 2.401536 1.015134 -0.927468 2.377647 -1.083379 -0.911677 2.419182 1.028421 0.864857 2.395293 -1.070093 0.880648 " />
												<Normal vector="-0.589526 -0.574938 -0.567309 -0.578143 -0.566393 0.587268 -0.565020 0.588183 0.578570 -0.576373 0.579608 -0.576006 -0.576373 0.579608 -0.576006 -0.565020 0.588183 0.578570 0.589526 0.574938 0.567309 0.578143 0.566393 -0.587268 0.578143 0.566393 -0.587268 0.589526 0.574938 0.567309 0.576373 -0.579608 0.576006 0.565020 -0.588183 -0.578570 0.565020 -0.588183 -0.578570 0.576373 -0.579608 0.576006 -0.578143 -0.566393 0.587268 -0.589526 -0.574938 -0.567309 0.578143 0.566393 -0.587268 0.565020 -0.588183 -0.578570 0.589526 0.574938 0.567309 0.576373 -0.579608 0.576006 " />
												<TextureCoordinate point="0.0179 0.6425 0.4836 0.6425 0.4836 0.9887 0.0179 0.9887 0.0179 0.6425 0.4836 0.6425 0.4836 0.9887 0.0179 0.9887 0.0179 0.6425 0.4836 0.6425 0.4836 0.9887 0.0179 0.9887 0.0179 0.6425 0.4836 0.6425 0.4836 0.9887 0.0179 0.9887 0.4836 0.6425 0.4836 0.9887 0.0179 0.6425 0.0179 0.9887 " />
											</IndexedTriangleSet>
										</Shape>
									</Group>
								</Transform>
							</Transform>
						</Transform>
						<Transform DEF="Cube_054_TRANSFORM"
						           translation="1.057848 -0.087265 0.860683"
						           scale="1.000000 1.000000 1.000000"
						           rotation="0.000000 1.000000 0.000000 0.000000"
						           >
							<Transform DEF="Cube_054_ifs_TRANSFORM"
							           translation="0.000000 0.000000 0.000000"
							           scale="1.000000 1.000000 1.000000"
							           rotation="0.000000 1.000000 0.000000 0.000000"
							           >
								<Group DEF="group_ME_Cube_005">
									<Shape>
										<Appearance>
											<Material USE="MA_Body" />
										</Appearance>
										<IndexedTriangleSet solid="false"
										                    normalPerVertex="true"
										                    index="0 1 2 0 2 3 4 5 6 4 6 7 8 9 10 8 10 11 12 13 14 12 14 15 4 16 17 4 17 15 18 5 14 18 14 19 "
										                    >
											<Coordinate point="-0.009100 -0.272360 -0.200861 -0.005104 -0.269351 0.205016 0.009100 0.272360 0.200861 0.005104 0.269351 -0.205016 0.005104 0.269351 -0.205016 0.009100 0.272360 0.200861 0.530907 0.258638 0.195825 0.526911 0.255630 -0.210052 0.526911 0.255630 -0.210052 0.530907 0.258638 0.195825 0.516703 -0.283073 0.199980 0.512707 -0.286081 -0.205896 0.512707 -0.286081 -0.205896 0.516703 -0.283073 0.199980 -0.005104 -0.269351 0.205016 -0.009100 -0.272360 -0.200861 0.526911 0.255630 -0.210052 0.512707 -0.286081 -0.205896 0.530907 0.258638 0.195825 0.516703 -0.283073 0.199980 " />
											<Normal vector="-0.597919 -0.566210 -0.567309 -0.586566 -0.557665 0.587298 -0.556291 0.596576 0.578448 -0.567644 0.588031 -0.576159 -0.567644 0.588031 -0.576159 -0.556291 0.596576 0.578448 0.597919 0.566210 0.567309 0.586566 0.557665 -0.587298 0.586566 0.557665 -0.587298 0.597919 0.566210 0.567309 0.567644 -0.588031 0.576159 0.556291 -0.596576 -0.578448 0.556291 -0.596576 -0.578448 0.567644 -0.588031 0.576159 -0.586566 -0.557665 0.587298 -0.597919 -0.566210 -0.567309 0.586566 0.557665 -0.587298 0.556291 -0.596576 -0.578448 0.597919 0.566210 0.567309 0.567644 -0.588031 0.576159 " />
											<TextureCoordinate point="0.5413 0.4045 0.9681 0.4045 0.9681 0.5939 0.5413 0.5939 0.5413 0.0241 0.9681 0.0241 0.9681 0.3415 0.5413 0.3415 0.5413 0.0241 0.9681 0.0241 0.9681 0.3415 0.5413 0.3415 0.5413 0.0241 0.9681 0.0241 0.9681 0.3415 0.5413 0.3415 0.9681 0.0241 0.9681 0.3415 0.5413 0.0241 0.5413 0.3415 " />
										</IndexedTriangleSet>
									</Shape>
								</Group>
							</Transform>
							<Transform DEF="Cube_055_TRANSFORM"
							           translation="0.489596 -0.012875 -0.004725"
							           scale="1.000000 1.000000 1.000000"
							           rotation="0.000000 1.000000 0.000000 0.000000"
							           >
								<Transform DEF="Cube_055_ifs_TRANSFORM"
								           translation="0.000000 0.000000 0.000000"
								           scale="1.000000 1.000000 1.000000"
								           rotation="0.000000 1.000000 0.000000 0.000000"
								           >
									<Group DEF="group_ME_Cube_006">
										<Shape>
											<Appearance>
												<Material USE="MA_Body" />
											</Appearance>
											<IndexedTriangleSet solid="false"
											                    normalPerVertex="true"
											                    index="0 1 2 0 2 3 4 5 6 4 6 7 8 9 10 8 10 11 12 13 14 12 14 15 4 16 17 4 17 15 18 5 14 18 14 19 "
											                    >
												<Coordinate point="-0.007407 -0.453170 -0.321340 -0.001013 -0.448356 0.328106 0.007407 0.453170 0.321340 0.001013 0.448356 -0.328106 0.001013 0.448356 -0.328106 0.007407 0.453170 0.321340 0.626744 0.447340 0.315285 0.620350 0.442526 -0.334160 0.620350 0.442526 -0.334160 0.626744 0.447340 0.315285 0.618324 -0.454185 0.322051 0.611930 -0.458999 -0.327394 0.611930 -0.458999 -0.327394 0.618324 -0.454185 0.322051 -0.001013 -0.448356 0.328106 -0.007407 -0.453170 -0.321340 0.620350 0.442526 -0.334160 0.611930 -0.458999 -0.327394 0.626744 0.447340 0.315285 0.618324 -0.454185 0.322051 " />
												<Normal vector="-0.588366 -0.576128 -0.567309 -0.576983 -0.567583 0.587268 -0.566210 0.586993 0.578600 -0.577563 0.578448 -0.575976 -0.577563 0.578448 -0.575976 -0.566210 0.586993 0.578600 0.588366 0.576128 0.567309 0.576983 0.567583 -0.587268 0.576983 0.567583 -0.587268 0.588366 0.576128 0.567309 0.577563 -0.578448 0.575976 0.566210 -0.586993 -0.578600 0.566210 -0.586993 -0.578600 0.577563 -0.578448 0.575976 -0.576983 -0.567583 0.587268 -0.588366 -0.576128 -0.567309 0.576983 0.567583 -0.587268 0.566210 -0.586993 -0.578600 0.588366 0.576128 0.567309 0.577563 -0.578448 0.575976 " />
												<TextureCoordinate point="0.5413 0.4045 0.9681 0.4045 0.9681 0.5939 0.5413 0.5939 0.5413 0.0241 0.9681 0.0241 0.9681 0.3415 0.5413 0.3415 0.5413 0.0241 0.9681 0.0241 0.9681 0.3415 0.5413 0.3415 0.5413 0.0241 0.9681 0.0241 0.9681 0.3415 0.5413 0.3415 0.9681 0.0241 0.9681 0.3415 0.5413 0.0241 0.5413 0.3415 " />
											</IndexedTriangleSet>
										</Shape>
									</Group>
								</Transform>
								<Transform DEF="Cube_056_TRANSFORM"
								           translation="0.483061 -0.018209 0.016988"
								           scale="1.000000 1.000000 1.000000"
								           rotation="0.000000 1.000000 0.000000 0.000000"
								           >
									<Transform DEF="Cube_056_ifs_TRANSFORM"
									           translation="0.000000 0.000000 0.000000"
									           scale="1.000000 1.000000 1.000000"
									           rotation="0.000000 1.000000 0.000000 0.000000"
									           >
										<Group DEF="group_ME_Cube_007">
											<Shape>
												<Appearance>
													<Material USE="MA_Body" />
												</Appearance>
												<IndexedTriangleSet solid="false"
												                    normalPerVertex="true"
												                    index="0 1 2 0 2 3 4 5 6 4 6 7 8 9 10 8 10 11 12 13 14 12 14 15 4 16 17 4 17 15 18 5 14 18 14 19 "
												                    >
													<Coordinate point="-0.101098 -0.525663 -0.365354 0.125604 -0.522317 0.362538 0.101098 0.525663 0.365354 -0.125604 0.522317 -0.362538 -0.125604 0.522317 -0.362538 0.101098 0.525663 0.365354 0.966523 0.546625 0.095721 0.739821 0.543279 -0.632171 0.739821 0.543279 -0.632171 0.966523 0.546625 0.095721 0.991029 -0.501356 0.092905 0.764327 -0.504701 -0.634987 0.764327 -0.504701 -0.634987 0.991029 -0.501356 0.092905 0.125604 -0.522317 0.362538 -0.101098 -0.525663 -0.365354 0.739821 0.543279 -0.632171 0.764327 -0.504701 -0.634987 0.966523 0.546625 0.095721 0.991029 -0.501356 0.092905 " />
													<Normal vector="-0.709250 -0.593066 -0.381085 -0.365886 -0.588000 0.721366 -0.392865 0.566363 0.724448 -0.736229 0.561296 -0.377972 -0.736229 0.561296 -0.377972 -0.392865 0.566363 0.724448 0.709250 0.593066 0.381085 0.365886 0.588000 -0.721366 0.365886 0.588000 -0.721366 0.709250 0.593066 0.381085 0.736229 -0.561296 0.377972 0.392865 -0.566363 -0.724448 0.392865 -0.566363 -0.724448 0.736229 -0.561296 0.377972 -0.365886 -0.588000 0.721366 -0.709250 -0.593066 -0.381085 0.365886 0.588000 -0.721366 0.392865 -0.566363 -0.724448 0.709250 0.593066 0.381085 0.736229 -0.561296 0.377972 " />
													<TextureCoordinate point="0.5413 0.4045 0.9681 0.4045 0.9681 0.5939 0.5413 0.5939 0.5413 0.0241 0.9681 0.0241 0.9681 0.3415 0.5413 0.3415 0.5413 0.0241 0.9681 0.0241 0.9681 0.3415 0.5413 0.3415 0.5413 0.0241 0.9681 0.0241 0.9681 0.3415 0.5413 0.3415 0.9681 0.0241 0.9681 0.3415 0.5413 0.0241 0.5413 0.3415 " />
												</IndexedTriangleSet>
											</Shape>
										</Group>
									</Transform>
								</Transform>
							</Transform>
						</Transform>
						<Transform DEF="Cube_057_TRANSFORM"
						           translation="1.408301 0.913917 0.466562"
						           scale="1.000000 1.000000 1.000000"
						           rotation="0.000000 1.000000 0.000000 0.000000"
						           >
							<Transform DEF="Cube_057_ifs_TRANSFORM"
							           translation="0.000000 0.000000 0.000000"
							           scale="1.000000 1.000000 1.000000"
							           rotation="0.000000 1.000000 0.000000 0.000000"
							           >
								<Group DEF="group_ME_Cube_009">
									<Shape>
										<Appearance>
											<Material USE="MA_Body" />
										</Appearance>
										<IndexedTriangleSet solid="false"
										                    normalPerVertex="true"
										                    index="0 1 2 0 2 3 4 5 6 4 6 7 8 9 10 8 10 11 12 13 14 12 14 15 4 16 17 4 17 15 18 5 14 18 14 19 "
										                    >
											<Coordinate point="-0.010453 0.140048 -0.244736 0.033961 -0.148699 -0.237390 0.010453 -0.140048 0.244736 -0.033961 0.148699 0.237390 -0.033961 0.148699 0.237390 0.010453 -0.140048 0.244736 0.627585 -0.044400 0.273111 0.583170 0.244347 0.265765 0.583170 0.244347 0.265765 0.627585 -0.044400 0.273111 0.651093 -0.053051 -0.209015 0.606678 0.235696 -0.216362 0.606678 0.235696 -0.216362 0.651093 -0.053051 -0.209015 0.033961 -0.148699 -0.237390 -0.010453 0.140048 -0.244736 0.583170 0.244347 0.265765 0.606678 0.235696 -0.216362 0.627585 -0.044400 0.273111 0.651093 -0.053051 -0.209015 " />
											<Normal vector="-0.629566 0.471755 -0.617267 -0.454085 -0.669118 -0.588244 -0.510300 -0.648427 0.564867 -0.685781 0.492447 0.535844 -0.685781 0.492447 0.535844 -0.510300 -0.648427 0.564867 0.629566 -0.471755 0.617267 0.454085 0.669118 0.588244 0.454085 0.669118 0.588244 0.629566 -0.471755 0.617267 0.685781 -0.492447 -0.535844 0.510300 0.648427 -0.564867 0.510300 0.648427 -0.564867 0.685781 -0.492447 -0.535844 -0.454085 -0.669118 -0.588244 -0.629566 0.471755 -0.617267 0.454085 0.669118 0.588244 0.510300 0.648427 -0.564867 0.629566 -0.471755 0.617267 0.685781 -0.492447 -0.535844 " />
											<TextureCoordinate point="0.5413 0.0241 0.9681 0.0241 0.9681 0.3415 0.5413 0.3415 0.5413 0.0241 0.9681 0.0241 0.9681 0.3415 0.5413 0.3415 0.5413 0.4045 0.9681 0.4045 0.9681 0.5939 0.5413 0.5939 0.5413 0.0241 0.9681 0.0241 0.9681 0.3415 0.5413 0.3415 0.9681 0.0241 0.9681 0.3415 0.5413 0.0241 0.5413 0.3415 " />
										</IndexedTriangleSet>
									</Shape>
								</Group>
							</Transform>
							<Transform DEF="Cube_058_TRANSFORM"
							           translation="0.522268 0.086757 0.023909"
							           scale="1.000000 1.000000 1.000000"
							           rotation="0.000000 1.000000 0.000000 0.000000"
							           >
								<Transform DEF="Cube_058_ifs_TRANSFORM"
								           translation="0.000000 0.000000 0.000000"
								           scale="1.000000 1.000000 1.000000"
								           rotation="0.000000 1.000000 0.000000 0.000000"
								           >
									<Group DEF="group_ME_Cube_010">
										<Shape>
											<Appearance>
												<Material USE="MA_Body" />
											</Appearance>
											<IndexedTriangleSet solid="false"
											                    normalPerVertex="true"
											                    index="0 1 2 0 2 3 4 5 6 4 6 7 8 9 10 8 10 11 12 13 14 12 14 15 4 16 17 4 17 15 18 5 14 18 14 19 "
											                    >
												<Coordinate point="0.039568 0.135470 -0.228395 -0.017404 -0.143626 -0.226166 -0.039568 -0.135470 0.228395 0.017404 0.143626 0.226166 0.017404 0.143626 0.226166 -0.039568 -0.135470 0.228395 0.623531 -0.270552 0.263151 0.680504 0.008544 0.260922 0.680504 0.008544 0.260922 0.623531 -0.270552 0.263151 0.645695 -0.278708 -0.191410 0.702668 0.000388 -0.193639 0.702668 0.000388 -0.193639 0.645695 -0.278708 -0.191410 -0.017404 -0.143626 -0.226166 0.039568 0.135470 -0.228395 0.680504 0.008544 0.260922 0.702668 0.000388 -0.193639 0.623531 -0.270552 0.263151 0.645695 -0.278708 -0.191410 " />
												<Normal vector="-0.421400 0.670400 -0.610675 -0.652333 -0.460891 -0.601642 -0.708548 -0.440199 0.551469 -0.477615 0.691092 0.542436 -0.477615 0.691092 0.542436 -0.708548 -0.440199 0.551469 0.421400 -0.670400 0.610675 0.652333 0.460891 0.601642 0.652333 0.460891 0.601642 0.421400 -0.670400 0.610675 0.477615 -0.691092 -0.542436 0.708548 0.440199 -0.551469 0.708548 0.440199 -0.551469 0.477615 -0.691092 -0.542436 -0.652333 -0.460891 -0.601642 -0.421400 0.670400 -0.610675 0.652333 0.460891 0.601642 0.708548 0.440199 -0.551469 0.421400 -0.670400 0.610675 0.477615 -0.691092 -0.542436 " />
												<TextureCoordinate point="0.5413 0.0241 0.9681 0.0241 0.9681 0.3415 0.5413 0.3415 0.5413 0.0241 0.9681 0.0241 0.9681 0.3415 0.5413 0.3415 0.5413 0.0241 0.9681 0.0241 0.9681 0.3415 0.5413 0.3415 0.5413 0.0241 0.9681 0.0241 0.9681 0.3415 0.5413 0.3415 0.9681 0.0241 0.9681 0.3415 0.5413 0.0241 0.5413 0.3415 " />
											</IndexedTriangleSet>
										</Shape>
									</Group>
								</Transform>
							</Transform>
						</Transform>
						<Transform DEF="d1_TRANSFORM"
						           translation="3.159184 -0.086341 -0.004408"
						           scale="1.000000 1.000000 1.000000"
						           rotation="0.000000 1.000000 0.000000 0.000000"
						           >
							<Transform DEF="d1_ifs_TRANSFORM"
							           translation="0.000000 0.000000 0.000000"
							           scale="1.000000 1.000000 1.000000"
							           rotation="0.000000 1.000000 0.000000 0.000000"
							           >
								<Group DEF="group_ME_d1">
									<Shape>
										<Appearance>
											<Material USE="MA_Body" />
										</Appearance>
										<IndexedTriangleSet solid="false"
										                    normalPerVertex="true"
										                    index="0 1 2 0 2 3 4 5 6 4 6 7 8 9 10 8 10 11 12 13 14 12 14 15 4 16 17 4 17 15 18 5 14 18 14 19 "
										                    >
											<Coordinate point="-0.008377 -0.371534 -0.245870 -0.002799 -0.367334 0.320701 0.009059 0.372047 0.315103 0.003480 0.367847 -0.251467 0.003480 0.367847 -0.251467 0.009059 0.372047 0.315103 0.966524 0.356622 0.305791 0.960946 0.352422 -0.260780 0.960946 0.352422 -0.260780 0.966524 0.356622 0.305791 0.954667 -0.382759 0.311388 0.949089 -0.386959 -0.255182 0.949089 -0.386959 -0.255182 0.954667 -0.382759 0.311388 -0.002799 -0.367334 0.320701 -0.008377 -0.371534 -0.245870 0.960946 0.352422 -0.260780 0.949089 -0.386959 -0.255182 0.966524 0.356622 0.305791 0.954667 -0.382759 0.311388 " />
											<Normal vector="-0.592181 -0.572222 -0.567309 -0.580798 -0.563677 0.587268 -0.562304 0.590838 0.578539 -0.573656 0.582263 -0.576037 -0.573656 0.582263 -0.576037 -0.562304 0.590838 0.578539 0.592181 0.572222 0.567309 0.580798 0.563677 -0.587268 0.580798 0.563677 -0.587268 0.592181 0.572222 0.567309 0.573656 -0.582263 0.576037 0.562304 -0.590838 -0.578539 0.562304 -0.590838 -0.578539 0.573656 -0.582263 0.576037 -0.580798 -0.563677 0.587268 -0.592181 -0.572222 -0.567309 0.580798 0.563677 -0.587268 0.562304 -0.590838 -0.578539 0.592181 0.572222 0.567309 0.573656 -0.582263 0.576037 " />
											<TextureCoordinate point="0.5288 0.6505 0.9728 0.6505 0.9728 0.9807 0.5288 0.9807 0.5288 0.6505 0.9728 0.6505 0.9728 0.9807 0.5288 0.9807 0.5288 0.6505 0.9728 0.6505 0.9728 0.9807 0.5288 0.9807 0.5288 0.6505 0.9728 0.6505 0.9728 0.9807 0.5288 0.9807 0.9728 0.6505 0.9728 0.9807 0.5288 0.6505 0.5288 0.9807 " />
										</IndexedTriangleSet>
									</Shape>
								</Group>
							</Transform>
							<Transform DEF="Cube_060_TRANSFORM"
							           translation="0.733652 -0.011622 0.018906"
							           scale="1.000000 1.000000 1.000000"
							           rotation="0.000000 1.000000 0.000000 0.000000"
							           >
								<Transform DEF="Cube_060_ifs_TRANSFORM"
								           translation="0.000000 0.000000 0.000000"
								           scale="1.000000 1.000000 1.000000"
								           rotation="0.000000 1.000000 0.000000 0.000000"
								           >
									<Group DEF="group_ME_Cube_012">
										<Shape>
											<Appearance>
												<Material USE="MA_Body" />
											</Appearance>
											<IndexedTriangleSet solid="false"
											                    normalPerVertex="true"
											                    index="0 1 2 0 2 3 4 5 6 4 6 7 8 9 10 8 10 11 12 13 14 12 14 15 4 16 17 4 17 15 18 5 14 18 14 19 "
											                    >
												<Coordinate point="-0.181913 -0.340786 -0.222439 0.170947 -0.343037 0.227616 0.181913 0.340786 0.222439 -0.170947 0.343037 -0.227616 -0.170947 0.343037 -0.227616 0.181913 0.340786 0.222439 0.863446 0.325810 -0.311984 0.510587 0.328061 -0.762038 0.510587 0.328061 -0.762038 0.863446 0.325810 -0.311984 0.852479 -0.358013 -0.306807 0.499620 -0.355761 -0.756861 0.499620 -0.355761 -0.756861 0.852479 -0.358013 -0.306807 0.170947 -0.343037 0.227616 -0.181913 -0.340786 -0.222439 0.510587 0.328061 -0.762038 0.499620 -0.355761 -0.756861 0.863446 0.325810 -0.311984 0.852479 -0.358013 -0.306807 " />
												<Normal vector="-0.819727 -0.564989 -0.093753 -0.107273 -0.569536 0.814905 -0.088748 0.584948 0.806177 -0.801202 0.589496 -0.102512 -0.801202 0.589496 -0.102512 -0.088748 0.584948 0.806177 0.819727 0.564989 0.093753 0.107273 0.569536 -0.814905 0.107273 0.569536 -0.814905 0.819727 0.564989 0.093753 0.801202 -0.589496 0.102512 0.088748 -0.584948 -0.806177 0.088748 -0.584948 -0.806177 0.801202 -0.589496 0.102512 -0.107273 -0.569536 0.814905 -0.819727 -0.564989 -0.093753 0.107273 0.569536 -0.814905 0.088748 -0.584948 -0.806177 0.819727 0.564989 0.093753 0.801202 -0.589496 0.102512 " />
												<TextureCoordinate point="0.5288 0.6505 0.9728 0.6505 0.9728 0.9807 0.5288 0.9807 0.5288 0.6505 0.9728 0.6505 0.9728 0.9807 0.5288 0.9807 0.5288 0.6505 0.9728 0.6505 0.9728 0.9807 0.5288 0.9807 0.5288 0.6505 0.9728 0.6505 0.9728 0.9807 0.5288 0.9807 0.9728 0.6505 0.9728 0.9807 0.5288 0.6505 0.5288 0.9807 " />
											</IndexedTriangleSet>
										</Shape>
									</Group>
								</Transform>
							</Transform>
							<Transform DEF="Cube_061_TRANSFORM"
							           translation="-0.111564 0.585516 -0.003060"
							           scale="1.000000 1.000000 1.000000"
							           rotation="0.000000 1.000000 0.000000 0.000000"
							           >
								<Transform DEF="Cube_061_ifs_TRANSFORM"
								           translation="0.000000 0.000000 0.000000"
								           scale="1.000000 1.000000 1.000000"
								           rotation="0.000000 1.000000 0.000000 0.000000"
								           >
									<Group DEF="group_ME_Cube_013">
										<Shape>
											<Appearance>
												<Material USE="MA_Body" />
											</Appearance>
											<IndexedTriangleSet solid="false"
											                    normalPerVertex="true"
											                    index="0 1 2 0 2 3 4 5 6 4 6 7 8 9 10 8 10 11 12 13 14 12 14 15 4 16 17 4 17 15 18 5 14 18 14 19 "
											                    >
												<Coordinate point="0.090945 -0.359680 -0.263789 0.096730 -0.355324 0.323773 -0.090389 0.360099 0.320312 -0.096174 0.355743 -0.267250 -0.096174 0.355743 -0.267250 -0.090389 0.360099 0.320312 0.836034 0.602352 0.309395 0.830249 0.597996 -0.278167 0.830249 0.597996 -0.278167 0.836034 0.602352 0.309395 1.023153 -0.113071 0.312856 1.017368 -0.117427 -0.274706 1.017368 -0.117427 -0.274706 1.023153 -0.113071 0.312856 0.096730 -0.355324 0.323773 0.090945 -0.359680 -0.263789 0.830249 0.597996 -0.278167 1.017368 -0.117427 -0.274706 0.836034 0.602352 0.309395 1.023153 -0.113071 0.312856 " />
												<Normal vector="-0.418104 -0.708884 -0.568011 -0.406751 -0.700308 0.586566 -0.698935 0.416761 0.581164 -0.710288 0.408216 -0.573412 -0.710288 0.408216 -0.573412 -0.698935 0.416761 0.581164 0.418104 0.708884 0.568011 0.406751 0.700308 -0.586566 0.406751 0.700308 -0.586566 0.418104 0.708884 0.568011 0.710288 -0.408216 0.573412 0.698935 -0.416761 -0.581164 0.698935 -0.416761 -0.581164 0.710288 -0.408216 0.573412 -0.406751 -0.700308 0.586566 -0.418104 -0.708884 -0.568011 0.406751 0.700308 -0.586566 0.698935 -0.416761 -0.581164 0.418104 0.708884 0.568011 0.710288 -0.408216 0.573412 " />
												<TextureCoordinate point="0.5288 0.6505 0.9728 0.6505 0.9728 0.9807 0.5288 0.9807 0.5288 0.6505 0.9728 0.6505 0.9728 0.9807 0.5288 0.9807 0.5288 0.6505 0.9728 0.6505 0.9728 0.9807 0.5288 0.9807 0.5288 0.6505 0.9728 0.6505 0.9728 0.9807 0.5288 0.9807 0.9728 0.6505 0.9728 0.9807 0.5288 0.6505 0.5288 0.9807 " />
											</IndexedTriangleSet>
										</Shape>
									</Group>
								</Transform>
								<Transform DEF="Cube_062_TRANSFORM"
								           translation="0.709875 0.185753 0.017677"
								           scale="1.000000 1.000000 1.000000"
								           rotation="0.000000 1.000000 0.000000 0.000000"
								           >
									<Transform DEF="Cube_062_ifs_TRANSFORM"
									           translation="0.000000 0.000000 0.000000"
									           scale="1.000000 1.000000 1.000000"
									           rotation="0.000000 1.000000 0.000000 0.000000"
									           >
										<Group DEF="group_ME_Cube_014">
											<Shape>
												<Appearance>
													<Material USE="MA_Body" />
												</Appearance>
												<IndexedTriangleSet solid="false"
												                    normalPerVertex="true"
												                    index="0 1 2 0 2 3 4 5 6 4 6 7 8 9 10 8 10 11 12 13 14 12 14 15 4 16 17 4 17 15 18 5 14 18 14 19 "
												                    >
													<Coordinate point="-0.084253 -0.376588 -0.223135 0.257311 -0.285077 0.226336 0.084253 0.376588 0.223135 -0.257311 0.285077 -0.226336 -0.257311 0.285077 -0.226336 0.084253 0.376588 0.223135 0.743521 0.546428 -0.312438 0.401957 0.454918 -0.761909 0.401957 0.454918 -0.761909 0.743521 0.546428 -0.312438 0.916579 -0.115237 -0.309237 0.575015 -0.206747 -0.758708 0.575015 -0.206747 -0.758708 0.916579 -0.115237 -0.309237 0.257311 -0.285077 0.226336 -0.084253 -0.376588 -0.223135 0.401957 0.454918 -0.761909 0.575015 -0.206747 -0.758708 0.743521 0.546428 -0.312438 0.916579 -0.115237 -0.309237 " />
													<Normal vector="-0.638142 -0.764122 -0.094058 0.051485 -0.579363 0.813410 -0.240669 0.537706 0.808008 -0.930326 0.352947 -0.099460 -0.930326 0.352947 -0.099460 -0.240669 0.537706 0.808008 0.638142 0.764122 0.094058 -0.051485 0.579363 -0.813410 -0.051485 0.579363 -0.813410 0.638142 0.764122 0.094058 0.930326 -0.352947 0.099460 0.240669 -0.537706 -0.808008 0.240669 -0.537706 -0.808008 0.930326 -0.352947 0.099460 0.051485 -0.579363 0.813410 -0.638142 -0.764122 -0.094058 -0.051485 0.579363 -0.813410 0.240669 -0.537706 -0.808008 0.638142 0.764122 0.094058 0.930326 -0.352947 0.099460 " />
													<TextureCoordinate point="0.5288 0.6505 0.9728 0.6505 0.9728 0.9807 0.5288 0.9807 0.5288 0.6505 0.9728 0.6505 0.9728 0.9807 0.5288 0.9807 0.5288 0.6505 0.9728 0.6505 0.9728 0.9807 0.5288 0.9807 0.5288 0.6505 0.9728 0.6505 0.9728 0.9807 0.5288 0.9807 0.9728 0.6505 0.9728 0.9807 0.5288 0.6505 0.5288 0.9807 " />
												</IndexedTriangleSet>
											</Shape>
										</Group>
									</Transform>
								</Transform>
							</Transform>
							<Transform DEF="Cube_063_TRANSFORM"
							           translation="-0.138349 -0.653805 0.006391"
							           scale="1.000000 1.000000 1.000000"
							           rotation="0.000000 1.000000 0.000000 0.000000"
							           >
								<Transform DEF="Cube_063_ifs_TRANSFORM"
								           translation="0.000000 0.000000 0.000000"
								           scale="1.000000 1.000000 1.000000"
								           rotation="0.000000 1.000000 0.000000 0.000000"
								           >
									<Group DEF="group_ME_Cube_015">
										<Shape>
											<Appearance>
												<Material USE="MA_Body" />
											</Appearance>
											<IndexedTriangleSet solid="false"
											                    normalPerVertex="true"
											                    index="0 1 2 0 2 3 4 5 6 4 6 7 8 9 10 8 10 11 12 13 14 12 14 15 4 16 17 4 17 15 18 5 14 18 14 19 "
											                    >
												<Coordinate point="-0.076496 -0.364244 -0.262107 -0.070711 -0.359889 0.325456 0.077052 0.364663 0.318630 0.071267 0.360308 -0.268933 0.071267 0.360308 -0.268933 0.077052 0.364663 0.318630 1.015328 0.173240 0.310811 1.009543 0.168884 -0.276752 1.009543 0.168884 -0.276752 1.015328 0.173240 0.310811 0.867565 -0.551312 0.317637 0.861780 -0.555668 -0.269926 0.861780 -0.555668 -0.269926 0.867565 -0.551312 0.317637 -0.070711 -0.359889 0.325456 -0.076496 -0.364244 -0.262107 1.009543 0.168884 -0.276752 0.861780 -0.555668 -0.269926 1.015328 0.173240 0.310811 0.867565 -0.551312 0.317637 " />
												<Normal vector="-0.686697 -0.454543 -0.567248 -0.675344 -0.445967 0.587329 -0.444624 0.685354 0.576678 -0.455977 0.676809 -0.577899 -0.455977 0.676809 -0.577899 -0.444624 0.685354 0.576678 0.686697 0.454543 0.567248 0.675344 0.445967 -0.587329 0.675344 0.445967 -0.587329 0.686697 0.454543 0.567248 0.455977 -0.676809 0.577899 0.444624 -0.685354 -0.576678 0.444624 -0.685354 -0.576678 0.455977 -0.676809 0.577899 -0.675344 -0.445967 0.587329 -0.686697 -0.454543 -0.567248 0.675344 0.445967 -0.587329 0.444624 -0.685354 -0.576678 0.686697 0.454543 0.567248 0.455977 -0.676809 0.577899 " />
												<TextureCoordinate point="0.5288 0.6505 0.9728 0.6505 0.9728 0.9807 0.5288 0.9807 0.5288 0.6505 0.9728 0.6505 0.9728 0.9807 0.5288 0.9807 0.5288 0.6505 0.9728 0.6505 0.9728 0.9807 0.5288 0.9807 0.5288 0.6505 0.9728 0.6505 0.9728 0.9807 0.5288 0.9807 0.9728 0.6505 0.9728 0.9807 0.5288 0.6505 0.5288 0.9807 " />
											</IndexedTriangleSet>
										</Shape>
									</Group>
								</Transform>
								<Transform DEF="Cube_064_TRANSFORM"
								           translation="0.718954 -0.146433 0.020050"
								           scale="1.000000 1.000000 1.000000"
								           rotation="0.000000 1.000000 0.000000 0.000000"
								           >
									<Transform DEF="Cube_064_ifs_TRANSFORM"
									           translation="0.000000 0.000000 0.000000"
									           scale="1.000000 1.000000 1.000000"
									           rotation="0.000000 1.000000 0.000000 0.000000"
									           >
										<Group DEF="group_ME_Cube_016">
											<Shape>
												<Appearance>
													<Material USE="MA_Body" />
												</Appearance>
												<IndexedTriangleSet solid="false"
												                    normalPerVertex="true"
												                    index="0 1 2 0 2 3 4 5 6 4 6 7 8 9 10 8 10 11 12 13 14 12 14 15 4 16 17 4 17 15 18 5 14 18 14 19 "
												                    >
													<Coordinate point="-0.241269 -0.301908 -0.222143 0.104608 -0.368200 0.228455 0.241269 0.301908 0.222143 -0.104608 0.368200 -0.228455 -0.104608 0.368200 -0.228455 0.241269 0.301908 0.222143 0.909038 0.160700 -0.311209 0.563161 0.226992 -0.761806 0.563161 0.226992 -0.761806 0.909038 0.160700 -0.311209 0.772377 -0.509408 -0.304896 0.426501 -0.443116 -0.755494 0.426501 -0.443116 -0.755494 0.772377 -0.509408 -0.304896 0.104608 -0.368200 0.228455 -0.241269 -0.301908 -0.222143 0.563161 0.226992 -0.761806 0.426501 -0.443116 -0.755494 0.909038 0.160700 -0.311209 0.772377 -0.509408 -0.304896 " />
													<Normal vector="-0.909604 -0.404614 -0.094058 -0.211249 -0.538469 0.815699 0.019440 0.592853 0.805048 -0.678884 0.726707 -0.104709 -0.678884 0.726707 -0.104709 0.019440 0.592853 0.805048 0.909604 0.404614 0.094058 0.211249 0.538469 -0.815699 0.211249 0.538469 -0.815699 0.909604 0.404614 0.094058 0.678884 -0.726707 0.104709 -0.019440 -0.592853 -0.805048 -0.019440 -0.592853 -0.805048 0.678884 -0.726707 0.104709 -0.211249 -0.538469 0.815699 -0.909604 -0.404614 -0.094058 0.211249 0.538469 -0.815699 -0.019440 -0.592853 -0.805048 0.909604 0.404614 0.094058 0.678884 -0.726707 0.104709 " />
													<TextureCoordinate point="0.5288 0.6505 0.9728 0.6505 0.9728 0.9807 0.5288 0.9807 0.5288 0.6505 0.9728 0.6505 0.9728 0.9807 0.5288 0.9807 0.5288 0.6505 0.9728 0.6505 0.9728 0.9807 0.5288 0.9807 0.5288 0.6505 0.9728 0.6505 0.9728 0.9807 0.5288 0.9807 0.9728 0.6505 0.9728 0.9807 0.5288 0.6505 0.5288 0.9807 " />
												</IndexedTriangleSet>
											</Shape>
										</Group>
									</Transform>
								</Transform>
							</Transform>
							<Transform DEF="Cube_065_TRANSFORM"
							           translation="0.014198 0.000806 0.136542"
							           scale="1.000000 1.000000 1.000000"
							           rotation="0.000000 1.000000 0.000000 0.000000"
							           >
								<Transform DEF="Cube_065_ifs_TRANSFORM"
								           translation="0.000000 0.000000 0.000000"
								           scale="1.000000 1.000000 1.000000"
								           rotation="0.000000 1.000000 0.000000 0.000000"
								           >
									<Group DEF="group_ME_Cube_017">
										<Shape>
											<Appearance>
												<Material USE="MA_Body" />
											</Appearance>
											<IndexedTriangleSet solid="false"
											                    normalPerVertex="true"
											                    index="0 1 2 0 2 3 4 5 6 4 6 7 8 9 10 8 10 11 12 13 14 12 14 15 4 16 17 4 17 15 18 5 14 18 14 19 "
											                    >
												<Coordinate point="-0.018389 -0.625363 -0.043816 -0.001661 -0.624896 0.053281 0.018389 0.625363 0.043816 0.001661 0.624896 -0.053281 0.001661 0.624896 -0.053281 0.018389 0.625363 0.043816 0.843178 0.611061 -0.098209 0.826450 0.610594 -0.195305 0.826450 0.610594 -0.195305 0.843178 0.611061 -0.098209 0.823128 -0.639199 -0.088743 0.806400 -0.639665 -0.185840 0.806400 -0.639665 -0.185840 0.823128 -0.639199 -0.088743 -0.001661 -0.624896 0.053281 -0.018389 -0.625363 -0.043816 0.826450 0.610594 -0.195305 0.806400 -0.639665 -0.185840 0.843178 0.611061 -0.098209 0.823128 -0.639199 -0.088743 " />
												<Normal vector="-0.676168 -0.570116 -0.466628 -0.480117 -0.564653 0.671285 -0.461592 0.589831 0.662526 -0.657643 0.584368 -0.475356 -0.657643 0.584368 -0.475356 -0.461592 0.589831 0.662526 0.676168 0.570116 0.466628 0.480117 0.564653 -0.671285 0.480117 0.564653 -0.671285 0.676168 0.570116 0.466628 0.657643 -0.584368 0.475356 0.461592 -0.589831 -0.662526 0.461592 -0.589831 -0.662526 0.657643 -0.584368 0.475356 -0.480117 -0.564653 0.671285 -0.676168 -0.570116 -0.466628 0.480117 0.564653 -0.671285 0.461592 -0.589831 -0.662526 0.676168 0.570116 0.466628 0.657643 -0.584368 0.475356 " />
												<TextureCoordinate point="0.5288 0.6505 0.9728 0.6505 0.9728 0.9807 0.5288 0.9807 0.5288 0.6505 0.9728 0.6505 0.9728 0.9807 0.5288 0.9807 0.5288 0.6505 0.9728 0.6505 0.9728 0.9807 0.5288 0.9807 0.5288 0.6505 0.9728 0.6505 0.9728 0.9807 0.5288 0.9807 0.9728 0.6505 0.9728 0.9807 0.5288 0.6505 0.5288 0.9807 " />
											</IndexedTriangleSet>
										</Shape>
									</Group>
								</Transform>
								<Transform DEF="Cube_066_TRANSFORM"
								           translation="0.787246 -0.013651 -0.135559"
								           scale="1.000000 1.000000 1.000000"
								           rotation="0.000000 1.000000 0.000000 0.000000"
								           >
									<Transform DEF="Cube_066_ifs_TRANSFORM"
									           translation="0.000000 0.000000 0.000000"
									           scale="1.000000 1.000000 1.000000"
									           rotation="0.000000 1.000000 0.000000 0.000000"
									           >
										<Group DEF="group_ME_Cube_018">
											<Shape>
												<Appearance>
													<Material USE="MA_Body" />
												</Appearance>
												<IndexedTriangleSet solid="false"
												                    normalPerVertex="true"
												                    index="0 1 2 0 2 3 4 5 6 4 6 7 8 9 10 8 10 11 12 13 14 12 14 15 4 16 17 4 17 15 18 5 14 18 14 19 "
												                    >
													<Coordinate point="-0.030524 -0.644334 -0.018390 0.009853 -0.644630 0.028148 0.030524 0.644334 0.018390 -0.009853 0.644630 -0.028148 -0.009853 0.644630 -0.028148 0.030524 0.644334 0.018390 0.420016 0.635529 -0.319594 0.379640 0.635825 -0.366131 0.379640 0.635825 -0.366131 0.420016 0.635529 -0.319594 0.399345 -0.653435 -0.309835 0.358969 -0.653139 -0.356373 0.358969 -0.653139 -0.356373 0.399345 -0.653435 -0.309835 0.009853 -0.644630 0.028148 -0.030524 -0.644334 -0.018390 0.379640 0.635825 -0.366131 0.358969 -0.653139 -0.356373 0.420016 0.635529 -0.319594 0.399345 -0.653435 -0.309835 " />
													<Normal vector="-0.823603 -0.564623 -0.053377 -0.066897 -0.570147 0.818781 -0.048372 0.584338 0.810053 -0.805078 0.589862 -0.062105 -0.805078 0.589862 -0.062105 -0.048372 0.584338 0.810053 0.823603 0.564623 0.053377 0.066897 0.570147 -0.818781 0.066897 0.570147 -0.818781 0.823603 0.564623 0.053377 0.805078 -0.589862 0.062105 0.048372 -0.584338 -0.810053 0.048372 -0.584338 -0.810053 0.805078 -0.589862 0.062105 -0.066897 -0.570147 0.818781 -0.823603 -0.564623 -0.053377 0.066897 0.570147 -0.818781 0.048372 -0.584338 -0.810053 0.823603 0.564623 0.053377 0.805078 -0.589862 0.062105 " />
													<TextureCoordinate point="0.5288 0.6505 0.9728 0.6505 0.9728 0.9807 0.5288 0.9807 0.5288 0.6505 0.9728 0.6505 0.9728 0.9807 0.5288 0.9807 0.5288 0.6505 0.9728 0.6505 0.9728 0.9807 0.5288 0.9807 0.5288 0.6505 0.9728 0.6505 0.9728 0.9807 0.5288 0.9807 0.9728 0.6505 0.9728 0.9807 0.5288 0.6505 0.5288 0.9807 " />
												</IndexedTriangleSet>
											</Shape>
										</Group>
									</Transform>
								</Transform>
							</Transform>
						</Transform>
						<Transform DEF="Cube_049_TRANSFORM"
						           translation="1.408301 -1.034344 0.466562"
						           scale="1.000000 1.000000 1.000000"
						           rotation="0.000000 1.000000 0.000000 0.000000"
						           >
							<Transform DEF="Cube_049_ifs_TRANSFORM"
							           translation="0.000000 0.000000 0.000000"
							           scale="1.000000 1.000000 1.000000"
							           rotation="0.000000 1.000000 0.000000 0.000000"
							           >
								<Group DEF="group_ME_Cube_020">
									<Shape>
										<Appearance>
											<Material USE="MA_Body" />
										</Appearance>
										<IndexedTriangleSet solid="false"
										                    normalPerVertex="true"
										                    index="0 1 2 0 2 3 4 5 6 4 6 7 8 9 10 8 10 11 12 13 14 12 14 15 4 13 16 4 16 17 18 19 14 18 14 7 "
										                    >
											<Coordinate point="-0.013236 -0.139813 -0.244736 -0.036912 -0.147994 0.237390 0.013236 0.139813 0.244736 0.036912 0.147994 -0.237390 -0.036912 -0.147994 0.237390 0.578195 -0.255897 0.265764 0.628343 0.031910 0.273111 0.013236 0.139813 0.244736 0.578195 -0.255897 0.265764 0.601871 -0.247715 -0.216362 0.652019 0.040091 -0.209015 0.628343 0.031910 0.273111 0.601871 -0.247715 -0.216362 -0.013236 -0.139813 -0.244736 0.036912 0.147994 -0.237390 0.652019 0.040091 -0.209015 0.601871 -0.247715 -0.216362 0.578195 -0.255897 0.265764 0.628343 0.031910 0.273111 0.652019 0.040091 -0.209015 " />
											<Normal vector="-0.638813 -0.459151 -0.617267 -0.695456 -0.478713 0.535844 -0.497299 0.658467 0.564867 -0.440687 0.678030 -0.588244 -0.695456 -0.478713 0.535844 0.440687 -0.678030 0.588244 0.638813 0.459151 0.617267 -0.497299 0.658467 0.564867 0.440687 -0.678030 0.588244 0.497299 -0.658467 -0.564867 0.695456 0.478713 -0.535844 0.638813 0.459151 0.617267 0.497299 -0.658467 -0.564867 -0.638813 -0.459151 -0.617267 -0.440687 0.678030 -0.588244 0.695456 0.478713 -0.535844 0.497299 -0.658467 -0.564867 0.440687 -0.678030 0.588244 0.638813 0.459151 0.617267 0.695456 0.478713 -0.535844 " />
											<TextureCoordinate point="0.5413 0.0241 0.5413 0.3415 0.9681 0.3415 0.9681 0.0241 0.5413 0.0241 0.5413 0.3415 0.9681 0.3415 0.9681 0.0241 0.5413 0.4045 0.5413 0.5939 0.9681 0.5939 0.9681 0.4045 0.5413 0.0241 0.5413 0.3415 0.9681 0.3415 0.9681 0.0241 0.9681 0.3415 0.9681 0.0241 0.5413 0.0241 0.5413 0.3415 " />
										</IndexedTriangleSet>
									</Shape>
								</Group>
							</Transform>
							<Transform DEF="Cube_059_TRANSFORM"
							           translation="0.520440 -0.097127 0.023909"
							           scale="1.000000 1.000000 1.000000"
							           rotation="0.000000 1.000000 0.000000 0.000000"
							           >
								<Transform DEF="Cube_059_ifs_TRANSFORM"
								           translation="0.000000 0.000000 0.000000"
								           scale="1.000000 1.000000 1.000000"
								           rotation="0.000000 1.000000 0.000000 0.000000"
								           >
									<Group DEF="group_ME_Cube_021">
										<Shape>
											<Appearance>
												<Material USE="MA_Body" />
											</Appearance>
											<IndexedTriangleSet solid="false"
											                    normalPerVertex="true"
											                    index="0 1 2 0 2 3 4 5 6 4 6 7 8 9 10 8 10 11 12 13 14 12 14 15 4 13 16 4 16 17 18 19 14 18 14 7 "
											                    >
												<Coordinate point="0.036866 -0.136230 -0.228395 0.014544 -0.143944 0.226166 -0.036866 0.136230 0.228395 -0.014544 0.143944 -0.226166 0.014544 -0.143944 0.226166 0.680199 -0.022076 0.260922 0.628789 0.258098 0.263151 -0.036866 0.136230 0.228395 0.680199 -0.022076 0.260922 0.702521 -0.014362 -0.193639 0.651111 0.265811 -0.191410 0.628789 0.258098 0.263151 0.702521 -0.014362 -0.193639 0.036866 -0.136230 -0.228395 -0.014544 0.143944 -0.226166 0.651111 0.265811 -0.191410 0.702521 -0.014362 -0.193639 0.680199 -0.022076 0.260922 0.628789 0.258098 0.263151 0.651111 0.265811 -0.191410 " />
												<Normal vector="-0.434645 -0.661885 -0.610675 -0.491256 -0.681448 0.542436 -0.699667 0.454207 0.551469 -0.643025 0.473800 -0.601642 -0.491256 -0.681448 0.542436 0.643025 -0.473800 0.601642 0.434645 0.661885 0.610675 -0.699667 0.454207 0.551469 0.643025 -0.473800 0.601642 0.699667 -0.454207 -0.551469 0.491256 0.681448 -0.542436 0.434645 0.661885 0.610675 0.699667 -0.454207 -0.551469 -0.434645 -0.661885 -0.610675 -0.643025 0.473800 -0.601642 0.491256 0.681448 -0.542436 0.699667 -0.454207 -0.551469 0.643025 -0.473800 0.601642 0.434645 0.661885 0.610675 0.491256 0.681448 -0.542436 " />
												<TextureCoordinate point="0.5413 0.0241 0.5413 0.3415 0.9681 0.3415 0.9681 0.0241 0.5413 0.0241 0.5413 0.3415 0.9681 0.3415 0.9681 0.0241 0.5413 0.0241 0.5413 0.3415 0.9681 0.3415 0.9681 0.0241 0.5413 0.0241 0.5413 0.3415 0.9681 0.3415 0.9681 0.0241 0.9681 0.3415 0.9681 0.0241 0.5413 0.0241 0.5413 0.3415 " />
											</IndexedTriangleSet>
										</Shape>
									</Group>
								</Transform>
							</Transform>
						</Transform>
					</Transform>
					<Transform DEF="Cube_051_TRANSFORM"
					           translation="0.309167 -0.000000 0.763246"
					           scale="1.000000 1.000000 1.000000"
					           rotation="0.000000 1.000000 0.000000 0.000000"
					           >
						<Transform DEF="Cube_051_ifs_TRANSFORM"
						           translation="0.000000 0.000000 0.000000"
						           scale="1.000000 1.000000 1.000000"
						           rotation="0.000000 1.000000 0.000000 0.000000"
						           >
							<Group DEF="group_ME_Cube_019">
								<Shape>
									<Appearance>
										<Material USE="MA_Body" />
									</Appearance>
									<IndexedTriangleSet solid="false"
									                    normalPerVertex="true"
									                    index="0 1 2 0 2 3 4 5 6 4 6 7 8 9 10 8 10 11 12 13 14 12 14 15 4 16 17 4 17 15 18 5 14 18 14 19 "
									                    >
										<Coordinate point="-0.000000 -0.275237 -0.308901 -0.000000 -0.275237 0.308901 0.000000 0.275237 0.308901 0.000000 0.275237 -0.308901 0.000000 0.275237 -0.308901 0.000000 0.275237 0.308901 1.626324 0.275237 0.308901 1.626324 0.275237 -0.308901 1.626324 0.275237 -0.308901 1.626324 0.275237 0.308901 1.626324 -0.275237 0.308901 1.626324 -0.275237 -0.308901 1.626324 -0.275237 -0.308901 1.626324 -0.275237 0.308901 -0.000000 -0.275237 0.308901 -0.000000 -0.275237 -0.308901 1.626324 0.275237 -0.308901 1.626324 -0.275237 -0.308901 1.626324 0.275237 0.308901 1.626324 -0.275237 0.308901 " />
										<Normal vector="-0.577349 -0.577349 -0.577349 -0.577349 -0.577349 0.577349 -0.577349 0.577349 0.577349 -0.577349 0.577349 -0.577349 -0.577349 0.577349 -0.577349 -0.577349 0.577349 0.577349 0.577349 0.577349 0.577349 0.577349 0.577349 -0.577349 0.577349 0.577349 -0.577349 0.577349 0.577349 0.577349 0.577349 -0.577349 0.577349 0.577349 -0.577349 -0.577349 0.577349 -0.577349 -0.577349 0.577349 -0.577349 0.577349 -0.577349 -0.577349 0.577349 -0.577349 -0.577349 -0.577349 0.577349 0.577349 -0.577349 0.577349 -0.577349 -0.577349 0.577349 0.577349 0.577349 0.577349 -0.577349 0.577349 " />
										<TextureCoordinate point="0.0179 0.6425 0.4836 0.6425 0.4836 0.9887 0.0179 0.9887 0.0179 0.6425 0.4836 0.6425 0.4836 0.9887 0.0179 0.9887 0.0179 0.6425 0.4836 0.6425 0.4836 0.9887 0.0179 0.9887 0.0179 0.6425 0.4836 0.6425 0.4836 0.9887 0.0179 0.9887 0.4836 0.6425 0.4836 0.9887 0.0179 0.6425 0.0179 0.9887 " />
									</IndexedTriangleSet>
								</Shape>
							</Group>
						</Transform>
					</Transform>
				</Transform>
				<Transform DEF="Cube_TRANSFORM"
				           translation="1.344460 -1.402444 2.875331"
				           scale="1.000000 1.000000 1.000000"
				           rotation="0.000000 1.000000 0.000000 0.000000"
				           >
					<Transform DEF="Cube_ifs_TRANSFORM"
					           translation="0.000000 0.000000 0.000000"
					           scale="1.000000 1.000000 1.000000"
					           rotation="0.000000 1.000000 0.000000 0.000000"
					           >
						<Group DEF="group_ME_Cube_002">
							<Shape>
								<Appearance>
									<Material USE="MA_Body" />
								</Appearance>
								<IndexedTriangleSet solid="false"
								                    normalPerVertex="true"
								                    index="0 1 2 0 2 3 4 5 6 4 6 7 8 9 10 8 10 11 12 13 14 12 14 15 16 17 18 16 18 19 20 21 22 20 22 23 "
								                    >
									<Coordinate point="-0.269048 -0.390659 0.145971 -0.228568 -0.228473 0.654639 -0.361841 0.446786 0.449943 -0.402322 0.284601 -0.058726 -0.402322 0.284601 -0.058726 -0.361841 0.446786 0.449943 0.309529 0.552845 0.362698 0.269048 0.390659 -0.145971 0.269048 0.390659 -0.145971 0.309529 0.552845 0.362698 0.442802 -0.122415 0.567394 0.402322 -0.284601 0.058726 0.402322 -0.284601 0.058726 0.442802 -0.122415 0.567394 -0.228568 -0.228473 0.654639 -0.269048 -0.390659 0.145971 -0.402322 0.284601 -0.058726 0.269048 0.390659 -0.145971 0.402322 -0.284601 0.058726 -0.269048 -0.390659 0.145971 0.309529 0.552845 0.362698 -0.361841 0.446786 0.449943 -0.228568 -0.228473 0.654639 0.442802 -0.122415 0.567394 " />
									<Normal vector="-0.502121 -0.807154 -0.310404 -0.414808 -0.457381 0.786554 -0.629139 0.628437 0.457411 -0.716422 0.278664 -0.639546 -0.716422 0.278664 -0.639546 -0.629139 0.628437 0.457411 0.502121 0.807154 0.310404 0.414808 0.457381 -0.786554 0.414808 0.457381 -0.786554 0.502121 0.807154 0.310404 0.716422 -0.278664 0.639546 0.629139 -0.628437 -0.457411 0.629139 -0.628437 -0.457411 0.716422 -0.278664 0.639546 -0.414808 -0.457381 0.786554 -0.502121 -0.807154 -0.310404 -0.716422 0.278664 -0.639546 0.414808 0.457381 -0.786554 0.629139 -0.628437 -0.457411 -0.502121 -0.807154 -0.310404 0.502121 0.807154 0.310404 -0.629139 0.628437 0.457411 -0.414808 -0.457381 0.786554 0.716422 -0.278664 0.639546 " />
									<TextureCoordinate point="0.5409 0.0237 0.9669 0.0237 0.9669 0.3513 0.5409 0.3513 0.5365 0.3951 0.9713 0.3951 0.9713 0.6049 0.5365 0.6049 0.5409 0.0237 0.9669 0.0237 0.9669 0.3513 0.5409 0.3513 0.5365 0.3951 0.9713 0.3951 0.9713 0.6049 0.5365 0.6049 0.5409 0.0237 0.9669 0.0237 0.9669 0.3513 0.5409 0.3513 0.5409 0.0237 0.9669 0.0237 0.9669 0.3513 0.5409 0.3513 " />
								</IndexedTriangleSet>
							</Shape>
						</Group>
					</Transform>
					<Transform DEF="Cube_038_TRANSFORM"
					           translation="-0.096331 0.457403 -0.185254"
					           scale="1.000000 1.000000 1.000000"
					           rotation="0.000000 1.000000 0.000000 0.000000"
					           >
						<Transform DEF="Cube_038_ifs_TRANSFORM"
						           translation="0.000000 0.000000 0.000000"
						           scale="1.000000 1.000000 1.000000"
						           rotation="0.000000 1.000000 0.000000 0.000000"
						           >
							<Group DEF="group_ME_Cube_011">
								<Shape>
									<Appearance>
										<Material USE="MA_Body" />
									</Appearance>
									<IndexedTriangleSet solid="false"
									                    normalPerVertex="true"
									                    index="0 1 2 0 2 3 4 5 6 4 6 7 8 9 10 8 10 11 12 13 14 12 14 15 4 16 17 4 17 15 18 5 14 18 14 19 "
									                    >
										<Coordinate point="-0.213904 -0.312384 0.224615 -0.207558 -0.068005 0.570530 -0.341142 0.468078 0.194253 -0.347488 0.223699 -0.151662 -0.347488 0.223699 -0.151662 -0.341142 0.468078 0.194253 0.220250 0.556763 0.121300 0.213904 0.312384 -0.224615 0.213904 0.312384 -0.224615 0.220250 0.556763 0.121300 0.353835 0.020680 0.497576 0.347488 -0.223699 0.151662 0.347488 -0.223699 0.151662 0.353835 0.020680 0.497576 -0.207558 -0.068005 0.570530 -0.213904 -0.312384 0.224615 0.213904 0.312384 -0.224615 0.347488 -0.223699 0.151662 0.220250 0.556763 0.121300 0.353835 0.020680 0.497576 " />
										<Normal vector="-0.458907 -0.885464 -0.072970 -0.441603 -0.219275 0.869991 -0.672353 0.706748 0.219977 -0.689657 0.040559 -0.722983 -0.689657 0.040559 -0.722983 -0.672353 0.706748 0.219977 0.458907 0.885464 0.072970 0.441603 0.219275 -0.869991 0.441603 0.219275 -0.869991 0.458907 0.885464 0.072970 0.689657 -0.040559 0.722983 0.672353 -0.706748 -0.219977 0.672353 -0.706748 -0.219977 0.689657 -0.040559 0.722983 -0.441603 -0.219275 0.869991 -0.458907 -0.885464 -0.072970 0.441603 0.219275 -0.869991 0.672353 -0.706748 -0.219977 0.458907 0.885464 0.072970 0.689657 -0.040559 0.722983 " />
										<TextureCoordinate point="0.5409 0.0237 0.9669 0.0237 0.9669 0.3513 0.5409 0.3513 0.5409 0.0237 0.9669 0.0237 0.9669 0.3513 0.5409 0.3513 0.5409 0.0237 0.9669 0.0237 0.9669 0.3513 0.5409 0.3513 0.5409 0.0237 0.9669 0.0237 0.9669 0.3513 0.5409 0.3513 0.9669 0.0237 0.9669 0.3513 0.5409 0.0237 0.5409 0.3513 " />
									</IndexedTriangleSet>
								</Shape>
							</Group>
						</Transform>
					</Transform>
					<Transform DEF="Cube_042_TRANSFORM"
					           translation="0.086691 -0.409263 0.169589"
					           scale="1.000000 1.000000 1.000000"
					           rotation="0.000000 1.000000 0.000000 0.000000"
					           >
						<Transform DEF="Cube_042_ifs_TRANSFORM"
						           translation="0.000000 0.000000 0.000000"
						           scale="1.000000 1.000000 1.000000"
						           rotation="0.000000 1.000000 0.000000 0.000000"
						           >
							<Group DEF="group_ME_Cube_023">
								<Shape>
									<Appearance>
										<Material USE="MA_Body" />
									</Appearance>
									<IndexedTriangleSet solid="false"
									                    normalPerVertex="true"
									                    index="0 1 2 0 2 3 4 5 6 4 6 7 8 9 10 8 10 11 12 13 14 12 14 15 4 16 17 4 17 15 18 5 14 18 14 19 "
									                    >
										<Coordinate point="-0.204050 -0.407583 0.005525 -0.158035 -0.426125 0.337080 -0.266626 0.307418 0.393173 -0.312641 0.325960 0.061619 -0.312641 0.325960 0.061619 -0.266626 0.307418 0.393173 0.250065 0.389042 0.326029 0.204050 0.407583 -0.005525 0.204050 0.407583 -0.005525 0.250065 0.389042 0.326029 0.358655 -0.344502 0.269935 0.312641 -0.325960 -0.061619 0.312641 -0.325960 -0.061619 0.358655 -0.344502 0.269935 -0.158035 -0.426125 0.337080 -0.204050 -0.407583 0.005525 0.204050 0.407583 -0.005525 0.312641 -0.325960 -0.061619 0.250065 0.389042 0.326029 0.358655 -0.344502 0.269935 " />
										<Normal vector="-0.560564 -0.626911 -0.541032 -0.402081 -0.690786 0.600940 -0.570696 0.448195 0.688040 -0.729179 0.512070 -0.453932 -0.729179 0.512070 -0.453932 -0.570696 0.448195 0.688040 0.560564 0.626911 0.541032 0.402081 0.690786 -0.600940 0.402081 0.690786 -0.600940 0.560564 0.626911 0.541032 0.729179 -0.512070 0.453932 0.570696 -0.448195 -0.688040 0.570696 -0.448195 -0.688040 0.729179 -0.512070 0.453932 -0.402081 -0.690786 0.600940 -0.560564 -0.626911 -0.541032 0.402081 0.690786 -0.600940 0.570696 -0.448195 -0.688040 0.560564 0.626911 0.541032 0.729179 -0.512070 0.453932 " />
										<TextureCoordinate point="0.5409 0.0237 0.9669 0.0237 0.9669 0.3513 0.5409 0.3513 0.5409 0.0237 0.9669 0.0237 0.9669 0.3513 0.5409 0.3513 0.5409 0.0237 0.9669 0.0237 0.9669 0.3513 0.5409 0.3513 0.5409 0.0237 0.9669 0.0237 0.9669 0.3513 0.5409 0.3513 0.9669 0.0237 0.9669 0.3513 0.5409 0.0237 0.5409 0.3513 " />
									</IndexedTriangleSet>
								</Shape>
							</Group>
						</Transform>
					</Transform>
				</Transform>
				<Transform DEF="Cube_072_TRANSFORM"
				           translation="-0.588225 -4.307759 1.442427"
				           scale="1.000000 1.000000 1.000000"
				           rotation="0.000000 1.000000 0.000000 0.000000"
				           >
					<Transform DEF="Cube_072_ifs_TRANSFORM"
					           translation="0.000000 0.000000 0.000000"
					           scale="1.000000 1.000000 1.000000"
					           rotation="0.000000 1.000000 0.000000 0.000000"
					           >
						<Group DEF="group_ME_Cube_026">
							<Shape>
								<Appearance>
									<Material USE="MA_Body" />
								</Appearance>
								<IndexedTriangleSet solid="false"
								                    normalPerVertex="true"
								                    index="0 1 2 0 2 3 4 5 6 4 6 7 8 9 10 8 10 11 12 13 14 12 14 15 4 13 16 4 16 17 "
								                    >
									<Coordinate point="0.175595 -0.016060 -0.363125 0.172235 0.050025 -0.007673 0.148893 -0.098333 0.019689 0.152253 -0.164418 -0.335763 0.172235 0.050025 -0.007673 -0.148893 0.098333 -0.019689 -0.172235 -0.050025 0.007673 0.148893 -0.098333 0.019689 -0.148893 0.098333 -0.019689 -0.145533 0.032248 -0.375142 -0.168875 -0.116110 -0.347780 -0.172235 -0.050025 0.007673 -0.145533 0.032248 -0.375142 0.175595 -0.016060 -0.363125 0.152253 -0.164418 -0.335763 -0.168875 -0.116110 -0.347780 -0.145533 0.032248 -0.375142 -0.148893 0.098333 -0.019689 " />
									<Normal vector="0.664174 0.369732 -0.649709 0.653432 0.580767 0.485458 0.476882 -0.541398 0.692404 0.487594 -0.752434 -0.442763 0.653432 0.580767 0.485458 -0.487594 0.752434 0.442763 -0.664174 -0.369732 0.649709 0.476882 -0.541398 0.692404 -0.487594 0.752434 0.442763 -0.476882 0.541398 -0.692404 -0.653432 -0.580767 -0.485458 -0.664174 -0.369732 0.649709 -0.476882 0.541398 -0.692404 0.664174 0.369732 -0.649709 0.487594 -0.752434 -0.442763 -0.653432 -0.580767 -0.485458 -0.476882 0.541398 -0.692404 -0.487594 0.752434 0.442763 " />
									<TextureCoordinate point="0.5241 0.6500 0.5241 0.9812 0.9696 0.9812 0.9696 0.6500 0.5241 0.6500 0.5241 0.9812 0.9696 0.9812 0.9696 0.6500 0.5241 0.6500 0.5241 0.9812 0.9696 0.9812 0.9696 0.6500 0.5241 0.6500 0.5241 0.9812 0.9696 0.9812 0.9696 0.6500 0.9696 0.9812 0.9696 0.6500 " />
								</IndexedTriangleSet>
							</Shape>
							<Shape>
								<Appearance>
									<Material USE="MA_Eye" />
								</Appearance>
								<IndexedTriangleSet solid="false"
								                    normalPerVertex="true"
								                    index="0 1 2 0 2 3 "
								                    >
									<Coordinate point="-0.172235 -0.050025 0.007673 -0.168875 -0.116110 -0.347780 0.152253 -0.164418 -0.335763 0.148893 -0.098333 0.019689 " />
									<Normal vector="-0.664174 -0.369732 0.649709 -0.653432 -0.580767 -0.485458 0.487594 -0.752434 -0.442763 0.476882 -0.541398 0.692404 " />
									<TextureCoordinate point="0.9826 0.9796 0.9826 0.4970 0.0175 0.4970 0.0175 0.9796 " />
								</IndexedTriangleSet>
							</Shape>
						</Group>
					</Transform>
				</Transform>
				<Transform DEF="Cube_073_TRANSFORM"
				           translation="-1.243720 -3.293283 1.181372"
				           scale="1.000000 1.000000 1.000000"
				           rotation="0.000000 1.000000 0.000000 0.000000"
				           >
					<Transform DEF="Cube_073_ifs_TRANSFORM"
					           translation="0.000000 0.000000 0.000000"
					           scale="1.000000 1.000000 1.000000"
					           rotation="0.000000 1.000000 0.000000 0.000000"
					           >
						<Group DEF="group_ME_Cube_031">
							<Shape>
								<Appearance>
									<Material USE="MA_Body" />
								</Appearance>
								<IndexedTriangleSet solid="false"
								                    normalPerVertex="true"
								                    index="0 1 2 0 2 3 4 5 6 4 6 7 8 9 10 8 10 11 12 13 14 12 14 15 4 13 16 4 16 17 18 19 14 18 14 7 "
								                    >
									<Coordinate point="0.178212 -0.633824 -0.274943 0.030859 0.196024 -0.685353 -0.178212 0.633824 0.274943 -0.030859 -0.196024 0.685353 0.030859 0.196024 -0.685353 -0.420722 0.090914 -0.735749 -0.629794 0.528714 0.224546 -0.178212 0.633824 0.274943 -0.420722 0.090914 -0.735749 -0.273369 -0.738934 -0.325339 -0.482440 -0.301134 0.634956 -0.629794 0.528714 0.224546 -0.273369 -0.738934 -0.325339 0.178212 -0.633824 -0.274943 -0.030859 -0.196024 0.685353 -0.482440 -0.301134 0.634956 -0.273369 -0.738934 -0.325339 -0.420722 0.090914 -0.735749 -0.629794 0.528714 0.224546 -0.482440 -0.301134 0.634956 " />
									<Normal vector="0.761956 -0.615894 -0.200140 0.580462 0.406262 -0.705679 0.356059 0.876125 0.324931 0.537584 -0.146031 0.830439 0.580462 0.406262 -0.705679 -0.537584 0.146031 -0.830439 -0.761956 0.615894 0.200140 0.356059 0.876125 0.324931 -0.537584 0.146031 -0.830439 -0.356059 -0.876125 -0.324931 -0.580462 -0.406262 0.705679 -0.761956 0.615894 0.200140 -0.356059 -0.876125 -0.324931 0.761956 -0.615894 -0.200140 0.537584 -0.146031 0.830439 -0.580462 -0.406262 0.705679 -0.356059 -0.876125 -0.324931 -0.537584 0.146031 -0.830439 -0.761956 0.615894 0.200140 -0.580462 -0.406262 0.705679 " />
									<TextureCoordinate point="0.5179 0.4143 0.5179 0.5919 0.9836 0.5919 0.9836 0.4143 0.5179 0.0097 0.5179 0.3559 0.9836 0.3559 0.9836 0.0097 0.5179 0.0097 0.5179 0.3559 0.9836 0.3559 0.9836 0.0097 0.5179 0.0097 0.5179 0.3559 0.9836 0.3559 0.9836 0.0097 0.9836 0.3559 0.9836 0.0097 0.5179 0.0097 0.5179 0.3559 " />
								</IndexedTriangleSet>
							</Shape>
						</Group>
					</Transform>
					<Transform DEF="Cube_074_TRANSFORM"
					           translation="0.140395 -0.220390 -0.558616"
					           scale="1.000000 1.000000 1.000000"
					           rotation="0.000000 1.000000 0.000000 0.000000"
					           >
						<Transform DEF="Cube_074_ifs_TRANSFORM"
						           translation="0.000000 0.000000 0.000000"
						           scale="1.000000 1.000000 1.000000"
						           rotation="0.000000 1.000000 0.000000 0.000000"
						           >
							<Group DEF="group_ME_Cube_032">
								<Shape>
									<Appearance>
										<Material USE="MA_Body" />
									</Appearance>
									<IndexedTriangleSet solid="false"
									                    normalPerVertex="true"
									                    index="0 1 2 0 2 3 4 5 6 4 6 7 8 9 10 8 10 11 12 13 14 12 14 15 4 13 16 4 16 17 18 19 14 18 14 7 "
									                    >
										<Coordinate point="0.163181 -0.359240 -0.226310 0.056931 0.157468 -0.422919 -0.163181 0.359240 0.226310 -0.056931 -0.157468 0.422919 0.056931 0.157468 -0.422919 -0.250886 0.065355 -0.498652 -0.470998 0.267127 0.150576 -0.163181 0.359240 0.226310 -0.250886 0.065355 -0.498652 -0.144636 -0.451353 -0.302044 -0.364748 -0.249581 0.347185 -0.470998 0.267127 0.150576 -0.144636 -0.451353 -0.302044 0.163181 -0.359240 -0.226310 -0.056931 -0.157468 0.422919 -0.364748 -0.249581 0.347185 -0.144636 -0.451353 -0.302044 -0.250886 0.065355 -0.498652 -0.470998 0.267127 0.150576 -0.364748 -0.249581 0.347185 " />
										<Normal vector="0.825159 -0.531816 -0.190435 0.607227 0.527970 -0.593707 0.251534 0.854030 0.455336 0.469466 -0.205786 0.858608 0.607227 0.527970 -0.593707 -0.469466 0.205786 -0.858608 -0.825159 0.531816 0.190435 0.251534 0.854030 0.455336 -0.469466 0.205786 -0.858608 -0.251534 -0.854030 -0.455336 -0.607227 -0.527970 0.593707 -0.825159 0.531816 0.190435 -0.251534 -0.854030 -0.455336 0.825159 -0.531816 -0.190435 0.469466 -0.205786 0.858608 -0.607227 -0.527970 0.593707 -0.251534 -0.854030 -0.455336 -0.469466 0.205786 -0.858608 -0.825159 0.531816 0.190435 -0.607227 -0.527970 0.593707 " />
										<TextureCoordinate point="0.5179 0.4143 0.5179 0.5919 0.9836 0.5919 0.9836 0.4143 0.5179 0.0097 0.5179 0.3559 0.9836 0.3559 0.9836 0.0097 0.5179 0.0097 0.5179 0.3559 0.9836 0.3559 0.9836 0.0097 0.5179 0.0097 0.5179 0.3559 0.9836 0.3559 0.9836 0.0097 0.9836 0.3559 0.9836 0.0097 0.5179 0.0097 0.5179 0.3559 " />
									</IndexedTriangleSet>
								</Shape>
							</Group>
						</Transform>
					</Transform>
					<Transform DEF="Cube_075_TRANSFORM"
					           translation="-0.185973 0.253411 0.575655"
					           scale="1.000000 1.000000 1.000000"
					           rotation="0.000000 1.000000 0.000000 0.000000"
					           >
						<Transform DEF="Cube_075_ifs_TRANSFORM"
						           translation="0.000000 0.000000 0.000000"
						           scale="1.000000 1.000000 1.000000"
						           rotation="0.000000 1.000000 0.000000 0.000000"
						           >
							<Group DEF="group_ME_Cube_033">
								<Shape>
									<Appearance>
										<Material USE="MA_Body" />
									</Appearance>
									<IndexedTriangleSet solid="false"
									                    normalPerVertex="true"
									                    index="0 1 2 0 2 3 4 5 6 4 6 7 8 9 10 8 10 11 12 13 14 12 14 15 4 13 16 4 16 17 18 19 14 18 14 7 "
									                    >
										<Coordinate point="-0.001274 -0.390627 -0.134623 -0.044261 0.060189 -0.406365 0.001274 0.390627 0.134623 0.044261 -0.060189 0.406365 -0.044261 0.060189 -0.406365 -0.287612 0.052253 -0.381035 -0.242077 0.382691 0.159953 0.001274 0.390627 0.134623 -0.287612 0.052253 -0.381035 -0.244625 -0.398563 -0.109292 -0.199090 -0.068125 0.431695 -0.242077 0.382691 0.159953 -0.244625 -0.398563 -0.109292 -0.001274 -0.390627 -0.134623 0.044261 -0.060189 0.406365 -0.199090 -0.068125 0.431695 -0.244625 -0.398563 -0.109292 -0.287612 0.052253 -0.381035 -0.242077 0.382691 0.159953 -0.199090 -0.068125 0.431695 " />
										<Normal vector="0.579547 -0.774255 -0.254097 0.485580 0.211341 -0.848231 0.568316 0.811701 0.134617 0.662282 -0.173925 0.728751 0.485580 0.211341 -0.848231 -0.662282 0.173925 -0.728751 -0.579547 0.774255 0.254097 0.568316 0.811701 0.134617 -0.662282 0.173925 -0.728751 -0.568316 -0.811701 -0.134617 -0.485580 -0.211341 0.848231 -0.579547 0.774255 0.254097 -0.568316 -0.811701 -0.134617 0.579547 -0.774255 -0.254097 0.662282 -0.173925 0.728751 -0.485580 -0.211341 0.848231 -0.568316 -0.811701 -0.134617 -0.662282 0.173925 -0.728751 -0.579547 0.774255 0.254097 -0.485580 -0.211341 0.848231 " />
										<TextureCoordinate point="0.5179 0.0097 0.5179 0.3559 0.9836 0.3559 0.9836 0.0097 0.5179 0.0097 0.5179 0.3559 0.9836 0.3559 0.9836 0.0097 0.5179 0.0097 0.5179 0.3559 0.9836 0.3559 0.9836 0.0097 0.5179 0.0097 0.5179 0.3559 0.9836 0.3559 0.9836 0.0097 0.9836 0.3559 0.9836 0.0097 0.5179 0.0097 0.5179 0.3559 " />
									</IndexedTriangleSet>
								</Shape>
							</Group>
						</Transform>
					</Transform>
					<Transform DEF="Cube_076_TRANSFORM"
					           translation="-0.209339 -0.079001 -0.110190"
					           scale="1.000000 1.000000 1.000000"
					           rotation="0.000000 1.000000 0.000000 0.000000"
					           >
						<Transform DEF="Cube_076_ifs_TRANSFORM"
						           translation="0.000000 0.000000 0.000000"
						           scale="1.000000 1.000000 1.000000"
						           rotation="0.000000 1.000000 0.000000 0.000000"
						           >
							<Group DEF="group_ME_Cube_034">
								<Shape>
									<Appearance>
										<Material USE="MA_Body" />
									</Appearance>
									<IndexedTriangleSet solid="false"
									                    normalPerVertex="true"
									                    index="0 1 2 0 2 3 4 5 6 4 6 7 8 9 10 8 10 11 12 13 14 8 11 15 15 12 14 15 14 8 16 17 18 16 18 19 20 21 22 20 22 23 4 21 24 4 24 25 26 27 22 26 22 7 16 28 29 16 29 30 31 32 33 31 33 30 34 17 33 34 33 35 31 28 36 31 36 35 37 17 38 37 38 30 "
									                    >
										<Coordinate point="-0.095075 -0.249482 -0.119310 -0.106584 0.150275 -0.227097 0.095075 0.249482 0.119310 0.106584 -0.150275 0.227097 -0.106584 0.150275 -0.227097 -1.166295 0.276366 0.353697 -0.964636 0.375573 0.700104 0.095075 0.249482 0.119310 -1.154787 -0.123391 0.461483 -0.953128 -0.024184 0.807891 -0.983069 0.018996 0.743886 -1.127141 -0.051881 0.496400 -0.991290 0.304551 0.666891 -0.964636 0.375573 0.700104 -1.166295 0.276366 0.353697 -1.135362 0.233674 0.419406 -0.991290 0.304551 0.666891 -0.983069 0.018996 0.743886 -0.953128 -0.024184 0.807891 -0.964636 0.375573 0.700104 -1.154787 -0.123391 0.461483 -0.095075 -0.249482 -0.119310 0.106584 -0.150275 0.227097 -0.953128 -0.024184 0.807891 -1.154787 -0.123391 0.461483 -1.166295 0.276366 0.353697 -0.964636 0.375573 0.700104 -0.953128 -0.024184 0.807891 -1.135362 0.233674 0.419406 -2.156496 0.361470 1.002404 -2.007880 0.431778 1.247296 -2.156496 0.361470 1.002404 -2.148275 0.075915 1.079398 -1.999659 0.146223 1.324290 -1.127141 -0.051881 0.496400 -2.148275 0.075915 1.079398 -1.127141 -0.051881 0.496400 -1.999659 0.146223 1.324290 -0.991290 0.304551 0.666891 " />
										<Normal vector="0.237617 -0.755852 -0.610065 0.205542 0.358592 -0.910550 0.769463 0.636006 0.058107 0.801538 -0.478408 0.358592 0.205542 0.358592 -0.910550 -0.801538 0.478408 -0.358592 -0.237617 0.755852 0.610065 0.769463 0.636006 0.058107 -0.769463 -0.636006 -0.058107 -0.205542 -0.358592 0.910550 -0.630940 -0.129032 0.764977 -0.776879 -0.627216 -0.054689 -0.647969 0.461806 0.605670 -0.237617 0.755852 0.610065 -0.801538 0.478408 -0.358592 -0.808557 0.472152 -0.351115 -0.647969 0.461806 0.605670 -0.630940 -0.129032 0.764977 -0.205542 -0.358592 0.910550 -0.237617 0.755852 0.610065 -0.769463 -0.636006 -0.058107 0.237617 -0.755852 -0.610065 0.801538 -0.478408 0.358592 -0.205542 -0.358592 0.910550 -0.769463 -0.636006 -0.058107 -0.801538 0.478408 -0.358592 -0.237617 0.755852 0.610065 -0.205542 -0.358592 0.910550 -0.808557 0.472152 -0.351115 -0.805383 0.481979 -0.344981 -0.223579 0.757225 0.613666 -0.805383 0.481979 -0.344981 -0.773278 -0.632466 -0.044496 -0.191504 -0.357219 0.914151 -0.776879 -0.627216 -0.054689 -0.773278 -0.632466 -0.044496 -0.776879 -0.627216 -0.054689 -0.191504 -0.357219 0.914151 -0.647969 0.461806 0.605670 " />
										<TextureCoordinate point="0.5179 0.0097 0.5179 0.3559 0.9836 0.3559 0.9836 0.0097 0.5179 0.0097 0.5179 0.3559 0.9836 0.3559 0.9836 0.0097 0.9154 0.3052 0.7508 0.3559 0.5861 0.3052 0.5179 0.1828 0.7508 0.0097 0.9154 0.0604 0.9836 0.1828 0.5861 0.0604 0.5179 0.0097 0.5179 0.3559 0.9836 0.3559 0.9836 0.0097 0.5179 0.0097 0.5179 0.3559 0.9836 0.3559 0.9836 0.0097 0.9836 0.3559 0.9836 0.0097 0.5179 0.0097 0.5179 0.3559 0.5179 0.3559 0.9836 0.3559 0.9836 0.0097 0.5179 0.0097 0.5179 0.3559 0.9836 0.3559 0.5179 0.0097 0.9836 0.0097 0.9836 0.3559 0.5179 0.0097 0.9836 0.3559 " />
									</IndexedTriangleSet>
								</Shape>
							</Group>
						</Transform>
					</Transform>
					<Transform DEF="Cube_077_TRANSFORM"
					           translation="-0.219337 0.041138 0.153413"
					           scale="1.000000 1.000000 1.000000"
					           rotation="0.000000 1.000000 0.000000 0.000000"
					           >
						<Transform DEF="Cube_077_ifs_TRANSFORM"
						           translation="0.000000 0.000000 0.000000"
						           scale="1.000000 1.000000 1.000000"
						           rotation="0.000000 1.000000 0.000000 0.000000"
						           >
							<Group DEF="group_ME_Cube_035">
								<Shape>
									<Appearance>
										<Material USE="MA_Body" />
									</Appearance>
									<IndexedTriangleSet solid="false"
									                    normalPerVertex="true"
									                    index="0 1 2 0 2 3 4 5 6 4 6 7 8 9 10 8 10 11 12 13 14 8 11 15 15 12 14 15 14 8 16 17 18 16 18 19 20 21 22 20 22 23 4 21 24 4 24 25 26 27 22 26 22 7 16 28 29 16 29 30 31 32 33 31 33 30 34 17 33 34 33 35 31 28 36 31 36 35 37 17 38 37 38 30 "
									                    >
										<Coordinate point="-0.146579 -0.284811 -0.041014 -0.193865 0.148594 -0.211236 0.146579 0.284811 0.041013 0.193865 -0.148594 0.211236 -0.193865 0.148594 -0.211236 -1.286161 0.527962 1.058103 -0.945717 0.664178 1.310352 0.146579 0.284811 0.041013 -1.238875 0.094557 1.228325 -0.898431 0.230773 1.480575 -0.952958 0.273567 1.420864 -1.196183 0.176249 1.240648 -0.986735 0.583157 1.299270 -0.945717 0.664178 1.310352 -1.286161 0.527962 1.058103 -1.229961 0.485839 1.119054 -0.986735 0.583157 1.299270 -0.952958 0.273567 1.420864 -0.898431 0.230773 1.480575 -0.945717 0.664178 1.310352 -1.238875 0.094557 1.228325 -0.146579 -0.284811 -0.041014 0.193865 -0.148594 0.211236 -0.898431 0.230773 1.480575 -1.238875 0.094557 1.228325 -1.286161 0.527962 1.058103 -0.945717 0.664178 1.310352 -0.898431 0.230773 1.480575 -1.229961 0.485839 1.119054 -2.275718 0.862045 2.367415 -2.027839 0.957689 2.542077 -2.275718 0.862045 2.367415 -2.241940 0.552455 2.489009 -1.994062 0.648099 2.663670 -1.196183 0.176249 1.240648 -2.241940 0.552455 2.489009 -1.196183 0.176249 1.240648 -1.994062 0.648099 2.663670 -0.986735 0.583157 1.299270 " />
										<Normal vector="-0.015992 -0.838893 -0.544023 -0.132664 0.230354 -0.963988 0.750572 0.583758 -0.309549 0.867214 -0.485488 0.110385 -0.132664 0.230354 -0.963988 -0.867214 0.485488 -0.110385 0.015992 0.838893 0.544023 0.750572 0.583758 -0.309549 -0.750572 -0.583758 0.309549 0.132664 -0.230354 0.963988 -0.312357 0.009613 0.949889 -0.754784 -0.576434 0.313059 -0.374004 0.574511 0.728019 0.015992 0.838893 0.544023 -0.867214 0.485488 -0.110385 -0.870235 0.481796 -0.102542 -0.374004 0.574511 0.728019 -0.312357 0.009613 0.949889 0.132664 -0.230354 0.963988 0.015992 0.838893 0.544023 -0.750572 -0.583758 0.309549 -0.015992 -0.838893 -0.544023 0.867214 -0.485488 0.110385 0.132664 -0.230354 0.963988 -0.750572 -0.583758 0.309549 -0.867214 0.485488 -0.110385 0.015992 0.838893 0.544023 0.132664 -0.230354 0.963988 -0.870235 0.481796 -0.102542 -0.866024 0.490616 -0.096225 0.030854 0.840083 0.541551 -0.866024 0.490616 -0.096225 -0.749474 -0.577685 0.323344 0.147618 -0.230110 0.961882 -0.754784 -0.576434 0.313059 -0.749474 -0.577685 0.323344 -0.754784 -0.576434 0.313059 0.147618 -0.230110 0.961882 -0.374004 0.574511 0.728019 " />
										<TextureCoordinate point="0.5179 0.0097 0.5179 0.3559 0.9836 0.3559 0.9836 0.0097 0.5179 0.0097 0.5179 0.3559 0.9836 0.3559 0.9836 0.0097 0.9154 0.3052 0.7508 0.3559 0.5861 0.3052 0.5179 0.1828 0.7508 0.0097 0.9154 0.0604 0.9836 0.1828 0.5861 0.0604 0.5179 0.0097 0.5179 0.3559 0.9836 0.3559 0.9836 0.0097 0.5179 0.0097 0.5179 0.3559 0.9836 0.3559 0.9836 0.0097 0.9836 0.3559 0.9836 0.0097 0.5179 0.0097 0.5179 0.3559 0.5179 0.3559 0.9836 0.3559 0.9836 0.0097 0.5179 0.0097 0.5179 0.3559 0.9836 0.3559 0.5179 0.0097 0.9836 0.0097 0.9836 0.3559 0.5179 0.0097 0.9836 0.3559 " />
									</IndexedTriangleSet>
								</Shape>
							</Group>
						</Transform>
					</Transform>
					<Transform DEF="Cube_078_TRANSFORM"
					           translation="-0.137560 -0.281002 -0.300814"
					           scale="1.000000 1.000000 1.000000"
					           rotation="0.000000 1.000000 0.000000 0.000000"
					           >
						<Transform DEF="Cube_078_ifs_TRANSFORM"
						           translation="0.000000 0.000000 0.000000"
						           scale="1.000000 1.000000 1.000000"
						           rotation="0.000000 1.000000 0.000000 0.000000"
						           >
							<Group DEF="group_ME_Cube_036">
								<Shape>
									<Appearance>
										<Material USE="MA_Body" />
									</Appearance>
									<IndexedTriangleSet solid="false"
									                    normalPerVertex="true"
									                    index="0 1 2 0 2 3 4 5 6 4 6 7 8 9 10 8 10 11 12 13 14 12 14 15 4 13 16 4 16 17 18 19 14 18 14 7 "
									                    >
										<Coordinate point="0.035945 -0.236631 -0.070796 0.058366 0.078386 -0.229667 -0.035945 0.236631 0.070796 -0.058366 -0.078386 0.229667 0.058366 0.078386 -0.229667 -0.879256 0.013838 -0.489978 -0.973567 0.172082 -0.189515 -0.035945 0.236631 0.070796 -0.879256 0.013838 -0.489978 -0.901677 -0.301179 -0.331106 -0.995988 -0.142935 -0.030643 -0.973567 0.172082 -0.189515 -0.901677 -0.301179 -0.331106 0.035945 -0.236631 -0.070796 -0.058366 -0.078386 0.229667 -0.995988 -0.142935 -0.030643 -0.901677 -0.301179 -0.331106 -0.879256 0.013838 -0.489978 -0.973567 0.172082 -0.189515 -0.995988 -0.142935 -0.030643 " />
										<Normal vector="0.672964 -0.735466 -0.078616 0.746178 0.293435 -0.597552 0.437208 0.811884 0.386853 0.363964 -0.217017 0.905759 0.746178 0.293435 -0.597552 -0.363964 0.217017 -0.905759 -0.672964 0.735466 0.078616 0.437208 0.811884 0.386853 -0.363964 0.217017 -0.905759 -0.437208 -0.811884 -0.386853 -0.746178 -0.293435 0.597552 -0.672964 0.735466 0.078616 -0.437208 -0.811884 -0.386853 0.672964 -0.735466 -0.078616 0.363964 -0.217017 0.905759 -0.746178 -0.293435 0.597552 -0.437208 -0.811884 -0.386853 -0.363964 0.217017 -0.905759 -0.672964 0.735466 0.078616 -0.746178 -0.293435 0.597552 " />
										<TextureCoordinate point="0.5179 0.0097 0.5179 0.3559 0.9836 0.3559 0.9836 0.0097 0.5179 0.0097 0.5179 0.3559 0.9836 0.3559 0.9836 0.0097 0.5179 0.0097 0.5179 0.3559 0.9836 0.3559 0.9836 0.0097 0.5179 0.0097 0.5179 0.3559 0.9836 0.3559 0.9836 0.0097 0.9836 0.3559 0.9836 0.0097 0.5179 0.0097 0.5179 0.3559 " />
									</IndexedTriangleSet>
								</Shape>
							</Group>
						</Transform>
					</Transform>
				</Transform>
				<Transform DEF="Cube_083_TRANSFORM"
				           translation="-0.589961 -4.075567 1.578146"
				           scale="1.000000 1.000000 1.000000"
				           rotation="0.000000 1.000000 0.000000 0.000000"
				           >
					<Transform DEF="Cube_083_ifs_TRANSFORM"
					           translation="0.000000 0.000000 0.000000"
					           scale="1.000000 1.000000 1.000000"
					           rotation="0.000000 1.000000 0.000000 0.000000"
					           >
						<Group DEF="group_ME_Cube_041">
							<Shape>
								<Appearance>
									<Material USE="MA_Body" />
								</Appearance>
								<IndexedTriangleSet solid="false"
								                    normalPerVertex="true"
								                    index="0 1 2 0 2 3 4 5 6 4 6 7 8 9 10 8 10 11 12 13 14 12 14 15 4 13 16 4 16 17 18 19 14 18 14 7 "
								                    >
									<Coordinate point="0.141627 -0.070616 -0.211563 0.120838 0.055754 0.228240 0.099372 -0.231758 0.309837 0.120161 -0.358128 -0.129966 0.120838 0.055754 0.228240 -0.141627 0.070616 0.211563 -0.163093 -0.216895 0.293160 0.099372 -0.231758 0.309837 -0.141627 0.070616 0.211563 -0.120838 -0.055754 -0.228240 -0.142304 -0.343265 -0.146643 -0.163093 -0.216895 0.293160 -0.120838 -0.055754 -0.228240 0.141627 -0.070616 -0.211563 0.120161 -0.358128 -0.129966 -0.142304 -0.343265 -0.146643 -0.120838 -0.055754 -0.228240 -0.141627 0.070616 0.211563 -0.163093 -0.216895 0.293160 -0.142304 -0.343265 -0.146643 " />
									<Normal vector="0.642811 0.362133 -0.674978 0.590411 0.680685 0.433637 0.507706 -0.427259 0.748100 0.560106 -0.745811 -0.360546 0.590411 0.680685 0.433637 -0.560106 0.745811 0.360546 -0.642811 -0.362133 0.674978 0.507706 -0.427259 0.748100 -0.560106 0.745811 0.360546 -0.507706 0.427259 -0.748100 -0.590411 -0.680685 -0.433637 -0.642811 -0.362133 0.674978 -0.507706 0.427259 -0.748100 0.642811 0.362133 -0.674978 0.560106 -0.745811 -0.360546 -0.590411 -0.680685 -0.433637 -0.507706 0.427259 -0.748100 -0.560106 0.745811 0.360546 -0.642811 -0.362133 0.674978 -0.590411 -0.680685 -0.433637 " />
									<TextureCoordinate point="0.5241 0.6500 0.5241 0.9812 0.9696 0.9812 0.9696 0.6500 0.5241 0.6500 0.5241 0.9812 0.9696 0.9812 0.9696 0.6500 0.5241 0.6500 0.5241 0.9812 0.9696 0.9812 0.9696 0.6500 0.5241 0.6500 0.5241 0.9812 0.9696 0.9812 0.9696 0.6500 0.9696 0.9812 0.9696 0.6500 0.5241 0.6500 0.5241 0.9812 " />
								</IndexedTriangleSet>
							</Shape>
						</Group>
					</Transform>
					<Transform DEF="Cube_082_TRANSFORM"
					           translation="-0.037717 0.305532 0.509228"
					           scale="1.000000 1.000000 1.000000"
					           rotation="0.000000 1.000000 0.000000 0.000000"
					           >
						<Transform DEF="Cube_082_ifs_TRANSFORM"
						           translation="0.000000 0.000000 0.000000"
						           scale="1.000000 1.000000 1.000000"
						           rotation="0.000000 1.000000 0.000000 0.000000"
						           >
							<Group DEF="group_ME_Cube_040">
								<Shape>
									<Appearance>
										<Material USE="MA_Body" />
									</Appearance>
									<IndexedTriangleSet solid="false"
									                    normalPerVertex="true"
									                    index="0 1 2 0 2 3 4 5 6 4 6 7 8 9 10 8 10 11 12 13 14 12 14 15 4 13 16 4 16 17 18 19 14 18 14 7 "
									                    >
										<Coordinate point="0.162134 -0.233520 -0.444461 0.122542 0.229142 0.459175 0.107262 -0.136886 0.645912 0.146853 -0.599548 -0.257724 0.122542 0.229142 0.459175 -0.162134 0.233520 0.444461 -0.177414 -0.132508 0.631198 0.107262 -0.136886 0.645912 -0.162134 0.233520 0.444461 -0.122542 -0.229142 -0.459175 -0.137822 -0.595170 -0.272438 -0.177414 -0.132508 0.631198 -0.122542 -0.229142 -0.459175 0.162134 -0.233520 -0.444461 0.146853 -0.599548 -0.257724 -0.137822 -0.595170 -0.272438 -0.122542 -0.229142 -0.459175 -0.162134 0.233520 0.444461 -0.177414 -0.132508 0.631198 -0.137822 -0.595170 -0.272438 " />
										<Normal vector="0.620441 0.242134 -0.745903 0.575457 0.767968 0.281106 0.532548 -0.259865 0.805506 0.577532 -0.785699 -0.221503 0.575457 0.767968 0.281106 -0.577532 0.785699 0.221503 -0.620441 -0.242134 0.745903 0.532548 -0.259865 0.805506 -0.577532 0.785699 0.221503 -0.532548 0.259865 -0.805506 -0.575457 -0.767968 -0.281106 -0.620441 -0.242134 0.745903 -0.532548 0.259865 -0.805506 0.620441 0.242134 -0.745903 0.577532 -0.785699 -0.221503 -0.575457 -0.767968 -0.281106 -0.532548 0.259865 -0.805506 -0.577532 0.785699 0.221503 -0.620441 -0.242134 0.745903 -0.575457 -0.767968 -0.281106 " />
										<TextureCoordinate point="0.5241 0.6500 0.5241 0.9812 0.9696 0.9812 0.9696 0.6500 0.5241 0.6500 0.5241 0.9812 0.9696 0.9812 0.9696 0.6500 0.5241 0.6500 0.5241 0.9812 0.9696 0.9812 0.9696 0.6500 0.5241 0.6500 0.5241 0.9812 0.9696 0.9812 0.9696 0.6500 0.9696 0.9812 0.9696 0.6500 0.5241 0.6500 0.5241 0.9812 " />
									</IndexedTriangleSet>
								</Shape>
							</Group>
						</Transform>
						<Transform DEF="Cube_081_TRANSFORM"
						           translation="-0.013208 0.578698 0.432248"
						           scale="1.000000 1.000000 1.000000"
						           rotation="0.000000 1.000000 0.000000 0.000000"
						           >
							<Transform DEF="Cube_081_ifs_TRANSFORM"
							           translation="0.000000 0.000000 0.000000"
							           scale="1.000000 1.000000 1.000000"
							           rotation="0.000000 1.000000 0.000000 0.000000"
							           >
								<Group DEF="group_ME_Cube_039">
									<Shape>
										<Appearance>
											<Material USE="MA_Body" />
										</Appearance>
										<IndexedTriangleSet solid="false"
										                    normalPerVertex="true"
										                    index="0 1 2 0 2 3 4 5 6 4 6 7 8 9 10 8 10 11 12 13 14 12 14 15 4 13 16 4 16 17 18 19 14 18 14 7 "
										                    >
											<Coordinate point="0.152636 -0.365306 -0.295364 0.146431 0.358798 0.306280 0.118772 -0.062410 0.812938 0.124977 -0.786515 0.211294 0.146431 0.358798 0.306280 -0.152636 0.365306 0.295364 -0.180296 -0.055903 0.802021 0.118772 -0.062410 0.812938 -0.152636 0.365306 0.295364 -0.146431 -0.358798 -0.306280 -0.174090 -0.780007 0.200377 -0.180296 -0.055903 0.802021 -0.146431 -0.358798 -0.306280 0.152636 -0.365306 -0.295364 0.124977 -0.786515 0.211294 -0.174090 -0.780007 0.200377 -0.146431 -0.358798 -0.306280 -0.152636 0.365306 0.295364 -0.180296 -0.055903 0.802021 -0.174090 -0.780007 0.200377 " />
											<Normal vector="0.604846 -0.087832 -0.791467 0.597217 0.800256 -0.053560 0.548784 0.062716 0.833583 0.556413 -0.825373 0.095645 0.597217 0.800256 -0.053560 -0.556413 0.825373 -0.095645 -0.604846 0.087832 0.791467 0.548784 0.062716 0.833583 -0.556413 0.825373 -0.095645 -0.548784 -0.062716 -0.833583 -0.597217 -0.800256 0.053560 -0.604846 0.087832 0.791467 -0.548784 -0.062716 -0.833583 0.604846 -0.087832 -0.791467 0.556413 -0.825373 0.095645 -0.597217 -0.800256 0.053560 -0.548784 -0.062716 -0.833583 -0.556413 0.825373 -0.095645 -0.604846 0.087832 0.791467 -0.597217 -0.800256 0.053560 " />
											<TextureCoordinate point="0.5241 0.6500 0.5241 0.9812 0.9696 0.9812 0.9696 0.6500 0.5241 0.6500 0.5241 0.9812 0.9696 0.9812 0.9696 0.6500 0.5241 0.6500 0.5241 0.9812 0.9696 0.9812 0.9696 0.6500 0.5241 0.6500 0.5241 0.9812 0.9696 0.9812 0.9696 0.6500 0.9696 0.9812 0.9696 0.6500 0.5241 0.6500 0.5241 0.9812 " />
										</IndexedTriangleSet>
									</Shape>
								</Group>
							</Transform>
							<Transform DEF="Cube_080_TRANSFORM"
							           translation="-0.005136 0.731968 0.287408"
							           scale="1.000000 1.000000 1.000000"
							           rotation="0.000000 1.000000 0.000000 0.000000"
							           >
								<Transform DEF="Cube_080_ifs_TRANSFORM"
								           translation="0.000000 0.000000 0.000000"
								           scale="1.000000 1.000000 1.000000"
								           rotation="0.000000 1.000000 0.000000 0.000000"
								           >
									<Group DEF="group_ME_Cube_038">
										<Shape>
											<Appearance>
												<Material USE="MA_Body" />
											</Appearance>
											<IndexedTriangleSet solid="false"
											                    normalPerVertex="true"
											                    index="0 1 2 0 2 3 4 5 6 4 6 7 8 9 10 8 10 11 12 13 14 12 14 15 4 13 16 4 16 17 18 19 14 18 14 7 "
											                    >
												<Coordinate point="0.157404 -0.491203 -0.219169 0.150301 0.487640 0.231750 0.113488 0.120513 1.028122 0.120592 -0.858331 0.577203 0.150301 0.487640 0.231750 -0.157404 0.491203 0.219169 -0.194217 0.124076 1.015540 0.113488 0.120513 1.028122 -0.157404 0.491203 0.219169 -0.150301 -0.487640 -0.231750 -0.187113 -0.854768 0.564622 -0.194217 0.124076 1.015540 -0.150301 -0.487640 -0.231750 0.157404 -0.491203 -0.219169 0.120592 -0.858331 0.577203 -0.187113 -0.854768 0.564622 -0.150301 -0.487640 -0.231750 -0.157404 0.491203 0.219169 -0.194217 0.124076 1.015540 -0.187113 -0.854768 0.564622 " />
												<Normal vector="0.604846 -0.289529 -0.741813 0.597217 0.759178 -0.258705 0.548784 0.276193 0.788995 0.556413 -0.772546 0.305856 0.597217 0.759178 -0.258705 -0.556413 0.772546 -0.305856 -0.604846 0.289529 0.741813 0.548784 0.276193 0.788995 -0.556413 0.772546 -0.305856 -0.548784 -0.276193 -0.788995 -0.597217 -0.759178 0.258705 -0.604846 0.289529 0.741813 -0.548784 -0.276193 -0.788995 0.604846 -0.289529 -0.741813 0.556413 -0.772546 0.305856 -0.597217 -0.759178 0.258705 -0.548784 -0.276193 -0.788995 -0.556413 0.772546 -0.305856 -0.604846 0.289529 0.741813 -0.597217 -0.759178 0.258705 " />
												<TextureCoordinate point="0.5241 0.6500 0.5241 0.9812 0.9696 0.9812 0.9696 0.6500 0.5241 0.6500 0.5241 0.9812 0.9696 0.9812 0.9696 0.6500 0.5241 0.6500 0.5241 0.9812 0.9696 0.9812 0.9696 0.6500 0.5241 0.6500 0.5241 0.9812 0.9696 0.9812 0.9696 0.6500 0.9696 0.9812 0.9696 0.6500 0.5241 0.6500 0.5241 0.9812 " />
											</IndexedTriangleSet>
										</Shape>
									</Group>
								</Transform>
								<Transform DEF="Cube_079_TRANSFORM"
								           translation="0.022851 1.084120 -0.242313"
								           scale="1.000000 1.000000 1.000000"
								           rotation="0.000000 1.000000 0.000000 0.000000"
								           >
									<Transform DEF="Cube_079_ifs_TRANSFORM"
									           translation="0.000000 0.000000 0.000000"
									           scale="1.000000 1.000000 1.000000"
									           rotation="0.000000 1.000000 0.000000 0.000000"
									           >
										<Group DEF="group_ME_Cube_037">
											<Shape>
												<Appearance>
													<Material USE="MA_Body" />
												</Appearance>
												<IndexedTriangleSet solid="false"
												                    normalPerVertex="true"
												                    index="0 1 2 0 2 3 4 5 6 4 6 7 8 9 10 8 10 11 12 13 14 12 14 15 4 13 16 4 16 17 18 19 14 18 14 7 "
												                    >
													<Coordinate point="0.135336 -0.904174 -0.038232 0.151668 0.901002 0.050008 0.086903 0.825429 1.608031 0.070571 -0.979747 1.519792 0.151668 0.901002 0.050008 -0.135336 0.904174 0.038232 -0.200101 0.828602 1.596255 0.086903 0.825429 1.608031 -0.135336 0.904174 0.038232 -0.151668 -0.901002 -0.050008 -0.216433 -0.976574 1.508015 -0.200101 0.828602 1.596255 -0.151668 -0.901002 -0.050008 0.135336 -0.904174 -0.038232 0.070571 -0.979747 1.519792 -0.216433 -0.976574 1.508015 -0.151668 -0.901002 -0.050008 -0.135336 0.904174 0.038232 -0.200101 0.828602 1.596255 -0.216433 -0.976574 1.508015 " />
													<Normal vector="0.595538 -0.555040 -0.580676 0.605976 0.598193 -0.524308 0.558092 0.542314 0.628010 0.547655 -0.610950 0.571642 0.605976 0.598193 -0.524308 -0.547655 0.610950 -0.571642 -0.595538 0.555040 0.580676 0.558092 0.542314 0.628010 -0.547655 0.610950 -0.571642 -0.558092 -0.542314 -0.628010 -0.605976 -0.598193 0.524308 -0.595538 0.555040 0.580676 -0.558092 -0.542314 -0.628010 0.595538 -0.555040 -0.580676 0.547655 -0.610950 0.571642 -0.605976 -0.598193 0.524308 -0.558092 -0.542314 -0.628010 -0.547655 0.610950 -0.571642 -0.595538 0.555040 0.580676 -0.605976 -0.598193 0.524308 " />
													<TextureCoordinate point="0.5241 0.6500 0.5241 0.9812 0.9696 0.9812 0.9696 0.6500 0.5241 0.6500 0.5241 0.9812 0.9696 0.9812 0.9696 0.6500 0.5241 0.6500 0.5241 0.9812 0.9696 0.9812 0.9696 0.6500 0.5241 0.6500 0.5241 0.9812 0.9696 0.9812 0.9696 0.6500 0.9696 0.9812 0.9696 0.6500 0.5241 0.6500 0.5241 0.9812 " />
												</IndexedTriangleSet>
											</Shape>
										</Group>
									</Transform>
								</Transform>
							</Transform>
						</Transform>
					</Transform>
				</Transform>
				<Transform DEF="arm2_TRANSFORM"
				           translation="-1.529160 -1.616849 1.136838"
				           scale="1.000000 1.000000 1.000000"
				           rotation="0.000000 1.000000 0.000000 0.000000"
				           >
					<Transform DEF="arm2_ifs_TRANSFORM"
					           translation="0.000000 0.000000 0.000000"
					           scale="1.000000 1.000000 1.000000"
					           rotation="0.000000 1.000000 0.000000 0.000000"
					           >
						<Group DEF="group_ME_arm2">
							<Shape>
								<Appearance>
									<Material USE="MA_Body" />
								</Appearance>
								<IndexedTriangleSet solid="false"
								                    normalPerVertex="true"
								                    index="0 1 2 0 2 3 4 5 6 4 6 7 8 9 10 8 10 11 12 13 14 12 14 15 4 13 16 4 16 17 18 19 14 18 14 7 "
								                    >
									<Coordinate point="0.000000 -0.528874 -0.658122 0.000000 0.528874 -0.658122 0.000000 0.528874 0.658122 0.000000 -0.528874 0.658122 0.000000 0.528874 -0.658122 -2.018064 0.528874 -0.658122 -2.018064 0.528874 0.658122 0.000000 0.528874 0.658122 -2.018064 0.528874 -0.658122 -2.018064 -0.528874 -0.658122 -2.018064 -0.528874 0.658122 -2.018064 0.528874 0.658122 -2.018064 -0.528874 -0.658122 0.000000 -0.528874 -0.658122 0.000000 -0.528874 0.658122 -2.018064 -0.528874 0.658122 -2.018064 -0.528874 -0.658122 -2.018064 0.528874 -0.658122 -2.018064 0.528874 0.658122 -2.018064 -0.528874 0.658122 " />
									<Normal vector="0.577349 -0.577349 -0.577349 0.577349 0.577349 -0.577349 0.577349 0.577349 0.577349 0.577349 -0.577349 0.577349 0.577349 0.577349 -0.577349 -0.577349 0.577349 -0.577349 -0.577349 0.577349 0.577349 0.577349 0.577349 0.577349 -0.577349 0.577349 -0.577349 -0.577349 -0.577349 -0.577349 -0.577349 -0.577349 0.577349 -0.577349 0.577349 0.577349 -0.577349 -0.577349 -0.577349 0.577349 -0.577349 -0.577349 0.577349 -0.577349 0.577349 -0.577349 -0.577349 0.577349 -0.577349 -0.577349 -0.577349 -0.577349 0.577349 -0.577349 -0.577349 0.577349 0.577349 -0.577349 -0.577349 0.577349 " />
									<TextureCoordinate point="0.0179 0.6425 0.0179 0.9887 0.4836 0.9887 0.4836 0.6425 0.0179 0.6425 0.0179 0.9887 0.4836 0.9887 0.4836 0.6425 0.0179 0.6425 0.0179 0.9887 0.4836 0.9887 0.4836 0.6425 0.0179 0.6425 0.0179 0.9887 0.4836 0.9887 0.4836 0.6425 0.4836 0.9887 0.4836 0.6425 0.0179 0.6425 0.0179 0.9887 " />
								</IndexedTriangleSet>
							</Shape>
						</Group>
					</Transform>
					<Transform DEF="Cube_084_TRANSFORM"
					           translation="-1.758924 0.009944 0.005829"
					           scale="1.000000 1.000000 1.000000"
					           rotation="0.000000 1.000000 0.000000 0.000000"
					           >
						<Transform DEF="Cube_084_ifs_TRANSFORM"
						           translation="0.000000 0.000000 0.000000"
						           scale="1.000000 1.000000 1.000000"
						           rotation="0.000000 1.000000 0.000000 0.000000"
						           >
							<Group DEF="group_ME_Cube_042">
								<Shape>
									<Appearance>
										<Material USE="MA_Body" />
									</Appearance>
									<IndexedTriangleSet solid="false"
									                    normalPerVertex="true"
									                    index="0 1 2 0 2 3 4 5 6 4 6 7 8 9 10 8 10 11 12 13 14 12 14 15 4 13 16 4 16 17 18 19 14 18 14 7 "
									                    >
										<Coordinate point="0.040857 -0.478709 -0.522040 -0.027857 0.401663 -0.584165 -0.040857 0.478709 0.522040 0.027857 -0.401663 0.584165 -0.027857 0.401663 -0.584165 -0.617140 0.355408 -0.587868 -0.630139 0.432454 0.518337 -0.040857 0.478709 0.522040 -0.617140 0.355408 -0.587868 -0.548426 -0.524964 -0.525744 -0.561426 -0.447918 0.580461 -0.630139 0.432454 0.518337 -0.548426 -0.524964 -0.525744 0.040857 -0.478709 -0.522040 0.027857 -0.401663 0.584165 -0.561426 -0.447918 0.580461 -0.548426 -0.524964 -0.525744 -0.617140 0.355408 -0.587868 -0.630139 0.432454 0.518337 -0.561426 -0.447918 0.580461 " />
										<Normal vector="0.627125 -0.569109 -0.531754 0.537492 0.579241 -0.612812 0.523972 0.659444 0.538987 0.613605 -0.488876 0.620045 0.537492 0.579241 -0.612812 -0.613605 0.488876 -0.620045 -0.627125 0.569109 0.531754 0.523972 0.659444 0.538987 -0.613605 0.488876 -0.620045 -0.523972 -0.659444 -0.538987 -0.537492 -0.579241 0.612812 -0.627125 0.569109 0.531754 -0.523972 -0.659444 -0.538987 0.627125 -0.569109 -0.531754 0.613605 -0.488876 0.620045 -0.537492 -0.579241 0.612812 -0.523972 -0.659444 -0.538987 -0.613605 0.488876 -0.620045 -0.627125 0.569109 0.531754 -0.537492 -0.579241 0.612812 " />
										<TextureCoordinate point="0.0179 0.6425 0.0179 0.9887 0.4836 0.9887 0.4836 0.6425 0.0179 0.6425 0.0179 0.9887 0.4836 0.9887 0.4836 0.6425 0.0179 0.6425 0.0179 0.9887 0.4836 0.9887 0.4836 0.6425 0.0179 0.6425 0.0179 0.9887 0.4836 0.9887 0.4836 0.6425 0.4836 0.9887 0.4836 0.6425 0.0179 0.6425 0.0179 0.9887 " />
									</IndexedTriangleSet>
								</Shape>
							</Group>
						</Transform>
					</Transform>
					<Transform DEF="arm2_1_TRANSFORM"
					           translation="-2.168655 -0.000581 -0.007730"
					           scale="1.000000 1.000000 1.000000"
					           rotation="0.000000 1.000000 0.000000 0.000000"
					           >
						<Transform DEF="arm2_1_ifs_TRANSFORM"
						           translation="0.000000 0.000000 0.000000"
						           scale="1.000000 1.000000 1.000000"
						           rotation="0.000000 1.000000 0.000000 0.000000"
						           >
							<Group DEF="group_ME_arm2_1">
								<Shape>
									<Appearance>
										<Material USE="MA_Body" />
									</Appearance>
									<IndexedTriangleSet solid="false"
									                    normalPerVertex="true"
									                    index="0 1 2 0 2 3 4 5 6 4 6 7 8 9 10 8 10 11 12 13 14 12 14 15 4 13 16 4 16 17 18 19 14 18 14 7 "
									                    >
										<Coordinate point="0.000000 -0.528874 -0.621816 0.000000 0.528874 -0.621815 0.000000 0.528874 0.621816 0.000000 -0.528874 0.621815 0.000000 0.528874 -0.621815 -0.842133 0.528874 -0.621815 -0.842133 0.528874 0.621816 0.000000 0.528874 0.621816 -0.842133 0.528874 -0.621815 -0.842133 -0.528874 -0.621816 -0.842133 -0.528874 0.621815 -0.842133 0.528874 0.621816 -0.842133 -0.528874 -0.621816 0.000000 -0.528874 -0.621816 0.000000 -0.528874 0.621815 -0.842133 -0.528874 0.621815 -0.842133 -0.528874 -0.621816 -0.842133 0.528874 -0.621815 -0.842133 0.528874 0.621816 -0.842133 -0.528874 0.621815 " />
										<Normal vector="0.577349 -0.577349 -0.577349 0.577349 0.577349 -0.577349 0.577349 0.577349 0.577349 0.577349 -0.577349 0.577349 0.577349 0.577349 -0.577349 -0.577349 0.577349 -0.577349 -0.577349 0.577349 0.577349 0.577349 0.577349 0.577349 -0.577349 0.577349 -0.577349 -0.577349 -0.577349 -0.577349 -0.577349 -0.577349 0.577349 -0.577349 0.577349 0.577349 -0.577349 -0.577349 -0.577349 0.577349 -0.577349 -0.577349 0.577349 -0.577349 0.577349 -0.577349 -0.577349 0.577349 -0.577349 -0.577349 -0.577349 -0.577349 0.577349 -0.577349 -0.577349 0.577349 0.577349 -0.577349 -0.577349 0.577349 " />
										<TextureCoordinate point="0.0179 0.6425 0.0179 0.9887 0.4836 0.9887 0.4836 0.6425 0.0179 0.6425 0.0179 0.9887 0.4836 0.9887 0.4836 0.6425 0.0179 0.6425 0.0179 0.9887 0.4836 0.9887 0.4836 0.6425 0.0179 0.6425 0.0179 0.9887 0.4836 0.9887 0.4836 0.6425 0.4836 0.9887 0.4836 0.6425 0.0179 0.6425 0.0179 0.9887 " />
									</IndexedTriangleSet>
								</Shape>
							</Group>
						</Transform>
						<Transform DEF="Cube_085_TRANSFORM"
						           translation="-0.489335 -0.012900 0.003636"
						           scale="1.000000 1.000000 1.000000"
						           rotation="0.000000 1.000000 0.000000 0.000000"
						           >
							<Transform DEF="Cube_085_ifs_TRANSFORM"
							           translation="0.000000 0.000000 0.000000"
							           scale="1.000000 1.000000 1.000000"
							           rotation="0.000000 1.000000 0.000000 0.000000"
							           >
								<Group DEF="group_ME_Cube_043">
									<Shape>
										<Appearance>
											<Material USE="MA_Body" />
										</Appearance>
										<IndexedTriangleSet solid="false"
										                    normalPerVertex="true"
										                    index="0 1 2 0 2 3 4 5 6 4 6 7 8 9 10 8 10 11 12 13 14 12 14 15 4 13 16 4 16 17 18 19 14 18 14 7 "
										                    >
											<Coordinate point="0.010563 -0.725616 -0.793646 0.003442 0.801809 -0.716655 -0.010563 0.725616 0.793646 -0.003442 -0.801809 0.716655 0.003442 0.801809 -0.716655 -0.727697 0.798749 -0.723589 -0.741701 0.722556 0.786712 -0.010563 0.725616 0.793646 -0.727697 0.798749 -0.723589 -0.720575 -0.728675 -0.800579 -0.734580 -0.804868 0.709721 -0.741701 0.722556 0.786712 -0.720575 -0.728675 -0.800579 0.010563 -0.725616 -0.793646 -0.003442 -0.801809 0.716655 -0.734580 -0.804868 0.709721 -0.720575 -0.728675 -0.800579 -0.727697 0.798749 -0.723589 -0.741701 0.722556 0.786712 -0.734580 -0.804868 0.709721 " />
											<Normal vector="0.585345 -0.545091 -0.600177 0.579974 0.608112 -0.542039 0.569262 0.549913 0.611103 0.574633 -0.603259 0.552995 0.579974 0.608112 -0.542039 -0.574633 0.603259 -0.552995 -0.585345 0.545091 0.600177 0.569262 0.549913 0.611103 -0.574633 0.603259 -0.552995 -0.569262 -0.549913 -0.611103 -0.579974 -0.608112 0.542039 -0.585345 0.545091 0.600177 -0.569262 -0.549913 -0.611103 0.585345 -0.545091 -0.600177 0.574633 -0.603259 0.552995 -0.579974 -0.608112 0.542039 -0.569262 -0.549913 -0.611103 -0.574633 0.603259 -0.552995 -0.585345 0.545091 0.600177 -0.579974 -0.608112 0.542039 " />
											<TextureCoordinate point="0.0179 0.6425 0.0179 0.9887 0.4836 0.9887 0.4836 0.6425 0.0179 0.6425 0.0179 0.9887 0.4836 0.9887 0.4836 0.6425 0.0179 0.6425 0.0179 0.9887 0.4836 0.9887 0.4836 0.6425 0.0179 0.6425 0.0179 0.9887 0.4836 0.9887 0.4836 0.6425 0.4836 0.9887 0.4836 0.6425 0.0179 0.6425 0.0179 0.9887 " />
										</IndexedTriangleSet>
									</Shape>
								</Group>
							</Transform>
							<Transform DEF="Cube_086_TRANSFORM"
							           translation="-0.496028 -0.048933 -0.005105"
							           scale="1.000000 1.000000 1.000000"
							           rotation="0.000000 1.000000 0.000000 0.000000"
							           >
								<Transform DEF="Cube_086_ifs_TRANSFORM"
								           translation="0.000000 0.000000 0.000000"
								           scale="1.000000 1.000000 1.000000"
								           rotation="0.000000 1.000000 0.000000 0.000000"
								           >
									<Group DEF="group_ME_Cube_044">
										<Shape>
											<Appearance>
												<Material USE="MA_Body" />
											</Appearance>
											<IndexedTriangleSet solid="false"
											                    normalPerVertex="true"
											                    index="0 1 2 0 2 3 4 5 6 4 6 7 8 9 10 8 10 11 12 13 14 12 14 15 4 13 16 4 16 17 18 19 14 18 14 7 "
											                    >
												<Coordinate point="0.020768 -1.055900 -0.888267 -0.003121 1.042613 -0.904058 -0.020768 1.055900 0.888267 0.003121 -1.042613 0.904058 -0.003121 1.042613 -0.904058 -2.401536 1.015134 -0.927468 -2.419182 1.028421 0.864857 -0.020768 1.055900 0.888267 -2.401536 1.015134 -0.927468 -2.377647 -1.083379 -0.911677 -2.395293 -1.070092 0.880648 -2.419182 1.028421 0.864857 -2.377647 -1.083379 -0.911677 0.020768 -1.055900 -0.888267 0.003121 -1.042613 0.904058 -2.395293 -1.070092 0.880648 -2.377647 -1.083379 -0.911677 -2.401536 1.015134 -0.927468 -2.419182 1.028421 0.864857 -2.395293 -1.070092 0.880648 " />
												<Normal vector="0.589526 -0.574938 -0.567309 0.576373 0.579608 -0.576006 0.565020 0.588183 0.578570 0.578143 -0.566393 0.587268 0.576373 0.579608 -0.576006 -0.578143 0.566393 -0.587268 -0.589526 0.574938 0.567309 0.565020 0.588183 0.578570 -0.578143 0.566393 -0.587268 -0.565020 -0.588183 -0.578570 -0.576373 -0.579608 0.576006 -0.589526 0.574938 0.567309 -0.565020 -0.588183 -0.578570 0.589526 -0.574938 -0.567309 0.578143 -0.566393 0.587268 -0.576373 -0.579608 0.576006 -0.565020 -0.588183 -0.578570 -0.578143 0.566393 -0.587268 -0.589526 0.574938 0.567309 -0.576373 -0.579608 0.576006 " />
												<TextureCoordinate point="0.0179 0.6425 0.0179 0.9887 0.4836 0.9887 0.4836 0.6425 0.0179 0.6425 0.0179 0.9887 0.4836 0.9887 0.4836 0.6425 0.0179 0.6425 0.0179 0.9887 0.4836 0.9887 0.4836 0.6425 0.0179 0.6425 0.0179 0.9887 0.4836 0.9887 0.4836 0.6425 0.4836 0.9887 0.4836 0.6425 0.0179 0.6425 0.0179 0.9887 " />
											</IndexedTriangleSet>
										</Shape>
									</Group>
								</Transform>
							</Transform>
						</Transform>
						<Transform DEF="Cube_087_TRANSFORM"
						           translation="-1.057848 -0.087265 0.860683"
						           scale="1.000000 1.000000 1.000000"
						           rotation="0.000000 1.000000 0.000000 0.000000"
						           >
							<Transform DEF="Cube_087_ifs_TRANSFORM"
							           translation="0.000000 0.000000 0.000000"
							           scale="1.000000 1.000000 1.000000"
							           rotation="0.000000 1.000000 0.000000 0.000000"
							           >
								<Group DEF="group_ME_Cube_045">
									<Shape>
										<Appearance>
											<Material USE="MA_Body" />
										</Appearance>
										<IndexedTriangleSet solid="false"
										                    normalPerVertex="true"
										                    index="0 1 2 0 2 3 4 5 6 4 6 7 8 9 10 8 10 11 12 13 14 12 14 15 4 13 16 4 16 17 18 19 14 18 14 7 "
										                    >
											<Coordinate point="0.009100 -0.272360 -0.200860 -0.005104 0.269351 -0.205016 -0.009100 0.272360 0.200860 0.005104 -0.269351 0.205016 -0.005104 0.269351 -0.205016 -0.526911 0.255630 -0.210052 -0.530907 0.258638 0.195825 -0.009100 0.272360 0.200860 -0.526911 0.255630 -0.210052 -0.512707 -0.286081 -0.205896 -0.516703 -0.283073 0.199980 -0.530907 0.258638 0.195825 -0.512707 -0.286081 -0.205896 0.009100 -0.272360 -0.200860 0.005104 -0.269351 0.205016 -0.516703 -0.283073 0.199980 -0.512707 -0.286081 -0.205896 -0.526911 0.255630 -0.210052 -0.530907 0.258638 0.195825 -0.516703 -0.283073 0.199980 " />
											<Normal vector="0.597919 -0.566210 -0.567309 0.567644 0.588031 -0.576159 0.556291 0.596576 0.578448 0.586566 -0.557665 0.587298 0.567644 0.588031 -0.576159 -0.586566 0.557665 -0.587298 -0.597919 0.566210 0.567309 0.556291 0.596576 0.578448 -0.586566 0.557665 -0.587298 -0.556291 -0.596576 -0.578448 -0.567644 -0.588031 0.576159 -0.597919 0.566210 0.567309 -0.556291 -0.596576 -0.578448 0.597919 -0.566210 -0.567309 0.586566 -0.557665 0.587298 -0.567644 -0.588031 0.576159 -0.556291 -0.596576 -0.578448 -0.586566 0.557665 -0.587298 -0.597919 0.566210 0.567309 -0.567644 -0.588031 0.576159 " />
											<TextureCoordinate point="0.5413 0.4045 0.5413 0.5939 0.9681 0.5939 0.9681 0.4045 0.5413 0.0241 0.5413 0.3415 0.9681 0.3415 0.9681 0.0241 0.5413 0.0241 0.5413 0.3415 0.9681 0.3415 0.9681 0.0241 0.5413 0.0241 0.5413 0.3415 0.9681 0.3415 0.9681 0.0241 0.9681 0.3415 0.9681 0.0241 0.5413 0.0241 0.5413 0.3415 " />
										</IndexedTriangleSet>
									</Shape>
								</Group>
							</Transform>
							<Transform DEF="Cube_088_TRANSFORM"
							           translation="-0.489596 -0.012875 -0.004725"
							           scale="1.000000 1.000000 1.000000"
							           rotation="0.000000 1.000000 0.000000 0.000000"
							           >
								<Transform DEF="Cube_088_ifs_TRANSFORM"
								           translation="0.000000 0.000000 0.000000"
								           scale="1.000000 1.000000 1.000000"
								           rotation="0.000000 1.000000 0.000000 0.000000"
								           >
									<Group DEF="group_ME_Cube_046">
										<Shape>
											<Appearance>
												<Material USE="MA_Body" />
											</Appearance>
											<IndexedTriangleSet solid="false"
											                    normalPerVertex="true"
											                    index="0 1 2 0 2 3 4 5 6 4 6 7 8 9 10 8 10 11 12 13 14 12 14 15 4 13 16 4 16 17 18 19 14 18 14 7 "
											                    >
												<Coordinate point="0.007407 -0.453170 -0.321340 -0.001013 0.448355 -0.328106 -0.007407 0.453170 0.321340 0.001013 -0.448355 0.328106 -0.001013 0.448355 -0.328106 -0.620350 0.442526 -0.334160 -0.626744 0.447340 0.315285 -0.007407 0.453170 0.321340 -0.620350 0.442526 -0.334160 -0.611930 -0.458999 -0.327394 -0.618324 -0.454185 0.322051 -0.626744 0.447340 0.315285 -0.611930 -0.458999 -0.327394 0.007407 -0.453170 -0.321340 0.001013 -0.448355 0.328106 -0.618324 -0.454185 0.322051 -0.611930 -0.458999 -0.327394 -0.620350 0.442526 -0.334160 -0.626744 0.447340 0.315285 -0.618324 -0.454185 0.322051 " />
												<Normal vector="0.588366 -0.576128 -0.567309 0.577563 0.578448 -0.575976 0.566210 0.586993 0.578600 0.576983 -0.567583 0.587268 0.577563 0.578448 -0.575976 -0.576983 0.567583 -0.587268 -0.588366 0.576128 0.567309 0.566210 0.586993 0.578600 -0.576983 0.567583 -0.587268 -0.566210 -0.586993 -0.578600 -0.577563 -0.578448 0.575976 -0.588366 0.576128 0.567309 -0.566210 -0.586993 -0.578600 0.588366 -0.576128 -0.567309 0.576983 -0.567583 0.587268 -0.577563 -0.578448 0.575976 -0.566210 -0.586993 -0.578600 -0.576983 0.567583 -0.587268 -0.588366 0.576128 0.567309 -0.577563 -0.578448 0.575976 " />
												<TextureCoordinate point="0.5413 0.4045 0.5413 0.5939 0.9681 0.5939 0.9681 0.4045 0.5413 0.0241 0.5413 0.3415 0.9681 0.3415 0.9681 0.0241 0.5413 0.0241 0.5413 0.3415 0.9681 0.3415 0.9681 0.0241 0.5413 0.0241 0.5413 0.3415 0.9681 0.3415 0.9681 0.0241 0.9681 0.3415 0.9681 0.0241 0.5413 0.0241 0.5413 0.3415 " />
											</IndexedTriangleSet>
										</Shape>
									</Group>
								</Transform>
								<Transform DEF="Cube_089_TRANSFORM"
								           translation="-0.483062 -0.018209 0.016988"
								           scale="1.000000 1.000000 1.000000"
								           rotation="0.000000 1.000000 0.000000 0.000000"
								           >
									<Transform DEF="Cube_089_ifs_TRANSFORM"
									           translation="0.000000 0.000000 0.000000"
									           scale="1.000000 1.000000 1.000000"
									           rotation="0.000000 1.000000 0.000000 0.000000"
									           >
										<Group DEF="group_ME_Cube_047">
											<Shape>
												<Appearance>
													<Material USE="MA_Body" />
												</Appearance>
												<IndexedTriangleSet solid="false"
												                    normalPerVertex="true"
												                    index="0 1 2 0 2 3 4 5 6 4 6 7 8 9 10 8 10 11 12 13 14 12 14 15 4 13 16 4 16 17 18 19 14 18 14 7 "
												                    >
													<Coordinate point="0.101098 -0.525663 -0.365354 0.125604 0.522317 -0.362538 -0.101098 0.525663 0.365354 -0.125604 -0.522317 0.362538 0.125604 0.522317 -0.362538 -0.739821 0.543279 -0.632171 -0.966523 0.546625 0.095721 -0.101098 0.525663 0.365354 -0.739821 0.543279 -0.632171 -0.764327 -0.504701 -0.634987 -0.991029 -0.501356 0.092905 -0.966523 0.546625 0.095721 -0.764327 -0.504701 -0.634987 0.101098 -0.525663 -0.365354 -0.125604 -0.522317 0.362538 -0.991029 -0.501356 0.092905 -0.764327 -0.504701 -0.634987 -0.739821 0.543279 -0.632171 -0.966523 0.546625 0.095721 -0.991029 -0.501356 0.092905 " />
													<Normal vector="0.709250 -0.593066 -0.381085 0.736229 0.561296 -0.377972 0.392865 0.566363 0.724448 0.365886 -0.588000 0.721366 0.736229 0.561296 -0.377972 -0.365886 0.588000 -0.721366 -0.709250 0.593066 0.381085 0.392865 0.566363 0.724448 -0.365886 0.588000 -0.721366 -0.392865 -0.566363 -0.724448 -0.736229 -0.561296 0.377972 -0.709250 0.593066 0.381085 -0.392865 -0.566363 -0.724448 0.709250 -0.593066 -0.381085 0.365886 -0.588000 0.721366 -0.736229 -0.561296 0.377972 -0.392865 -0.566363 -0.724448 -0.365886 0.588000 -0.721366 -0.709250 0.593066 0.381085 -0.736229 -0.561296 0.377972 " />
													<TextureCoordinate point="0.5413 0.4045 0.5413 0.5939 0.9681 0.5939 0.9681 0.4045 0.5413 0.0241 0.5413 0.3415 0.9681 0.3415 0.9681 0.0241 0.5413 0.0241 0.5413 0.3415 0.9681 0.3415 0.9681 0.0241 0.5413 0.0241 0.5413 0.3415 0.9681 0.3415 0.9681 0.0241 0.9681 0.3415 0.9681 0.0241 0.5413 0.0241 0.5413 0.3415 " />
												</IndexedTriangleSet>
											</Shape>
										</Group>
									</Transform>
								</Transform>
							</Transform>
						</Transform>
						<Transform DEF="Cube_090_TRANSFORM"
						           translation="-1.408301 0.913917 0.466562"
						           scale="1.000000 1.000000 1.000000"
						           rotation="0.000000 1.000000 0.000000 0.000000"
						           >
							<Transform DEF="Cube_090_ifs_TRANSFORM"
							           translation="0.000000 0.000000 0.000000"
							           scale="1.000000 1.000000 1.000000"
							           rotation="0.000000 1.000000 0.000000 0.000000"
							           >
								<Group DEF="group_ME_Cube_048">
									<Shape>
										<Appearance>
											<Material USE="MA_Body" />
										</Appearance>
										<IndexedTriangleSet solid="false"
										                    normalPerVertex="true"
										                    index="0 1 2 0 2 3 4 5 6 4 6 7 8 9 10 8 10 11 12 13 14 12 14 15 4 13 16 4 16 17 18 19 14 18 14 7 "
										                    >
											<Coordinate point="0.010453 0.140048 -0.244736 0.033961 0.148699 0.237390 -0.010453 -0.140048 0.244736 -0.033961 -0.148699 -0.237390 0.033961 0.148699 0.237390 -0.583170 0.244347 0.265765 -0.627585 -0.044400 0.273111 -0.010453 -0.140048 0.244736 -0.583170 0.244347 0.265765 -0.606678 0.235696 -0.216362 -0.651093 -0.053051 -0.209015 -0.627585 -0.044400 0.273111 -0.606678 0.235696 -0.216362 0.010453 0.140048 -0.244736 -0.033961 -0.148699 -0.237390 -0.651093 -0.053051 -0.209015 -0.606678 0.235696 -0.216362 -0.583170 0.244347 0.265765 -0.627585 -0.044400 0.273111 -0.651093 -0.053051 -0.209015 " />
											<Normal vector="0.629566 0.471755 -0.617267 0.685781 0.492447 0.535844 0.510300 -0.648427 0.564867 0.454085 -0.669118 -0.588244 0.685781 0.492447 0.535844 -0.454085 0.669118 0.588244 -0.629566 -0.471755 0.617267 0.510300 -0.648427 0.564867 -0.454085 0.669118 0.588244 -0.510300 0.648427 -0.564867 -0.685781 -0.492447 -0.535844 -0.629566 -0.471755 0.617267 -0.510300 0.648427 -0.564867 0.629566 0.471755 -0.617267 0.454085 -0.669118 -0.588244 -0.685781 -0.492447 -0.535844 -0.510300 0.648427 -0.564867 -0.454085 0.669118 0.588244 -0.629566 -0.471755 0.617267 -0.685781 -0.492447 -0.535844 " />
											<TextureCoordinate point="0.5413 0.0241 0.5413 0.3415 0.9681 0.3415 0.9681 0.0241 0.5413 0.0241 0.5413 0.3415 0.9681 0.3415 0.9681 0.0241 0.5413 0.4045 0.5413 0.5939 0.9681 0.5939 0.9681 0.4045 0.5413 0.0241 0.5413 0.3415 0.9681 0.3415 0.9681 0.0241 0.9681 0.3415 0.9681 0.0241 0.5413 0.0241 0.5413 0.3415 " />
										</IndexedTriangleSet>
									</Shape>
								</Group>
							</Transform>
							<Transform DEF="Cube_091_TRANSFORM"
							           translation="-0.522268 0.086757 0.023909"
							           scale="1.000000 1.000000 1.000000"
							           rotation="0.000000 1.000000 0.000000 0.000000"
							           >
								<Transform DEF="Cube_091_ifs_TRANSFORM"
								           translation="0.000000 0.000000 0.000000"
								           scale="1.000000 1.000000 1.000000"
								           rotation="0.000000 1.000000 0.000000 0.000000"
								           >
									<Group DEF="group_ME_Cube_049">
										<Shape>
											<Appearance>
												<Material USE="MA_Body" />
											</Appearance>
											<IndexedTriangleSet solid="false"
											                    normalPerVertex="true"
											                    index="0 1 2 0 2 3 4 5 6 4 6 7 8 9 10 8 10 11 12 13 14 12 14 15 4 13 16 4 16 17 18 19 14 18 14 7 "
											                    >
												<Coordinate point="-0.039568 0.135470 -0.228395 -0.017404 0.143626 0.226166 0.039568 -0.135470 0.228395 0.017404 -0.143626 -0.226166 -0.017404 0.143626 0.226166 -0.680504 0.008544 0.260922 -0.623531 -0.270552 0.263151 0.039568 -0.135470 0.228395 -0.680504 0.008544 0.260922 -0.702668 0.000388 -0.193639 -0.645695 -0.278708 -0.191410 -0.623531 -0.270552 0.263151 -0.702668 0.000388 -0.193639 -0.039568 0.135470 -0.228395 0.017404 -0.143626 -0.226166 -0.645695 -0.278708 -0.191410 -0.702668 0.000388 -0.193639 -0.680504 0.008544 0.260922 -0.623531 -0.270552 0.263151 -0.645695 -0.278708 -0.191410 " />
												<Normal vector="0.421400 0.670400 -0.610675 0.477615 0.691092 0.542436 0.708548 -0.440199 0.551469 0.652333 -0.460891 -0.601642 0.477615 0.691092 0.542436 -0.652333 0.460891 0.601642 -0.421400 -0.670400 0.610675 0.708548 -0.440199 0.551469 -0.652333 0.460891 0.601642 -0.708548 0.440199 -0.551469 -0.477615 -0.691092 -0.542436 -0.421400 -0.670400 0.610675 -0.708548 0.440199 -0.551469 0.421400 0.670400 -0.610675 0.652333 -0.460891 -0.601642 -0.477615 -0.691092 -0.542436 -0.708548 0.440199 -0.551469 -0.652333 0.460891 0.601642 -0.421400 -0.670400 0.610675 -0.477615 -0.691092 -0.542436 " />
												<TextureCoordinate point="0.5413 0.0241 0.5413 0.3415 0.9681 0.3415 0.9681 0.0241 0.5413 0.0241 0.5413 0.3415 0.9681 0.3415 0.9681 0.0241 0.5413 0.0241 0.5413 0.3415 0.9681 0.3415 0.9681 0.0241 0.5413 0.0241 0.5413 0.3415 0.9681 0.3415 0.9681 0.0241 0.9681 0.3415 0.9681 0.0241 0.5413 0.0241 0.5413 0.3415 " />
											</IndexedTriangleSet>
										</Shape>
									</Group>
								</Transform>
							</Transform>
						</Transform>
						<Transform DEF="d2_TRANSFORM"
						           translation="-3.159184 -0.086341 -0.004408"
						           scale="1.000000 1.000000 1.000000"
						           rotation="0.000000 1.000000 0.000000 0.000000"
						           >
							<Transform DEF="d2_ifs_TRANSFORM"
							           translation="0.000000 0.000000 0.000000"
							           scale="1.000000 1.000000 1.000000"
							           rotation="0.000000 1.000000 0.000000 0.000000"
							           >
								<Group DEF="group_ME_d2">
									<Shape>
										<Appearance>
											<Material USE="MA_Body" />
										</Appearance>
										<IndexedTriangleSet solid="false"
										                    normalPerVertex="true"
										                    index="0 1 2 0 2 3 4 5 6 4 6 7 8 9 10 8 10 11 12 13 14 12 14 15 4 13 16 4 16 17 18 19 14 18 14 7 "
										                    >
											<Coordinate point="0.008377 -0.371534 -0.245870 -0.003480 0.367847 -0.251467 -0.009059 0.372047 0.315103 0.002799 -0.367334 0.320701 -0.003480 0.367847 -0.251467 -0.960946 0.352422 -0.260780 -0.966524 0.356622 0.305791 -0.009059 0.372047 0.315103 -0.960946 0.352422 -0.260780 -0.949089 -0.386959 -0.255182 -0.954667 -0.382759 0.311388 -0.966524 0.356622 0.305791 -0.949089 -0.386959 -0.255182 0.008377 -0.371534 -0.245870 0.002799 -0.367334 0.320701 -0.954667 -0.382759 0.311388 -0.949089 -0.386959 -0.255182 -0.960946 0.352422 -0.260780 -0.966524 0.356622 0.305791 -0.954667 -0.382759 0.311388 " />
											<Normal vector="0.592181 -0.572222 -0.567309 0.573656 0.582263 -0.576037 0.562304 0.590838 0.578539 0.580798 -0.563677 0.587268 0.573656 0.582263 -0.576037 -0.580798 0.563677 -0.587268 -0.592181 0.572222 0.567309 0.562304 0.590838 0.578539 -0.580798 0.563677 -0.587268 -0.562304 -0.590838 -0.578539 -0.573656 -0.582263 0.576037 -0.592181 0.572222 0.567309 -0.562304 -0.590838 -0.578539 0.592181 -0.572222 -0.567309 0.580798 -0.563677 0.587268 -0.573656 -0.582263 0.576037 -0.562304 -0.590838 -0.578539 -0.580798 0.563677 -0.587268 -0.592181 0.572222 0.567309 -0.573656 -0.582263 0.576037 " />
											<TextureCoordinate point="0.5288 0.6505 0.5288 0.9807 0.9728 0.9807 0.9728 0.6505 0.5288 0.6505 0.5288 0.9807 0.9728 0.9807 0.9728 0.6505 0.5288 0.6505 0.5288 0.9807 0.9728 0.9807 0.9728 0.6505 0.5288 0.6505 0.5288 0.9807 0.9728 0.9807 0.9728 0.6505 0.9728 0.9807 0.9728 0.6505 0.5288 0.6505 0.5288 0.9807 " />
										</IndexedTriangleSet>
									</Shape>
								</Group>
							</Transform>
							<Transform DEF="Cube_092_TRANSFORM"
							           translation="-0.733652 -0.011622 0.018906"
							           scale="1.000000 1.000000 1.000000"
							           rotation="0.000000 1.000000 0.000000 0.000000"
							           >
								<Transform DEF="Cube_092_ifs_TRANSFORM"
								           translation="0.000000 0.000000 0.000000"
								           scale="1.000000 1.000000 1.000000"
								           rotation="0.000000 1.000000 0.000000 0.000000"
								           >
									<Group DEF="group_ME_Cube_050">
										<Shape>
											<Appearance>
												<Material USE="MA_Body" />
											</Appearance>
											<IndexedTriangleSet solid="false"
											                    normalPerVertex="true"
											                    index="0 1 2 0 2 3 4 5 6 4 6 7 8 9 10 8 10 11 12 13 14 12 14 15 4 13 16 4 16 17 18 19 14 18 14 7 "
											                    >
												<Coordinate point="0.181913 -0.340786 -0.222439 0.170947 0.343037 -0.227616 -0.181913 0.340786 0.222439 -0.170947 -0.343037 0.227616 0.170947 0.343037 -0.227616 -0.510587 0.328061 -0.762038 -0.863446 0.325810 -0.311984 -0.181913 0.340786 0.222439 -0.510587 0.328061 -0.762038 -0.499620 -0.355761 -0.756861 -0.852479 -0.358013 -0.306806 -0.863446 0.325810 -0.311984 -0.499620 -0.355761 -0.756861 0.181913 -0.340786 -0.222439 -0.170947 -0.343037 0.227616 -0.852479 -0.358013 -0.306806 -0.499620 -0.355761 -0.756861 -0.510587 0.328061 -0.762038 -0.863446 0.325810 -0.311984 -0.852479 -0.358013 -0.306806 " />
												<Normal vector="0.819727 -0.564989 -0.093753 0.801202 0.589496 -0.102512 0.088748 0.584948 0.806177 0.107273 -0.569536 0.814905 0.801202 0.589496 -0.102512 -0.107273 0.569536 -0.814905 -0.819727 0.564989 0.093753 0.088748 0.584948 0.806177 -0.107273 0.569536 -0.814905 -0.088748 -0.584948 -0.806177 -0.801202 -0.589496 0.102512 -0.819727 0.564989 0.093753 -0.088748 -0.584948 -0.806177 0.819727 -0.564989 -0.093753 0.107273 -0.569536 0.814905 -0.801202 -0.589496 0.102512 -0.088748 -0.584948 -0.806177 -0.107273 0.569536 -0.814905 -0.819727 0.564989 0.093753 -0.801202 -0.589496 0.102512 " />
												<TextureCoordinate point="0.5288 0.6505 0.5288 0.9807 0.9728 0.9807 0.9728 0.6505 0.5288 0.6505 0.5288 0.9807 0.9728 0.9807 0.9728 0.6505 0.5288 0.6505 0.5288 0.9807 0.9728 0.9807 0.9728 0.6505 0.5288 0.6505 0.5288 0.9807 0.9728 0.9807 0.9728 0.6505 0.9728 0.9807 0.9728 0.6505 0.5288 0.6505 0.5288 0.9807 " />
											</IndexedTriangleSet>
										</Shape>
									</Group>
								</Transform>
							</Transform>
							<Transform DEF="Cube_093_TRANSFORM"
							           translation="0.111564 0.585516 -0.003060"
							           scale="1.000000 1.000000 1.000000"
							           rotation="0.000000 1.000000 0.000000 0.000000"
							           >
								<Transform DEF="Cube_093_ifs_TRANSFORM"
								           translation="0.000000 0.000000 0.000000"
								           scale="1.000000 1.000000 1.000000"
								           rotation="0.000000 1.000000 0.000000 0.000000"
								           >
									<Group DEF="group_ME_Cube_051">
										<Shape>
											<Appearance>
												<Material USE="MA_Body" />
											</Appearance>
											<IndexedTriangleSet solid="false"
											                    normalPerVertex="true"
											                    index="0 1 2 0 2 3 4 5 6 4 6 7 8 9 10 8 10 11 12 13 14 12 14 15 4 13 16 4 16 17 18 19 14 18 14 7 "
											                    >
												<Coordinate point="-0.090945 -0.359680 -0.263789 0.096174 0.355743 -0.267251 0.090389 0.360099 0.320312 -0.096730 -0.355324 0.323773 0.096174 0.355743 -0.267251 -0.830249 0.597996 -0.278167 -0.836034 0.602352 0.309395 0.090389 0.360099 0.320312 -0.830249 0.597996 -0.278167 -1.017368 -0.117427 -0.274706 -1.023153 -0.113071 0.312856 -0.836034 0.602352 0.309395 -1.017368 -0.117427 -0.274706 -0.090945 -0.359680 -0.263789 -0.096730 -0.355324 0.323773 -1.023153 -0.113071 0.312856 -1.017368 -0.117427 -0.274706 -0.830249 0.597996 -0.278167 -0.836034 0.602352 0.309395 -1.023153 -0.113071 0.312856 " />
												<Normal vector="0.418104 -0.708884 -0.568011 0.710288 0.408216 -0.573412 0.698935 0.416761 0.581164 0.406751 -0.700308 0.586566 0.710288 0.408216 -0.573412 -0.406751 0.700308 -0.586566 -0.418104 0.708884 0.568011 0.698935 0.416761 0.581164 -0.406751 0.700308 -0.586566 -0.698935 -0.416761 -0.581164 -0.710288 -0.408216 0.573412 -0.418104 0.708884 0.568011 -0.698935 -0.416761 -0.581164 0.418104 -0.708884 -0.568011 0.406751 -0.700308 0.586566 -0.710288 -0.408216 0.573412 -0.698935 -0.416761 -0.581164 -0.406751 0.700308 -0.586566 -0.418104 0.708884 0.568011 -0.710288 -0.408216 0.573412 " />
												<TextureCoordinate point="0.5288 0.6505 0.5288 0.9807 0.9728 0.9807 0.9728 0.6505 0.5288 0.6505 0.5288 0.9807 0.9728 0.9807 0.9728 0.6505 0.5288 0.6505 0.5288 0.9807 0.9728 0.9807 0.9728 0.6505 0.5288 0.6505 0.5288 0.9807 0.9728 0.9807 0.9728 0.6505 0.9728 0.9807 0.9728 0.6505 0.5288 0.6505 0.5288 0.9807 " />
											</IndexedTriangleSet>
										</Shape>
									</Group>
								</Transform>
								<Transform DEF="Cube_094_TRANSFORM"
								           translation="-0.709875 0.185753 0.017677"
								           scale="1.000000 1.000000 1.000000"
								           rotation="0.000000 1.000000 0.000000 0.000000"
								           >
									<Transform DEF="Cube_094_ifs_TRANSFORM"
									           translation="0.000000 0.000000 0.000000"
									           scale="1.000000 1.000000 1.000000"
									           rotation="0.000000 1.000000 0.000000 0.000000"
									           >
										<Group DEF="group_ME_Cube_052">
											<Shape>
												<Appearance>
													<Material USE="MA_Body" />
												</Appearance>
												<IndexedTriangleSet solid="false"
												                    normalPerVertex="true"
												                    index="0 1 2 0 2 3 4 5 6 4 6 7 8 9 10 8 10 11 12 13 14 12 14 15 4 13 16 4 16 17 18 19 14 18 14 7 "
												                    >
													<Coordinate point="0.084253 -0.376588 -0.223135 0.257311 0.285077 -0.226336 -0.084253 0.376588 0.223135 -0.257311 -0.285077 0.226336 0.257311 0.285077 -0.226336 -0.401957 0.454918 -0.761909 -0.743521 0.546428 -0.312438 -0.084253 0.376588 0.223135 -0.401957 0.454918 -0.761909 -0.575016 -0.206747 -0.758708 -0.916579 -0.115237 -0.309237 -0.743521 0.546428 -0.312438 -0.575016 -0.206747 -0.758708 0.084253 -0.376588 -0.223135 -0.257311 -0.285077 0.226336 -0.916579 -0.115237 -0.309237 -0.575016 -0.206747 -0.758708 -0.401957 0.454918 -0.761909 -0.743521 0.546428 -0.312438 -0.916579 -0.115237 -0.309237 " />
													<Normal vector="0.638142 -0.764122 -0.094058 0.930326 0.352947 -0.099460 0.240669 0.537706 0.808008 -0.051485 -0.579363 0.813410 0.930326 0.352947 -0.099460 0.051485 0.579363 -0.813410 -0.638142 0.764122 0.094058 0.240669 0.537706 0.808008 0.051485 0.579363 -0.813410 -0.240669 -0.537706 -0.808008 -0.930326 -0.352947 0.099460 -0.638142 0.764122 0.094058 -0.240669 -0.537706 -0.808008 0.638142 -0.764122 -0.094058 -0.051485 -0.579363 0.813410 -0.930326 -0.352947 0.099460 -0.240669 -0.537706 -0.808008 0.051485 0.579363 -0.813410 -0.638142 0.764122 0.094058 -0.930326 -0.352947 0.099460 " />
													<TextureCoordinate point="0.5288 0.6505 0.5288 0.9807 0.9728 0.9807 0.9728 0.6505 0.5288 0.6505 0.5288 0.9807 0.9728 0.9807 0.9728 0.6505 0.5288 0.6505 0.5288 0.9807 0.9728 0.9807 0.9728 0.6505 0.5288 0.6505 0.5288 0.9807 0.9728 0.9807 0.9728 0.6505 0.9728 0.9807 0.9728 0.6505 0.5288 0.6505 0.5288 0.9807 " />
												</IndexedTriangleSet>
											</Shape>
										</Group>
									</Transform>
								</Transform>
							</Transform>
							<Transform DEF="Cube_095_TRANSFORM"
							           translation="0.138349 -0.653805 0.006391"
							           scale="1.000000 1.000000 1.000000"
							           rotation="0.000000 1.000000 0.000000 0.000000"
							           >
								<Transform DEF="Cube_095_ifs_TRANSFORM"
								           translation="0.000000 0.000000 0.000000"
								           scale="1.000000 1.000000 1.000000"
								           rotation="0.000000 1.000000 0.000000 0.000000"
								           >
									<Group DEF="group_ME_Cube_053">
										<Shape>
											<Appearance>
												<Material USE="MA_Body" />
											</Appearance>
											<IndexedTriangleSet solid="false"
											                    normalPerVertex="true"
											                    index="0 1 2 0 2 3 4 5 6 4 6 7 8 9 10 8 10 11 12 13 14 12 14 15 4 13 16 4 16 17 18 19 14 18 14 7 "
											                    >
												<Coordinate point="0.076496 -0.364244 -0.262107 -0.071267 0.360308 -0.268933 -0.077052 0.364663 0.318630 0.070711 -0.359889 0.325456 -0.071267 0.360308 -0.268933 -1.009543 0.168884 -0.276752 -1.015328 0.173240 0.310811 -0.077052 0.364663 0.318630 -1.009543 0.168884 -0.276752 -0.861780 -0.555668 -0.269926 -0.867565 -0.551312 0.317637 -1.015328 0.173240 0.310811 -0.861780 -0.555668 -0.269926 0.076496 -0.364244 -0.262107 0.070711 -0.359889 0.325456 -0.867565 -0.551312 0.317637 -0.861780 -0.555668 -0.269926 -1.009543 0.168884 -0.276752 -1.015328 0.173240 0.310811 -0.867565 -0.551312 0.317637 " />
												<Normal vector="0.686697 -0.454543 -0.567248 0.455977 0.676809 -0.577899 0.444624 0.685354 0.576678 0.675344 -0.445967 0.587329 0.455977 0.676809 -0.577899 -0.675344 0.445967 -0.587329 -0.686697 0.454543 0.567248 0.444624 0.685354 0.576678 -0.675344 0.445967 -0.587329 -0.444624 -0.685354 -0.576678 -0.455977 -0.676809 0.577899 -0.686697 0.454543 0.567248 -0.444624 -0.685354 -0.576678 0.686697 -0.454543 -0.567248 0.675344 -0.445967 0.587329 -0.455977 -0.676809 0.577899 -0.444624 -0.685354 -0.576678 -0.675344 0.445967 -0.587329 -0.686697 0.454543 0.567248 -0.455977 -0.676809 0.577899 " />
												<TextureCoordinate point="0.5288 0.6505 0.5288 0.9807 0.9728 0.9807 0.9728 0.6505 0.5288 0.6505 0.5288 0.9807 0.9728 0.9807 0.9728 0.6505 0.5288 0.6505 0.5288 0.9807 0.9728 0.9807 0.9728 0.6505 0.5288 0.6505 0.5288 0.9807 0.9728 0.9807 0.9728 0.6505 0.9728 0.9807 0.9728 0.6505 0.5288 0.6505 0.5288 0.9807 " />
											</IndexedTriangleSet>
										</Shape>
									</Group>
								</Transform>
								<Transform DEF="Cube_096_TRANSFORM"
								           translation="-0.718954 -0.146433 0.020050"
								           scale="1.000000 1.000000 1.000000"
								           rotation="0.000000 1.000000 0.000000 0.000000"
								           >
									<Transform DEF="Cube_096_ifs_TRANSFORM"
									           translation="0.000000 0.000000 0.000000"
									           scale="1.000000 1.000000 1.000000"
									           rotation="0.000000 1.000000 0.000000 0.000000"
									           >
										<Group DEF="group_ME_Cube_054">
											<Shape>
												<Appearance>
													<Material USE="MA_Body" />
												</Appearance>
												<IndexedTriangleSet solid="false"
												                    normalPerVertex="true"
												                    index="0 1 2 0 2 3 4 5 6 4 6 7 8 9 10 8 10 11 12 13 14 12 14 15 4 13 16 4 16 17 18 19 14 18 14 7 "
												                    >
													<Coordinate point="0.241268 -0.301908 -0.222143 0.104608 0.368200 -0.228455 -0.241268 0.301908 0.222143 -0.104608 -0.368200 0.228455 0.104608 0.368200 -0.228455 -0.563161 0.226992 -0.761806 -0.909038 0.160700 -0.311208 -0.241268 0.301908 0.222143 -0.563161 0.226992 -0.761806 -0.426501 -0.443116 -0.755494 -0.772378 -0.509408 -0.304896 -0.909038 0.160700 -0.311208 -0.426501 -0.443116 -0.755494 0.241268 -0.301908 -0.222143 -0.104608 -0.368200 0.228455 -0.772378 -0.509408 -0.304896 -0.426501 -0.443116 -0.755494 -0.563161 0.226992 -0.761806 -0.909038 0.160700 -0.311208 -0.772378 -0.509408 -0.304896 " />
													<Normal vector="0.909604 -0.404614 -0.094058 0.678884 0.726707 -0.104709 -0.019440 0.592853 0.805048 0.211249 -0.538469 0.815699 0.678884 0.726707 -0.104709 -0.211249 0.538469 -0.815699 -0.909604 0.404614 0.094058 -0.019440 0.592853 0.805048 -0.211249 0.538469 -0.815699 0.019440 -0.592853 -0.805048 -0.678884 -0.726707 0.104709 -0.909604 0.404614 0.094058 0.019440 -0.592853 -0.805048 0.909604 -0.404614 -0.094058 0.211249 -0.538469 0.815699 -0.678884 -0.726707 0.104709 0.019440 -0.592853 -0.805048 -0.211249 0.538469 -0.815699 -0.909604 0.404614 0.094058 -0.678884 -0.726707 0.104709 " />
													<TextureCoordinate point="0.5288 0.6505 0.5288 0.9807 0.9728 0.9807 0.9728 0.6505 0.5288 0.6505 0.5288 0.9807 0.9728 0.9807 0.9728 0.6505 0.5288 0.6505 0.5288 0.9807 0.9728 0.9807 0.9728 0.6505 0.5288 0.6505 0.5288 0.9807 0.9728 0.9807 0.9728 0.6505 0.9728 0.9807 0.9728 0.6505 0.5288 0.6505 0.5288 0.9807 " />
												</IndexedTriangleSet>
											</Shape>
										</Group>
									</Transform>
								</Transform>
							</Transform>
							<Transform DEF="Cube_097_TRANSFORM"
							           translation="-0.014198 0.000806 0.136542"
							           scale="1.000000 1.000000 1.000000"
							           rotation="0.000000 1.000000 0.000000 0.000000"
							           >
								<Transform DEF="Cube_097_ifs_TRANSFORM"
								           translation="0.000000 0.000000 0.000000"
								           scale="1.000000 1.000000 1.000000"
								           rotation="0.000000 1.000000 0.000000 0.000000"
								           >
									<Group DEF="group_ME_Cube_055">
										<Shape>
											<Appearance>
												<Material USE="MA_Body" />
											</Appearance>
											<IndexedTriangleSet solid="false"
											                    normalPerVertex="true"
											                    index="0 1 2 0 2 3 4 5 6 4 6 7 8 9 10 8 10 11 12 13 14 12 14 15 4 13 16 4 16 17 18 19 14 18 14 7 "
											                    >
												<Coordinate point="0.018389 -0.625363 -0.043815 -0.001661 0.624896 -0.053281 -0.018389 0.625363 0.043815 0.001661 -0.624896 0.053281 -0.001661 0.624896 -0.053281 -0.826450 0.610594 -0.195306 -0.843178 0.611061 -0.098209 -0.018389 0.625363 0.043815 -0.826450 0.610594 -0.195306 -0.806400 -0.639665 -0.185840 -0.823128 -0.639199 -0.088743 -0.843178 0.611061 -0.098209 -0.806400 -0.639665 -0.185840 0.018389 -0.625363 -0.043815 0.001661 -0.624896 0.053281 -0.823128 -0.639199 -0.088743 -0.806400 -0.639665 -0.185840 -0.826450 0.610594 -0.195306 -0.843178 0.611061 -0.098209 -0.823128 -0.639199 -0.088743 " />
												<Normal vector="0.676168 -0.570116 -0.466628 0.657643 0.584368 -0.475356 0.461592 0.589831 0.662526 0.480117 -0.564653 0.671285 0.657643 0.584368 -0.475356 -0.480117 0.564653 -0.671285 -0.676168 0.570116 0.466628 0.461592 0.589831 0.662526 -0.480117 0.564653 -0.671285 -0.461592 -0.589831 -0.662526 -0.657643 -0.584368 0.475356 -0.676168 0.570116 0.466628 -0.461592 -0.589831 -0.662526 0.676168 -0.570116 -0.466628 0.480117 -0.564653 0.671285 -0.657643 -0.584368 0.475356 -0.461592 -0.589831 -0.662526 -0.480117 0.564653 -0.671285 -0.676168 0.570116 0.466628 -0.657643 -0.584368 0.475356 " />
												<TextureCoordinate point="0.5288 0.6505 0.5288 0.9807 0.9728 0.9807 0.9728 0.6505 0.5288 0.6505 0.5288 0.9807 0.9728 0.9807 0.9728 0.6505 0.5288 0.6505 0.5288 0.9807 0.9728 0.9807 0.9728 0.6505 0.5288 0.6505 0.5288 0.9807 0.9728 0.9807 0.9728 0.6505 0.9728 0.9807 0.9728 0.6505 0.5288 0.6505 0.5288 0.9807 " />
											</IndexedTriangleSet>
										</Shape>
									</Group>
								</Transform>
								<Transform DEF="Cube_098_TRANSFORM"
								           translation="-0.787245 -0.013651 -0.135559"
								           scale="1.000000 1.000000 1.000000"
								           rotation="0.000000 1.000000 0.000000 0.000000"
								           >
									<Transform DEF="Cube_098_ifs_TRANSFORM"
									           translation="0.000000 0.000000 0.000000"
									           scale="1.000000 1.000000 1.000000"
									           rotation="0.000000 1.000000 0.000000 0.000000"
									           >
										<Group DEF="group_ME_Cube_056">
											<Shape>
												<Appearance>
													<Material USE="MA_Body" />
												</Appearance>
												<IndexedTriangleSet solid="false"
												                    normalPerVertex="true"
												                    index="0 1 2 0 2 3 4 5 6 4 6 7 8 9 10 8 10 11 12 13 14 12 14 15 4 13 16 4 16 17 18 19 14 18 14 7 "
												                    >
													<Coordinate point="0.030524 -0.644334 -0.018390 0.009853 0.644630 -0.028148 -0.030524 0.644334 0.018390 -0.009853 -0.644630 0.028148 0.009853 0.644630 -0.028148 -0.379640 0.635825 -0.366131 -0.420016 0.635529 -0.319594 -0.030524 0.644334 0.018390 -0.379640 0.635825 -0.366131 -0.358969 -0.653139 -0.356373 -0.399345 -0.653435 -0.309835 -0.420016 0.635529 -0.319594 -0.358969 -0.653139 -0.356373 0.030524 -0.644334 -0.018390 -0.009853 -0.644630 0.028148 -0.399345 -0.653435 -0.309835 -0.358969 -0.653139 -0.356373 -0.379640 0.635825 -0.366131 -0.420016 0.635529 -0.319594 -0.399345 -0.653435 -0.309835 " />
													<Normal vector="0.823603 -0.564623 -0.053377 0.805078 0.589862 -0.062105 0.048372 0.584338 0.810053 0.066897 -0.570147 0.818781 0.805078 0.589862 -0.062105 -0.066897 0.570147 -0.818781 -0.823603 0.564623 0.053377 0.048372 0.584338 0.810053 -0.066897 0.570147 -0.818781 -0.048372 -0.584338 -0.810053 -0.805078 -0.589862 0.062105 -0.823603 0.564623 0.053377 -0.048372 -0.584338 -0.810053 0.823603 -0.564623 -0.053377 0.066897 -0.570147 0.818781 -0.805078 -0.589862 0.062105 -0.048372 -0.584338 -0.810053 -0.066897 0.570147 -0.818781 -0.823603 0.564623 0.053377 -0.805078 -0.589862 0.062105 " />
													<TextureCoordinate point="0.5288 0.6505 0.5288 0.9807 0.9728 0.9807 0.9728 0.6505 0.5288 0.6505 0.5288 0.9807 0.9728 0.9807 0.9728 0.6505 0.5288 0.6505 0.5288 0.9807 0.9728 0.9807 0.9728 0.6505 0.5288 0.6505 0.5288 0.9807 0.9728 0.9807 0.9728 0.6505 0.9728 0.9807 0.9728 0.6505 0.5288 0.6505 0.5288 0.9807 " />
												</IndexedTriangleSet>
											</Shape>
										</Group>
									</Transform>
								</Transform>
							</Transform>
						</Transform>
						<Transform DEF="Cube_100_TRANSFORM"
						           translation="-1.408301 -1.034344 0.466562"
						           scale="1.000000 1.000000 1.000000"
						           rotation="0.000000 1.000000 0.000000 0.000000"
						           >
							<Transform DEF="Cube_100_ifs_TRANSFORM"
							           translation="0.000000 0.000000 0.000000"
							           scale="1.000000 1.000000 1.000000"
							           rotation="0.000000 1.000000 0.000000 0.000000"
							           >
								<Group DEF="group_ME_Cube_058">
									<Shape>
										<Appearance>
											<Material USE="MA_Body" />
										</Appearance>
										<IndexedTriangleSet solid="false"
										                    normalPerVertex="true"
										                    index="0 1 2 0 2 3 4 5 6 4 6 7 8 9 10 8 10 11 12 13 14 12 14 15 4 16 17 4 17 15 18 5 14 18 14 19 "
										                    >
											<Coordinate point="0.013236 -0.139813 -0.244736 -0.036912 0.147994 -0.237390 -0.013236 0.139813 0.244736 0.036912 -0.147994 0.237390 0.036912 -0.147994 0.237390 -0.013236 0.139813 0.244736 -0.628343 0.031910 0.273111 -0.578195 -0.255896 0.265764 -0.578195 -0.255896 0.265764 -0.628343 0.031910 0.273111 -0.652019 0.040092 -0.209015 -0.601871 -0.247715 -0.216362 -0.601871 -0.247715 -0.216362 -0.652019 0.040092 -0.209015 -0.036912 0.147994 -0.237390 0.013236 -0.139813 -0.244736 -0.578195 -0.255896 0.265764 -0.601871 -0.247715 -0.216362 -0.628343 0.031910 0.273111 -0.652019 0.040092 -0.209015 " />
											<Normal vector="0.638813 -0.459151 -0.617267 0.440687 0.678030 -0.588244 0.497299 0.658467 0.564867 0.695456 -0.478713 0.535844 0.695456 -0.478713 0.535844 0.497299 0.658467 0.564867 -0.638813 0.459151 0.617267 -0.440687 -0.678030 0.588244 -0.440687 -0.678030 0.588244 -0.638813 0.459151 0.617267 -0.695456 0.478713 -0.535844 -0.497299 -0.658467 -0.564867 -0.497299 -0.658467 -0.564867 -0.695456 0.478713 -0.535844 0.440687 0.678030 -0.588244 0.638813 -0.459151 -0.617267 -0.440687 -0.678030 0.588244 -0.497299 -0.658467 -0.564867 -0.638813 0.459151 0.617267 -0.695456 0.478713 -0.535844 " />
											<TextureCoordinate point="0.5413 0.0241 0.9681 0.0241 0.9681 0.3415 0.5413 0.3415 0.5413 0.0241 0.9681 0.0241 0.9681 0.3415 0.5413 0.3415 0.5413 0.4045 0.9681 0.4045 0.9681 0.5939 0.5413 0.5939 0.5413 0.0241 0.9681 0.0241 0.9681 0.3415 0.5413 0.3415 0.9681 0.0241 0.9681 0.3415 0.5413 0.0241 0.5413 0.3415 " />
										</IndexedTriangleSet>
									</Shape>
								</Group>
							</Transform>
							<Transform DEF="Cube_101_TRANSFORM"
							           translation="-0.520440 -0.097127 0.023909"
							           scale="1.000000 1.000000 1.000000"
							           rotation="0.000000 1.000000 0.000000 0.000000"
							           >
								<Transform DEF="Cube_101_ifs_TRANSFORM"
								           translation="0.000000 0.000000 0.000000"
								           scale="1.000000 1.000000 1.000000"
								           rotation="0.000000 1.000000 0.000000 0.000000"
								           >
									<Group DEF="group_ME_Cube_059">
										<Shape>
											<Appearance>
												<Material USE="MA_Body" />
											</Appearance>
											<IndexedTriangleSet solid="false"
											                    normalPerVertex="true"
											                    index="0 1 2 0 2 3 4 5 6 4 6 7 8 9 10 8 10 11 12 13 14 12 14 15 4 16 17 4 17 15 18 5 14 18 14 19 "
											                    >
												<Coordinate point="-0.036866 -0.136230 -0.228395 0.014544 0.143944 -0.226166 0.036866 0.136230 0.228395 -0.014544 -0.143944 0.226166 -0.014544 -0.143944 0.226166 0.036866 0.136230 0.228395 -0.628789 0.258098 0.263151 -0.680199 -0.022076 0.260922 -0.680199 -0.022076 0.260922 -0.628789 0.258098 0.263151 -0.651111 0.265812 -0.191410 -0.702521 -0.014362 -0.193639 -0.702521 -0.014362 -0.193639 -0.651111 0.265812 -0.191410 0.014544 0.143944 -0.226166 -0.036866 -0.136230 -0.228395 -0.680199 -0.022076 0.260922 -0.702521 -0.014362 -0.193639 -0.628789 0.258098 0.263151 -0.651111 0.265812 -0.191410 " />
												<Normal vector="0.434645 -0.661885 -0.610675 0.643025 0.473800 -0.601642 0.699667 0.454207 0.551469 0.491256 -0.681448 0.542436 0.491256 -0.681448 0.542436 0.699667 0.454207 0.551469 -0.434645 0.661885 0.610675 -0.643025 -0.473769 0.601642 -0.643025 -0.473769 0.601642 -0.434645 0.661885 0.610675 -0.491256 0.681448 -0.542436 -0.699667 -0.454207 -0.551469 -0.699667 -0.454207 -0.551469 -0.491256 0.681448 -0.542436 0.643025 0.473800 -0.601642 0.434645 -0.661885 -0.610675 -0.643025 -0.473769 0.601642 -0.699667 -0.454207 -0.551469 -0.434645 0.661885 0.610675 -0.491256 0.681448 -0.542436 " />
												<TextureCoordinate point="0.5413 0.0241 0.9681 0.0241 0.9681 0.3415 0.5413 0.3415 0.5413 0.0241 0.9681 0.0241 0.9681 0.3415 0.5413 0.3415 0.5413 0.0241 0.9681 0.0241 0.9681 0.3415 0.5413 0.3415 0.5413 0.0241 0.9681 0.0241 0.9681 0.3415 0.5413 0.3415 0.9681 0.0241 0.9681 0.3415 0.5413 0.0241 0.5413 0.3415 " />
											</IndexedTriangleSet>
										</Shape>
									</Group>
								</Transform>
							</Transform>
						</Transform>
					</Transform>
					<Transform DEF="Cube_099_TRANSFORM"
					           translation="-0.309167 -0.000000 0.763246"
					           scale="1.000000 1.000000 1.000000"
					           rotation="0.000000 1.000000 0.000000 0.000000"
					           >
						<Transform DEF="Cube_099_ifs_TRANSFORM"
						           translation="0.000000 0.000000 0.000000"
						           scale="1.000000 1.000000 1.000000"
						           rotation="0.000000 1.000000 0.000000 0.000000"
						           >
							<Group DEF="group_ME_Cube_057">
								<Shape>
									<Appearance>
										<Material USE="MA_Body" />
									</Appearance>
									<IndexedTriangleSet solid="false"
									                    normalPerVertex="true"
									                    index="0 1 2 0 2 3 4 5 6 4 6 7 8 9 10 8 10 11 12 13 14 12 14 15 4 13 16 4 16 17 18 19 14 18 14 7 "
									                    >
										<Coordinate point="0.000000 -0.275237 -0.308901 -0.000000 0.275237 -0.308901 -0.000000 0.275237 0.308901 0.000000 -0.275237 0.308901 -0.000000 0.275237 -0.308901 -1.626324 0.275237 -0.308901 -1.626324 0.275237 0.308901 -0.000000 0.275237 0.308901 -1.626324 0.275237 -0.308901 -1.626324 -0.275237 -0.308901 -1.626324 -0.275237 0.308901 -1.626324 0.275237 0.308901 -1.626324 -0.275237 -0.308901 0.000000 -0.275237 -0.308901 0.000000 -0.275237 0.308901 -1.626324 -0.275237 0.308901 -1.626324 -0.275237 -0.308901 -1.626324 0.275237 -0.308901 -1.626324 0.275237 0.308901 -1.626324 -0.275237 0.308901 " />
										<Normal vector="0.577349 -0.577349 -0.577349 0.577349 0.577349 -0.577349 0.577349 0.577349 0.577349 0.577349 -0.577349 0.577349 0.577349 0.577349 -0.577349 -0.577349 0.577349 -0.577349 -0.577349 0.577349 0.577349 0.577349 0.577349 0.577349 -0.577349 0.577349 -0.577349 -0.577349 -0.577349 -0.577349 -0.577349 -0.577349 0.577349 -0.577349 0.577349 0.577349 -0.577349 -0.577349 -0.577349 0.577349 -0.577349 -0.577349 0.577349 -0.577349 0.577349 -0.577349 -0.577349 0.577349 -0.577349 -0.577349 -0.577349 -0.577349 0.577349 -0.577349 -0.577349 0.577349 0.577349 -0.577349 -0.577349 0.577349 " />
										<TextureCoordinate point="0.0179 0.6425 0.0179 0.9887 0.4836 0.9887 0.4836 0.6425 0.0179 0.6425 0.0179 0.9887 0.4836 0.9887 0.4836 0.6425 0.0179 0.6425 0.0179 0.9887 0.4836 0.9887 0.4836 0.6425 0.0179 0.6425 0.0179 0.9887 0.4836 0.9887 0.4836 0.6425 0.4836 0.9887 0.4836 0.6425 0.0179 0.6425 0.0179 0.9887 " />
									</IndexedTriangleSet>
								</Shape>
							</Group>
						</Transform>
					</Transform>
				</Transform>
				<Transform DEF="Cube_107_TRANSFORM"
				           translation="-1.344460 -1.402444 2.875331"
				           scale="1.000000 1.000000 1.000000"
				           rotation="0.000000 1.000000 0.000000 0.000000"
				           >
					<Transform DEF="Cube_107_ifs_TRANSFORM"
					           translation="0.000000 0.000000 0.000000"
					           scale="1.000000 1.000000 1.000000"
					           rotation="0.000000 1.000000 0.000000 0.000000"
					           >
						<Group DEF="group_ME_Cube_065">
							<Shape>
								<Appearance>
									<Material USE="MA_Body" />
								</Appearance>
								<IndexedTriangleSet solid="false"
								                    normalPerVertex="true"
								                    index="0 1 2 0 2 3 4 5 6 4 6 7 8 9 10 8 10 11 12 13 14 12 14 15 16 17 18 16 18 19 20 21 22 20 22 23 "
								                    >
									<Coordinate point="0.269048 -0.390659 0.145971 0.402322 0.284601 -0.058726 0.361841 0.446786 0.449943 0.228568 -0.228473 0.654639 0.402322 0.284601 -0.058726 -0.269048 0.390659 -0.145971 -0.309529 0.552845 0.362698 0.361841 0.446786 0.449943 -0.269048 0.390659 -0.145971 -0.402322 -0.284601 0.058726 -0.442802 -0.122415 0.567394 -0.309529 0.552845 0.362698 -0.402322 -0.284601 0.058726 0.269048 -0.390659 0.145971 0.228568 -0.228473 0.654639 -0.442802 -0.122415 0.567394 0.402322 0.284601 -0.058726 0.269048 -0.390659 0.145971 -0.402322 -0.284601 0.058726 -0.269048 0.390659 -0.145971 -0.309529 0.552845 0.362698 -0.442802 -0.122415 0.567394 0.228568 -0.228473 0.654639 0.361841 0.446786 0.449943 " />
									<Normal vector="0.502121 -0.807154 -0.310404 0.716422 0.278664 -0.639546 0.629139 0.628437 0.457411 0.414808 -0.457381 0.786554 0.716422 0.278664 -0.639546 -0.414808 0.457381 -0.786554 -0.502121 0.807154 0.310404 0.629139 0.628437 0.457411 -0.414808 0.457381 -0.786554 -0.629139 -0.628437 -0.457411 -0.716422 -0.278664 0.639546 -0.502121 0.807154 0.310404 -0.629139 -0.628437 -0.457411 0.502121 -0.807154 -0.310404 0.414808 -0.457381 0.786554 -0.716422 -0.278664 0.639546 0.716422 0.278664 -0.639546 0.502121 -0.807154 -0.310404 -0.629139 -0.628437 -0.457411 -0.414808 0.457381 -0.786554 -0.502121 0.807154 0.310404 -0.716422 -0.278664 0.639546 0.414808 -0.457381 0.786554 0.629139 0.628437 0.457411 " />
									<TextureCoordinate point="0.5409 0.0237 0.5409 0.3513 0.9669 0.3513 0.9669 0.0237 0.5365 0.3951 0.5365 0.6049 0.9713 0.6049 0.9713 0.3951 0.5409 0.0237 0.5409 0.3513 0.9669 0.3513 0.9669 0.0237 0.5365 0.3951 0.5365 0.6049 0.9713 0.6049 0.9713 0.3951 0.5409 0.0237 0.5409 0.3513 0.9669 0.3513 0.9669 0.0237 0.5409 0.0237 0.5409 0.3513 0.9669 0.3513 0.9669 0.0237 " />
								</IndexedTriangleSet>
							</Shape>
						</Group>
					</Transform>
					<Transform DEF="Cube_108_TRANSFORM"
					           translation="0.096331 0.457403 -0.185254"
					           scale="1.000000 1.000000 1.000000"
					           rotation="0.000000 1.000000 0.000000 0.000000"
					           >
						<Transform DEF="Cube_108_ifs_TRANSFORM"
						           translation="0.000000 0.000000 0.000000"
						           scale="1.000000 1.000000 1.000000"
						           rotation="0.000000 1.000000 0.000000 0.000000"
						           >
							<Group DEF="group_ME_Cube_066">
								<Shape>
									<Appearance>
										<Material USE="MA_Body" />
									</Appearance>
									<IndexedTriangleSet solid="false"
									                    normalPerVertex="true"
									                    index="0 1 2 0 2 3 4 5 6 4 6 7 8 9 10 8 10 11 12 13 14 12 14 15 4 13 16 4 16 17 18 19 14 18 14 7 "
									                    >
										<Coordinate point="0.213904 -0.312384 0.224615 0.347488 0.223699 -0.151662 0.341142 0.468078 0.194253 0.207558 -0.068005 0.570530 0.347488 0.223699 -0.151662 -0.213904 0.312384 -0.224615 -0.220250 0.556763 0.121300 0.341142 0.468078 0.194253 -0.213904 0.312384 -0.224615 -0.347488 -0.223699 0.151662 -0.353835 0.020680 0.497576 -0.220250 0.556763 0.121300 -0.347488 -0.223699 0.151662 0.213904 -0.312384 0.224615 0.207558 -0.068005 0.570530 -0.353835 0.020680 0.497576 -0.347488 -0.223699 0.151662 -0.213904 0.312384 -0.224615 -0.220250 0.556763 0.121300 -0.353835 0.020680 0.497576 " />
										<Normal vector="0.458907 -0.885464 -0.072970 0.689657 0.040559 -0.722983 0.672353 0.706748 0.219977 0.441603 -0.219275 0.869991 0.689657 0.040559 -0.722983 -0.441603 0.219275 -0.869991 -0.458907 0.885464 0.072970 0.672353 0.706748 0.219977 -0.441603 0.219275 -0.869991 -0.672353 -0.706748 -0.219977 -0.689657 -0.040559 0.722983 -0.458907 0.885464 0.072970 -0.672353 -0.706748 -0.219977 0.458907 -0.885464 -0.072970 0.441603 -0.219275 0.869991 -0.689657 -0.040559 0.722983 -0.672353 -0.706748 -0.219977 -0.441603 0.219275 -0.869991 -0.458907 0.885464 0.072970 -0.689657 -0.040559 0.722983 " />
										<TextureCoordinate point="0.5409 0.0237 0.5409 0.3513 0.9669 0.3513 0.9669 0.0237 0.5409 0.0237 0.5409 0.3513 0.9669 0.3513 0.9669 0.0237 0.5409 0.0237 0.5409 0.3513 0.9669 0.3513 0.9669 0.0237 0.5409 0.0237 0.5409 0.3513 0.9669 0.3513 0.9669 0.0237 0.9669 0.3513 0.9669 0.0237 0.5409 0.0237 0.5409 0.3513 " />
									</IndexedTriangleSet>
								</Shape>
							</Group>
						</Transform>
					</Transform>
					<Transform DEF="Cube_109_TRANSFORM"
					           translation="-0.086691 -0.409264 0.169589"
					           scale="1.000000 1.000000 1.000000"
					           rotation="0.000000 1.000000 0.000000 0.000000"
					           >
						<Transform DEF="Cube_109_ifs_TRANSFORM"
						           translation="0.000000 0.000000 0.000000"
						           scale="1.000000 1.000000 1.000000"
						           rotation="0.000000 1.000000 0.000000 0.000000"
						           >
							<Group DEF="group_ME_Cube_067">
								<Shape>
									<Appearance>
										<Material USE="MA_Body" />
									</Appearance>
									<IndexedTriangleSet solid="false"
									                    normalPerVertex="true"
									                    index="0 1 2 0 2 3 4 5 6 4 6 7 8 9 10 8 10 11 12 13 14 12 14 15 4 13 16 4 16 17 18 19 14 18 14 7 "
									                    >
										<Coordinate point="0.204050 -0.407583 0.005525 0.312641 0.325960 0.061619 0.266626 0.307418 0.393173 0.158035 -0.426125 0.337080 0.312641 0.325960 0.061619 -0.204050 0.407583 -0.005525 -0.250065 0.389042 0.326029 0.266626 0.307418 0.393173 -0.204050 0.407583 -0.005525 -0.312641 -0.325960 -0.061619 -0.358655 -0.344502 0.269935 -0.250065 0.389042 0.326029 -0.312641 -0.325960 -0.061619 0.204050 -0.407583 0.005525 0.158035 -0.426125 0.337080 -0.358655 -0.344502 0.269935 -0.312641 -0.325960 -0.061619 -0.204050 0.407583 -0.005525 -0.250065 0.389042 0.326029 -0.358655 -0.344502 0.269935 " />
										<Normal vector="0.560564 -0.626911 -0.541032 0.729179 0.512070 -0.453932 0.570696 0.448195 0.688040 0.402081 -0.690786 0.600940 0.729179 0.512070 -0.453932 -0.402081 0.690786 -0.600940 -0.560564 0.626911 0.541032 0.570696 0.448195 0.688040 -0.402081 0.690786 -0.600940 -0.570696 -0.448195 -0.688040 -0.729179 -0.512070 0.453932 -0.560564 0.626911 0.541032 -0.570696 -0.448195 -0.688040 0.560564 -0.626911 -0.541032 0.402081 -0.690786 0.600940 -0.729179 -0.512070 0.453932 -0.570696 -0.448195 -0.688040 -0.402081 0.690786 -0.600940 -0.560564 0.626911 0.541032 -0.729179 -0.512070 0.453932 " />
										<TextureCoordinate point="0.5409 0.0237 0.5409 0.3513 0.9669 0.3513 0.9669 0.0237 0.5409 0.0237 0.5409 0.3513 0.9669 0.3513 0.9669 0.0237 0.5409 0.0237 0.5409 0.3513 0.9669 0.3513 0.9669 0.0237 0.5409 0.0237 0.5409 0.3513 0.9669 0.3513 0.9669 0.0237 0.9669 0.3513 0.9669 0.0237 0.5409 0.0237 0.5409 0.3513 " />
									</IndexedTriangleSet>
								</Shape>
							</Group>
						</Transform>
					</Transform>
				</Transform>
			</Transform>
			<Transform DEF="Cube_024_TRANSFORM"
			           translation="0.000000 1.587934 1.690761"
			           scale="1.000000 1.000000 1.000000"
			           rotation="0.000000 1.000000 0.000000 0.000000"
			           >
				<Transform DEF="Cube_024_ifs_TRANSFORM"
				           translation="0.000000 0.000000 0.000000"
				           scale="1.000000 1.000000 1.000000"
				           rotation="0.000000 1.000000 0.000000 0.000000"
				           >
					<Group DEF="group_ME_Cube_113">
						<Shape>
							<Appearance>
								<Material USE="MA_Body" />
							</Appearance>
							<IndexedTriangleSet solid="false"
							                    normalPerVertex="true"
							                    index="0 1 2 0 2 3 4 5 6 4 6 7 8 9 10 8 10 11 12 13 14 12 14 15 4 16 17 4 17 15 18 5 14 18 14 19 "
							                    >
								<Coordinate point="-0.110578 0.318831 -0.715496 -0.110578 -0.318831 0.715496 -0.110578 1.569559 1.556977 -0.110578 2.207220 0.125985 -0.110578 2.207220 0.125985 -0.110578 1.569559 1.556977 0.110578 1.569559 1.556977 0.110578 2.207220 0.125985 0.110578 2.207220 0.125985 0.110578 1.569559 1.556977 0.110578 -0.318831 0.715496 0.110578 0.318831 -0.715496 0.110578 0.318831 -0.715496 0.110578 -0.318831 0.715496 -0.110578 -0.318831 0.715496 -0.110578 0.318831 -0.715496 0.110578 2.207220 0.125985 0.110578 0.318831 -0.715496 0.110578 1.569559 1.556977 0.110578 -0.318831 0.715496 " />
								<Normal vector="-0.577349 -0.292337 -0.762352 -0.577349 -0.762352 0.292337 -0.577349 0.292337 0.762352 -0.577349 0.762352 -0.292337 -0.577349 0.762352 -0.292337 -0.577349 0.292337 0.762352 0.577349 0.292337 0.762352 0.577349 0.762352 -0.292337 0.577349 0.762352 -0.292337 0.577349 0.292337 0.762352 0.577349 -0.762352 0.292337 0.577349 -0.292337 -0.762352 0.577349 -0.292337 -0.762352 0.577349 -0.762352 0.292337 -0.577349 -0.762352 0.292337 -0.577349 -0.292337 -0.762352 0.577349 0.762352 -0.292337 0.577349 -0.292337 -0.762352 0.577349 0.292337 0.762352 0.577349 -0.762352 0.292337 " />
								<TextureCoordinate point="0.5241 0.6500 0.9696 0.6500 0.9696 0.9812 0.5241 0.9812 0.5241 0.6500 0.9696 0.6500 0.9696 0.9812 0.5241 0.9812 0.5241 0.6500 0.9696 0.6500 0.9696 0.9812 0.5241 0.9812 0.5241 0.6500 0.9696 0.6500 0.9696 0.9812 0.5241 0.9812 0.9696 0.6500 0.9696 0.9812 0.5241 0.6500 0.5241 0.9812 " />
							</IndexedTriangleSet>
						</Shape>
					</Group>
				</Transform>
				<Transform DEF="Cube_023_TRANSFORM"
				           translation="0.000000 -1.123827 0.810252"
				           scale="1.000000 1.000000 1.000000"
				           rotation="0.000000 1.000000 0.000000 0.000000"
				           >
					<Transform DEF="Cube_023_ifs_TRANSFORM"
					           translation="0.000000 0.000000 0.000000"
					           scale="1.000000 1.000000 1.000000"
					           rotation="0.000000 1.000000 0.000000 0.000000"
					           >
						<Group DEF="group_ME_Cube_112">
							<Shape>
								<Appearance>
									<Material USE="MA_Body" />
								</Appearance>
								<IndexedTriangleSet solid="false"
								                    normalPerVertex="true"
								                    index="0 1 2 0 2 3 4 5 6 4 6 7 8 9 10 8 10 11 12 13 14 12 14 15 4 16 17 4 17 15 18 5 14 18 14 19 "
								                    >
									<Coordinate point="-0.107638 0.075266 0.341570 -0.107638 1.180495 0.098028 -0.107638 1.029963 -0.585111 -0.107638 -0.075266 -0.341570 -0.107638 -0.075266 -0.341570 -0.107638 1.029963 -0.585111 0.107638 1.029963 -0.585111 0.107638 -0.075266 -0.341570 0.107638 -0.075266 -0.341570 0.107638 1.029963 -0.585111 0.107638 1.180495 0.098028 0.107638 0.075266 0.341570 0.107638 0.075266 0.341570 0.107638 1.180495 0.098028 -0.107638 1.180495 0.098028 -0.107638 0.075266 0.341570 0.107638 -0.075266 -0.341570 0.107638 0.075266 0.341570 0.107638 1.029963 -0.585111 0.107638 1.180495 0.098028 " />
									<Normal vector="-0.577349 -0.439558 0.688040 -0.577349 0.688040 0.439558 -0.577349 0.439558 -0.688040 -0.577349 -0.688040 -0.439558 -0.577349 -0.688040 -0.439558 -0.577349 0.439558 -0.688040 0.577349 0.439558 -0.688040 0.577349 -0.688040 -0.439558 0.577349 -0.688040 -0.439558 0.577349 0.439558 -0.688040 0.577349 0.688040 0.439558 0.577349 -0.439558 0.688040 0.577349 -0.439558 0.688040 0.577349 0.688040 0.439558 -0.577349 0.688040 0.439558 -0.577349 -0.439558 0.688040 0.577349 -0.688040 -0.439558 0.577349 -0.439558 0.688040 0.577349 0.439558 -0.688040 0.577349 0.688040 0.439558 " />
									<TextureCoordinate point="0.5241 0.6500 0.9696 0.6500 0.9696 0.9812 0.5241 0.9812 0.5241 0.6500 0.9696 0.6500 0.9696 0.9812 0.5241 0.9812 0.5241 0.6500 0.9696 0.6500 0.9696 0.9812 0.5241 0.9812 0.5241 0.6500 0.9696 0.6500 0.9696 0.9812 0.5241 0.9812 0.9696 0.6500 0.9696 0.9812 0.5241 0.6500 0.5241 0.9812 " />
								</IndexedTriangleSet>
							</Shape>
						</Group>
					</Transform>
				</Transform>
				<Transform DEF="Cube_025_TRANSFORM"
				           translation="0.000000 1.587580 0.832155"
				           scale="1.000000 1.000000 1.000000"
				           rotation="0.000000 1.000000 0.000000 0.000000"
				           >
					<Transform DEF="Cube_025_ifs_TRANSFORM"
					           translation="0.000000 0.000000 0.000000"
					           scale="1.000000 1.000000 1.000000"
					           rotation="0.000000 1.000000 0.000000 0.000000"
					           >
						<Group DEF="group_ME_Cube_114">
							<Shape>
								<Appearance>
									<Material USE="MA_Body" />
								</Appearance>
								<IndexedTriangleSet solid="false"
								                    normalPerVertex="true"
								                    index="0 1 2 0 2 3 4 5 6 4 6 7 8 9 10 8 10 11 12 13 14 12 14 15 4 16 17 4 17 15 18 5 14 18 14 19 "
								                    >
									<Coordinate point="-0.089553 0.315584 -0.570389 -0.089553 -0.315584 0.570389 -0.089553 1.263435 1.444027 -0.089553 1.894603 0.303249 -0.089553 1.894603 0.303249 -0.089553 1.263435 1.444027 0.089553 1.263435 1.444027 0.089553 1.894603 0.303249 0.089553 1.894603 0.303249 0.089553 1.263435 1.444027 0.089553 -0.315584 0.570389 0.089553 0.315584 -0.570389 0.089553 0.315584 -0.570389 0.089553 -0.315584 0.570389 -0.089553 -0.315584 0.570389 -0.089553 0.315584 -0.570389 0.089553 1.894603 0.303249 0.089553 0.315584 -0.570389 0.089553 1.263435 1.444027 0.089553 -0.315584 0.570389 " />
									<Normal vector="-0.577349 -0.225654 -0.784661 -0.577349 -0.784661 0.225654 -0.577349 0.225654 0.784661 -0.577349 0.784661 -0.225654 -0.577349 0.784661 -0.225654 -0.577349 0.225654 0.784661 0.577349 0.225654 0.784661 0.577349 0.784661 -0.225654 0.577349 0.784661 -0.225654 0.577349 0.225654 0.784661 0.577349 -0.784661 0.225654 0.577349 -0.225654 -0.784661 0.577349 -0.225654 -0.784661 0.577349 -0.784661 0.225654 -0.577349 -0.784661 0.225654 -0.577349 -0.225654 -0.784661 0.577349 0.784661 -0.225654 0.577349 -0.225654 -0.784661 0.577349 0.225654 0.784661 0.577349 -0.784661 0.225654 " />
									<TextureCoordinate point="0.5241 0.6500 0.9696 0.6500 0.9696 0.9812 0.5241 0.9812 0.5241 0.6500 0.9696 0.6500 0.9696 0.9812 0.5241 0.9812 0.5241 0.6500 0.9696 0.6500 0.9696 0.9812 0.5241 0.9812 0.5241 0.6500 0.9696 0.6500 0.9696 0.9812 0.5241 0.9812 0.9696 0.6500 0.9696 0.9812 0.5241 0.6500 0.5241 0.9812 " />
								</IndexedTriangleSet>
							</Shape>
						</Group>
					</Transform>
				</Transform>
				<Transform DEF="Cube_026_TRANSFORM"
				           translation="0.000000 0.264706 -0.768382"
				           scale="1.000000 1.000000 1.000000"
				           rotation="0.000000 1.000000 0.000000 0.000000"
				           >
					<Transform DEF="Cube_026_ifs_TRANSFORM"
					           translation="0.000000 0.000000 0.000000"
					           scale="1.000000 1.000000 1.000000"
					           rotation="0.000000 1.000000 0.000000 0.000000"
					           >
						<Group DEF="group_ME_Cube_115">
							<Shape>
								<Appearance>
									<Material USE="MA_Body" />
								</Appearance>
								<IndexedTriangleSet solid="false"
								                    normalPerVertex="true"
								                    index="0 1 2 0 2 3 4 5 6 4 6 7 8 9 10 8 10 11 12 13 14 12 14 15 4 16 17 4 17 15 18 5 14 18 14 19 "
								                    >
									<Coordinate point="-0.109238 0.087855 -0.671524 -0.109238 -0.087855 0.671524 -0.109238 1.866091 0.927157 -0.109238 2.041801 -0.415892 -0.109238 2.041801 -0.415892 -0.109238 1.866091 0.927157 0.109238 1.866091 0.927157 0.109238 2.041801 -0.415892 0.109238 2.041801 -0.415892 0.109238 1.866091 0.927157 0.109238 -0.087855 0.671524 0.109238 0.087855 -0.671524 0.109238 0.087855 -0.671524 0.109238 -0.087855 0.671524 -0.109238 -0.087855 0.671524 -0.109238 0.087855 -0.671524 0.109238 2.041801 -0.415892 0.109238 0.087855 -0.671524 0.109238 1.866091 0.927157 0.109238 -0.087855 0.671524 " />
									<Normal vector="-0.577349 -0.497574 -0.647359 -0.577349 -0.647359 0.497574 -0.577349 0.497574 0.647359 -0.577349 0.647359 -0.497574 -0.577349 0.647359 -0.497574 -0.577349 0.497574 0.647359 0.577349 0.497574 0.647359 0.577349 0.647359 -0.497574 0.577349 0.647359 -0.497574 0.577349 0.497574 0.647359 0.577349 -0.647359 0.497574 0.577349 -0.497574 -0.647359 0.577349 -0.497574 -0.647359 0.577349 -0.647359 0.497574 -0.577349 -0.647359 0.497574 -0.577349 -0.497574 -0.647359 0.577349 0.647359 -0.497574 0.577349 -0.497574 -0.647359 0.577349 0.497574 0.647359 0.577349 -0.647359 0.497574 " />
									<TextureCoordinate point="0.5241 0.6500 0.9696 0.6500 0.9696 0.9812 0.5241 0.9812 0.5241 0.6500 0.9696 0.6500 0.9696 0.9812 0.5241 0.9812 0.5241 0.6500 0.9696 0.6500 0.9696 0.9812 0.5241 0.9812 0.5241 0.6500 0.9696 0.6500 0.9696 0.9812 0.5241 0.9812 0.9696 0.6500 0.9696 0.9812 0.5241 0.6500 0.5241 0.9812 " />
								</IndexedTriangleSet>
							</Shape>
						</Group>
					</Transform>
					<Transform DEF="Cube_027_TRANSFORM"
					           translation="0.000000 1.673974 0.862938"
					           scale="1.000000 1.000000 1.000000"
					           rotation="0.000000 1.000000 0.000000 0.000000"
					           >
						<Transform DEF="Cube_027_ifs_TRANSFORM"
						           translation="0.000000 0.000000 0.000000"
						           scale="1.000000 1.000000 1.000000"
						           rotation="0.000000 1.000000 0.000000 0.000000"
						           >
							<Group DEF="group_ME_Cube_116">
								<Shape>
									<Appearance>
										<Material USE="MA_Body" />
									</Appearance>
									<IndexedTriangleSet solid="false"
									                    normalPerVertex="true"
									                    index="0 1 2 0 2 3 4 5 6 4 6 7 8 9 10 8 10 11 12 13 14 12 14 15 4 16 17 4 17 15 18 5 14 18 14 19 "
									                    >
										<Coordinate point="-0.086941 -0.227695 -0.978432 -0.086941 0.227695 0.978432 -0.086941 1.023093 0.793332 -0.086941 0.567704 -1.163533 -0.086941 0.567704 -1.163533 -0.086941 1.023093 0.793332 0.086941 1.023093 0.793332 0.086941 0.567704 -1.163533 0.086941 0.567704 -1.163533 0.086941 1.023093 0.793332 0.086941 0.227695 0.978432 0.086941 -0.227695 -0.978432 0.086941 -0.227695 -0.978432 0.086941 0.227695 0.978432 -0.086941 0.227695 0.978432 -0.086941 -0.227695 -0.978432 0.086941 0.567704 -1.163533 0.086941 -0.227695 -0.978432 0.086941 1.023093 0.793332 0.086941 0.227695 0.978432 " />
										<Normal vector="-0.577349 -0.693167 -0.431440 -0.577349 -0.431440 0.693167 -0.577349 0.693167 0.431440 -0.577349 0.431440 -0.693167 -0.577349 0.431440 -0.693167 -0.577349 0.693167 0.431440 0.577349 0.693167 0.431440 0.577349 0.431440 -0.693167 0.577349 0.431440 -0.693167 0.577349 0.693167 0.431440 0.577349 -0.431440 0.693167 0.577349 -0.693167 -0.431440 0.577349 -0.693167 -0.431440 0.577349 -0.431440 0.693167 -0.577349 -0.431440 0.693167 -0.577349 -0.693167 -0.431440 0.577349 0.431440 -0.693167 0.577349 -0.693167 -0.431440 0.577349 0.693167 0.431440 0.577349 -0.431440 0.693167 " />
										<TextureCoordinate point="0.5241 0.6500 0.9696 0.6500 0.9696 0.9812 0.5241 0.9812 0.5241 0.6500 0.9696 0.6500 0.9696 0.9812 0.5241 0.9812 0.5241 0.6500 0.9696 0.6500 0.9696 0.9812 0.5241 0.9812 0.5241 0.6500 0.9696 0.6500 0.9696 0.9812 0.5241 0.9812 0.9696 0.6500 0.9696 0.9812 0.5241 0.6500 0.5241 0.9812 " />
									</IndexedTriangleSet>
								</Shape>
							</Group>
						</Transform>
					</Transform>
				</Transform>
				<Transform DEF="Cube_028_TRANSFORM"
				           translation="0.000000 0.264706 -1.214461"
				           scale="1.000000 1.000000 1.000000"
				           rotation="0.000000 1.000000 0.000000 0.000000"
				           >
					<Transform DEF="Cube_028_ifs_TRANSFORM"
					           translation="0.000000 0.000000 0.000000"
					           scale="1.000000 1.000000 1.000000"
					           rotation="0.000000 1.000000 0.000000 0.000000"
					           >
						<Group DEF="group_ME_Cube_117">
							<Shape>
								<Appearance>
									<Material USE="MA_Body" />
								</Appearance>
								<IndexedTriangleSet solid="false"
								                    normalPerVertex="true"
								                    index="0 1 2 0 2 3 4 5 6 4 6 7 8 9 10 8 10 11 12 13 14 12 14 15 4 16 17 4 17 15 18 5 14 18 14 19 "
								                    >
									<Coordinate point="-0.107056 -0.473990 -0.122322 -0.107056 0.473990 0.122322 -0.107056 0.702011 -0.761245 -0.107056 -0.245970 -1.005889 -0.107056 -0.245970 -1.005889 -0.107056 0.702011 -0.761245 0.107056 0.702011 -0.761245 0.107056 -0.245970 -1.005889 0.107056 -0.245970 -1.005889 0.107056 0.702011 -0.761245 0.107056 0.473990 0.122322 0.107056 -0.473990 -0.122322 0.107056 -0.473990 -0.122322 0.107056 0.473990 0.122322 -0.107056 0.473990 0.122322 -0.107056 -0.473990 -0.122322 0.107056 -0.245970 -1.005889 0.107056 -0.473990 -0.122322 0.107056 0.702011 -0.761245 0.107056 0.473990 0.122322 " />
									<Normal vector="-0.577349 -0.703299 0.414747 -0.577349 0.414747 0.703299 -0.577349 0.703299 -0.414747 -0.577349 -0.414747 -0.703299 -0.577349 -0.414747 -0.703299 -0.577349 0.703299 -0.414747 0.577349 0.703299 -0.414747 0.577349 -0.414747 -0.703299 0.577349 -0.414747 -0.703299 0.577349 0.703299 -0.414747 0.577349 0.414747 0.703299 0.577349 -0.703299 0.414747 0.577349 -0.703299 0.414747 0.577349 0.414747 0.703299 -0.577349 0.414747 0.703299 -0.577349 -0.703299 0.414747 0.577349 -0.414747 -0.703299 0.577349 -0.703299 0.414747 0.577349 0.703299 -0.414747 0.577349 0.414747 0.703299 " />
									<TextureCoordinate point="0.5241 0.6500 0.9696 0.6500 0.9696 0.9812 0.5241 0.9812 0.5241 0.6500 0.9696 0.6500 0.9696 0.9812 0.5241 0.9812 0.5241 0.6500 0.9696 0.6500 0.9696 0.9812 0.5241 0.9812 0.5241 0.6500 0.9696 0.6500 0.9696 0.9812 0.5241 0.9812 0.9696 0.6500 0.9696 0.9812 0.5241 0.6500 0.5241 0.9812 " />
								</IndexedTriangleSet>
							</Shape>
						</Group>
					</Transform>
					<Transform DEF="Cube_029_TRANSFORM"
					           translation="0.000000 0.815203 0.165226"
					           scale="1.000000 1.000000 1.000000"
					           rotation="0.000000 1.000000 0.000000 0.000000"
					           >
						<Transform DEF="Cube_029_ifs_TRANSFORM"
						           translation="0.000000 0.000000 0.000000"
						           scale="1.000000 1.000000 1.000000"
						           rotation="0.000000 1.000000 0.000000 0.000000"
						           >
							<Group DEF="group_ME_Cube_118">
								<Shape>
									<Appearance>
										<Material USE="MA_Body" />
									</Appearance>
									<IndexedTriangleSet solid="false"
									                    normalPerVertex="true"
									                    index="0 1 2 0 2 3 4 5 6 4 6 7 8 9 10 8 10 11 12 13 14 12 14 15 4 16 17 4 17 15 18 5 14 18 14 19 "
									                    >
										<Coordinate point="-0.090744 -0.527110 -0.380127 -0.090744 0.527110 0.380127 -0.090744 0.909651 -0.150330 -0.090744 -0.144570 -0.910584 -0.090744 -0.144570 -0.910584 -0.090744 0.909651 -0.150330 0.090744 0.909651 -0.150330 0.090744 -0.144570 -0.910584 0.090744 -0.144570 -0.910584 0.090744 0.909651 -0.150330 0.090744 0.527110 0.380127 0.090744 -0.527110 -0.380127 0.090744 -0.527110 -0.380127 0.090744 0.527110 0.380127 -0.090744 0.527110 0.380127 -0.090744 -0.527110 -0.380127 0.090744 -0.144570 -0.910584 0.090744 -0.527110 -0.380127 0.090744 0.909651 -0.150330 0.090744 0.527110 0.380127 " />
										<Normal vector="-0.577349 -0.805963 0.130558 -0.577349 0.130558 0.805963 -0.577349 0.805963 -0.130558 -0.577349 -0.130558 -0.805963 -0.577349 -0.130558 -0.805963 -0.577349 0.805963 -0.130558 0.577349 0.805963 -0.130558 0.577349 -0.130558 -0.805963 0.577349 -0.130558 -0.805963 0.577349 0.805963 -0.130558 0.577349 0.130558 0.805963 0.577349 -0.805963 0.130558 0.577349 -0.805963 0.130558 0.577349 0.130558 0.805963 -0.577349 0.130558 0.805963 -0.577349 -0.805963 0.130558 0.577349 -0.130558 -0.805963 0.577349 -0.805963 0.130558 0.577349 0.805963 -0.130558 0.577349 0.130558 0.805963 " />
										<TextureCoordinate point="0.5241 0.6500 0.9696 0.6500 0.9696 0.9812 0.5241 0.9812 0.5241 0.6500 0.9696 0.6500 0.9696 0.9812 0.5241 0.9812 0.5241 0.6500 0.9696 0.6500 0.9696 0.9812 0.5241 0.9812 0.5241 0.6500 0.9696 0.6500 0.9696 0.9812 0.5241 0.9812 0.9696 0.6500 0.9696 0.9812 0.5241 0.6500 0.5241 0.9812 " />
									</IndexedTriangleSet>
								</Shape>
							</Group>
						</Transform>
					</Transform>
				</Transform>
			</Transform>
			<Transform DEF="Cube_030_TRANSFORM"
			           translation="0.000000 1.042125 0.237304"
			           scale="1.000000 1.000000 1.000000"
			           rotation="0.000000 1.000000 0.000000 0.000000"
			           >
				<Transform DEF="Cube_030_ifs_TRANSFORM"
				           translation="0.000000 0.000000 0.000000"
				           scale="1.000000 1.000000 1.000000"
				           rotation="0.000000 1.000000 0.000000 0.000000"
				           >
					<Group DEF="group_ME_Cube_119">
						<Shape>
							<Appearance>
								<Material USE="MA_Body" />
							</Appearance>
							<IndexedTriangleSet solid="false"
							                    normalPerVertex="true"
							                    index="0 1 2 0 2 3 4 5 6 4 6 7 8 9 10 8 10 11 12 13 14 12 14 15 4 16 17 4 17 15 18 5 14 18 14 19 "
							                    >
								<Coordinate point="-0.090436 -0.563177 -0.008035 -0.090436 0.563177 0.008035 -0.090436 0.573301 -0.701548 -0.090436 -0.553053 -0.717618 -0.090436 -0.553053 -0.717618 -0.090436 0.573301 -0.701548 0.090436 0.573301 -0.701548 0.090436 -0.553053 -0.717618 0.090436 -0.553053 -0.717618 0.090436 0.573301 -0.701548 0.090436 0.563177 0.008035 0.090436 -0.563177 -0.008035 0.090436 -0.563177 -0.008035 0.090436 0.563177 0.008035 -0.090436 0.563177 0.008035 -0.090436 -0.563177 -0.008035 0.090436 -0.553053 -0.717618 0.090436 -0.563177 -0.008035 0.090436 0.573301 -0.701548 0.090436 0.563177 0.008035 " />
								<Normal vector="-0.577349 -0.585528 0.569048 -0.577349 0.569048 0.585528 -0.577349 0.585528 -0.569048 -0.577349 -0.569048 -0.585528 -0.577349 -0.569048 -0.585528 -0.577349 0.585528 -0.569048 0.577349 0.585528 -0.569048 0.577349 -0.569048 -0.585528 0.577349 -0.569048 -0.585528 0.577349 0.585528 -0.569048 0.577349 0.569048 0.585528 0.577349 -0.585528 0.569048 0.577349 -0.585528 0.569048 0.577349 0.569048 0.585528 -0.577349 0.569048 0.585528 -0.577349 -0.585528 0.569048 0.577349 -0.569048 -0.585528 0.577349 -0.585528 0.569048 0.577349 0.585528 -0.569048 0.577349 0.569048 0.585528 " />
								<TextureCoordinate point="0.5241 0.6500 0.9696 0.6500 0.9696 0.9812 0.5241 0.9812 0.5241 0.6500 0.9696 0.6500 0.9696 0.9812 0.5241 0.9812 0.5241 0.6500 0.9696 0.6500 0.9696 0.9812 0.5241 0.9812 0.5241 0.6500 0.9696 0.6500 0.9696 0.9812 0.5241 0.9812 0.9696 0.6500 0.9696 0.9812 0.5241 0.6500 0.5241 0.9812 " />
							</IndexedTriangleSet>
						</Shape>
					</Group>
				</Transform>
				<Transform DEF="Cube_031_TRANSFORM"
				           translation="0.000000 -0.908281 0.000000"
				           scale="1.000000 1.000000 1.000000"
				           rotation="0.000000 1.000000 0.000000 0.000000"
				           >
					<Transform DEF="Cube_031_ifs_TRANSFORM"
					           translation="0.000000 0.000000 0.000000"
					           scale="1.000000 1.000000 1.000000"
					           rotation="0.000000 1.000000 0.000000 0.000000"
					           >
						<Group DEF="group_ME_Cube_120">
							<Shape>
								<Appearance>
									<Material USE="MA_Body" />
								</Appearance>
								<IndexedTriangleSet solid="false"
								                    normalPerVertex="true"
								                    index="0 1 2 0 2 3 4 5 6 4 6 7 8 9 10 8 10 11 12 13 14 12 14 15 4 16 17 4 17 15 18 5 14 18 14 19 "
								                    >
									<Coordinate point="-0.106252 -0.513148 0.148947 -0.106252 0.513148 -0.148947 -0.106252 0.355644 -0.691579 -0.106252 -0.670653 -0.393686 -0.106252 -0.670653 -0.393686 -0.106252 0.355644 -0.691579 0.106252 0.355644 -0.691579 0.106252 -0.670653 -0.393686 0.106252 -0.670653 -0.393686 0.106252 0.355644 -0.691579 0.106252 0.513148 -0.148947 0.106252 -0.513148 0.148947 0.106252 -0.513148 0.148947 0.106252 0.513148 -0.148947 -0.106252 0.513148 -0.148947 -0.106252 -0.513148 0.148947 0.106252 -0.670653 -0.393686 0.106252 -0.513148 0.148947 0.106252 0.355644 -0.691579 0.106252 0.513148 -0.148947 " />
									<Normal vector="-0.577349 -0.393506 0.715384 -0.577349 0.715384 0.393506 -0.577349 0.393506 -0.715384 -0.577349 -0.715384 -0.393506 -0.577349 -0.715384 -0.393506 -0.577349 0.393506 -0.715384 0.577349 0.393506 -0.715384 0.577349 -0.715384 -0.393506 0.577349 -0.715384 -0.393506 0.577349 0.393506 -0.715384 0.577349 0.715384 0.393506 0.577349 -0.393506 0.715384 0.577349 -0.393506 0.715384 0.577349 0.715384 0.393506 -0.577349 0.715384 0.393506 -0.577349 -0.393506 0.715384 0.577349 -0.715384 -0.393506 0.577349 -0.393506 0.715384 0.577349 0.393506 -0.715384 0.577349 0.715384 0.393506 " />
									<TextureCoordinate point="0.5241 0.6500 0.9696 0.6500 0.9696 0.9812 0.5241 0.9812 0.5241 0.6500 0.9696 0.6500 0.9696 0.9812 0.5241 0.9812 0.5241 0.6500 0.9696 0.6500 0.9696 0.9812 0.5241 0.9812 0.5241 0.6500 0.9696 0.6500 0.9696 0.9812 0.5241 0.9812 0.9696 0.6500 0.9696 0.9812 0.5241 0.6500 0.5241 0.9812 " />
								</IndexedTriangleSet>
							</Shape>
						</Group>
					</Transform>
					<Transform DEF="Cube_032_TRANSFORM"
					           translation="0.000000 -0.664959 0.200619"
					           scale="1.000000 1.000000 1.000000"
					           rotation="0.000000 1.000000 0.000000 0.000000"
					           >
						<Transform DEF="Cube_032_ifs_TRANSFORM"
						           translation="0.000000 0.000000 0.000000"
						           scale="1.000000 1.000000 1.000000"
						           rotation="0.000000 1.000000 0.000000 0.000000"
						           >
							<Group DEF="group_ME_Cube_121">
								<Shape>
									<Appearance>
										<Material USE="MA_Body" />
									</Appearance>
									<IndexedTriangleSet solid="false"
									                    normalPerVertex="true"
									                    index="0 1 2 0 2 3 4 5 6 4 6 7 8 9 10 8 10 11 12 13 14 12 14 15 4 16 17 4 17 15 18 5 14 18 14 19 "
									                    >
										<Coordinate point="-0.079638 -0.262851 0.153299 -0.079638 0.262851 -0.153299 -0.079638 0.023604 -0.563518 -0.079638 -0.502097 -0.256920 -0.079638 -0.502097 -0.256920 -0.079638 0.023604 -0.563518 0.079638 0.023604 -0.563518 0.079638 -0.502097 -0.256920 0.079638 -0.502097 -0.256920 0.079638 0.023604 -0.563518 0.079638 0.262851 -0.153299 0.079638 -0.262851 0.153299 0.079638 -0.262851 0.153299 0.079638 0.262851 -0.153299 -0.079638 0.262851 -0.153299 -0.079638 -0.262851 0.153299 0.079638 -0.502097 -0.256920 0.079638 -0.262851 0.153299 0.079638 0.023604 -0.563518 0.079638 0.262851 -0.153299 " />
										<Normal vector="-0.577349 -0.207862 0.789575 -0.577349 0.789575 0.207862 -0.577349 0.207862 -0.789575 -0.577349 -0.789575 -0.207862 -0.577349 -0.789575 -0.207862 -0.577349 0.207862 -0.789575 0.577349 0.207862 -0.789575 0.577349 -0.789575 -0.207862 0.577349 -0.789575 -0.207862 0.577349 0.207862 -0.789575 0.577349 0.789575 0.207862 0.577349 -0.207862 0.789575 0.577349 -0.207862 0.789575 0.577349 0.789575 0.207862 -0.577349 0.789575 0.207862 -0.577349 -0.207862 0.789575 0.577349 -0.789575 -0.207862 0.577349 -0.207862 0.789575 0.577349 0.207862 -0.789575 0.577349 0.789575 0.207862 " />
										<TextureCoordinate point="0.5241 0.6500 0.9696 0.6500 0.9696 0.9812 0.5241 0.9812 0.5241 0.6500 0.9696 0.6500 0.9696 0.9812 0.5241 0.9812 0.5241 0.6500 0.9696 0.6500 0.9696 0.9812 0.5241 0.9812 0.5241 0.6500 0.9696 0.6500 0.9696 0.9812 0.5241 0.9812 0.9696 0.6500 0.9696 0.9812 0.5241 0.6500 0.5241 0.9812 " />
									</IndexedTriangleSet>
								</Shape>
							</Group>
						</Transform>
						<Transform DEF="Cube_033_TRANSFORM"
						           translation="0.000000 -0.358534 0.209103"
						           scale="1.000000 1.000000 1.000000"
						           rotation="0.000000 1.000000 0.000000 0.000000"
						           >
							<Transform DEF="Cube_033_ifs_TRANSFORM"
							           translation="0.000000 0.000000 0.000000"
							           scale="1.000000 1.000000 1.000000"
							           rotation="0.000000 1.000000 0.000000 0.000000"
							           >
								<Group DEF="group_ME_Cube_122">
									<Shape>
										<Appearance>
											<Material USE="MA_Body" />
										</Appearance>
										<IndexedTriangleSet solid="false"
										                    normalPerVertex="true"
										                    index="0 1 2 0 2 3 4 5 6 4 6 7 8 9 10 8 10 11 12 13 14 12 14 15 4 16 17 4 17 15 18 5 14 18 14 19 "
										                    >
											<Coordinate point="-0.058362 -0.190447 0.237321 -0.058362 0.190447 -0.237321 -0.058362 -0.068453 -0.445084 -0.058362 -0.449346 0.029557 -0.058362 -0.449346 0.029557 -0.058362 -0.068453 -0.445084 0.058362 -0.068453 -0.445084 0.058362 -0.449346 0.029557 0.058362 -0.449346 0.029557 0.058362 -0.068453 -0.445084 0.058362 0.190447 -0.237321 0.058362 -0.190447 0.237321 0.058362 -0.190447 0.237321 0.058362 0.190447 -0.237321 -0.058362 0.190447 -0.237321 -0.058362 -0.190447 0.237321 0.058362 -0.449346 0.029557 0.058362 -0.190447 0.237321 0.058362 -0.068453 -0.445084 0.058362 0.190447 -0.237321 " />
											<Normal vector="-0.577349 0.088931 0.811609 -0.577349 0.811609 -0.088931 -0.577349 -0.088931 -0.811609 -0.577349 -0.811609 0.088931 -0.577349 -0.811609 0.088931 -0.577349 -0.088931 -0.811609 0.577349 -0.088931 -0.811609 0.577349 -0.811609 0.088931 0.577349 -0.811609 0.088931 0.577349 -0.088931 -0.811609 0.577349 0.811609 -0.088931 0.577349 0.088931 0.811609 0.577349 0.088931 0.811609 0.577349 0.811609 -0.088931 -0.577349 0.811609 -0.088931 -0.577349 0.088931 0.811609 0.577349 -0.811609 0.088931 0.577349 0.088931 0.811609 0.577349 -0.088931 -0.811609 0.577349 0.811609 -0.088931 " />
											<TextureCoordinate point="0.5241 0.6500 0.9696 0.6500 0.9696 0.9812 0.5241 0.9812 0.5241 0.6500 0.9696 0.6500 0.9696 0.9812 0.5241 0.9812 0.5241 0.6500 0.9696 0.6500 0.9696 0.9812 0.5241 0.9812 0.5241 0.6500 0.9696 0.6500 0.9696 0.9812 0.5241 0.9812 0.9696 0.6500 0.9696 0.9812 0.5241 0.6500 0.5241 0.9812 " />
										</IndexedTriangleSet>
									</Shape>
								</Group>
							</Transform>
						</Transform>
					</Transform>
				</Transform>
			</Transform>
			<Transform DEF="leg1_TRANSFORM"
			           translation="1.252480 0.859122 1.134238"
			           scale="1.000000 1.000000 1.000000"
			           rotation="0.000000 1.000000 0.000000 0.000000"
			           >
				<Transform DEF="leg1_ifs_TRANSFORM"
				           translation="0.000000 0.000000 0.000000"
				           scale="1.000000 1.000000 1.000000"
				           rotation="0.000000 1.000000 0.000000 0.000000"
				           >
					<Group DEF="group_ME_leg1">
						<Shape>
							<Appearance>
								<Material USE="MA_Body" />
							</Appearance>
							<IndexedTriangleSet solid="false"
							                    normalPerVertex="true"
							                    index="0 1 2 0 2 3 4 5 6 4 6 7 8 9 10 8 10 11 12 13 14 12 14 15 4 16 17 4 17 15 18 5 14 18 14 19 "
							                    >
								<Coordinate point="0.062601 -0.848605 -1.221911 -0.457316 -0.768228 -0.166829 -0.602502 0.589333 -0.341793 -0.082585 0.508956 -1.396875 -0.082585 0.508956 -1.396875 -0.602502 0.589333 -0.341793 0.457316 0.768228 0.166829 0.977233 0.687851 -0.888252 0.977233 0.687851 -0.888252 0.457316 0.768228 0.166829 0.602502 -0.589333 0.341793 1.122419 -0.669709 -0.713289 1.122419 -0.669709 -0.713289 0.602502 -0.589333 0.341793 -0.457316 -0.768228 -0.166829 0.062601 -0.848605 -1.221911 0.977233 0.687851 -0.888252 1.122419 -0.669709 -0.713289 0.457316 0.768228 0.166829 0.602502 -0.589333 0.341793 " />
								<Normal vector="-0.199072 -0.695639 -0.690237 -0.708274 -0.616901 0.343089 -0.830073 0.521897 0.196326 -0.320872 0.443190 -0.837001 -0.320872 0.443190 -0.837001 -0.830073 0.521897 0.196326 0.199072 0.695639 0.690237 0.708274 0.616901 -0.343089 0.708274 0.616901 -0.343089 0.199072 0.695639 0.690237 0.320872 -0.443190 0.837001 0.830073 -0.521897 -0.196326 0.830073 -0.521897 -0.196326 0.320872 -0.443190 0.837001 -0.708274 -0.616901 0.343089 -0.199072 -0.695639 -0.690237 0.708274 0.616901 -0.343089 0.830073 -0.521897 -0.196326 0.199072 0.695639 0.690237 0.320872 -0.443190 0.837001 " />
								<TextureCoordinate point="0.0179 0.6425 0.4836 0.6425 0.4836 0.9887 0.0179 0.9887 0.0179 0.6425 0.4836 0.6425 0.4836 0.9887 0.0179 0.9887 0.0179 0.6425 0.4836 0.6425 0.4836 0.9887 0.0179 0.9887 0.0179 0.6425 0.4836 0.6425 0.4836 0.9887 0.0179 0.9887 0.4836 0.6425 0.4836 0.9887 0.0179 0.6425 0.0179 0.9887 " />
							</IndexedTriangleSet>
						</Shape>
					</Group>
				</Transform>
				<Transform DEF="leg1_1_TRANSFORM"
				           translation="0.474628 0.003686 -0.861315"
				           scale="1.000000 1.000000 1.000000"
				           rotation="0.000000 1.000000 0.000000 0.000000"
				           >
					<Transform DEF="leg1_1_ifs_TRANSFORM"
					           translation="0.000000 0.000000 0.000000"
					           scale="1.000000 1.000000 1.000000"
					           rotation="0.000000 1.000000 0.000000 0.000000"
					           >
						<Group DEF="group_ME_leg1_1">
							<Shape>
								<Appearance>
									<Material USE="MA_Body" />
								</Appearance>
								<IndexedTriangleSet solid="false"
								                    normalPerVertex="true"
								                    index="0 1 2 0 2 3 4 5 6 4 6 7 8 9 10 8 10 11 12 13 14 12 14 15 4 16 17 4 17 15 18 5 14 18 14 19 "
								                    >
									<Coordinate point="-0.353400 -0.646636 -0.582750 -0.456988 -0.586626 -0.021627 -0.503422 0.526985 -0.149295 -0.399833 0.466976 -0.710419 -0.399833 0.466976 -0.710419 -0.503422 0.526985 -0.149295 0.456988 0.586626 0.021627 0.560577 0.526617 -0.539496 0.560577 0.526617 -0.539496 0.456988 0.586626 0.021627 0.503422 -0.526985 0.149295 0.607011 -0.586995 -0.411828 0.607011 -0.586995 -0.411828 0.503422 -0.526985 0.149295 -0.456988 -0.586626 -0.021627 -0.353400 -0.646636 -0.582750 0.560577 0.526617 -0.539496 0.607011 -0.586995 -0.411828 0.456988 0.586626 0.021627 0.503422 -0.526985 0.149295 " />
									<Normal vector="-0.439222 -0.668691 -0.599902 -0.647694 -0.547929 0.529344 -0.695486 0.598254 0.397961 -0.487014 0.477462 -0.731315 -0.487014 0.477462 -0.731315 -0.695486 0.598254 0.397961 0.439222 0.668691 0.599902 0.647694 0.547929 -0.529344 0.647694 0.547929 -0.529344 0.439222 0.668691 0.599902 0.487014 -0.477462 0.731315 0.695486 -0.598254 -0.397961 0.695486 -0.598254 -0.397961 0.487014 -0.477462 0.731315 -0.647694 -0.547929 0.529344 -0.439222 -0.668691 -0.599902 0.647694 0.547929 -0.529344 0.695486 -0.598254 -0.397961 0.439222 0.668691 0.599902 0.487014 -0.477462 0.731315 " />
									<TextureCoordinate point="0.0179 0.6425 0.4836 0.6425 0.4836 0.9887 0.0179 0.9887 0.0179 0.6425 0.4836 0.6425 0.4836 0.9887 0.0179 0.9887 0.0179 0.6425 0.4836 0.6425 0.4836 0.9887 0.0179 0.9887 0.0179 0.6425 0.4836 0.6425 0.4836 0.9887 0.0179 0.9887 0.4836 0.6425 0.4836 0.9887 0.0179 0.6425 0.0179 0.9887 " />
								</IndexedTriangleSet>
							</Shape>
						</Group>
					</Transform>
					<Transform DEF="Cube_040_TRANSFORM"
					           translation="0.026701 -0.026017 -0.420690"
					           scale="1.000000 1.000000 1.000000"
					           rotation="0.000000 1.000000 0.000000 0.000000"
					           >
						<Transform DEF="Cube_040_ifs_TRANSFORM"
						           translation="0.000000 0.000000 0.000000"
						           scale="1.000000 1.000000 1.000000"
						           rotation="0.000000 1.000000 0.000000 0.000000"
						           >
							<Group DEF="group_ME_Cube_025">
								<Shape>
									<Appearance>
										<Material USE="MA_Body" />
									</Appearance>
									<IndexedTriangleSet solid="false"
									                    normalPerVertex="true"
									                    index="0 1 2 0 2 3 4 5 6 4 6 7 8 9 10 8 10 11 12 13 14 12 14 15 4 16 17 4 17 15 18 5 14 18 14 19 "
									                    >
										<Coordinate point="-0.336974 -0.475823 -0.559171 -0.338967 -0.505746 -0.029868 -0.522463 0.313614 0.015763 -0.520470 0.343538 -0.513540 -0.520470 0.343538 -0.513540 -0.522463 0.313614 0.015763 0.338967 0.505746 0.029868 0.340960 0.535670 -0.499435 0.340960 0.535670 -0.499435 0.338967 0.505746 0.029868 0.522463 -0.313614 -0.015763 0.524456 -0.283691 -0.545066 0.524456 -0.283691 -0.545066 0.522463 -0.313614 -0.015763 -0.338967 -0.505746 -0.029868 -0.336974 -0.475823 -0.559171 0.340960 0.535670 -0.499435 0.524456 -0.283691 -0.545066 0.338967 0.505746 0.029868 0.522463 -0.313614 -0.015763 " />
										<Normal vector="-0.435255 -0.655629 -0.616962 -0.439589 -0.720817 0.535844 -0.691580 0.404309 0.598529 -0.687246 0.469466 -0.554308 -0.687246 0.469466 -0.554308 -0.691580 0.404309 0.598529 0.435255 0.655629 0.616962 0.439589 0.720817 -0.535844 0.439589 0.720817 -0.535844 0.435255 0.655629 0.616962 0.687246 -0.469466 0.554308 0.691580 -0.404309 -0.598529 0.691580 -0.404309 -0.598529 0.687246 -0.469466 0.554308 -0.439589 -0.720817 0.535844 -0.435255 -0.655629 -0.616962 0.439589 0.720817 -0.535844 0.691580 -0.404309 -0.598529 0.435255 0.655629 0.616962 0.687246 -0.469466 0.554308 " />
										<TextureCoordinate point="0.0179 0.6425 0.4836 0.6425 0.4836 0.9887 0.0179 0.9887 0.0179 0.6425 0.4836 0.6425 0.4836 0.9887 0.0179 0.9887 0.0179 0.6425 0.4836 0.6425 0.4836 0.9887 0.0179 0.9887 0.0179 0.6425 0.4836 0.6425 0.4836 0.9887 0.0179 0.9887 0.4836 0.6425 0.4836 0.9887 0.0179 0.6425 0.0179 0.9887 " />
									</IndexedTriangleSet>
								</Shape>
							</Group>
						</Transform>
					</Transform>
					<Transform DEF="foot1_TRANSFORM"
					           translation="0.006053 0.241782 -0.825223"
					           scale="1.000000 1.000000 1.000000"
					           rotation="0.000000 1.000000 0.000000 0.000000"
					           >
						<Transform DEF="foot1_ifs_TRANSFORM"
						           translation="0.000000 0.000000 0.000000"
						           scale="1.000000 1.000000 1.000000"
						           rotation="0.000000 1.000000 0.000000 0.000000"
						           >
							<Group DEF="group_ME_foot1">
								<Shape>
									<Appearance>
										<Material USE="MA_Body" />
									</Appearance>
									<IndexedTriangleSet solid="false"
									                    normalPerVertex="true"
									                    index="0 1 2 0 2 3 4 5 6 4 6 7 8 9 10 8 10 11 12 13 14 12 14 15 4 16 17 4 17 15 18 5 14 18 14 19 "
									                    >
										<Coordinate point="-0.352574 -0.749567 -0.243442 -0.352183 -0.750902 -0.003606 -0.534041 0.091779 0.001380 -0.534431 0.093113 -0.238456 -0.534431 0.093113 -0.238456 -0.534041 0.091779 0.001380 0.448660 0.303856 0.000961 0.448269 0.305191 -0.238876 0.448269 0.305191 -0.238876 0.448660 0.303856 0.000961 0.630517 -0.538825 -0.004026 0.630127 -0.537490 -0.243862 0.630127 -0.537490 -0.243862 0.630517 -0.538825 -0.004026 -0.352183 -0.750902 -0.003606 -0.352574 -0.749567 -0.243442 0.448269 0.305191 -0.238876 0.630127 -0.537490 -0.243862 0.448660 0.303856 0.000961 0.630517 -0.538825 -0.004026 " />
										<Normal vector="-0.443495 -0.682913 -0.580432 -0.441603 -0.689352 0.574236 -0.685202 0.439314 0.580920 -0.687063 0.445753 -0.573748 -0.687063 0.445753 -0.573748 -0.685202 0.439314 0.580920 0.443495 0.682913 0.580432 0.441603 0.689352 -0.574236 0.441603 0.689352 -0.574236 0.443495 0.682913 0.580432 0.687063 -0.445753 0.573748 0.685202 -0.439314 -0.580920 0.685202 -0.439314 -0.580920 0.687063 -0.445753 0.573748 -0.441603 -0.689352 0.574236 -0.443495 -0.682913 -0.580432 0.441603 0.689352 -0.574236 0.685202 -0.439314 -0.580920 0.443495 0.682913 0.580432 0.687063 -0.445753 0.573748 " />
										<TextureCoordinate point="0.0179 0.6425 0.4836 0.6425 0.4836 0.9887 0.0179 0.9887 0.0179 0.6425 0.4836 0.6425 0.4836 0.9887 0.0179 0.9887 0.0179 0.6425 0.4836 0.6425 0.4836 0.9887 0.0179 0.9887 0.0179 0.6425 0.4836 0.6425 0.4836 0.9887 0.0179 0.9887 0.4836 0.6425 0.4836 0.9887 0.0179 0.6425 0.0179 0.9887 " />
									</IndexedTriangleSet>
								</Shape>
							</Group>
						</Transform>
						<Transform DEF="Cube_067_TRANSFORM"
						           translation="0.127930 -0.593152 -0.183685"
						           scale="1.000000 1.000000 1.000000"
						           rotation="0.000000 1.000000 0.000000 0.000000"
						           >
							<Transform DEF="Cube_067_ifs_TRANSFORM"
							           translation="0.000000 0.000000 0.000000"
							           scale="1.000000 1.000000 1.000000"
							           rotation="0.000000 1.000000 0.000000 0.000000"
							           >
								<Group DEF="group_ME_Cube_027">
									<Shape>
										<Appearance>
											<Material USE="MA_Body" />
										</Appearance>
										<IndexedTriangleSet solid="false"
										                    normalPerVertex="true"
										                    index="0 1 2 0 2 3 4 5 6 4 6 7 8 9 10 8 10 11 12 13 14 12 14 15 4 16 17 4 17 15 18 5 14 18 14 19 "
										                    >
											<Coordinate point="-0.107043 -0.362940 0.149699 -0.175401 -0.046157 0.165591 -0.177727 -0.035808 -0.050698 -0.109369 -0.352591 -0.066590 -0.109369 -0.352591 -0.066590 -0.177727 -0.035808 -0.050698 0.176635 0.040667 -0.050849 0.244994 -0.276116 -0.066741 0.244994 -0.276116 -0.066741 0.176635 0.040667 -0.050849 0.178961 0.030318 0.165440 0.247319 -0.286465 0.149548 0.247319 -0.286465 0.149548 0.178961 0.030318 0.165440 -0.175401 -0.046157 0.165591 -0.107043 -0.362940 0.149699 0.244994 -0.276116 -0.066741 0.247319 -0.286465 0.149548 0.176635 0.040667 -0.050849 0.178961 0.030318 0.165440 " />
											<Normal vector="-0.436506 -0.713065 0.548601 -0.679769 0.414289 0.605152 -0.692190 0.469466 -0.548112 -0.448897 -0.657857 -0.604694 -0.448897 -0.657857 -0.604694 -0.692190 0.469466 -0.548112 0.436506 0.713065 -0.548601 0.679769 -0.414289 -0.605152 0.679769 -0.414289 -0.605152 0.436506 0.713065 -0.548601 0.448897 0.657857 0.604694 0.692190 -0.469466 0.548112 0.692190 -0.469466 0.548112 0.448897 0.657857 0.604694 -0.679769 0.414289 0.605152 -0.436506 -0.713065 0.548601 0.679769 -0.414289 -0.605152 0.692190 -0.469466 0.548112 0.436506 0.713065 -0.548601 0.448897 0.657857 0.604694 " />
											<TextureCoordinate point="0.0179 0.6425 0.4836 0.6425 0.4836 0.9887 0.0179 0.9887 0.0179 0.6425 0.4836 0.6425 0.4836 0.9887 0.0179 0.9887 0.0179 0.6425 0.4836 0.6425 0.4836 0.9887 0.0179 0.9887 0.0179 0.6425 0.4836 0.6425 0.4836 0.9887 0.0179 0.9887 0.4836 0.6425 0.4836 0.9887 0.0179 0.6425 0.0179 0.9887 " />
										</IndexedTriangleSet>
									</Shape>
								</Group>
							</Transform>
						</Transform>
						<Transform DEF="Cube_068_TRANSFORM"
						           translation="0.459244 -0.521650 -0.183826"
						           scale="1.000000 1.000000 1.000000"
						           rotation="0.000000 1.000000 0.000000 0.000000"
						           >
							<Transform DEF="Cube_068_ifs_TRANSFORM"
							           translation="0.000000 0.000000 0.000000"
							           scale="1.000000 1.000000 1.000000"
							           rotation="0.000000 1.000000 0.000000 0.000000"
							           >
								<Group DEF="group_ME_Cube_028">
									<Shape>
										<Appearance>
											<Material USE="MA_Body" />
										</Appearance>
										<IndexedTriangleSet solid="false"
										                    normalPerVertex="true"
										                    index="0 1 2 0 2 3 4 5 6 4 6 7 8 9 10 8 10 11 12 13 14 12 14 15 4 16 17 4 17 15 18 5 14 18 14 19 "
										                    >
											<Coordinate point="0.023060 -0.332749 0.150086 -0.123771 -0.068247 0.149268 -0.116827 -0.065016 -0.052493 0.030004 -0.329518 -0.051676 0.030004 -0.329518 -0.051676 -0.116827 -0.065016 -0.052493 0.120087 0.066533 -0.042233 0.266919 -0.197970 -0.041415 0.266919 -0.197970 -0.041415 0.120087 0.066533 -0.042233 0.113143 0.063301 0.159529 0.259974 -0.201201 0.160346 0.259974 -0.201201 0.160346 0.113143 0.063301 0.159529 -0.123771 -0.068247 0.149268 0.023060 -0.332749 0.150086 0.266919 -0.197970 -0.041415 0.259974 -0.201201 0.160346 0.120087 0.066533 -0.042233 0.113143 0.063301 0.159529 " />
											<Normal vector="-0.244026 -0.794092 0.556627 -0.804468 0.215461 0.553514 -0.764733 0.233955 -0.600330 -0.204321 -0.775597 -0.597217 -0.204321 -0.775597 -0.597217 -0.764733 0.233955 -0.600330 0.244026 0.794092 -0.556627 0.804468 -0.215461 -0.553514 0.804468 -0.215461 -0.553514 0.244026 0.794092 -0.556627 0.204321 0.775597 0.597217 0.764733 -0.233955 0.600330 0.764733 -0.233955 0.600330 0.204321 0.775597 0.597217 -0.804468 0.215461 0.553514 -0.244026 -0.794092 0.556627 0.804468 -0.215461 -0.553514 0.764733 -0.233955 0.600330 0.244026 0.794092 -0.556627 0.204321 0.775597 0.597217 " />
											<TextureCoordinate point="0.0179 0.6425 0.4836 0.6425 0.4836 0.9887 0.0179 0.9887 0.0179 0.6425 0.4836 0.6425 0.4836 0.9887 0.0179 0.9887 0.0179 0.6425 0.4836 0.6425 0.4836 0.9887 0.0179 0.9887 0.0179 0.6425 0.4836 0.6425 0.4836 0.9887 0.0179 0.9887 0.4836 0.6425 0.4836 0.9887 0.0179 0.6425 0.0179 0.9887 " />
										</IndexedTriangleSet>
									</Shape>
								</Group>
							</Transform>
						</Transform>
						<Transform DEF="Cube_069_TRANSFORM"
						           translation="0.127735 -0.592282 -0.201859"
						           scale="1.000000 1.000000 1.000000"
						           rotation="0.000000 1.000000 0.000000 0.000000"
						           >
							<Transform DEF="Cube_069_ifs_TRANSFORM"
							           translation="0.000000 0.000000 0.000000"
							           scale="1.000000 1.000000 1.000000"
							           rotation="0.000000 1.000000 0.000000 0.000000"
							           >
								<Group DEF="group_ME_Cube_029">
									<Shape>
										<Appearance>
											<Material USE="MA_Body" />
										</Appearance>
										<IndexedTriangleSet solid="false"
										                    normalPerVertex="true"
										                    index="0 1 2 0 2 3 4 5 6 4 6 7 8 9 10 8 10 11 12 13 14 12 14 15 4 16 17 4 17 15 18 5 14 18 14 19 "
										                    >
											<Coordinate point="-0.270340 -0.354702 0.094181 -0.331484 -0.071379 0.093701 -0.331491 -0.071588 -0.028558 -0.270347 -0.354911 -0.028078 -0.270347 -0.354911 -0.028078 -0.331491 -0.071588 -0.028558 0.331488 0.071490 -0.028842 0.392632 -0.211832 -0.028362 0.392632 -0.211832 -0.028362 0.331488 0.071490 -0.028842 0.331495 0.071699 0.093417 0.392639 -0.211624 0.093897 0.392639 -0.211624 0.093897 0.331495 0.071699 0.093417 -0.331484 -0.071379 0.093701 -0.270340 -0.354702 0.094181 0.392632 -0.211832 -0.028362 0.392639 -0.211624 0.093897 0.331488 0.071490 -0.028842 0.331495 0.071699 0.093417 " />
											<Normal vector="-0.442518 -0.685141 0.578539 -0.686117 0.443525 0.576617 -0.686178 0.441572 -0.578051 -0.442579 -0.687124 -0.576128 -0.442579 -0.687124 -0.576128 -0.686178 0.441572 -0.578051 0.442518 0.685141 -0.578539 0.686117 -0.443525 -0.576617 0.686117 -0.443525 -0.576617 0.442518 0.685141 -0.578539 0.442579 0.687124 0.576128 0.686178 -0.441572 0.578051 0.686178 -0.441572 0.578051 0.442579 0.687124 0.576128 -0.686117 0.443525 0.576617 -0.442518 -0.685141 0.578539 0.686117 -0.443525 -0.576617 0.686178 -0.441572 0.578051 0.442518 0.685141 -0.578539 0.442579 0.687124 0.576128 " />
											<TextureCoordinate point="0.5477 0.6675 0.9460 0.6675 0.9460 0.9637 0.5477 0.9637 0.5477 0.6675 0.9460 0.6675 0.9460 0.9637 0.5477 0.9637 0.5477 0.6675 0.9460 0.6675 0.9460 0.9637 0.5477 0.9637 0.5477 0.6675 0.9460 0.6675 0.9460 0.9637 0.5477 0.9637 0.9460 0.6675 0.9460 0.9637 0.5477 0.6675 0.5477 0.9637 " />
										</IndexedTriangleSet>
									</Shape>
								</Group>
							</Transform>
						</Transform>
						<Transform DEF="Cube_070_TRANSFORM"
						           translation="-0.180056 -0.649740 -0.189024"
						           scale="1.000000 1.000000 1.000000"
						           rotation="0.000000 1.000000 0.000000 0.000000"
						           >
							<Transform DEF="Cube_070_ifs_TRANSFORM"
							           translation="0.000000 0.000000 0.000000"
							           scale="1.000000 1.000000 1.000000"
							           rotation="0.000000 1.000000 0.000000 0.000000"
							           >
								<Group DEF="group_ME_Cube_030">
									<Shape>
										<Appearance>
											<Material USE="MA_Body" />
										</Appearance>
										<IndexedTriangleSet solid="false"
										                    normalPerVertex="true"
										                    index="0 1 2 0 2 3 4 5 6 4 6 7 8 9 10 8 10 11 12 13 14 12 14 15 4 16 17 4 17 15 18 5 14 18 14 19 "
										                    >
											<Coordinate point="-0.141057 -0.301816 0.150962 -0.133808 0.000579 0.156054 -0.136075 0.004033 -0.045810 -0.143323 -0.298363 -0.050903 -0.143323 -0.298363 -0.050903 -0.136075 0.004033 -0.045810 0.135011 -0.002412 -0.048964 0.127763 -0.304807 -0.054056 0.127763 -0.304807 -0.054056 0.135011 -0.002412 -0.048964 0.137277 -0.005865 0.152900 0.130029 -0.308261 0.147808 0.130029 -0.308261 0.147808 0.137277 -0.005865 0.152900 -0.133808 0.000579 0.156054 -0.141057 -0.301816 0.150962 0.127763 -0.304807 -0.054056 0.130029 -0.308261 0.147808 0.135011 -0.002412 -0.048964 0.137277 -0.005865 0.152900 " />
											<Normal vector="-0.584490 -0.573229 0.574206 -0.556810 0.580920 0.593646 -0.569781 0.600696 -0.560778 -0.597461 -0.553484 -0.580218 -0.597461 -0.553484 -0.580218 -0.569781 0.600696 -0.560778 0.584490 0.573229 -0.574206 0.556810 -0.580920 -0.593646 0.556810 -0.580920 -0.593646 0.584490 0.573229 -0.574206 0.597461 0.553484 0.580218 0.569781 -0.600696 0.560778 0.569781 -0.600696 0.560778 0.597461 0.553484 0.580218 -0.556810 0.580920 0.593646 -0.584490 -0.573229 0.574206 0.556810 -0.580920 -0.593646 0.569781 -0.600696 0.560778 0.584490 0.573229 -0.574206 0.597461 0.553484 0.580218 " />
											<TextureCoordinate point="0.0179 0.6425 0.4836 0.6425 0.4836 0.9887 0.0179 0.9887 0.0179 0.6425 0.4836 0.6425 0.4836 0.9887 0.0179 0.9887 0.0179 0.6425 0.4836 0.6425 0.4836 0.9887 0.0179 0.9887 0.0179 0.6425 0.4836 0.6425 0.4836 0.9887 0.0179 0.9887 0.4836 0.6425 0.4836 0.9887 0.0179 0.6425 0.0179 0.9887 " />
										</IndexedTriangleSet>
									</Shape>
								</Group>
							</Transform>
						</Transform>
					</Transform>
				</Transform>
			</Transform>
			<Transform DEF="leg2_TRANSFORM"
			           translation="-1.252480 0.859122 1.134238"
			           scale="1.000000 1.000000 1.000000"
			           rotation="0.000000 1.000000 0.000000 0.000000"
			           >
				<Transform DEF="leg2_ifs_TRANSFORM"
				           translation="0.000000 0.000000 0.000000"
				           scale="1.000000 1.000000 1.000000"
				           rotation="0.000000 1.000000 0.000000 0.000000"
				           >
					<Group DEF="group_ME_leg2">
						<Shape>
							<Appearance>
								<Material USE="MA_Body" />
							</Appearance>
							<IndexedTriangleSet solid="false"
							                    normalPerVertex="true"
							                    index="0 1 2 0 2 3 4 5 6 4 6 7 8 9 10 8 10 11 12 13 14 12 14 15 4 13 16 4 16 17 18 19 14 18 14 7 "
							                    >
								<Coordinate point="-0.062601 -0.848605 -1.221911 0.082585 0.508956 -1.396875 0.602502 0.589333 -0.341793 0.457316 -0.768228 -0.166829 0.082585 0.508956 -1.396875 -0.977233 0.687851 -0.888252 -0.457316 0.768228 0.166829 0.602502 0.589333 -0.341793 -0.977233 0.687851 -0.888252 -1.122419 -0.669709 -0.713289 -0.602502 -0.589333 0.341793 -0.457316 0.768228 0.166829 -1.122419 -0.669709 -0.713289 -0.062601 -0.848605 -1.221911 0.457316 -0.768228 -0.166829 -0.602502 -0.589333 0.341793 -1.122419 -0.669709 -0.713289 -0.977233 0.687851 -0.888252 -0.457316 0.768228 0.166829 -0.602502 -0.589333 0.341793 " />
								<Normal vector="0.199072 -0.695639 -0.690237 0.320872 0.443190 -0.837001 0.830073 0.521897 0.196326 0.708274 -0.616901 0.343089 0.320872 0.443190 -0.837001 -0.708274 0.616901 -0.343089 -0.199072 0.695639 0.690237 0.830073 0.521897 0.196326 -0.708274 0.616901 -0.343089 -0.830073 -0.521897 -0.196326 -0.320872 -0.443190 0.837001 -0.199072 0.695639 0.690237 -0.830073 -0.521897 -0.196326 0.199072 -0.695639 -0.690237 0.708274 -0.616901 0.343089 -0.320872 -0.443190 0.837001 -0.830073 -0.521897 -0.196326 -0.708274 0.616901 -0.343089 -0.199072 0.695639 0.690237 -0.320872 -0.443190 0.837001 " />
								<TextureCoordinate point="0.0179 0.6425 0.0179 0.9887 0.4836 0.9887 0.4836 0.6425 0.0179 0.6425 0.0179 0.9887 0.4836 0.9887 0.4836 0.6425 0.0179 0.6425 0.0179 0.9887 0.4836 0.9887 0.4836 0.6425 0.0179 0.6425 0.0179 0.9887 0.4836 0.9887 0.4836 0.6425 0.4836 0.9887 0.4836 0.6425 0.0179 0.6425 0.0179 0.9887 " />
							</IndexedTriangleSet>
						</Shape>
					</Group>
				</Transform>
				<Transform DEF="leg2_1_TRANSFORM"
				           translation="-0.474627 0.003687 -0.861315"
				           scale="1.000000 1.000000 1.000000"
				           rotation="0.000000 1.000000 0.000000 0.000000"
				           >
					<Transform DEF="leg2_1_ifs_TRANSFORM"
					           translation="0.000000 0.000000 0.000000"
					           scale="1.000000 1.000000 1.000000"
					           rotation="0.000000 1.000000 0.000000 0.000000"
					           >
						<Group DEF="group_ME_leg2_1">
							<Shape>
								<Appearance>
									<Material USE="MA_Body" />
								</Appearance>
								<IndexedTriangleSet solid="false"
								                    normalPerVertex="true"
								                    index="0 1 2 0 2 3 4 5 6 4 6 7 8 9 10 8 10 11 12 13 14 12 14 15 4 13 16 4 16 17 18 19 14 18 14 7 "
								                    >
									<Coordinate point="0.353400 -0.646636 -0.582750 0.399833 0.466976 -0.710419 0.503422 0.526985 -0.149296 0.456988 -0.586626 -0.021627 0.399833 0.466976 -0.710419 -0.560577 0.526616 -0.539496 -0.456988 0.586626 0.021627 0.503422 0.526985 -0.149296 -0.560577 0.526616 -0.539496 -0.607011 -0.586995 -0.411828 -0.503422 -0.526985 0.149295 -0.456988 0.586626 0.021627 -0.607011 -0.586995 -0.411828 0.353400 -0.646636 -0.582750 0.456988 -0.586626 -0.021627 -0.503422 -0.526985 0.149295 -0.607011 -0.586995 -0.411828 -0.560577 0.526616 -0.539496 -0.456988 0.586626 0.021627 -0.503422 -0.526985 0.149295 " />
									<Normal vector="0.439222 -0.668691 -0.599902 0.487014 0.477462 -0.731315 0.695486 0.598254 0.397961 0.647694 -0.547929 0.529344 0.487014 0.477462 -0.731315 -0.647694 0.547929 -0.529344 -0.439222 0.668691 0.599902 0.695486 0.598254 0.397961 -0.647694 0.547929 -0.529344 -0.695486 -0.598254 -0.397961 -0.487014 -0.477462 0.731315 -0.439222 0.668691 0.599902 -0.695486 -0.598254 -0.397961 0.439222 -0.668691 -0.599902 0.647694 -0.547929 0.529344 -0.487014 -0.477462 0.731315 -0.695486 -0.598254 -0.397961 -0.647694 0.547929 -0.529344 -0.439222 0.668691 0.599902 -0.487014 -0.477462 0.731315 " />
									<TextureCoordinate point="0.0179 0.6425 0.0179 0.9887 0.4836 0.9887 0.4836 0.6425 0.0179 0.6425 0.0179 0.9887 0.4836 0.9887 0.4836 0.6425 0.0179 0.6425 0.0179 0.9887 0.4836 0.9887 0.4836 0.6425 0.0179 0.6425 0.0179 0.9887 0.4836 0.9887 0.4836 0.6425 0.4836 0.9887 0.4836 0.6425 0.0179 0.6425 0.0179 0.9887 " />
								</IndexedTriangleSet>
							</Shape>
						</Group>
					</Transform>
					<Transform DEF="Cube_102_TRANSFORM"
					           translation="-0.026701 -0.026017 -0.420690"
					           scale="1.000000 1.000000 1.000000"
					           rotation="0.000000 1.000000 0.000000 0.000000"
					           >
						<Transform DEF="Cube_102_ifs_TRANSFORM"
						           translation="0.000000 0.000000 0.000000"
						           scale="1.000000 1.000000 1.000000"
						           rotation="0.000000 1.000000 0.000000 0.000000"
						           >
							<Group DEF="group_ME_Cube_060">
								<Shape>
									<Appearance>
										<Material USE="MA_Body" />
									</Appearance>
									<IndexedTriangleSet solid="false"
									                    normalPerVertex="true"
									                    index="0 1 2 0 2 3 4 5 6 4 6 7 8 9 10 8 10 11 12 13 14 12 14 15 4 13 16 4 16 17 18 19 14 18 14 7 "
									                    >
										<Coordinate point="0.336974 -0.475823 -0.559171 0.520470 0.343538 -0.513540 0.522463 0.313614 0.015763 0.338967 -0.505746 -0.029868 0.520470 0.343538 -0.513540 -0.340960 0.535670 -0.499435 -0.338967 0.505746 0.029868 0.522463 0.313614 0.015763 -0.340960 0.535670 -0.499435 -0.524456 -0.283691 -0.545066 -0.522463 -0.313614 -0.015763 -0.338967 0.505746 0.029868 -0.524456 -0.283691 -0.545066 0.336974 -0.475823 -0.559171 0.338967 -0.505746 -0.029868 -0.522463 -0.313614 -0.015763 -0.524456 -0.283691 -0.545066 -0.340960 0.535670 -0.499435 -0.338967 0.505746 0.029868 -0.522463 -0.313614 -0.015763 " />
										<Normal vector="0.435255 -0.655629 -0.616962 0.687246 0.469466 -0.554308 0.691580 0.404309 0.598529 0.439589 -0.720817 0.535844 0.687246 0.469466 -0.554308 -0.439589 0.720817 -0.535844 -0.435255 0.655629 0.616962 0.691580 0.404309 0.598529 -0.439589 0.720817 -0.535844 -0.691580 -0.404309 -0.598529 -0.687246 -0.469466 0.554308 -0.435255 0.655629 0.616962 -0.691580 -0.404309 -0.598529 0.435255 -0.655629 -0.616962 0.439589 -0.720817 0.535844 -0.687246 -0.469466 0.554308 -0.691580 -0.404309 -0.598529 -0.439589 0.720817 -0.535844 -0.435255 0.655629 0.616962 -0.687246 -0.469466 0.554308 " />
										<TextureCoordinate point="0.0179 0.6425 0.0179 0.9887 0.4836 0.9887 0.4836 0.6425 0.0179 0.6425 0.0179 0.9887 0.4836 0.9887 0.4836 0.6425 0.0179 0.6425 0.0179 0.9887 0.4836 0.9887 0.4836 0.6425 0.0179 0.6425 0.0179 0.9887 0.4836 0.9887 0.4836 0.6425 0.4836 0.9887 0.4836 0.6425 0.0179 0.6425 0.0179 0.9887 " />
									</IndexedTriangleSet>
								</Shape>
							</Group>
						</Transform>
					</Transform>
					<Transform DEF="foot2_TRANSFORM"
					           translation="-0.006053 0.241782 -0.825223"
					           scale="1.000000 1.000000 1.000000"
					           rotation="0.000000 1.000000 0.000000 0.000000"
					           >
						<Transform DEF="foot2_ifs_TRANSFORM"
						           translation="0.000000 0.000000 0.000000"
						           scale="1.000000 1.000000 1.000000"
						           rotation="0.000000 1.000000 0.000000 0.000000"
						           >
							<Group DEF="group_ME_foot2">
								<Shape>
									<Appearance>
										<Material USE="MA_Body" />
									</Appearance>
									<IndexedTriangleSet solid="false"
									                    normalPerVertex="true"
									                    index="0 1 2 0 2 3 4 5 6 4 6 7 8 9 10 8 10 11 12 13 14 12 14 15 4 13 16 4 16 17 18 19 14 18 14 7 "
									                    >
										<Coordinate point="0.352574 -0.749567 -0.243442 0.534431 0.093113 -0.238456 0.534041 0.091779 0.001380 0.352183 -0.750902 -0.003606 0.534431 0.093113 -0.238456 -0.448269 0.305191 -0.238876 -0.448660 0.303856 0.000961 0.534041 0.091779 0.001380 -0.448269 0.305191 -0.238876 -0.630126 -0.537490 -0.243862 -0.630517 -0.538824 -0.004026 -0.448660 0.303856 0.000961 -0.630126 -0.537490 -0.243862 0.352574 -0.749567 -0.243442 0.352183 -0.750902 -0.003606 -0.630517 -0.538824 -0.004026 -0.630126 -0.537490 -0.243862 -0.448269 0.305191 -0.238876 -0.448660 0.303856 0.000961 -0.630517 -0.538824 -0.004026 " />
										<Normal vector="0.443495 -0.682913 -0.580432 0.687063 0.445753 -0.573748 0.685202 0.439314 0.580920 0.441603 -0.689352 0.574236 0.687063 0.445753 -0.573748 -0.441603 0.689352 -0.574236 -0.443495 0.682913 0.580432 0.685202 0.439314 0.580920 -0.441603 0.689352 -0.574236 -0.685202 -0.439314 -0.580920 -0.687063 -0.445753 0.573748 -0.443495 0.682913 0.580432 -0.685202 -0.439314 -0.580920 0.443495 -0.682913 -0.580432 0.441603 -0.689352 0.574236 -0.687063 -0.445753 0.573748 -0.685202 -0.439314 -0.580920 -0.441603 0.689352 -0.574236 -0.443495 0.682913 0.580432 -0.687063 -0.445753 0.573748 " />
										<TextureCoordinate point="0.0179 0.6425 0.0179 0.9887 0.4836 0.9887 0.4836 0.6425 0.0179 0.6425 0.0179 0.9887 0.4836 0.9887 0.4836 0.6425 0.0179 0.6425 0.0179 0.9887 0.4836 0.9887 0.4836 0.6425 0.0179 0.6425 0.0179 0.9887 0.4836 0.9887 0.4836 0.6425 0.4836 0.9887 0.4836 0.6425 0.0179 0.6425 0.0179 0.9887 " />
									</IndexedTriangleSet>
								</Shape>
							</Group>
						</Transform>
						<Transform DEF="Cube_103_TRANSFORM"
						           translation="-0.127930 -0.593152 -0.183685"
						           scale="1.000000 1.000000 1.000000"
						           rotation="0.000000 1.000000 0.000000 0.000000"
						           >
							<Transform DEF="Cube_103_ifs_TRANSFORM"
							           translation="0.000000 0.000000 0.000000"
							           scale="1.000000 1.000000 1.000000"
							           rotation="0.000000 1.000000 0.000000 0.000000"
							           >
								<Group DEF="group_ME_Cube_061">
									<Shape>
										<Appearance>
											<Material USE="MA_Body" />
										</Appearance>
										<IndexedTriangleSet solid="false"
										                    normalPerVertex="true"
										                    index="0 1 2 0 2 3 4 5 6 4 6 7 8 9 10 8 10 11 12 13 14 12 14 15 4 13 16 4 16 17 18 19 14 18 14 7 "
										                    >
											<Coordinate point="0.107043 -0.362940 0.149699 0.109369 -0.352591 -0.066590 0.177727 -0.035808 -0.050698 0.175401 -0.046157 0.165591 0.109369 -0.352591 -0.066590 -0.244994 -0.276116 -0.066741 -0.176635 0.040667 -0.050849 0.177727 -0.035808 -0.050698 -0.244994 -0.276116 -0.066741 -0.247319 -0.286465 0.149548 -0.178961 0.030318 0.165440 -0.176635 0.040667 -0.050849 -0.247319 -0.286465 0.149548 0.107043 -0.362940 0.149699 0.175401 -0.046157 0.165591 -0.178961 0.030318 0.165440 -0.247319 -0.286465 0.149548 -0.244994 -0.276116 -0.066741 -0.176635 0.040667 -0.050849 -0.178961 0.030318 0.165440 " />
											<Normal vector="0.436506 -0.713065 0.548601 0.448897 -0.657857 -0.604694 0.692190 0.469466 -0.548112 0.679769 0.414289 0.605152 0.448897 -0.657857 -0.604694 -0.679769 -0.414289 -0.605152 -0.436506 0.713065 -0.548601 0.692190 0.469466 -0.548112 -0.679769 -0.414289 -0.605152 -0.692190 -0.469466 0.548112 -0.448897 0.657857 0.604694 -0.436506 0.713065 -0.548601 -0.692190 -0.469466 0.548112 0.436506 -0.713065 0.548601 0.679769 0.414289 0.605152 -0.448897 0.657857 0.604694 -0.692190 -0.469466 0.548112 -0.679769 -0.414289 -0.605152 -0.436506 0.713065 -0.548601 -0.448897 0.657857 0.604694 " />
											<TextureCoordinate point="0.0179 0.6425 0.0179 0.9887 0.4836 0.9887 0.4836 0.6425 0.0179 0.6425 0.0179 0.9887 0.4836 0.9887 0.4836 0.6425 0.0179 0.6425 0.0179 0.9887 0.4836 0.9887 0.4836 0.6425 0.0179 0.6425 0.0179 0.9887 0.4836 0.9887 0.4836 0.6425 0.4836 0.9887 0.4836 0.6425 0.0179 0.6425 0.0179 0.9887 " />
										</IndexedTriangleSet>
									</Shape>
								</Group>
							</Transform>
						</Transform>
						<Transform DEF="Cube_104_TRANSFORM"
						           translation="-0.459244 -0.521650 -0.183826"
						           scale="1.000000 1.000000 1.000000"
						           rotation="0.000000 1.000000 0.000000 0.000000"
						           >
							<Transform DEF="Cube_104_ifs_TRANSFORM"
							           translation="0.000000 0.000000 0.000000"
							           scale="1.000000 1.000000 1.000000"
							           rotation="0.000000 1.000000 0.000000 0.000000"
							           >
								<Group DEF="group_ME_Cube_062">
									<Shape>
										<Appearance>
											<Material USE="MA_Body" />
										</Appearance>
										<IndexedTriangleSet solid="false"
										                    normalPerVertex="true"
										                    index="0 1 2 0 2 3 4 5 6 4 6 7 8 9 10 8 10 11 12 13 14 12 14 15 4 13 16 4 16 17 18 19 14 18 14 7 "
										                    >
											<Coordinate point="-0.023060 -0.332749 0.150086 -0.030004 -0.329518 -0.051676 0.116827 -0.065016 -0.052493 0.123771 -0.068247 0.149268 -0.030004 -0.329518 -0.051676 -0.266919 -0.197970 -0.041415 -0.120087 0.066533 -0.042233 0.116827 -0.065016 -0.052493 -0.266919 -0.197970 -0.041415 -0.259974 -0.201201 0.160346 -0.113143 0.063301 0.159529 -0.120087 0.066533 -0.042233 -0.259974 -0.201201 0.160346 -0.023060 -0.332749 0.150086 0.123771 -0.068247 0.149268 -0.113143 0.063301 0.159529 -0.259974 -0.201201 0.160346 -0.266919 -0.197970 -0.041415 -0.120087 0.066533 -0.042233 -0.113143 0.063301 0.159529 " />
											<Normal vector="0.244026 -0.794092 0.556627 0.204321 -0.775597 -0.597217 0.764733 0.233955 -0.600330 0.804468 0.215461 0.553514 0.204321 -0.775597 -0.597217 -0.804468 -0.215461 -0.553514 -0.244026 0.794092 -0.556627 0.764733 0.233955 -0.600330 -0.804468 -0.215461 -0.553514 -0.764733 -0.233955 0.600330 -0.204321 0.775597 0.597217 -0.244026 0.794092 -0.556627 -0.764733 -0.233955 0.600330 0.244026 -0.794092 0.556627 0.804468 0.215461 0.553514 -0.204321 0.775597 0.597217 -0.764733 -0.233955 0.600330 -0.804468 -0.215461 -0.553514 -0.244026 0.794092 -0.556627 -0.204321 0.775597 0.597217 " />
											<TextureCoordinate point="0.0179 0.6425 0.0179 0.9887 0.4836 0.9887 0.4836 0.6425 0.0179 0.6425 0.0179 0.9887 0.4836 0.9887 0.4836 0.6425 0.0179 0.6425 0.0179 0.9887 0.4836 0.9887 0.4836 0.6425 0.0179 0.6425 0.0179 0.9887 0.4836 0.9887 0.4836 0.6425 0.4836 0.9887 0.4836 0.6425 0.0179 0.6425 0.0179 0.9887 " />
										</IndexedTriangleSet>
									</Shape>
								</Group>
							</Transform>
						</Transform>
						<Transform DEF="Cube_105_TRANSFORM"
						           translation="-0.127734 -0.592282 -0.201859"
						           scale="1.000000 1.000000 1.000000"
						           rotation="0.000000 1.000000 0.000000 0.000000"
						           >
							<Transform DEF="Cube_105_ifs_TRANSFORM"
							           translation="0.000000 0.000000 0.000000"
							           scale="1.000000 1.000000 1.000000"
							           rotation="0.000000 1.000000 0.000000 0.000000"
							           >
								<Group DEF="group_ME_Cube_063">
									<Shape>
										<Appearance>
											<Material USE="MA_Body" />
										</Appearance>
										<IndexedTriangleSet solid="false"
										                    normalPerVertex="true"
										                    index="0 1 2 0 2 3 4 5 6 4 6 7 8 9 10 8 10 11 12 13 14 12 14 15 4 13 16 4 16 17 18 19 14 18 14 7 "
										                    >
											<Coordinate point="0.270340 -0.354702 0.094181 0.270347 -0.354911 -0.028078 0.331491 -0.071588 -0.028558 0.331484 -0.071379 0.093701 0.270347 -0.354911 -0.028078 -0.392632 -0.211832 -0.028362 -0.331488 0.071490 -0.028842 0.331491 -0.071588 -0.028558 -0.392632 -0.211832 -0.028362 -0.392639 -0.211624 0.093897 -0.331495 0.071699 0.093417 -0.331488 0.071490 -0.028842 -0.392639 -0.211624 0.093897 0.270340 -0.354702 0.094181 0.331484 -0.071379 0.093701 -0.331495 0.071699 0.093417 -0.392639 -0.211624 0.093897 -0.392632 -0.211832 -0.028362 -0.331488 0.071490 -0.028842 -0.331495 0.071699 0.093417 " />
											<Normal vector="0.442518 -0.685141 0.578539 0.442579 -0.687124 -0.576128 0.686178 0.441572 -0.578051 0.686117 0.443525 0.576617 0.442579 -0.687124 -0.576128 -0.686117 -0.443525 -0.576617 -0.442518 0.685141 -0.578539 0.686178 0.441572 -0.578051 -0.686117 -0.443525 -0.576617 -0.686178 -0.441572 0.578051 -0.442579 0.687124 0.576128 -0.442518 0.685141 -0.578539 -0.686178 -0.441572 0.578051 0.442518 -0.685141 0.578539 0.686117 0.443525 0.576617 -0.442579 0.687124 0.576128 -0.686178 -0.441572 0.578051 -0.686117 -0.443525 -0.576617 -0.442518 0.685141 -0.578539 -0.442579 0.687124 0.576128 " />
											<TextureCoordinate point="0.5477 0.6675 0.5477 0.9637 0.9460 0.9637 0.9460 0.6675 0.5477 0.6675 0.5477 0.9637 0.9460 0.9637 0.9460 0.6675 0.5477 0.6675 0.5477 0.9637 0.9460 0.9637 0.9460 0.6675 0.5477 0.6675 0.5477 0.9637 0.9460 0.9637 0.9460 0.6675 0.9460 0.9637 0.9460 0.6675 0.5477 0.6675 0.5477 0.9637 " />
										</IndexedTriangleSet>
									</Shape>
								</Group>
							</Transform>
						</Transform>
						<Transform DEF="Cube_106_TRANSFORM"
						           translation="0.180056 -0.649740 -0.189024"
						           scale="1.000000 1.000000 1.000000"
						           rotation="0.000000 1.000000 0.000000 0.000000"
						           >
							<Transform DEF="Cube_106_ifs_TRANSFORM"
							           translation="0.000000 0.000000 0.000000"
							           scale="1.000000 1.000000 1.000000"
							           rotation="0.000000 1.000000 0.000000 0.000000"
							           >
								<Group DEF="group_ME_Cube_064">
									<Shape>
										<Appearance>
											<Material USE="MA_Body" />
										</Appearance>
										<IndexedTriangleSet solid="false"
										                    normalPerVertex="true"
										                    index="0 1 2 0 2 3 4 5 6 4 6 7 8 9 10 8 10 11 12 13 14 12 14 15 4 13 16 4 16 17 18 19 14 18 14 7 "
										                    >
											<Coordinate point="0.141057 -0.301816 0.150962 0.143323 -0.298363 -0.050903 0.136075 0.004033 -0.045810 0.133808 0.000579 0.156054 0.143323 -0.298363 -0.050903 -0.127763 -0.304807 -0.054056 -0.135011 -0.002412 -0.048964 0.136075 0.004033 -0.045810 -0.127763 -0.304807 -0.054056 -0.130029 -0.308261 0.147808 -0.137277 -0.005865 0.152900 -0.135011 -0.002412 -0.048964 -0.130029 -0.308261 0.147808 0.141057 -0.301816 0.150962 0.133808 0.000579 0.156054 -0.137277 -0.005865 0.152900 -0.130029 -0.308261 0.147808 -0.127763 -0.304807 -0.054056 -0.135011 -0.002412 -0.048964 -0.137277 -0.005865 0.152900 " />
											<Normal vector="0.584490 -0.573229 0.574206 0.597461 -0.553484 -0.580218 0.569781 0.600696 -0.560778 0.556810 0.580920 0.593646 0.597461 -0.553484 -0.580218 -0.556810 -0.580920 -0.593646 -0.584490 0.573229 -0.574206 0.569781 0.600696 -0.560778 -0.556810 -0.580920 -0.593646 -0.569781 -0.600696 0.560778 -0.597461 0.553484 0.580218 -0.584490 0.573229 -0.574206 -0.569781 -0.600696 0.560778 0.584490 -0.573229 0.574206 0.556810 0.580920 0.593646 -0.597461 0.553484 0.580218 -0.569781 -0.600696 0.560778 -0.556810 -0.580920 -0.593646 -0.584490 0.573229 -0.574206 -0.597461 0.553484 0.580218 " />
											<TextureCoordinate point="0.0179 0.6425 0.0179 0.9887 0.4836 0.9887 0.4836 0.6425 0.0179 0.6425 0.0179 0.9887 0.4836 0.9887 0.4836 0.6425 0.0179 0.6425 0.0179 0.9887 0.4836 0.9887 0.4836 0.6425 0.0179 0.6425 0.0179 0.9887 0.4836 0.9887 0.4836 0.6425 0.4836 0.9887 0.4836 0.6425 0.0179 0.6425 0.0179 0.9887 " />
										</IndexedTriangleSet>
									</Shape>
								</Group>
							</Transform>
						</Transform>
					</Transform>
				</Transform>
			</Transform>
		</Transform>
	</Scene>
</X3D>