<?xml version="1.0" encoding="UTF-8"?>
<!DOCTYPE X3D PUBLIC "ISO//Web3D//DTD X3D 3.0//EN" "http://www.web3d.org/specifications/x3d-3.0.dtd">
<X3D version="3.0" profile="Immersive" xmlns:xsd="http://www.w3.org/2001/XMLSchema-instance" xsd:noNamespaceSchemaLocation="http://www.web3d.org/specifications/x3d-3.0.xsd">
	<head>
		<meta name="filename" content="torchic.x3d" />
		<meta name="generator" content="Blender 2.93.18" />
	</head>
	<Scene>
		<NavigationInfo headlight="true"
		                visibilityLimit="0.0"
		                type='"EXAMINE", "ANY"'
		                avatarSize="0.25, 1.75, 0.75"
		                />
		<Background DEF="WO_World"
		            groundColor="0.051 0.051 0.051"
		            skyColor="0.051 0.051 0.051"
		            />
		<Transform DEF="body_TRANSFORM"
		           translation="0.000000 0.004151 0.576436"
		           scale="1.000000 1.000000 1.000000"
		           rotation="0.000000 0.000000 1.000000 3.141593"
		           >
			<Transform DEF="body_ifs_TRANSFORM"
			           translation="0.000000 0.000000 0.000000"
			           scale="1.000000 1.000000 1.000000"
			           rotation="0.000000 1.000000 0.000000 0.000000"
			           >
				<Group DEF="group_ME_body">
					<Shape>
						<Appearance>
							<Material DEF="MA_Body"
							          diffuseColor="0.800 0.800 0.800"
							          specularColor="0.401 0.401 0.401"
							          emissiveColor="0.000 0.000 0.000"
							          ambientIntensity="0.000"
							          shininess="0.500"
							          transparency="0.0"
							          />
						</Appearance>
						<IndexedTriangleSet solid="false"
						                    normalPerVertex="true"
						                    index="0 1 2 0 2 3 4 5 6 4 6 7 8 9 10 8 10 11 12 13 14 12 14 15 4 16 17 4 17 15 18 5 14 18 14 19 "
						                    >
							<Coordinate point="-0.753947 -0.683127 -0.021722 -0.753947 -0.715292 0.989820 -0.753947 0.650962 1.033263 -0.753947 0.683127 0.021722 -0.753947 0.683127 0.021722 -0.753947 0.650962 1.033263 0.753947 0.650962 1.033263 0.753947 0.683127 0.021722 0.753947 0.683127 0.021722 0.753947 0.650962 1.033263 0.753947 -0.715292 0.989820 0.753947 -0.683127 -0.021722 0.753947 -0.683127 -0.021722 0.753947 -0.715292 0.989820 -0.753947 -0.715292 0.989820 -0.753947 -0.683127 -0.021722 0.753947 0.683127 0.021722 0.753947 -0.683127 -0.021722 0.753947 0.650962 1.033263 0.753947 -0.715292 0.989820 " />
							<Normal vector="-0.577349 -0.558702 -0.595386 -0.577349 -0.595386 0.558702 -0.577349 0.558702 0.595386 -0.577349 0.595386 -0.558702 -0.577349 0.595386 -0.558702 -0.577349 0.558702 0.595386 0.577349 0.558702 0.595386 0.577349 0.595386 -0.558702 0.577349 0.595386 -0.558702 0.577349 0.558702 0.595386 0.577349 -0.595386 0.558702 0.577349 -0.558702 -0.595386 0.577349 -0.558702 -0.595386 0.577349 -0.595386 0.558702 -0.577349 -0.595386 0.558702 -0.577349 -0.558702 -0.595386 0.577349 0.595386 -0.558702 0.577349 -0.558702 -0.595386 0.577349 0.558702 0.595386 0.577349 -0.595386 0.558702 " />
							<TextureCoordinate point="0.0290 0.5327 0.4690 0.5327 0.4690 0.9816 0.0290 0.9816 0.0290 0.5327 0.4690 0.5327 0.4690 0.9816 0.0290 0.9816 0.0290 0.5327 0.4690 0.5327 0.4690 0.9816 0.0290 0.9816 0.0290 0.5327 0.4690 0.5327 0.4690 0.9816 0.0290 0.9816 0.4690 0.5327 0.4690 0.9816 0.0290 0.5327 0.0290 0.9816 " />
						</IndexedTriangleSet>
					</Shape>
				</Group>
			</Transform>
			<Transform DEF="Cube_001_TRANSFORM"
			           translation="0.000000 0.553852 0.495342"
			           scale="1.000000 1.000000 1.000000"
			           rotation="0.000000 1.000000 0.000000 0.000000"
			           >
				<Transform DEF="Cube_001_ifs_TRANSFORM"
				           translation="0.000000 0.000000 0.000000"
				           scale="1.000000 1.000000 1.000000"
				           rotation="0.000000 1.000000 0.000000 0.000000"
				           >
					<Group DEF="group_ME_Cube_001">
						<Shape>
							<Appearance>
								<Material USE="MA_Body" />
							</Appearance>
							<IndexedTriangleSet solid="false"
							                    normalPerVertex="true"
							                    index="0 1 2 0 2 3 4 5 6 4 6 7 8 9 10 8 10 11 12 13 14 12 14 15 16 17 18 16 18 19 20 21 14 20 14 22 23 24 25 23 25 26 27 16 19 27 19 28 29 30 31 29 31 32 33 34 5 33 5 4 35 36 34 35 34 33 37 27 28 37 28 15 24 20 22 24 22 25 32 31 13 32 13 12 38 39 40 38 40 41 42 43 27 42 27 37 43 44 16 43 16 27 45 46 24 45 24 23 47 48 21 47 21 20 44 49 17 44 17 16 50 51 9 50 9 8 52 53 21 52 21 37 54 55 51 54 51 50 56 57 49 56 49 44 58 36 48 58 48 47 59 60 46 59 46 45 61 56 44 61 44 43 35 61 43 35 43 42 60 58 47 60 47 46 37 21 1 37 1 0 "
							                    >
								<Coordinate point="-0.442993 0.061328 -0.274356 -0.442993 0.393869 -0.200022 -0.442993 0.407526 -0.261116 -0.442993 0.074984 -0.335450 -0.228109 0.074984 -0.335450 -0.228109 0.407526 -0.261116 0.442993 0.407526 -0.261116 0.442993 0.074984 -0.335450 0.442993 0.047671 -0.213261 0.442993 0.380212 -0.138927 0.442993 0.257557 0.409784 0.442993 -0.074984 0.335450 -0.292062 -0.074984 0.335450 -0.292062 0.257557 0.409784 -0.442993 0.257557 0.409784 -0.442993 -0.074984 0.335450 -0.228109 0.047671 -0.213261 0.442993 0.047671 -0.213261 0.442993 -0.074984 0.335450 -0.228109 -0.074984 0.335450 -0.292062 0.380212 -0.138927 -0.442993 0.380212 -0.138927 -0.292062 0.257557 0.409784 0.442993 0.380212 -0.138927 -0.228109 0.380212 -0.138927 -0.228109 0.257557 0.409784 0.442993 0.257557 0.409784 -0.292062 0.047671 -0.213261 -0.292062 -0.074984 0.335450 0.442993 -0.074984 0.335450 0.442993 0.257557 0.409784 -0.228109 0.257557 0.409784 -0.228109 -0.074984 0.335450 -0.292062 0.074984 -0.335450 -0.292062 0.407526 -0.261116 -0.442993 0.074984 -0.335450 -0.442993 0.407526 -0.261116 -0.442993 0.047671 -0.213261 -0.228109 0.393869 -0.200022 -0.292062 0.393869 -0.200022 -0.292062 0.380212 -0.138927 -0.228109 0.380212 -0.138927 -0.442993 0.061328 -0.274356 -0.292062 0.061328 -0.274356 -0.228109 0.061328 -0.274356 0.442993 0.393869 -0.200022 -0.228109 0.393869 -0.200022 -0.292062 0.393869 -0.200022 -0.442993 0.393869 -0.200022 0.442993 0.061328 -0.274356 0.442993 0.061328 -0.274356 0.442993 0.393869 -0.200022 -0.442993 -0.074984 0.335450 -0.442993 0.257557 0.409784 0.442993 0.074984 -0.335450 0.442993 0.407526 -0.261116 -0.228109 0.074984 -0.335450 0.442993 0.074984 -0.335450 -0.292062 0.407526 -0.261116 0.442993 0.407526 -0.261116 -0.228109 0.407526 -0.261116 -0.292062 0.074984 -0.335450 " />
								<Normal vector="-0.707083 -0.690054 -0.154241 -0.707083 0.690054 0.154241 -0.577349 0.689383 -0.437483 -0.577349 -0.437483 -0.689383 0.000000 -0.535813 -0.844325 0.000000 0.844325 -0.535813 0.577349 0.689383 -0.437483 0.577349 -0.437483 -0.689383 0.707083 -0.690054 -0.154241 0.707083 0.690054 0.154241 0.577349 0.437483 0.689383 0.577349 -0.689383 0.437483 0.000000 -0.844325 0.535813 0.000000 0.535813 0.844325 -0.577349 0.437483 0.689383 -0.577349 -0.689383 0.437483 0.000000 -0.975890 -0.218146 0.707083 -0.690054 -0.154241 0.577349 -0.689383 0.437483 0.000000 -0.844325 0.535813 0.000000 0.975890 0.218146 -0.707083 0.690054 0.154241 0.000000 0.535813 0.844325 0.707083 0.690054 0.154241 0.000000 0.975890 0.218146 0.000000 0.535813 0.844325 0.577349 0.437483 0.689383 0.000000 -0.975890 -0.218146 0.000000 -0.844325 0.535813 0.577349 -0.689383 0.437483 0.577349 0.437483 0.689383 0.000000 0.535813 0.844325 0.000000 -0.844325 0.535813 0.000000 -0.535813 -0.844325 0.000000 0.844325 -0.535813 -0.577349 -0.437483 -0.689383 -0.577349 0.689383 -0.437483 -0.707083 -0.690054 -0.154241 0.000000 0.975890 0.218146 0.000000 0.975890 0.218146 0.000000 0.975890 0.218146 0.000000 0.975890 0.218146 -0.707083 -0.690054 -0.154241 0.000000 -0.975890 -0.218146 0.000000 -0.975890 -0.218146 0.707083 0.690054 0.154241 0.000000 0.975890 0.218146 0.000000 0.975890 0.218146 -0.707083 0.690054 0.154241 0.707083 -0.690054 -0.154241 0.707083 -0.690054 -0.154241 0.707083 0.690054 0.154241 -0.577349 -0.689383 0.437483 -0.577349 0.437483 0.689383 0.577349 -0.437483 -0.689383 0.577349 0.689383 -0.437483 0.000000 -0.535813 -0.844325 0.577349 -0.437483 -0.689383 0.000000 0.844325 -0.535813 0.577349 0.689383 -0.437483 0.000000 0.844325 -0.535813 0.000000 -0.535813 -0.844325 " />
								<TextureCoordinate point="0.0290 0.8694 0.4690 0.8694 0.4690 0.9816 0.0290 0.9816 0.0290 0.6416 0.4690 0.6416 0.4690 0.9816 0.0290 0.9816 0.0290 0.6145 0.4690 0.6145 0.4690 0.9816 0.0290 0.9816 0.0290 0.9051 0.4690 0.9051 0.4690 0.9816 0.0290 0.9816 0.1357 0.6145 0.4690 0.6145 0.4690 0.9816 0.1357 0.9816 0.3941 0.6145 0.4690 0.7571 0.3941 0.9816 0.0290 0.6145 0.3623 0.6145 0.3623 0.9816 0.0290 0.9816 0.1040 0.6145 0.1040 0.9816 0.0290 0.5327 0.4690 0.5327 0.4690 0.8727 0.0290 0.8727 0.0290 0.6092 0.4690 0.6092 0.0290 0.5327 0.4690 0.5327 0.0290 0.7571 0.0330 0.4252 0.4436 0.4252 0.4436 0.4661 0.0330 0.4661 0.0290 0.6449 0.1040 0.5736 0.1357 0.5736 0.0290 0.5736 0.3623 0.5736 0.3941 0.5736 0.4690 0.6449 0.4690 0.5736 0.0290 0.5736 0.4690 0.5736 0.0290 0.5327 0.4690 0.5327 0.0290 0.5327 0.4690 0.5327 0.1357 0.5327 0.4690 0.5327 0.3941 0.5327 0.0290 0.5327 0.3623 0.5327 0.1040 0.5327 " />
							</IndexedTriangleSet>
						</Shape>
					</Group>
				</Transform>
				<Transform DEF="Cube_002_TRANSFORM"
				           translation="0.000000 0.252074 0.099055"
				           scale="1.000000 1.000000 1.000000"
				           rotation="0.000000 1.000000 0.000000 0.000000"
				           >
					<Transform DEF="Cube_002_ifs_TRANSFORM"
					           translation="0.000000 0.000000 0.000000"
					           scale="1.000000 1.000000 1.000000"
					           rotation="0.000000 1.000000 0.000000 0.000000"
					           >
						<Group DEF="group_ME_Cube_002">
							<Shape>
								<Appearance>
									<Material USE="MA_Body" />
								</Appearance>
								<IndexedTriangleSet solid="false"
								                    normalPerVertex="true"
								                    index="0 1 2 0 2 3 4 5 6 4 6 7 8 9 10 8 10 11 12 13 14 12 14 15 4 16 17 4 17 15 18 5 14 18 14 19 "
								                    >
									<Coordinate point="-0.282092 -0.063391 0.209501 -0.282092 0.234224 0.299554 -0.282092 0.361006 -0.119448 -0.282092 0.063391 -0.209501 -0.282092 0.063391 -0.209501 -0.282092 0.361006 -0.119448 0.282092 0.361006 -0.119448 0.282092 0.063391 -0.209501 0.282092 0.063391 -0.209501 0.282092 0.361006 -0.119448 0.282092 0.234224 0.299554 0.282092 -0.063391 0.209501 0.282092 -0.063391 0.209501 0.282092 0.234224 0.299554 -0.282092 0.234224 0.299554 -0.282092 -0.063391 0.209501 0.282092 0.063391 -0.209501 0.282092 -0.063391 0.209501 0.282092 0.361006 -0.119448 0.282092 0.234224 0.299554 " />
									<Normal vector="-0.577349 -0.719810 0.385388 -0.577349 0.385388 0.719810 -0.577349 0.719810 -0.385388 -0.577349 -0.385388 -0.719810 -0.577349 -0.385388 -0.719810 -0.577349 0.719810 -0.385388 0.577349 0.719810 -0.385388 0.577349 -0.385388 -0.719810 0.577349 -0.385388 -0.719810 0.577349 0.719810 -0.385388 0.577349 0.385388 0.719810 0.577349 -0.719810 0.385388 0.577349 -0.719810 0.385388 0.577349 0.385388 0.719810 -0.577349 0.385388 0.719810 -0.577349 -0.719810 0.385388 0.577349 -0.385388 -0.719810 0.577349 -0.719810 0.385388 0.577349 0.719810 -0.385388 0.577349 0.385388 0.719810 " />
									<TextureCoordinate point="0.0290 0.5327 0.4690 0.5327 0.4690 0.9816 0.0290 0.9816 0.0290 0.5327 0.4690 0.5327 0.4690 0.9816 0.0290 0.9816 0.0290 0.5327 0.4690 0.5327 0.4690 0.9816 0.0290 0.9816 0.0290 0.5327 0.4690 0.5327 0.4690 0.9816 0.0290 0.9816 0.4690 0.5327 0.4690 0.9816 0.0290 0.5327 0.0290 0.9816 " />
								</IndexedTriangleSet>
							</Shape>
						</Group>
					</Transform>
				</Transform>
			</Transform>
			<Transform DEF="leg1_TRANSFORM"
			           translation="0.296589 0.212357 0.096227"
			           scale="1.000000 1.000000 1.000000"
			           rotation="0.000000 1.000000 0.000000 0.000000"
			           >
				<Transform DEF="leg1_ifs_TRANSFORM"
				           translation="0.000000 0.000000 0.000000"
				           scale="1.000000 1.000000 1.000000"
				           rotation="0.000000 1.000000 0.000000 0.000000"
				           >
					<Group DEF="group_ME_leg1">
						<Shape>
							<Appearance>
								<Material USE="MA_Body" />
							</Appearance>
							<IndexedTriangleSet solid="false"
							                    normalPerVertex="true"
							                    index="0 1 2 0 2 3 4 5 6 4 6 7 8 9 10 8 10 11 12 13 14 12 14 15 4 16 17 4 17 15 18 5 14 18 14 19 "
							                    >
								<Coordinate point="-0.090888 -0.187459 -0.492705 -0.090888 -0.090248 0.017205 -0.090888 0.090248 -0.017205 -0.090888 -0.006964 -0.527115 -0.090888 -0.006964 -0.527115 -0.090888 0.090248 -0.017205 0.090888 0.090248 -0.017205 0.090888 -0.006964 -0.527115 0.090888 -0.006964 -0.527115 0.090888 0.090248 -0.017205 0.090888 -0.090248 0.017205 0.090888 -0.187459 -0.492705 0.090888 -0.187459 -0.492705 0.090888 -0.090248 0.017205 -0.090888 -0.090248 0.017205 -0.090888 -0.187459 -0.492705 0.090888 -0.006964 -0.527115 0.090888 -0.187459 -0.492705 0.090888 0.090248 -0.017205 0.090888 -0.090248 0.017205 " />
								<Normal vector="-0.577349 -0.675253 -0.458998 -0.577349 -0.458998 0.675253 -0.577349 0.675253 0.458998 -0.577349 0.458998 -0.675253 -0.577349 0.458998 -0.675253 -0.577349 0.675253 0.458998 0.577349 0.675253 0.458998 0.577349 0.458998 -0.675253 0.577349 0.458998 -0.675253 0.577349 0.675253 0.458998 0.577349 -0.458998 0.675253 0.577349 -0.675253 -0.458998 0.577349 -0.675253 -0.458998 0.577349 -0.458998 0.675253 -0.577349 -0.458998 0.675253 -0.577349 -0.675253 -0.458998 0.577349 0.458998 -0.675253 0.577349 -0.675253 -0.458998 0.577349 0.675253 0.458998 0.577349 -0.458998 0.675253 " />
								<TextureCoordinate point="0.5377 0.0334 0.9643 0.0334 0.9643 0.4547 0.5377 0.4547 0.5377 0.0334 0.9643 0.0334 0.9643 0.4547 0.5377 0.4547 0.5377 0.0334 0.9643 0.0334 0.9643 0.4547 0.5377 0.4547 0.5377 0.0334 0.9643 0.0334 0.9643 0.4547 0.5377 0.4547 0.9643 0.0334 0.9643 0.4547 0.5377 0.0334 0.5377 0.4547 " />
							</IndexedTriangleSet>
						</Shape>
					</Group>
				</Transform>
				<Transform DEF="foot1_TRANSFORM"
				           translation="0.001305 -0.122788 -0.475135"
				           scale="1.000000 1.000000 1.000000"
				           rotation="0.000000 1.000000 0.000000 0.000000"
				           >
					<Transform DEF="foot1_ifs_TRANSFORM"
					           translation="0.000000 0.000000 0.000000"
					           scale="1.000000 1.000000 1.000000"
					           rotation="0.000000 1.000000 0.000000 0.000000"
					           >
						<Group DEF="group_ME_foot1">
							<Shape>
								<Appearance>
									<Material USE="MA_Body" />
								</Appearance>
								<IndexedTriangleSet solid="false"
								                    normalPerVertex="true"
								                    index="0 1 2 0 2 3 4 5 6 4 6 7 8 9 10 8 10 11 12 13 14 12 14 15 4 16 17 4 17 15 18 5 14 18 14 19 "
								                    >
									<Coordinate point="-0.143065 -0.190057 -0.196117 -0.143065 -0.190057 -0.000000 -0.143065 0.190057 0.000000 -0.143065 0.190057 -0.196117 -0.143065 0.190057 -0.196117 -0.143065 0.190057 0.000000 0.143065 0.190057 0.000000 0.143065 0.190057 -0.196117 0.143065 0.190057 -0.196117 0.143065 0.190057 0.000000 0.143065 -0.190057 -0.000000 0.143065 -0.190057 -0.196117 0.143065 -0.190057 -0.196117 0.143065 -0.190057 -0.000000 -0.143065 -0.190057 -0.000000 -0.143065 -0.190057 -0.196117 0.143065 0.190057 -0.196117 0.143065 -0.190057 -0.196117 0.143065 0.190057 0.000000 0.143065 -0.190057 -0.000000 " />
									<Normal vector="-0.577349 -0.577349 -0.577349 -0.577349 -0.577349 0.577349 -0.577349 0.577349 0.577349 -0.577349 0.577349 -0.577349 -0.577349 0.577349 -0.577349 -0.577349 0.577349 0.577349 0.577349 0.577349 0.577349 0.577349 0.577349 -0.577349 0.577349 0.577349 -0.577349 0.577349 0.577349 0.577349 0.577349 -0.577349 0.577349 0.577349 -0.577349 -0.577349 0.577349 -0.577349 -0.577349 0.577349 -0.577349 0.577349 -0.577349 -0.577349 0.577349 -0.577349 -0.577349 -0.577349 0.577349 0.577349 -0.577349 0.577349 -0.577349 -0.577349 0.577349 0.577349 0.577349 0.577349 -0.577349 0.577349 " />
									<TextureCoordinate point="0.5377 0.0334 0.9643 0.0334 0.9643 0.4547 0.5377 0.4547 0.5377 0.0334 0.9643 0.0334 0.9643 0.4547 0.5377 0.4547 0.5377 0.0334 0.9643 0.0334 0.9643 0.4547 0.5377 0.4547 0.5377 0.0334 0.9643 0.0334 0.9643 0.4547 0.5377 0.4547 0.9643 0.0334 0.9643 0.4547 0.5377 0.0334 0.5377 0.4547 " />
								</IndexedTriangleSet>
							</Shape>
						</Group>
					</Transform>
					<Transform DEF="Cube_005_TRANSFORM"
					           translation="0.072482 -0.078527 -0.107620"
					           scale="1.000000 1.000000 1.000000"
					           rotation="0.000000 1.000000 0.000000 0.000000"
					           >
						<Transform DEF="Cube_005_ifs_TRANSFORM"
						           translation="0.000000 0.000000 0.000000"
						           scale="1.000000 1.000000 1.000000"
						           rotation="0.000000 1.000000 0.000000 0.000000"
						           >
							<Group DEF="group_ME_Cube_005">
								<Shape>
									<Appearance>
										<Material USE="MA_Body" />
									</Appearance>
									<IndexedTriangleSet solid="false"
									                    normalPerVertex="true"
									                    index="0 1 2 0 2 3 4 5 6 4 6 7 8 9 10 8 10 11 12 13 14 12 14 15 4 16 17 4 17 15 18 5 14 18 14 19 "
									                    >
										<Coordinate point="0.234640 -0.565903 -0.102263 0.237920 -0.571206 0.053649 -0.081801 -0.054258 0.077956 -0.085081 -0.048955 -0.077956 -0.085081 -0.048955 -0.077956 -0.081801 -0.054258 0.077956 0.085081 0.048955 0.077956 0.081801 0.054258 -0.077956 0.081801 0.054258 -0.077956 0.085081 0.048955 0.077956 0.404802 -0.467993 0.053649 0.401522 -0.462690 -0.102263 0.401522 -0.462690 -0.102263 0.404802 -0.467993 0.053649 0.237920 -0.571206 0.053649 0.234640 -0.565903 -0.102263 0.081801 0.054258 -0.077956 0.401522 -0.462690 -0.102263 0.085081 0.048955 0.077956 0.404802 -0.467993 0.053649 " />
										<Normal vector="-0.199713 -0.774682 -0.599933 -0.175420 -0.813929 0.553819 -0.782311 0.167302 0.599933 -0.806604 0.206549 -0.553789 -0.806604 0.206549 -0.553789 -0.782311 0.167302 0.599933 0.199713 0.774682 0.599933 0.175420 0.813929 -0.553789 0.175420 0.813929 -0.553789 0.199713 0.774682 0.599933 0.806604 -0.206549 0.553819 0.782311 -0.167302 -0.599933 0.782311 -0.167302 -0.599933 0.806604 -0.206549 0.553819 -0.175420 -0.813929 0.553819 -0.199713 -0.774682 -0.599933 0.175420 0.813929 -0.553789 0.782311 -0.167302 -0.599933 0.199713 0.774682 0.599933 0.806604 -0.206549 0.553819 " />
										<TextureCoordinate point="0.5377 0.0334 0.9643 0.0334 0.9643 0.4547 0.5377 0.4547 0.5377 0.0334 0.9643 0.0334 0.9643 0.4547 0.5377 0.4547 0.5377 0.0334 0.9643 0.0334 0.9643 0.4547 0.5377 0.4547 0.5377 0.0334 0.9643 0.0334 0.9643 0.4547 0.5377 0.4547 0.9643 0.0334 0.9643 0.4547 0.5377 0.0334 0.5377 0.4547 " />
									</IndexedTriangleSet>
								</Shape>
							</Group>
						</Transform>
					</Transform>
					<Transform DEF="Cube_006_TRANSFORM"
					           translation="-0.003159 -0.155857 -0.101137"
					           scale="1.000000 1.000000 1.000000"
					           rotation="0.000000 1.000000 0.000000 0.000000"
					           >
						<Transform DEF="Cube_006_ifs_TRANSFORM"
						           translation="0.000000 0.000000 0.000000"
						           scale="1.000000 1.000000 1.000000"
						           rotation="0.000000 1.000000 0.000000 0.000000"
						           >
							<Group DEF="group_ME_Cube_006">
								<Shape>
									<Appearance>
										<Material USE="MA_Body" />
									</Appearance>
									<IndexedTriangleSet solid="false"
									                    normalPerVertex="true"
									                    index="0 1 2 0 2 3 4 5 6 4 6 7 8 9 10 8 10 11 12 13 14 12 14 15 4 16 17 4 17 15 18 5 14 18 14 19 "
									                    >
										<Coordinate point="-0.098110 -0.626780 -0.109920 -0.098110 -0.631531 0.078122 -0.098110 -0.002376 0.094021 -0.098110 0.002376 -0.094021 -0.098110 0.002376 -0.094021 -0.098110 -0.002376 0.094021 0.098110 -0.002376 0.094021 0.098110 0.002376 -0.094021 0.098110 0.002376 -0.094021 0.098110 -0.002376 0.094021 0.098110 -0.631531 0.078122 0.098110 -0.626780 -0.109920 0.098110 -0.626780 -0.109920 0.098110 -0.631531 0.078122 -0.098110 -0.631531 0.078122 -0.098110 -0.626780 -0.109920 0.098110 0.002376 -0.094021 0.098110 -0.626780 -0.109920 0.098110 -0.002376 0.094021 0.098110 -0.631531 0.078122 " />
										<Normal vector="-0.577349 -0.562578 -0.591723 -0.577349 -0.591723 0.562578 -0.577349 0.562578 0.591723 -0.577349 0.591723 -0.562578 -0.577349 0.591723 -0.562578 -0.577349 0.562578 0.591723 0.577349 0.562578 0.591723 0.577349 0.591723 -0.562578 0.577349 0.591723 -0.562578 0.577349 0.562578 0.591723 0.577349 -0.591723 0.562578 0.577349 -0.562578 -0.591723 0.577349 -0.562578 -0.591723 0.577349 -0.591723 0.562578 -0.577349 -0.591723 0.562578 -0.577349 -0.562578 -0.591723 0.577349 0.591723 -0.562578 0.577349 -0.562578 -0.591723 0.577349 0.562578 0.591723 0.577349 -0.591723 0.562578 " />
										<TextureCoordinate point="0.5377 0.0334 0.9643 0.0334 0.9643 0.4547 0.5377 0.4547 0.5377 0.0334 0.9643 0.0334 0.9643 0.4547 0.5377 0.4547 0.5377 0.0334 0.9643 0.0334 0.9643 0.4547 0.5377 0.4547 0.5377 0.0334 0.9643 0.0334 0.9643 0.4547 0.5377 0.4547 0.9643 0.0334 0.9643 0.4547 0.5377 0.0334 0.5377 0.4547 " />
									</IndexedTriangleSet>
								</Shape>
							</Group>
						</Transform>
					</Transform>
					<Transform DEF="Cube_007_TRANSFORM"
					           translation="-0.003159 0.147667 -0.113105"
					           scale="1.000000 1.000000 1.000000"
					           rotation="0.000000 1.000000 0.000000 0.000000"
					           >
						<Transform DEF="Cube_007_ifs_TRANSFORM"
						           translation="0.000000 0.000000 0.000000"
						           scale="1.000000 1.000000 1.000000"
						           rotation="0.000000 1.000000 0.000000 0.000000"
						           >
							<Group DEF="group_ME_Cube_007">
								<Shape>
									<Appearance>
										<Material USE="MA_Body" />
									</Appearance>
									<IndexedTriangleSet solid="false"
									                    normalPerVertex="true"
									                    index="0 1 2 0 2 3 4 5 6 4 6 7 8 9 10 8 10 11 12 13 14 12 14 15 4 16 17 4 17 15 18 5 14 18 14 19 "
									                    >
										<Coordinate point="0.075947 0.340204 -0.098010 0.075947 0.351136 0.045257 0.075947 0.005466 0.071633 0.075947 -0.005466 -0.071633 0.075947 -0.005466 -0.071633 0.075947 0.005466 0.071633 -0.075947 0.005466 0.071633 -0.075947 -0.005466 -0.071633 -0.075947 -0.005466 -0.071633 -0.075947 0.005466 0.071633 -0.075947 0.351136 0.045257 -0.075947 0.340203 -0.098010 -0.075947 0.340203 -0.098010 -0.075947 0.351136 0.045257 0.075947 0.351136 0.045257 0.075947 0.340204 -0.098010 -0.075947 -0.005466 -0.071633 -0.075947 0.340203 -0.098010 -0.075947 0.005466 0.071633 -0.075947 0.351136 0.045257 " />
										<Normal vector="0.577349 0.531724 -0.619587 0.577349 0.619587 0.531724 0.577349 -0.531724 0.619587 0.577349 -0.619587 -0.531724 0.577349 -0.619587 -0.531724 0.577349 -0.531724 0.619587 -0.577349 -0.531724 0.619587 -0.577349 -0.619587 -0.531724 -0.577349 -0.619587 -0.531724 -0.577349 -0.531724 0.619587 -0.577349 0.619587 0.531724 -0.577349 0.531724 -0.619587 -0.577349 0.531724 -0.619587 -0.577349 0.619587 0.531724 0.577349 0.619587 0.531724 0.577349 0.531724 -0.619587 -0.577349 -0.619587 -0.531724 -0.577349 0.531724 -0.619587 -0.577349 -0.531724 0.619587 -0.577349 0.619587 0.531724 " />
										<TextureCoordinate point="0.5377 0.0334 0.9643 0.0334 0.9643 0.4547 0.5377 0.4547 0.5377 0.0334 0.9643 0.0334 0.9643 0.4547 0.5377 0.4547 0.5377 0.0334 0.9643 0.0334 0.9643 0.4547 0.5377 0.4547 0.5377 0.0334 0.9643 0.0334 0.9643 0.4547 0.5377 0.4547 0.9643 0.0334 0.9643 0.4547 0.5377 0.0334 0.5377 0.4547 " />
									</IndexedTriangleSet>
								</Shape>
							</Group>
						</Transform>
					</Transform>
					<Transform DEF="Cube_003_TRANSFORM"
					           translation="-0.073815 -0.078527 -0.107620"
					           scale="1.000000 1.000000 1.000000"
					           rotation="0.000000 1.000000 0.000000 0.000000"
					           >
						<Transform DEF="Cube_003_ifs_TRANSFORM"
						           translation="0.000000 0.000000 0.000000"
						           scale="1.000000 1.000000 1.000000"
						           rotation="0.000000 1.000000 0.000000 0.000000"
						           >
							<Group DEF="group_ME_Cube_003">
								<Shape>
									<Appearance>
										<Material USE="MA_Body" />
									</Appearance>
									<IndexedTriangleSet solid="false"
									                    normalPerVertex="true"
									                    index="0 1 2 0 2 3 4 5 6 4 6 7 8 9 10 8 10 11 12 13 14 12 14 15 4 13 16 4 16 17 18 19 14 18 14 7 "
									                    >
										<Coordinate point="-0.234640 -0.565903 -0.102263 0.085081 -0.048955 -0.077956 0.081801 -0.054258 0.077956 -0.237920 -0.571206 0.053649 0.085081 -0.048955 -0.077956 -0.081801 0.054258 -0.077956 -0.085081 0.048955 0.077956 0.081801 -0.054258 0.077956 -0.081801 0.054258 -0.077956 -0.401522 -0.462690 -0.102263 -0.404802 -0.467993 0.053649 -0.085081 0.048955 0.077956 -0.401522 -0.462690 -0.102263 -0.234640 -0.565903 -0.102263 -0.237920 -0.571206 0.053649 -0.404802 -0.467993 0.053649 -0.401522 -0.462690 -0.102263 -0.081801 0.054258 -0.077956 -0.085081 0.048955 0.077956 -0.404802 -0.467993 0.053649 " />
										<Normal vector="0.199713 -0.774682 -0.599933 0.806604 0.206549 -0.553789 0.782311 0.167302 0.599933 0.175420 -0.813929 0.553789 0.806604 0.206549 -0.553789 -0.175420 0.813929 -0.553789 -0.199713 0.774682 0.599933 0.782311 0.167302 0.599933 -0.175420 0.813929 -0.553789 -0.782311 -0.167302 -0.599933 -0.806604 -0.206549 0.553789 -0.199713 0.774682 0.599933 -0.782311 -0.167302 -0.599933 0.199713 -0.774682 -0.599933 0.175420 -0.813929 0.553789 -0.806604 -0.206549 0.553789 -0.782311 -0.167302 -0.599933 -0.175420 0.813929 -0.553789 -0.199713 0.774682 0.599933 -0.806604 -0.206549 0.553789 " />
										<TextureCoordinate point="0.5377 0.0334 0.5377 0.4547 0.9643 0.4547 0.9643 0.0334 0.5377 0.0334 0.5377 0.4547 0.9643 0.4547 0.9643 0.0334 0.5377 0.0334 0.5377 0.4547 0.9643 0.4547 0.9643 0.0334 0.5377 0.0334 0.5377 0.4547 0.9643 0.4547 0.9643 0.0334 0.9643 0.4547 0.9643 0.0334 0.5377 0.0334 0.5377 0.4547 " />
									</IndexedTriangleSet>
								</Shape>
							</Group>
						</Transform>
					</Transform>
				</Transform>
			</Transform>
			<Transform DEF="neck_TRANSFORM"
			           translation="0.000000 0.076262 0.905564"
			           scale="1.000000 1.000000 1.000000"
			           rotation="0.000000 1.000000 0.000000 0.000000"
			           >
				<Transform DEF="neck_ifs_TRANSFORM"
				           translation="0.000000 0.000000 0.000000"
				           scale="1.000000 1.000000 1.000000"
				           rotation="0.000000 1.000000 0.000000 0.000000"
				           >
					<Group DEF="group_ME_neck">
						<Shape>
							<Appearance>
								<Material USE="MA_Body" />
							</Appearance>
							<IndexedTriangleSet solid="false"
							                    normalPerVertex="true"
							                    index="0 1 2 0 2 3 4 5 6 4 6 7 8 9 10 8 10 11 12 13 14 12 14 15 4 16 17 4 17 15 18 5 14 18 14 19 "
							                    >
								<Coordinate point="-0.661388 -0.623898 -0.019839 -0.661388 -0.634002 0.297896 -0.661388 0.613795 0.337573 -0.661388 0.623898 0.019839 -0.661388 0.623898 0.019839 -0.661388 0.613795 0.337573 0.661388 0.613795 0.337573 0.661388 0.623898 0.019839 0.661388 0.623898 0.019839 0.661388 0.613795 0.337573 0.661388 -0.634002 0.297896 0.661388 -0.623898 -0.019839 0.661388 -0.623898 -0.019839 0.661388 -0.634002 0.297896 -0.661388 -0.634002 0.297896 -0.661388 -0.623898 -0.019839 0.661388 0.623898 0.019839 0.661388 -0.623898 -0.019839 0.661388 0.613795 0.337573 0.661388 -0.634002 0.297896 " />
								<Normal vector="-0.577349 -0.558702 -0.595386 -0.577349 -0.595386 0.558702 -0.577349 0.558702 0.595386 -0.577349 0.595386 -0.558702 -0.577349 0.595386 -0.558702 -0.577349 0.558702 0.595386 0.577349 0.558702 0.595386 0.577349 0.595386 -0.558702 0.577349 0.595386 -0.558702 0.577349 0.558702 0.595386 0.577349 -0.595386 0.558702 0.577349 -0.558702 -0.595386 0.577349 -0.558702 -0.595386 0.577349 -0.595386 0.558702 -0.577349 -0.595386 0.558702 -0.577349 -0.558702 -0.595386 0.577349 0.595386 -0.558702 0.577349 -0.558702 -0.595386 0.577349 0.558702 0.595386 0.577349 -0.595386 0.558702 " />
								<TextureCoordinate point="0.0357 0.5488 0.4623 0.5488 0.4623 0.9664 0.0357 0.9664 0.0357 0.5488 0.4623 0.5488 0.4623 0.9664 0.0357 0.9664 0.0357 0.5488 0.4623 0.5488 0.4623 0.9664 0.0357 0.9664 0.0357 0.5488 0.4623 0.5488 0.4623 0.9664 0.0357 0.9664 0.4623 0.5488 0.4623 0.9664 0.0357 0.5488 0.0357 0.9664 " />
							</IndexedTriangleSet>
						</Shape>
					</Group>
				</Transform>
				<Transform DEF="head_TRANSFORM"
				           translation="0.000000 -0.005412 0.146722"
				           scale="1.000000 1.000000 1.000000"
				           rotation="0.000000 1.000000 0.000000 0.000000"
				           >
					<Transform DEF="head_ifs_TRANSFORM"
					           translation="0.000000 0.000000 0.000000"
					           scale="1.000000 1.000000 1.000000"
					           rotation="0.000000 1.000000 0.000000 0.000000"
					           >
						<Group DEF="group_ME_head">
							<Shape>
								<Appearance>
									<Material USE="MA_Body" />
								</Appearance>
								<IndexedTriangleSet solid="false"
								                    normalPerVertex="true"
								                    index="0 1 2 0 2 3 4 5 6 4 6 7 8 9 10 8 10 11 12 13 14 12 14 15 16 17 18 16 18 19 20 21 14 20 14 22 23 24 25 23 25 26 27 28 29 27 29 30 31 32 33 31 33 34 35 36 37 35 37 38 24 12 15 24 15 25 28 8 11 28 11 29 32 4 7 32 7 33 36 0 3 36 3 37 39 40 41 39 41 42 43 44 4 43 4 32 45 46 47 45 47 48 49 39 42 49 42 50 51 43 32 51 32 31 52 45 48 52 48 53 54 55 24 54 24 23 56 57 58 56 58 59 60 20 22 60 22 61 49 62 63 49 63 26 64 16 19 64 19 65 46 66 67 46 67 47 68 69 13 68 13 12 40 21 70 40 70 41 44 71 5 44 5 4 41 70 72 41 72 73 73 72 71 73 71 44 47 67 74 47 74 75 75 74 69 75 69 68 62 76 77 62 77 63 76 64 65 76 65 77 57 78 79 57 79 58 78 60 61 78 61 79 53 48 80 53 80 81 81 80 55 81 55 54 50 42 82 50 82 83 83 82 43 83 43 51 80 75 68 80 68 55 42 41 73 42 73 82 82 73 44 82 44 43 "
								                    >
									<Coordinate point="-1.156349 -1.232380 0.947279 -1.156349 -1.250125 1.783636 -1.156349 0.963832 1.830610 -1.156349 0.981578 0.994253 0.932949 0.981578 0.994253 0.932949 0.963832 1.830610 1.156349 0.963832 1.830610 1.156349 0.981578 0.994253 1.156349 0.981578 0.994253 1.156349 0.963832 1.830610 1.156349 -1.250125 1.783636 1.156349 -1.232380 0.947279 -0.932949 -1.232380 0.947279 -0.932949 -1.250125 1.783635 -1.156349 -1.250125 1.783636 -1.156349 -1.232380 0.947279 0.932949 1.002222 0.021265 1.156349 1.002222 0.021265 1.156349 -1.211735 -0.025710 0.932949 -1.211735 -0.025710 -0.932949 0.963832 1.830610 -1.156349 0.963832 1.830610 -0.932949 -1.250125 1.783635 -0.932949 -1.211735 -0.025710 -0.932949 -1.222027 0.459367 -1.156349 -1.222027 0.459367 -1.156349 -1.211735 -0.025710 1.156349 1.002222 0.021265 1.156349 0.991930 0.506342 1.156349 -1.222027 0.459367 1.156349 -1.211735 -0.025710 0.932949 1.002222 0.021265 0.932949 0.991930 0.506342 1.156349 0.991930 0.506342 1.156349 1.002222 0.021265 -1.156349 -1.211735 -0.025710 -1.156349 -1.222027 0.459367 -1.156349 0.991930 0.506342 -1.156349 1.002222 0.021265 -1.156349 0.991930 0.506342 -1.156349 0.981578 0.994253 -0.932949 0.981578 0.994253 -0.932949 0.991930 0.506342 0.467725 0.991930 0.506342 0.467725 0.981578 0.994253 1.156349 -1.222027 0.459367 1.156349 -1.232380 0.947279 0.932949 -1.232380 0.947279 0.932949 -1.222027 0.459367 -1.156349 1.002222 0.021265 -0.932949 1.002222 0.021265 0.467725 1.002222 0.021265 1.156349 -1.211735 -0.025710 0.932949 -1.211735 -0.025710 -0.467725 -1.211735 -0.025710 -0.467725 -1.222027 0.459367 1.156349 0.963832 1.830610 0.932949 0.963832 1.830610 0.932949 -1.250125 1.783635 1.156349 -1.250125 1.783636 -0.467725 0.963832 1.830610 -0.467725 -1.250125 1.783635 -0.932949 1.002222 0.021265 -0.932949 -1.211735 -0.025710 0.467725 1.002222 0.021265 0.467725 -1.211735 -0.025710 1.156349 -1.250125 1.783636 0.932949 -1.250125 1.783635 -0.467725 -1.232380 0.947279 -0.467725 -1.250125 1.783635 -0.932949 0.963832 1.830610 0.467725 0.963832 1.830610 -0.467725 0.963832 1.830610 -0.467725 0.981578 0.994253 0.467725 -1.250125 1.783635 0.467725 -1.232380 0.947279 -0.467725 1.002222 0.021265 -0.467725 -1.211735 -0.025710 0.467725 0.963832 1.830610 0.467725 -1.250125 1.783635 0.467725 -1.222027 0.459367 0.467725 -1.211735 -0.025710 -0.467725 0.991930 0.506342 -0.467725 1.002222 0.021265 " />
									<Normal vector="-0.707083 -0.706931 -0.014985 -0.577349 -0.589465 0.564959 -0.577349 0.564959 0.589465 -0.707083 0.706931 0.014985 0.000000 0.999756 0.021210 0.000000 0.691946 0.721946 0.577349 0.564959 0.589465 0.707083 0.706931 0.014985 0.707083 0.706931 0.014985 0.577349 0.564959 0.589465 0.577349 -0.589465 0.564959 0.707083 -0.706931 -0.014985 0.000000 -0.999756 -0.021210 0.000000 -0.721946 0.691946 -0.577349 -0.589465 0.564959 -0.707083 -0.706931 -0.014985 0.000000 0.721946 -0.691946 0.577349 0.589465 -0.564959 0.577349 -0.564959 -0.589465 0.000000 -0.691946 -0.721946 0.000000 0.691946 0.721946 -0.577349 0.564959 0.589465 0.000000 -0.721946 0.691946 0.000000 -0.691946 -0.721946 0.000000 -0.999756 -0.021210 -0.707083 -0.706931 -0.014985 -0.577349 -0.564959 -0.589465 0.577349 0.589465 -0.564959 0.707083 0.706931 0.014985 0.707083 -0.706931 -0.014985 0.577349 -0.564959 -0.589465 0.000000 0.721946 -0.691946 0.000000 0.999756 0.021210 0.707083 0.706931 0.014985 0.577349 0.589465 -0.564959 -0.577349 -0.564959 -0.589465 -0.707083 -0.706931 -0.014985 -0.707083 0.706931 0.014985 -0.577349 0.589465 -0.564959 -0.707083 0.706931 0.014985 -0.707083 0.706931 0.014985 0.000000 0.999756 0.021210 0.000000 0.999756 0.021210 0.000000 0.999756 0.021210 0.000000 0.999756 0.021210 0.707083 -0.706931 -0.014985 0.707083 -0.706931 -0.014985 0.000000 -0.999756 -0.021210 0.000000 -0.999756 -0.021210 -0.577349 0.589465 -0.564959 0.000000 0.721946 -0.691946 0.000000 0.721946 -0.691946 0.577349 -0.564959 -0.589465 0.000000 -0.691946 -0.721946 0.000000 -0.691946 -0.721946 0.000000 -0.999756 -0.021210 0.577349 0.564959 0.589465 0.000000 0.691946 0.721946 0.000000 -0.721946 0.691946 0.577349 -0.589465 0.564959 0.000000 0.691946 0.721946 0.000000 -0.721946 0.691946 0.000000 0.721946 -0.691946 0.000000 -0.691946 -0.721946 0.000000 0.721946 -0.691946 0.000000 -0.691946 -0.721946 0.577349 -0.589465 0.564959 0.000000 -0.721946 0.691946 0.000000 -0.999756 -0.021210 0.000000 -0.721946 0.691946 0.000000 0.691946 0.721946 0.000000 0.691946 0.721946 0.000000 0.691946 0.721946 0.000000 0.999756 0.021210 0.000000 -0.721946 0.691946 0.000000 -0.999756 -0.021210 0.000000 0.721946 -0.691946 0.000000 -0.691946 -0.721946 0.000000 0.691946 0.721946 0.000000 -0.721946 0.691946 0.000000 -0.999756 -0.021210 0.000000 -0.691946 -0.721946 0.000000 0.999756 0.021210 0.000000 0.721946 -0.691946 " />
									<TextureCoordinate point="0.2824 0.5327 0.4690 0.5327 0.4690 0.9816 0.2824 0.9816 0.2824 0.8319 0.4690 0.8319 0.4690 0.9816 0.2824 0.9816 0.2824 0.5327 0.4690 0.5327 0.4690 0.9816 0.2824 0.9816 0.2824 0.8319 0.4690 0.8319 0.4690 0.9816 0.2824 0.9816 0.3223 0.5327 0.4690 0.5327 0.4690 0.9816 0.3223 0.9816 0.3223 0.5327 0.4690 0.5327 0.3223 0.9816 0.0290 0.8319 0.1575 0.8319 0.1575 0.9816 0.0290 0.9816 0.0290 0.5327 0.1575 0.5327 0.1575 0.9816 0.0290 0.9816 0.0290 0.8319 0.1575 0.8319 0.1575 0.9816 0.0290 0.9816 0.0290 0.5327 0.1575 0.5327 0.1575 0.9816 0.0290 0.9816 0.1575 0.5327 0.2824 0.5327 0.2824 0.6823 0.1575 0.6823 0.1575 0.7821 0.2824 0.7821 0.1575 0.5327 0.2824 0.5327 0.2824 0.6823 0.1575 0.6823 0.0290 0.5327 0.0290 0.6823 0.0290 0.7821 0.0290 0.5327 0.0290 0.6823 0.0290 0.7821 0.1575 0.7821 0.0290 0.5327 0.1757 0.5327 0.1757 0.9816 0.0290 0.9816 0.2735 0.5327 0.2735 0.9816 0.1757 0.5327 0.1757 0.9816 0.2735 0.5327 0.2735 0.9816 0.4690 0.5327 0.4690 0.6823 0.2824 0.7821 0.4690 0.7821 0.4690 0.6823 0.4690 0.7821 0.4690 0.7322 0.2824 0.7322 0.4690 0.7322 0.2824 0.7322 0.2245 0.5327 0.2245 0.9816 0.2245 0.5327 0.2245 0.9816 0.1575 0.7322 0.0290 0.7322 0.1575 0.7322 0.0290 0.7322 " />
								</IndexedTriangleSet>
							</Shape>
							<Shape>
								<Appearance>
									<Material DEF="MA_Eye"
									          diffuseColor="0.800 0.800 0.800"
									          specularColor="0.401 0.401 0.401"
									          emissiveColor="0.000 0.000 0.000"
									          ambientIntensity="0.000"
									          shininess="0.500"
									          transparency="0.0"
									          />
								</Appearance>
								<IndexedTriangleSet solid="false"
								                    normalPerVertex="true"
								                    index="0 1 2 0 2 3 4 5 6 4 6 7 "
								                    >
									<Coordinate point="-0.467725 -1.222027 0.459367 -0.467725 -1.232380 0.947279 -0.932949 -1.232380 0.947279 -0.932949 -1.222027 0.459367 0.932949 -1.222027 0.459367 0.932949 -1.232380 0.947279 0.467725 -1.232380 0.947279 0.467725 -1.222027 0.459367 " />
									<Normal vector="0.000000 -0.999756 -0.021210 0.000000 -0.999756 -0.021210 0.000000 -0.999756 -0.021210 0.000000 -0.999756 -0.021210 0.000000 -0.999756 -0.021210 0.000000 -0.999756 -0.021210 0.000000 -0.999756 -0.021210 0.000000 -0.999756 -0.021210 " />
									<TextureCoordinate point="0.0369 0.5170 0.0369 0.9852 0.9631 0.9852 0.9631 0.5170 0.9631 0.5170 0.9631 0.9852 0.0369 0.9852 0.0369 0.5170 " />
								</IndexedTriangleSet>
							</Shape>
						</Group>
					</Transform>
					<Transform DEF="Cube_008_TRANSFORM"
					           translation="0.000000 -1.169354 0.566850"
					           scale="1.000000 1.000000 1.000000"
					           rotation="0.000000 1.000000 0.000000 0.000000"
					           >
						<Transform DEF="Cube_008_ifs_TRANSFORM"
						           translation="0.000000 0.000000 0.000000"
						           scale="1.000000 1.000000 1.000000"
						           rotation="0.000000 1.000000 0.000000 0.000000"
						           >
							<Group DEF="group_ME_Cube_009">
								<Shape>
									<Appearance>
										<Material USE="MA_Body" />
									</Appearance>
									<IndexedTriangleSet solid="false"
									                    normalPerVertex="true"
									                    index="0 1 2 0 2 3 4 5 6 4 6 7 8 9 10 8 10 11 12 13 14 12 14 15 4 16 17 4 17 15 18 5 14 18 14 19 "
									                    >
										<Coordinate point="-0.336561 -0.290017 -0.223469 -0.336561 -0.365990 0.009977 -0.336561 -0.037986 0.116723 -0.336561 0.037986 -0.116723 -0.336561 0.037986 -0.116723 -0.336561 -0.037986 0.116723 0.336561 -0.037986 0.116723 0.336561 0.037986 -0.116723 0.336561 0.037986 -0.116723 0.336561 -0.037986 0.116723 0.336561 -0.365990 0.009977 0.336561 -0.290017 -0.223469 0.336561 -0.290017 -0.223469 0.336561 -0.365990 0.009977 -0.336561 -0.365990 0.009977 -0.336561 -0.290017 -0.223469 0.336561 0.037986 -0.116723 0.336561 -0.290017 -0.223469 0.336561 -0.037986 0.116723 0.336561 -0.365990 0.009977 " />
										<Normal vector="-0.577349 -0.370312 -0.727653 -0.577349 -0.727653 0.370312 -0.577349 0.370312 0.727653 -0.577349 0.727653 -0.370312 -0.577349 0.727653 -0.370312 -0.577349 0.370312 0.727653 0.577349 0.370312 0.727653 0.577349 0.727653 -0.370312 0.577349 0.727653 -0.370312 0.577349 0.370312 0.727653 0.577349 -0.727653 0.370312 0.577349 -0.370312 -0.727653 0.577349 -0.370312 -0.727653 0.577349 -0.727653 0.370312 -0.577349 -0.727653 0.370312 -0.577349 -0.370312 -0.727653 0.577349 0.727653 -0.370312 0.577349 -0.370312 -0.727653 0.577349 0.370312 0.727653 0.577349 -0.727653 0.370312 " />
										<TextureCoordinate point="0.5377 0.0334 0.9643 0.0334 0.9643 0.4547 0.5377 0.4547 0.5377 0.0334 0.9643 0.0334 0.9643 0.4547 0.5377 0.4547 0.5377 0.0334 0.9643 0.0334 0.9643 0.4547 0.5377 0.4547 0.5377 0.0334 0.9643 0.0334 0.9643 0.4547 0.5377 0.4547 0.9643 0.0334 0.9643 0.4547 0.5377 0.0334 0.5377 0.4547 " />
									</IndexedTriangleSet>
								</Shape>
							</Group>
						</Transform>
					</Transform>
					<Transform DEF="mouth_TRANSFORM"
					           translation="0.000000 -1.169354 0.414849"
					           scale="1.000000 1.000000 1.000000"
					           rotation="0.000000 1.000000 0.000000 0.000000"
					           >
						<Transform DEF="mouth_ifs_TRANSFORM"
						           translation="0.000000 0.000000 0.000000"
						           scale="1.000000 1.000000 1.000000"
						           rotation="0.000000 1.000000 0.000000 0.000000"
						           >
							<Group DEF="group_ME_mouth">
								<Shape>
									<Appearance>
										<Material USE="MA_Body" />
									</Appearance>
									<IndexedTriangleSet solid="false"
									                    normalPerVertex="true"
									                    index="0 1 2 0 2 3 4 5 6 4 6 7 8 9 10 8 10 11 12 13 14 12 14 15 4 16 17 4 17 15 18 19 20 18 20 21 "
									                    >
										<Coordinate point="-0.270364 -0.190294 -0.118438 -0.270364 -0.223552 -0.016244 -0.270364 -0.016629 0.051097 -0.270364 0.016629 -0.051097 -0.270364 0.016629 -0.051097 -0.270364 -0.016629 0.051097 0.270364 -0.016629 0.051097 0.270364 0.016629 -0.051097 0.270364 0.016629 -0.051097 0.270364 -0.016629 0.051097 0.270364 -0.223552 -0.016244 0.270364 -0.190294 -0.118438 0.270364 -0.190294 -0.118438 0.270364 -0.223552 -0.016244 -0.270364 -0.223552 -0.016244 -0.270364 -0.190294 -0.118438 0.270364 0.016629 -0.051097 0.270364 -0.190294 -0.118438 0.270364 -0.016629 0.051097 -0.270364 -0.016629 0.051097 -0.270364 -0.223552 -0.016244 0.270364 -0.223552 -0.016244 " />
										<Normal vector="-0.577349 -0.370312 -0.727653 -0.577349 -0.727653 0.370312 -0.577349 0.370312 0.727653 -0.577349 0.727653 -0.370312 -0.577349 0.727653 -0.370312 -0.577349 0.370312 0.727653 0.577349 0.370312 0.727653 0.577349 0.727653 -0.370312 0.577349 0.727653 -0.370312 0.577349 0.370312 0.727653 0.577349 -0.727653 0.370312 0.577349 -0.370312 -0.727653 0.577349 -0.370312 -0.727653 0.577349 -0.727653 0.370312 -0.577349 -0.727653 0.370312 -0.577349 -0.370312 -0.727653 0.577349 0.727653 -0.370312 0.577349 -0.370312 -0.727653 0.577349 0.370312 0.727653 -0.577349 0.370312 0.727653 -0.577349 -0.727653 0.370312 0.577349 -0.727653 0.370312 " />
										<TextureCoordinate point="0.5377 0.0334 0.9643 0.0334 0.9643 0.4547 0.5377 0.4547 0.5377 0.0334 0.9643 0.0334 0.9643 0.4547 0.5377 0.4547 0.5377 0.0334 0.9643 0.0334 0.9643 0.4547 0.5377 0.4547 0.5377 0.0334 0.9643 0.0334 0.9643 0.4547 0.5377 0.4547 0.9643 0.0334 0.9643 0.4547 0.0357 0.0361 0.4623 0.0361 0.4623 0.3241 0.0357 0.3241 " />
									</IndexedTriangleSet>
								</Shape>
							</Group>
						</Transform>
					</Transform>
					<Transform DEF="top_TRANSFORM"
					           translation="0.000000 0.231353 1.734661"
					           scale="1.000000 1.000000 1.000000"
					           rotation="0.000000 1.000000 0.000000 0.000000"
					           >
						<Transform DEF="top_ifs_TRANSFORM"
						           translation="0.000000 0.000000 0.000000"
						           scale="1.000000 1.000000 1.000000"
						           rotation="0.000000 1.000000 0.000000 0.000000"
						           >
							<Group DEF="group_ME_top">
								<Shape>
									<Appearance>
										<Material USE="MA_Body" />
									</Appearance>
									<IndexedTriangleSet solid="false"
									                    normalPerVertex="true"
									                    index="0 1 2 0 2 3 4 5 6 4 6 7 8 9 10 8 10 11 12 13 14 12 14 15 4 16 17 4 17 15 18 5 14 18 14 19 "
									                    >
										<Coordinate point="-0.125180 -0.086887 0.037855 -0.125180 0.124582 0.523227 -0.125180 0.298356 0.447517 -0.125180 0.086887 -0.037855 -0.125180 0.086887 -0.037855 -0.125180 0.298356 0.447517 0.125180 0.298356 0.447517 0.125180 0.086887 -0.037855 0.125180 0.086887 -0.037855 0.125180 0.298356 0.447517 0.125180 0.124582 0.523227 0.125180 -0.086887 0.037855 0.125180 -0.086887 0.037855 0.125180 0.124582 0.523227 -0.125180 0.124582 0.523227 -0.125180 -0.086887 0.037855 0.125180 0.086887 -0.037855 0.125180 -0.086887 0.037855 0.125180 0.298356 0.447517 0.125180 0.124582 0.523227 " />
										<Normal vector="-0.577349 -0.759880 -0.298685 -0.577349 -0.298685 0.759880 -0.577349 0.759880 0.298685 -0.577349 0.298685 -0.759880 -0.577349 0.298685 -0.759880 -0.577349 0.759880 0.298685 0.577349 0.759880 0.298685 0.577349 0.298685 -0.759880 0.577349 0.298685 -0.759880 0.577349 0.759880 0.298685 0.577349 -0.298685 0.759880 0.577349 -0.759880 -0.298685 0.577349 -0.759880 -0.298685 0.577349 -0.298685 0.759880 -0.577349 -0.298685 0.759880 -0.577349 -0.759880 -0.298685 0.577349 0.298685 -0.759880 0.577349 -0.759880 -0.298685 0.577349 0.759880 0.298685 0.577349 -0.298685 0.759880 " />
										<TextureCoordinate point="0.0290 0.5327 0.4690 0.5327 0.4690 0.9816 0.0290 0.9816 0.0290 0.5327 0.4690 0.5327 0.4690 0.9816 0.0290 0.9816 0.0290 0.5327 0.4690 0.5327 0.4690 0.9816 0.0290 0.9816 0.0290 0.5327 0.4690 0.5327 0.4690 0.9816 0.0290 0.9816 0.4690 0.5327 0.4690 0.9816 0.0290 0.5327 0.0290 0.9816 " />
									</IndexedTriangleSet>
								</Shape>
							</Group>
						</Transform>
						<Transform DEF="Cube_011_TRANSFORM"
						           translation="0.104709 -0.033204 -0.076211"
						           scale="1.000000 1.000000 1.000000"
						           rotation="0.000000 1.000000 0.000000 0.000000"
						           >
							<Transform DEF="Cube_011_ifs_TRANSFORM"
							           translation="0.000000 0.000000 0.000000"
							           scale="1.000000 1.000000 1.000000"
							           rotation="0.000000 1.000000 0.000000 0.000000"
							           >
								<Group DEF="group_ME_Cube_012">
									<Shape>
										<Appearance>
											<Material USE="MA_Body" />
										</Appearance>
										<IndexedTriangleSet solid="false"
										                    normalPerVertex="true"
										                    index="0 1 2 0 2 3 4 5 6 4 6 7 8 9 10 8 10 11 12 13 14 12 14 15 4 16 17 4 17 15 18 5 14 18 14 19 "
										                    >
											<Coordinate point="-0.069115 -0.059608 0.085823 0.209496 0.080563 0.407547 0.209496 0.243611 0.336510 -0.069115 0.103441 0.014785 -0.069115 0.103441 0.014785 0.209496 0.243611 0.336510 0.347726 0.199778 0.235901 0.069115 0.059608 -0.085823 0.069115 0.059608 -0.085823 0.347726 0.199778 0.235901 0.347726 0.036729 0.306939 0.069115 -0.103441 -0.014785 0.069115 -0.103441 -0.014785 0.347726 0.036729 0.306939 0.209496 0.080563 0.407547 -0.069115 -0.059608 0.085823 0.069115 0.059608 -0.085823 0.069115 -0.103441 -0.014785 0.347726 0.199778 0.235901 0.347726 0.036729 0.306939 " />
											<Normal vector="-0.811151 -0.566515 0.145146 -0.093173 -0.205298 0.974242 -0.093173 0.853267 0.513016 -0.811151 0.492050 -0.316019 -0.811151 0.492050 -0.316019 -0.093173 0.853267 0.513016 0.811151 0.566515 -0.145146 0.093173 0.205298 -0.974242 0.093173 0.205298 -0.974242 0.811151 0.566515 -0.145146 0.811151 -0.492050 0.316019 0.093173 -0.853267 -0.513016 0.093173 -0.853267 -0.513016 0.811151 -0.492050 0.316019 -0.093173 -0.205298 0.974242 -0.811151 -0.566515 0.145146 0.093173 0.205298 -0.974242 0.093173 -0.853267 -0.513016 0.811151 0.566515 -0.145146 0.811151 -0.492050 0.316019 " />
											<TextureCoordinate point="0.0290 0.5327 0.4690 0.5327 0.4690 0.9816 0.0290 0.9816 0.0290 0.5327 0.4690 0.5327 0.4690 0.9816 0.0290 0.9816 0.0290 0.5327 0.4690 0.5327 0.4690 0.9816 0.0290 0.9816 0.0290 0.5327 0.4690 0.5327 0.4690 0.9816 0.0290 0.9816 0.4690 0.5327 0.4690 0.9816 0.0290 0.5327 0.0290 0.9816 " />
										</IndexedTriangleSet>
									</Shape>
								</Group>
							</Transform>
							<Transform DEF="Cube_013_TRANSFORM"
							           translation="-0.000000 -0.000000 -0.000000"
							           scale="1.000000 1.000000 1.000000"
							           rotation="0.000000 1.000000 0.000000 0.000000"
							           >
								<Transform DEF="Cube_013_ifs_TRANSFORM"
								           translation="0.000000 0.000000 0.000000"
								           scale="1.000000 1.000000 1.000000"
								           rotation="0.000000 1.000000 0.000000 0.000000"
								           >
									<Group DEF="group_ME_Cube_014">
										<Shape>
											<Appearance>
												<Material USE="MA_Body" />
											</Appearance>
											<IndexedTriangleSet solid="false"
											                    normalPerVertex="true"
											                    index="0 1 2 0 2 3 4 5 6 4 6 7 8 9 10 8 10 11 12 13 14 12 14 15 4 16 17 4 17 15 18 5 14 18 14 19 "
											                    >
												<Coordinate point="-0.196415 0.023007 0.145376 0.466124 0.387852 0.982784 0.466124 0.455646 0.953247 -0.196415 0.090801 0.115840 -0.196415 0.090801 0.115840 0.466124 0.455646 0.953247 0.858955 0.341838 0.692031 0.196415 -0.023007 -0.145376 0.196415 -0.023007 -0.145376 0.858955 0.341838 0.692031 0.858955 0.274045 0.721568 0.196415 -0.090801 -0.115840 0.196415 -0.090801 -0.115840 0.858955 0.274045 0.721568 0.466124 0.387852 0.982784 -0.196415 0.023007 0.145376 0.196415 -0.023007 -0.145376 0.196415 -0.090801 -0.115840 0.858955 0.341838 0.692031 0.858955 0.274045 0.721568 " />
												<Normal vector="-0.806330 -0.580554 0.112918 -0.128361 -0.207221 0.969817 -0.128361 0.851344 0.508621 -0.806330 0.478011 -0.348277 -0.806330 0.478011 -0.348277 -0.128361 0.851344 0.508621 0.806330 0.580554 -0.112918 0.128361 0.207221 -0.969817 0.128361 0.207221 -0.969817 0.806330 0.580554 -0.112918 0.806330 -0.478011 0.348277 0.128361 -0.851344 -0.508621 0.128361 -0.851344 -0.508621 0.806330 -0.478011 0.348277 -0.128361 -0.207221 0.969817 -0.806330 -0.580554 0.112918 0.128361 0.207221 -0.969817 0.128361 -0.851344 -0.508621 0.806330 0.580554 -0.112918 0.806330 -0.478011 0.348277 " />
												<TextureCoordinate point="0.5328 0.5474 0.9594 0.5474 0.9594 0.9546 0.5328 0.9546 0.5328 0.5474 0.9594 0.5474 0.9594 0.9546 0.5328 0.9546 0.5328 0.5474 0.9594 0.5474 0.9594 0.9546 0.5328 0.9546 0.5328 0.5474 0.9594 0.5474 0.9594 0.9546 0.5328 0.9546 0.9594 0.5474 0.9594 0.9546 0.5328 0.5474 0.5328 0.9546 " />
											</IndexedTriangleSet>
										</Shape>
									</Group>
								</Transform>
							</Transform>
						</Transform>
						<Transform DEF="Cube_012_TRANSFORM"
						           translation="0.000000 -0.000000 -0.000000"
						           scale="1.000000 1.000000 1.000000"
						           rotation="0.000000 1.000000 0.000000 0.000000"
						           >
							<Transform DEF="Cube_012_ifs_TRANSFORM"
							           translation="0.000000 0.000000 0.000000"
							           scale="1.000000 1.000000 1.000000"
							           rotation="0.000000 1.000000 0.000000 0.000000"
							           >
								<Group DEF="group_ME_Cube_013">
									<Shape>
										<Appearance>
											<Material USE="MA_Body" />
										</Appearance>
										<IndexedTriangleSet solid="false"
										                    normalPerVertex="true"
										                    index="0 1 2 0 2 3 4 5 6 4 6 7 8 9 10 8 10 11 12 13 14 12 14 15 4 16 17 4 17 15 18 5 14 18 14 19 "
										                    >
											<Coordinate point="-0.316629 -0.054378 0.023692 -0.316629 0.582431 1.485319 -0.316629 0.691186 1.437936 -0.316629 0.054378 -0.023692 -0.316629 0.054378 -0.023692 -0.316629 0.691186 1.437936 0.316629 0.691186 1.437936 0.316629 0.054378 -0.023692 0.316629 0.054378 -0.023692 0.316629 0.691186 1.437936 0.316629 0.582431 1.485319 0.316629 -0.054378 0.023692 0.316629 -0.054378 0.023692 0.316629 0.582431 1.485319 -0.316629 0.582431 1.485319 -0.316629 -0.054378 0.023692 0.316629 0.054378 -0.023692 0.316629 -0.054378 0.023692 0.316629 0.691186 1.437936 0.316629 0.582431 1.485319 " />
											<Normal vector="-0.577349 -0.759880 -0.298685 -0.577349 -0.298685 0.759880 -0.577349 0.759880 0.298685 -0.577349 0.298685 -0.759880 -0.577349 0.298685 -0.759880 -0.577349 0.759880 0.298685 0.577349 0.759880 0.298685 0.577349 0.298685 -0.759880 0.577349 0.298685 -0.759880 0.577349 0.759880 0.298685 0.577349 -0.298685 0.759880 0.577349 -0.759880 -0.298685 0.577349 -0.759880 -0.298685 0.577349 -0.298685 0.759880 -0.577349 -0.298685 0.759880 -0.577349 -0.759880 -0.298685 0.577349 0.298685 -0.759880 0.577349 -0.759880 -0.298685 0.577349 0.759880 0.298685 0.577349 -0.298685 0.759880 " />
											<TextureCoordinate point="0.5328 0.5474 0.9594 0.5474 0.9594 0.9546 0.5328 0.9546 0.5328 0.5474 0.9594 0.5474 0.9594 0.9546 0.5328 0.9546 0.5328 0.5474 0.9594 0.5474 0.9594 0.9546 0.5328 0.9546 0.5328 0.5474 0.9594 0.5474 0.9594 0.9546 0.5328 0.9546 0.9594 0.5474 0.9594 0.9546 0.5328 0.5474 0.5328 0.9546 " />
										</IndexedTriangleSet>
									</Shape>
								</Group>
							</Transform>
						</Transform>
						<Transform DEF="Cube_014_TRANSFORM"
						           translation="-0.104709 -0.033204 -0.076211"
						           scale="1.000000 1.000000 1.000000"
						           rotation="0.000000 1.000000 0.000000 0.000000"
						           >
							<Transform DEF="Cube_014_ifs_TRANSFORM"
							           translation="0.000000 0.000000 0.000000"
							           scale="1.000000 1.000000 1.000000"
							           rotation="0.000000 1.000000 0.000000 0.000000"
							           >
								<Group DEF="group_ME_Cube_011">
									<Shape>
										<Appearance>
											<Material USE="MA_Body" />
										</Appearance>
										<IndexedTriangleSet solid="false"
										                    normalPerVertex="true"
										                    index="0 1 2 0 2 3 4 5 6 4 6 7 8 9 10 8 10 11 12 13 14 12 14 15 4 13 16 4 16 17 18 19 14 18 14 7 "
										                    >
											<Coordinate point="0.069115 -0.059608 0.085823 0.069115 0.103441 0.014785 -0.209496 0.243611 0.336510 -0.209496 0.080563 0.407547 0.069115 0.103441 0.014785 -0.069115 0.059608 -0.085823 -0.347726 0.199778 0.235901 -0.209496 0.243611 0.336510 -0.069115 0.059608 -0.085823 -0.069115 -0.103441 -0.014785 -0.347726 0.036729 0.306939 -0.347726 0.199778 0.235901 -0.069115 -0.103441 -0.014785 0.069115 -0.059608 0.085823 -0.209496 0.080563 0.407547 -0.347726 0.036729 0.306939 -0.069115 -0.103441 -0.014785 -0.069115 0.059608 -0.085823 -0.347726 0.199778 0.235901 -0.347726 0.036729 0.306939 " />
											<Normal vector="0.811151 -0.566515 0.145146 0.811151 0.492050 -0.316019 0.093173 0.853267 0.513016 0.093173 -0.205298 0.974242 0.811151 0.492050 -0.316019 -0.093173 0.205298 -0.974242 -0.811151 0.566515 -0.145146 0.093173 0.853267 0.513016 -0.093173 0.205298 -0.974242 -0.093173 -0.853267 -0.513016 -0.811151 -0.492050 0.316019 -0.811151 0.566515 -0.145146 -0.093173 -0.853267 -0.513016 0.811151 -0.566515 0.145146 0.093173 -0.205298 0.974242 -0.811151 -0.492050 0.316019 -0.093173 -0.853267 -0.513016 -0.093173 0.205298 -0.974242 -0.811151 0.566515 -0.145146 -0.811151 -0.492050 0.316019 " />
											<TextureCoordinate point="0.0290 0.5327 0.0290 0.9816 0.4690 0.9816 0.4690 0.5327 0.0290 0.5327 0.0290 0.9816 0.4690 0.9816 0.4690 0.5327 0.0290 0.5327 0.0290 0.9816 0.4690 0.9816 0.4690 0.5327 0.0290 0.5327 0.0290 0.9816 0.4690 0.9816 0.4690 0.5327 0.4690 0.9816 0.4690 0.5327 0.0290 0.5327 0.0290 0.9816 " />
										</IndexedTriangleSet>
									</Shape>
								</Group>
							</Transform>
							<Transform DEF="Cube_015_TRANSFORM"
							           translation="0.000000 -0.000000 -0.000000"
							           scale="1.000000 1.000000 1.000000"
							           rotation="0.000000 1.000000 0.000000 0.000000"
							           >
								<Transform DEF="Cube_015_ifs_TRANSFORM"
								           translation="0.000000 0.000000 0.000000"
								           scale="1.000000 1.000000 1.000000"
								           rotation="0.000000 1.000000 0.000000 0.000000"
								           >
									<Group DEF="group_ME_Cube_015">
										<Shape>
											<Appearance>
												<Material USE="MA_Body" />
											</Appearance>
											<IndexedTriangleSet solid="false"
											                    normalPerVertex="true"
											                    index="0 1 2 0 2 3 4 5 6 4 6 7 8 9 10 8 10 11 12 13 14 12 14 15 4 13 16 4 16 17 18 19 14 18 14 7 "
											                    >
												<Coordinate point="0.196415 0.023007 0.145376 0.196415 0.090801 0.115840 -0.466124 0.455646 0.953247 -0.466124 0.387852 0.982784 0.196415 0.090801 0.115840 -0.196415 -0.023007 -0.145376 -0.858955 0.341838 0.692031 -0.466124 0.455646 0.953247 -0.196415 -0.023007 -0.145376 -0.196415 -0.090801 -0.115840 -0.858955 0.274045 0.721568 -0.858955 0.341838 0.692031 -0.196415 -0.090801 -0.115840 0.196415 0.023007 0.145376 -0.466124 0.387852 0.982784 -0.858955 0.274045 0.721568 -0.196415 -0.090801 -0.115840 -0.196415 -0.023007 -0.145376 -0.858955 0.341838 0.692031 -0.858955 0.274045 0.721568 " />
												<Normal vector="0.806330 -0.580554 0.112918 0.806330 0.478011 -0.348277 0.128361 0.851344 0.508621 0.128361 -0.207221 0.969817 0.806330 0.478011 -0.348277 -0.128361 0.207221 -0.969817 -0.806330 0.580554 -0.112918 0.128361 0.851344 0.508621 -0.128361 0.207221 -0.969817 -0.128361 -0.851344 -0.508621 -0.806330 -0.478011 0.348277 -0.806330 0.580554 -0.112918 -0.128361 -0.851344 -0.508621 0.806330 -0.580554 0.112918 0.128361 -0.207221 0.969817 -0.806330 -0.478011 0.348277 -0.128361 -0.851344 -0.508621 -0.128361 0.207221 -0.969817 -0.806330 0.580554 -0.112918 -0.806330 -0.478011 0.348277 " />
												<TextureCoordinate point="0.5328 0.5474 0.5328 0.9546 0.9594 0.9546 0.9594 0.5474 0.5328 0.5474 0.5328 0.9546 0.9594 0.9546 0.9594 0.5474 0.5328 0.5474 0.5328 0.9546 0.9594 0.9546 0.9594 0.5474 0.5328 0.5474 0.5328 0.9546 0.9594 0.9546 0.9594 0.5474 0.9594 0.9546 0.9594 0.5474 0.5328 0.5474 0.5328 0.9546 " />
											</IndexedTriangleSet>
										</Shape>
									</Group>
								</Transform>
							</Transform>
						</Transform>
					</Transform>
				</Transform>
				<Transform DEF="Plane_TRANSFORM"
				           translation="0.334784 -0.584973 0.193057"
				           scale="1.000000 1.000000 1.000000"
				           rotation="0.000000 1.000000 0.000000 0.000000"
				           >
					<Transform DEF="Plane_ifs_TRANSFORM"
					           translation="0.000000 0.000000 0.000000"
					           scale="1.000000 1.000000 1.000000"
					           rotation="0.000000 1.000000 0.000000 0.000000"
					           >
						<Group DEF="group_ME_Plane">
							<Shape>
								<Appearance>
									<Material USE="MA_Body" />
								</Appearance>
								<IndexedTriangleSet solid="false"
								                    normalPerVertex="true"
								                    index="0 1 2 0 2 3 "
								                    >
									<Coordinate point="-0.178644 -0.367618 -0.191811 0.121213 -0.390338 -0.191811 0.149928 -0.011360 -0.000000 -0.149928 0.011360 0.000000 " />
									<Normal vector="-0.034028 -0.449263 0.892727 -0.034028 -0.449263 0.892727 -0.034028 -0.449263 0.892727 -0.034028 -0.449263 0.892727 " />
									<TextureCoordinate point="0.5328 0.5474 0.9594 0.5474 0.9594 0.9546 0.5328 0.9546 " />
								</IndexedTriangleSet>
							</Shape>
						</Group>
					</Transform>
					<Transform DEF="Plane_001_TRANSFORM"
					           translation="0.062793 -0.102078 0.018205"
					           scale="1.000000 1.000000 1.000000"
					           rotation="0.000000 1.000000 0.000000 0.000000"
					           >
						<Transform DEF="Plane_001_ifs_TRANSFORM"
						           translation="0.000000 0.000000 0.000000"
						           scale="1.000000 1.000000 1.000000"
						           rotation="0.000000 1.000000 0.000000 0.000000"
						           >
							<Group DEF="group_ME_Plane_001">
								<Shape>
									<Appearance>
										<Material USE="MA_Body" />
									</Appearance>
									<IndexedTriangleSet solid="false"
									                    normalPerVertex="true"
									                    index="0 1 2 0 2 3 "
									                    >
										<Coordinate point="-0.214349 -0.245280 -0.437595 0.093441 -0.312052 -0.437595 0.153895 -0.033386 0.000000 -0.153895 0.033386 -0.000000 " />
										<Normal vector="-0.177618 -0.818751 0.545946 -0.177618 -0.818751 0.545946 -0.177618 -0.818751 0.545946 -0.177618 -0.818751 0.545946 " />
										<TextureCoordinate point="0.5328 0.5474 0.9594 0.5474 0.9594 0.9546 0.5328 0.9546 " />
									</IndexedTriangleSet>
								</Shape>
							</Group>
						</Transform>
					</Transform>
					<Transform DEF="Plane_002_TRANSFORM"
					           translation="0.274543 -0.058860 -0.026185"
					           scale="1.000000 1.000000 1.000000"
					           rotation="0.000000 1.000000 0.000000 0.000000"
					           >
						<Transform DEF="Plane_002_ifs_TRANSFORM"
						           translation="0.000000 0.000000 0.000000"
						           scale="1.000000 1.000000 1.000000"
						           rotation="0.000000 1.000000 0.000000 0.000000"
						           >
							<Group DEF="group_ME_Plane_002">
								<Shape>
									<Appearance>
										<Material USE="MA_Body" />
									</Appearance>
									<IndexedTriangleSet solid="false"
									                    normalPerVertex="true"
									                    index="0 1 2 0 2 3 "
									                    >
										<Coordinate point="0.004075 -0.417713 -0.171311 0.283567 -0.306741 -0.171311 0.139746 0.055486 -0.000000 -0.139746 -0.055486 0.000000 " />
										<Normal vector="0.148473 -0.373974 0.915433 0.148473 -0.373974 0.915433 0.148473 -0.373974 0.915433 0.148473 -0.373974 0.915433 " />
										<TextureCoordinate point="0.5328 0.5474 0.9594 0.5474 0.9594 0.9546 0.5328 0.9546 " />
									</IndexedTriangleSet>
								</Shape>
							</Group>
						</Transform>
					</Transform>
					<Transform DEF="Plane_003_TRANSFORM"
					           translation="0.278767 -0.102328 0.016452"
					           scale="1.000000 1.000000 1.000000"
					           rotation="0.000000 1.000000 0.000000 0.000000"
					           >
						<Transform DEF="Plane_003_ifs_TRANSFORM"
						           translation="0.000000 0.000000 0.000000"
						           scale="1.000000 1.000000 1.000000"
						           rotation="0.000000 1.000000 0.000000 0.000000"
						           >
							<Group DEF="group_ME_Plane_003">
								<Shape>
									<Appearance>
										<Material USE="MA_Body" />
									</Appearance>
									<IndexedTriangleSet solid="false"
									                    normalPerVertex="true"
									                    index="0 1 2 0 2 3 "
									                    >
										<Coordinate point="-0.023098 -0.311929 -0.446950 0.259990 -0.173892 -0.446950 0.141544 0.069019 -0.000000 -0.141544 -0.069019 0.000000 " />
										<Normal vector="0.375042 -0.769158 0.517411 0.375042 -0.769158 0.517411 0.375042 -0.769158 0.517411 0.375042 -0.769158 0.517411 " />
										<TextureCoordinate point="0.5328 0.5474 0.9594 0.5474 0.9594 0.9546 0.5328 0.9546 " />
									</IndexedTriangleSet>
								</Shape>
							</Group>
						</Transform>
					</Transform>
					<Transform DEF="Plane_004_TRANSFORM"
					           translation="0.256766 0.174315 -0.003493"
					           scale="1.000000 1.000000 1.000000"
					           rotation="0.000000 1.000000 0.000000 0.000000"
					           >
						<Transform DEF="Plane_004_ifs_TRANSFORM"
						           translation="0.000000 0.000000 0.000000"
						           scale="1.000000 1.000000 1.000000"
						           rotation="0.000000 1.000000 0.000000 0.000000"
						           >
							<Group DEF="group_ME_Plane_004">
								<Shape>
									<Appearance>
										<Material USE="MA_Body" />
									</Appearance>
									<IndexedTriangleSet solid="false"
									                    normalPerVertex="true"
									                    index="0 1 2 0 2 3 "
									                    >
										<Coordinate point="0.271088 -0.327036 -0.152991 0.406989 -0.060791 -0.185774 0.067950 0.133123 -0.016392 -0.067950 -0.133123 0.016392 " />
										<Normal vector="0.401898 -0.092959 0.910916 0.401898 -0.092959 0.910916 0.401898 -0.092959 0.910916 0.401898 -0.092959 0.910916 " />
										<TextureCoordinate point="0.5328 0.5474 0.9594 0.5474 0.9594 0.9546 0.5328 0.9546 " />
									</IndexedTriangleSet>
								</Shape>
							</Group>
						</Transform>
					</Transform>
					<Transform DEF="Plane_005_TRANSFORM"
					           translation="0.344958 0.118693 0.021698"
					           scale="1.000000 1.000000 1.000000"
					           rotation="0.000000 1.000000 0.000000 0.000000"
					           >
						<Transform DEF="Plane_005_ifs_TRANSFORM"
						           translation="0.000000 0.000000 0.000000"
						           scale="1.000000 1.000000 1.000000"
						           rotation="0.000000 1.000000 0.000000 0.000000"
						           >
							<Group DEF="group_ME_Plane_005">
								<Shape>
									<Appearance>
										<Material USE="MA_Body" />
									</Appearance>
									<IndexedTriangleSet solid="false"
									                    normalPerVertex="true"
									                    index="0 1 2 0 2 3 "
									                    >
										<Coordinate point="0.203054 -0.306279 -0.403187 0.323724 -0.017543 -0.438739 0.060335 0.144368 -0.017776 -0.060335 -0.144368 0.017776 " />
										<Normal vector="0.773858 -0.251869 0.581072 0.773858 -0.251869 0.581072 0.773858 -0.251869 0.581072 0.773858 -0.251869 0.581072 " />
										<TextureCoordinate point="0.5328 0.5474 0.9594 0.5474 0.9594 0.9546 0.5328 0.9546 " />
									</IndexedTriangleSet>
								</Shape>
							</Group>
						</Transform>
					</Transform>
					<Transform DEF="Plane_006_TRANSFORM"
					           translation="0.248200 0.473844 -0.004024"
					           scale="1.000000 1.000000 1.000000"
					           rotation="0.000000 1.000000 0.000000 0.000000"
					           >
						<Transform DEF="Plane_006_ifs_TRANSFORM"
						           translation="0.000000 0.000000 0.000000"
						           scale="1.000000 1.000000 1.000000"
						           rotation="0.000000 1.000000 0.000000 0.000000"
						           >
							<Group DEF="group_ME_Plane_006">
								<Shape>
									<Appearance>
										<Material USE="MA_Body" />
									</Appearance>
									<IndexedTriangleSet solid="false"
									                    normalPerVertex="true"
									                    index="0 1 2 0 2 3 "
									                    >
										<Coordinate point="0.366113 -0.269382 -0.184529 0.452225 0.045807 -0.184529 0.043056 0.157594 -0.000000 -0.043056 -0.157594 0.000000 " />
										<Normal vector="0.384808 -0.105136 0.916959 0.384808 -0.105136 0.916959 0.384808 -0.105136 0.916959 0.384808 -0.105136 0.916959 " />
										<TextureCoordinate point="0.5328 0.5474 0.9594 0.5474 0.9594 0.9546 0.5328 0.9546 " />
									</IndexedTriangleSet>
								</Shape>
							</Group>
						</Transform>
					</Transform>
					<Transform DEF="Plane_007_TRANSFORM"
					           translation="0.353513 0.431351 0.022191"
					           scale="1.000000 1.000000 1.000000"
					           rotation="0.000000 1.000000 0.000000 0.000000"
					           >
						<Transform DEF="Plane_007_ifs_TRANSFORM"
						           translation="0.000000 0.000000 0.000000"
						           scale="1.000000 1.000000 1.000000"
						           rotation="0.000000 1.000000 0.000000 0.000000"
						           >
							<Group DEF="group_ME_Plane_007">
								<Shape>
									<Appearance>
										<Material USE="MA_Body" />
									</Appearance>
									<IndexedTriangleSet solid="false"
									                    normalPerVertex="true"
									                    index="0 1 2 0 2 3 "
									                    >
										<Coordinate point="0.297834 -0.231850 -0.457028 0.362788 0.104135 -0.457028 0.032477 0.167992 0.000000 -0.032477 -0.167992 -0.000000 " />
										<Normal vector="0.790674 -0.152837 0.592792 0.790674 -0.152837 0.592792 0.790674 -0.152837 0.592792 0.790674 -0.152837 0.592792 " />
										<TextureCoordinate point="0.5328 0.5474 0.9594 0.5474 0.9594 0.9546 0.5328 0.9546 " />
									</IndexedTriangleSet>
								</Shape>
							</Group>
						</Transform>
					</Transform>
					<Transform DEF="Plane_008_TRANSFORM"
					           translation="0.244411 0.726686 -0.005348"
					           scale="1.000000 1.000000 1.000000"
					           rotation="0.000000 1.000000 0.000000 0.000000"
					           >
						<Transform DEF="Plane_008_ifs_TRANSFORM"
						           translation="0.000000 0.000000 0.000000"
						           scale="1.000000 1.000000 1.000000"
						           rotation="0.000000 1.000000 0.000000 0.000000"
						           >
							<Group DEF="group_ME_Plane_008">
								<Shape>
									<Appearance>
										<Material USE="MA_Body" />
									</Appearance>
									<IndexedTriangleSet solid="false"
									                    normalPerVertex="true"
									                    index="0 1 2 0 2 3 "
									                    >
										<Coordinate point="0.448652 -0.064928 -0.187490 0.395028 0.254095 -0.141579 -0.026812 0.159512 0.022956 0.026812 -0.159512 -0.022956 " />
										<Normal vector="0.376019 -0.069765 0.923948 0.376019 -0.069765 0.923948 0.376019 -0.069765 0.923948 0.376019 -0.069765 0.923948 " />
										<TextureCoordinate point="0.5328 0.5474 0.9594 0.5474 0.9594 0.9546 0.5328 0.9546 " />
									</IndexedTriangleSet>
								</Shape>
							</Group>
						</Transform>
					</Transform>
					<Transform DEF="Plane_009_TRANSFORM"
					           translation="0.357329 0.727939 0.023493"
					           scale="1.000000 1.000000 1.000000"
					           rotation="0.000000 1.000000 0.000000 0.000000"
					           >
						<Transform DEF="Plane_009_ifs_TRANSFORM"
						           translation="0.000000 0.000000 0.000000"
						           scale="1.000000 1.000000 1.000000"
						           rotation="0.000000 1.000000 0.000000 0.000000"
						           >
							<Group DEF="group_ME_Plane_009">
								<Shape>
									<Appearance>
										<Material USE="MA_Body" />
									</Appearance>
									<IndexedTriangleSet solid="false"
									                    normalPerVertex="true"
									                    index="0 1 2 0 2 3 "
									                    >
										<Coordinate point="0.375991 -0.018908 -0.457829 0.294451 0.310052 -0.410487 -0.040770 0.164480 0.023671 0.040770 -0.164480 -0.023671 " />
										<Normal vector="0.770898 0.100558 0.628925 0.770898 0.100558 0.628925 0.770898 0.100558 0.628925 0.770898 0.100558 0.628925 " />
										<TextureCoordinate point="0.5328 0.5474 0.9594 0.5474 0.9594 0.9546 0.5328 0.9546 " />
									</IndexedTriangleSet>
								</Shape>
							</Group>
						</Transform>
					</Transform>
					<Transform DEF="Plane_010_TRANSFORM"
					           translation="0.262970 1.024416 -0.010354"
					           scale="1.000000 1.000000 1.000000"
					           rotation="0.000000 1.000000 0.000000 0.000000"
					           >
						<Transform DEF="Plane_010_ifs_TRANSFORM"
						           translation="0.000000 0.000000 0.000000"
						           scale="1.000000 1.000000 1.000000"
						           rotation="0.000000 1.000000 0.000000 0.000000"
						           >
							<Group DEF="group_ME_Plane_010">
								<Shape>
									<Appearance>
										<Material USE="MA_Body" />
									</Appearance>
									<IndexedTriangleSet solid="false"
									                    normalPerVertex="true"
									                    index="0 1 2 0 2 3 "
									                    >
										<Coordinate point="0.235130 0.372490 -0.099060 -0.088153 0.120698 0.016392 0.088153 -0.120698 -0.016392 0.411436 0.131095 -0.131843 " />
										<Normal vector="0.282144 0.076205 0.956328 0.282144 0.076205 0.956328 0.282144 0.076205 0.956328 0.282144 0.076205 0.956328 " />
										<TextureCoordinate point="0.5328 0.5474 0.5328 0.9546 0.9594 0.9546 0.9594 0.5474 " />
									</IndexedTriangleSet>
								</Shape>
							</Group>
						</Transform>
					</Transform>
					<Transform DEF="Plane_011_TRANSFORM"
					           translation="0.338685 1.089719 0.028492"
					           scale="1.000000 1.000000 1.000000"
					           rotation="0.000000 1.000000 0.000000 0.000000"
					           >
						<Transform DEF="Plane_011_ifs_TRANSFORM"
						           translation="0.000000 0.000000 0.000000"
						           scale="1.000000 1.000000 1.000000"
						           rotation="0.000000 1.000000 0.000000 0.000000"
						           >
							<Group DEF="group_ME_Plane_011">
								<Shape>
									<Appearance>
										<Material USE="MA_Body" />
									</Appearance>
									<IndexedTriangleSet solid="false"
									                    normalPerVertex="true"
									                    index="0 1 2 0 2 3 "
									                    >
										<Coordinate point="0.200996 0.358876 -0.358337 -0.082412 0.133006 0.017776 0.082412 -0.133006 -0.017776 0.365820 0.092864 -0.393890 " />
										<Normal vector="0.657033 0.315592 0.684591 0.657033 0.315592 0.684591 0.657033 0.315592 0.684591 0.657033 0.315592 0.684591 " />
										<TextureCoordinate point="0.5328 0.5474 0.5328 0.9546 0.9594 0.9546 0.9594 0.5474 " />
									</IndexedTriangleSet>
								</Shape>
							</Group>
						</Transform>
					</Transform>
					<Transform DEF="Plane_012_TRANSFORM"
					           translation="0.071472 1.014699 -0.014006"
					           scale="1.000000 1.000000 1.000000"
					           rotation="0.000000 1.000000 0.000000 0.000000"
					           >
						<Transform DEF="Plane_012_ifs_TRANSFORM"
						           translation="0.000000 0.000000 0.000000"
						           scale="1.000000 1.000000 1.000000"
						           rotation="0.000000 1.000000 0.000000 0.000000"
						           >
							<Group DEF="group_ME_Plane_012">
								<Shape>
									<Appearance>
										<Material USE="MA_Body" />
									</Appearance>
									<IndexedTriangleSet solid="false"
									                    normalPerVertex="true"
									                    index="0 1 2 0 2 3 "
									                    >
										<Coordinate point="-0.002246 0.422885 -0.053883 -0.151475 0.064299 0.007381 0.151475 -0.064299 -0.007381 0.300704 0.294287 -0.068645 " />
										<Normal vector="0.101657 0.126255 0.986755 0.101657 0.126255 0.986755 0.101657 0.126255 0.986755 0.101657 0.126255 0.986755 " />
										<TextureCoordinate point="0.5328 0.5474 0.5328 0.9546 0.9594 0.9546 0.9594 0.5474 " />
									</IndexedTriangleSet>
								</Shape>
							</Group>
						</Transform>
					</Transform>
					<Transform DEF="Plane_013_TRANSFORM"
					           translation="0.094528 1.099808 0.032196"
					           scale="1.000000 1.000000 1.000000"
					           rotation="0.000000 1.000000 0.000000 0.000000"
					           >
						<Transform DEF="Plane_013_ifs_TRANSFORM"
						           translation="0.000000 0.000000 0.000000"
						           scale="1.000000 1.000000 1.000000"
						           rotation="0.000000 1.000000 0.000000 0.000000"
						           >
							<Group DEF="group_ME_Plane_013">
								<Shape>
									<Appearance>
										<Material USE="MA_Body" />
									</Appearance>
									<IndexedTriangleSet solid="false"
									                    normalPerVertex="true"
									                    index="0 1 2 0 2 3 "
									                    >
										<Coordinate point="0.002245 0.418714 -0.295206 -0.153074 0.078940 0.009982 0.153074 -0.078940 -0.009982 0.308393 0.260834 -0.315170 " />
										<Normal vector="0.330210 0.542680 0.772271 0.330210 0.542680 0.772271 0.330210 0.542680 0.772271 0.330210 0.542680 0.772271 " />
										<TextureCoordinate point="0.5328 0.5474 0.5328 0.9546 0.9594 0.9546 0.9594 0.5474 " />
									</IndexedTriangleSet>
								</Shape>
							</Group>
						</Transform>
					</Transform>
					<Transform DEF="Plane_014_TRANSFORM"
					           translation="-0.233708 1.093573 -0.026755"
					           scale="1.000000 1.000000 1.000000"
					           rotation="0.000000 1.000000 0.000000 0.000000"
					           >
						<Transform DEF="Plane_014_ifs_TRANSFORM"
						           translation="0.000000 0.000000 0.000000"
						           scale="1.000000 1.000000 1.000000"
						           rotation="0.000000 1.000000 0.000000 0.000000"
						           >
							<Group DEF="group_ME_Plane_014">
								<Shape>
									<Appearance>
										<Material USE="MA_Body" />
									</Appearance>
									<IndexedTriangleSet solid="false"
									                    normalPerVertex="true"
									                    index="0 1 2 0 2 3 "
									                    >
										<Coordinate point="-0.058001 0.418177 -0.059190 -0.159014 0.042976 0.001030 0.159014 -0.042976 -0.001030 0.260028 0.332226 -0.061251 " />
										<Normal vector="0.045900 0.146214 0.988159 0.045900 0.146214 0.988159 0.045900 0.146214 0.988159 0.045900 0.146214 0.988159 " />
										<TextureCoordinate point="0.5328 0.5474 0.5328 0.9546 0.9594 0.9546 0.9594 0.5474 " />
									</IndexedTriangleSet>
								</Shape>
							</Group>
						</Transform>
					</Transform>
					<Transform DEF="Plane_015_TRANSFORM"
					           translation="-0.227373 1.163603 -0.020941"
					           scale="1.000000 1.000000 1.000000"
					           rotation="0.000000 1.000000 0.000000 0.000000"
					           >
						<Transform DEF="Plane_015_ifs_TRANSFORM"
						           translation="0.000000 0.000000 0.000000"
						           scale="1.000000 1.000000 1.000000"
						           rotation="0.000000 1.000000 0.000000 0.000000"
						           >
							<Group DEF="group_ME_Plane_015">
								<Shape>
									<Appearance>
										<Material USE="MA_Body" />
									</Appearance>
									<IndexedTriangleSet solid="false"
									                    normalPerVertex="true"
									                    index="0 1 2 0 2 3 "
									                    >
										<Coordinate point="-0.068820 0.355329 -0.163024 -0.163699 0.054246 0.004774 0.163699 -0.054246 -0.004774 0.258578 0.246836 -0.172572 " />
										<Normal vector="0.170873 0.438002 0.882565 0.170873 0.438002 0.882565 0.170873 0.438002 0.882565 0.170873 0.438002 0.882565 " />
										<TextureCoordinate point="0.5328 0.5474 0.5328 0.9546 0.9594 0.9546 0.9594 0.5474 " />
									</IndexedTriangleSet>
								</Shape>
							</Group>
						</Transform>
					</Transform>
				</Transform>
				<Transform DEF="Plane_016_TRANSFORM"
				           translation="-0.334784 -0.584973 0.193057"
				           scale="1.000000 1.000000 1.000000"
				           rotation="0.000000 1.000000 0.000000 0.000000"
				           >
					<Transform DEF="Plane_016_ifs_TRANSFORM"
					           translation="0.000000 0.000000 0.000000"
					           scale="1.000000 1.000000 1.000000"
					           rotation="0.000000 1.000000 0.000000 0.000000"
					           >
						<Group DEF="group_ME_Plane_016">
							<Shape>
								<Appearance>
									<Material USE="MA_Body" />
								</Appearance>
								<IndexedTriangleSet solid="false"
								                    normalPerVertex="true"
								                    index="0 1 2 0 2 3 "
								                    >
									<Coordinate point="0.178644 -0.367618 -0.191811 0.149928 0.011360 0.000000 -0.149928 -0.011360 -0.000000 -0.121213 -0.390338 -0.191811 " />
									<Normal vector="0.034028 -0.449263 0.892727 0.034028 -0.449263 0.892727 0.034028 -0.449263 0.892727 0.034028 -0.449263 0.892727 " />
									<TextureCoordinate point="0.5328 0.5474 0.5328 0.9546 0.9594 0.9546 0.9594 0.5474 " />
								</IndexedTriangleSet>
							</Shape>
						</Group>
					</Transform>
					<Transform DEF="Plane_017_TRANSFORM"
					           translation="-0.062793 -0.102078 0.018205"
					           scale="1.000000 1.000000 1.000000"
					           rotation="0.000000 1.000000 0.000000 0.000000"
					           >
						<Transform DEF="Plane_017_ifs_TRANSFORM"
						           translation="0.000000 0.000000 0.000000"
						           scale="1.000000 1.000000 1.000000"
						           rotation="0.000000 1.000000 0.000000 0.000000"
						           >
							<Group DEF="group_ME_Plane_017">
								<Shape>
									<Appearance>
										<Material USE="MA_Body" />
									</Appearance>
									<IndexedTriangleSet solid="false"
									                    normalPerVertex="true"
									                    index="0 1 2 0 2 3 "
									                    >
										<Coordinate point="0.214349 -0.245280 -0.437595 0.153895 0.033386 0.000000 -0.153895 -0.033386 -0.000000 -0.093441 -0.312052 -0.437595 " />
										<Normal vector="0.177618 -0.818751 0.545946 0.177618 -0.818751 0.545946 0.177618 -0.818751 0.545946 0.177618 -0.818751 0.545946 " />
										<TextureCoordinate point="0.5328 0.5474 0.5328 0.9546 0.9594 0.9546 0.9594 0.5474 " />
									</IndexedTriangleSet>
								</Shape>
							</Group>
						</Transform>
					</Transform>
					<Transform DEF="Plane_018_TRANSFORM"
					           translation="-0.274543 -0.058860 -0.026185"
					           scale="1.000000 1.000000 1.000000"
					           rotation="0.000000 1.000000 0.000000 0.000000"
					           >
						<Transform DEF="Plane_018_ifs_TRANSFORM"
						           translation="0.000000 0.000000 0.000000"
						           scale="1.000000 1.000000 1.000000"
						           rotation="0.000000 1.000000 0.000000 0.000000"
						           >
							<Group DEF="group_ME_Plane_018">
								<Shape>
									<Appearance>
										<Material USE="MA_Body" />
									</Appearance>
									<IndexedTriangleSet solid="false"
									                    normalPerVertex="true"
									                    index="0 1 2 0 2 3 "
									                    >
										<Coordinate point="-0.004075 -0.417712 -0.171311 0.139746 -0.055486 -0.000000 -0.139746 0.055486 0.000000 -0.283567 -0.306741 -0.171311 " />
										<Normal vector="-0.148473 -0.373974 0.915433 -0.148473 -0.373974 0.915433 -0.148473 -0.373974 0.915433 -0.148473 -0.373974 0.915433 " />
										<TextureCoordinate point="0.5328 0.5474 0.5328 0.9546 0.9594 0.9546 0.9594 0.5474 " />
									</IndexedTriangleSet>
								</Shape>
							</Group>
						</Transform>
					</Transform>
					<Transform DEF="Plane_019_TRANSFORM"
					           translation="-0.278767 -0.102328 0.016452"
					           scale="1.000000 1.000000 1.000000"
					           rotation="0.000000 1.000000 0.000000 0.000000"
					           >
						<Transform DEF="Plane_019_ifs_TRANSFORM"
						           translation="0.000000 0.000000 0.000000"
						           scale="1.000000 1.000000 1.000000"
						           rotation="0.000000 1.000000 0.000000 0.000000"
						           >
							<Group DEF="group_ME_Plane_019">
								<Shape>
									<Appearance>
										<Material USE="MA_Body" />
									</Appearance>
									<IndexedTriangleSet solid="false"
									                    normalPerVertex="true"
									                    index="0 1 2 0 2 3 "
									                    >
										<Coordinate point="0.023098 -0.311929 -0.446950 0.141544 -0.069019 -0.000000 -0.141544 0.069019 0.000000 -0.259990 -0.173892 -0.446950 " />
										<Normal vector="-0.375042 -0.769158 0.517411 -0.375042 -0.769158 0.517411 -0.375042 -0.769158 0.517411 -0.375042 -0.769158 0.517411 " />
										<TextureCoordinate point="0.5328 0.5474 0.5328 0.9546 0.9594 0.9546 0.9594 0.5474 " />
									</IndexedTriangleSet>
								</Shape>
							</Group>
						</Transform>
					</Transform>
					<Transform DEF="Plane_020_TRANSFORM"
					           translation="-0.256766 0.174315 -0.003493"
					           scale="1.000000 1.000000 1.000000"
					           rotation="0.000000 1.000000 0.000000 0.000000"
					           >
						<Transform DEF="Plane_020_ifs_TRANSFORM"
						           translation="0.000000 0.000000 0.000000"
						           scale="1.000000 1.000000 1.000000"
						           rotation="0.000000 1.000000 0.000000 0.000000"
						           >
							<Group DEF="group_ME_Plane_020">
								<Shape>
									<Appearance>
										<Material USE="MA_Body" />
									</Appearance>
									<IndexedTriangleSet solid="false"
									                    normalPerVertex="true"
									                    index="0 1 2 0 2 3 "
									                    >
										<Coordinate point="-0.271088 -0.327036 -0.152991 0.067950 -0.133123 0.016392 -0.067950 0.133123 -0.016392 -0.406989 -0.060791 -0.185774 " />
										<Normal vector="-0.401898 -0.092959 0.910916 -0.401898 -0.092959 0.910916 -0.401898 -0.092959 0.910916 -0.401898 -0.092959 0.910916 " />
										<TextureCoordinate point="0.5328 0.5474 0.5328 0.9546 0.9594 0.9546 0.9594 0.5474 " />
									</IndexedTriangleSet>
								</Shape>
							</Group>
						</Transform>
					</Transform>
					<Transform DEF="Plane_021_TRANSFORM"
					           translation="-0.344958 0.118693 0.021698"
					           scale="1.000000 1.000000 1.000000"
					           rotation="0.000000 1.000000 0.000000 0.000000"
					           >
						<Transform DEF="Plane_021_ifs_TRANSFORM"
						           translation="0.000000 0.000000 0.000000"
						           scale="1.000000 1.000000 1.000000"
						           rotation="0.000000 1.000000 0.000000 0.000000"
						           >
							<Group DEF="group_ME_Plane_021">
								<Shape>
									<Appearance>
										<Material USE="MA_Body" />
									</Appearance>
									<IndexedTriangleSet solid="false"
									                    normalPerVertex="true"
									                    index="0 1 2 0 2 3 "
									                    >
										<Coordinate point="-0.203054 -0.306279 -0.403187 0.060335 -0.144368 0.017776 -0.060335 0.144368 -0.017776 -0.323724 -0.017543 -0.438739 " />
										<Normal vector="-0.773858 -0.251869 0.581072 -0.773858 -0.251869 0.581072 -0.773858 -0.251869 0.581072 -0.773858 -0.251869 0.581072 " />
										<TextureCoordinate point="0.5328 0.5474 0.5328 0.9546 0.9594 0.9546 0.9594 0.5474 " />
									</IndexedTriangleSet>
								</Shape>
							</Group>
						</Transform>
					</Transform>
					<Transform DEF="Plane_022_TRANSFORM"
					           translation="-0.248200 0.473844 -0.004024"
					           scale="1.000000 1.000000 1.000000"
					           rotation="0.000000 1.000000 0.000000 0.000000"
					           >
						<Transform DEF="Plane_022_ifs_TRANSFORM"
						           translation="0.000000 0.000000 0.000000"
						           scale="1.000000 1.000000 1.000000"
						           rotation="0.000000 1.000000 0.000000 0.000000"
						           >
							<Group DEF="group_ME_Plane_022">
								<Shape>
									<Appearance>
										<Material USE="MA_Body" />
									</Appearance>
									<IndexedTriangleSet solid="false"
									                    normalPerVertex="true"
									                    index="0 1 2 0 2 3 "
									                    >
										<Coordinate point="-0.366113 -0.269382 -0.184529 0.043056 -0.157594 -0.000000 -0.043056 0.157594 0.000000 -0.452225 0.045807 -0.184529 " />
										<Normal vector="-0.384808 -0.105136 0.916959 -0.384808 -0.105136 0.916959 -0.384808 -0.105136 0.916959 -0.384808 -0.105136 0.916959 " />
										<TextureCoordinate point="0.5328 0.5474 0.5328 0.9546 0.9594 0.9546 0.9594 0.5474 " />
									</IndexedTriangleSet>
								</Shape>
							</Group>
						</Transform>
					</Transform>
					<Transform DEF="Plane_023_TRANSFORM"
					           translation="-0.353513 0.431351 0.022191"
					           scale="1.000000 1.000000 1.000000"
					           rotation="0.000000 1.000000 0.000000 0.000000"
					           >
						<Transform DEF="Plane_023_ifs_TRANSFORM"
						           translation="0.000000 0.000000 0.000000"
						           scale="1.000000 1.000000 1.000000"
						           rotation="0.000000 1.000000 0.000000 0.000000"
						           >
							<Group DEF="group_ME_Plane_023">
								<Shape>
									<Appearance>
										<Material USE="MA_Body" />
									</Appearance>
									<IndexedTriangleSet solid="false"
									                    normalPerVertex="true"
									                    index="0 1 2 0 2 3 "
									                    >
										<Coordinate point="-0.297834 -0.231850 -0.457028 0.032477 -0.167992 -0.000000 -0.032477 0.167992 0.000000 -0.362788 0.104135 -0.457028 " />
										<Normal vector="-0.790674 -0.152837 0.592792 -0.790674 -0.152837 0.592792 -0.790674 -0.152837 0.592792 -0.790674 -0.152837 0.592792 " />
										<TextureCoordinate point="0.5328 0.5474 0.5328 0.9546 0.9594 0.9546 0.9594 0.5474 " />
									</IndexedTriangleSet>
								</Shape>
							</Group>
						</Transform>
					</Transform>
					<Transform DEF="Plane_024_TRANSFORM"
					           translation="-0.244411 0.726686 -0.005348"
					           scale="1.000000 1.000000 1.000000"
					           rotation="0.000000 1.000000 0.000000 0.000000"
					           >
						<Transform DEF="Plane_024_ifs_TRANSFORM"
						           translation="0.000000 0.000000 0.000000"
						           scale="1.000000 1.000000 1.000000"
						           rotation="0.000000 1.000000 0.000000 0.000000"
						           >
							<Group DEF="group_ME_Plane_024">
								<Shape>
									<Appearance>
										<Material USE="MA_Body" />
									</Appearance>
									<IndexedTriangleSet solid="false"
									                    normalPerVertex="true"
									                    index="0 1 2 0 2 3 "
									                    >
										<Coordinate point="-0.448652 -0.064928 -0.187490 -0.026812 -0.159512 -0.022956 0.026812 0.159512 0.022956 -0.395028 0.254095 -0.141579 " />
										<Normal vector="-0.376019 -0.069765 0.923948 -0.376019 -0.069765 0.923948 -0.376019 -0.069765 0.923948 -0.376019 -0.069765 0.923948 " />
										<TextureCoordinate point="0.5328 0.5474 0.5328 0.9546 0.9594 0.9546 0.9594 0.5474 " />
									</IndexedTriangleSet>
								</Shape>
							</Group>
						</Transform>
					</Transform>
					<Transform DEF="Plane_025_TRANSFORM"
					           translation="-0.357329 0.727939 0.023493"
					           scale="1.000000 1.000000 1.000000"
					           rotation="0.000000 1.000000 0.000000 0.000000"
					           >
						<Transform DEF="Plane_025_ifs_TRANSFORM"
						           translation="0.000000 0.000000 0.000000"
						           scale="1.000000 1.000000 1.000000"
						           rotation="0.000000 1.000000 0.000000 0.000000"
						           >
							<Group DEF="group_ME_Plane_025">
								<Shape>
									<Appearance>
										<Material USE="MA_Body" />
									</Appearance>
									<IndexedTriangleSet solid="false"
									                    normalPerVertex="true"
									                    index="0 1 2 0 2 3 "
									                    >
										<Coordinate point="-0.375991 -0.018908 -0.457829 -0.040770 -0.164480 -0.023671 0.040770 0.164480 0.023671 -0.294451 0.310052 -0.410487 " />
										<Normal vector="-0.770898 0.100558 0.628925 -0.770898 0.100558 0.628925 -0.770898 0.100558 0.628925 -0.770898 0.100558 0.628925 " />
										<TextureCoordinate point="0.5328 0.5474 0.5328 0.9546 0.9594 0.9546 0.9594 0.5474 " />
									</IndexedTriangleSet>
								</Shape>
							</Group>
						</Transform>
					</Transform>
					<Transform DEF="Plane_026_TRANSFORM"
					           translation="-0.262970 1.024416 -0.010354"
					           scale="1.000000 1.000000 1.000000"
					           rotation="0.000000 1.000000 0.000000 0.000000"
					           >
						<Transform DEF="Plane_026_ifs_TRANSFORM"
						           translation="0.000000 0.000000 0.000000"
						           scale="1.000000 1.000000 1.000000"
						           rotation="0.000000 1.000000 0.000000 0.000000"
						           >
							<Group DEF="group_ME_Plane_026">
								<Shape>
									<Appearance>
										<Material USE="MA_Body" />
									</Appearance>
									<IndexedTriangleSet solid="false"
									                    normalPerVertex="true"
									                    index="0 1 2 0 2 3 "
									                    >
										<Coordinate point="-0.235130 0.372490 -0.099060 -0.411436 0.131095 -0.131843 -0.088153 -0.120698 -0.016392 0.088153 0.120698 0.016392 " />
										<Normal vector="-0.282144 0.076205 0.956328 -0.282144 0.076205 0.956328 -0.282144 0.076205 0.956328 -0.282144 0.076205 0.956328 " />
										<TextureCoordinate point="0.5328 0.5474 0.9594 0.5474 0.9594 0.9546 0.5328 0.9546 " />
									</IndexedTriangleSet>
								</Shape>
							</Group>
						</Transform>
					</Transform>
					<Transform DEF="Plane_027_TRANSFORM"
					           translation="-0.338685 1.089719 0.028492"
					           scale="1.000000 1.000000 1.000000"
					           rotation="0.000000 1.000000 0.000000 0.000000"
					           >
						<Transform DEF="Plane_027_ifs_TRANSFORM"
						           translation="0.000000 0.000000 0.000000"
						           scale="1.000000 1.000000 1.000000"
						           rotation="0.000000 1.000000 0.000000 0.000000"
						           >
							<Group DEF="group_ME_Plane_027">
								<Shape>
									<Appearance>
										<Material USE="MA_Body" />
									</Appearance>
									<IndexedTriangleSet solid="false"
									                    normalPerVertex="true"
									                    index="0 1 2 0 2 3 "
									                    >
										<Coordinate point="-0.200996 0.358876 -0.358337 -0.365820 0.092864 -0.393890 -0.082412 -0.133006 -0.017776 0.082412 0.133006 0.017776 " />
										<Normal vector="-0.657033 0.315592 0.684591 -0.657033 0.315592 0.684591 -0.657033 0.315592 0.684591 -0.657033 0.315592 0.684591 " />
										<TextureCoordinate point="0.5328 0.5474 0.9594 0.5474 0.9594 0.9546 0.5328 0.9546 " />
									</IndexedTriangleSet>
								</Shape>
							</Group>
						</Transform>
					</Transform>
					<Transform DEF="Plane_028_TRANSFORM"
					           translation="-0.071472 1.014699 -0.014006"
					           scale="1.000000 1.000000 1.000000"
					           rotation="0.000000 1.000000 0.000000 0.000000"
					           >
						<Transform DEF="Plane_028_ifs_TRANSFORM"
						           translation="0.000000 0.000000 0.000000"
						           scale="1.000000 1.000000 1.000000"
						           rotation="0.000000 1.000000 0.000000 0.000000"
						           >
							<Group DEF="group_ME_Plane_028">
								<Shape>
									<Appearance>
										<Material USE="MA_Body" />
									</Appearance>
									<IndexedTriangleSet solid="false"
									                    normalPerVertex="true"
									                    index="0 1 2 0 2 3 "
									                    >
										<Coordinate point="0.002246 0.422885 -0.053883 -0.300704 0.294287 -0.068645 -0.151475 -0.064299 -0.007381 0.151475 0.064299 0.007381 " />
										<Normal vector="-0.101657 0.126255 0.986755 -0.101657 0.126255 0.986755 -0.101657 0.126255 0.986755 -0.101657 0.126255 0.986755 " />
										<TextureCoordinate point="0.5328 0.5474 0.9594 0.5474 0.9594 0.9546 0.5328 0.9546 " />
									</IndexedTriangleSet>
								</Shape>
							</Group>
						</Transform>
					</Transform>
					<Transform DEF="Plane_029_TRANSFORM"
					           translation="-0.094528 1.099808 0.032196"
					           scale="1.000000 1.000000 1.000000"
					           rotation="0.000000 1.000000 0.000000 0.000000"
					           >
						<Transform DEF="Plane_029_ifs_TRANSFORM"
						           translation="0.000000 0.000000 0.000000"
						           scale="1.000000 1.000000 1.000000"
						           rotation="0.000000 1.000000 0.000000 0.000000"
						           >
							<Group DEF="group_ME_Plane_029">
								<Shape>
									<Appearance>
										<Material USE="MA_Body" />
									</Appearance>
									<IndexedTriangleSet solid="false"
									                    normalPerVertex="true"
									                    index="0 1 2 0 2 3 "
									                    >
										<Coordinate point="-0.002245 0.418714 -0.295206 -0.308393 0.260834 -0.315170 -0.153074 -0.078940 -0.009982 0.153074 0.078940 0.009982 " />
										<Normal vector="-0.330210 0.542680 0.772271 -0.330210 0.542680 0.772271 -0.330210 0.542680 0.772271 -0.330210 0.542680 0.772271 " />
										<TextureCoordinate point="0.5328 0.5474 0.9594 0.5474 0.9594 0.9546 0.5328 0.9546 " />
									</IndexedTriangleSet>
								</Shape>
							</Group>
						</Transform>
					</Transform>
					<Transform DEF="Plane_030_TRANSFORM"
					           translation="0.233708 1.093573 -0.026755"
					           scale="1.000000 1.000000 1.000000"
					           rotation="0.000000 1.000000 0.000000 0.000000"
					           >
						<Transform DEF="Plane_030_ifs_TRANSFORM"
						           translation="0.000000 0.000000 0.000000"
						           scale="1.000000 1.000000 1.000000"
						           rotation="0.000000 1.000000 0.000000 0.000000"
						           >
							<Group DEF="group_ME_Plane_030">
								<Shape>
									<Appearance>
										<Material USE="MA_Body" />
									</Appearance>
									<IndexedTriangleSet solid="false"
									                    normalPerVertex="true"
									                    index="0 1 2 0 2 3 "
									                    >
										<Coordinate point="0.058001 0.418177 -0.059190 -0.260028 0.332226 -0.061251 -0.159014 -0.042976 -0.001030 0.159014 0.042976 0.001030 " />
										<Normal vector="-0.045900 0.146214 0.988159 -0.045900 0.146214 0.988159 -0.045900 0.146214 0.988159 -0.045900 0.146214 0.988159 " />
										<TextureCoordinate point="0.5328 0.5474 0.9594 0.5474 0.9594 0.9546 0.5328 0.9546 " />
									</IndexedTriangleSet>
								</Shape>
							</Group>
						</Transform>
					</Transform>
					<Transform DEF="Plane_031_TRANSFORM"
					           translation="0.227373 1.163603 -0.020941"
					           scale="1.000000 1.000000 1.000000"
					           rotation="0.000000 1.000000 0.000000 0.000000"
					           >
						<Transform DEF="Plane_031_ifs_TRANSFORM"
						           translation="0.000000 0.000000 0.000000"
						           scale="1.000000 1.000000 1.000000"
						           rotation="0.000000 1.000000 0.000000 0.000000"
						           >
							<Group DEF="group_ME_Plane_031">
								<Shape>
									<Appearance>
										<Material USE="MA_Body" />
									</Appearance>
									<IndexedTriangleSet solid="false"
									                    normalPerVertex="true"
									                    index="0 1 2 0 2 3 "
									                    >
										<Coordinate point="0.068820 0.355329 -0.163024 -0.258578 0.246836 -0.172572 -0.163699 -0.054246 -0.004774 0.163699 0.054246 0.004774 " />
										<Normal vector="-0.170873 0.438002 0.882565 -0.170873 0.438002 0.882565 -0.170873 0.438002 0.882565 -0.170873 0.438002 0.882565 " />
										<TextureCoordinate point="0.5328 0.5474 0.9594 0.5474 0.9594 0.9546 0.5328 0.9546 " />
									</IndexedTriangleSet>
								</Shape>
							</Group>
						</Transform>
					</Transform>
				</Transform>
			</Transform>
			<Transform DEF="leg2_TRANSFORM"
			           translation="-0.296589 0.212357 0.096227"
			           scale="1.000000 1.000000 1.000000"
			           rotation="0.000000 1.000000 0.000000 0.000000"
			           >
				<Transform DEF="leg2_ifs_TRANSFORM"
				           translation="0.000000 0.000000 0.000000"
				           scale="1.000000 1.000000 1.000000"
				           rotation="0.000000 1.000000 0.000000 0.000000"
				           >
					<Group DEF="group_ME_leg2">
						<Shape>
							<Appearance>
								<Material USE="MA_Body" />
							</Appearance>
							<IndexedTriangleSet solid="false"
							                    normalPerVertex="true"
							                    index="0 1 2 0 2 3 4 5 6 4 6 7 8 9 10 8 10 11 12 13 14 12 14 15 4 13 16 4 16 17 18 19 14 18 14 7 "
							                    >
								<Coordinate point="0.090888 -0.187459 -0.492705 0.090888 -0.006964 -0.527115 0.090888 0.090248 -0.017205 0.090888 -0.090248 0.017205 0.090888 -0.006964 -0.527115 -0.090888 -0.006964 -0.527115 -0.090888 0.090248 -0.017205 0.090888 0.090248 -0.017205 -0.090888 -0.006964 -0.527115 -0.090888 -0.187459 -0.492705 -0.090888 -0.090248 0.017205 -0.090888 0.090248 -0.017205 -0.090888 -0.187459 -0.492705 0.090888 -0.187459 -0.492705 0.090888 -0.090248 0.017205 -0.090888 -0.090248 0.017205 -0.090888 -0.187459 -0.492705 -0.090888 -0.006964 -0.527115 -0.090888 0.090248 -0.017205 -0.090888 -0.090248 0.017205 " />
								<Normal vector="0.577349 -0.675253 -0.458998 0.577349 0.458998 -0.675253 0.577349 0.675253 0.458998 0.577349 -0.458998 0.675253 0.577349 0.458998 -0.675253 -0.577349 0.458998 -0.675253 -0.577349 0.675253 0.458998 0.577349 0.675253 0.458998 -0.577349 0.458998 -0.675253 -0.577349 -0.675253 -0.458998 -0.577349 -0.458998 0.675253 -0.577349 0.675253 0.458998 -0.577349 -0.675253 -0.458998 0.577349 -0.675253 -0.458998 0.577349 -0.458998 0.675253 -0.577349 -0.458998 0.675253 -0.577349 -0.675253 -0.458998 -0.577349 0.458998 -0.675253 -0.577349 0.675253 0.458998 -0.577349 -0.458998 0.675253 " />
								<TextureCoordinate point="0.5377 0.0334 0.5377 0.4547 0.9643 0.4547 0.9643 0.0334 0.5377 0.0334 0.5377 0.4547 0.9643 0.4547 0.9643 0.0334 0.5377 0.0334 0.5377 0.4547 0.9643 0.4547 0.9643 0.0334 0.5377 0.0334 0.5377 0.4547 0.9643 0.4547 0.9643 0.0334 0.9643 0.4547 0.9643 0.0334 0.5377 0.0334 0.5377 0.4547 " />
							</IndexedTriangleSet>
						</Shape>
					</Group>
				</Transform>
				<Transform DEF="foot2_TRANSFORM"
				           translation="-0.001305 -0.122788 -0.475135"
				           scale="1.000000 1.000000 1.000000"
				           rotation="0.000000 1.000000 0.000000 0.000000"
				           >
					<Transform DEF="foot2_ifs_TRANSFORM"
					           translation="0.000000 0.000000 0.000000"
					           scale="1.000000 1.000000 1.000000"
					           rotation="0.000000 1.000000 0.000000 0.000000"
					           >
						<Group DEF="group_ME_foot2">
							<Shape>
								<Appearance>
									<Material USE="MA_Body" />
								</Appearance>
								<IndexedTriangleSet solid="false"
								                    normalPerVertex="true"
								                    index="0 1 2 0 2 3 4 5 6 4 6 7 8 9 10 8 10 11 12 13 14 12 14 15 4 13 16 4 16 17 18 19 14 18 14 7 "
								                    >
									<Coordinate point="0.143065 -0.190057 -0.196117 0.143065 0.190057 -0.196117 0.143065 0.190057 0.000000 0.143065 -0.190057 -0.000000 0.143065 0.190057 -0.196117 -0.143065 0.190057 -0.196117 -0.143065 0.190057 0.000000 0.143065 0.190057 0.000000 -0.143065 0.190057 -0.196117 -0.143065 -0.190057 -0.196117 -0.143065 -0.190057 -0.000000 -0.143065 0.190057 0.000000 -0.143065 -0.190057 -0.196117 0.143065 -0.190057 -0.196117 0.143065 -0.190057 -0.000000 -0.143065 -0.190057 -0.000000 -0.143065 -0.190057 -0.196117 -0.143065 0.190057 -0.196117 -0.143065 0.190057 0.000000 -0.143065 -0.190057 -0.000000 " />
									<Normal vector="0.577349 -0.577349 -0.577349 0.577349 0.577349 -0.577349 0.577349 0.577349 0.577349 0.577349 -0.577349 0.577349 0.577349 0.577349 -0.577349 -0.577349 0.577349 -0.577349 -0.577349 0.577349 0.577349 0.577349 0.577349 0.577349 -0.577349 0.577349 -0.577349 -0.577349 -0.577349 -0.577349 -0.577349 -0.577349 0.577349 -0.577349 0.577349 0.577349 -0.577349 -0.577349 -0.577349 0.577349 -0.577349 -0.577349 0.577349 -0.577349 0.577349 -0.577349 -0.577349 0.577349 -0.577349 -0.577349 -0.577349 -0.577349 0.577349 -0.577349 -0.577349 0.577349 0.577349 -0.577349 -0.577349 0.577349 " />
									<TextureCoordinate point="0.5377 0.0334 0.5377 0.4547 0.9643 0.4547 0.9643 0.0334 0.5377 0.0334 0.5377 0.4547 0.9643 0.4547 0.9643 0.0334 0.5377 0.0334 0.5377 0.4547 0.9643 0.4547 0.9643 0.0334 0.5377 0.0334 0.5377 0.4547 0.9643 0.4547 0.9643 0.0334 0.9643 0.4547 0.9643 0.0334 0.5377 0.0334 0.5377 0.4547 " />
								</IndexedTriangleSet>
							</Shape>
						</Group>
					</Transform>
					<Transform DEF="Cube_004_TRANSFORM"
					           translation="-0.072482 -0.078527 -0.107620"
					           scale="1.000000 1.000000 1.000000"
					           rotation="0.000000 1.000000 0.000000 0.000000"
					           >
						<Transform DEF="Cube_004_ifs_TRANSFORM"
						           translation="0.000000 0.000000 0.000000"
						           scale="1.000000 1.000000 1.000000"
						           rotation="0.000000 1.000000 0.000000 0.000000"
						           >
							<Group DEF="group_ME_Cube_004">
								<Shape>
									<Appearance>
										<Material USE="MA_Body" />
									</Appearance>
									<IndexedTriangleSet solid="false"
									                    normalPerVertex="true"
									                    index="0 1 2 0 2 3 4 5 6 4 6 7 8 9 10 8 10 11 12 13 14 12 14 15 4 13 16 4 16 17 18 19 14 18 14 7 "
									                    >
										<Coordinate point="-0.234640 -0.565903 -0.102263 0.085081 -0.048955 -0.077956 0.081801 -0.054258 0.077956 -0.237920 -0.571206 0.053649 0.085081 -0.048955 -0.077956 -0.081801 0.054258 -0.077956 -0.085081 0.048955 0.077956 0.081801 -0.054258 0.077956 -0.081801 0.054258 -0.077956 -0.401522 -0.462690 -0.102263 -0.404802 -0.467993 0.053649 -0.085081 0.048955 0.077956 -0.401522 -0.462690 -0.102263 -0.234640 -0.565903 -0.102263 -0.237920 -0.571206 0.053649 -0.404802 -0.467993 0.053649 -0.401522 -0.462690 -0.102263 -0.081801 0.054258 -0.077956 -0.085081 0.048955 0.077956 -0.404802 -0.467993 0.053649 " />
										<Normal vector="0.199713 -0.774682 -0.599933 0.806604 0.206549 -0.553789 0.782311 0.167302 0.599933 0.175420 -0.813929 0.553789 0.806604 0.206549 -0.553789 -0.175420 0.813929 -0.553789 -0.199713 0.774682 0.599933 0.782311 0.167302 0.599933 -0.175420 0.813929 -0.553789 -0.782311 -0.167302 -0.599933 -0.806604 -0.206549 0.553789 -0.199713 0.774682 0.599933 -0.782311 -0.167302 -0.599933 0.199713 -0.774682 -0.599933 0.175420 -0.813929 0.553789 -0.806604 -0.206549 0.553789 -0.782311 -0.167302 -0.599933 -0.175420 0.813929 -0.553789 -0.199713 0.774682 0.599933 -0.806604 -0.206549 0.553789 " />
										<TextureCoordinate point="0.5377 0.0334 0.5377 0.4547 0.9643 0.4547 0.9643 0.0334 0.5377 0.0334 0.5377 0.4547 0.9643 0.4547 0.9643 0.0334 0.5377 0.0334 0.5377 0.4547 0.9643 0.4547 0.9643 0.0334 0.5377 0.0334 0.5377 0.4547 0.9643 0.4547 0.9643 0.0334 0.9643 0.4547 0.9643 0.0334 0.5377 0.0334 0.5377 0.4547 " />
									</IndexedTriangleSet>
								</Shape>
							</Group>
						</Transform>
					</Transform>
					<Transform DEF="Cube_009_TRANSFORM"
					           translation="0.003159 -0.155857 -0.101137"
					           scale="1.000000 1.000000 1.000000"
					           rotation="0.000000 1.000000 0.000000 0.000000"
					           >
						<Transform DEF="Cube_009_ifs_TRANSFORM"
						           translation="0.000000 0.000000 0.000000"
						           scale="1.000000 1.000000 1.000000"
						           rotation="0.000000 1.000000 0.000000 0.000000"
						           >
							<Group DEF="group_ME_Cube_008">
								<Shape>
									<Appearance>
										<Material USE="MA_Body" />
									</Appearance>
									<IndexedTriangleSet solid="false"
									                    normalPerVertex="true"
									                    index="0 1 2 0 2 3 4 5 6 4 6 7 8 9 10 8 10 11 12 13 14 12 14 15 4 13 16 4 16 17 18 19 14 18 14 7 "
									                    >
										<Coordinate point="0.098110 -0.626780 -0.109920 0.098110 0.002376 -0.094021 0.098110 -0.002376 0.094021 0.098110 -0.631531 0.078122 0.098110 0.002376 -0.094021 -0.098110 0.002376 -0.094021 -0.098110 -0.002376 0.094021 0.098110 -0.002376 0.094021 -0.098110 0.002376 -0.094021 -0.098110 -0.626780 -0.109920 -0.098110 -0.631531 0.078122 -0.098110 -0.002376 0.094021 -0.098110 -0.626780 -0.109920 0.098110 -0.626780 -0.109920 0.098110 -0.631531 0.078122 -0.098110 -0.631531 0.078122 -0.098110 -0.626780 -0.109920 -0.098110 0.002376 -0.094021 -0.098110 -0.002376 0.094021 -0.098110 -0.631531 0.078122 " />
										<Normal vector="0.577349 -0.562578 -0.591723 0.577349 0.591723 -0.562578 0.577349 0.562578 0.591723 0.577349 -0.591723 0.562578 0.577349 0.591723 -0.562578 -0.577349 0.591723 -0.562578 -0.577349 0.562578 0.591723 0.577349 0.562578 0.591723 -0.577349 0.591723 -0.562578 -0.577349 -0.562578 -0.591723 -0.577349 -0.591723 0.562578 -0.577349 0.562578 0.591723 -0.577349 -0.562578 -0.591723 0.577349 -0.562578 -0.591723 0.577349 -0.591723 0.562578 -0.577349 -0.591723 0.562578 -0.577349 -0.562578 -0.591723 -0.577349 0.591723 -0.562578 -0.577349 0.562578 0.591723 -0.577349 -0.591723 0.562578 " />
										<TextureCoordinate point="0.5377 0.0334 0.5377 0.4547 0.9643 0.4547 0.9643 0.0334 0.5377 0.0334 0.5377 0.4547 0.9643 0.4547 0.9643 0.0334 0.5377 0.0334 0.5377 0.4547 0.9643 0.4547 0.9643 0.0334 0.5377 0.0334 0.5377 0.4547 0.9643 0.4547 0.9643 0.0334 0.9643 0.4547 0.9643 0.0334 0.5377 0.0334 0.5377 0.4547 " />
									</IndexedTriangleSet>
								</Shape>
							</Group>
						</Transform>
					</Transform>
					<Transform DEF="Cube_010_TRANSFORM"
					           translation="0.003159 0.147667 -0.113105"
					           scale="1.000000 1.000000 1.000000"
					           rotation="0.000000 1.000000 0.000000 0.000000"
					           >
						<Transform DEF="Cube_010_ifs_TRANSFORM"
						           translation="0.000000 0.000000 0.000000"
						           scale="1.000000 1.000000 1.000000"
						           rotation="0.000000 1.000000 0.000000 0.000000"
						           >
							<Group DEF="group_ME_Cube_010">
								<Shape>
									<Appearance>
										<Material USE="MA_Body" />
									</Appearance>
									<IndexedTriangleSet solid="false"
									                    normalPerVertex="true"
									                    index="0 1 2 0 2 3 4 5 6 4 6 7 8 9 10 8 10 11 12 13 14 12 14 15 4 13 16 4 16 17 18 19 14 18 14 7 "
									                    >
										<Coordinate point="-0.075947 0.340204 -0.098010 -0.075947 -0.005466 -0.071633 -0.075947 0.005466 0.071633 -0.075947 0.351136 0.045257 -0.075947 -0.005466 -0.071633 0.075947 -0.005466 -0.071633 0.075947 0.005466 0.071633 -0.075947 0.005466 0.071633 0.075947 -0.005466 -0.071633 0.075947 0.340203 -0.098010 0.075947 0.351136 0.045257 0.075947 0.005466 0.071633 0.075947 0.340203 -0.098010 -0.075947 0.340204 -0.098010 -0.075947 0.351136 0.045257 0.075947 0.351136 0.045257 0.075947 0.340203 -0.098010 0.075947 -0.005466 -0.071633 0.075947 0.005466 0.071633 0.075947 0.351136 0.045257 " />
										<Normal vector="-0.577349 0.531724 -0.619587 -0.577349 -0.619587 -0.531724 -0.577349 -0.531724 0.619587 -0.577349 0.619587 0.531724 -0.577349 -0.619587 -0.531724 0.577349 -0.619587 -0.531724 0.577349 -0.531724 0.619587 -0.577349 -0.531724 0.619587 0.577349 -0.619587 -0.531724 0.577349 0.531724 -0.619587 0.577349 0.619587 0.531724 0.577349 -0.531724 0.619587 0.577349 0.531724 -0.619587 -0.577349 0.531724 -0.619587 -0.577349 0.619587 0.531724 0.577349 0.619587 0.531724 0.577349 0.531724 -0.619587 0.577349 -0.619587 -0.531724 0.577349 -0.531724 0.619587 0.577349 0.619587 0.531724 " />
										<TextureCoordinate point="0.5377 0.0334 0.5377 0.4547 0.9643 0.4547 0.9643 0.0334 0.5377 0.0334 0.5377 0.4547 0.9643 0.4547 0.9643 0.0334 0.5377 0.0334 0.5377 0.4547 0.9643 0.4547 0.9643 0.0334 0.5377 0.0334 0.5377 0.4547 0.9643 0.4547 0.9643 0.0334 0.9643 0.4547 0.9643 0.0334 0.5377 0.0334 0.5377 0.4547 " />
									</IndexedTriangleSet>
								</Shape>
							</Group>
						</Transform>
					</Transform>
					<Transform DEF="Cube_016_TRANSFORM"
					           translation="0.073815 -0.078527 -0.107620"
					           scale="1.000000 1.000000 1.000000"
					           rotation="0.000000 1.000000 0.000000 0.000000"
					           >
						<Transform DEF="Cube_016_ifs_TRANSFORM"
						           translation="0.000000 0.000000 0.000000"
						           scale="1.000000 1.000000 1.000000"
						           rotation="0.000000 1.000000 0.000000 0.000000"
						           >
							<Group DEF="group_ME_Cube_016">
								<Shape>
									<Appearance>
										<Material USE="MA_Body" />
									</Appearance>
									<IndexedTriangleSet solid="false"
									                    normalPerVertex="true"
									                    index="0 1 2 0 2 3 4 5 6 4 6 7 8 9 10 8 10 11 12 13 14 12 14 15 4 16 17 4 17 15 18 5 14 18 14 19 "
									                    >
										<Coordinate point="0.234640 -0.565903 -0.102264 0.237920 -0.571206 0.053649 -0.081801 -0.054258 0.077956 -0.085081 -0.048955 -0.077956 -0.085081 -0.048955 -0.077956 -0.081801 -0.054258 0.077956 0.085081 0.048955 0.077956 0.081801 0.054258 -0.077956 0.081801 0.054258 -0.077956 0.085081 0.048955 0.077956 0.404802 -0.467993 0.053649 0.401522 -0.462690 -0.102264 0.401522 -0.462690 -0.102264 0.404802 -0.467993 0.053649 0.237920 -0.571206 0.053649 0.234640 -0.565903 -0.102264 0.081801 0.054258 -0.077956 0.401522 -0.462690 -0.102264 0.085081 0.048955 0.077956 0.404802 -0.467993 0.053649 " />
										<Normal vector="-0.199713 -0.774682 -0.599933 -0.175420 -0.813929 0.553789 -0.782311 0.167302 0.599933 -0.806604 0.206549 -0.553789 -0.806604 0.206549 -0.553789 -0.782311 0.167302 0.599933 0.199713 0.774682 0.599933 0.175420 0.813929 -0.553789 0.175420 0.813929 -0.553789 0.199713 0.774682 0.599933 0.806604 -0.206549 0.553789 0.782311 -0.167302 -0.599933 0.782311 -0.167302 -0.599933 0.806604 -0.206549 0.553789 -0.175420 -0.813929 0.553789 -0.199713 -0.774682 -0.599933 0.175420 0.813929 -0.553789 0.782311 -0.167302 -0.599933 0.199713 0.774682 0.599933 0.806604 -0.206549 0.553789 " />
										<TextureCoordinate point="0.5377 0.0334 0.9643 0.0334 0.9643 0.4547 0.5377 0.4547 0.5377 0.0334 0.9643 0.0334 0.9643 0.4547 0.5377 0.4547 0.5377 0.0334 0.9643 0.0334 0.9643 0.4547 0.5377 0.4547 0.5377 0.0334 0.9643 0.0334 0.9643 0.4547 0.5377 0.4547 0.9643 0.0334 0.9643 0.4547 0.5377 0.0334 0.5377 0.4547 " />
									</IndexedTriangleSet>
								</Shape>
							</Group>
						</Transform>
					</Transform>
				</Transform>
			</Transform>
		</Transform>
	</Scene>
</X3D>