<?xml version="1.0" encoding="UTF-8"?>
<!DOCTYPE X3D PUBLIC "ISO//Web3D//DTD X3D 3.0//EN" "http://www.web3d.org/specifications/x3d-3.0.dtd">
<X3D version="3.0" profile="Immersive" xmlns:xsd="http://www.w3.org/2001/XMLSchema-instance" xsd:noNamespaceSchemaLocation="http://www.web3d.org/specifications/x3d-3.0.xsd">
	<head>
		<meta name="filename" content="venomoth.x3d" />
		<meta name="generator" content="Blender 2.93.18" />
	</head>
	<Scene>
		<NavigationInfo headlight="true"
		                visibilityLimit="0.0"
		                type='"EXAMINE", "ANY"'
		                avatarSize="0.25, 1.75, 0.75"
		                />
		<Background DEF="WO_World"
		            groundColor="0.051 0.051 0.051"
		            skyColor="0.051 0.051 0.051"
		            />
		<Transform DEF="body_TRANSFORM"
		           translation="0.000000 0.033333 0.789141"
		           scale="1.000000 1.000000 1.000000"
		           rotation="0.000000 0.000000 1.000000 3.141593"
		           >
			<Transform DEF="body_ifs_TRANSFORM"
			           translation="0.000000 0.000000 0.000000"
			           scale="1.000000 1.000000 1.000000"
			           rotation="0.000000 1.000000 0.000000 0.000000"
			           >
				<Group DEF="group_ME_body">
					<Shape>
						<Appearance>
							<Material DEF="MA_Body"
							          diffuseColor="0.800 0.800 0.800"
							          specularColor="0.401 0.401 0.401"
							          emissiveColor="0.000 0.000 0.000"
							          ambientIntensity="0.000"
							          shininess="0.500"
							          transparency="0.0"
							          />
						</Appearance>
						<IndexedTriangleSet solid="false"
						                    normalPerVertex="true"
						                    index="0 1 2 0 2 3 4 5 6 4 6 7 8 9 10 8 10 11 12 13 14 12 14 15 4 16 17 4 17 15 18 5 14 18 14 19 "
						                    >
							<Coordinate point="-0.192748 -0.169273 -0.011117 -0.192748 -0.174437 0.067503 -0.192748 0.164110 0.089737 -0.192748 0.169273 0.011117 -0.192748 0.169273 0.011117 -0.192748 0.164110 0.089737 0.192748 0.164110 0.089737 0.192748 0.169273 0.011117 0.192748 0.169273 0.011117 0.192748 0.164110 0.089737 0.192748 -0.174437 0.067503 0.192748 -0.169273 -0.011117 0.192748 -0.169273 -0.011117 0.192748 -0.174437 0.067503 -0.192748 -0.174437 0.067503 -0.192748 -0.169273 -0.011117 0.192748 0.169273 0.011117 0.192748 -0.169273 -0.011117 0.192748 0.164110 0.089737 0.192748 -0.174437 0.067503 " />
							<Normal vector="-0.577349 -0.538255 -0.613941 -0.577349 -0.613941 0.538255 -0.577349 0.538255 0.613941 -0.577349 0.613941 -0.538255 -0.577349 0.613941 -0.538255 -0.577349 0.538255 0.613941 0.577349 0.538255 0.613941 0.577349 0.613941 -0.538255 0.577349 0.613941 -0.538255 0.577349 0.538255 0.613941 0.577349 -0.613941 0.538255 0.577349 -0.538255 -0.613941 0.577349 -0.538255 -0.613941 0.577349 -0.613941 0.538255 -0.577349 -0.613941 0.538255 -0.577349 -0.538255 -0.613941 0.577349 0.613941 -0.538255 0.577349 -0.538255 -0.613941 0.577349 0.538255 0.613941 0.577349 -0.613941 0.538255 " />
							<TextureCoordinate point="0.0241 0.8369 0.0892 0.8369 0.0892 0.9444 0.0241 0.9444 0.0241 0.8369 0.0892 0.8369 0.0892 0.9444 0.0241 0.9444 0.0241 0.8369 0.0892 0.8369 0.0892 0.9444 0.0241 0.9444 0.0241 0.8369 0.0892 0.8369 0.0892 0.9444 0.0241 0.9444 0.0892 0.8369 0.0892 0.9444 0.0241 0.8369 0.0241 0.9444 " />
						</IndexedTriangleSet>
					</Shape>
				</Group>
			</Transform>
			<Transform DEF="arm2_TRANSFORM"
			           translation="0.249275 -0.009068 0.198933"
			           scale="1.000000 1.000000 1.000000"
			           rotation="0.000000 1.000000 0.000000 0.000000"
			           >
				<Transform DEF="arm2_ifs_TRANSFORM"
				           translation="0.000000 0.000000 0.000000"
				           scale="1.000000 1.000000 1.000000"
				           rotation="0.000000 1.000000 0.000000 0.000000"
				           >
					<Group DEF="group_ME_arm2">
						<Shape>
							<Appearance>
								<Material USE="MA_Body" />
							</Appearance>
							<IndexedTriangleSet solid="false"
							                    normalPerVertex="true"
							                    index="0 1 2 0 2 3 4 5 6 4 6 7 8 9 10 8 10 11 12 13 14 12 14 15 4 16 17 4 17 15 18 5 14 18 14 19 "
							                    >
								<Coordinate point="-0.016797 -0.224111 -0.029222 -0.016797 -0.224893 0.022418 -0.024624 -0.001494 0.025803 -0.024624 -0.000711 -0.025837 -0.024624 -0.000711 -0.025837 -0.024624 -0.001494 0.025803 0.024640 0.000232 0.025829 0.024640 0.001014 -0.025810 0.024640 0.001014 -0.025810 0.024640 0.000232 0.025829 0.032467 -0.223168 0.022444 0.032467 -0.222385 -0.029196 0.032467 -0.222385 -0.029196 0.032467 -0.223168 0.022444 -0.016797 -0.224893 0.022418 -0.016797 -0.224111 -0.029222 0.024640 0.001014 -0.025810 0.032467 -0.222385 -0.029196 0.024640 0.000232 0.025829 0.032467 -0.223168 0.022444 " />
								<Normal vector="-0.556780 -0.588366 -0.586322 -0.556780 -0.605884 0.568224 -0.597186 0.547960 0.585711 -0.597186 0.565447 -0.568834 -0.597186 0.565447 -0.568834 -0.597186 0.547960 0.585711 0.556780 0.588366 0.586322 0.556780 0.605884 -0.568224 0.556780 0.605884 -0.568224 0.556780 0.588366 0.586322 0.597186 -0.565447 0.568834 0.597186 -0.547960 -0.585711 0.597186 -0.547960 -0.585711 0.597186 -0.565447 0.568834 -0.556780 -0.605884 0.568224 -0.556780 -0.588366 -0.586322 0.556780 0.605884 -0.568224 0.597186 -0.547960 -0.585711 0.556780 0.588366 0.586322 0.597186 -0.565447 0.568834 " />
								<TextureCoordinate point="0.0241 0.6323 0.0892 0.6323 0.0892 0.7398 0.0241 0.7398 0.0241 0.6323 0.0892 0.6323 0.0892 0.7398 0.0241 0.7398 0.0241 0.6323 0.0892 0.6323 0.0892 0.7398 0.0241 0.7398 0.0241 0.6323 0.0892 0.6323 0.0892 0.7398 0.0241 0.7398 0.0892 0.6323 0.0892 0.7398 0.0241 0.6323 0.0241 0.7398 " />
							</IndexedTriangleSet>
						</Shape>
					</Group>
				</Transform>
				<Transform DEF="Cube_002_TRANSFORM"
				           translation="0.021464 -0.204516 -0.003099"
				           scale="1.000000 1.000000 1.000000"
				           rotation="0.000000 1.000000 0.000000 0.000000"
				           >
					<Transform DEF="Cube_002_ifs_TRANSFORM"
					           translation="0.000000 0.000000 0.000000"
					           scale="1.000000 1.000000 1.000000"
					           rotation="0.000000 1.000000 0.000000 0.000000"
					           >
						<Group DEF="group_ME_Cube_016">
							<Shape>
								<Appearance>
									<Material USE="MA_Body" />
								</Appearance>
								<IndexedTriangleSet solid="false"
								                    normalPerVertex="true"
								                    index="0 1 2 0 2 3 4 5 6 4 6 7 8 9 10 8 10 11 12 13 14 12 14 15 4 16 17 4 17 15 18 5 14 18 14 19 "
								                    >
									<Coordinate point="-0.199728 -0.002947 -0.030448 -0.199728 -0.003869 0.030345 -0.003669 0.023910 0.030766 -0.003669 0.024831 -0.030027 -0.003669 0.024831 -0.030027 -0.003669 0.023910 0.030766 0.003247 -0.024891 0.030027 0.003247 -0.023970 -0.030767 0.003247 -0.023970 -0.030767 0.003247 -0.024891 0.030027 -0.192812 -0.052670 0.029606 -0.192812 -0.051748 -0.031188 -0.192812 -0.051748 -0.031188 -0.192812 -0.052670 0.029606 -0.199728 -0.003869 0.030345 -0.199728 -0.002947 -0.030448 0.003247 -0.023970 -0.030767 -0.192812 -0.051748 -0.031188 0.003247 -0.024891 0.030027 -0.192812 -0.052670 0.029606 " />
									<Normal vector="-0.652638 0.499313 -0.569842 -0.652638 0.481826 0.584704 0.490616 0.643818 0.587146 0.490616 0.661306 -0.567370 0.490616 0.661306 -0.567370 0.490616 0.643818 0.587146 0.652638 -0.499313 0.569842 0.652638 -0.481826 -0.584704 0.652638 -0.481826 -0.584704 0.652638 -0.499313 0.569842 -0.490616 -0.661306 0.567370 -0.490616 -0.643788 -0.587146 -0.490616 -0.643788 -0.587146 -0.490616 -0.661306 0.567370 -0.652638 0.481826 0.584704 -0.652638 0.499313 -0.569842 0.652638 -0.481826 -0.584704 -0.490616 -0.643788 -0.587146 0.652638 -0.499313 0.569842 -0.490616 -0.661306 0.567370 " />
									<TextureCoordinate point="0.0241 0.6323 0.0892 0.6323 0.0892 0.7398 0.0241 0.7398 0.0241 0.6323 0.0892 0.6323 0.0892 0.7398 0.0241 0.7398 0.0241 0.6323 0.0892 0.6323 0.0892 0.7398 0.0241 0.7398 0.0241 0.6323 0.0892 0.6323 0.0892 0.7398 0.0241 0.7398 0.0892 0.6323 0.0892 0.7398 0.0241 0.6323 0.0241 0.7398 " />
								</IndexedTriangleSet>
							</Shape>
						</Group>
					</Transform>
				</Transform>
			</Transform>
			<Transform DEF="arm1_TRANSFORM"
			           translation="0.249316 -0.011106 0.255160"
			           scale="1.000000 1.000000 1.000000"
			           rotation="0.000000 1.000000 0.000000 0.000000"
			           >
				<Transform DEF="arm1_ifs_TRANSFORM"
				           translation="0.000000 0.000000 0.000000"
				           scale="1.000000 1.000000 1.000000"
				           rotation="0.000000 1.000000 0.000000 0.000000"
				           >
					<Group DEF="group_ME_arm1">
						<Shape>
							<Appearance>
								<Material USE="MA_Body" />
							</Appearance>
							<IndexedTriangleSet solid="false"
							                    normalPerVertex="true"
							                    index="0 1 2 0 2 3 4 5 6 4 6 7 8 9 10 8 10 11 12 13 14 12 14 15 4 16 17 4 17 15 18 5 14 18 14 19 "
							                    >
								<Coordinate point="-0.016754 -0.225563 -0.014228 -0.016875 -0.222895 0.037348 -0.024684 0.000232 0.025788 -0.024563 -0.002436 -0.025789 -0.024563 -0.002436 -0.025789 -0.024684 0.000232 0.025788 0.024580 0.001957 0.025814 0.024701 -0.000711 -0.025763 0.024701 -0.000711 -0.025763 0.024580 0.001957 0.025814 0.032389 -0.221169 0.037375 0.032510 -0.223837 -0.014202 0.032510 -0.223837 -0.014202 0.032389 -0.221169 0.037375 -0.016875 -0.222895 0.037348 -0.016754 -0.225563 -0.014228 0.024701 -0.000711 -0.025763 0.032510 -0.223837 -0.014202 0.024580 0.001957 0.025814 0.032389 -0.221169 0.037375 " />
								<Normal vector="-0.555467 -0.626240 -0.547014 -0.558153 -0.566607 0.606098 -0.598498 0.585833 0.546403 -0.595782 0.526170 -0.606739 -0.595782 0.526170 -0.606739 -0.598498 0.585833 0.546403 0.555467 0.626240 0.547014 0.558153 0.566607 -0.606098 0.558153 0.566607 -0.606098 0.555467 0.626240 0.547014 0.595782 -0.526170 0.606739 0.598498 -0.585833 -0.546403 0.598498 -0.585833 -0.546403 0.595782 -0.526170 0.606739 -0.558153 -0.566607 0.606098 -0.555467 -0.626240 -0.547014 0.558153 0.566607 -0.606098 0.598498 -0.585833 -0.546403 0.555467 0.626240 0.547014 0.595782 -0.526170 0.606739 " />
								<TextureCoordinate point="0.0241 0.6323 0.0892 0.6323 0.0892 0.7398 0.0241 0.7398 0.0241 0.6323 0.0892 0.6323 0.0892 0.7398 0.0241 0.7398 0.0241 0.6323 0.0892 0.6323 0.0892 0.7398 0.0241 0.7398 0.0241 0.6323 0.0892 0.6323 0.0892 0.7398 0.0241 0.7398 0.0892 0.6323 0.0892 0.7398 0.0241 0.6323 0.0241 0.7398 " />
							</IndexedTriangleSet>
						</Shape>
					</Group>
				</Transform>
				<Transform DEF="Cube_004_TRANSFORM"
				           translation="0.021448 -0.204265 0.010617"
				           scale="1.000000 1.000000 1.000000"
				           rotation="0.000000 1.000000 0.000000 0.000000"
				           >
					<Transform DEF="Cube_004_ifs_TRANSFORM"
					           translation="0.000000 0.000000 0.000000"
					           scale="1.000000 1.000000 1.000000"
					           rotation="0.000000 1.000000 0.000000 0.000000"
					           >
						<Group DEF="group_ME_Cube_019">
							<Shape>
								<Appearance>
									<Material USE="MA_Body" />
								</Appearance>
								<IndexedTriangleSet solid="false"
								                    normalPerVertex="true"
								                    index="0 1 2 0 2 3 4 5 6 4 6 7 8 9 10 8 10 11 12 13 14 12 14 15 4 16 17 4 17 15 18 5 14 18 14 19 "
								                    >
									<Coordinate point="-0.199657 -0.004983 -0.030651 -0.199799 -0.001842 0.030068 -0.003738 0.025911 0.029092 -0.003595 0.022770 -0.031627 -0.003595 0.022770 -0.031627 -0.003738 0.025911 0.029092 0.003174 -0.022830 0.031629 0.003317 -0.025971 -0.029090 0.003317 -0.025971 -0.029090 0.003174 -0.022830 0.031629 -0.192887 -0.050583 0.032606 -0.192745 -0.053724 -0.028113 -0.192745 -0.053724 -0.028113 -0.192887 -0.050583 0.032606 -0.199799 -0.001842 0.030068 -0.199657 -0.004983 -0.030651 0.003317 -0.025971 -0.029090 -0.192745 -0.053724 -0.028113 0.003174 -0.022830 0.031629 -0.192887 -0.050583 0.032606 " />
									<Normal vector="-0.651234 0.460128 -0.603442 -0.653951 0.519761 0.549699 0.489334 0.681600 0.543992 0.492019 0.621937 -0.609119 0.492019 0.621937 -0.609119 0.489334 0.681600 0.543992 0.651234 -0.460128 0.603442 0.653951 -0.519761 -0.549699 0.653951 -0.519761 -0.549699 0.651234 -0.460128 0.603442 -0.492019 -0.621937 0.609119 -0.489334 -0.681600 -0.543992 -0.489334 -0.681600 -0.543992 -0.492019 -0.621937 0.609119 -0.653951 0.519761 0.549699 -0.651234 0.460128 -0.603442 0.653951 -0.519761 -0.549699 -0.489334 -0.681600 -0.543992 0.651234 -0.460128 0.603442 -0.492019 -0.621937 0.609119 " />
									<TextureCoordinate point="0.0241 0.6323 0.0892 0.6323 0.0892 0.7398 0.0241 0.7398 0.0241 0.6323 0.0892 0.6323 0.0892 0.7398 0.0241 0.7398 0.0241 0.6323 0.0892 0.6323 0.0892 0.7398 0.0241 0.7398 0.0241 0.6323 0.0892 0.6323 0.0892 0.7398 0.0241 0.7398 0.0892 0.6323 0.0892 0.7398 0.0241 0.6323 0.0241 0.7398 " />
								</IndexedTriangleSet>
							</Shape>
						</Group>
					</Transform>
				</Transform>
			</Transform>
			<Transform DEF="arm3_TRANSFORM"
			           translation="0.249275 -0.008175 0.140000"
			           scale="1.000000 1.000000 1.000000"
			           rotation="0.000000 1.000000 0.000000 0.000000"
			           >
				<Transform DEF="arm3_ifs_TRANSFORM"
				           translation="0.000000 0.000000 0.000000"
				           scale="1.000000 1.000000 1.000000"
				           rotation="0.000000 1.000000 0.000000 0.000000"
				           >
					<Group DEF="group_ME_arm3">
						<Shape>
							<Appearance>
								<Material USE="MA_Body" />
							</Appearance>
							<IndexedTriangleSet solid="false"
							                    normalPerVertex="true"
							                    index="0 1 2 0 2 3 4 5 6 4 6 7 8 9 10 8 10 11 12 13 14 12 14 15 4 16 17 4 17 15 18 5 14 18 14 19 "
							                    >
								<Coordinate point="-0.016901 -0.220848 -0.047983 -0.016749 -0.225986 0.003407 -0.024547 -0.003671 0.025658 -0.024700 0.001468 -0.025732 -0.024700 0.001468 -0.025732 -0.024547 -0.003671 0.025658 0.024717 -0.001945 0.025684 0.024564 0.003193 -0.025705 0.024564 0.003193 -0.025705 0.024717 -0.001945 0.025684 0.032515 -0.224260 0.003433 0.032362 -0.219122 -0.047956 0.032362 -0.219122 -0.047956 0.032515 -0.224260 0.003433 -0.016749 -0.225986 0.003407 -0.016901 -0.220848 -0.047983 0.024564 0.003193 -0.025705 0.032362 -0.219122 -0.047956 0.024717 -0.001945 0.025684 0.032515 -0.224260 0.003433 " />
								<Normal vector="-0.558550 -0.536882 -0.632252 -0.555132 -0.651753 0.516709 -0.595416 0.496475 0.631611 -0.598834 0.611347 -0.517319 -0.598834 0.611347 -0.517319 -0.595416 0.496475 0.631611 0.558550 0.536882 0.632252 0.555132 0.651753 -0.516709 0.555132 0.651753 -0.516709 0.558550 0.536882 0.632252 0.598834 -0.611347 0.517319 0.595416 -0.496475 -0.631611 0.595416 -0.496475 -0.631611 0.598834 -0.611347 0.517319 -0.555132 -0.651753 0.516709 -0.558550 -0.536882 -0.632252 0.555132 0.651753 -0.516709 0.595416 -0.496475 -0.631611 0.558550 0.536882 0.632252 0.598834 -0.611347 0.517319 " />
								<TextureCoordinate point="0.0241 0.6323 0.0892 0.6323 0.0892 0.7398 0.0241 0.7398 0.0241 0.6323 0.0892 0.6323 0.0892 0.7398 0.0241 0.7398 0.0241 0.6323 0.0892 0.6323 0.0892 0.7398 0.0241 0.7398 0.0241 0.6323 0.0892 0.6323 0.0892 0.7398 0.0241 0.7398 0.0892 0.6323 0.0892 0.7398 0.0241 0.6323 0.0241 0.7398 " />
							</IndexedTriangleSet>
						</Shape>
					</Group>
				</Transform>
				<Transform DEF="Cube_006_TRANSFORM"
				           translation="0.021439 -0.203521 -0.020412"
				           scale="1.000000 1.000000 1.000000"
				           rotation="0.000000 1.000000 0.000000 0.000000"
				           >
					<Transform DEF="Cube_006_ifs_TRANSFORM"
					           translation="0.000000 0.000000 0.000000"
					           scale="1.000000 1.000000 1.000000"
					           rotation="0.000000 1.000000 0.000000 0.000000"
					           >
						<Group DEF="group_ME_Cube_021">
							<Shape>
								<Appearance>
									<Material USE="MA_Body" />
								</Appearance>
								<IndexedTriangleSet solid="false"
								                    normalPerVertex="true"
								                    index="0 1 2 0 2 3 4 5 6 4 6 7 8 9 10 8 10 11 12 13 14 12 14 15 4 16 17 4 17 15 18 5 14 18 14 19 "
								                    >
									<Coordinate point="-0.199818 -0.000401 -0.029998 -0.199638 -0.006450 0.030500 -0.003576 0.021227 0.032685 -0.003755 0.027276 -0.027814 -0.003755 0.027276 -0.027814 -0.003576 0.021227 0.032685 0.003334 -0.027336 0.027809 0.003154 -0.021287 -0.032690 0.003154 -0.021287 -0.032690 0.003334 -0.027336 0.027809 -0.192728 -0.055013 0.025624 -0.192908 -0.048964 -0.034874 -0.192908 -0.048964 -0.034874 -0.192728 -0.055013 0.025624 -0.199638 -0.006450 0.030500 -0.199818 -0.000401 -0.029998 0.003154 -0.021287 -0.032690 -0.192908 -0.048964 -0.034874 0.003334 -0.027336 0.027809 -0.192728 -0.055013 0.025624 " />
									<Normal vector="-0.654256 0.545518 -0.523728 -0.650868 0.430647 0.625202 0.492416 0.592029 0.637959 0.488998 0.706900 -0.511002 0.488998 0.706900 -0.511002 0.492416 0.592029 0.637959 0.654256 -0.545518 0.523728 0.650868 -0.430647 -0.625202 0.650868 -0.430647 -0.625202 0.654256 -0.545518 0.523728 -0.488998 -0.706900 0.511002 -0.492416 -0.592029 -0.637959 -0.492416 -0.592029 -0.637959 -0.488998 -0.706900 0.511002 -0.650868 0.430647 0.625202 -0.654256 0.545518 -0.523728 0.650868 -0.430647 -0.625202 -0.492416 -0.592029 -0.637959 0.654256 -0.545518 0.523728 -0.488998 -0.706900 0.511002 " />
									<TextureCoordinate point="0.0241 0.6323 0.0892 0.6323 0.0892 0.7398 0.0241 0.7398 0.0241 0.6323 0.0892 0.6323 0.0892 0.7398 0.0241 0.7398 0.0241 0.6323 0.0892 0.6323 0.0892 0.7398 0.0241 0.7398 0.0241 0.6323 0.0892 0.6323 0.0892 0.7398 0.0241 0.7398 0.0892 0.6323 0.0892 0.7398 0.0241 0.6323 0.0241 0.7398 " />
								</IndexedTriangleSet>
							</Shape>
						</Group>
					</Transform>
				</Transform>
			</Transform>
			<Transform DEF="head_TRANSFORM"
			           translation="0.000000 -0.007727 0.425563"
			           scale="1.000000 1.000000 1.000000"
			           rotation="0.000000 1.000000 0.000000 0.000000"
			           >
				<Transform DEF="head_ifs_TRANSFORM"
				           translation="0.000000 0.000000 0.000000"
				           scale="1.000000 1.000000 1.000000"
				           rotation="0.000000 1.000000 0.000000 0.000000"
				           >
					<Group DEF="group_ME_head">
						<Shape>
							<Appearance>
								<Material USE="MA_Body" />
							</Appearance>
							<IndexedTriangleSet solid="false"
							                    normalPerVertex="true"
							                    index="0 1 2 0 2 3 4 5 6 4 6 7 8 9 10 8 10 11 12 13 14 12 14 15 4 16 17 4 17 15 18 5 14 18 14 19 "
							                    >
								<Coordinate point="-0.123916 -0.171971 -0.049766 -0.123916 -0.265338 0.272872 -0.123916 0.078604 0.372404 -0.123916 0.171971 0.049766 -0.123916 0.171971 0.049766 -0.123916 0.078604 0.372404 0.123916 0.078604 0.372404 0.123916 0.171971 0.049766 0.123916 0.171971 0.049766 0.123916 0.078604 0.372404 0.123916 -0.265338 0.272872 0.123916 -0.171971 -0.049766 0.123916 -0.171971 -0.049766 0.123916 -0.265338 0.272872 -0.123916 -0.265338 0.272872 -0.123916 -0.171971 -0.049766 0.123916 0.171971 0.049766 0.123916 -0.171971 -0.049766 0.123916 0.078604 0.372404 0.123916 -0.265338 0.272872 " />
								<Normal vector="-0.577349 -0.394086 -0.715079 -0.577349 -0.715079 0.394086 -0.577349 0.394086 0.715079 -0.577349 0.715079 -0.394086 -0.577349 0.715079 -0.394086 -0.577349 0.394086 0.715079 0.577349 0.394086 0.715079 0.577349 0.715079 -0.394086 0.577349 0.715079 -0.394086 0.577349 0.394086 0.715079 0.577349 -0.715079 0.394086 0.577349 -0.394086 -0.715079 0.577349 -0.394086 -0.715079 0.577349 -0.715079 0.394086 -0.577349 -0.715079 0.394086 -0.577349 -0.394086 -0.715079 0.577349 0.715079 -0.394086 0.577349 -0.394086 -0.715079 0.577349 0.394086 0.715079 0.577349 -0.715079 0.394086 " />
								<TextureCoordinate point="0.0241 0.8369 0.0892 0.8369 0.0892 0.9444 0.0241 0.9444 0.0241 0.8369 0.0892 0.8369 0.0892 0.9444 0.0241 0.9444 0.0241 0.8369 0.0892 0.8369 0.0892 0.9444 0.0241 0.9444 0.0241 0.8369 0.0892 0.8369 0.0892 0.9444 0.0241 0.9444 0.0892 0.8369 0.0892 0.9444 0.0241 0.8369 0.0241 0.9444 " />
							</IndexedTriangleSet>
						</Shape>
					</Group>
				</Transform>
				<Transform DEF="Cube_008_TRANSFORM"
				           translation="0.000000 -0.086273 0.214344"
				           scale="1.000000 1.000000 1.000000"
				           rotation="0.000000 1.000000 0.000000 0.000000"
				           >
					<Transform DEF="Cube_008_ifs_TRANSFORM"
					           translation="0.000000 0.000000 0.000000"
					           scale="1.000000 1.000000 1.000000"
					           rotation="0.000000 1.000000 0.000000 0.000000"
					           >
						<Group DEF="group_ME_Cube_023">
							<Shape>
								<Appearance>
									<Material USE="MA_Body" />
								</Appearance>
								<IndexedTriangleSet solid="false"
								                    normalPerVertex="true"
								                    index="0 1 2 0 2 3 4 5 6 4 6 7 8 9 10 8 10 11 12 13 14 12 14 15 4 16 17 4 17 15 18 5 14 18 14 19 "
								                    >
									<Coordinate point="-0.090006 -0.120528 0.051196 -0.090006 -0.002742 0.328492 -0.090006 0.238313 0.226100 -0.090006 0.120528 -0.051196 -0.090006 0.120528 -0.051196 -0.090006 0.238313 0.226100 0.090006 0.238313 0.226100 0.090006 0.120528 -0.051196 0.090006 0.120528 -0.051196 0.090006 0.238313 0.226100 0.090006 -0.002742 0.328492 0.090006 -0.120528 0.051196 0.090006 -0.120528 0.051196 0.090006 -0.002742 0.328492 -0.090006 -0.002742 0.328492 -0.090006 -0.120528 0.051196 0.090006 0.120528 -0.051196 0.090006 -0.120528 0.051196 0.090006 0.238313 0.226100 0.090006 -0.002742 0.328492 " />
									<Normal vector="-0.577349 -0.757103 -0.305673 -0.577349 -0.305673 0.757103 -0.577349 0.757103 0.305673 -0.577349 0.305673 -0.757103 -0.577349 0.305673 -0.757103 -0.577349 0.757103 0.305673 0.577349 0.757103 0.305673 0.577349 0.305673 -0.757103 0.577349 0.305673 -0.757103 0.577349 0.757103 0.305673 0.577349 -0.305673 0.757103 0.577349 -0.757103 -0.305673 0.577349 -0.757103 -0.305673 0.577349 -0.305673 0.757103 -0.577349 -0.305673 0.757103 -0.577349 -0.757103 -0.305673 0.577349 0.305673 -0.757103 0.577349 -0.757103 -0.305673 0.577349 0.757103 0.305673 0.577349 -0.305673 0.757103 " />
									<TextureCoordinate point="0.0241 0.8369 0.0892 0.8369 0.0892 0.9444 0.0241 0.9444 0.0241 0.8369 0.0892 0.8369 0.0892 0.9444 0.0241 0.9444 0.0241 0.8369 0.0892 0.8369 0.0892 0.9444 0.0241 0.9444 0.0241 0.8369 0.0892 0.8369 0.0892 0.9444 0.0241 0.9444 0.0892 0.8369 0.0892 0.9444 0.0241 0.8369 0.0241 0.9444 " />
								</IndexedTriangleSet>
							</Shape>
						</Group>
					</Transform>
					<Transform DEF="Cube_009_TRANSFORM"
					           translation="0.000000 0.111626 0.240688"
					           scale="1.000000 1.000000 1.000000"
					           rotation="0.000000 1.000000 0.000000 0.000000"
					           >
						<Transform DEF="Cube_009_ifs_TRANSFORM"
						           translation="0.000000 0.000000 0.000000"
						           scale="1.000000 1.000000 1.000000"
						           rotation="0.000000 1.000000 0.000000 0.000000"
						           >
							<Group DEF="group_ME_Cube_024">
								<Shape>
									<Appearance>
										<Material USE="MA_Body" />
									</Appearance>
									<IndexedTriangleSet solid="false"
									                    normalPerVertex="true"
									                    index="0 1 2 0 2 3 4 5 6 4 6 7 8 9 10 8 10 11 12 13 14 12 14 15 4 16 17 4 17 15 18 5 14 18 14 19 "
									                    >
										<Coordinate point="-0.075126 -0.085516 0.048847 -0.075126 0.057824 0.299791 -0.075126 0.228856 0.202097 -0.075126 0.085516 -0.048847 -0.075126 0.085516 -0.048847 -0.075126 0.228856 0.202097 0.075126 0.228856 0.202097 0.075126 0.085516 -0.048847 0.075126 0.085516 -0.048847 0.075126 0.228856 0.202097 0.075126 0.057824 0.299791 0.075126 -0.085516 0.048847 0.075126 -0.085516 0.048847 0.075126 0.057824 0.299791 -0.075126 0.057824 0.299791 -0.075126 -0.085516 0.048847 0.075126 0.085516 -0.048847 0.075126 -0.085516 0.048847 0.075126 0.228856 0.202097 0.075126 0.057824 0.299791 " />
										<Normal vector="-0.577349 -0.787683 -0.214942 -0.577349 -0.214942 0.787683 -0.577349 0.787683 0.214942 -0.577349 0.214942 -0.787683 -0.577349 0.214942 -0.787683 -0.577349 0.787683 0.214942 0.577349 0.787683 0.214942 0.577349 0.214942 -0.787683 0.577349 0.214942 -0.787683 0.577349 0.787683 0.214942 0.577349 -0.214942 0.787683 0.577349 -0.787683 -0.214942 0.577349 -0.787683 -0.214942 0.577349 -0.214942 0.787683 -0.577349 -0.214942 0.787683 -0.577349 -0.787683 -0.214942 0.577349 0.214942 -0.787683 0.577349 -0.787683 -0.214942 0.577349 0.787683 0.214942 0.577349 -0.214942 0.787683 " />
										<TextureCoordinate point="0.0241 0.8369 0.0892 0.8369 0.0892 0.9444 0.0241 0.9444 0.0241 0.8369 0.0892 0.8369 0.0892 0.9444 0.0241 0.9444 0.0241 0.8369 0.0892 0.8369 0.0892 0.9444 0.0241 0.9444 0.0241 0.8369 0.0892 0.8369 0.0892 0.9444 0.0241 0.9444 0.0892 0.8369 0.0892 0.9444 0.0241 0.8369 0.0241 0.9444 " />
									</IndexedTriangleSet>
								</Shape>
							</Group>
						</Transform>
						<Transform DEF="Cube_010_TRANSFORM"
						           translation="0.000000 0.138364 0.223344"
						           scale="1.000000 1.000000 1.000000"
						           rotation="0.000000 1.000000 0.000000 0.000000"
						           >
							<Transform DEF="Cube_010_ifs_TRANSFORM"
							           translation="0.000000 0.000000 0.000000"
							           scale="1.000000 1.000000 1.000000"
							           rotation="0.000000 1.000000 0.000000 0.000000"
							           >
								<Group DEF="group_ME_Cube_025">
									<Shape>
										<Appearance>
											<Material USE="MA_Body" />
										</Appearance>
										<IndexedTriangleSet solid="false"
										                    normalPerVertex="true"
										                    index="0 1 2 0 2 3 4 5 6 4 6 7 8 9 10 8 10 11 12 13 14 12 14 15 4 16 17 4 17 15 18 5 14 18 14 19 "
										                    >
											<Coordinate point="-0.059247 -0.053002 0.044227 -0.059247 0.146510 0.283323 -0.059247 0.252513 0.194869 -0.059247 0.053002 -0.044227 -0.059247 0.053002 -0.044227 -0.059247 0.252513 0.194869 0.059247 0.252513 0.194869 0.059247 0.053002 -0.044227 0.059247 0.053002 -0.044227 0.059247 0.252513 0.194869 0.059247 0.146510 0.283323 0.059247 -0.053002 0.044227 0.059247 -0.053002 0.044227 0.059247 0.146510 0.283323 -0.059247 0.146510 0.283323 -0.059247 -0.053002 0.044227 0.059247 0.053002 -0.044227 0.059247 -0.053002 0.044227 0.059247 0.252513 0.194869 0.059247 0.146510 0.283323 " />
											<Normal vector="-0.577349 -0.813166 -0.073366 -0.577349 -0.073366 0.813166 -0.577349 0.813166 0.073366 -0.577349 0.073366 -0.813166 -0.577349 0.073366 -0.813166 -0.577349 0.813166 0.073366 0.577349 0.813166 0.073366 0.577349 0.073366 -0.813166 0.577349 0.073366 -0.813166 0.577349 0.813166 0.073366 0.577349 -0.073366 0.813166 0.577349 -0.813166 -0.073366 0.577349 -0.813166 -0.073366 0.577349 -0.073366 0.813166 -0.577349 -0.073366 0.813166 -0.577349 -0.813166 -0.073366 0.577349 0.073366 -0.813166 0.577349 -0.813166 -0.073366 0.577349 0.813166 0.073366 0.577349 -0.073366 0.813166 " />
											<TextureCoordinate point="0.0241 0.8369 0.0892 0.8369 0.0892 0.9444 0.0241 0.9444 0.0241 0.8369 0.0892 0.8369 0.0892 0.9444 0.0241 0.9444 0.0241 0.8369 0.0892 0.8369 0.0892 0.9444 0.0241 0.9444 0.0241 0.8369 0.0892 0.8369 0.0892 0.9444 0.0241 0.9444 0.0892 0.8369 0.0892 0.9444 0.0241 0.8369 0.0241 0.9444 " />
										</IndexedTriangleSet>
									</Shape>
								</Group>
							</Transform>
							<Transform DEF="Cube_011_TRANSFORM"
							           translation="0.000000 0.180084 0.207501"
							           scale="1.000000 1.000000 1.000000"
							           rotation="0.000000 1.000000 0.000000 0.000000"
							           >
								<Transform DEF="Cube_011_ifs_TRANSFORM"
								           translation="0.000000 0.000000 0.000000"
								           scale="1.000000 1.000000 1.000000"
								           rotation="0.000000 1.000000 0.000000 0.000000"
								           >
									<Group DEF="group_ME_Cube_026">
										<Shape>
											<Appearance>
												<Material USE="MA_Body" />
											</Appearance>
											<IndexedTriangleSet solid="false"
											                    normalPerVertex="true"
											                    index="0 1 2 0 2 3 4 5 6 4 6 7 8 9 10 8 10 11 12 13 14 12 14 15 4 16 17 4 17 15 18 5 14 18 14 19 "
											                    >
												<Coordinate point="-0.040295 -0.029592 0.036450 -0.040295 0.268770 0.278675 -0.040295 0.327954 0.205776 -0.040295 0.029592 -0.036450 -0.040295 0.029592 -0.036450 -0.040295 0.327954 0.205776 0.040295 0.327954 0.205776 0.040295 0.029592 -0.036450 0.040295 0.029592 -0.036450 0.040295 0.327954 0.205776 0.040295 0.268770 0.278675 0.040295 -0.029592 0.036450 0.040295 -0.029592 0.036450 0.040295 0.268770 0.278675 -0.040295 0.268770 0.278675 -0.040295 -0.029592 0.036450 0.040295 0.029592 -0.036450 0.040295 -0.029592 0.036450 0.040295 0.327954 0.205776 0.040295 0.268770 0.278675 " />
												<Normal vector="-0.577349 -0.812128 0.084323 -0.577349 0.084323 0.812128 -0.577349 0.812128 -0.084323 -0.577349 -0.084323 -0.812128 -0.577349 -0.084323 -0.812128 -0.577349 0.812128 -0.084323 0.577349 0.812128 -0.084323 0.577349 -0.084323 -0.812128 0.577349 -0.084323 -0.812128 0.577349 0.812128 -0.084323 0.577349 0.084323 0.812128 0.577349 -0.812128 0.084323 0.577349 -0.812128 0.084323 0.577349 0.084323 0.812128 -0.577349 0.084323 0.812128 -0.577349 -0.812128 0.084323 0.577349 -0.084323 -0.812128 0.577349 -0.812128 0.084323 0.577349 0.812128 -0.084323 0.577349 0.084323 0.812128 " />
												<TextureCoordinate point="0.0241 0.8369 0.0892 0.8369 0.0892 0.9444 0.0241 0.9444 0.0241 0.8369 0.0892 0.8369 0.0892 0.9444 0.0241 0.9444 0.0241 0.8369 0.0892 0.8369 0.0892 0.9444 0.0241 0.9444 0.0241 0.8369 0.0892 0.8369 0.0892 0.9444 0.0241 0.9444 0.0892 0.8369 0.0892 0.9444 0.0241 0.8369 0.0241 0.9444 " />
											</IndexedTriangleSet>
										</Shape>
									</Group>
								</Transform>
							</Transform>
						</Transform>
					</Transform>
				</Transform>
				<Transform DEF="Cube_012_TRANSFORM"
				           translation="0.123479 -0.007729 0.211461"
				           scale="1.000000 1.000000 1.000000"
				           rotation="0.000000 1.000000 0.000000 0.000000"
				           >
					<Transform DEF="Cube_012_ifs_TRANSFORM"
					           translation="0.000000 0.000000 0.000000"
					           scale="1.000000 1.000000 1.000000"
					           rotation="0.000000 1.000000 0.000000 0.000000"
					           >
						<Group DEF="group_ME_Cube_027">
							<Shape>
								<Appearance>
									<Material USE="MA_Body" />
								</Appearance>
								<IndexedTriangleSet solid="false"
								                    normalPerVertex="true"
								                    index="0 1 2 0 2 3 4 5 6 4 6 7 8 9 10 8 10 11 12 13 14 12 14 15 4 16 17 4 17 15 18 19 20 5 14 21 5 21 22 23 18 20 5 22 23 20 5 23 14 19 18 14 18 21 24 25 26 24 26 27 28 29 30 28 30 31 32 33 34 32 34 35 36 37 38 36 38 39 40 29 38 41 42 43 41 43 44 45 40 38 41 44 45 38 41 45 43 42 29 43 29 40 46 47 48 46 48 49 50 51 52 50 52 53 54 55 56 54 56 57 58 59 60 58 60 61 62 51 58 62 58 63 "
								                    >
									<Coordinate point="-0.034805 -0.047647 0.110071 0.044192 0.151871 0.221417 -0.015902 0.264359 0.062486 -0.094899 0.064841 -0.048859 -0.094899 0.064841 -0.048859 -0.015902 0.264359 0.062486 0.113802 0.247165 0.001274 0.034805 0.047647 -0.110071 0.034805 0.047647 -0.110071 0.113802 0.247165 0.001274 0.173895 0.134677 0.160204 0.094899 -0.064841 0.048859 0.094899 -0.064841 0.048859 0.173895 0.134677 0.160204 0.044192 0.151871 0.221417 -0.034805 -0.047647 0.110071 0.034805 0.047647 -0.110071 0.094899 -0.064841 0.048859 0.150096 0.143447 0.161375 0.173895 0.134677 0.160204 0.113802 0.247165 0.001274 0.061536 0.155186 0.203170 0.016943 0.238659 0.085235 0.105503 0.226919 0.043440 0.061536 0.155186 0.203170 0.129912 0.327881 0.299546 0.085319 0.411353 0.181611 0.016943 0.238659 0.085235 0.016943 0.238659 0.085235 0.085319 0.411353 0.181611 0.173879 0.399613 0.139816 0.105503 0.226919 0.043440 0.105503 0.226919 0.043440 0.173879 0.399613 0.139816 0.218472 0.316141 0.257751 0.150096 0.143447 0.161375 0.150096 0.143447 0.161375 0.218472 0.316141 0.257751 0.129912 0.327881 0.299546 0.061536 0.155186 0.203170 0.100896 0.399685 0.191468 0.218472 0.316141 0.257751 0.173879 0.399613 0.139816 0.168840 0.390655 0.159443 0.199551 0.333168 0.240665 0.131607 0.342197 0.272690 0.131607 0.342197 0.272690 0.242943 0.656620 0.431338 0.210787 0.710027 0.348058 0.100896 0.399685 0.191468 0.100896 0.399685 0.191468 0.210787 0.710027 0.348058 0.279021 0.701816 0.316446 0.168840 0.390655 0.159443 0.168840 0.390655 0.159443 0.279021 0.701816 0.316446 0.311177 0.648409 0.399727 0.199551 0.333168 0.240665 0.242943 0.656620 0.431338 0.131607 0.342197 0.272690 0.199551 0.333168 0.240665 0.311177 0.648409 0.399727 0.279021 0.701816 0.316446 0.311177 0.648409 0.399727 " />
									<Normal vector="-0.536790 -0.726463 0.429029 -0.159490 0.226478 0.960845 -0.500015 0.863887 0.060244 -0.877316 -0.089022 -0.471541 -0.877316 -0.089022 -0.471541 -0.500015 0.863887 0.060244 0.536790 0.726463 -0.429029 0.159490 -0.226478 -0.960845 0.159490 -0.226478 -0.960845 0.536790 0.726463 -0.429029 0.877316 0.089022 0.471541 0.500015 -0.863887 -0.060244 0.500015 -0.863887 -0.060244 0.877316 0.089022 0.471541 -0.159490 0.226478 0.960845 -0.536790 -0.726463 0.429029 0.159490 -0.226478 -0.960845 0.500015 -0.863887 -0.060244 0.655202 0.544145 0.523972 0.877316 0.089022 0.471541 0.536790 0.726463 -0.429029 0.113742 0.615925 0.779504 -0.500015 0.863887 0.060244 0.536790 0.726463 -0.429029 0.113742 0.615925 0.779504 -0.159490 0.226478 0.960845 -0.500015 0.863887 0.060244 -0.500015 0.863887 0.060244 -0.500015 0.863887 0.060244 -0.500015 0.863887 0.060244 0.536790 0.726463 -0.429029 0.536790 0.726463 -0.429029 0.536790 0.726463 -0.429029 0.536790 0.726463 -0.429029 0.877316 0.089022 0.471541 0.655202 0.544145 0.523972 0.655202 0.544145 0.523972 0.877316 0.089022 0.471541 -0.159490 0.226478 0.960845 0.113742 0.615925 0.779504 -0.079287 0.948424 0.306925 0.877316 0.089022 0.471541 0.536790 0.726463 -0.429029 0.486435 0.872402 0.047761 0.865169 0.120609 0.486740 -0.136235 0.237587 0.961730 -0.136235 0.237587 0.961730 -0.168249 0.257729 0.951445 -0.525193 0.850520 0.027039 -0.079287 0.948424 0.306925 -0.079287 0.948424 0.306925 -0.525193 0.850520 0.027039 0.516312 0.725211 -0.455458 0.486435 0.872402 0.047761 0.486435 0.872402 0.047761 0.516312 0.725211 -0.455458 0.873257 0.132389 0.468917 0.865169 0.120609 0.486740 -0.168249 0.257729 0.951445 -0.136235 0.237587 0.961730 0.865169 0.120609 0.486740 0.873257 0.132389 0.468917 0.516312 0.725211 -0.455458 0.873257 0.132389 0.468917 " />
									<TextureCoordinate point="0.0241 0.8369 0.0892 0.8369 0.0892 0.9444 0.0241 0.9444 0.0241 0.8369 0.0892 0.8369 0.0892 0.9444 0.0241 0.9444 0.0241 0.8369 0.0892 0.8369 0.0892 0.9444 0.0241 0.9444 0.0241 0.8369 0.0892 0.8369 0.0892 0.9444 0.0241 0.9444 0.0892 0.8369 0.0892 0.9444 0.0344 0.9386 0.0241 0.9444 0.0241 0.8369 0.0788 0.9386 0.0788 0.8589 0.0344 0.8589 0.0291 0.8369 0.0892 0.8369 0.0892 0.9444 0.0291 0.9444 0.0291 0.8369 0.0892 0.8369 0.0892 0.9444 0.0291 0.9444 0.0291 0.8369 0.0892 0.8369 0.0892 0.9444 0.0291 0.9444 0.0291 0.8369 0.0892 0.8369 0.0892 0.9444 0.0291 0.9444 0.0818 0.8502 0.0241 0.9444 0.0241 0.8369 0.0319 0.8503 0.0319 0.9243 0.0818 0.9242 0.0276 0.8369 0.0892 0.8369 0.0892 0.9444 0.0284 0.9444 0.0284 0.8369 0.0892 0.8369 0.0892 0.9444 0.0282 0.9444 0.0282 0.8369 0.0892 0.8369 0.0892 0.9444 0.0274 0.9444 0.0892 0.9444 0.0276 0.9444 0.0274 0.8369 0.0892 0.8369 0.0241 0.8369 0.0241 0.9444 " />
								</IndexedTriangleSet>
							</Shape>
						</Group>
					</Transform>
				</Transform>
				<Transform DEF="eye1_TRANSFORM"
				           translation="0.221362 -0.053578 0.156570"
				           scale="1.000000 1.000000 1.000000"
				           rotation="0.000000 1.000000 0.000000 0.000000"
				           >
					<Transform DEF="eye1_ifs_TRANSFORM"
					           translation="0.000000 0.000000 0.000000"
					           scale="1.000000 1.000000 1.000000"
					           rotation="0.000000 1.000000 0.000000 0.000000"
					           >
						<Group DEF="group_ME_eye1">
							<Shape>
								<Appearance>
									<Material DEF="MA_Eye"
									          diffuseColor="0.800 0.800 0.800"
									          specularColor="0.401 0.401 0.401"
									          emissiveColor="0.000 0.000 0.000"
									          ambientIntensity="0.000"
									          shininess="0.500"
									          transparency="0.0"
									          />
								</Appearance>
								<IndexedTriangleSet solid="false"
								                    normalPerVertex="true"
								                    index="0 1 2 0 2 3 4 5 6 4 6 7 8 9 10 8 10 11 12 13 14 12 14 15 4 16 17 4 17 15 18 5 14 18 14 19 "
								                    >
									<Coordinate point="-0.132506 -0.100131 -0.158397 -0.132506 -0.158397 0.100131 -0.132506 0.100131 0.158397 -0.132506 0.158397 -0.100131 -0.132506 0.158397 -0.100131 -0.132506 0.100131 0.158397 0.132506 0.100131 0.158397 0.132506 0.158397 -0.100131 0.132506 0.158397 -0.100131 0.132506 0.100131 0.158397 0.132506 -0.158397 0.100131 0.132506 -0.100131 -0.158397 0.132506 -0.100131 -0.158397 0.132506 -0.158397 0.100131 -0.132506 -0.158397 0.100131 -0.132506 -0.100131 -0.158397 0.132506 0.158397 -0.100131 0.132506 -0.100131 -0.158397 0.132506 0.100131 0.158397 0.132506 -0.158397 0.100131 " />
									<Normal vector="-0.577349 -0.436262 -0.690146 -0.577349 -0.690146 0.436262 -0.577349 0.436262 0.690146 -0.577349 0.690146 -0.436262 -0.577349 0.690146 -0.436262 -0.577349 0.436262 0.690146 0.577349 0.436262 0.690146 0.577349 0.690146 -0.436262 0.577349 0.690146 -0.436262 0.577349 0.436262 0.690146 0.577349 -0.690146 0.436262 0.577349 -0.436262 -0.690146 0.577349 -0.436262 -0.690146 0.577349 -0.690146 0.436262 -0.577349 -0.690146 0.436262 -0.577349 -0.436262 -0.690146 0.577349 0.690146 -0.436262 0.577349 -0.436262 -0.690146 0.577349 0.436262 0.690146 0.577349 -0.690146 0.436262 " />
									<TextureCoordinate point="0.0709 0.3375 0.4455 0.3375 0.4455 0.7121 0.0709 0.7121 0.0709 0.3375 0.4455 0.3375 0.4455 0.7121 0.0709 0.7121 0.0709 0.3375 0.4455 0.3375 0.4455 0.7121 0.0709 0.7121 0.0709 0.3375 0.4455 0.3375 0.4455 0.7121 0.0709 0.7121 0.4455 0.3375 0.4455 0.7121 0.0709 0.3375 0.0709 0.7121 " />
								</IndexedTriangleSet>
							</Shape>
						</Group>
					</Transform>
					<Transform DEF="Cube_016_TRANSFORM"
					           translation="0.000000 0.000000 -0.000000"
					           scale="1.000000 1.000000 1.000000"
					           rotation="0.000000 1.000000 0.000000 0.000000"
					           >
						<Transform DEF="Cube_016_ifs_TRANSFORM"
						           translation="0.000000 0.000000 0.000000"
						           scale="1.000000 1.000000 1.000000"
						           rotation="0.000000 1.000000 0.000000 0.000000"
						           >
							<Group DEF="group_ME_Cube_031">
								<Shape>
									<Appearance>
										<Material USE="MA_Eye" />
									</Appearance>
									<IndexedTriangleSet solid="false"
									                    normalPerVertex="true"
									                    index="0 1 2 0 2 3 4 5 6 4 6 7 8 9 10 8 10 11 12 13 14 12 14 15 4 16 17 4 17 15 18 5 14 18 14 19 "
									                    >
										<Coordinate point="-0.073783 -0.055756 -0.088200 -0.073783 -0.088200 0.055756 -0.073783 0.055756 0.088200 -0.073783 0.088200 -0.055756 -0.073783 0.088200 -0.055756 -0.073783 0.055756 0.088200 0.073783 0.055756 0.088200 0.073783 0.088200 -0.055756 0.073783 0.088200 -0.055756 0.073783 0.055756 0.088200 0.073783 -0.088200 0.055756 0.073783 -0.055756 -0.088200 0.073783 -0.055756 -0.088200 0.073783 -0.088200 0.055756 -0.073783 -0.088200 0.055756 -0.073783 -0.055756 -0.088200 0.073783 0.088200 -0.055756 0.073783 -0.055756 -0.088200 0.073783 0.055756 0.088200 0.073783 -0.088200 0.055756 " />
										<Normal vector="-0.577349 -0.436262 -0.690146 -0.577349 -0.690146 0.436262 -0.577349 0.436262 0.690146 -0.577349 0.690146 -0.436262 -0.577349 0.690146 -0.436262 -0.577349 0.436262 0.690146 0.577349 0.436262 0.690146 0.577349 0.690146 -0.436262 0.577349 0.690146 -0.436262 0.577349 0.436262 0.690146 0.577349 -0.690146 0.436262 0.577349 -0.436262 -0.690146 0.577349 -0.436262 -0.690146 0.577349 -0.690146 0.436262 -0.577349 -0.690146 0.436262 -0.577349 -0.436262 -0.690146 0.577349 0.690146 -0.436262 0.577349 -0.436262 -0.690146 0.577349 0.436262 0.690146 0.577349 -0.690146 0.436262 " />
										<TextureCoordinate point="0.5551 0.3567 0.8914 0.3567 0.8914 0.6929 0.5551 0.6929 0.5551 0.3567 0.8914 0.3567 0.8914 0.6929 0.5551 0.6929 0.5551 0.3567 0.8914 0.3567 0.8914 0.6929 0.5551 0.6929 0.5551 0.3567 0.8914 0.3567 0.8914 0.6929 0.5551 0.6929 0.8914 0.3567 0.8914 0.6929 0.5551 0.3567 0.5551 0.6929 " />
									</IndexedTriangleSet>
								</Shape>
							</Group>
						</Transform>
					</Transform>
				</Transform>
				<Transform DEF="Cube_024_TRANSFORM"
				           translation="0.000000 -0.166709 0.173219"
				           scale="1.000000 1.000000 1.000000"
				           rotation="0.000000 1.000000 0.000000 0.000000"
				           >
					<Transform DEF="Cube_024_ifs_TRANSFORM"
					           translation="0.000000 0.000000 0.000000"
					           scale="1.000000 1.000000 1.000000"
					           rotation="0.000000 1.000000 0.000000 0.000000"
					           >
						<Group DEF="group_ME_Cube_039">
							<Shape>
								<Appearance>
									<Material USE="MA_Body" />
								</Appearance>
								<IndexedTriangleSet solid="false"
								                    normalPerVertex="true"
								                    index="0 1 2 0 2 3 4 5 6 4 6 7 8 9 10 8 10 11 12 13 14 12 14 15 4 16 17 4 17 15 18 5 14 18 14 19 "
								                    >
									<Coordinate point="-0.093149 0.060009 -0.031700 -0.093149 -0.014486 -0.172720 -0.093149 -0.134504 -0.109319 -0.093149 -0.060009 0.031700 -0.093149 -0.060009 0.031700 -0.093149 -0.134504 -0.109319 0.093149 -0.134504 -0.109319 0.093149 -0.060009 0.031700 0.093149 -0.060009 0.031700 0.093149 -0.134504 -0.109319 0.093149 -0.014486 -0.172720 0.093149 0.060009 -0.031700 0.093149 0.060009 -0.031700 0.093149 -0.014486 -0.172720 -0.093149 -0.014486 -0.172720 -0.093149 0.060009 -0.031700 0.093149 -0.060009 0.031700 0.093149 0.060009 -0.031700 0.093149 -0.134504 -0.109319 0.093149 -0.014486 -0.172720 " />
									<Normal vector="-0.577349 0.780145 0.240822 -0.577349 0.240822 -0.780145 -0.577349 -0.780145 -0.240822 -0.577349 -0.240822 0.780145 -0.577349 -0.240822 0.780145 -0.577349 -0.780145 -0.240822 0.577349 -0.780145 -0.240822 0.577349 -0.240822 0.780145 0.577349 -0.240822 0.780145 0.577349 -0.780145 -0.240822 0.577349 0.240822 -0.780145 0.577349 0.780145 0.240822 0.577349 0.780145 0.240822 0.577349 0.240822 -0.780145 -0.577349 0.240822 -0.780145 -0.577349 0.780145 0.240822 0.577349 -0.240822 0.780145 0.577349 0.780145 0.240822 0.577349 -0.780145 -0.240822 0.577349 0.240822 -0.780145 " />
									<TextureCoordinate point="0.0241 0.8369 0.0892 0.8369 0.0892 0.9444 0.0241 0.9444 0.0241 0.8369 0.0892 0.8369 0.0892 0.9444 0.0241 0.9444 0.0241 0.8369 0.0892 0.8369 0.0892 0.9444 0.0241 0.9444 0.0241 0.8369 0.0892 0.8369 0.0892 0.9444 0.0241 0.9444 0.0892 0.8369 0.0892 0.9444 0.0241 0.8369 0.0241 0.9444 " />
								</IndexedTriangleSet>
							</Shape>
						</Group>
					</Transform>
					<Transform DEF="Cube_025_TRANSFORM"
					           translation="0.000000 -0.071849 -0.114555"
					           scale="1.000000 1.000000 1.000000"
					           rotation="0.000000 1.000000 0.000000 0.000000"
					           >
						<Transform DEF="Cube_025_ifs_TRANSFORM"
						           translation="0.000000 0.000000 0.000000"
						           scale="1.000000 1.000000 1.000000"
						           rotation="0.000000 1.000000 0.000000 0.000000"
						           >
							<Group DEF="group_ME_Cube_040">
								<Shape>
									<Appearance>
										<Material USE="MA_Body" />
									</Appearance>
									<IndexedTriangleSet solid="false"
									                    normalPerVertex="true"
									                    index="0 1 2 0 2 3 4 5 6 4 6 7 8 9 10 8 10 11 12 13 14 12 14 15 4 16 17 4 17 15 18 5 14 18 14 19 "
									                    >
										<Coordinate point="-0.057208 0.033581 -0.012062 -0.057208 -0.002179 -0.111615 -0.057208 -0.069340 -0.087491 -0.057208 -0.033581 0.012062 -0.057208 -0.033581 0.012062 -0.057208 -0.069340 -0.087491 0.057208 -0.069340 -0.087491 0.057208 -0.033581 0.012062 0.057208 -0.033581 0.012062 0.057208 -0.069340 -0.087491 0.057208 -0.002179 -0.111615 0.057208 0.033581 -0.012062 0.057208 0.033581 -0.012062 0.057208 -0.002179 -0.111615 -0.057208 -0.002179 -0.111615 -0.057208 0.033581 -0.012062 0.057208 -0.033581 0.012062 0.057208 0.033581 -0.012062 0.057208 -0.069340 -0.087491 0.057208 -0.002179 -0.111615 " />
										<Normal vector="-0.577349 0.738517 0.348155 -0.577349 0.348155 -0.738517 -0.577349 -0.738517 -0.348155 -0.577349 -0.348155 0.738517 -0.577349 -0.348155 0.738517 -0.577349 -0.738517 -0.348155 0.577349 -0.738517 -0.348155 0.577349 -0.348155 0.738517 0.577349 -0.348155 0.738517 0.577349 -0.738517 -0.348155 0.577349 0.348155 -0.738517 0.577349 0.738517 0.348155 0.577349 0.738517 0.348155 0.577349 0.348155 -0.738517 -0.577349 0.348155 -0.738517 -0.577349 0.738517 0.348155 0.577349 -0.348155 0.738517 0.577349 0.738517 0.348155 0.577349 -0.738517 -0.348155 0.577349 0.348155 -0.738517 " />
										<TextureCoordinate point="0.0241 0.8369 0.0892 0.8369 0.0892 0.9444 0.0241 0.9444 0.0241 0.8369 0.0892 0.8369 0.0892 0.9444 0.0241 0.9444 0.0241 0.8369 0.0892 0.8369 0.0892 0.9444 0.0241 0.9444 0.0241 0.8369 0.0892 0.8369 0.0892 0.9444 0.0241 0.9444 0.0892 0.8369 0.0892 0.9444 0.0241 0.8369 0.0241 0.9444 " />
									</IndexedTriangleSet>
								</Shape>
							</Group>
						</Transform>
					</Transform>
					<Transform DEF="Cube_026_TRANSFORM"
					           translation="0.082205 -0.056714 -0.114343"
					           scale="1.000000 1.000000 1.000000"
					           rotation="0.000000 1.000000 0.000000 0.000000"
					           >
						<Transform DEF="Cube_026_ifs_TRANSFORM"
						           translation="0.000000 0.000000 0.000000"
						           scale="1.000000 1.000000 1.000000"
						           rotation="0.000000 1.000000 0.000000 0.000000"
						           >
							<Group DEF="group_ME_Cube_041">
								<Shape>
									<Appearance>
										<Material USE="MA_Body" />
									</Appearance>
									<IndexedTriangleSet solid="false"
									                    normalPerVertex="true"
									                    index="0 1 2 0 2 3 4 5 6 4 6 7 8 9 10 8 10 11 12 13 14 12 14 15 4 16 17 4 17 15 18 5 14 18 14 19 "
									                    >
										<Coordinate point="-0.022646 0.028842 -0.003406 -0.015256 0.024698 -0.087621 -0.015256 -0.033182 -0.084772 -0.022646 -0.029037 -0.000558 -0.022646 -0.029037 -0.000558 -0.015256 -0.033182 -0.084772 0.030036 -0.032986 -0.080808 0.022646 -0.028842 0.003406 0.022646 -0.028842 0.003406 0.030036 -0.032986 -0.080808 0.030036 0.024893 -0.083656 0.022646 0.029037 0.000558 0.022646 0.029037 0.000558 0.030036 0.024893 -0.083656 -0.015256 0.024698 -0.087621 -0.022646 0.028842 -0.003406 0.022646 -0.028842 0.003406 0.022646 0.029037 0.000558 0.030036 -0.032986 -0.080808 0.030036 0.024893 -0.083656 " />
										<Normal vector="-0.625538 0.602435 0.495712 -0.524735 0.545885 -0.653157 -0.524735 -0.607379 -0.596393 -0.625538 -0.550859 0.552477 -0.625538 -0.550859 0.552477 -0.524735 -0.607379 -0.596393 0.625538 -0.602435 -0.495712 0.524735 -0.545885 0.653157 0.524735 -0.545885 0.653157 0.625538 -0.602435 -0.495712 0.625538 0.550859 -0.552477 0.524735 0.607379 0.596393 0.524735 0.607379 0.596393 0.625538 0.550859 -0.552477 -0.524735 0.545885 -0.653157 -0.625538 0.602435 0.495712 0.524735 -0.545885 0.653157 0.524735 0.607379 0.596393 0.625538 -0.602435 -0.495712 0.625538 0.550859 -0.552477 " />
										<TextureCoordinate point="0.0241 0.6323 0.0892 0.6323 0.0892 0.7398 0.0241 0.7398 0.0241 0.6323 0.0892 0.6323 0.0892 0.7398 0.0241 0.7398 0.0241 0.6323 0.0892 0.6323 0.0892 0.7398 0.0241 0.7398 0.0241 0.6323 0.0892 0.6323 0.0892 0.7398 0.0241 0.7398 0.0892 0.6323 0.0892 0.7398 0.0241 0.6323 0.0241 0.7398 " />
									</IndexedTriangleSet>
								</Shape>
							</Group>
						</Transform>
						<Transform DEF="Cube_027_TRANSFORM"
						           translation="0.011766 -0.003473 -0.070585"
						           scale="1.000000 1.000000 1.000000"
						           rotation="0.000000 1.000000 0.000000 0.000000"
						           >
							<Transform DEF="Cube_027_ifs_TRANSFORM"
							           translation="0.000000 0.000000 0.000000"
							           scale="1.000000 1.000000 1.000000"
							           rotation="0.000000 1.000000 0.000000 0.000000"
							           >
								<Group DEF="group_ME_Cube_042">
									<Shape>
										<Appearance>
											<Material USE="MA_Body" />
										</Appearance>
										<IndexedTriangleSet solid="false"
										                    normalPerVertex="true"
										                    index="0 1 2 0 2 3 4 5 6 4 6 7 8 9 10 8 10 11 12 13 14 12 14 15 4 16 17 4 17 15 18 5 14 18 14 19 "
										                    >
											<Coordinate point="-0.015065 0.022024 0.004523 -0.044001 0.018199 -0.073220 -0.044001 -0.025299 -0.071080 -0.015065 -0.021474 0.006664 -0.015065 -0.021474 0.006664 -0.044001 -0.025299 -0.071080 -0.013872 -0.025850 -0.082267 0.015065 -0.022024 -0.004523 0.015065 -0.022024 -0.004523 -0.013872 -0.025850 -0.082267 -0.013872 0.017648 -0.084407 0.015065 0.021474 -0.006664 0.015065 0.021474 -0.006664 -0.013872 0.017648 -0.084407 -0.044001 0.018199 -0.073220 -0.015065 0.022024 0.004523 0.015065 -0.022024 -0.004523 0.015065 0.021474 -0.006664 -0.013872 -0.025850 -0.082267 -0.013872 0.017648 -0.084407 " />
											<Normal vector="-0.339976 0.613117 0.713065 -0.742332 0.559923 -0.367931 -0.742332 -0.593341 -0.311197 -0.339976 -0.540147 0.769799 -0.339976 -0.540147 0.769799 -0.742332 -0.593341 -0.311197 0.339976 -0.613117 -0.713065 0.742332 -0.559923 0.367931 0.742332 -0.559923 0.367931 0.339976 -0.613117 -0.713065 0.339976 0.540147 -0.769799 0.742332 0.593341 0.311197 0.742332 0.593341 0.311197 0.339976 0.540147 -0.769799 -0.742332 0.559923 -0.367931 -0.339976 0.613117 0.713065 0.742332 -0.559923 0.367931 0.742332 0.593341 0.311197 0.339976 -0.613117 -0.713065 0.339976 0.540147 -0.769799 " />
											<TextureCoordinate point="0.0241 0.6323 0.0892 0.6323 0.0892 0.7398 0.0241 0.7398 0.0241 0.6323 0.0892 0.6323 0.0892 0.7398 0.0241 0.7398 0.0241 0.6323 0.0892 0.6323 0.0892 0.7398 0.0241 0.7398 0.0241 0.6323 0.0892 0.6323 0.0892 0.7398 0.0241 0.7398 0.0892 0.6323 0.0892 0.7398 0.0241 0.6323 0.0241 0.7398 " />
										</IndexedTriangleSet>
									</Shape>
								</Group>
							</Transform>
						</Transform>
					</Transform>
					<Transform DEF="Cube_029_TRANSFORM"
					           translation="-0.082205 -0.056714 -0.114343"
					           scale="1.000000 1.000000 1.000000"
					           rotation="0.000000 1.000000 0.000000 0.000000"
					           >
						<Transform DEF="Cube_029_ifs_TRANSFORM"
						           translation="0.000000 0.000000 0.000000"
						           scale="1.000000 1.000000 1.000000"
						           rotation="0.000000 1.000000 0.000000 0.000000"
						           >
							<Group DEF="group_ME_Cube_009">
								<Shape>
									<Appearance>
										<Material USE="MA_Body" />
									</Appearance>
									<IndexedTriangleSet solid="false"
									                    normalPerVertex="true"
									                    index="0 1 2 0 2 3 4 5 6 4 6 7 8 9 10 8 10 11 12 13 14 12 14 15 4 13 16 4 16 17 18 19 14 18 14 7 "
									                    >
										<Coordinate point="0.022646 0.028842 -0.003406 0.022646 -0.029037 -0.000558 0.015256 -0.033182 -0.084772 0.015256 0.024698 -0.087621 0.022646 -0.029037 -0.000558 -0.022646 -0.028842 0.003406 -0.030036 -0.032986 -0.080808 0.015256 -0.033182 -0.084772 -0.022646 -0.028842 0.003406 -0.022646 0.029037 0.000558 -0.030036 0.024893 -0.083656 -0.030036 -0.032986 -0.080808 -0.022646 0.029037 0.000558 0.022646 0.028842 -0.003406 0.015256 0.024698 -0.087621 -0.030036 0.024893 -0.083656 -0.022646 0.029037 0.000558 -0.022646 -0.028842 0.003406 -0.030036 -0.032986 -0.080808 -0.030036 0.024893 -0.083656 " />
										<Normal vector="0.625538 0.602435 0.495712 0.625538 -0.550859 0.552477 0.524735 -0.607379 -0.596393 0.524735 0.545885 -0.653157 0.625538 -0.550859 0.552477 -0.524735 -0.545885 0.653157 -0.625538 -0.602435 -0.495712 0.524735 -0.607379 -0.596393 -0.524735 -0.545885 0.653157 -0.524735 0.607379 0.596393 -0.625538 0.550859 -0.552477 -0.625538 -0.602435 -0.495712 -0.524735 0.607379 0.596393 0.625538 0.602435 0.495712 0.524735 0.545885 -0.653157 -0.625538 0.550859 -0.552477 -0.524735 0.607379 0.596393 -0.524735 -0.545885 0.653157 -0.625538 -0.602435 -0.495712 -0.625538 0.550859 -0.552477 " />
										<TextureCoordinate point="0.0241 0.6323 0.0241 0.7398 0.0892 0.7398 0.0892 0.6323 0.0241 0.6323 0.0241 0.7398 0.0892 0.7398 0.0892 0.6323 0.0241 0.6323 0.0241 0.7398 0.0892 0.7398 0.0892 0.6323 0.0241 0.6323 0.0241 0.7398 0.0892 0.7398 0.0892 0.6323 0.0892 0.7398 0.0892 0.6323 0.0241 0.6323 0.0241 0.7398 " />
									</IndexedTriangleSet>
								</Shape>
							</Group>
						</Transform>
						<Transform DEF="Cube_030_TRANSFORM"
						           translation="-0.011766 -0.003473 -0.070585"
						           scale="1.000000 1.000000 1.000000"
						           rotation="0.000000 1.000000 0.000000 0.000000"
						           >
							<Transform DEF="Cube_030_ifs_TRANSFORM"
							           translation="0.000000 0.000000 0.000000"
							           scale="1.000000 1.000000 1.000000"
							           rotation="0.000000 1.000000 0.000000 0.000000"
							           >
								<Group DEF="group_ME_Cube_010">
									<Shape>
										<Appearance>
											<Material USE="MA_Body" />
										</Appearance>
										<IndexedTriangleSet solid="false"
										                    normalPerVertex="true"
										                    index="0 1 2 0 2 3 4 5 6 4 6 7 8 9 10 8 10 11 12 13 14 12 14 15 4 13 16 4 16 17 18 19 14 18 14 7 "
										                    >
											<Coordinate point="0.015065 0.022024 0.004523 0.015065 -0.021474 0.006664 0.044001 -0.025299 -0.071080 0.044001 0.018199 -0.073220 0.015065 -0.021474 0.006664 -0.015065 -0.022024 -0.004523 0.013872 -0.025850 -0.082267 0.044001 -0.025299 -0.071080 -0.015065 -0.022024 -0.004523 -0.015065 0.021474 -0.006664 0.013872 0.017648 -0.084407 0.013872 -0.025850 -0.082267 -0.015065 0.021474 -0.006664 0.015065 0.022024 0.004523 0.044001 0.018199 -0.073220 0.013872 0.017648 -0.084407 -0.015065 0.021474 -0.006664 -0.015065 -0.022024 -0.004523 0.013872 -0.025850 -0.082267 0.013872 0.017648 -0.084407 " />
											<Normal vector="0.339976 0.613117 0.713065 0.339976 -0.540147 0.769799 0.742332 -0.593341 -0.311197 0.742332 0.559923 -0.367931 0.339976 -0.540147 0.769799 -0.742332 -0.559923 0.367931 -0.339976 -0.613117 -0.713065 0.742332 -0.593341 -0.311197 -0.742332 -0.559923 0.367931 -0.742332 0.593341 0.311197 -0.339976 0.540147 -0.769799 -0.339976 -0.613117 -0.713065 -0.742332 0.593341 0.311197 0.339976 0.613117 0.713065 0.742332 0.559923 -0.367931 -0.339976 0.540147 -0.769799 -0.742332 0.593341 0.311197 -0.742332 -0.559923 0.367931 -0.339976 -0.613117 -0.713065 -0.339976 0.540147 -0.769799 " />
											<TextureCoordinate point="0.0241 0.6323 0.0241 0.7398 0.0892 0.7398 0.0892 0.6323 0.0241 0.6323 0.0241 0.7398 0.0892 0.7398 0.0892 0.6323 0.0241 0.6323 0.0241 0.7398 0.0892 0.7398 0.0892 0.6323 0.0241 0.6323 0.0241 0.7398 0.0892 0.7398 0.0892 0.6323 0.0892 0.7398 0.0892 0.6323 0.0241 0.6323 0.0241 0.7398 " />
										</IndexedTriangleSet>
									</Shape>
								</Group>
							</Transform>
						</Transform>
					</Transform>
				</Transform>
				<Transform DEF="Cube_007_TRANSFORM"
				           translation="-0.123479 -0.007729 0.211461"
				           scale="1.000000 1.000000 1.000000"
				           rotation="0.000000 1.000000 0.000000 0.000000"
				           >
					<Transform DEF="Cube_007_ifs_TRANSFORM"
					           translation="0.000000 0.000000 0.000000"
					           scale="1.000000 1.000000 1.000000"
					           rotation="0.000000 1.000000 0.000000 0.000000"
					           >
						<Group DEF="group_ME_Cube_004">
							<Shape>
								<Appearance>
									<Material USE="MA_Body" />
								</Appearance>
								<IndexedTriangleSet solid="false"
								                    normalPerVertex="true"
								                    index="0 1 2 0 2 3 4 5 6 4 6 7 8 9 10 8 10 11 12 13 14 12 14 15 5 15 16 5 16 17 18 12 19 18 19 20 19 12 4 21 18 20 21 20 22 23 19 4 21 22 23 4 21 23 24 25 26 24 26 27 28 29 30 28 30 31 32 33 34 32 34 35 36 37 38 36 38 39 40 41 42 37 29 43 37 43 44 40 42 45 37 44 40 45 37 40 43 29 42 43 42 41 46 47 48 46 48 49 50 51 52 50 52 53 54 55 56 54 56 57 58 59 60 58 60 61 62 63 59 62 59 51 "
								                    >
									<Coordinate point="-0.044192 0.151871 0.221417 0.034805 -0.047647 0.110071 0.094899 0.064841 -0.048859 0.015902 0.264359 0.062486 0.015902 0.264359 0.062486 0.094899 0.064841 -0.048859 -0.034805 0.047647 -0.110071 -0.113802 0.247165 0.001274 -0.094899 -0.064841 0.048859 -0.173895 0.134677 0.160205 -0.113802 0.247165 0.001274 -0.034805 0.047647 -0.110071 -0.044192 0.151871 0.221417 -0.173895 0.134677 0.160205 -0.094899 -0.064841 0.048859 0.034805 -0.047647 0.110071 -0.094899 -0.064841 0.048859 -0.034805 0.047647 -0.110071 -0.173895 0.134677 0.160205 -0.061536 0.155186 0.203170 -0.150096 0.143446 0.161376 -0.113802 0.247165 0.001274 -0.105503 0.226919 0.043440 -0.016943 0.238659 0.085235 -0.016943 0.238659 0.085235 -0.085319 0.411353 0.181611 -0.129912 0.327880 0.299546 -0.061536 0.155186 0.203170 -0.173879 0.399613 0.139816 -0.085319 0.411353 0.181611 -0.016943 0.238659 0.085235 -0.105503 0.226919 0.043440 -0.150096 0.143446 0.161376 -0.218472 0.316140 0.257751 -0.173879 0.399613 0.139816 -0.105503 0.226919 0.043440 -0.061536 0.155186 0.203170 -0.129912 0.327880 0.299546 -0.218472 0.316140 0.257751 -0.150096 0.143446 0.161376 -0.199551 0.333168 0.240665 -0.168840 0.390655 0.159443 -0.173879 0.399613 0.139816 -0.100896 0.399685 0.191467 -0.131607 0.342197 0.272689 -0.218472 0.316140 0.257751 -0.100896 0.399685 0.191467 -0.210787 0.710027 0.348058 -0.242943 0.656620 0.431338 -0.131607 0.342197 0.272689 -0.279021 0.701816 0.316446 -0.210787 0.710027 0.348058 -0.100896 0.399685 0.191467 -0.168840 0.390655 0.159443 -0.199551 0.333168 0.240665 -0.311177 0.648409 0.399727 -0.279021 0.701816 0.316446 -0.168840 0.390655 0.159443 -0.131607 0.342197 0.272689 -0.242943 0.656620 0.431338 -0.311177 0.648409 0.399727 -0.199551 0.333168 0.240665 -0.279021 0.701816 0.316446 -0.311177 0.648409 0.399727 " />
									<Normal vector="0.159490 0.226478 0.960845 0.536790 -0.726463 0.429029 0.877316 -0.089022 -0.471541 0.500015 0.863887 0.060244 0.500015 0.863887 0.060244 0.877316 -0.089022 -0.471541 -0.159490 -0.226478 -0.960845 -0.536790 0.726463 -0.429029 -0.500015 -0.863887 -0.060244 -0.877316 0.089022 0.471541 -0.536790 0.726463 -0.429029 -0.159490 -0.226478 -0.960845 0.159490 0.226478 0.960845 -0.877316 0.089022 0.471541 -0.500015 -0.863887 -0.060244 0.536790 -0.726463 0.429029 -0.500015 -0.863887 -0.060244 -0.159490 -0.226478 -0.960845 -0.877316 0.089022 0.471541 -0.113742 0.615925 0.779504 -0.655202 0.544145 0.523972 -0.536790 0.726463 -0.429029 -0.536790 0.726463 -0.429029 0.500015 0.863887 0.060244 0.500015 0.863887 0.060244 0.500015 0.863887 0.060244 0.159490 0.226478 0.960845 -0.113742 0.615925 0.779504 -0.536790 0.726463 -0.429029 0.500015 0.863887 0.060244 0.500015 0.863887 0.060244 -0.536790 0.726463 -0.429029 -0.655202 0.544145 0.523972 -0.877316 0.089022 0.471541 -0.536790 0.726463 -0.429029 -0.536790 0.726463 -0.429029 -0.113742 0.615925 0.779504 0.159490 0.226478 0.960845 -0.877316 0.089022 0.471541 -0.655202 0.544145 0.523972 -0.865169 0.120609 0.486740 -0.486435 0.872402 0.047761 -0.536790 0.726463 -0.429029 0.079287 0.948393 0.306925 0.136235 0.237587 0.961730 -0.877316 0.089022 0.471541 0.079287 0.948393 0.306925 0.525193 0.850520 0.027039 0.168249 0.257729 0.951445 0.136235 0.237587 0.961730 -0.516312 0.725211 -0.455458 0.525193 0.850520 0.027039 0.079287 0.948393 0.306925 -0.486435 0.872402 0.047761 -0.865169 0.120609 0.486740 -0.873257 0.132389 0.468917 -0.516312 0.725211 -0.455458 -0.486435 0.872402 0.047761 0.136235 0.237587 0.961730 0.168249 0.257729 0.951445 -0.873257 0.132389 0.468917 -0.865169 0.120609 0.486740 -0.516312 0.725211 -0.455458 -0.873257 0.132389 0.468917 " />
									<TextureCoordinate point="0.0892 0.8369 0.0241 0.8369 0.0241 0.9444 0.0892 0.9444 0.0892 0.8369 0.0241 0.8369 0.0241 0.9444 0.0892 0.9444 0.0241 0.9444 0.0892 0.9444 0.0892 0.8369 0.0241 0.8369 0.0892 0.9444 0.0892 0.8369 0.0241 0.8369 0.0241 0.9444 0.0892 0.9444 0.0892 0.8369 0.0241 0.9444 0.0788 0.9386 0.0344 0.9386 0.0241 0.8369 0.0344 0.8589 0.0788 0.8589 0.0291 0.9444 0.0892 0.9444 0.0892 0.8369 0.0291 0.8369 0.0892 0.9444 0.0892 0.8369 0.0291 0.8369 0.0291 0.9444 0.0291 0.9444 0.0892 0.9444 0.0892 0.8369 0.0291 0.8369 0.0291 0.9444 0.0892 0.9444 0.0892 0.8369 0.0291 0.8369 0.0319 0.9243 0.0319 0.8503 0.0241 0.8369 0.0818 0.8502 0.0818 0.9242 0.0241 0.9444 0.0284 0.9444 0.0892 0.9444 0.0892 0.8369 0.0276 0.8369 0.0892 0.9444 0.0892 0.8369 0.0284 0.8369 0.0282 0.9444 0.0274 0.9444 0.0892 0.9444 0.0892 0.8369 0.0282 0.8369 0.0276 0.9444 0.0892 0.9444 0.0892 0.8369 0.0274 0.8369 0.0241 0.8369 0.0241 0.9444 " />
								</IndexedTriangleSet>
							</Shape>
						</Group>
					</Transform>
				</Transform>
				<Transform DEF="eye2_TRANSFORM"
				           translation="-0.221362 -0.053578 0.156570"
				           scale="1.000000 1.000000 1.000000"
				           rotation="0.000000 1.000000 0.000000 0.000000"
				           >
					<Transform DEF="eye2_ifs_TRANSFORM"
					           translation="0.000000 0.000000 0.000000"
					           scale="1.000000 1.000000 1.000000"
					           rotation="0.000000 1.000000 0.000000 0.000000"
					           >
						<Group DEF="group_ME_eye2">
							<Shape>
								<Appearance>
									<Material USE="MA_Eye" />
								</Appearance>
								<IndexedTriangleSet solid="false"
								                    normalPerVertex="true"
								                    index="0 1 2 0 2 3 4 5 6 4 6 7 8 9 10 8 10 11 12 13 14 12 14 15 4 13 16 4 16 17 18 19 14 18 14 7 "
								                    >
									<Coordinate point="0.132506 -0.100131 -0.158397 0.132506 0.158397 -0.100131 0.132506 0.100131 0.158397 0.132506 -0.158397 0.100131 0.132506 0.158397 -0.100131 -0.132506 0.158397 -0.100131 -0.132506 0.100131 0.158397 0.132506 0.100131 0.158397 -0.132506 0.158397 -0.100131 -0.132506 -0.100131 -0.158397 -0.132506 -0.158397 0.100131 -0.132506 0.100131 0.158397 -0.132506 -0.100131 -0.158397 0.132506 -0.100131 -0.158397 0.132506 -0.158397 0.100131 -0.132506 -0.158397 0.100131 -0.132506 -0.100131 -0.158397 -0.132506 0.158397 -0.100131 -0.132506 0.100131 0.158397 -0.132506 -0.158397 0.100131 " />
									<Normal vector="0.577349 -0.436262 -0.690146 0.577349 0.690146 -0.436262 0.577349 0.436262 0.690146 0.577349 -0.690146 0.436262 0.577349 0.690146 -0.436262 -0.577349 0.690146 -0.436262 -0.577349 0.436262 0.690146 0.577349 0.436262 0.690146 -0.577349 0.690146 -0.436262 -0.577349 -0.436262 -0.690146 -0.577349 -0.690146 0.436262 -0.577349 0.436262 0.690146 -0.577349 -0.436262 -0.690146 0.577349 -0.436262 -0.690146 0.577349 -0.690146 0.436262 -0.577349 -0.690146 0.436262 -0.577349 -0.436262 -0.690146 -0.577349 0.690146 -0.436262 -0.577349 0.436262 0.690146 -0.577349 -0.690146 0.436262 " />
									<TextureCoordinate point="0.0709 0.3375 0.0709 0.7121 0.4455 0.7121 0.4455 0.3375 0.0709 0.3375 0.0709 0.7121 0.4455 0.7121 0.4455 0.3375 0.0709 0.3375 0.0709 0.7121 0.4455 0.7121 0.4455 0.3375 0.0709 0.3375 0.0709 0.7121 0.4455 0.7121 0.4455 0.3375 0.4455 0.7121 0.4455 0.3375 0.0709 0.3375 0.0709 0.7121 " />
								</IndexedTriangleSet>
							</Shape>
						</Group>
					</Transform>
					<Transform DEF="Cube_028_TRANSFORM"
					           translation="0.000000 0.000000 -0.000000"
					           scale="1.000000 1.000000 1.000000"
					           rotation="0.000000 1.000000 0.000000 0.000000"
					           >
						<Transform DEF="Cube_028_ifs_TRANSFORM"
						           translation="0.000000 0.000000 0.000000"
						           scale="1.000000 1.000000 1.000000"
						           rotation="0.000000 1.000000 0.000000 0.000000"
						           >
							<Group DEF="group_ME_Cube_008">
								<Shape>
									<Appearance>
										<Material USE="MA_Eye" />
									</Appearance>
									<IndexedTriangleSet solid="false"
									                    normalPerVertex="true"
									                    index="0 1 2 0 2 3 4 5 6 4 6 7 8 9 10 8 10 11 12 13 14 12 14 15 4 13 16 4 16 17 18 19 14 18 14 7 "
									                    >
										<Coordinate point="0.073783 -0.055756 -0.088200 0.073783 0.088200 -0.055756 0.073783 0.055756 0.088200 0.073783 -0.088200 0.055756 0.073783 0.088200 -0.055756 -0.073783 0.088200 -0.055756 -0.073783 0.055756 0.088200 0.073783 0.055756 0.088200 -0.073783 0.088200 -0.055756 -0.073783 -0.055756 -0.088200 -0.073783 -0.088200 0.055756 -0.073783 0.055756 0.088200 -0.073783 -0.055756 -0.088200 0.073783 -0.055756 -0.088200 0.073783 -0.088200 0.055756 -0.073783 -0.088200 0.055756 -0.073783 -0.055756 -0.088200 -0.073783 0.088200 -0.055756 -0.073783 0.055756 0.088200 -0.073783 -0.088200 0.055756 " />
										<Normal vector="0.577349 -0.436262 -0.690146 0.577349 0.690146 -0.436262 0.577349 0.436262 0.690146 0.577349 -0.690146 0.436262 0.577349 0.690146 -0.436262 -0.577349 0.690146 -0.436262 -0.577349 0.436262 0.690146 0.577349 0.436262 0.690146 -0.577349 0.690146 -0.436262 -0.577349 -0.436262 -0.690146 -0.577349 -0.690146 0.436262 -0.577349 0.436262 0.690146 -0.577349 -0.436262 -0.690146 0.577349 -0.436262 -0.690146 0.577349 -0.690146 0.436262 -0.577349 -0.690146 0.436262 -0.577349 -0.436262 -0.690146 -0.577349 0.690146 -0.436262 -0.577349 0.436262 0.690146 -0.577349 -0.690146 0.436262 " />
										<TextureCoordinate point="0.5551 0.3567 0.5551 0.6929 0.8914 0.6929 0.8914 0.3567 0.5551 0.3567 0.5551 0.6929 0.8914 0.6929 0.8914 0.3567 0.5551 0.3567 0.5551 0.6929 0.8914 0.6929 0.8914 0.3567 0.5551 0.3567 0.5551 0.6929 0.8914 0.6929 0.8914 0.3567 0.8914 0.6929 0.8914 0.3567 0.5551 0.3567 0.5551 0.6929 " />
									</IndexedTriangleSet>
								</Shape>
							</Group>
						</Transform>
					</Transform>
				</Transform>
			</Transform>
			<Transform DEF="back_TRANSFORM"
			           translation="0.000000 -0.006361 0.008482"
			           scale="1.000000 1.000000 1.000000"
			           rotation="0.000000 1.000000 0.000000 0.000000"
			           >
				<Transform DEF="back_ifs_TRANSFORM"
				           translation="0.000000 0.000000 0.000000"
				           scale="1.000000 1.000000 1.000000"
				           rotation="0.000000 1.000000 0.000000 0.000000"
				           >
					<Group DEF="group_ME_back">
						<Shape>
							<Appearance>
								<Material USE="MA_Body" />
							</Appearance>
							<IndexedTriangleSet solid="false"
							                    normalPerVertex="true"
							                    index="0 1 2 0 2 3 4 5 6 4 6 7 8 9 10 8 10 11 12 13 14 12 14 15 4 16 17 4 17 15 18 5 14 18 14 19 "
							                    >
								<Coordinate point="-0.151186 -0.145946 -0.091444 -0.151186 -0.150912 -0.009101 -0.151186 0.150912 0.009101 -0.151186 0.155877 -0.073243 -0.151186 0.155877 -0.073243 -0.151186 0.150912 0.009101 0.151186 0.150912 0.009101 0.151186 0.155877 -0.073243 0.151186 0.155877 -0.073243 0.151186 0.150912 0.009101 0.151186 -0.150912 -0.009101 0.151186 -0.145946 -0.091444 0.151186 -0.145946 -0.091444 0.151186 -0.150912 -0.009101 -0.151186 -0.150912 -0.009101 -0.151186 -0.145946 -0.091444 0.151186 0.155877 -0.073243 0.151186 -0.145946 -0.091444 0.151186 0.150912 0.009101 0.151186 -0.150912 -0.009101 " />
								<Normal vector="-0.577349 -0.541520 -0.611042 -0.577349 -0.611042 0.541520 -0.577349 0.541520 0.611042 -0.577349 0.611042 -0.541520 -0.577349 0.611042 -0.541520 -0.577349 0.541520 0.611042 0.577349 0.541520 0.611042 0.577349 0.611042 -0.541520 0.577349 0.611042 -0.541520 0.577349 0.541520 0.611042 0.577349 -0.611042 0.541520 0.577349 -0.541520 -0.611042 0.577349 -0.541520 -0.611042 0.577349 -0.611042 0.541520 -0.577349 -0.611042 0.541520 -0.577349 -0.541520 -0.611042 0.577349 0.611042 -0.541520 0.577349 -0.541520 -0.611042 0.577349 0.541520 0.611042 0.577349 -0.611042 0.541520 " />
								<TextureCoordinate point="0.0178 0.4613 0.0955 0.4613 0.0955 0.5387 0.0178 0.5387 0.0178 0.4613 0.0955 0.4613 0.0955 0.5387 0.0178 0.5387 0.0178 0.4613 0.0955 0.4613 0.0955 0.5387 0.0178 0.5387 0.0178 0.4613 0.0955 0.4613 0.0955 0.5387 0.0178 0.5387 0.0955 0.4613 0.0955 0.5387 0.0178 0.4613 0.0178 0.5387 " />
							</IndexedTriangleSet>
						</Shape>
					</Group>
				</Transform>
				<Transform DEF="Cube_018_TRANSFORM"
				           translation="0.000000 0.003175 -0.052646"
				           scale="1.000000 1.000000 1.000000"
				           rotation="0.000000 1.000000 0.000000 0.000000"
				           >
					<Transform DEF="Cube_018_ifs_TRANSFORM"
					           translation="0.000000 0.000000 0.000000"
					           scale="1.000000 1.000000 1.000000"
					           rotation="0.000000 1.000000 0.000000 0.000000"
					           >
						<Group DEF="group_ME_Cube_033">
							<Shape>
								<Appearance>
									<Material USE="MA_Body" />
								</Appearance>
								<IndexedTriangleSet solid="false"
								                    normalPerVertex="true"
								                    index="0 1 2 0 2 3 4 5 6 4 6 7 8 9 10 8 10 11 12 13 14 12 14 15 16 17 18 16 18 19 20 21 22 20 22 23 "
								                    >
									<Coordinate point="-0.245322 -0.222794 -0.213756 -0.245322 -0.234830 -0.014161 -0.245322 0.234830 0.014161 -0.245322 0.246867 -0.185434 -0.245322 0.246867 -0.185434 -0.245322 0.234830 0.014161 0.245322 0.234830 0.014161 0.245322 0.246867 -0.185434 0.245322 0.246867 -0.185434 0.245322 0.234830 0.014161 0.245322 -0.234830 -0.014161 0.245322 -0.222794 -0.213756 0.245322 -0.222794 -0.213756 0.245322 -0.234830 -0.014161 -0.245322 -0.234830 -0.014161 -0.245322 -0.222794 -0.213756 -0.245322 0.246867 -0.185434 0.245322 0.246867 -0.185434 0.245322 -0.222794 -0.213756 -0.245322 -0.222794 -0.213756 0.245322 0.234830 0.014161 -0.245322 0.234830 0.014161 -0.245322 -0.234830 -0.014161 0.245322 -0.234830 -0.014161 " />
									<Normal vector="-0.577349 -0.541520 -0.611042 -0.577349 -0.611042 0.541520 -0.577349 0.541520 0.611042 -0.577349 0.611042 -0.541520 -0.577349 0.611042 -0.541520 -0.577349 0.541520 0.611042 0.577349 0.541520 0.611042 0.577349 0.611042 -0.541520 0.577349 0.611042 -0.541520 0.577349 0.541520 0.611042 0.577349 -0.611042 0.541520 0.577349 -0.541520 -0.611042 0.577349 -0.541520 -0.611042 0.577349 -0.611042 0.541520 -0.577349 -0.611042 0.541520 -0.577349 -0.541520 -0.611042 -0.577349 0.611042 -0.541520 0.577349 0.611042 -0.541520 0.577349 -0.541520 -0.611042 -0.577349 -0.541520 -0.611042 0.577349 0.541520 0.611042 -0.577349 0.541520 0.611042 -0.577349 -0.611042 0.541520 0.577349 -0.611042 0.541520 " />
									<TextureCoordinate point="0.0036 0.0074 0.1128 0.0074 0.1128 0.3833 0.0036 0.3833 0.0036 0.0074 0.1128 0.0074 0.1128 0.3833 0.0036 0.3833 0.0036 0.0074 0.1128 0.0074 0.1128 0.3833 0.0036 0.3833 0.0036 0.0074 0.1128 0.0074 0.1128 0.3833 0.0036 0.3833 0.0178 0.4613 0.0955 0.4613 0.0955 0.5387 0.0178 0.5387 0.0178 0.4613 0.0955 0.4613 0.0955 0.5387 0.0178 0.5387 " />
								</IndexedTriangleSet>
							</Shape>
						</Group>
					</Transform>
					<Transform DEF="Cube_019_TRANSFORM"
					           translation="0.000000 0.010345 -0.171546"
					           scale="1.000000 1.000000 1.000000"
					           rotation="0.000000 1.000000 0.000000 0.000000"
					           >
						<Transform DEF="Cube_019_ifs_TRANSFORM"
						           translation="0.000000 0.000000 0.000000"
						           scale="1.000000 1.000000 1.000000"
						           rotation="0.000000 1.000000 0.000000 0.000000"
						           >
							<Group DEF="group_ME_Cube_034">
								<Shape>
									<Appearance>
										<Material USE="MA_Body" />
									</Appearance>
									<IndexedTriangleSet solid="false"
									                    normalPerVertex="true"
									                    index="0 1 2 0 2 3 4 5 6 4 6 7 8 9 10 8 10 11 12 13 14 12 14 15 16 17 18 16 18 19 20 21 22 20 22 23 "
									                    >
										<Coordinate point="-0.274978 -0.260300 -0.268016 -0.274978 -0.275461 -0.016611 -0.274978 0.275461 0.016611 -0.274978 0.290621 -0.234793 -0.274978 0.290621 -0.234793 -0.274978 0.275461 0.016611 0.274978 0.275461 0.016611 0.274978 0.290621 -0.234793 0.274978 0.290621 -0.234793 0.274978 0.275461 0.016611 0.274978 -0.275461 -0.016611 0.274978 -0.260300 -0.268016 0.274978 -0.260300 -0.268016 0.274978 -0.275461 -0.016611 -0.274978 -0.275461 -0.016611 -0.274978 -0.260300 -0.268016 -0.274978 0.290621 -0.234793 0.274978 0.290621 -0.234793 0.274978 -0.260300 -0.268016 -0.274978 -0.260300 -0.268016 0.274978 0.275461 0.016611 -0.274978 0.275461 0.016611 -0.274978 -0.275461 -0.016611 0.274978 -0.275461 -0.016611 " />
										<Normal vector="-0.577349 -0.541520 -0.611042 -0.577349 -0.611042 0.541520 -0.577349 0.541520 0.611042 -0.577349 0.611042 -0.541520 -0.577349 0.611042 -0.541520 -0.577349 0.541520 0.611042 0.577349 0.541520 0.611042 0.577349 0.611042 -0.541520 0.577349 0.611042 -0.541520 0.577349 0.541520 0.611042 0.577349 -0.611042 0.541520 0.577349 -0.541520 -0.611042 0.577349 -0.541520 -0.611042 0.577349 -0.611042 0.541520 -0.577349 -0.611042 0.541520 -0.577349 -0.541520 -0.611042 -0.577349 0.611042 -0.541520 0.577349 0.611042 -0.541520 0.577349 -0.541520 -0.611042 -0.577349 -0.541520 -0.611042 0.577349 0.541520 0.611042 -0.577349 0.541520 0.611042 -0.577349 -0.611042 0.541520 0.577349 -0.611042 0.541520 " />
										<TextureCoordinate point="0.0036 0.0074 0.1128 0.0074 0.1128 0.3833 0.0036 0.3833 0.0036 0.0074 0.1128 0.0074 0.1128 0.3833 0.0036 0.3833 0.0036 0.0074 0.1128 0.0074 0.1128 0.3833 0.0036 0.3833 0.0036 0.0074 0.1128 0.0074 0.1128 0.3833 0.0036 0.3833 0.0178 0.4613 0.0955 0.4613 0.0955 0.5387 0.0178 0.5387 0.0178 0.4613 0.0955 0.4613 0.0955 0.5387 0.0178 0.5387 " />
									</IndexedTriangleSet>
								</Shape>
							</Group>
						</Transform>
						<Transform DEF="Cube_020_TRANSFORM"
						           translation="0.000000 0.012606 -0.209045"
						           scale="1.000000 1.000000 1.000000"
						           rotation="0.000000 1.000000 0.000000 0.000000"
						           >
							<Transform DEF="Cube_020_ifs_TRANSFORM"
							           translation="0.000000 0.000000 0.000000"
							           scale="1.000000 1.000000 1.000000"
							           rotation="0.000000 1.000000 0.000000 0.000000"
							           >
								<Group DEF="group_ME_Cube_035">
									<Shape>
										<Appearance>
											<Material USE="MA_Body" />
										</Appearance>
										<IndexedTriangleSet solid="false"
										                    normalPerVertex="true"
										                    index="0 1 2 0 2 3 4 5 6 4 6 7 8 9 10 8 10 11 12 13 14 12 14 15 16 17 18 16 18 19 20 21 22 20 22 23 "
										                    >
											<Coordinate point="-0.255464 -0.221047 -0.241049 -0.255464 -0.234730 -0.014155 -0.255464 0.234730 0.014155 -0.255464 0.248412 -0.212739 -0.255464 0.248412 -0.212739 -0.255464 0.234730 0.014155 0.255464 0.234730 0.014155 0.255464 0.248412 -0.212739 0.255464 0.248412 -0.212739 0.255464 0.234730 0.014155 0.255464 -0.234730 -0.014155 0.255464 -0.221047 -0.241049 0.255464 -0.221047 -0.241049 0.255464 -0.234730 -0.014155 -0.255464 -0.234730 -0.014155 -0.255464 -0.221047 -0.241049 -0.255464 0.248412 -0.212739 0.255464 0.248412 -0.212739 0.255464 -0.221047 -0.241049 -0.255464 -0.221047 -0.241049 0.255464 0.234730 0.014155 -0.255464 0.234730 0.014155 -0.255464 -0.234730 -0.014155 0.255464 -0.234730 -0.014155 " />
											<Normal vector="-0.577349 -0.541520 -0.611042 -0.577349 -0.611042 0.541520 -0.577349 0.541520 0.611042 -0.577349 0.611042 -0.541520 -0.577349 0.611042 -0.541520 -0.577349 0.541520 0.611042 0.577349 0.541520 0.611042 0.577349 0.611042 -0.541520 0.577349 0.611042 -0.541520 0.577349 0.541520 0.611042 0.577349 -0.611042 0.541520 0.577349 -0.541520 -0.611042 0.577349 -0.541520 -0.611042 0.577349 -0.611042 0.541520 -0.577349 -0.611042 0.541520 -0.577349 -0.541520 -0.611042 -0.577349 0.611042 -0.541520 0.577349 0.611042 -0.541520 0.577349 -0.541520 -0.611042 -0.577349 -0.541520 -0.611042 0.577349 0.541520 0.611042 -0.577349 0.541520 0.611042 -0.577349 -0.611042 0.541520 0.577349 -0.611042 0.541520 " />
											<TextureCoordinate point="0.0036 0.0074 0.1128 0.0074 0.1128 0.3833 0.0036 0.3833 0.0036 0.0074 0.1128 0.0074 0.1128 0.3833 0.0036 0.3833 0.0036 0.0074 0.1128 0.0074 0.1128 0.3833 0.0036 0.3833 0.0036 0.0074 0.1128 0.0074 0.1128 0.3833 0.0036 0.3833 0.0178 0.4613 0.0955 0.4613 0.0955 0.5387 0.0178 0.5387 0.0178 0.4613 0.0955 0.4613 0.0955 0.5387 0.0178 0.5387 " />
										</IndexedTriangleSet>
									</Shape>
								</Group>
							</Transform>
							<Transform DEF="Cube_021_TRANSFORM"
							           translation="0.000000 0.011419 -0.189354"
							           scale="1.000000 1.000000 1.000000"
							           rotation="0.000000 1.000000 0.000000 0.000000"
							           >
								<Transform DEF="Cube_021_ifs_TRANSFORM"
								           translation="0.000000 0.000000 0.000000"
								           scale="1.000000 1.000000 1.000000"
								           rotation="0.000000 1.000000 0.000000 0.000000"
								           >
									<Group DEF="group_ME_Cube_036">
										<Shape>
											<Appearance>
												<Material USE="MA_Body" />
											</Appearance>
											<IndexedTriangleSet solid="false"
											                    normalPerVertex="true"
											                    index="0 1 2 0 2 3 4 5 6 4 6 7 8 9 10 8 10 11 12 13 14 12 14 15 4 16 17 4 17 15 18 5 14 18 14 19 "
											                    >
												<Coordinate point="-0.156800 -0.150599 -0.186423 -0.156800 -0.161254 -0.009724 -0.156800 0.161254 0.009724 -0.156800 0.171910 -0.166974 -0.156800 0.171910 -0.166974 -0.156800 0.161254 0.009724 0.156800 0.161254 0.009724 0.156800 0.171910 -0.166974 0.156800 0.171910 -0.166974 0.156800 0.161254 0.009724 0.156800 -0.161254 -0.009724 0.156800 -0.150599 -0.186423 0.156800 -0.150599 -0.186423 0.156800 -0.161254 -0.009724 -0.156800 -0.161254 -0.009724 -0.156800 -0.150599 -0.186423 0.156800 0.171910 -0.166974 0.156800 -0.150599 -0.186423 0.156800 0.161254 0.009724 0.156800 -0.161254 -0.009724 " />
												<Normal vector="-0.577349 -0.541520 -0.611042 -0.577349 -0.611042 0.541520 -0.577349 0.541520 0.611042 -0.577349 0.611042 -0.541520 -0.577349 0.611042 -0.541520 -0.577349 0.541520 0.611042 0.577349 0.541520 0.611042 0.577349 0.611042 -0.541520 0.577349 0.611042 -0.541520 0.577349 0.541520 0.611042 0.577349 -0.611042 0.541520 0.577349 -0.541520 -0.611042 0.577349 -0.541520 -0.611042 0.577349 -0.611042 0.541520 -0.577349 -0.611042 0.541520 -0.577349 -0.541520 -0.611042 0.577349 0.611042 -0.541520 0.577349 -0.541520 -0.611042 0.577349 0.541520 0.611042 0.577349 -0.611042 0.541520 " />
												<TextureCoordinate point="0.0178 0.4613 0.0955 0.4613 0.0955 0.5387 0.0178 0.5387 0.0178 0.4613 0.0955 0.4613 0.0955 0.5387 0.0178 0.5387 0.0178 0.4613 0.0955 0.4613 0.0955 0.5387 0.0178 0.5387 0.0178 0.4613 0.0955 0.4613 0.0955 0.5387 0.0178 0.5387 0.0955 0.4613 0.0955 0.5387 0.0178 0.4613 0.0178 0.5387 " />
											</IndexedTriangleSet>
										</Shape>
									</Group>
								</Transform>
							</Transform>
						</Transform>
					</Transform>
				</Transform>
			</Transform>
			<Transform DEF="Cube_022_TRANSFORM"
			           translation="0.000000 -0.003503 0.053330"
			           scale="1.000000 1.000000 1.000000"
			           rotation="0.000000 1.000000 0.000000 0.000000"
			           >
				<Transform DEF="Cube_022_ifs_TRANSFORM"
				           translation="0.000000 0.000000 0.000000"
				           scale="1.000000 1.000000 1.000000"
				           rotation="0.000000 1.000000 0.000000 0.000000"
				           >
					<Group DEF="group_ME_Cube_037">
						<Shape>
							<Appearance>
								<Material USE="MA_Body" />
							</Appearance>
							<IndexedTriangleSet solid="false"
							                    normalPerVertex="true"
							                    index="0 1 2 0 2 3 4 5 6 4 6 7 8 9 10 8 10 11 12 13 14 12 14 15 4 16 17 4 17 15 18 5 14 18 14 19 "
							                    >
								<Coordinate point="-0.239928 -0.214995 -0.014120 -0.239928 -0.234776 0.287066 -0.239928 0.195214 0.315306 -0.239928 0.214995 0.014120 -0.239928 0.214995 0.014120 -0.239928 0.195214 0.315306 0.239928 0.195214 0.315306 0.239928 0.214995 0.014120 0.239928 0.214995 0.014120 0.239928 0.195214 0.315306 0.239928 -0.234776 0.287066 0.239928 -0.214995 -0.014120 0.239928 -0.214995 -0.014120 0.239928 -0.234776 0.287066 -0.239928 -0.234776 0.287066 -0.239928 -0.214995 -0.014120 0.239928 0.214995 0.014120 0.239928 -0.214995 -0.014120 0.239928 0.195214 0.315306 0.239928 -0.234776 0.287066 " />
								<Normal vector="-0.577349 -0.538255 -0.613941 -0.577349 -0.613941 0.538255 -0.577349 0.538255 0.613941 -0.577349 0.613941 -0.538255 -0.577349 0.613941 -0.538255 -0.577349 0.538255 0.613941 0.577349 0.538255 0.613941 0.577349 0.613941 -0.538255 0.577349 0.613941 -0.538255 0.577349 0.538255 0.613941 0.577349 -0.613941 0.538255 0.577349 -0.538255 -0.613941 0.577349 -0.538255 -0.613941 0.577349 -0.613941 0.538255 -0.577349 -0.613941 0.538255 -0.577349 -0.538255 -0.613941 0.577349 0.613941 -0.538255 0.577349 -0.538255 -0.613941 0.577349 0.538255 0.613941 0.577349 -0.613941 0.538255 " />
								<TextureCoordinate point="0.0241 0.8369 0.0892 0.8369 0.0892 0.9444 0.0241 0.9444 0.0241 0.8369 0.0892 0.8369 0.0892 0.9444 0.0241 0.9444 0.0241 0.8369 0.0892 0.8369 0.0892 0.9444 0.0241 0.9444 0.0241 0.8369 0.0892 0.8369 0.0892 0.9444 0.0241 0.9444 0.0892 0.8369 0.0892 0.9444 0.0241 0.8369 0.0241 0.9444 " />
							</IndexedTriangleSet>
						</Shape>
					</Group>
				</Transform>
				<Transform DEF="Cube_023_TRANSFORM"
				           translation="0.000000 -0.018266 0.278121"
				           scale="1.000000 1.000000 1.000000"
				           rotation="0.000000 1.000000 0.000000 0.000000"
				           >
					<Transform DEF="Cube_023_ifs_TRANSFORM"
					           translation="0.000000 0.000000 0.000000"
					           scale="1.000000 1.000000 1.000000"
					           rotation="0.000000 1.000000 0.000000 0.000000"
					           >
						<Group DEF="group_ME_Cube_038">
							<Shape>
								<Appearance>
									<Material USE="MA_Body" />
								</Appearance>
								<IndexedTriangleSet solid="false"
								                    normalPerVertex="true"
								                    index="0 1 2 0 2 3 4 5 6 4 6 7 8 9 10 8 10 11 12 13 14 12 14 15 4 16 17 4 17 15 18 5 14 18 14 19 "
								                    >
									<Coordinate point="-0.177375 -0.190167 -0.012490 -0.177375 -0.196885 0.089794 -0.177375 0.183449 0.114773 -0.177375 0.190167 0.012490 -0.177375 0.190167 0.012490 -0.177375 0.183449 0.114773 0.177375 0.183449 0.114773 0.177375 0.190167 0.012490 0.177375 0.190167 0.012490 0.177375 0.183449 0.114773 0.177375 -0.196885 0.089794 0.177375 -0.190167 -0.012490 0.177375 -0.190167 -0.012490 0.177375 -0.196885 0.089794 -0.177375 -0.196885 0.089794 -0.177375 -0.190167 -0.012490 0.177375 0.190167 0.012490 0.177375 -0.190167 -0.012490 0.177375 0.183449 0.114773 0.177375 -0.196885 0.089794 " />
									<Normal vector="-0.577349 -0.538255 -0.613941 -0.577349 -0.613941 0.538255 -0.577349 0.538255 0.613941 -0.577349 0.613941 -0.538255 -0.577349 0.613941 -0.538255 -0.577349 0.538255 0.613941 0.577349 0.538255 0.613941 0.577349 0.613941 -0.538255 0.577349 0.613941 -0.538255 0.577349 0.538255 0.613941 0.577349 -0.613941 0.538255 0.577349 -0.538255 -0.613941 0.577349 -0.538255 -0.613941 0.577349 -0.613941 0.538255 -0.577349 -0.613941 0.538255 -0.577349 -0.538255 -0.613941 0.577349 0.613941 -0.538255 0.577349 -0.538255 -0.613941 0.577349 0.538255 0.613941 0.577349 -0.613941 0.538255 " />
									<TextureCoordinate point="0.0241 0.8369 0.0892 0.8369 0.0892 0.9444 0.0241 0.9444 0.0241 0.8369 0.0892 0.8369 0.0892 0.9444 0.0241 0.9444 0.0241 0.8369 0.0892 0.8369 0.0892 0.9444 0.0241 0.9444 0.0241 0.8369 0.0892 0.8369 0.0892 0.9444 0.0241 0.9444 0.0892 0.8369 0.0892 0.9444 0.0241 0.8369 0.0241 0.9444 " />
								</IndexedTriangleSet>
							</Shape>
						</Group>
					</Transform>
				</Transform>
			</Transform>
			<Transform DEF="wing1_TRANSFORM"
			           translation="0.091803 0.199005 0.230486"
			           scale="1.000000 1.000000 1.000000"
			           rotation="0.000000 1.000000 0.000000 0.000000"
			           >
				<Transform DEF="wing1_ifs_TRANSFORM"
				           translation="0.000000 0.000000 0.000000"
				           scale="1.000000 1.000000 1.000000"
				           rotation="0.000000 1.000000 0.000000 0.000000"
				           >
					<Group DEF="group_ME_wing1">
						<Shape>
							<Appearance>
								<Material USE="MA_Body" />
							</Appearance>
							<IndexedTriangleSet solid="false"
							                    normalPerVertex="true"
							                    index="0 1 2 0 2 3 "
							                    >
								<Coordinate point="0.000000 0.000000 -0.375342 1.637782 0.000000 -0.375342 1.637782 0.000000 1.288283 0.000000 0.000000 1.288283 " />
								<Normal vector="0.000000 -1.000000 0.000000 0.000000 -1.000000 0.000000 0.000000 -1.000000 0.000000 0.000000 -1.000000 0.000000 " />
								<TextureCoordinate point="0.1584 0.0469 0.6190 0.0469 0.6190 0.9273 0.1584 0.9273 " />
							</IndexedTriangleSet>
						</Shape>
					</Group>
				</Transform>
			</Transform>
			<Transform DEF="wing1_1_TRANSFORM"
			           translation="0.091803 0.207308 0.164062"
			           scale="1.000000 1.000000 1.000000"
			           rotation="0.000000 1.000000 0.000000 0.000000"
			           >
				<Transform DEF="wing1_1_ifs_TRANSFORM"
				           translation="0.000000 0.000000 0.000000"
				           scale="1.000000 1.000000 1.000000"
				           rotation="0.000000 1.000000 0.000000 0.000000"
				           >
					<Group DEF="group_ME_wing1_1">
						<Shape>
							<Appearance>
								<Material USE="MA_Body" />
							</Appearance>
							<IndexedTriangleSet solid="false"
							                    normalPerVertex="true"
							                    index="0 1 2 0 2 3 "
							                    >
								<Coordinate point="0.000000 0.000000 -1.049214 0.760207 0.000000 -1.049214 0.760207 0.000000 0.010906 0.000000 0.000000 0.010906 " />
								<Normal vector="0.000000 -1.000000 0.000000 0.000000 -1.000000 0.000000 0.000000 -1.000000 0.000000 0.000000 -1.000000 0.000000 " />
								<TextureCoordinate point="0.6218 0.0320 0.9927 0.0320 0.9927 0.8927 0.6218 0.8927 " />
							</IndexedTriangleSet>
						</Shape>
					</Group>
				</Transform>
			</Transform>
			<Transform DEF="arm5_TRANSFORM"
			           translation="-0.249275 -0.009068 0.198933"
			           scale="1.000000 1.000000 1.000000"
			           rotation="0.000000 1.000000 0.000000 0.000000"
			           >
				<Transform DEF="arm5_ifs_TRANSFORM"
				           translation="0.000000 0.000000 0.000000"
				           scale="1.000000 1.000000 1.000000"
				           rotation="0.000000 1.000000 0.000000 0.000000"
				           >
					<Group DEF="group_ME_arm5">
						<Shape>
							<Appearance>
								<Material USE="MA_Body" />
							</Appearance>
							<IndexedTriangleSet solid="false"
							                    normalPerVertex="true"
							                    index="0 1 2 0 2 3 4 5 6 4 6 7 8 9 10 8 10 11 12 13 14 12 14 15 4 13 16 4 16 17 18 19 14 18 14 7 "
							                    >
								<Coordinate point="0.016797 -0.224111 -0.029222 0.024624 -0.000711 -0.025837 0.024624 -0.001494 0.025803 0.016797 -0.224893 0.022418 0.024624 -0.000711 -0.025837 -0.024640 0.001014 -0.025810 -0.024640 0.000232 0.025829 0.024624 -0.001494 0.025803 -0.024640 0.001014 -0.025810 -0.032467 -0.222385 -0.029196 -0.032467 -0.223168 0.022444 -0.024640 0.000232 0.025829 -0.032467 -0.222385 -0.029196 0.016797 -0.224111 -0.029222 0.016797 -0.224893 0.022418 -0.032467 -0.223168 0.022444 -0.032467 -0.222385 -0.029196 -0.024640 0.001014 -0.025810 -0.024640 0.000232 0.025829 -0.032467 -0.223168 0.022444 " />
								<Normal vector="0.556780 -0.588366 -0.586322 0.597186 0.565447 -0.568834 0.597186 0.547960 0.585711 0.556780 -0.605884 0.568224 0.597186 0.565447 -0.568834 -0.556780 0.605884 -0.568224 -0.556780 0.588366 0.586322 0.597186 0.547960 0.585711 -0.556780 0.605884 -0.568224 -0.597186 -0.547960 -0.585711 -0.597186 -0.565447 0.568834 -0.556780 0.588366 0.586322 -0.597186 -0.547960 -0.585711 0.556780 -0.588366 -0.586322 0.556780 -0.605884 0.568224 -0.597186 -0.565447 0.568834 -0.597186 -0.547960 -0.585711 -0.556780 0.605884 -0.568224 -0.556780 0.588366 0.586322 -0.597186 -0.565447 0.568834 " />
								<TextureCoordinate point="0.0241 0.6323 0.0241 0.7398 0.0892 0.7398 0.0892 0.6323 0.0241 0.6323 0.0241 0.7398 0.0892 0.7398 0.0892 0.6323 0.0241 0.6323 0.0241 0.7398 0.0892 0.7398 0.0892 0.6323 0.0241 0.6323 0.0241 0.7398 0.0892 0.7398 0.0892 0.6323 0.0892 0.7398 0.0892 0.6323 0.0241 0.6323 0.0241 0.7398 " />
							</IndexedTriangleSet>
						</Shape>
					</Group>
				</Transform>
				<Transform DEF="Cube_001_TRANSFORM"
				           translation="-0.021465 -0.204516 -0.003099"
				           scale="1.000000 1.000000 1.000000"
				           rotation="0.000000 1.000000 0.000000 0.000000"
				           >
					<Transform DEF="Cube_001_ifs_TRANSFORM"
					           translation="0.000000 0.000000 0.000000"
					           scale="1.000000 1.000000 1.000000"
					           rotation="0.000000 1.000000 0.000000 0.000000"
					           >
						<Group DEF="group_ME_Cube_001">
							<Shape>
								<Appearance>
									<Material USE="MA_Body" />
								</Appearance>
								<IndexedTriangleSet solid="false"
								                    normalPerVertex="true"
								                    index="0 1 2 0 2 3 4 5 6 4 6 7 8 9 10 8 10 11 12 13 14 12 14 15 4 13 16 4 16 17 18 19 14 18 14 7 "
								                    >
									<Coordinate point="0.199728 -0.002947 -0.030448 0.003669 0.024831 -0.030027 0.003669 0.023910 0.030766 0.199728 -0.003869 0.030345 0.003669 0.024831 -0.030027 -0.003247 -0.023970 -0.030767 -0.003247 -0.024891 0.030027 0.003669 0.023910 0.030766 -0.003247 -0.023970 -0.030767 0.192812 -0.051748 -0.031188 0.192812 -0.052670 0.029606 -0.003247 -0.024891 0.030027 0.192812 -0.051748 -0.031188 0.199728 -0.002947 -0.030448 0.199728 -0.003869 0.030345 0.192812 -0.052670 0.029606 0.192812 -0.051748 -0.031188 -0.003247 -0.023970 -0.030767 -0.003247 -0.024891 0.030027 0.192812 -0.052670 0.029606 " />
									<Normal vector="0.652638 0.499313 -0.569842 -0.490616 0.661306 -0.567370 -0.490616 0.643818 0.587146 0.652638 0.481826 0.584704 -0.490616 0.661306 -0.567370 -0.652638 -0.481826 -0.584704 -0.652638 -0.499313 0.569842 -0.490616 0.643818 0.587146 -0.652638 -0.481826 -0.584704 0.490616 -0.643788 -0.587146 0.490616 -0.661306 0.567370 -0.652638 -0.499313 0.569842 0.490616 -0.643788 -0.587146 0.652638 0.499313 -0.569842 0.652638 0.481826 0.584704 0.490616 -0.661306 0.567370 0.490616 -0.643788 -0.587146 -0.652638 -0.481826 -0.584704 -0.652638 -0.499313 0.569842 0.490616 -0.661306 0.567370 " />
									<TextureCoordinate point="0.0241 0.6323 0.0241 0.7398 0.0892 0.7398 0.0892 0.6323 0.0241 0.6323 0.0241 0.7398 0.0892 0.7398 0.0892 0.6323 0.0241 0.6323 0.0241 0.7398 0.0892 0.7398 0.0892 0.6323 0.0241 0.6323 0.0241 0.7398 0.0892 0.7398 0.0892 0.6323 0.0892 0.7398 0.0892 0.6323 0.0241 0.6323 0.0241 0.7398 " />
								</IndexedTriangleSet>
							</Shape>
						</Group>
					</Transform>
				</Transform>
			</Transform>
			<Transform DEF="arm4_TRANSFORM"
			           translation="-0.249316 -0.011106 0.255160"
			           scale="1.000000 1.000000 1.000000"
			           rotation="0.000000 1.000000 0.000000 0.000000"
			           >
				<Transform DEF="arm4_ifs_TRANSFORM"
				           translation="0.000000 0.000000 0.000000"
				           scale="1.000000 1.000000 1.000000"
				           rotation="0.000000 1.000000 0.000000 0.000000"
				           >
					<Group DEF="group_ME_arm4">
						<Shape>
							<Appearance>
								<Material USE="MA_Body" />
							</Appearance>
							<IndexedTriangleSet solid="false"
							                    normalPerVertex="true"
							                    index="0 1 2 0 2 3 4 5 6 4 6 7 8 9 10 8 10 11 12 13 14 12 14 15 4 13 16 4 16 17 18 19 14 18 14 7 "
							                    >
								<Coordinate point="0.016754 -0.225563 -0.014228 0.024563 -0.002436 -0.025789 0.024684 0.000232 0.025788 0.016875 -0.222895 0.037348 0.024563 -0.002436 -0.025789 -0.024701 -0.000711 -0.025763 -0.024580 0.001957 0.025814 0.024684 0.000232 0.025788 -0.024701 -0.000711 -0.025763 -0.032510 -0.223837 -0.014202 -0.032389 -0.221169 0.037375 -0.024580 0.001957 0.025814 -0.032510 -0.223837 -0.014202 0.016754 -0.225563 -0.014228 0.016875 -0.222895 0.037348 -0.032389 -0.221169 0.037375 -0.032510 -0.223837 -0.014202 -0.024701 -0.000711 -0.025763 -0.024580 0.001957 0.025814 -0.032389 -0.221169 0.037375 " />
								<Normal vector="0.555467 -0.626240 -0.547014 0.595782 0.526170 -0.606739 0.598498 0.585833 0.546403 0.558153 -0.566607 0.606098 0.595782 0.526170 -0.606739 -0.558153 0.566607 -0.606098 -0.555467 0.626240 0.547014 0.598498 0.585833 0.546403 -0.558153 0.566607 -0.606098 -0.598498 -0.585833 -0.546403 -0.595782 -0.526170 0.606739 -0.555467 0.626240 0.547014 -0.598498 -0.585833 -0.546403 0.555467 -0.626240 -0.547014 0.558153 -0.566607 0.606098 -0.595782 -0.526170 0.606739 -0.598498 -0.585833 -0.546403 -0.558153 0.566607 -0.606098 -0.555467 0.626240 0.547014 -0.595782 -0.526170 0.606739 " />
								<TextureCoordinate point="0.0241 0.6323 0.0241 0.7398 0.0892 0.7398 0.0892 0.6323 0.0241 0.6323 0.0241 0.7398 0.0892 0.7398 0.0892 0.6323 0.0241 0.6323 0.0241 0.7398 0.0892 0.7398 0.0892 0.6323 0.0241 0.6323 0.0241 0.7398 0.0892 0.7398 0.0892 0.6323 0.0892 0.7398 0.0892 0.6323 0.0241 0.6323 0.0241 0.7398 " />
							</IndexedTriangleSet>
						</Shape>
					</Group>
				</Transform>
				<Transform DEF="Cube_003_TRANSFORM"
				           translation="-0.021448 -0.204265 0.010617"
				           scale="1.000000 1.000000 1.000000"
				           rotation="0.000000 1.000000 0.000000 0.000000"
				           >
					<Transform DEF="Cube_003_ifs_TRANSFORM"
					           translation="0.000000 0.000000 0.000000"
					           scale="1.000000 1.000000 1.000000"
					           rotation="0.000000 1.000000 0.000000 0.000000"
					           >
						<Group DEF="group_ME_Cube_002">
							<Shape>
								<Appearance>
									<Material USE="MA_Body" />
								</Appearance>
								<IndexedTriangleSet solid="false"
								                    normalPerVertex="true"
								                    index="0 1 2 0 2 3 4 5 6 4 6 7 8 9 10 8 10 11 12 13 14 12 14 15 4 13 16 4 16 17 18 19 14 18 14 7 "
								                    >
									<Coordinate point="0.199657 -0.004983 -0.030651 0.003595 0.022770 -0.031627 0.003738 0.025911 0.029092 0.199799 -0.001842 0.030068 0.003595 0.022770 -0.031627 -0.003317 -0.025971 -0.029090 -0.003174 -0.022830 0.031629 0.003738 0.025911 0.029092 -0.003317 -0.025971 -0.029090 0.192745 -0.053724 -0.028113 0.192887 -0.050583 0.032606 -0.003174 -0.022830 0.031629 0.192745 -0.053724 -0.028113 0.199657 -0.004983 -0.030651 0.199799 -0.001842 0.030068 0.192887 -0.050583 0.032606 0.192745 -0.053724 -0.028113 -0.003317 -0.025971 -0.029090 -0.003174 -0.022830 0.031629 0.192887 -0.050583 0.032606 " />
									<Normal vector="0.651234 0.460128 -0.603442 -0.492019 0.621937 -0.609119 -0.489334 0.681600 0.543992 0.653951 0.519761 0.549699 -0.492019 0.621937 -0.609119 -0.653951 -0.519761 -0.549699 -0.651234 -0.460128 0.603442 -0.489334 0.681600 0.543992 -0.653951 -0.519761 -0.549699 0.489334 -0.681600 -0.543992 0.492019 -0.621937 0.609119 -0.651234 -0.460128 0.603442 0.489334 -0.681600 -0.543992 0.651234 0.460128 -0.603442 0.653951 0.519761 0.549699 0.492019 -0.621937 0.609119 0.489334 -0.681600 -0.543992 -0.653951 -0.519761 -0.549699 -0.651234 -0.460128 0.603442 0.492019 -0.621937 0.609119 " />
									<TextureCoordinate point="0.0241 0.6323 0.0241 0.7398 0.0892 0.7398 0.0892 0.6323 0.0241 0.6323 0.0241 0.7398 0.0892 0.7398 0.0892 0.6323 0.0241 0.6323 0.0241 0.7398 0.0892 0.7398 0.0892 0.6323 0.0241 0.6323 0.0241 0.7398 0.0892 0.7398 0.0892 0.6323 0.0892 0.7398 0.0892 0.6323 0.0241 0.6323 0.0241 0.7398 " />
								</IndexedTriangleSet>
							</Shape>
						</Group>
					</Transform>
				</Transform>
			</Transform>
			<Transform DEF="arm6_TRANSFORM"
			           translation="-0.249275 -0.008175 0.140000"
			           scale="1.000000 1.000000 1.000000"
			           rotation="0.000000 1.000000 0.000000 0.000000"
			           >
				<Transform DEF="arm6_ifs_TRANSFORM"
				           translation="0.000000 0.000000 0.000000"
				           scale="1.000000 1.000000 1.000000"
				           rotation="0.000000 1.000000 0.000000 0.000000"
				           >
					<Group DEF="group_ME_arm6">
						<Shape>
							<Appearance>
								<Material USE="MA_Body" />
							</Appearance>
							<IndexedTriangleSet solid="false"
							                    normalPerVertex="true"
							                    index="0 1 2 0 2 3 4 5 6 4 6 7 8 9 10 8 10 11 12 13 14 12 14 15 4 13 16 4 16 17 18 19 14 18 14 7 "
							                    >
								<Coordinate point="0.016901 -0.220848 -0.047983 0.024700 0.001468 -0.025732 0.024547 -0.003671 0.025658 0.016749 -0.225986 0.003407 0.024700 0.001468 -0.025732 -0.024564 0.003193 -0.025705 -0.024717 -0.001945 0.025684 0.024547 -0.003671 0.025658 -0.024564 0.003193 -0.025705 -0.032362 -0.219122 -0.047956 -0.032515 -0.224260 0.003433 -0.024717 -0.001945 0.025684 -0.032362 -0.219122 -0.047956 0.016901 -0.220848 -0.047983 0.016749 -0.225986 0.003407 -0.032515 -0.224260 0.003433 -0.032362 -0.219122 -0.047956 -0.024564 0.003193 -0.025705 -0.024717 -0.001945 0.025684 -0.032515 -0.224260 0.003433 " />
								<Normal vector="0.558550 -0.536882 -0.632252 0.598834 0.611347 -0.517319 0.595416 0.496475 0.631611 0.555132 -0.651753 0.516709 0.598834 0.611347 -0.517319 -0.555132 0.651753 -0.516709 -0.558550 0.536882 0.632252 0.595416 0.496475 0.631611 -0.555132 0.651753 -0.516709 -0.595416 -0.496475 -0.631611 -0.598834 -0.611347 0.517319 -0.558550 0.536882 0.632252 -0.595416 -0.496475 -0.631611 0.558550 -0.536882 -0.632252 0.555132 -0.651753 0.516709 -0.598834 -0.611347 0.517319 -0.595416 -0.496475 -0.631611 -0.555132 0.651753 -0.516709 -0.558550 0.536882 0.632252 -0.598834 -0.611347 0.517319 " />
								<TextureCoordinate point="0.0241 0.6323 0.0241 0.7398 0.0892 0.7398 0.0892 0.6323 0.0241 0.6323 0.0241 0.7398 0.0892 0.7398 0.0892 0.6323 0.0241 0.6323 0.0241 0.7398 0.0892 0.7398 0.0892 0.6323 0.0241 0.6323 0.0241 0.7398 0.0892 0.7398 0.0892 0.6323 0.0892 0.7398 0.0892 0.6323 0.0241 0.6323 0.0241 0.7398 " />
							</IndexedTriangleSet>
						</Shape>
					</Group>
				</Transform>
				<Transform DEF="Cube_005_TRANSFORM"
				           translation="-0.021439 -0.203521 -0.020412"
				           scale="1.000000 1.000000 1.000000"
				           rotation="0.000000 1.000000 0.000000 0.000000"
				           >
					<Transform DEF="Cube_005_ifs_TRANSFORM"
					           translation="0.000000 0.000000 0.000000"
					           scale="1.000000 1.000000 1.000000"
					           rotation="0.000000 1.000000 0.000000 0.000000"
					           >
						<Group DEF="group_ME_Cube_003">
							<Shape>
								<Appearance>
									<Material USE="MA_Body" />
								</Appearance>
								<IndexedTriangleSet solid="false"
								                    normalPerVertex="true"
								                    index="0 1 2 0 2 3 4 5 6 4 6 7 8 9 10 8 10 11 12 13 14 12 14 15 4 13 16 4 16 17 18 19 14 18 14 7 "
								                    >
									<Coordinate point="0.199818 -0.000401 -0.029998 0.003755 0.027276 -0.027814 0.003576 0.021227 0.032685 0.199638 -0.006450 0.030500 0.003755 0.027276 -0.027814 -0.003154 -0.021287 -0.032690 -0.003334 -0.027336 0.027809 0.003576 0.021227 0.032685 -0.003154 -0.021287 -0.032690 0.192908 -0.048964 -0.034874 0.192728 -0.055013 0.025624 -0.003334 -0.027336 0.027809 0.192908 -0.048964 -0.034874 0.199818 -0.000401 -0.029998 0.199638 -0.006450 0.030500 0.192728 -0.055013 0.025624 0.192908 -0.048964 -0.034874 -0.003154 -0.021287 -0.032690 -0.003334 -0.027336 0.027809 0.192728 -0.055013 0.025624 " />
									<Normal vector="0.654256 0.545518 -0.523728 -0.488998 0.706900 -0.511002 -0.492416 0.592029 0.637959 0.650868 0.430647 0.625202 -0.488998 0.706900 -0.511002 -0.650868 -0.430647 -0.625202 -0.654256 -0.545518 0.523728 -0.492416 0.592029 0.637959 -0.650868 -0.430647 -0.625202 0.492416 -0.592029 -0.637959 0.488998 -0.706900 0.511002 -0.654256 -0.545518 0.523728 0.492416 -0.592029 -0.637959 0.654256 0.545518 -0.523728 0.650868 0.430647 0.625202 0.488998 -0.706900 0.511002 0.492416 -0.592029 -0.637959 -0.650868 -0.430647 -0.625202 -0.654256 -0.545518 0.523728 0.488998 -0.706900 0.511002 " />
									<TextureCoordinate point="0.0241 0.6323 0.0241 0.7398 0.0892 0.7398 0.0892 0.6323 0.0241 0.6323 0.0241 0.7398 0.0892 0.7398 0.0892 0.6323 0.0241 0.6323 0.0241 0.7398 0.0892 0.7398 0.0892 0.6323 0.0241 0.6323 0.0241 0.7398 0.0892 0.7398 0.0892 0.6323 0.0892 0.7398 0.0892 0.6323 0.0241 0.6323 0.0241 0.7398 " />
								</IndexedTriangleSet>
							</Shape>
						</Group>
					</Transform>
				</Transform>
			</Transform>
			<Transform DEF="wing2_TRANSFORM"
			           translation="-0.091803 0.199005 0.230486"
			           scale="1.000000 1.000000 1.000000"
			           rotation="0.000000 1.000000 0.000000 0.000000"
			           >
				<Transform DEF="wing2_ifs_TRANSFORM"
				           translation="0.000000 0.000000 0.000000"
				           scale="1.000000 1.000000 1.000000"
				           rotation="0.000000 1.000000 0.000000 0.000000"
				           >
					<Group DEF="group_ME_wing2">
						<Shape>
							<Appearance>
								<Material USE="MA_Body" />
							</Appearance>
							<IndexedTriangleSet solid="false"
							                    normalPerVertex="true"
							                    index="0 1 2 0 2 3 "
							                    >
								<Coordinate point="-0.000000 0.000000 -0.375342 -0.000000 -0.000000 1.288283 -1.637782 -0.000000 1.288283 -1.637782 0.000000 -0.375342 " />
								<Normal vector="0.000000 -1.000000 0.000000 0.000000 -1.000000 0.000000 0.000000 -1.000000 0.000000 0.000000 -1.000000 0.000000 " />
								<TextureCoordinate point="0.1584 0.0469 0.1584 0.9273 0.6190 0.9273 0.6190 0.0469 " />
							</IndexedTriangleSet>
						</Shape>
					</Group>
				</Transform>
			</Transform>
			<Transform DEF="wing2_1_TRANSFORM"
			           translation="-0.091803 0.207308 0.164062"
			           scale="1.000000 1.000000 1.000000"
			           rotation="0.000000 1.000000 0.000000 0.000000"
			           >
				<Transform DEF="wing2_1_ifs_TRANSFORM"
				           translation="0.000000 0.000000 0.000000"
				           scale="1.000000 1.000000 1.000000"
				           rotation="0.000000 1.000000 0.000000 0.000000"
				           >
					<Group DEF="group_ME_wing2_1">
						<Shape>
							<Appearance>
								<Material USE="MA_Body" />
							</Appearance>
							<IndexedTriangleSet solid="false"
							                    normalPerVertex="true"
							                    index="0 1 2 0 2 3 "
							                    >
								<Coordinate point="-0.000000 0.000000 -1.049214 -0.000000 -0.000000 0.010906 -0.760207 -0.000000 0.010906 -0.760207 0.000000 -1.049214 " />
								<Normal vector="0.000000 -1.000000 0.000000 0.000000 -1.000000 0.000000 0.000000 -1.000000 0.000000 0.000000 -1.000000 0.000000 " />
								<TextureCoordinate point="0.6218 0.0320 0.6218 0.8927 0.9927 0.8927 0.9927 0.0320 " />
							</IndexedTriangleSet>
						</Shape>
					</Group>
				</Transform>
			</Transform>
		</Transform>
	</Scene>
</X3D>