<?xml version="1.0" encoding="UTF-8"?>
<!DOCTYPE X3D PUBLIC "ISO//Web3D//DTD X3D 3.0//EN" "http://www.web3d.org/specifications/x3d-3.0.dtd">
<X3D version="3.0" profile="Immersive" xmlns:xsd="http://www.w3.org/2001/XMLSchema-instance" xsd:noNamespaceSchemaLocation="http://www.web3d.org/specifications/x3d-3.0.xsd">
	<head>
		<meta name="filename" content="xatu.x3d" />
		<meta name="generator" content="Blender 2.93.18" />
	</head>
	<Scene>
		<NavigationInfo headlight="true"
		                visibilityLimit="0.0"
		                type='"EXAMINE", "ANY"'
		                avatarSize="0.25, 1.75, 0.75"
		                />
		<Background DEF="WO_World"
		            groundColor="0.051 0.051 0.051"
		            skyColor="0.051 0.051 0.051"
		            />
		<Transform DEF="body_TRANSFORM"
		           translation="0.000000 0.000000 0.534606"
		           scale="1.000000 1.000000 1.000000"
		           rotation="0.000000 0.000000 1.000000 3.141593"
		           >
			<Transform DEF="body_ifs_TRANSFORM"
			           translation="0.000000 0.000000 0.000000"
			           scale="1.000000 1.000000 1.000000"
			           rotation="0.000000 1.000000 0.000000 0.000000"
			           >
				<Group DEF="group_ME_body">
					<Shape>
						<Appearance>
							<Material DEF="MA_Body"
							          diffuseColor="0.800 0.800 0.800"
							          specularColor="0.401 0.401 0.401"
							          emissiveColor="0.000 0.000 0.000"
							          ambientIntensity="0.000"
							          shininess="0.500"
							          transparency="0.0"
							          />
						</Appearance>
						<IndexedTriangleSet solid="false"
						                    normalPerVertex="true"
						                    index="0 1 2 0 2 3 4 5 6 4 6 7 8 9 10 8 10 11 12 13 14 12 14 15 4 16 17 4 17 15 18 5 14 18 14 19 "
						                    >
							<Coordinate point="-0.813521 -0.724946 0.000000 -0.813521 -0.724946 1.046247 -0.813521 0.724946 1.046247 -0.813521 0.724946 0.000000 -0.813521 0.724946 0.000000 -0.813521 0.724946 1.046247 0.813521 0.724946 1.046247 0.813521 0.724946 0.000000 0.813521 0.724946 0.000000 0.813521 0.724946 1.046247 0.813521 -0.724946 1.046247 0.813521 -0.724946 0.000000 0.813521 -0.724946 0.000000 0.813521 -0.724946 1.046247 -0.813521 -0.724946 1.046247 -0.813521 -0.724946 0.000000 0.813521 0.724946 0.000000 0.813521 -0.724946 0.000000 0.813521 0.724946 1.046247 0.813521 -0.724946 1.046247 " />
							<Normal vector="-0.577349 -0.577349 -0.577349 -0.577349 -0.577349 0.577349 -0.577349 0.577349 0.577349 -0.577349 0.577349 -0.577349 -0.577349 0.577349 -0.577349 -0.577349 0.577349 0.577349 0.577349 0.577349 0.577349 0.577349 0.577349 -0.577349 0.577349 0.577349 -0.577349 0.577349 0.577349 0.577349 0.577349 -0.577349 0.577349 0.577349 -0.577349 -0.577349 0.577349 -0.577349 -0.577349 0.577349 -0.577349 0.577349 -0.577349 -0.577349 0.577349 -0.577349 -0.577349 -0.577349 0.577349 0.577349 -0.577349 0.577349 -0.577349 -0.577349 0.577349 0.577349 0.577349 0.577349 -0.577349 0.577349 " />
							<TextureCoordinate point="0.0293 0.0287 0.2718 0.0287 0.2718 0.1248 0.0293 0.1248 0.0293 0.0287 0.2718 0.0287 0.2718 0.1248 0.0293 0.1248 0.0293 0.0287 0.2718 0.0287 0.2718 0.1248 0.0293 0.1248 0.0293 0.0287 0.2718 0.0287 0.2718 0.1248 0.0293 0.1248 0.2718 0.0287 0.2718 0.1248 0.0293 0.0287 0.0293 0.1248 " />
						</IndexedTriangleSet>
					</Shape>
				</Group>
			</Transform>
			<Transform DEF="Cube_TRANSFORM"
			           translation="0.000000 0.000000 -0.123546"
			           scale="1.000000 1.000000 1.000000"
			           rotation="0.000000 1.000000 0.000000 0.000000"
			           >
				<Transform DEF="Cube_ifs_TRANSFORM"
				           translation="0.000000 0.000000 0.000000"
				           scale="1.000000 1.000000 1.000000"
				           rotation="0.000000 1.000000 0.000000 0.000000"
				           >
					<Group DEF="group_ME_Cube">
						<Shape>
							<Appearance>
								<Material USE="MA_Body" />
							</Appearance>
							<IndexedTriangleSet solid="false"
							                    normalPerVertex="true"
							                    index="0 1 2 0 2 3 4 5 6 4 6 7 8 9 10 8 10 11 12 13 14 12 14 15 16 1 14 16 14 17 18 19 20 18 20 21 22 23 20 22 20 24 25 26 27 25 27 28 29 30 31 29 31 32 33 34 35 33 35 36 37 38 39 37 39 40 41 42 43 41 43 44 45 46 47 45 47 48 49 50 51 49 51 52 53 54 55 53 55 56 57 58 59 57 59 60 61 62 63 61 63 64 65 66 67 65 67 68 69 70 71 69 71 72 73 74 75 73 75 76 77 78 79 77 79 80 81 82 83 81 83 84 85 86 87 85 87 88 89 90 91 89 91 92 93 94 95 93 95 96 97 98 99 97 99 100 101 102 103 101 103 104 105 106 107 105 107 108 109 110 111 109 111 112 113 114 115 113 115 116 117 118 119 117 119 120 121 122 123 121 123 124 125 126 127 125 127 128 129 130 131 129 131 132 133 134 135 133 135 136 137 138 139 137 139 140 141 142 143 141 143 144 145 146 147 145 147 148 149 150 151 149 151 152 153 154 155 153 155 156 157 158 159 157 159 160 161 162 163 161 163 164 165 166 167 165 167 168 169 170 171 169 171 172 173 174 175 173 175 176 177 30 178 177 178 179 180 5 181 180 181 182 183 26 184 183 184 185 186 187 188 186 188 189 190 191 184 190 184 192 "
							                    >
								<Coordinate point="-1.049213 0.792712 0.717273 -1.049213 0.792712 1.082873 -1.049213 0.934976 1.082873 -1.049213 0.934976 0.717273 0.213124 0.934976 0.717273 0.213124 0.934976 1.082873 1.049213 0.934976 1.082873 1.049213 0.934976 0.717273 1.049213 0.792712 0.717273 1.049213 0.792712 1.082873 1.049213 -0.934976 1.082873 1.049213 -0.934976 0.717273 -0.213124 -0.934976 0.717273 -0.213124 -0.934976 1.082873 -1.049213 -0.934976 1.082873 -1.049213 -0.934976 0.717273 -0.213124 0.792712 1.082873 -0.213124 -0.934976 1.082873 1.049213 0.792712 1.082873 0.213124 0.792712 1.082873 0.213124 -0.934976 1.082873 1.049213 -0.934976 1.082873 1.049213 -0.934976 0.717273 1.049213 -0.934976 1.082873 0.213124 -0.934976 0.717273 -1.049213 0.934976 0.717273 -1.049213 0.934976 1.082873 -0.213124 0.934976 1.082873 -0.213124 0.934976 0.717273 -0.213124 0.934976 0.717273 -0.213124 0.934976 1.082873 0.213124 0.934976 1.082873 0.213124 0.934976 0.717273 -0.213124 0.934976 0.000000 -0.213124 0.934976 0.178909 0.213124 0.934976 0.178909 0.213124 0.934976 0.000000 -1.049213 0.934976 0.000000 -1.049213 0.934976 0.178909 -0.213124 0.934976 0.178909 -0.213124 0.934976 0.000000 1.049213 -0.934976 0.000000 1.049213 -0.934976 0.178909 0.213124 -0.934976 0.178909 0.213124 -0.934976 0.000000 -0.213124 -0.934976 0.000000 -0.213124 -0.934976 0.178909 -1.049213 -0.934976 0.178909 -1.049213 -0.934976 0.000000 1.049213 0.792712 0.000000 1.049213 0.792712 0.178909 1.049213 -0.934976 0.178909 1.049213 -0.934976 0.000000 0.213124 0.934976 0.000000 0.213124 0.934976 0.178909 1.049213 0.934976 0.178909 1.049213 0.934976 0.000000 -1.049213 0.792712 0.000000 -1.049213 0.792712 0.178909 -1.049213 0.934976 0.178909 -1.049213 0.934976 0.000000 -0.213124 0.934976 0.178909 -0.213124 0.934976 0.386068 0.213124 0.934976 0.386068 0.213124 0.934976 0.178909 -1.049213 0.934976 0.178909 -1.049213 0.934976 0.386068 -0.213124 0.934976 0.386068 -0.213124 0.934976 0.178909 1.049213 -0.934976 0.178909 1.049213 -0.934976 0.386068 0.213124 -0.934976 0.386068 0.213124 -0.934976 0.178909 -0.213124 -0.934976 0.178909 -0.213124 -0.934976 0.386068 -1.049213 -0.934976 0.386068 -1.049213 -0.934976 0.178909 1.049213 0.792712 0.178909 1.049213 0.792712 0.386068 1.049213 -0.934976 0.386068 1.049213 -0.934976 0.178909 0.213124 0.934976 0.178909 0.213124 0.934976 0.386068 1.049213 0.934976 0.386068 1.049213 0.934976 0.178909 -1.049213 0.792712 0.178909 -1.049213 0.792712 0.386068 -1.049213 0.934976 0.386068 -1.049213 0.934976 0.178909 -0.213124 0.934976 0.386068 -0.213124 0.934976 0.522604 0.213124 0.934976 0.522604 0.213124 0.934976 0.386068 -1.049213 0.934976 0.386068 -1.049213 0.934976 0.522604 -0.213124 0.934976 0.522604 -0.213124 0.934976 0.386068 1.049213 -0.934976 0.386068 1.049213 -0.934976 0.522604 0.213124 -0.934976 0.522604 0.213124 -0.934976 0.386068 -0.213124 -0.934976 0.386068 -0.213124 -0.934976 0.522604 -1.049213 -0.934976 0.522604 -1.049213 -0.934976 0.386068 1.049213 0.792712 0.386068 1.049213 0.792712 0.522604 1.049213 -0.934976 0.522604 1.049213 -0.934976 0.386068 0.213124 0.934976 0.386068 0.213124 0.934976 0.522604 1.049213 0.934976 0.522604 1.049213 0.934976 0.386068 -1.049213 0.792712 0.386068 -1.049213 0.792712 0.522604 -1.049213 0.934976 0.522604 -1.049213 0.934976 0.386068 -0.213124 0.934976 0.522604 -0.213124 0.934976 0.717273 0.213124 0.934976 0.717273 0.213124 0.934976 0.522604 -1.049213 0.934976 0.522604 -1.049213 0.934976 0.717273 -0.213124 0.934976 0.717273 -0.213124 0.934976 0.522604 1.049213 -0.934976 0.522604 1.049213 -0.934976 0.717273 0.213124 -0.934976 0.717273 0.213124 -0.934976 0.522604 -0.213124 -0.934976 0.522604 -0.213124 -0.934976 0.717273 -1.049213 -0.934976 0.717273 -1.049213 -0.934976 0.522604 1.049213 0.792712 0.522604 1.049213 0.792712 0.717273 1.049213 -0.934976 0.717273 1.049213 -0.934976 0.522604 0.213124 0.934976 0.522604 0.213124 0.934976 0.717273 1.049213 0.934976 0.717273 1.049213 0.934976 0.522604 -1.049213 0.792712 0.522604 -1.049213 0.792712 0.717273 -1.049213 0.934976 0.717273 -1.049213 0.934976 0.522604 -1.049213 -0.934976 0.522604 -1.049213 -0.934976 0.717273 -1.049213 0.792712 0.717273 -1.049213 0.792712 0.522604 1.049213 0.934976 0.522604 1.049213 0.934976 0.717273 1.049213 0.792712 0.717273 1.049213 0.792712 0.522604 -1.049213 -0.934976 0.386068 -1.049213 -0.934976 0.522604 -1.049213 0.792712 0.522604 -1.049213 0.792712 0.386068 1.049213 0.934976 0.386068 1.049213 0.934976 0.522604 1.049213 0.792712 0.522604 1.049213 0.792712 0.386068 -1.049213 -0.934976 0.178909 -1.049213 -0.934976 0.386068 -1.049213 0.792712 0.386068 -1.049213 0.792712 0.178909 1.049213 0.934976 0.178909 1.049213 0.934976 0.386068 1.049213 0.792712 0.386068 1.049213 0.792712 0.178909 -1.049213 -0.934976 0.000000 -1.049213 -0.934976 0.178909 -1.049213 0.792712 0.178909 -1.049213 0.792712 0.000000 1.049213 0.934976 0.000000 1.049213 0.934976 0.178909 1.049213 0.792712 0.178909 1.049213 0.792712 0.000000 0.213124 0.934976 1.082873 -0.213124 0.792712 1.082873 0.213124 0.792712 1.082873 1.049213 0.934976 1.082873 0.213124 0.792712 1.082873 1.049213 0.792712 1.082873 -0.213124 0.934976 1.082873 -1.049213 0.792712 1.082873 -0.213124 0.792712 1.082873 1.049213 0.934976 0.717273 1.049213 0.934976 1.082873 1.049213 0.792712 1.082873 1.049213 0.792712 0.717273 -1.049213 -0.934976 0.717273 -1.049213 -0.934976 1.082873 -1.049213 0.792712 0.717273 " />
								<Normal vector="-1.000000 0.000000 0.000000 -0.707083 0.000000 0.707083 -0.577349 0.577349 0.577349 -0.707083 0.707083 0.000000 0.000000 1.000000 0.000000 0.000000 0.707083 0.707083 0.577349 0.577349 0.577349 0.707083 0.707083 0.000000 1.000000 0.000000 0.000000 0.707083 0.000000 0.707083 0.577349 -0.577349 0.577349 0.707083 -0.707083 0.000000 0.000000 -1.000000 0.000000 0.000000 -0.707083 0.707083 -0.577349 -0.577349 0.577349 -0.707083 -0.707083 0.000000 0.000000 0.000000 1.000000 0.000000 -0.707083 0.707083 0.707083 0.000000 0.707083 0.000000 0.000000 1.000000 0.000000 -0.707083 0.707083 0.577349 -0.577349 0.577349 0.707083 -0.707083 0.000000 0.577349 -0.577349 0.577349 0.000000 -1.000000 0.000000 -0.707083 0.707083 0.000000 -0.577349 0.577349 0.577349 0.000000 0.707083 0.707083 0.000000 1.000000 0.000000 0.000000 1.000000 0.000000 0.000000 0.707083 0.707083 0.000000 0.707083 0.707083 0.000000 1.000000 0.000000 0.000000 1.000000 0.000000 0.000000 1.000000 0.000000 0.000000 1.000000 0.000000 0.000000 1.000000 0.000000 -0.707083 0.707083 0.000000 -0.707083 0.707083 0.000000 0.000000 1.000000 0.000000 0.000000 1.000000 0.000000 0.707083 -0.707083 0.000000 0.707083 -0.707083 0.000000 0.000000 -1.000000 0.000000 0.000000 -1.000000 0.000000 0.000000 -1.000000 0.000000 0.000000 -1.000000 0.000000 -0.707083 -0.707083 0.000000 -0.707083 -0.707083 0.000000 1.000000 0.000000 0.000000 1.000000 0.000000 0.000000 0.707083 -0.707083 0.000000 0.707083 -0.707083 0.000000 0.000000 1.000000 0.000000 0.000000 1.000000 0.000000 0.707083 0.707083 0.000000 0.707083 0.707083 0.000000 -1.000000 0.000000 0.000000 -1.000000 0.000000 0.000000 -0.707083 0.707083 0.000000 -0.707083 0.707083 0.000000 0.000000 1.000000 0.000000 0.000000 1.000000 0.000000 0.000000 1.000000 0.000000 0.000000 1.000000 0.000000 -0.707083 0.707083 0.000000 -0.707083 0.707083 0.000000 0.000000 1.000000 0.000000 0.000000 1.000000 0.000000 0.707083 -0.707083 0.000000 0.707083 -0.707083 0.000000 0.000000 -1.000000 0.000000 0.000000 -1.000000 0.000000 0.000000 -1.000000 0.000000 0.000000 -1.000000 0.000000 -0.707083 -0.707083 0.000000 -0.707083 -0.707083 0.000000 1.000000 0.000000 0.000000 1.000000 0.000000 0.000000 0.707083 -0.707083 0.000000 0.707083 -0.707083 0.000000 0.000000 1.000000 0.000000 0.000000 1.000000 0.000000 0.707083 0.707083 0.000000 0.707083 0.707083 0.000000 -1.000000 0.000000 0.000000 -1.000000 0.000000 0.000000 -0.707083 0.707083 0.000000 -0.707083 0.707083 0.000000 0.000000 1.000000 0.000000 0.000000 1.000000 0.000000 0.000000 1.000000 0.000000 0.000000 1.000000 0.000000 -0.707083 0.707083 0.000000 -0.707083 0.707083 0.000000 0.000000 1.000000 0.000000 0.000000 1.000000 0.000000 0.707083 -0.707083 0.000000 0.707083 -0.707083 0.000000 0.000000 -1.000000 0.000000 0.000000 -1.000000 0.000000 0.000000 -1.000000 0.000000 0.000000 -1.000000 0.000000 -0.707083 -0.707083 0.000000 -0.707083 -0.707083 0.000000 1.000000 0.000000 0.000000 1.000000 0.000000 0.000000 0.707083 -0.707083 0.000000 0.707083 -0.707083 0.000000 0.000000 1.000000 0.000000 0.000000 1.000000 0.000000 0.707083 0.707083 0.000000 0.707083 0.707083 0.000000 -1.000000 0.000000 0.000000 -1.000000 0.000000 0.000000 -0.707083 0.707083 0.000000 -0.707083 0.707083 0.000000 0.000000 1.000000 0.000000 0.000000 1.000000 0.000000 0.000000 1.000000 0.000000 0.000000 1.000000 0.000000 -0.707083 0.707083 0.000000 -0.707083 0.707083 0.000000 0.000000 1.000000 0.000000 0.000000 1.000000 0.000000 0.707083 -0.707083 0.000000 0.707083 -0.707083 0.000000 0.000000 -1.000000 0.000000 0.000000 -1.000000 0.000000 0.000000 -1.000000 0.000000 0.000000 -1.000000 0.000000 -0.707083 -0.707083 0.000000 -0.707083 -0.707083 0.000000 1.000000 0.000000 0.000000 1.000000 0.000000 0.000000 0.707083 -0.707083 0.000000 0.707083 -0.707083 0.000000 0.000000 1.000000 0.000000 0.000000 1.000000 0.000000 0.707083 0.707083 0.000000 0.707083 0.707083 0.000000 -1.000000 0.000000 0.000000 -1.000000 0.000000 0.000000 -0.707083 0.707083 0.000000 -0.707083 0.707083 0.000000 -0.707083 -0.707083 0.000000 -0.707083 -0.707083 0.000000 -1.000000 0.000000 0.000000 -1.000000 0.000000 0.000000 0.707083 0.707083 0.000000 0.707083 0.707083 0.000000 1.000000 0.000000 0.000000 1.000000 0.000000 0.000000 -0.707083 -0.707083 0.000000 -0.707083 -0.707083 0.000000 -1.000000 0.000000 0.000000 -1.000000 0.000000 0.000000 0.707083 0.707083 0.000000 0.707083 0.707083 0.000000 1.000000 0.000000 0.000000 1.000000 0.000000 0.000000 -0.707083 -0.707083 0.000000 -0.707083 -0.707083 0.000000 -1.000000 0.000000 0.000000 -1.000000 0.000000 0.000000 0.707083 0.707083 0.000000 0.707083 0.707083 0.000000 1.000000 0.000000 0.000000 1.000000 0.000000 0.000000 -0.707083 -0.707083 0.000000 -0.707083 -0.707083 0.000000 -1.000000 0.000000 0.000000 -1.000000 0.000000 0.000000 0.707083 0.707083 0.000000 0.707083 0.707083 0.000000 1.000000 0.000000 0.000000 1.000000 0.000000 0.000000 0.000000 0.707083 0.707083 0.000000 0.000000 1.000000 0.000000 0.000000 1.000000 0.577349 0.577349 0.577349 0.000000 0.000000 1.000000 0.707083 0.000000 0.707083 0.000000 0.707083 0.707083 -0.707083 0.000000 0.707083 0.000000 0.000000 1.000000 0.707083 0.707083 0.000000 0.577349 0.577349 0.577349 0.707083 0.000000 0.707083 1.000000 0.000000 0.000000 -0.707083 -0.707083 0.000000 -0.577349 -0.577349 0.577349 -1.000000 0.000000 0.000000 " />
								<TextureCoordinate point="0.0392 0.8043 0.2816 0.8043 0.2816 0.9734 0.0392 0.9734 0.0392 0.8043 0.2816 0.8043 0.2816 0.9734 0.0392 0.9734 0.0392 0.8043 0.2816 0.8043 0.2816 0.9734 0.0392 0.9734 0.0392 0.8043 0.2816 0.8043 0.2816 0.9734 0.0392 0.9734 0.0392 0.8043 0.0392 0.9734 0.0392 0.8043 0.2816 0.8043 0.2816 0.9734 0.0392 0.9734 0.0392 0.8043 0.2816 0.8043 0.0392 0.9734 0.0392 0.8043 0.2816 0.8043 0.2816 0.9734 0.0392 0.9734 0.0392 0.8043 0.2816 0.8043 0.2816 0.9734 0.0392 0.9734 0.0392 0.8043 0.2816 0.8043 0.2816 0.9734 0.0392 0.9734 0.0392 0.8043 0.2816 0.8043 0.2816 0.9734 0.0392 0.9734 0.0392 0.8043 0.2816 0.8043 0.2816 0.9734 0.0392 0.9734 0.0392 0.8043 0.2816 0.8043 0.2816 0.9734 0.0392 0.9734 0.0392 0.8043 0.2816 0.8043 0.2816 0.9734 0.0392 0.9734 0.0392 0.8043 0.2816 0.8043 0.2816 0.9734 0.0392 0.9734 0.0392 0.8043 0.2816 0.8043 0.2816 0.9734 0.0392 0.9734 0.0293 0.5778 0.2718 0.5778 0.2718 0.7470 0.0293 0.7470 0.0293 0.5778 0.2718 0.5778 0.2718 0.7470 0.0293 0.7470 0.0293 0.5778 0.2718 0.5778 0.2718 0.7470 0.0293 0.7470 0.0293 0.5778 0.2718 0.5778 0.2718 0.7470 0.0293 0.7470 0.0293 0.5778 0.2718 0.5778 0.2718 0.7470 0.0293 0.7470 0.0293 0.5778 0.2718 0.5778 0.2718 0.7470 0.0293 0.7470 0.0293 0.5778 0.2718 0.5778 0.2718 0.7470 0.0293 0.7470 0.0392 0.8043 0.2816 0.8043 0.2816 0.9734 0.0392 0.9734 0.0392 0.8043 0.2816 0.8043 0.2816 0.9734 0.0392 0.9734 0.0392 0.8043 0.2816 0.8043 0.2816 0.9734 0.0392 0.9734 0.0392 0.8043 0.2816 0.8043 0.2816 0.9734 0.0392 0.9734 0.0392 0.8043 0.2816 0.8043 0.2816 0.9734 0.0392 0.9734 0.0392 0.8043 0.2816 0.8043 0.2816 0.9734 0.0392 0.9734 0.0392 0.8043 0.2816 0.8043 0.2816 0.9734 0.0392 0.9734 0.0293 0.5778 0.2718 0.5778 0.2718 0.7470 0.0293 0.7470 0.0293 0.5778 0.2718 0.5778 0.2718 0.7470 0.0293 0.7470 0.0293 0.5778 0.2718 0.5778 0.2718 0.7470 0.0293 0.7470 0.0293 0.5778 0.2718 0.5778 0.2718 0.7470 0.0293 0.7470 0.0293 0.5778 0.2718 0.5778 0.2718 0.7470 0.0293 0.7470 0.0293 0.5778 0.2718 0.5778 0.2718 0.7470 0.0293 0.7470 0.0293 0.5778 0.2718 0.5778 0.2718 0.7470 0.0293 0.7470 0.0293 0.5778 0.2718 0.5778 0.2718 0.7470 0.0293 0.7470 0.0293 0.5778 0.2718 0.5778 0.2718 0.7470 0.0293 0.7470 0.0392 0.8043 0.2816 0.8043 0.2816 0.9734 0.0392 0.9734 0.0392 0.8043 0.2816 0.8043 0.2816 0.9734 0.0392 0.9734 0.0293 0.5778 0.2718 0.5778 0.2718 0.7470 0.0293 0.7470 0.0293 0.5778 0.2718 0.5778 0.2718 0.7470 0.0293 0.7470 0.0392 0.8043 0.2816 0.8043 0.2816 0.9734 0.0392 0.9734 0.0392 0.8043 0.2816 0.8043 0.2816 0.9734 0.0392 0.9734 0.0392 0.8043 0.2816 0.9734 0.0392 0.9734 0.0392 0.8043 0.2816 0.9734 0.0392 0.9734 0.0392 0.8043 0.2816 0.9734 0.0392 0.9734 0.0392 0.8043 0.2816 0.8043 0.2816 0.9734 0.0392 0.9734 0.0392 0.8043 0.2816 0.8043 0.0392 0.9734 " />
							</IndexedTriangleSet>
						</Shape>
					</Group>
				</Transform>
			</Transform>
			<Transform DEF="Cube_001_TRANSFORM"
			           translation="0.000000 0.000000 0.916935"
			           scale="1.000000 1.000000 1.000000"
			           rotation="0.000000 1.000000 0.000000 0.000000"
			           >
				<Transform DEF="Cube_001_ifs_TRANSFORM"
				           translation="0.000000 0.000000 0.000000"
				           scale="1.000000 1.000000 1.000000"
				           rotation="0.000000 1.000000 0.000000 0.000000"
				           >
					<Group DEF="group_ME_Cube_006">
						<Shape>
							<Appearance>
								<Material USE="MA_Body" />
							</Appearance>
							<IndexedTriangleSet solid="false"
							                    normalPerVertex="true"
							                    index="0 1 2 0 2 3 4 5 6 4 6 7 8 9 10 8 10 11 12 13 14 12 14 15 16 17 18 16 18 19 20 21 14 20 14 22 23 5 24 23 24 25 26 27 28 26 28 29 30 31 32 30 32 33 34 35 36 34 36 37 38 39 40 38 40 41 42 43 44 42 44 45 46 47 24 46 24 48 49 50 51 49 51 52 52 51 53 52 53 54 55 21 56 55 56 57 58 31 59 58 59 60 61 27 62 61 62 63 "
							                    >
								<Coordinate point="-0.876136 -0.872671 0.000000 -0.876136 -0.872671 0.821749 -0.876136 0.872671 0.821749 -0.876136 0.872671 0.000000 0.560885 0.872671 0.000000 0.560885 0.872671 0.821749 0.876136 0.872671 0.821749 0.876136 0.872671 0.000000 0.876136 0.872671 0.000000 0.876136 0.872671 0.821749 0.876136 -0.872671 0.821749 0.876136 -0.872671 0.000000 -0.560885 -0.872671 0.000000 -0.560885 -0.872671 0.821749 -0.876136 -0.872671 0.821749 -0.876136 -0.872671 0.000000 0.560885 0.872671 0.000000 0.876136 0.872671 0.000000 0.876136 -0.872671 0.000000 0.560885 -0.872671 0.000000 -0.560885 0.872671 0.821749 -0.876136 0.872671 0.821749 -0.560885 -0.872671 0.821749 0.876136 0.872671 0.821749 0.560885 -0.872671 0.821749 0.876136 -0.872671 0.821749 0.560885 0.872671 0.821749 0.000000 0.872671 0.821749 0.000000 -0.872671 0.821749 0.560885 -0.872671 0.821749 0.000000 0.872671 0.821749 -0.560885 0.872671 0.821749 -0.560885 -0.872671 0.821749 0.000000 -0.872671 0.821749 -0.876136 0.872671 0.000000 -0.560885 0.872671 0.000000 -0.560885 -0.872671 0.000000 -0.876136 -0.872671 0.000000 -0.560885 0.872671 0.000000 0.000000 0.872671 0.000000 0.000000 -0.872671 0.000000 -0.560885 -0.872671 0.000000 0.000000 0.872671 0.000000 0.560885 0.872671 0.000000 0.560885 -0.872671 0.000000 0.000000 -0.872671 0.000000 0.876136 -0.872671 0.000000 0.876136 -0.872671 0.821749 0.560885 -0.872671 0.000000 0.560885 -0.872671 0.000000 0.560885 -0.872671 0.821749 0.000000 -0.872671 0.821749 0.000000 -0.872671 0.000000 -0.560885 -0.872671 0.821749 -0.560885 -0.872671 0.000000 -0.876136 0.872671 0.000000 -0.560885 0.872671 0.821749 -0.560885 0.872671 0.000000 -0.560885 0.872671 0.000000 0.000000 0.872671 0.821749 0.000000 0.872671 0.000000 0.000000 0.872671 0.000000 0.560885 0.872671 0.821749 0.560885 0.872671 0.000000 " />
								<Normal vector="-0.577349 -0.577349 -0.577349 -0.577349 -0.577349 0.577349 -0.577349 0.577349 0.577349 -0.577349 0.577349 -0.577349 0.000000 0.707083 -0.707083 0.000000 0.707083 0.707083 0.577349 0.577349 0.577349 0.577349 0.577349 -0.577349 0.577349 0.577349 -0.577349 0.577349 0.577349 0.577349 0.577349 -0.577349 0.577349 0.577349 -0.577349 -0.577349 0.000000 -0.707083 -0.707083 0.000000 -0.707083 0.707083 -0.577349 -0.577349 0.577349 -0.577349 -0.577349 -0.577349 0.000000 0.707083 -0.707083 0.577349 0.577349 -0.577349 0.577349 -0.577349 -0.577349 0.000000 -0.707083 -0.707083 0.000000 0.707083 0.707083 -0.577349 0.577349 0.577349 0.000000 -0.707083 0.707083 0.577349 0.577349 0.577349 0.000000 -0.707083 0.707083 0.577349 -0.577349 0.577349 0.000000 0.707083 0.707083 0.000000 0.707083 0.707083 0.000000 -0.707083 0.707083 0.000000 -0.707083 0.707083 0.000000 0.707083 0.707083 0.000000 0.707083 0.707083 0.000000 -0.707083 0.707083 0.000000 -0.707083 0.707083 -0.577349 0.577349 -0.577349 0.000000 0.707083 -0.707083 0.000000 -0.707083 -0.707083 -0.577349 -0.577349 -0.577349 0.000000 0.707083 -0.707083 0.000000 0.707083 -0.707083 0.000000 -0.707083 -0.707083 0.000000 -0.707083 -0.707083 0.000000 0.707083 -0.707083 0.000000 0.707083 -0.707083 0.000000 -0.707083 -0.707083 0.000000 -0.707083 -0.707083 0.577349 -0.577349 -0.577349 0.577349 -0.577349 0.577349 0.000000 -0.707083 -0.707083 0.000000 -0.707083 -0.707083 0.000000 -0.707083 0.707083 0.000000 -0.707083 0.707083 0.000000 -0.707083 -0.707083 0.000000 -0.707083 0.707083 0.000000 -0.707083 -0.707083 -0.577349 0.577349 -0.577349 0.000000 0.707083 0.707083 0.000000 0.707083 -0.707083 0.000000 0.707083 -0.707083 0.000000 0.707083 0.707083 0.000000 0.707083 -0.707083 0.000000 0.707083 -0.707083 0.000000 0.707083 0.707083 0.000000 0.707083 -0.707083 " />
								<TextureCoordinate point="0.0392 0.8043 0.2816 0.8043 0.2816 0.9734 0.0392 0.9734 0.0392 0.8043 0.2816 0.8043 0.2816 0.9734 0.0392 0.9734 0.0392 0.8043 0.2816 0.8043 0.2816 0.9734 0.0392 0.9734 0.0392 0.8043 0.2816 0.8043 0.2816 0.9734 0.0392 0.9734 0.0275 0.0469 0.2699 0.0469 0.2699 0.1214 0.0275 0.1214 0.0392 0.8043 0.2816 0.8043 0.0392 0.9734 0.0392 0.8043 0.2816 0.9734 0.0392 0.9734 0.0392 0.8043 0.2816 0.8043 0.2816 0.9734 0.0392 0.9734 0.0392 0.8043 0.2816 0.8043 0.2816 0.9734 0.0392 0.9734 0.0275 0.0469 0.2699 0.0469 0.2699 0.1214 0.0275 0.1214 0.0275 0.0469 0.2699 0.0469 0.2699 0.1214 0.0275 0.1214 0.0275 0.0469 0.2699 0.0469 0.2699 0.1214 0.0275 0.1214 0.0392 0.8043 0.2816 0.8043 0.0392 0.9734 0.6140 0.0091 0.6140 0.5152 0.9908 0.5152 0.9908 0.0091 0.6140 0.5152 0.6140 0.0091 0.0392 0.8043 0.2816 0.9734 0.0392 0.9734 0.0392 0.8043 0.2816 0.9734 0.0392 0.9734 0.0392 0.8043 0.2816 0.9734 0.0392 0.9734 " />
							</IndexedTriangleSet>
						</Shape>
					</Group>
				</Transform>
			</Transform>
			<Transform DEF="body1_TRANSFORM"
			           translation="0.000000 0.000000 1.705383"
			           scale="1.000000 1.000000 1.000000"
			           rotation="0.000000 1.000000 0.000000 0.000000"
			           >
				<Transform DEF="body1_ifs_TRANSFORM"
				           translation="0.000000 0.000000 0.000000"
				           scale="1.000000 1.000000 1.000000"
				           rotation="0.000000 1.000000 0.000000 0.000000"
				           >
					<Group DEF="group_ME_body1">
						<Shape>
							<Appearance>
								<Material USE="MA_Body" />
							</Appearance>
							<IndexedTriangleSet solid="false"
							                    normalPerVertex="true"
							                    index="0 1 2 0 2 3 4 5 6 4 6 7 8 9 10 8 10 11 12 13 14 12 14 15 16 17 18 16 18 19 20 21 14 20 14 22 23 5 24 23 24 25 26 27 28 26 28 29 30 31 32 30 32 33 34 35 36 34 36 37 38 39 24 38 24 40 41 42 28 41 28 43 44 21 45 44 45 46 47 48 49 47 49 50 51 27 52 51 52 53 54 55 56 54 56 57 58 59 60 58 60 61 62 63 64 62 64 65 66 67 68 66 68 69 70 71 72 70 72 73 74 48 60 74 60 75 76 55 64 76 64 77 78 79 80 78 80 81 82 83 84 82 84 85 86 87 88 86 88 89 90 91 92 90 92 93 94 95 96 94 96 97 98 99 100 98 100 101 102 103 104 102 104 105 106 107 108 106 108 109 110 111 112 110 112 113 114 115 116 114 116 117 118 119 120 118 120 121 122 123 124 122 124 125 126 127 128 126 128 129 16 130 131 16 131 132 133 134 135 133 135 136 137 138 139 137 139 33 140 141 142 140 142 19 143 144 145 143 145 69 30 146 147 30 147 148 34 149 150 34 150 151 66 152 153 66 153 154 70 155 156 70 156 157 158 159 160 158 160 37 161 162 163 161 163 73 "
							                    >
								<Coordinate point="-0.762735 -0.705336 0.332650 -0.762735 -0.705336 0.450789 -0.762735 0.705336 0.450789 -0.762735 0.705336 0.332650 0.573837 0.705336 0.332650 0.573837 0.705336 0.450789 0.762735 0.705336 0.450789 0.762735 0.705336 0.332650 0.762735 0.705336 0.332650 0.762735 0.705336 0.450789 0.762735 -0.705336 0.450789 0.762735 -0.705336 0.332650 -0.573837 -0.705336 0.332650 -0.573837 -0.705336 0.450789 -0.762735 -0.705336 0.450789 -0.762735 -0.705336 0.332650 0.573837 0.705336 -0.000000 0.762735 0.705336 0.000000 0.762735 -0.705336 0.000000 0.573837 -0.705336 -0.000000 -0.573837 0.705336 0.450789 -0.762735 0.705336 0.450789 -0.573837 -0.705336 0.450789 0.762735 0.705336 0.450789 0.573837 -0.705336 0.450789 0.762735 -0.705336 0.450789 -0.070504 0.705336 0.450789 -0.573837 0.705336 0.450789 -0.573837 -0.705336 0.450789 -0.070504 -0.705336 0.450789 -0.762735 0.705336 0.000000 -0.573837 0.705336 -0.000000 -0.573837 -0.705336 -0.000000 -0.762735 -0.705336 0.000000 0.070504 0.705336 -0.000000 0.573837 0.705336 -0.000000 0.573837 -0.705336 -0.000000 0.070504 -0.705336 -0.000000 0.762735 -0.705336 0.332650 0.762735 -0.705336 0.450789 0.573837 -0.705336 0.332650 -0.070504 -0.705336 0.332650 -0.070504 -0.705336 0.450789 -0.573837 -0.705336 0.332650 -0.762735 0.705336 0.332650 -0.573837 0.705336 0.450789 -0.573837 0.705336 0.332650 0.070504 0.705336 0.332650 0.070504 0.705336 0.450789 0.573837 0.705336 0.450789 0.573837 0.705336 0.332650 -0.573837 0.705336 0.332650 -0.070504 0.705336 0.450789 -0.070504 0.705336 0.332650 -0.070504 0.705336 0.332650 -0.070504 0.705336 0.450789 0.070504 0.705336 0.450789 0.070504 0.705336 0.332650 0.573837 -0.705336 0.332650 0.573837 -0.705336 0.450789 0.070504 -0.705336 0.450789 0.070504 -0.705336 0.332650 0.070504 -0.705336 0.332650 0.070504 -0.705336 0.450789 -0.070504 -0.705336 0.450789 -0.070504 -0.705336 0.332650 -0.573837 0.705336 -0.000000 -0.070504 0.705336 -0.000000 -0.070504 -0.705336 -0.000000 -0.573837 -0.705336 -0.000000 -0.070504 0.705336 -0.000000 0.070504 0.705336 -0.000000 0.070504 -0.705336 -0.000000 -0.070504 -0.705336 -0.000000 0.573837 0.705336 0.450789 0.573837 -0.705336 0.450789 0.070504 0.705336 0.450789 0.070504 -0.705336 0.450789 0.070504 -0.705336 0.078244 0.070504 -0.705336 0.332650 -0.070504 -0.705336 0.332650 -0.070504 -0.705336 0.078244 0.573837 -0.705336 0.078244 0.573837 -0.705336 0.332650 0.070504 -0.705336 0.332650 0.070504 -0.705336 0.078244 -0.070504 0.705336 0.078244 -0.070504 0.705336 0.332650 0.070504 0.705336 0.332650 0.070504 0.705336 0.078244 -0.573837 0.705336 0.078244 -0.573837 0.705336 0.332650 -0.070504 0.705336 0.332650 -0.070504 0.705336 0.078244 0.070504 0.705336 0.078244 0.070504 0.705336 0.332650 0.573837 0.705336 0.332650 0.573837 0.705336 0.078244 -0.762735 0.705336 0.078244 -0.762735 0.705336 0.332650 -0.573837 0.705336 0.332650 -0.573837 0.705336 0.078244 -0.070504 -0.705336 0.078244 -0.070504 -0.705336 0.332650 -0.573837 -0.705336 0.332650 -0.573837 -0.705336 0.078244 0.762735 -0.705336 0.078244 0.762735 -0.705336 0.332650 0.573837 -0.705336 0.332650 0.573837 -0.705336 0.078244 -0.573837 -0.705336 0.078244 -0.573837 -0.705336 0.332650 -0.762735 -0.705336 0.332650 -0.762735 -0.705336 0.078244 0.762735 0.705336 0.078244 0.762735 0.705336 0.332650 0.762735 -0.705336 0.332650 0.762735 -0.705336 0.078244 0.573837 0.705336 0.078244 0.573837 0.705336 0.332650 0.762735 0.705336 0.332650 0.762735 0.705336 0.078244 -0.762735 -0.705336 0.078244 -0.762735 -0.705336 0.332650 -0.762735 0.705336 0.332650 -0.762735 0.705336 0.078244 -0.762735 -0.705336 0.000000 -0.762735 -0.705336 0.078244 -0.762735 0.705336 0.078244 -0.762735 0.705336 0.000000 0.573837 0.705336 0.078244 0.762735 0.705336 0.078244 0.762735 0.705336 0.000000 0.762735 0.705336 0.000000 0.762735 0.705336 0.078244 0.762735 -0.705336 0.078244 0.762735 -0.705336 0.000000 -0.573837 -0.705336 -0.000000 -0.573837 -0.705336 0.078244 -0.762735 -0.705336 0.078244 0.762735 -0.705336 0.000000 0.762735 -0.705336 0.078244 0.573837 -0.705336 0.078244 -0.070504 -0.705336 -0.000000 -0.070504 -0.705336 0.078244 -0.573837 -0.705336 0.078244 -0.762735 0.705336 0.078244 -0.573837 0.705336 0.078244 -0.573837 0.705336 -0.000000 0.070504 0.705336 0.078244 0.573837 0.705336 0.078244 0.573837 0.705336 -0.000000 -0.573837 0.705336 0.078244 -0.070504 0.705336 0.078244 -0.070504 0.705336 -0.000000 -0.070504 0.705336 0.078244 0.070504 0.705336 0.078244 0.070504 0.705336 -0.000000 0.573837 -0.705336 -0.000000 0.573837 -0.705336 0.078244 0.070504 -0.705336 0.078244 0.070504 -0.705336 -0.000000 0.070504 -0.705336 0.078244 -0.070504 -0.705336 0.078244 " />
								<Normal vector="-0.707083 -0.707083 0.000000 -0.577349 -0.577349 0.577349 -0.577349 0.577349 0.577349 -0.707083 0.707083 0.000000 0.000000 1.000000 0.000000 0.000000 0.707083 0.707083 0.577349 0.577349 0.577349 0.707083 0.707083 0.000000 0.707083 0.707083 0.000000 0.577349 0.577349 0.577349 0.577349 -0.577349 0.577349 0.707083 -0.707083 0.000000 0.000000 -1.000000 0.000000 0.000000 -0.707083 0.707083 -0.577349 -0.577349 0.577349 -0.707083 -0.707083 0.000000 0.000000 0.707083 -0.707083 0.577349 0.577349 -0.577349 0.577349 -0.577349 -0.577349 0.000000 -0.707083 -0.707083 0.000000 0.707083 0.707083 -0.577349 0.577349 0.577349 0.000000 -0.707083 0.707083 0.577349 0.577349 0.577349 0.000000 -0.707083 0.707083 0.577349 -0.577349 0.577349 0.000000 0.707083 0.707083 0.000000 0.707083 0.707083 0.000000 -0.707083 0.707083 0.000000 -0.707083 0.707083 -0.577349 0.577349 -0.577349 0.000000 0.707083 -0.707083 0.000000 -0.707083 -0.707083 -0.577349 -0.577349 -0.577349 0.000000 0.707083 -0.707083 0.000000 0.707083 -0.707083 0.000000 -0.707083 -0.707083 0.000000 -0.707083 -0.707083 0.707083 -0.707083 0.000000 0.577349 -0.577349 0.577349 0.000000 -1.000000 0.000000 0.000000 -1.000000 0.000000 0.000000 -0.707083 0.707083 0.000000 -1.000000 0.000000 -0.707083 0.707083 0.000000 0.000000 0.707083 0.707083 0.000000 1.000000 0.000000 0.000000 1.000000 0.000000 0.000000 0.707083 0.707083 0.000000 0.707083 0.707083 0.000000 1.000000 0.000000 0.000000 1.000000 0.000000 0.000000 0.707083 0.707083 0.000000 1.000000 0.000000 0.000000 1.000000 0.000000 0.000000 0.707083 0.707083 0.000000 0.707083 0.707083 0.000000 1.000000 0.000000 0.000000 -1.000000 0.000000 0.000000 -0.707083 0.707083 0.000000 -0.707083 0.707083 0.000000 -1.000000 0.000000 0.000000 -1.000000 0.000000 0.000000 -0.707083 0.707083 0.000000 -0.707083 0.707083 0.000000 -1.000000 0.000000 0.000000 0.707083 -0.707083 0.000000 0.707083 -0.707083 0.000000 -0.707083 -0.707083 0.000000 -0.707083 -0.707083 0.000000 0.707083 -0.707083 0.000000 0.707083 -0.707083 0.000000 -0.707083 -0.707083 0.000000 -0.707083 -0.707083 0.000000 0.707083 0.707083 0.000000 -0.707083 0.707083 0.000000 0.707083 0.707083 0.000000 -0.707083 0.707083 0.000000 -1.000000 0.000000 0.000000 -1.000000 0.000000 0.000000 -1.000000 0.000000 0.000000 -1.000000 0.000000 0.000000 -1.000000 0.000000 0.000000 -1.000000 0.000000 0.000000 -1.000000 0.000000 0.000000 -1.000000 0.000000 0.000000 1.000000 0.000000 0.000000 1.000000 0.000000 0.000000 1.000000 0.000000 0.000000 1.000000 0.000000 0.000000 1.000000 0.000000 0.000000 1.000000 0.000000 0.000000 1.000000 0.000000 0.000000 1.000000 0.000000 0.000000 1.000000 0.000000 0.000000 1.000000 0.000000 0.000000 1.000000 0.000000 0.000000 1.000000 0.000000 -0.707083 0.707083 0.000000 -0.707083 0.707083 0.000000 0.000000 1.000000 0.000000 0.000000 1.000000 0.000000 0.000000 -1.000000 0.000000 0.000000 -1.000000 0.000000 0.000000 -1.000000 0.000000 0.000000 -1.000000 0.000000 0.707083 -0.707083 0.000000 0.707083 -0.707083 0.000000 0.000000 -1.000000 0.000000 0.000000 -1.000000 0.000000 0.000000 -1.000000 0.000000 0.000000 -1.000000 0.000000 -0.707083 -0.707083 0.000000 -0.707083 -0.707083 0.000000 0.707083 0.707083 0.000000 0.707083 0.707083 0.000000 0.707083 -0.707083 0.000000 0.707083 -0.707083 0.000000 0.000000 1.000000 0.000000 0.000000 1.000000 0.000000 0.707083 0.707083 0.000000 0.707083 0.707083 0.000000 -0.707083 -0.707083 0.000000 -0.707083 -0.707083 0.000000 -0.707083 0.707083 0.000000 -0.707083 0.707083 0.000000 -0.577349 -0.577349 -0.577349 -0.707083 -0.707083 0.000000 -0.707083 0.707083 0.000000 -0.577349 0.577349 -0.577349 0.000000 1.000000 0.000000 0.707083 0.707083 0.000000 0.577349 0.577349 -0.577349 0.577349 0.577349 -0.577349 0.707083 0.707083 0.000000 0.707083 -0.707083 0.000000 0.577349 -0.577349 -0.577349 0.000000 -0.707083 -0.707083 0.000000 -1.000000 0.000000 -0.707083 -0.707083 0.000000 0.577349 -0.577349 -0.577349 0.707083 -0.707083 0.000000 0.000000 -1.000000 0.000000 0.000000 -0.707083 -0.707083 0.000000 -1.000000 0.000000 0.000000 -1.000000 0.000000 -0.707083 0.707083 0.000000 0.000000 1.000000 0.000000 0.000000 0.707083 -0.707083 0.000000 1.000000 0.000000 0.000000 1.000000 0.000000 0.000000 0.707083 -0.707083 0.000000 1.000000 0.000000 0.000000 1.000000 0.000000 0.000000 0.707083 -0.707083 0.000000 1.000000 0.000000 0.000000 1.000000 0.000000 0.000000 0.707083 -0.707083 0.000000 -0.707083 -0.707083 0.000000 -1.000000 0.000000 0.000000 -1.000000 0.000000 0.000000 -0.707083 -0.707083 0.000000 -1.000000 0.000000 0.000000 -1.000000 0.000000 " />
								<TextureCoordinate point="0.0392 0.8043 0.2816 0.8043 0.2816 0.9734 0.0392 0.9734 0.0392 0.8043 0.2816 0.8043 0.2816 0.9734 0.0392 0.9734 0.0392 0.8043 0.2816 0.8043 0.2816 0.9734 0.0392 0.9734 0.0392 0.8043 0.2816 0.8043 0.2816 0.9734 0.0392 0.9734 0.0392 0.8043 0.2816 0.8043 0.2816 0.9734 0.0392 0.9734 0.0392 0.8043 0.2816 0.8043 0.0392 0.9734 0.0392 0.8043 0.2816 0.9734 0.0392 0.9734 0.0392 0.8043 0.2816 0.8043 0.2816 0.9734 0.0392 0.9734 0.0392 0.8043 0.2816 0.8043 0.2816 0.9734 0.0392 0.9734 0.0392 0.8043 0.2816 0.8043 0.2816 0.9734 0.0392 0.9734 0.0392 0.8043 0.2816 0.8043 0.0392 0.9734 0.0392 0.8043 0.2816 0.8043 0.0392 0.9734 0.0392 0.8043 0.2816 0.9734 0.0392 0.9734 0.0392 0.8043 0.2816 0.8043 0.2816 0.9734 0.0392 0.9734 0.0392 0.8043 0.2816 0.9734 0.0392 0.9734 0.0392 0.8043 0.2816 0.8043 0.2816 0.9734 0.0392 0.9734 0.0392 0.8043 0.2816 0.8043 0.2816 0.9734 0.0392 0.9734 0.0392 0.8043 0.2816 0.8043 0.2816 0.9734 0.0392 0.9734 0.0392 0.8043 0.2816 0.8043 0.2816 0.9734 0.0392 0.9734 0.0392 0.8043 0.2816 0.8043 0.2816 0.9734 0.0392 0.9734 0.0392 0.8043 0.0392 0.9734 0.0392 0.8043 0.0392 0.9734 0.0392 0.8043 0.2816 0.8043 0.2816 0.9734 0.0392 0.9734 0.3530 0.9298 0.3530 0.5948 0.9472 0.5948 0.9472 0.9298 0.0392 0.8043 0.2816 0.8043 0.2816 0.9734 0.0392 0.9734 0.0392 0.8043 0.2816 0.8043 0.2816 0.9734 0.0392 0.9734 0.0392 0.8043 0.2816 0.8043 0.2816 0.9734 0.0392 0.9734 0.0392 0.8043 0.2816 0.8043 0.2816 0.9734 0.0392 0.9734 0.3530 0.9298 0.3530 0.5948 0.9472 0.5948 0.9472 0.9298 0.0392 0.8043 0.2816 0.8043 0.2816 0.9734 0.0392 0.9734 0.0392 0.8043 0.2816 0.8043 0.2816 0.9734 0.0392 0.9734 0.0392 0.8043 0.2816 0.8043 0.2816 0.9734 0.0392 0.9734 0.0392 0.8043 0.2816 0.8043 0.2816 0.9734 0.0392 0.9734 0.0392 0.8043 0.2816 0.8043 0.2816 0.9734 0.0392 0.9734 0.0392 0.8043 0.2816 0.8043 0.2816 0.9734 0.0392 0.9734 0.2816 0.8043 0.2816 0.9734 0.0392 0.9734 0.0392 0.8043 0.2816 0.8043 0.2816 0.9734 0.0392 0.9734 0.0392 0.8043 0.2816 0.8043 0.2816 0.9734 0.0392 0.8043 0.2816 0.8043 0.2816 0.9734 0.0392 0.8043 0.2816 0.8043 0.2816 0.9734 0.2816 0.8043 0.2816 0.9734 0.0392 0.9734 0.2816 0.8043 0.2816 0.9734 0.0392 0.9734 0.2816 0.8043 0.2816 0.9734 0.0392 0.9734 0.2816 0.8043 0.2816 0.9734 0.0392 0.9734 0.0392 0.8043 0.2816 0.8043 0.2816 0.9734 0.0392 0.8043 0.2816 0.8043 0.2816 0.9734 " />
							</IndexedTriangleSet>
						</Shape>
					</Group>
				</Transform>
				<Transform DEF="Cube_003_TRANSFORM"
				           translation="0.000000 0.000000 0.417810"
				           scale="1.000000 1.000000 1.000000"
				           rotation="0.000000 1.000000 0.000000 0.000000"
				           >
					<Transform DEF="Cube_003_ifs_TRANSFORM"
					           translation="0.000000 0.000000 0.000000"
					           scale="1.000000 1.000000 1.000000"
					           rotation="0.000000 1.000000 0.000000 0.000000"
					           >
						<Group DEF="group_ME_Cube_009">
							<Shape>
								<Appearance>
									<Material USE="MA_Body" />
								</Appearance>
								<IndexedTriangleSet solid="false"
								                    normalPerVertex="true"
								                    index="0 1 2 0 2 3 4 5 6 4 6 7 8 9 10 8 10 11 12 13 14 12 14 15 16 17 18 16 18 19 20 21 14 20 14 22 23 24 25 23 25 26 27 28 29 27 29 30 31 32 33 31 33 34 35 36 37 35 37 38 39 40 41 39 41 42 43 44 45 43 45 46 47 48 49 47 49 50 51 52 53 51 53 19 54 55 56 54 56 57 58 59 60 58 60 61 62 63 64 62 64 65 66 67 68 66 68 69 70 71 72 70 72 73 74 75 76 74 76 26 77 78 79 77 79 61 80 81 82 80 82 57 83 84 64 83 64 85 86 87 68 86 68 88 89 90 72 89 72 91 92 93 94 92 94 95 96 97 98 96 98 99 100 101 102 100 102 103 47 104 105 47 105 106 107 108 109 107 109 110 111 112 113 111 113 114 43 115 116 43 116 117 118 119 120 118 120 121 122 123 124 122 124 125 39 126 127 39 127 128 35 129 130 35 130 131 132 133 134 132 134 135 136 97 137 136 137 138 139 140 141 139 141 142 143 144 145 143 145 146 147 101 148 147 148 149 150 151 152 150 152 153 154 155 156 154 156 157 158 5 159 158 159 160 161 162 163 161 163 164 165 166 167 165 167 168 169 170 171 169 171 135 74 172 173 74 173 131 132 174 175 132 175 128 176 177 178 176 178 179 180 181 182 180 182 183 184 185 186 184 186 187 188 93 189 188 189 190 191 1 192 191 192 193 194 195 196 194 196 197 31 198 199 31 199 200 201 202 203 201 203 204 205 206 207 205 207 208 209 210 211 209 211 212 213 214 215 213 215 216 217 218 219 217 219 220 221 222 196 221 196 223 224 21 192 224 192 225 226 195 189 226 189 227 "
								                    >
									<Coordinate point="-0.595619 0.321301 0.349445 -0.595619 0.321301 0.499008 -0.595619 0.531709 0.499008 -0.595619 0.531709 0.056491 0.356098 0.531708 0.349445 0.356098 0.531708 0.499008 0.595619 0.531709 0.499008 0.595619 0.531709 0.056491 0.595619 -0.321301 0.349445 0.595619 -0.321301 0.499008 0.595619 -0.531709 0.499008 0.595619 -0.531709 0.056491 -0.356098 -0.531708 0.349445 -0.356098 -0.531708 0.499008 -0.595619 -0.531709 0.499008 -0.595619 -0.531709 0.056491 0.356098 -0.321301 0.000000 0.595619 -0.321301 0.000000 0.595619 -0.531709 0.000000 0.356098 -0.531708 0.000000 -0.356098 -0.321301 0.499008 -0.595619 -0.321301 0.499008 -0.356098 -0.531708 0.499008 -0.356098 -0.531708 0.000000 -0.356098 -0.531708 0.349445 -0.595619 -0.531709 0.056491 -0.595619 -0.531709 0.000000 0.595619 -0.321301 0.000000 0.595619 -0.321301 0.349445 0.595619 -0.531709 0.056491 0.595619 -0.531709 0.000000 0.356098 0.531708 0.000000 0.356098 0.531708 0.349445 0.595619 0.531709 0.056491 0.595619 0.531709 0.000000 -0.595619 0.321301 0.000000 -0.595619 0.321301 0.349445 -0.595619 0.531709 0.056491 -0.595619 0.531709 0.000000 -0.595619 0.531709 0.000000 -0.595619 0.531709 0.056491 -0.356098 0.531708 0.349445 -0.356098 0.531708 0.000000 -0.356098 0.531708 0.000000 -0.356098 0.531708 0.349445 0.000000 0.531708 0.056491 0.000000 0.531708 0.000000 0.000000 0.531708 0.000000 0.000000 0.531708 0.056491 0.356098 0.531708 0.349445 0.356098 0.531708 0.000000 0.595619 -0.531709 0.000000 0.595619 -0.531709 0.056491 0.356098 -0.531708 0.349445 0.356098 -0.531708 0.000000 0.356098 -0.531708 0.349445 0.000000 -0.531708 0.056491 0.000000 -0.531708 0.000000 0.000000 -0.531708 0.000000 0.000000 -0.531708 0.056491 -0.356098 -0.531708 0.349445 -0.356098 -0.531708 0.000000 0.595619 -0.321301 0.499008 0.356098 -0.321301 0.499008 0.356098 -0.531708 0.499008 0.595619 -0.531709 0.499008 0.356098 -0.321301 0.499008 -0.000000 -0.321301 0.499008 0.000000 -0.531708 0.499008 0.356098 -0.531708 0.499008 -0.000000 -0.321301 0.499008 -0.356098 -0.321301 0.499008 -0.356098 -0.531708 0.499008 0.000000 -0.531708 0.499008 -0.595619 -0.321301 0.000000 -0.356098 -0.321301 0.000000 -0.356098 -0.531708 0.000000 -0.356098 -0.321301 0.000000 -0.000000 -0.321301 0.000000 0.000000 -0.531708 0.000000 -0.000000 -0.321301 0.000000 0.356098 -0.321301 0.000000 0.356098 -0.531708 0.000000 0.595619 -0.531709 0.056491 0.595619 -0.531709 0.499008 0.356098 -0.531708 0.349445 0.356098 -0.531708 0.349445 0.356098 -0.531708 0.499008 0.000000 -0.531708 0.056491 0.000000 -0.531708 0.056491 0.000000 -0.531708 0.499008 -0.356098 -0.531708 0.349445 -0.595619 0.531709 0.056491 -0.595619 0.531709 0.499008 -0.356098 0.531708 0.499008 -0.356098 0.531708 0.349445 -0.356098 0.531708 0.349445 -0.356098 0.531708 0.499008 0.000000 0.531708 0.499008 0.000000 0.531708 0.056491 0.000000 0.531708 0.056491 0.000000 0.531708 0.499008 0.356098 0.531708 0.499008 0.356098 0.531708 0.349445 0.356098 0.531708 0.000000 0.356098 0.321301 0.000000 -0.000000 0.321301 0.000000 -0.000000 0.321301 0.000000 0.356098 0.321301 0.000000 0.356098 0.000000 0.000000 -0.000000 0.000000 0.000000 -0.000000 0.000000 0.000000 0.356098 0.000000 0.000000 0.356098 -0.321301 0.000000 -0.000000 -0.321301 0.000000 0.000000 0.531708 0.000000 -0.000000 0.321301 0.000000 -0.356098 0.321301 0.000000 -0.356098 0.321301 0.000000 -0.000000 0.321301 0.000000 -0.000000 0.000000 0.000000 -0.356098 0.000000 0.000000 -0.356098 0.000000 0.000000 -0.000000 0.000000 0.000000 -0.000000 -0.321301 0.000000 -0.356098 -0.321301 0.000000 -0.356098 0.531708 0.000000 -0.356098 0.321301 0.000000 -0.595619 0.321301 0.000000 -0.356098 0.321301 0.000000 -0.356098 0.000000 0.000000 -0.595619 0.000000 0.000000 -0.595619 0.000000 0.000000 -0.356098 0.000000 0.000000 -0.356098 -0.321301 0.000000 -0.595619 -0.321301 0.000000 0.000000 0.531708 0.499008 -0.356098 0.321301 0.499008 -0.000000 0.321301 0.499008 -0.000000 0.321301 0.499008 -0.356098 0.321301 0.499008 -0.356098 0.000000 0.499008 -0.000000 0.000000 0.499008 -0.000000 0.000000 0.499008 -0.356098 0.000000 0.499008 -0.356098 -0.321301 0.499008 -0.000000 -0.321301 0.499008 0.356098 0.531708 0.499008 -0.000000 0.321301 0.499008 0.356098 0.321301 0.499008 0.356098 0.321301 0.499008 -0.000000 0.321301 0.499008 -0.000000 0.000000 0.499008 0.356098 0.000000 0.499008 0.356098 0.000000 0.499008 -0.000000 0.000000 0.499008 -0.000000 -0.321301 0.499008 0.356098 -0.321301 0.499008 0.595619 0.531709 0.499008 0.356098 0.321301 0.499008 0.595619 0.321301 0.499008 0.595619 0.321301 0.499008 0.356098 0.321301 0.499008 0.356098 0.000000 0.499008 0.595619 0.000000 0.499008 0.595619 0.000000 0.499008 0.356098 0.000000 0.499008 0.356098 -0.321301 0.499008 0.595619 -0.321301 0.499008 -0.595619 -0.531709 0.000000 -0.595619 -0.531709 0.056491 -0.595619 -0.321301 0.349445 -0.595619 -0.321301 0.349445 -0.595619 0.000000 0.056491 -0.595619 0.000000 0.056491 -0.595619 0.321301 0.349445 0.595619 0.531709 0.000000 0.595619 0.531709 0.056491 0.595619 0.321301 0.349445 0.595619 0.321301 0.000000 0.595619 0.321301 0.000000 0.595619 0.321301 0.349445 0.595619 0.000000 0.056491 0.595619 0.000000 0.000000 0.595619 0.000000 0.000000 0.595619 0.000000 0.056491 0.595619 -0.321301 0.349445 0.595619 -0.321301 0.000000 -0.356098 0.531708 0.499008 -0.595619 0.321301 0.499008 -0.356098 0.321301 0.499008 -0.356098 0.321301 0.499008 -0.595619 0.000000 0.499008 -0.356098 0.000000 0.499008 -0.356098 0.000000 0.499008 -0.595619 0.000000 0.499008 -0.595619 -0.321301 0.499008 -0.356098 -0.321301 0.499008 0.595619 0.531709 0.000000 0.595619 0.321301 0.000000 0.356098 0.321301 0.000000 0.356098 0.321301 0.000000 0.595619 0.321301 0.000000 0.595619 0.000000 0.000000 0.356098 0.000000 0.000000 0.356098 0.000000 0.000000 0.595619 0.000000 0.000000 0.595619 -0.321301 0.000000 0.356098 -0.321301 0.000000 0.595619 0.531709 0.056491 0.595619 0.531709 0.499008 0.595619 0.321301 0.499008 0.595619 0.321301 0.349445 0.595619 0.321301 0.349445 0.595619 0.321301 0.499008 0.595619 0.000000 0.499008 0.595619 0.000000 0.056491 0.595619 0.000000 0.056491 0.595619 0.000000 0.499008 0.595619 -0.321301 0.499008 0.595619 -0.321301 0.349445 -0.595619 -0.531709 0.056491 -0.595619 -0.531709 0.499008 -0.595619 -0.321301 0.349445 -0.595619 -0.321301 0.349445 -0.595619 0.000000 0.056491 -0.595619 0.000000 0.056491 -0.595619 0.321301 0.349445 " />
									<Normal vector="-1.000000 0.000000 0.000000 -0.707083 0.000000 0.707083 -0.577349 0.577349 0.577349 -0.707083 0.707083 0.000000 0.000000 1.000000 0.000000 0.000000 0.707083 0.707083 0.577349 0.577349 0.577349 0.707083 0.707083 0.000000 1.000000 0.000000 0.000000 0.707083 0.000000 0.707083 0.577349 -0.577349 0.577349 0.707083 -0.707083 0.000000 0.000000 -1.000000 0.000000 0.000000 -0.707083 0.707083 -0.577349 -0.577349 0.577349 -0.707083 -0.707083 0.000000 0.000000 0.000000 -1.000000 0.707083 0.000000 -0.707083 0.577349 -0.577349 -0.577349 0.000000 -0.707083 -0.707083 0.000000 0.000000 1.000000 -0.707083 0.000000 0.707083 0.000000 -0.707083 0.707083 0.000000 -0.707083 -0.707083 0.000000 -1.000000 0.000000 -0.707083 -0.707083 0.000000 -0.577349 -0.577349 -0.577349 0.707083 0.000000 -0.707083 1.000000 0.000000 0.000000 0.707083 -0.707083 0.000000 0.577349 -0.577349 -0.577349 0.000000 0.707083 -0.707083 0.000000 1.000000 0.000000 0.707083 0.707083 0.000000 0.577349 0.577349 -0.577349 -0.707083 0.000000 -0.707083 -1.000000 0.000000 0.000000 -0.707083 0.707083 0.000000 -0.577349 0.577349 -0.577349 -0.577349 0.577349 -0.577349 -0.707083 0.707083 0.000000 0.000000 1.000000 0.000000 0.000000 0.707083 -0.707083 0.000000 0.707083 -0.707083 0.000000 1.000000 0.000000 0.000000 1.000000 0.000000 0.000000 0.707083 -0.707083 0.000000 0.707083 -0.707083 0.000000 1.000000 0.000000 0.000000 1.000000 0.000000 0.000000 0.707083 -0.707083 0.577349 -0.577349 -0.577349 0.707083 -0.707083 0.000000 0.000000 -1.000000 0.000000 0.000000 -0.707083 -0.707083 0.000000 -1.000000 0.000000 0.000000 -1.000000 0.000000 0.000000 -0.707083 -0.707083 0.000000 -0.707083 -0.707083 0.000000 -1.000000 0.000000 0.000000 -1.000000 0.000000 0.000000 -0.707083 -0.707083 0.707083 0.000000 0.707083 0.000000 0.000000 1.000000 0.000000 -0.707083 0.707083 0.577349 -0.577349 0.577349 0.000000 0.000000 1.000000 0.000000 0.000000 1.000000 0.000000 -0.707083 0.707083 0.000000 -0.707083 0.707083 0.000000 0.000000 1.000000 0.000000 0.000000 1.000000 0.000000 -0.707083 0.707083 0.000000 -0.707083 0.707083 -0.707083 0.000000 -0.707083 0.000000 0.000000 -1.000000 0.000000 -0.707083 -0.707083 0.000000 0.000000 -1.000000 0.000000 0.000000 -1.000000 0.000000 -0.707083 -0.707083 0.000000 0.000000 -1.000000 0.000000 0.000000 -1.000000 0.000000 -0.707083 -0.707083 0.707083 -0.707083 0.000000 0.577349 -0.577349 0.577349 0.000000 -1.000000 0.000000 0.000000 -1.000000 0.000000 0.000000 -0.707083 0.707083 0.000000 -1.000000 0.000000 0.000000 -1.000000 0.000000 0.000000 -0.707083 0.707083 0.000000 -1.000000 0.000000 -0.707083 0.707083 0.000000 -0.577349 0.577349 0.577349 0.000000 0.707083 0.707083 0.000000 1.000000 0.000000 0.000000 1.000000 0.000000 0.000000 0.707083 0.707083 0.000000 0.707083 0.707083 0.000000 1.000000 0.000000 0.000000 1.000000 0.000000 0.000000 0.707083 0.707083 0.000000 0.707083 0.707083 0.000000 1.000000 0.000000 0.000000 0.707083 -0.707083 0.000000 0.000000 -1.000000 0.000000 0.000000 -1.000000 0.000000 0.000000 -1.000000 0.000000 0.000000 -1.000000 0.000000 0.000000 -1.000000 0.000000 0.000000 -1.000000 0.000000 0.000000 -1.000000 0.000000 0.000000 -1.000000 0.000000 0.000000 -1.000000 0.000000 0.000000 -1.000000 0.000000 0.707083 -0.707083 0.000000 0.000000 -1.000000 0.000000 0.000000 -1.000000 0.000000 0.000000 -1.000000 0.000000 0.000000 -1.000000 0.000000 0.000000 -1.000000 0.000000 0.000000 -1.000000 0.000000 0.000000 -1.000000 0.000000 0.000000 -1.000000 0.000000 0.000000 -1.000000 0.000000 0.000000 -1.000000 0.000000 0.707083 -0.707083 0.000000 0.000000 -1.000000 -0.707083 0.000000 -0.707083 0.000000 0.000000 -1.000000 0.000000 0.000000 -1.000000 -0.707083 0.000000 -0.707083 -0.707083 0.000000 -0.707083 0.000000 0.000000 -1.000000 0.000000 0.000000 -1.000000 -0.707083 0.000000 -0.707083 0.000000 0.707083 0.707083 0.000000 0.000000 1.000000 0.000000 0.000000 1.000000 0.000000 0.000000 1.000000 0.000000 0.000000 1.000000 0.000000 0.000000 1.000000 0.000000 0.000000 1.000000 0.000000 0.000000 1.000000 0.000000 0.000000 1.000000 0.000000 0.000000 1.000000 0.000000 0.000000 1.000000 0.000000 0.707083 0.707083 0.000000 0.000000 1.000000 0.000000 0.000000 1.000000 0.000000 0.000000 1.000000 0.000000 0.000000 1.000000 0.000000 0.000000 1.000000 0.000000 0.000000 1.000000 0.000000 0.000000 1.000000 0.000000 0.000000 1.000000 0.000000 0.000000 1.000000 0.000000 0.000000 1.000000 0.577349 0.577349 0.577349 0.000000 0.000000 1.000000 0.707083 0.000000 0.707083 0.707083 0.000000 0.707083 0.000000 0.000000 1.000000 0.000000 0.000000 1.000000 0.707083 0.000000 0.707083 0.707083 0.000000 0.707083 0.000000 0.000000 1.000000 0.000000 0.000000 1.000000 0.707083 0.000000 0.707083 -0.577349 -0.577349 -0.577349 -0.707083 -0.707083 0.000000 -1.000000 0.000000 0.000000 -1.000000 0.000000 0.000000 -0.999969 0.000000 0.000000 -0.999969 0.000000 0.000000 -1.000000 0.000000 0.000000 0.577349 0.577349 -0.577349 0.707083 0.707083 0.000000 1.000000 0.000000 0.000000 0.707083 0.000000 -0.707083 0.707083 0.000000 -0.707083 1.000000 0.000000 0.000000 0.999969 0.000000 0.000000 0.707083 0.000000 -0.707083 0.707083 0.000000 -0.707083 0.999969 0.000000 0.000000 1.000000 0.000000 0.000000 0.707083 0.000000 -0.707083 0.000000 0.707083 0.707083 -0.707083 0.000000 0.707083 0.000000 0.000000 1.000000 0.000000 0.000000 1.000000 -0.707083 0.000000 0.707083 0.000000 0.000000 1.000000 0.000000 0.000000 1.000000 -0.707083 0.000000 0.707083 -0.707083 0.000000 0.707083 0.000000 0.000000 1.000000 0.577349 0.577349 -0.577349 0.707083 0.000000 -0.707083 0.000000 0.000000 -1.000000 0.000000 0.000000 -1.000000 0.707083 0.000000 -0.707083 0.707083 0.000000 -0.707083 0.000000 0.000000 -1.000000 0.000000 0.000000 -1.000000 0.707083 0.000000 -0.707083 0.707083 0.000000 -0.707083 0.000000 0.000000 -1.000000 0.707083 0.707083 0.000000 0.577349 0.577349 0.577349 0.707083 0.000000 0.707083 1.000000 0.000000 0.000000 1.000000 0.000000 0.000000 0.707083 0.000000 0.707083 0.707083 0.000000 0.707083 0.999969 0.000000 0.000000 0.999969 0.000000 0.000000 0.707083 0.000000 0.707083 0.707083 0.000000 0.707083 1.000000 0.000000 0.000000 -0.707083 -0.707083 0.000000 -0.577349 -0.577349 0.577349 -1.000000 0.000000 0.000000 -1.000000 0.000000 0.000000 -0.999969 0.000000 0.000000 -0.999969 0.000000 0.000000 -1.000000 0.000000 0.000000 " />
									<TextureCoordinate point="0.0293 0.0369 0.2718 0.0369 0.2718 0.1037 0.0293 0.1037 0.0293 0.0369 0.2718 0.0369 0.2718 0.1037 0.0293 0.1037 0.0293 0.0369 0.2718 0.0369 0.2718 0.1037 0.0293 0.1037 0.0293 0.0369 0.2718 0.0369 0.2718 0.1037 0.0293 0.1037 0.0392 0.8043 0.2816 0.8043 0.2816 0.9734 0.0392 0.9734 0.0293 0.0369 0.2718 0.0369 0.0293 0.1037 0.0392 0.8043 0.2816 0.8043 0.2816 0.9734 0.0392 0.9734 0.0392 0.8043 0.2816 0.8043 0.2816 0.9734 0.0392 0.9734 0.0392 0.8043 0.2816 0.8043 0.2816 0.9734 0.0392 0.9734 0.0392 0.8043 0.2816 0.8043 0.2816 0.9734 0.0392 0.9734 0.0392 0.8043 0.2816 0.8043 0.2816 0.9734 0.0392 0.9734 0.0392 0.8043 0.2816 0.8043 0.2816 0.9734 0.0392 0.9734 0.0392 0.8043 0.2816 0.8043 0.2816 0.9734 0.0392 0.9734 0.0392 0.8043 0.2816 0.8043 0.2816 0.9734 0.0392 0.8043 0.2816 0.8043 0.2816 0.9734 0.0392 0.9734 0.0392 0.8043 0.2816 0.8043 0.2816 0.9734 0.0392 0.9734 0.0293 0.0369 0.2718 0.0369 0.2718 0.1037 0.0293 0.1037 0.0293 0.0369 0.2718 0.0369 0.2718 0.1037 0.0293 0.1037 0.0293 0.0369 0.2718 0.0369 0.2718 0.1037 0.0293 0.1037 0.0392 0.8043 0.2816 0.8043 0.2816 0.9734 0.0392 0.8043 0.2816 0.8043 0.2816 0.9734 0.0392 0.8043 0.2816 0.8043 0.2816 0.9734 0.0293 0.0369 0.2718 0.0369 0.0293 0.1037 0.0293 0.0369 0.2718 0.0369 0.0293 0.1037 0.0293 0.0369 0.2718 0.0369 0.0293 0.1037 0.0293 0.0369 0.2718 0.0369 0.2718 0.1037 0.0293 0.1037 0.0293 0.0369 0.2718 0.0369 0.2718 0.1037 0.0293 0.1037 0.0293 0.0369 0.2718 0.0369 0.2718 0.1037 0.0293 0.1037 0.2816 0.8043 0.2816 0.9734 0.0392 0.9734 0.0392 0.8043 0.2816 0.8043 0.2816 0.9734 0.0392 0.9734 0.0392 0.8043 0.2816 0.8043 0.2816 0.9734 0.0392 0.9734 0.2816 0.8043 0.2816 0.9734 0.0392 0.9734 0.0392 0.8043 0.2816 0.8043 0.2816 0.9734 0.0392 0.9734 0.0392 0.8043 0.2816 0.8043 0.2816 0.9734 0.0392 0.9734 0.2816 0.8043 0.2816 0.9734 0.0392 0.9734 0.2816 0.8043 0.2816 0.9734 0.0392 0.9734 0.0392 0.8043 0.2816 0.8043 0.2816 0.9734 0.0392 0.9734 0.0293 0.0369 0.2718 0.1037 0.0293 0.1037 0.0293 0.0369 0.2718 0.0369 0.2718 0.1037 0.0293 0.1037 0.0293 0.0369 0.2718 0.0369 0.2718 0.1037 0.0293 0.1037 0.0293 0.0369 0.2718 0.1037 0.0293 0.1037 0.0293 0.0369 0.2718 0.0369 0.2718 0.1037 0.0293 0.1037 0.0293 0.0369 0.2718 0.0369 0.2718 0.1037 0.0293 0.1037 0.0293 0.0369 0.2718 0.1037 0.0293 0.1037 0.0293 0.0369 0.2718 0.0369 0.2718 0.1037 0.0293 0.1037 0.0293 0.0369 0.2718 0.0369 0.2718 0.1037 0.0293 0.1037 0.0392 0.8043 0.2816 0.8043 0.2816 0.9734 0.2816 0.8043 0.2816 0.9734 0.2816 0.8043 0.2816 0.9734 0.0392 0.8043 0.2816 0.8043 0.2816 0.9734 0.0392 0.9734 0.0392 0.8043 0.2816 0.8043 0.2816 0.9734 0.0392 0.9734 0.0392 0.8043 0.2816 0.8043 0.2816 0.9734 0.0392 0.9734 0.0293 0.0369 0.2718 0.1037 0.0293 0.1037 0.0293 0.0369 0.2718 0.1037 0.0293 0.1037 0.0293 0.0369 0.2718 0.0369 0.2718 0.1037 0.0293 0.1037 0.2816 0.8043 0.2816 0.9734 0.0392 0.9734 0.0392 0.8043 0.2816 0.8043 0.2816 0.9734 0.0392 0.9734 0.0392 0.8043 0.2816 0.8043 0.2816 0.9734 0.0392 0.9734 0.0293 0.0369 0.2718 0.0369 0.2718 0.1037 0.0293 0.1037 0.0293 0.0369 0.2718 0.0369 0.2718 0.1037 0.0293 0.1037 0.0293 0.0369 0.2718 0.0369 0.2718 0.1037 0.0293 0.1037 0.0293 0.0369 0.2718 0.0369 0.0293 0.1037 0.0293 0.0369 0.0293 0.1037 0.0293 0.0369 0.0293 0.1037 " />
								</IndexedTriangleSet>
							</Shape>
						</Group>
					</Transform>
				</Transform>
				<Transform DEF="head_TRANSFORM"
				           translation="0.000000 0.000000 0.893304"
				           scale="1.000000 1.000000 1.000000"
				           rotation="0.000000 1.000000 0.000000 0.000000"
				           >
					<Transform DEF="head_ifs_TRANSFORM"
					           translation="0.000000 0.000000 0.000000"
					           scale="1.000000 1.000000 1.000000"
					           rotation="0.000000 1.000000 0.000000 0.000000"
					           >
						<Group DEF="group_ME_head">
							<Shape>
								<Appearance>
									<Material USE="MA_Body" />
								</Appearance>
								<IndexedTriangleSet solid="false"
								                    normalPerVertex="true"
								                    index="0 1 2 0 2 3 4 5 6 4 6 7 8 9 10 8 10 11 12 13 14 12 14 15 16 17 18 16 18 19 20 21 14 20 14 22 23 24 25 23 25 26 27 28 29 27 29 30 28 8 11 28 11 29 31 32 33 31 33 34 32 4 7 32 7 33 35 36 37 35 37 38 36 0 3 36 3 37 39 40 41 39 41 42 42 41 4 42 4 32 43 39 42 43 42 44 44 42 32 44 32 31 45 46 12 45 12 24 47 48 45 47 45 49 49 45 24 49 24 23 50 51 52 50 52 53 51 20 22 51 22 52 43 54 55 43 55 26 54 16 19 54 19 55 56 57 58 56 58 46 46 58 13 46 13 12 40 21 59 40 59 41 41 59 5 41 5 4 "
								                    >
									<Coordinate point="-0.807014 -0.785352 1.056153 -0.807014 -0.785352 1.525483 -0.807014 0.785352 1.525483 -0.807014 0.785352 1.056153 0.269005 0.785352 1.056153 0.269005 0.785352 1.525483 0.807014 0.785352 1.525483 0.807014 0.785352 1.056153 0.807014 0.785352 1.056153 0.807014 0.785352 1.525483 0.807014 -0.785352 1.525483 0.807014 -0.785352 1.056153 -0.269005 -0.785352 1.056153 -0.269005 -0.785352 1.525483 -0.807014 -0.785352 1.525483 -0.807014 -0.785352 1.056153 0.269005 0.785352 0.000000 0.807014 0.785352 0.000000 0.807014 -0.785352 0.000000 0.269005 -0.785352 0.000000 -0.269005 0.785352 1.525483 -0.807014 0.785352 1.525483 -0.269005 -0.785352 1.525483 -0.269005 -0.785352 0.000000 -0.269005 -0.785352 0.660646 -0.807014 -0.785352 0.660646 -0.807014 -0.785352 0.000000 0.807014 0.785352 0.000000 0.807014 0.785352 0.660646 0.807014 -0.785352 0.660646 0.807014 -0.785352 0.000000 0.269005 0.785352 0.000000 0.269005 0.785352 0.660646 0.807014 0.785352 0.660646 0.807014 0.785352 0.000000 -0.807014 -0.785352 0.000000 -0.807014 -0.785352 0.660646 -0.807014 0.785352 0.660646 -0.807014 0.785352 0.000000 -0.807014 0.785352 0.660646 -0.807014 0.785352 1.056153 -0.269005 0.785352 1.056153 -0.269005 0.785352 0.660646 -0.807014 0.785352 0.000000 -0.269005 0.785352 0.000000 0.269005 -0.785352 0.660646 0.269005 -0.785352 1.056153 0.807014 -0.785352 0.000000 0.807014 -0.785352 0.660646 0.269005 -0.785352 0.000000 0.807014 0.785352 1.525483 0.269005 0.785352 1.525483 0.269005 -0.785352 1.525483 0.807014 -0.785352 1.525483 -0.269005 0.785352 0.000000 -0.269005 -0.785352 0.000000 0.807014 -0.785352 1.056153 0.807014 -0.785352 1.525483 0.269005 -0.785352 1.525483 -0.269005 0.785352 1.525483 " />
									<Normal vector="-0.707083 -0.707083 0.000000 -0.577349 -0.577349 0.577349 -0.577349 0.577349 0.577349 -0.707083 0.707083 0.000000 0.000000 1.000000 0.000000 0.000000 0.707083 0.707083 0.577349 0.577349 0.577349 0.707083 0.707083 0.000000 0.707083 0.707083 0.000000 0.577349 0.577349 0.577349 0.577349 -0.577349 0.577349 0.707083 -0.707083 0.000000 0.000000 -1.000000 0.000000 0.000000 -0.707083 0.707083 -0.577349 -0.577349 0.577349 -0.707083 -0.707083 0.000000 0.000000 0.707083 -0.707083 0.577349 0.577349 -0.577349 0.577349 -0.577349 -0.577349 0.000000 -0.707083 -0.707083 0.000000 0.707083 0.707083 -0.577349 0.577349 0.577349 0.000000 -0.707083 0.707083 0.000000 -0.707083 -0.707083 0.000000 -1.000000 0.000000 -0.707083 -0.707083 0.000000 -0.577349 -0.577349 -0.577349 0.577349 0.577349 -0.577349 0.707083 0.707083 0.000000 0.707083 -0.707083 0.000000 0.577349 -0.577349 -0.577349 0.000000 0.707083 -0.707083 0.000000 1.000000 0.000000 0.707083 0.707083 0.000000 0.577349 0.577349 -0.577349 -0.577349 -0.577349 -0.577349 -0.707083 -0.707083 0.000000 -0.707083 0.707083 0.000000 -0.577349 0.577349 -0.577349 -0.707083 0.707083 0.000000 -0.707083 0.707083 0.000000 0.000000 1.000000 0.000000 0.000000 1.000000 0.000000 -0.577349 0.577349 -0.577349 0.000000 0.707083 -0.707083 0.000000 -1.000000 0.000000 0.000000 -1.000000 0.000000 0.577349 -0.577349 -0.577349 0.707083 -0.707083 0.000000 0.000000 -0.707083 -0.707083 0.577349 0.577349 0.577349 0.000000 0.707083 0.707083 0.000000 -0.707083 0.707083 0.577349 -0.577349 0.577349 0.000000 0.707083 -0.707083 0.000000 -0.707083 -0.707083 0.707083 -0.707083 0.000000 0.577349 -0.577349 0.577349 0.000000 -0.707083 0.707083 0.000000 0.707083 0.707083 " />
									<TextureCoordinate point="0.2008 0.8043 0.2816 0.8043 0.2816 0.9734 0.2008 0.9734 0.2008 0.9170 0.2816 0.9170 0.2816 0.9734 0.2008 0.9734 0.2008 0.8043 0.2816 0.8043 0.2816 0.9734 0.2008 0.9734 0.2008 0.9170 0.2816 0.9170 0.2816 0.9734 0.2008 0.9734 0.2008 0.8043 0.2816 0.8043 0.2816 0.9734 0.2008 0.9734 0.2008 0.8043 0.2816 0.8043 0.2008 0.9734 0.0392 0.9170 0.1200 0.9170 0.1200 0.9734 0.0392 0.9734 0.0392 0.8043 0.1200 0.8043 0.1200 0.9734 0.0392 0.9734 0.0392 0.9170 0.1200 0.9170 0.1200 0.9734 0.0392 0.9734 0.0392 0.8043 0.1200 0.8043 0.1200 0.9734 0.0392 0.9734 0.1200 0.8043 0.2008 0.8043 0.2008 0.8606 0.1200 0.8606 0.0392 0.8043 0.0392 0.8606 0.1200 0.8606 0.2008 0.8606 0.0392 0.8043 0.1200 0.8043 0.0392 0.8606 0.0392 0.8043 0.1200 0.8043 0.1200 0.9734 0.0392 0.9734 0.1200 0.8043 0.1200 0.9734 0.2008 0.8043 0.2816 0.8043 0.2816 0.8606 0.2816 0.8606 " />
								</IndexedTriangleSet>
							</Shape>
							<Shape>
								<Appearance>
									<Material DEF="MA_Eye"
									          diffuseColor="0.800 0.800 0.800"
									          specularColor="0.401 0.401 0.401"
									          emissiveColor="0.000 0.000 0.000"
									          ambientIntensity="0.000"
									          shininess="0.500"
									          transparency="0.0"
									          />
								</Appearance>
								<IndexedTriangleSet solid="false"
								                    normalPerVertex="true"
								                    index="0 1 2 0 2 3 4 5 6 4 6 7 "
								                    >
									<Coordinate point="-0.269005 -0.785352 0.660646 -0.269005 -0.785352 1.056153 -0.807014 -0.785352 1.056153 -0.807014 -0.785352 0.660646 0.807014 -0.785352 0.660646 0.807014 -0.785352 1.056153 0.269005 -0.785352 1.056153 0.269005 -0.785352 0.660646 " />
									<Normal vector="0.000000 -1.000000 0.000000 0.000000 -1.000000 0.000000 -0.707083 -0.707083 0.000000 -0.707083 -0.707083 0.000000 0.707083 -0.707083 0.000000 0.707083 -0.707083 0.000000 0.000000 -1.000000 0.000000 0.000000 -1.000000 0.000000 " />
									<TextureCoordinate point="0.0149 0.5893 0.0149 0.9253 0.9850 0.9253 0.9850 0.5893 0.9850 0.5893 0.9850 0.9253 0.0149 0.9253 0.0149 0.5893 " />
								</IndexedTriangleSet>
							</Shape>
						</Group>
					</Transform>
					<Transform DEF="Cube_005_TRANSFORM"
					           translation="0.000000 -0.756095 0.657654"
					           scale="1.000000 1.000000 1.000000"
					           rotation="0.000000 1.000000 0.000000 0.000000"
					           >
						<Transform DEF="Cube_005_ifs_TRANSFORM"
						           translation="0.000000 0.000000 0.000000"
						           scale="1.000000 1.000000 1.000000"
						           rotation="0.000000 1.000000 0.000000 0.000000"
						           >
							<Group DEF="group_ME_Cube_012">
								<Shape>
									<Appearance>
										<Material USE="MA_Body" />
									</Appearance>
									<IndexedTriangleSet solid="false"
									                    normalPerVertex="true"
									                    index="0 1 2 0 2 3 4 5 6 4 6 7 8 9 10 8 10 11 12 13 14 12 14 15 4 16 17 4 17 15 18 5 14 18 14 19 "
									                    >
										<Coordinate point="-0.237481 -0.424318 -0.248660 -0.237481 -0.446706 0.205744 -0.237481 -0.011194 0.227202 -0.237481 0.011194 -0.227202 -0.237481 0.011194 -0.227202 -0.237481 -0.011194 0.227202 0.237481 -0.011194 0.227202 0.237481 0.011194 -0.227202 0.237481 0.011194 -0.227202 0.237481 -0.011194 0.227202 0.237481 -0.446706 0.205744 0.237481 -0.424318 -0.248660 0.237481 -0.424318 -0.248660 0.237481 -0.446706 0.205744 -0.237481 -0.446706 0.205744 -0.237481 -0.424318 -0.248660 0.237481 0.011194 -0.227202 0.237481 -0.424318 -0.248660 0.237481 -0.011194 0.227202 0.237481 -0.446706 0.205744 " />
										<Normal vector="-0.577349 -0.548235 -0.605060 -0.577349 -0.605060 0.548235 -0.577349 0.548235 0.605060 -0.577349 0.605060 -0.548235 -0.577349 0.605060 -0.548235 -0.577349 0.548235 0.605060 0.577349 0.548235 0.605060 0.577349 0.605060 -0.548235 0.577349 0.605060 -0.548235 0.577349 0.548235 0.605060 0.577349 -0.605060 0.548235 0.577349 -0.548235 -0.605060 0.577349 -0.548235 -0.605060 0.577349 -0.605060 0.548235 -0.577349 -0.605060 0.548235 -0.577349 -0.548235 -0.605060 0.577349 0.605060 -0.548235 0.577349 -0.548235 -0.605060 0.577349 0.548235 0.605060 0.577349 -0.605060 0.548235 " />
										<TextureCoordinate point="0.0460 0.5905 0.2614 0.5905 0.2614 0.7407 0.0460 0.7407 0.0460 0.5905 0.2614 0.5905 0.2614 0.7407 0.0460 0.7407 0.0460 0.5905 0.2614 0.5905 0.2614 0.7407 0.0460 0.7407 0.0460 0.5905 0.2614 0.5905 0.2614 0.7407 0.0460 0.7407 0.2614 0.5905 0.2614 0.7407 0.0460 0.5905 0.0460 0.7407 " />
									</IndexedTriangleSet>
								</Shape>
							</Group>
						</Transform>
						<Transform DEF="Cube_006_TRANSFORM"
						           translation="0.000000 -0.367956 -0.020051"
						           scale="1.000000 1.000000 1.000000"
						           rotation="0.000000 1.000000 0.000000 0.000000"
						           >
							<Transform DEF="Cube_006_ifs_TRANSFORM"
							           translation="0.000000 0.000000 0.000000"
							           scale="1.000000 1.000000 1.000000"
							           rotation="0.000000 1.000000 0.000000 0.000000"
							           >
								<Group DEF="group_ME_Cube_013">
									<Shape>
										<Appearance>
											<Material USE="MA_Body" />
										</Appearance>
										<IndexedTriangleSet solid="false"
										                    normalPerVertex="true"
										                    index="0 1 2 0 2 3 4 5 6 4 6 7 8 9 10 8 10 11 12 13 14 12 14 15 4 16 17 4 17 15 18 5 14 18 14 19 "
										                    >
											<Coordinate point="-0.186956 -0.279389 -0.248221 -0.186956 -0.353048 0.122590 -0.186956 -0.036830 0.185405 -0.186956 0.036830 -0.185405 -0.186956 0.036830 -0.185405 -0.186956 -0.036830 0.185405 0.186956 -0.036830 0.185405 0.186956 0.036830 -0.185405 0.186956 0.036830 -0.185405 0.186956 -0.036830 0.185405 0.186956 -0.353048 0.122590 0.186956 -0.279389 -0.248221 0.186956 -0.279389 -0.248221 0.186956 -0.353048 0.122590 -0.186956 -0.353048 0.122590 -0.186956 -0.279389 -0.248221 0.186956 0.036830 -0.185405 0.186956 -0.279389 -0.248221 0.186956 -0.036830 0.185405 0.186956 -0.353048 0.122590 " />
											<Normal vector="-0.577349 -0.453780 -0.678762 -0.577349 -0.678762 0.453780 -0.577349 0.453780 0.678762 -0.577349 0.678762 -0.453780 -0.577349 0.678762 -0.453780 -0.577349 0.453780 0.678762 0.577349 0.453780 0.678762 0.577349 0.678762 -0.453780 0.577349 0.678762 -0.453780 0.577349 0.453780 0.678762 0.577349 -0.678762 0.453780 0.577349 -0.453780 -0.678762 0.577349 -0.453780 -0.678762 0.577349 -0.678762 0.453780 -0.577349 -0.678762 0.453780 -0.577349 -0.453780 -0.678762 0.577349 0.678762 -0.453780 0.577349 -0.453780 -0.678762 0.577349 0.453780 0.678762 0.577349 -0.678762 0.453780 " />
											<TextureCoordinate point="0.0460 0.5905 0.2614 0.5905 0.2614 0.7407 0.0460 0.7407 0.0460 0.5905 0.2614 0.5905 0.2614 0.7407 0.0460 0.7407 0.0460 0.5905 0.2614 0.5905 0.2614 0.7407 0.0460 0.7407 0.0460 0.5905 0.2614 0.5905 0.2614 0.7407 0.0460 0.7407 0.2614 0.5905 0.2614 0.7407 0.0460 0.5905 0.0460 0.7407 " />
										</IndexedTriangleSet>
									</Shape>
								</Group>
							</Transform>
							<Transform DEF="Cube_007_TRANSFORM"
							           translation="0.000000 -0.244805 -0.011718"
							           scale="1.000000 1.000000 1.000000"
							           rotation="0.000000 1.000000 0.000000 0.000000"
							           >
								<Transform DEF="Cube_007_ifs_TRANSFORM"
								           translation="0.000000 0.000000 0.000000"
								           scale="1.000000 1.000000 1.000000"
								           rotation="0.000000 1.000000 0.000000 0.000000"
								           >
									<Group DEF="group_ME_Cube_016">
										<Shape>
											<Appearance>
												<Material USE="MA_Body" />
											</Appearance>
											<IndexedTriangleSet solid="false"
											                    normalPerVertex="true"
											                    index="0 1 2 0 2 3 4 5 6 4 6 7 8 9 10 8 10 11 12 13 14 12 14 15 4 16 17 4 17 15 18 5 14 18 14 19 "
											                    >
												<Coordinate point="-0.152120 -0.111614 -0.300673 -0.152120 -0.267186 -0.177407 -0.152120 -0.077786 0.061633 -0.152120 0.077786 -0.061633 -0.152120 0.077786 -0.061633 -0.152120 -0.077786 0.061633 0.152120 -0.077786 0.061633 0.152120 0.077786 -0.061633 0.152120 0.077786 -0.061633 0.152120 -0.077786 0.061633 0.152120 -0.267186 -0.177407 0.152120 -0.111614 -0.300673 0.152120 -0.111614 -0.300673 0.152120 -0.267186 -0.177407 -0.152120 -0.267186 -0.177407 -0.152120 -0.111614 -0.300673 0.152120 0.077786 -0.061633 0.152120 -0.111614 -0.300673 0.152120 -0.077786 0.061633 0.152120 -0.267186 -0.177407 " />
												<Normal vector="-0.577349 0.093966 -0.811060 -0.577349 -0.811060 -0.093966 -0.577349 -0.093966 0.811060 -0.577349 0.811060 0.093966 -0.577349 0.811060 0.093966 -0.577349 -0.093966 0.811060 0.577349 -0.093966 0.811060 0.577349 0.811060 0.093966 0.577349 0.811060 0.093966 0.577349 -0.093966 0.811060 0.577349 -0.811060 -0.093966 0.577349 0.093966 -0.811060 0.577349 0.093966 -0.811060 0.577349 -0.811060 -0.093966 -0.577349 -0.811060 -0.093966 -0.577349 0.093966 -0.811060 0.577349 0.811060 0.093966 0.577349 0.093966 -0.811060 0.577349 -0.093966 0.811060 0.577349 -0.811060 -0.093966 " />
												<TextureCoordinate point="0.0460 0.5905 0.2614 0.5905 0.2614 0.7407 0.0460 0.7407 0.0460 0.5905 0.2614 0.5905 0.2614 0.7407 0.0460 0.7407 0.0460 0.5905 0.2614 0.5905 0.2614 0.7407 0.0460 0.7407 0.0460 0.5905 0.2614 0.5905 0.2614 0.7407 0.0460 0.7407 0.2614 0.5905 0.2614 0.7407 0.0460 0.5905 0.0460 0.7407 " />
											</IndexedTriangleSet>
										</Shape>
									</Group>
								</Transform>
							</Transform>
						</Transform>
					</Transform>
					<Transform DEF="f1_TRANSFORM"
					           translation="0.194990 0.696322 0.086186"
					           scale="1.000000 1.000000 1.000000"
					           rotation="0.000000 1.000000 0.000000 0.000000"
					           >
						<Transform DEF="f1_ifs_TRANSFORM"
						           translation="0.000000 0.000000 0.000000"
						           scale="1.000000 1.000000 1.000000"
						           rotation="0.000000 1.000000 0.000000 0.000000"
						           >
							<Group DEF="group_ME_f1">
								<Shape>
									<Appearance>
										<Material USE="MA_Body" />
									</Appearance>
									<IndexedTriangleSet solid="false"
									                    normalPerVertex="true"
									                    index="0 1 2 0 2 3 4 5 6 4 6 7 8 9 10 8 10 11 12 13 14 12 14 15 4 16 17 4 17 15 18 5 14 18 14 19 "
									                    >
										<Coordinate point="-0.043000 -0.089355 -0.039818 -0.043000 0.089355 0.039818 -0.043000 0.315916 -0.468607 -0.043000 0.137207 -0.548242 -0.043000 0.137207 -0.548242 -0.043000 0.315916 -0.468607 0.043000 0.315916 -0.468607 0.043000 0.137207 -0.548242 0.043000 0.137207 -0.548242 0.043000 0.315916 -0.468607 0.043000 0.089355 0.039818 0.043000 -0.089355 -0.039818 0.043000 -0.089355 -0.039818 0.043000 0.089355 0.039818 -0.043000 0.089355 0.039818 -0.043000 -0.089355 -0.039818 0.043000 0.137207 -0.548242 0.043000 -0.089355 -0.039818 0.043000 0.315916 -0.468607 0.043000 0.089355 0.039818 " />
										<Normal vector="-0.577349 -0.762352 0.292337 -0.577349 0.292337 0.762352 -0.577349 0.762352 -0.292337 -0.577349 -0.292337 -0.762352 -0.577349 -0.292337 -0.762352 -0.577349 0.762352 -0.292337 0.577349 0.762352 -0.292337 0.577349 -0.292337 -0.762352 0.577349 -0.292337 -0.762352 0.577349 0.762352 -0.292337 0.577349 0.292337 0.762352 0.577349 -0.762352 0.292337 0.577349 -0.762352 0.292337 0.577349 0.292337 0.762352 -0.577349 0.292337 0.762352 -0.577349 -0.762352 0.292337 0.577349 -0.292337 -0.762352 0.577349 -0.762352 0.292337 0.577349 0.762352 -0.292337 0.577349 0.292337 0.762352 " />
										<TextureCoordinate point="0.0293 0.3564 0.2718 0.3564 0.2718 0.5255 0.0293 0.5255 0.0293 0.3564 0.2718 0.3564 0.2718 0.5255 0.0293 0.5255 0.0293 0.3564 0.2718 0.3564 0.2718 0.5255 0.0293 0.5255 0.0293 0.3564 0.2718 0.3564 0.2718 0.5255 0.0293 0.5255 0.2718 0.3564 0.2718 0.5255 0.0293 0.3564 0.0293 0.5255 " />
									</IndexedTriangleSet>
								</Shape>
							</Group>
						</Transform>
						<Transform DEF="Cube_009_TRANSFORM"
						           translation="0.000000 0.209381 -0.469870"
						           scale="1.000000 1.000000 1.000000"
						           rotation="0.000000 1.000000 0.000000 0.000000"
						           >
							<Transform DEF="Cube_009_ifs_TRANSFORM"
							           translation="0.000000 0.000000 0.000000"
							           scale="1.000000 1.000000 1.000000"
							           rotation="0.000000 1.000000 0.000000 0.000000"
							           >
								<Group DEF="group_ME_Cube_018">
									<Shape>
										<Appearance>
											<Material USE="MA_Body" />
										</Appearance>
										<IndexedTriangleSet solid="false"
										                    normalPerVertex="true"
										                    index="0 1 2 0 2 3 4 5 6 4 6 7 8 9 10 8 10 11 12 13 14 12 14 15 4 16 17 4 17 15 18 5 14 18 14 19 "
										                    >
											<Coordinate point="-0.053272 -0.131057 -0.054927 -0.053272 0.131057 0.054927 -0.053272 0.397604 -0.581056 -0.053272 0.135490 -0.690911 -0.053272 0.135490 -0.690911 -0.053272 0.397604 -0.581056 0.053272 0.397604 -0.581056 0.053272 0.135490 -0.690911 0.053272 0.135490 -0.690911 0.053272 0.397604 -0.581056 0.053272 0.131057 0.054927 0.053272 -0.131057 -0.054927 0.053272 -0.131057 -0.054927 0.053272 0.131057 0.054927 -0.053272 0.131057 0.054927 -0.053272 -0.131057 -0.054927 0.053272 0.135490 -0.690911 0.053272 -0.131057 -0.054927 0.053272 0.397604 -0.581056 0.053272 0.131057 0.054927 " />
											<Normal vector="-0.577349 -0.755638 0.309305 -0.577349 0.309305 0.755638 -0.577349 0.755638 -0.309305 -0.577349 -0.309305 -0.755638 -0.577349 -0.309305 -0.755638 -0.577349 0.755638 -0.309305 0.577349 0.755638 -0.309305 0.577349 -0.309305 -0.755638 0.577349 -0.309305 -0.755638 0.577349 0.755638 -0.309305 0.577349 0.309305 0.755638 0.577349 -0.755638 0.309305 0.577349 -0.755638 0.309305 0.577349 0.309305 0.755638 -0.577349 0.309305 0.755638 -0.577349 -0.755638 0.309305 0.577349 -0.309305 -0.755638 0.577349 -0.755638 0.309305 0.577349 0.755638 -0.309305 0.577349 0.309305 0.755638 " />
											<TextureCoordinate point="0.0293 0.3564 0.2718 0.3564 0.2718 0.5255 0.0293 0.5255 0.0293 0.3564 0.2718 0.3564 0.2718 0.5255 0.0293 0.5255 0.0293 0.3564 0.2718 0.3564 0.2718 0.5255 0.0293 0.5255 0.0293 0.3564 0.2718 0.3564 0.2718 0.5255 0.0293 0.5255 0.2718 0.3564 0.2718 0.5255 0.0293 0.3564 0.0293 0.5255 " />
										</IndexedTriangleSet>
									</Shape>
								</Group>
							</Transform>
							<Transform DEF="Cube_010_TRANSFORM"
							           translation="0.000000 0.255907 -0.610595"
							           scale="1.000000 1.000000 1.000000"
							           rotation="0.000000 1.000000 0.000000 0.000000"
							           >
								<Transform DEF="Cube_010_ifs_TRANSFORM"
								           translation="0.000000 0.000000 0.000000"
								           scale="1.000000 1.000000 1.000000"
								           rotation="0.000000 1.000000 0.000000 0.000000"
								           >
									<Group DEF="group_ME_Cube_019">
										<Shape>
											<Appearance>
												<Material USE="MA_Body" />
											</Appearance>
											<IndexedTriangleSet solid="false"
											                    normalPerVertex="true"
											                    index="0 1 2 0 2 3 4 5 6 4 6 7 8 9 10 8 10 11 12 13 14 12 14 15 4 16 17 4 17 15 18 5 14 18 14 19 "
											                    >
												<Coordinate point="-0.065265 -0.188262 -0.078902 -0.065265 0.188262 0.078902 -0.065265 0.466394 -0.584724 -0.065265 0.089871 -0.742528 -0.065265 0.089871 -0.742528 -0.065265 0.466394 -0.584724 0.065265 0.466394 -0.584724 0.065265 0.089871 -0.742528 0.065265 0.089871 -0.742528 0.065265 0.466394 -0.584724 0.065265 0.188262 0.078902 0.065265 -0.188262 -0.078902 0.065265 -0.188262 -0.078902 0.065265 0.188262 0.078902 -0.065265 0.188262 0.078902 -0.065265 -0.188262 -0.078902 0.065265 0.089871 -0.742528 0.065265 -0.188262 -0.078902 0.065265 0.466394 -0.584724 0.065265 0.188262 0.078902 " />
												<Normal vector="-0.577349 -0.755638 0.309305 -0.577349 0.309305 0.755638 -0.577349 0.755638 -0.309305 -0.577349 -0.309305 -0.755638 -0.577349 -0.309305 -0.755638 -0.577349 0.755638 -0.309305 0.577349 0.755638 -0.309305 0.577349 -0.309305 -0.755638 0.577349 -0.309305 -0.755638 0.577349 0.755638 -0.309305 0.577349 0.309305 0.755638 0.577349 -0.755638 0.309305 0.577349 -0.755638 0.309305 0.577349 0.309305 0.755638 -0.577349 0.309305 0.755638 -0.577349 -0.755638 0.309305 0.577349 -0.309305 -0.755638 0.577349 -0.755638 0.309305 0.577349 0.755638 -0.309305 0.577349 0.309305 0.755638 " />
												<TextureCoordinate point="0.0293 0.3564 0.2718 0.3564 0.2718 0.5255 0.0293 0.5255 0.0293 0.3564 0.2718 0.3564 0.2718 0.5255 0.0293 0.5255 0.0293 0.3564 0.2718 0.3564 0.2718 0.5255 0.0293 0.5255 0.0293 0.3564 0.2718 0.3564 0.2718 0.5255 0.0293 0.5255 0.2718 0.3564 0.2718 0.5255 0.0293 0.3564 0.0293 0.5255 " />
											</IndexedTriangleSet>
										</Shape>
									</Group>
								</Transform>
								<Transform DEF="Cube_011_TRANSFORM"
								           translation="-0.000000 0.257681 -0.606727"
								           scale="1.000000 1.000000 1.000000"
								           rotation="0.000000 1.000000 0.000000 0.000000"
								           >
									<Transform DEF="Cube_011_ifs_TRANSFORM"
									           translation="0.000000 0.000000 0.000000"
									           scale="1.000000 1.000000 1.000000"
									           rotation="0.000000 1.000000 0.000000 0.000000"
									           >
										<Group DEF="group_ME_Cube_020">
											<Shape>
												<Appearance>
													<Material USE="MA_Body" />
												</Appearance>
												<IndexedTriangleSet solid="false"
												                    normalPerVertex="true"
												                    index="0 1 2 0 2 3 4 5 6 4 6 7 8 9 10 8 10 11 12 13 14 12 14 15 4 16 17 4 17 15 18 5 14 18 14 19 "
												                    >
													<Coordinate point="-0.071984 -0.223618 -0.093720 -0.071984 0.223618 0.093720 -0.071984 0.480074 -0.518187 -0.071984 0.032839 -0.705628 -0.071984 0.032839 -0.705628 -0.071984 0.480074 -0.518187 0.071984 0.480074 -0.518187 0.071984 0.032839 -0.705628 0.071984 0.032839 -0.705628 0.071984 0.480074 -0.518187 0.071984 0.223618 0.093720 0.071984 -0.223618 -0.093720 0.071984 -0.223618 -0.093720 0.071984 0.223618 0.093720 -0.071984 0.223618 0.093720 -0.071984 -0.223618 -0.093720 0.071984 0.032839 -0.705628 0.071984 -0.223618 -0.093720 0.071984 0.480074 -0.518187 0.071984 0.223618 0.093720 " />
													<Normal vector="-0.577349 -0.755638 0.309305 -0.577349 0.309305 0.755638 -0.577349 0.755638 -0.309305 -0.577349 -0.309305 -0.755638 -0.577349 -0.309305 -0.755638 -0.577349 0.755638 -0.309305 0.577349 0.755638 -0.309305 0.577349 -0.309305 -0.755638 0.577349 -0.309305 -0.755638 0.577349 0.755638 -0.309305 0.577349 0.309305 0.755638 0.577349 -0.755638 0.309305 0.577349 -0.755638 0.309305 0.577349 0.309305 0.755638 -0.577349 0.309305 0.755638 -0.577349 -0.755638 0.309305 0.577349 -0.309305 -0.755638 0.577349 -0.755638 0.309305 0.577349 0.755638 -0.309305 0.577349 0.309305 0.755638 " />
													<TextureCoordinate point="0.0293 0.3564 0.2718 0.3564 0.2718 0.5255 0.0293 0.5255 0.0293 0.3564 0.2718 0.3564 0.2718 0.5255 0.0293 0.5255 0.0293 0.3564 0.2718 0.3564 0.2718 0.5255 0.0293 0.5255 0.0293 0.3564 0.2718 0.3564 0.2718 0.5255 0.0293 0.5255 0.2718 0.3564 0.2718 0.5255 0.0293 0.3564 0.0293 0.5255 " />
												</IndexedTriangleSet>
											</Shape>
										</Group>
									</Transform>
								</Transform>
							</Transform>
						</Transform>
					</Transform>
					<Transform DEF="f2_TRANSFORM"
					           translation="-0.194990 0.696322 0.086186"
					           scale="1.000000 1.000000 1.000000"
					           rotation="0.000000 1.000000 0.000000 0.000000"
					           >
						<Transform DEF="f2_ifs_TRANSFORM"
						           translation="0.000000 0.000000 0.000000"
						           scale="1.000000 1.000000 1.000000"
						           rotation="0.000000 1.000000 0.000000 0.000000"
						           >
							<Group DEF="group_ME_f2">
								<Shape>
									<Appearance>
										<Material USE="MA_Body" />
									</Appearance>
									<IndexedTriangleSet solid="false"
									                    normalPerVertex="true"
									                    index="0 1 2 0 2 3 4 5 6 4 6 7 8 9 10 8 10 11 12 13 14 12 14 15 4 13 16 4 16 17 18 19 14 18 14 7 "
									                    >
										<Coordinate point="0.043000 -0.089355 -0.039818 0.043000 0.137207 -0.548242 0.043000 0.315917 -0.468607 0.043000 0.089355 0.039818 0.043000 0.137207 -0.548242 -0.043000 0.137207 -0.548242 -0.043000 0.315917 -0.468607 0.043000 0.315917 -0.468607 -0.043000 0.137207 -0.548242 -0.043000 -0.089355 -0.039818 -0.043000 0.089355 0.039818 -0.043000 0.315917 -0.468607 -0.043000 -0.089355 -0.039818 0.043000 -0.089355 -0.039818 0.043000 0.089355 0.039818 -0.043000 0.089355 0.039818 -0.043000 -0.089355 -0.039818 -0.043000 0.137207 -0.548242 -0.043000 0.315917 -0.468607 -0.043000 0.089355 0.039818 " />
										<Normal vector="0.577349 -0.762352 0.292337 0.577349 -0.292337 -0.762352 0.577349 0.762352 -0.292337 0.577349 0.292337 0.762352 0.577349 -0.292337 -0.762352 -0.577349 -0.292337 -0.762352 -0.577349 0.762352 -0.292337 0.577349 0.762352 -0.292337 -0.577349 -0.292337 -0.762352 -0.577349 -0.762352 0.292337 -0.577349 0.292337 0.762352 -0.577349 0.762352 -0.292337 -0.577349 -0.762352 0.292337 0.577349 -0.762352 0.292337 0.577349 0.292337 0.762352 -0.577349 0.292337 0.762352 -0.577349 -0.762352 0.292337 -0.577349 -0.292337 -0.762352 -0.577349 0.762352 -0.292337 -0.577349 0.292337 0.762352 " />
										<TextureCoordinate point="0.0293 0.3564 0.0293 0.5255 0.2718 0.5255 0.2718 0.3564 0.0293 0.3564 0.0293 0.5255 0.2718 0.5255 0.2718 0.3564 0.0293 0.3564 0.0293 0.5255 0.2718 0.5255 0.2718 0.3564 0.0293 0.3564 0.0293 0.5255 0.2718 0.5255 0.2718 0.3564 0.2718 0.5255 0.2718 0.3564 0.0293 0.3564 0.0293 0.5255 " />
									</IndexedTriangleSet>
								</Shape>
							</Group>
						</Transform>
						<Transform DEF="Cube_004_TRANSFORM"
						           translation="0.000000 0.209381 -0.469870"
						           scale="1.000000 1.000000 1.000000"
						           rotation="0.000000 1.000000 0.000000 0.000000"
						           >
							<Transform DEF="Cube_004_ifs_TRANSFORM"
							           translation="0.000000 0.000000 0.000000"
							           scale="1.000000 1.000000 1.000000"
							           rotation="0.000000 1.000000 0.000000 0.000000"
							           >
								<Group DEF="group_ME_Cube_001">
									<Shape>
										<Appearance>
											<Material USE="MA_Body" />
										</Appearance>
										<IndexedTriangleSet solid="false"
										                    normalPerVertex="true"
										                    index="0 1 2 0 2 3 4 5 6 4 6 7 8 9 10 8 10 11 12 13 14 12 14 15 4 13 16 4 16 17 18 19 14 18 14 7 "
										                    >
											<Coordinate point="0.053272 -0.131057 -0.054927 0.053272 0.135490 -0.690911 0.053272 0.397604 -0.581056 0.053272 0.131057 0.054927 0.053272 0.135490 -0.690911 -0.053272 0.135490 -0.690911 -0.053272 0.397604 -0.581056 0.053272 0.397604 -0.581056 -0.053272 0.135490 -0.690911 -0.053272 -0.131057 -0.054927 -0.053272 0.131057 0.054927 -0.053272 0.397604 -0.581056 -0.053272 -0.131057 -0.054927 0.053272 -0.131057 -0.054927 0.053272 0.131057 0.054927 -0.053272 0.131057 0.054927 -0.053272 -0.131057 -0.054927 -0.053272 0.135490 -0.690911 -0.053272 0.397604 -0.581056 -0.053272 0.131057 0.054927 " />
											<Normal vector="0.577349 -0.755638 0.309305 0.577349 -0.309305 -0.755638 0.577349 0.755638 -0.309305 0.577349 0.309305 0.755638 0.577349 -0.309305 -0.755638 -0.577349 -0.309305 -0.755638 -0.577349 0.755638 -0.309305 0.577349 0.755638 -0.309305 -0.577349 -0.309305 -0.755638 -0.577349 -0.755638 0.309305 -0.577349 0.309305 0.755638 -0.577349 0.755638 -0.309305 -0.577349 -0.755638 0.309305 0.577349 -0.755638 0.309305 0.577349 0.309305 0.755638 -0.577349 0.309305 0.755638 -0.577349 -0.755638 0.309305 -0.577349 -0.309305 -0.755638 -0.577349 0.755638 -0.309305 -0.577349 0.309305 0.755638 " />
											<TextureCoordinate point="0.0293 0.3564 0.0293 0.5255 0.2718 0.5255 0.2718 0.3564 0.0293 0.3564 0.0293 0.5255 0.2718 0.5255 0.2718 0.3564 0.0293 0.3564 0.0293 0.5255 0.2718 0.5255 0.2718 0.3564 0.0293 0.3564 0.0293 0.5255 0.2718 0.5255 0.2718 0.3564 0.2718 0.5255 0.2718 0.3564 0.0293 0.3564 0.0293 0.5255 " />
										</IndexedTriangleSet>
									</Shape>
								</Group>
							</Transform>
							<Transform DEF="Cube_012_TRANSFORM"
							           translation="-0.000000 0.255907 -0.610595"
							           scale="1.000000 1.000000 1.000000"
							           rotation="0.000000 1.000000 0.000000 0.000000"
							           >
								<Transform DEF="Cube_012_ifs_TRANSFORM"
								           translation="0.000000 0.000000 0.000000"
								           scale="1.000000 1.000000 1.000000"
								           rotation="0.000000 1.000000 0.000000 0.000000"
								           >
									<Group DEF="group_ME_Cube_002">
										<Shape>
											<Appearance>
												<Material USE="MA_Body" />
											</Appearance>
											<IndexedTriangleSet solid="false"
											                    normalPerVertex="true"
											                    index="0 1 2 0 2 3 4 5 6 4 6 7 8 9 10 8 10 11 12 13 14 12 14 15 4 13 16 4 16 17 18 19 14 18 14 7 "
											                    >
												<Coordinate point="0.065265 -0.188262 -0.078902 0.065265 0.089871 -0.742528 0.065265 0.466394 -0.584724 0.065265 0.188262 0.078902 0.065265 0.089871 -0.742528 -0.065265 0.089871 -0.742528 -0.065265 0.466394 -0.584724 0.065265 0.466394 -0.584724 -0.065265 0.089871 -0.742528 -0.065265 -0.188262 -0.078902 -0.065265 0.188262 0.078902 -0.065265 0.466394 -0.584724 -0.065265 -0.188262 -0.078902 0.065265 -0.188262 -0.078902 0.065265 0.188262 0.078902 -0.065265 0.188262 0.078902 -0.065265 -0.188262 -0.078902 -0.065265 0.089871 -0.742528 -0.065265 0.466394 -0.584724 -0.065265 0.188262 0.078902 " />
												<Normal vector="0.577349 -0.755638 0.309305 0.577349 -0.309305 -0.755638 0.577349 0.755638 -0.309305 0.577349 0.309305 0.755638 0.577349 -0.309305 -0.755638 -0.577349 -0.309305 -0.755638 -0.577349 0.755638 -0.309305 0.577349 0.755638 -0.309305 -0.577349 -0.309305 -0.755638 -0.577349 -0.755638 0.309305 -0.577349 0.309305 0.755638 -0.577349 0.755638 -0.309305 -0.577349 -0.755638 0.309305 0.577349 -0.755638 0.309305 0.577349 0.309305 0.755638 -0.577349 0.309305 0.755638 -0.577349 -0.755638 0.309305 -0.577349 -0.309305 -0.755638 -0.577349 0.755638 -0.309305 -0.577349 0.309305 0.755638 " />
												<TextureCoordinate point="0.0293 0.3564 0.0293 0.5255 0.2718 0.5255 0.2718 0.3564 0.0293 0.3564 0.0293 0.5255 0.2718 0.5255 0.2718 0.3564 0.0293 0.3564 0.0293 0.5255 0.2718 0.5255 0.2718 0.3564 0.0293 0.3564 0.0293 0.5255 0.2718 0.5255 0.2718 0.3564 0.2718 0.5255 0.2718 0.3564 0.0293 0.3564 0.0293 0.5255 " />
											</IndexedTriangleSet>
										</Shape>
									</Group>
								</Transform>
								<Transform DEF="Cube_013_TRANSFORM"
								           translation="0.000000 0.257681 -0.606727"
								           scale="1.000000 1.000000 1.000000"
								           rotation="0.000000 1.000000 0.000000 0.000000"
								           >
									<Transform DEF="Cube_013_ifs_TRANSFORM"
									           translation="0.000000 0.000000 0.000000"
									           scale="1.000000 1.000000 1.000000"
									           rotation="0.000000 1.000000 0.000000 0.000000"
									           >
										<Group DEF="group_ME_Cube_008">
											<Shape>
												<Appearance>
													<Material USE="MA_Body" />
												</Appearance>
												<IndexedTriangleSet solid="false"
												                    normalPerVertex="true"
												                    index="0 1 2 0 2 3 4 5 6 4 6 7 8 9 10 8 10 11 12 13 14 12 14 15 4 13 16 4 16 17 18 19 14 18 14 7 "
												                    >
													<Coordinate point="0.071984 -0.223618 -0.093720 0.071984 0.032839 -0.705628 0.071984 0.480074 -0.518187 0.071984 0.223618 0.093720 0.071984 0.032839 -0.705628 -0.071984 0.032839 -0.705628 -0.071984 0.480074 -0.518187 0.071984 0.480074 -0.518187 -0.071984 0.032839 -0.705628 -0.071984 -0.223618 -0.093720 -0.071984 0.223618 0.093720 -0.071984 0.480074 -0.518187 -0.071984 -0.223618 -0.093720 0.071984 -0.223618 -0.093720 0.071984 0.223618 0.093720 -0.071984 0.223618 0.093720 -0.071984 -0.223618 -0.093720 -0.071984 0.032839 -0.705628 -0.071984 0.480074 -0.518187 -0.071984 0.223618 0.093720 " />
													<Normal vector="0.577349 -0.755638 0.309305 0.577349 -0.309305 -0.755638 0.577349 0.755638 -0.309305 0.577349 0.309305 0.755638 0.577349 -0.309305 -0.755638 -0.577349 -0.309305 -0.755638 -0.577349 0.755638 -0.309305 0.577349 0.755638 -0.309305 -0.577349 -0.309305 -0.755638 -0.577349 -0.755638 0.309305 -0.577349 0.309305 0.755638 -0.577349 0.755638 -0.309305 -0.577349 -0.755638 0.309305 0.577349 -0.755638 0.309305 0.577349 0.309305 0.755638 -0.577349 0.309305 0.755638 -0.577349 -0.755638 0.309305 -0.577349 -0.309305 -0.755638 -0.577349 0.755638 -0.309305 -0.577349 0.309305 0.755638 " />
													<TextureCoordinate point="0.0293 0.3564 0.0293 0.5255 0.2718 0.5255 0.2718 0.3564 0.0293 0.3564 0.0293 0.5255 0.2718 0.5255 0.2718 0.3564 0.0293 0.3564 0.0293 0.5255 0.2718 0.5255 0.2718 0.3564 0.0293 0.3564 0.0293 0.5255 0.2718 0.5255 0.2718 0.3564 0.2718 0.5255 0.2718 0.3564 0.0293 0.3564 0.0293 0.5255 " />
												</IndexedTriangleSet>
											</Shape>
										</Group>
									</Transform>
								</Transform>
							</Transform>
						</Transform>
					</Transform>
				</Transform>
				<Transform DEF="wing1_TRANSFORM"
				           translation="0.640255 -0.030549 0.096480"
				           scale="1.000000 1.000000 1.000000"
				           rotation="0.000000 1.000000 0.000000 0.000000"
				           >
					<Transform DEF="wing1_ifs_TRANSFORM"
					           translation="0.000000 0.000000 0.000000"
					           scale="1.000000 1.000000 1.000000"
					           rotation="0.000000 1.000000 0.000000 0.000000"
					           >
						<Group DEF="group_ME_wing1">
							<Shape>
								<Appearance>
									<Material USE="MA_Body" />
								</Appearance>
								<IndexedTriangleSet solid="false"
								                    normalPerVertex="true"
								                    index="0 1 2 0 2 3 4 5 6 4 6 7 8 9 10 8 10 11 12 13 14 12 14 15 16 17 18 16 18 19 20 21 14 20 14 22 23 24 25 23 25 26 27 28 29 27 29 30 31 32 25 31 25 33 34 21 35 34 35 36 37 38 39 37 39 40 41 5 39 41 39 42 43 44 45 43 45 46 47 48 49 47 49 50 51 52 53 51 53 54 55 56 57 55 57 58 59 60 61 59 61 62 63 64 65 63 65 66 67 68 69 67 69 70 71 72 73 71 73 74 75 76 77 75 77 78 79 80 81 79 81 82 83 84 85 83 85 86 87 88 89 87 89 90 91 92 93 91 93 94 95 96 97 95 97 98 99 24 100 99 100 101 102 103 104 102 104 105 106 107 108 106 108 109 110 111 112 110 112 113 114 115 116 114 116 117 118 119 120 118 120 121 122 48 116 122 116 123 124 103 120 124 120 125 126 127 128 126 128 129 130 91 94 130 94 131 132 87 90 132 90 113 133 83 86 133 86 46 134 79 82 134 82 135 16 75 78 16 78 136 137 71 74 137 74 138 139 67 70 139 70 30 140 63 66 140 66 109 27 59 62 27 62 141 142 55 58 142 58 19 143 51 54 143 54 144 "
								                    >
									<Coordinate point="-0.111879 -0.032917 0.100966 -0.284546 -0.032917 0.256789 -0.284546 0.032917 0.256789 -0.111879 0.032917 0.100966 0.417557 0.032917 0.687630 0.244891 0.032917 0.843453 0.392451 0.032917 1.006964 0.565118 0.032917 0.851141 0.565118 0.032917 0.851141 0.392451 0.032917 1.006964 0.392451 -0.032917 1.006964 0.565118 -0.032917 0.851141 0.127199 -0.032917 0.365887 -0.045467 -0.032917 0.521710 -0.284546 -0.032917 0.256789 -0.111879 -0.032917 0.100966 0.813982 0.032917 0.329876 0.961543 0.032917 0.493386 0.961543 -0.032917 0.493386 0.813982 -0.032917 0.329876 -0.045467 0.032917 0.521710 -0.284546 0.032917 0.256789 -0.045467 -0.032917 0.521710 0.045353 0.032917 0.622347 -0.045467 0.032917 0.521710 -0.045467 -0.032917 0.521710 0.045353 -0.032917 0.622347 0.284546 0.032917 -0.256789 0.523625 0.032917 0.008132 0.523625 -0.032917 0.008132 0.284546 -0.032917 -0.256789 0.218019 -0.032917 0.466524 0.045353 -0.032917 0.622347 0.127199 -0.032917 0.365887 -0.111879 0.032917 0.100966 -0.045467 0.032917 0.521710 0.127199 0.032917 0.365887 0.565118 -0.032917 0.851141 0.392451 -0.032917 1.006964 0.244891 -0.032917 0.843453 0.417557 -0.032917 0.687630 0.392451 0.032917 1.006964 0.392451 -0.032917 1.006964 0.723163 0.032917 0.229239 0.813982 0.032917 0.329876 0.813982 -0.032917 0.329876 0.723163 -0.032917 0.229239 0.326737 0.032917 0.586994 0.154071 0.032917 0.742817 0.244891 0.032917 0.843453 0.417557 0.032917 0.687630 0.420230 0.032917 0.502621 0.326737 0.032917 0.586994 0.417557 0.032917 0.687630 0.511049 0.032917 0.603258 0.658610 -0.032917 0.766769 0.565118 -0.032917 0.851141 0.417557 -0.032917 0.687630 0.511049 -0.032917 0.603258 -0.018387 0.032917 0.016594 -0.111879 0.032917 0.100966 0.127199 0.032917 0.365887 0.220691 0.032917 0.281515 0.311511 -0.032917 0.382151 0.218019 -0.032917 0.466524 0.127199 -0.032917 0.365887 0.220691 -0.032917 0.281515 0.220691 -0.032917 0.281515 0.127199 -0.032917 0.365887 -0.111879 -0.032917 0.100966 -0.018387 -0.032917 0.016594 0.658610 0.032917 0.766769 0.565118 0.032917 0.851141 0.565118 -0.032917 0.851141 0.658610 -0.032917 0.766769 0.511049 0.032917 0.603258 0.417557 0.032917 0.687630 0.565118 0.032917 0.851141 0.658610 0.032917 0.766769 -0.018387 -0.032917 0.016594 -0.111879 -0.032917 0.100966 -0.111879 0.032917 0.100966 -0.018387 0.032917 0.016594 0.511049 -0.032917 0.603258 0.417557 -0.032917 0.687630 0.326737 -0.032917 0.586994 0.420230 -0.032917 0.502621 0.420230 -0.032917 0.502621 0.326737 -0.032917 0.586994 0.218019 -0.032917 0.466524 0.311511 -0.032917 0.382151 0.220691 0.032917 0.281515 0.127199 0.032917 0.365887 0.218019 0.032917 0.466524 0.311511 0.032917 0.382151 0.311511 0.032917 0.382151 0.218019 0.032917 0.466524 0.326737 0.032917 0.586994 0.420230 0.032917 0.502621 0.127199 0.032917 0.365887 0.045353 0.032917 0.622347 0.218019 0.032917 0.466524 0.218019 0.032917 0.466524 0.045353 0.032917 0.622347 0.154071 0.032917 0.742817 0.326737 0.032917 0.586994 0.523625 0.032917 0.008132 0.614444 0.032917 0.108769 0.614444 -0.032917 0.108769 0.523625 -0.032917 0.008132 0.614444 0.032917 0.108769 0.723163 0.032917 0.229239 0.723163 -0.032917 0.229239 0.614444 -0.032917 0.108769 0.417557 -0.032917 0.687630 0.244891 -0.032917 0.843453 0.154071 -0.032917 0.742817 0.326737 -0.032917 0.586994 0.326737 -0.032917 0.586994 0.154071 -0.032917 0.742817 0.045353 -0.032917 0.622347 0.218019 -0.032917 0.466524 0.244891 0.032917 0.843453 0.244891 -0.032917 0.843453 0.154071 0.032917 0.742817 0.154071 -0.032917 0.742817 0.614444 0.032917 0.108769 0.311511 0.032917 0.382151 0.420230 0.032917 0.502621 0.723163 0.032917 0.229239 0.523625 0.032917 0.008132 0.614444 0.032917 0.108769 0.723163 -0.032917 0.229239 0.813982 -0.032917 0.329876 0.284546 -0.032917 -0.256789 0.284546 0.032917 -0.256789 0.961543 0.032917 0.493386 0.961543 0.032917 0.493386 0.961543 -0.032917 0.493386 0.523625 -0.032917 0.008132 0.614444 -0.032917 0.108769 0.523625 0.032917 0.008132 0.961543 -0.032917 0.493386 0.723163 0.032917 0.229239 0.813982 0.032917 0.329876 " />
									<Normal vector="-0.473739 -0.707083 -0.524918 -0.815424 -0.577349 -0.041810 -0.815424 0.577349 -0.041810 -0.473739 0.707083 -0.524918 0.000000 1.000000 0.000000 -0.524918 0.707083 0.473739 -0.041810 0.577349 0.815424 0.473739 0.707083 0.524918 0.473739 0.707083 0.524918 -0.041810 0.577349 0.815424 -0.041810 -0.577349 0.815424 0.473739 -0.707083 0.524918 0.000000 -1.000000 0.000000 -0.524918 -0.707083 0.473739 -0.815424 -0.577349 -0.041810 -0.473739 -0.707083 -0.524918 0.524918 0.707083 -0.473739 0.815424 0.577349 0.041810 0.815424 -0.577349 0.041810 0.524918 -0.707083 -0.473739 -0.524918 0.707083 0.473739 -0.815424 0.577349 -0.041810 -0.524918 -0.707083 0.473739 -0.524918 0.707083 0.473739 -0.524918 0.707083 0.473739 -0.524918 -0.707083 0.473739 -0.524918 -0.707083 0.473739 0.041810 0.577349 -0.815424 0.524918 0.707083 -0.473739 0.524918 -0.707083 -0.473739 0.041810 -0.577349 -0.815424 0.000000 -1.000000 0.000000 -0.524918 -0.707083 0.473739 0.000000 -1.000000 0.000000 -0.473739 0.707083 -0.524918 -0.524918 0.707083 0.473739 0.000000 1.000000 0.000000 0.473739 -0.707083 0.524918 -0.041810 -0.577349 0.815424 -0.524918 -0.707083 0.473739 0.000000 -1.000000 0.000000 -0.041810 0.577349 0.815424 -0.041810 -0.577349 0.815424 0.524918 0.707083 -0.473739 0.524918 0.707083 -0.473739 0.524918 -0.707083 -0.473739 0.524918 -0.707083 -0.473739 0.000000 1.000000 0.000000 -0.524918 0.707083 0.473739 -0.524918 0.707083 0.473739 0.000000 1.000000 0.000000 0.000000 1.000000 0.000000 0.000000 1.000000 0.000000 0.000000 1.000000 0.000000 0.000000 1.000000 0.000000 0.473739 -0.707083 0.524918 0.473739 -0.707083 0.524918 0.000000 -1.000000 0.000000 0.000000 -1.000000 0.000000 -0.473739 0.707083 -0.524918 -0.473739 0.707083 -0.524918 0.000000 1.000000 0.000000 0.000000 1.000000 0.000000 0.000000 -1.000000 0.000000 0.000000 -1.000000 0.000000 0.000000 -1.000000 0.000000 0.000000 -1.000000 0.000000 0.000000 -1.000000 0.000000 0.000000 -1.000000 0.000000 -0.473739 -0.707083 -0.524918 -0.473739 -0.707083 -0.524918 0.473739 0.707083 0.524918 0.473739 0.707083 0.524918 0.473739 -0.707083 0.524918 0.473739 -0.707083 0.524918 0.000000 1.000000 0.000000 0.000000 1.000000 0.000000 0.473739 0.707083 0.524918 0.473739 0.707083 0.524918 -0.473739 -0.707083 -0.524918 -0.473739 -0.707083 -0.524918 -0.473739 0.707083 -0.524918 -0.473739 0.707083 -0.524918 0.000000 -1.000000 0.000000 0.000000 -1.000000 0.000000 0.000000 -1.000000 0.000000 0.000000 -1.000000 0.000000 0.000000 -1.000000 0.000000 0.000000 -1.000000 0.000000 0.000000 -1.000000 0.000000 0.000000 -1.000000 0.000000 0.000000 1.000000 0.000000 0.000000 1.000000 0.000000 0.000000 1.000000 0.000000 0.000000 1.000000 0.000000 0.000000 1.000000 0.000000 0.000000 1.000000 0.000000 0.000000 1.000000 0.000000 0.000000 1.000000 0.000000 0.000000 1.000000 0.000000 -0.524918 0.707083 0.473739 0.000000 1.000000 0.000000 0.000000 1.000000 0.000000 -0.524918 0.707083 0.473739 -0.524918 0.707083 0.473739 0.000000 1.000000 0.000000 0.524918 0.707083 -0.473739 0.524918 0.707083 -0.473739 0.524918 -0.707083 -0.473739 0.524918 -0.707083 -0.473739 0.524918 0.707083 -0.473739 0.524918 0.707083 -0.473739 0.524918 -0.707083 -0.473739 0.524918 -0.707083 -0.473739 0.000000 -1.000000 0.000000 -0.524918 -0.707083 0.473739 -0.524918 -0.707083 0.473739 0.000000 -1.000000 0.000000 0.000000 -1.000000 0.000000 -0.524918 -0.707083 0.473739 -0.524918 -0.707083 0.473739 0.000000 -1.000000 0.000000 -0.524918 0.707083 0.473739 -0.524918 -0.707083 0.473739 -0.524918 0.707083 0.473739 -0.524918 -0.707083 0.473739 0.524918 0.707083 -0.473739 0.000000 1.000000 0.000000 0.000000 1.000000 0.000000 0.524918 0.707083 -0.473739 0.524918 0.707083 -0.473739 0.524918 0.707083 -0.473739 0.524918 -0.707083 -0.473739 0.524918 -0.707083 -0.473739 0.041810 -0.577349 -0.815424 0.041810 0.577349 -0.815424 0.815424 0.577349 0.041810 0.815424 0.577349 0.041810 0.815424 -0.577349 0.041810 0.524918 -0.707083 -0.473739 0.524918 -0.707083 -0.473739 0.524918 0.707083 -0.473739 0.815424 -0.577349 0.041810 0.524918 0.707083 -0.473739 0.524918 0.707083 -0.473739 " />
									<TextureCoordinate point="0.0286 0.1871 0.2725 0.1871 0.2725 0.3011 0.0286 0.3011 0.0286 0.1871 0.2725 0.1871 0.2725 0.3011 0.0286 0.3011 0.0286 0.1871 0.2725 0.1871 0.2725 0.3011 0.0286 0.3011 0.0286 0.1871 0.2725 0.1871 0.2725 0.3011 0.0286 0.3011 0.0286 0.1871 0.2725 0.1871 0.2725 0.3011 0.0286 0.3011 0.0286 0.1871 0.2725 0.1871 0.0286 0.3011 0.0286 0.1871 0.2725 0.1871 0.2725 0.3011 0.0286 0.3011 0.0286 0.1871 0.2725 0.1871 0.2725 0.3011 0.0286 0.3011 0.0286 0.1871 0.2725 0.1871 0.0286 0.3011 0.0286 0.1871 0.2725 0.3011 0.0286 0.3011 0.0286 0.1871 0.2725 0.1871 0.2725 0.3011 0.0286 0.3011 0.0286 0.1871 0.0286 0.3011 0.0286 0.1871 0.2725 0.1871 0.2725 0.3011 0.0286 0.3011 0.0286 0.1871 0.2725 0.1871 0.2725 0.3011 0.0286 0.3011 0.1506 0.3642 0.2725 0.3642 0.2725 0.4783 0.1506 0.4783 0.1506 0.1871 0.2725 0.1871 0.2725 0.3011 0.1506 0.3011 0.1506 0.1871 0.2725 0.1871 0.2725 0.3011 0.1506 0.3011 0.1506 0.1871 0.2725 0.1871 0.2725 0.3011 0.1506 0.3011 0.1506 0.1871 0.2725 0.1871 0.2725 0.3011 0.1506 0.3011 0.1506 0.1871 0.2725 0.1871 0.2725 0.3011 0.1506 0.3011 0.1506 0.1871 0.2725 0.1871 0.2725 0.3011 0.1506 0.3011 0.1506 0.1871 0.2725 0.1871 0.2725 0.3011 0.1506 0.3011 0.1506 0.1871 0.2725 0.1871 0.2725 0.3011 0.1506 0.3011 0.1506 0.1871 0.2725 0.1871 0.2725 0.3011 0.1506 0.3011 0.1506 0.3642 0.2725 0.3642 0.2725 0.4783 0.1506 0.4783 0.1506 0.3642 0.2725 0.3642 0.2725 0.4783 0.1506 0.4783 0.0286 0.1871 0.2725 0.3011 0.0286 0.3011 0.0286 0.1871 0.2725 0.1871 0.2725 0.3011 0.0286 0.3011 0.0286 0.1871 0.2725 0.1871 0.2725 0.3011 0.0286 0.3011 0.0286 0.1871 0.2725 0.1871 0.2725 0.3011 0.0286 0.3011 0.0286 0.1871 0.2725 0.1871 0.2725 0.3011 0.0286 0.3011 0.0286 0.1871 0.2725 0.1871 0.2725 0.3011 0.0286 0.3011 0.0286 0.1871 0.0286 0.3011 0.0286 0.1871 0.0286 0.3011 0.0729 0.5906 0.1949 0.5906 0.1949 0.7047 0.0729 0.7047 0.0286 0.3642 0.0286 0.4783 0.0286 0.1871 0.0286 0.1871 0.0286 0.1871 0.0286 0.3011 0.0286 0.3011 0.0286 0.1871 0.0286 0.3011 0.0286 0.1871 0.0286 0.1871 0.0286 0.3011 0.0286 0.1871 0.0286 0.3642 0.0286 0.4783 " />
								</IndexedTriangleSet>
							</Shape>
						</Group>
					</Transform>
					<Transform DEF="Cube_018_TRANSFORM"
					           translation="0.376322 0.000000 0.838401"
					           scale="1.000000 1.000000 1.000000"
					           rotation="0.000000 1.000000 0.000000 0.000000"
					           >
						<Transform DEF="Cube_018_ifs_TRANSFORM"
						           translation="0.000000 0.000000 0.000000"
						           scale="1.000000 1.000000 1.000000"
						           rotation="0.000000 1.000000 0.000000 0.000000"
						           >
							<Group DEF="group_ME_Cube_003">
								<Shape>
									<Appearance>
										<Material USE="MA_Body" />
									</Appearance>
									<IndexedTriangleSet solid="false"
									                    normalPerVertex="true"
									                    index="0 1 2 0 2 3 4 5 6 4 6 7 8 9 10 8 10 11 12 13 14 12 14 15 4 16 17 4 17 18 19 20 14 19 14 21 22 5 23 22 23 24 25 26 27 25 27 28 29 30 23 29 23 18 25 31 32 25 32 33 34 20 35 34 35 36 34 37 38 34 38 15 39 31 40 39 40 41 42 43 40 42 40 28 "
									                    >
										<Coordinate point="-0.026192 -0.028090 -0.346381 0.026192 -0.028090 0.346381 0.026192 0.028090 0.346381 -0.026192 0.028090 -0.346381 1.266482 0.028090 -0.444127 1.318865 0.028090 0.248635 1.626466 0.028090 0.225375 1.574083 0.028090 -0.467386 1.574083 0.028090 -0.467386 1.626466 0.028090 0.225375 1.626466 -0.028090 0.225375 1.574083 -0.028090 -0.467386 1.043463 -0.028090 -0.427263 1.095846 -0.028090 0.265498 0.026192 -0.028090 0.346381 -0.026192 -0.028090 -0.346381 1.574083 0.028090 -0.467386 1.574083 -0.028090 -0.467386 1.266482 -0.028090 -0.444127 1.095846 0.028090 0.265498 0.026192 0.028090 0.346381 1.095846 -0.028090 0.265498 1.626466 0.028090 0.225375 1.318865 -0.028090 0.248635 1.626466 -0.028090 0.225375 1.043463 0.028090 -0.427263 1.266482 0.028090 -0.444127 1.266482 -0.028090 -0.444127 1.043463 -0.028090 -0.427263 1.574083 -0.028090 -0.467386 1.626466 -0.028090 0.225375 1.095846 0.028090 0.265498 1.318865 0.028090 0.248635 1.266482 0.028090 -0.444127 -0.026192 0.028090 -0.346381 1.095846 0.028090 0.265498 1.043463 0.028090 -0.427263 1.043463 0.028090 -0.427263 1.043463 -0.028090 -0.427263 1.318865 0.028090 0.248635 1.095846 -0.028090 0.265498 1.318865 -0.028090 0.248635 1.266482 -0.028090 -0.444127 1.318865 -0.028090 0.248635 " />
										<Normal vector="-0.619221 -0.577349 -0.532151 -0.532151 -0.577349 0.619221 -0.532151 0.577349 0.619221 -0.619221 0.577349 -0.532151 -0.053316 0.707083 -0.705069 0.053316 0.707083 0.705069 0.619221 0.577349 0.532151 0.532151 0.577349 -0.619221 0.532151 0.577349 -0.619221 0.619221 0.577349 0.532151 0.619221 -0.577349 0.532151 0.532151 -0.577349 -0.619221 -0.053316 -0.707083 -0.705069 0.053316 -0.707083 0.705069 -0.532151 -0.577349 0.619221 -0.619221 -0.577349 -0.532151 0.532151 0.577349 -0.619221 0.532151 -0.577349 -0.619221 -0.053316 -0.707083 -0.705069 0.053316 0.707083 0.705069 -0.532151 0.577349 0.619221 0.053316 -0.707083 0.705069 0.619221 0.577349 0.532151 0.053316 -0.707083 0.705069 0.619221 -0.577349 0.532151 -0.053316 0.707083 -0.705069 -0.053316 0.707083 -0.705069 -0.053316 -0.707083 -0.705069 -0.053316 -0.707083 -0.705069 0.532151 -0.577349 -0.619221 0.619221 -0.577349 0.532151 0.053316 0.707083 0.705069 0.053316 0.707083 0.705069 -0.053316 0.707083 -0.705069 -0.619221 0.577349 -0.532151 0.053316 0.707083 0.705069 -0.053316 0.707083 -0.705069 -0.053316 0.707083 -0.705069 -0.053316 -0.707083 -0.705069 0.053316 0.707083 0.705069 0.053316 -0.707083 0.705069 0.053316 -0.707083 0.705069 -0.053316 -0.707083 -0.705069 0.053316 -0.707083 0.705069 " />
										<TextureCoordinate point="0.0286 0.1871 0.2725 0.1871 0.2725 0.3011 0.0286 0.3011 0.0286 0.0261 0.2725 0.0261 0.2725 0.1176 0.0286 0.1176 0.0286 0.0261 0.2725 0.0261 0.2725 0.1176 0.0286 0.1176 0.0286 0.1871 0.2725 0.1871 0.2725 0.3011 0.0286 0.3011 0.2725 0.0261 0.2725 0.1176 0.0286 0.1176 0.0286 0.1871 0.2725 0.1871 0.0286 0.3011 0.0286 0.0261 0.2725 0.1176 0.0286 0.1176 0.0286 0.3632 0.2725 0.3632 0.2725 0.5089 0.0286 0.5089 0.0286 0.0261 0.2725 0.0261 0.2725 0.3632 0.2725 0.5089 0.0286 0.5089 0.0286 0.1871 0.2725 0.3011 0.0286 0.3011 0.2725 0.1871 0.2725 0.3011 0.0286 0.3632 0.2725 0.5089 0.0286 0.5089 0.0286 0.3632 0.2725 0.3632 " />
									</IndexedTriangleSet>
								</Shape>
							</Group>
						</Transform>
						<Transform DEF="Cube_019_TRANSFORM"
						           translation="0.131198 -0.000000 0.642972"
						           scale="1.000000 1.000000 1.000000"
						           rotation="0.000000 1.000000 0.000000 0.000000"
						           >
							<Transform DEF="Cube_019_ifs_TRANSFORM"
							           translation="0.000000 0.000000 0.000000"
							           scale="1.000000 1.000000 1.000000"
							           rotation="0.000000 1.000000 0.000000 0.000000"
							           >
								<Group DEF="group_ME_Cube_004">
									<Shape>
										<Appearance>
											<Material USE="MA_Body" />
										</Appearance>
										<IndexedTriangleSet solid="false"
										                    normalPerVertex="true"
										                    index="0 1 2 0 2 3 4 5 6 4 6 7 8 9 10 8 10 11 12 13 14 12 14 15 4 16 17 4 17 18 19 20 14 19 14 21 22 23 24 22 24 25 26 27 28 26 28 15 29 30 24 29 24 31 26 20 32 26 32 33 34 35 36 34 36 18 37 5 36 37 36 38 39 40 41 39 41 31 39 23 42 39 42 43 "
										                    >
											<Coordinate point="-0.005001 -0.025120 -0.382355 0.005001 -0.025120 0.382355 0.005001 0.025120 0.382355 -0.005001 0.025120 -0.382355 1.328611 0.025120 -0.399797 1.338613 0.025120 0.364913 1.659402 0.025120 0.360717 1.649401 0.025120 -0.403993 1.649401 0.025120 -0.403993 1.659402 0.025120 0.360717 1.659402 -0.025120 0.360717 1.649401 -0.025120 -0.403993 1.073484 -0.025120 -0.396460 1.083486 -0.025120 0.368250 0.005001 -0.025120 0.382355 -0.005001 -0.025120 -0.382355 1.649401 0.025120 -0.403993 1.649401 -0.025120 -0.403993 1.328611 -0.025120 -0.399797 1.083486 0.025120 0.368250 0.005001 0.025120 0.382355 1.083486 -0.025120 0.368250 1.338613 0.025120 0.364913 1.083486 0.025120 0.368250 1.083486 -0.025120 0.368250 1.338613 -0.025120 0.364913 -0.005001 0.025120 -0.382355 1.073484 0.025120 -0.396460 1.073484 -0.025120 -0.396460 1.328611 -0.025120 -0.399797 1.338613 -0.025120 0.364913 1.073484 -0.025120 -0.396460 1.083486 0.025120 0.368250 1.073484 0.025120 -0.396460 1.649401 -0.025120 -0.403993 1.659402 -0.025120 0.360717 1.338613 -0.025120 0.364913 1.659402 0.025120 0.360717 1.659402 -0.025120 0.360717 1.073484 0.025120 -0.396460 1.328611 0.025120 -0.399797 1.328611 -0.025120 -0.399797 1.338613 0.025120 0.364913 1.328611 0.025120 -0.399797 " />
											<Normal vector="-0.584826 -0.577349 -0.569750 -0.569750 -0.577349 0.584826 -0.569750 0.577349 0.584826 -0.584826 0.577349 -0.569750 -0.009247 0.707083 -0.707022 0.009247 0.707083 0.707022 0.584826 0.577349 0.569750 0.569750 0.577349 -0.584826 0.569750 0.577349 -0.584826 0.584826 0.577349 0.569750 0.584826 -0.577349 0.569750 0.569750 -0.577349 -0.584826 -0.009247 -0.707083 -0.707022 0.009247 -0.707083 0.707022 -0.569750 -0.577349 0.584826 -0.584826 -0.577349 -0.569750 0.569750 0.577349 -0.584826 0.569750 -0.577349 -0.584826 -0.009247 -0.707083 -0.707022 0.009247 0.707083 0.707022 -0.569750 0.577349 0.584826 0.009247 -0.707083 0.707022 0.009247 0.707083 0.707022 0.009247 0.707083 0.707022 0.009247 -0.707083 0.707022 0.009247 -0.707083 0.707022 -0.584826 0.577349 -0.569750 -0.009247 0.707083 -0.707022 -0.009247 -0.707083 -0.707022 -0.009247 -0.707083 -0.707022 0.009247 -0.707083 0.707022 -0.009247 -0.707083 -0.707022 0.009247 0.707083 0.707022 -0.009247 0.707083 -0.707022 0.569750 -0.577349 -0.584826 0.584826 -0.577349 0.569750 0.009247 -0.707083 0.707022 0.584826 0.577349 0.569750 0.584826 -0.577349 0.569750 -0.009247 0.707083 -0.707022 -0.009247 0.707083 -0.707022 -0.009247 -0.707083 -0.707022 0.009247 0.707083 0.707022 -0.009247 0.707083 -0.707022 " />
											<TextureCoordinate point="0.0286 0.1871 0.2725 0.1871 0.2725 0.3011 0.0286 0.3011 0.0286 0.0261 0.2725 0.0261 0.2725 0.1176 0.0286 0.1176 0.0286 0.0261 0.2725 0.0261 0.2725 0.1176 0.0286 0.1176 0.0286 0.1871 0.2725 0.1871 0.2725 0.3011 0.0286 0.3011 0.2725 0.0261 0.2725 0.1176 0.0286 0.1176 0.0286 0.1871 0.2725 0.1871 0.0286 0.3011 0.0286 0.3741 0.2725 0.3741 0.2725 0.4881 0.0286 0.4881 0.0286 0.1871 0.2725 0.1871 0.2725 0.3011 0.0286 0.3741 0.2725 0.3741 0.0286 0.4881 0.2725 0.3011 0.0286 0.3011 0.0286 0.0261 0.2725 0.0261 0.2725 0.1176 0.0286 0.0261 0.0286 0.1176 0.0286 0.3741 0.2725 0.3741 0.2725 0.4881 0.2725 0.4881 0.0286 0.4881 " />
										</IndexedTriangleSet>
									</Shape>
								</Group>
							</Transform>
							<Transform DEF="Cube_020_TRANSFORM"
							           translation="0.153458 0.000000 0.519664"
							           scale="1.000000 1.000000 1.000000"
							           rotation="0.000000 1.000000 0.000000 0.000000"
							           >
								<Transform DEF="Cube_020_ifs_TRANSFORM"
								           translation="0.000000 0.000000 0.000000"
								           scale="1.000000 1.000000 1.000000"
								           rotation="0.000000 1.000000 0.000000 0.000000"
								           >
									<Group DEF="group_ME_Cube_005">
										<Shape>
											<Appearance>
												<Material USE="MA_Body" />
											</Appearance>
											<IndexedTriangleSet solid="false"
											                    normalPerVertex="true"
											                    index="0 1 2 0 2 3 4 5 6 4 6 7 8 9 10 8 10 11 12 13 14 12 14 15 4 16 17 4 17 18 19 20 14 19 14 21 22 23 24 22 24 25 26 27 28 26 28 15 29 30 24 29 24 31 26 20 32 26 32 33 34 35 36 34 36 18 37 5 36 37 36 38 39 40 41 39 41 31 39 23 42 39 42 43 "
											                    >
												<Coordinate point="0.039947 -0.024498 -0.324025 -0.039947 -0.024498 0.324025 -0.039947 0.024498 0.324025 0.039947 0.024498 -0.324025 1.257713 0.024498 -0.173893 1.177819 0.024498 0.474157 1.527601 0.024498 0.517279 1.607495 0.024498 -0.130770 1.607495 0.024498 -0.130770 1.527601 0.024498 0.517279 1.527601 -0.024498 0.517279 1.607495 -0.024498 -0.130770 0.987224 -0.024498 -0.207240 0.907330 -0.024498 0.440810 -0.039947 -0.024498 0.324025 0.039947 -0.024498 -0.324025 1.607495 0.024498 -0.130770 1.607495 -0.024498 -0.130770 1.257713 -0.024498 -0.173893 0.907330 0.024498 0.440810 -0.039947 0.024498 0.324025 0.907330 -0.024498 0.440810 1.177819 0.024498 0.474157 0.907330 0.024498 0.440810 0.907330 -0.024498 0.440810 1.177819 -0.024498 0.474157 0.039947 0.024498 -0.324025 0.987224 0.024498 -0.207240 0.987224 -0.024498 -0.207240 1.257713 -0.024498 -0.173893 1.177819 -0.024498 0.474157 0.987224 -0.024498 -0.207240 0.907330 0.024498 0.440810 0.987224 0.024498 -0.207240 1.607495 -0.024498 -0.130770 1.527601 -0.024498 0.517279 1.177819 -0.024498 0.474157 1.527601 0.024498 0.517279 1.527601 -0.024498 0.517279 0.987224 0.024498 -0.207240 1.257713 0.024498 -0.173893 1.257713 -0.024498 -0.173893 1.177819 0.024498 0.474157 1.257713 0.024498 -0.173893 " />
												<Normal vector="-0.502365 -0.577349 -0.643635 -0.643635 -0.577349 0.502365 -0.643635 0.577349 0.502365 -0.502365 0.577349 -0.643635 0.086520 0.707083 -0.701773 -0.086520 0.707083 0.701773 0.502365 0.577349 0.643635 0.643635 0.577349 -0.502365 0.643635 0.577349 -0.502365 0.502365 0.577349 0.643635 0.502365 -0.577349 0.643635 0.643635 -0.577349 -0.502365 0.086520 -0.707083 -0.701773 -0.086520 -0.707083 0.701773 -0.643635 -0.577349 0.502365 -0.502365 -0.577349 -0.643635 0.643635 0.577349 -0.502365 0.643635 -0.577349 -0.502365 0.086520 -0.707083 -0.701773 -0.086520 0.707083 0.701773 -0.643635 0.577349 0.502365 -0.086520 -0.707083 0.701773 -0.086520 0.707083 0.701773 -0.086520 0.707083 0.701773 -0.086520 -0.707083 0.701773 -0.086520 -0.707083 0.701773 -0.502365 0.577349 -0.643635 0.086520 0.707083 -0.701773 0.086520 -0.707083 -0.701773 0.086520 -0.707083 -0.701773 -0.086520 -0.707083 0.701773 0.086520 -0.707083 -0.701773 -0.086520 0.707083 0.701773 0.086520 0.707083 -0.701773 0.643635 -0.577349 -0.502365 0.502365 -0.577349 0.643635 -0.086520 -0.707083 0.701773 0.502365 0.577349 0.643635 0.502365 -0.577349 0.643635 0.086520 0.707083 -0.701773 0.086520 0.707083 -0.701773 0.086520 -0.707083 -0.701773 -0.086520 0.707083 0.701773 0.086520 0.707083 -0.701773 " />
												<TextureCoordinate point="0.0286 0.1871 0.2725 0.1871 0.2725 0.3011 0.0286 0.3011 0.0286 0.0261 0.2725 0.0261 0.2725 0.1176 0.0286 0.1176 0.0286 0.0261 0.2725 0.0261 0.2725 0.1176 0.0286 0.1176 0.0286 0.1871 0.2725 0.1871 0.2725 0.3011 0.0286 0.3011 0.2725 0.0261 0.2725 0.1176 0.0286 0.1176 0.0286 0.1871 0.2725 0.1871 0.0286 0.3011 0.0286 0.3741 0.2725 0.3741 0.2725 0.4881 0.0286 0.4881 0.0286 0.1871 0.2725 0.1871 0.2725 0.3011 0.0286 0.3741 0.2725 0.3741 0.0286 0.4881 0.2725 0.3011 0.0286 0.3011 0.0286 0.0261 0.2725 0.0261 0.2725 0.1176 0.0286 0.0261 0.0286 0.1176 0.0286 0.3741 0.2725 0.3741 0.2725 0.4881 0.2725 0.4881 0.0286 0.4881 " />
											</IndexedTriangleSet>
										</Shape>
									</Group>
								</Transform>
							</Transform>
						</Transform>
					</Transform>
				</Transform>
				<Transform DEF="c_wing1_TRANSFORM"
				           translation="0.706474 0.020260 0.497533"
				           scale="1.000000 1.000000 1.000000"
				           rotation="0.000000 1.000000 0.000000 0.000000"
				           >
					<Transform DEF="c_wing1_ifs_TRANSFORM"
					           translation="0.000000 0.000000 0.000000"
					           scale="1.000000 1.000000 1.000000"
					           rotation="0.000000 1.000000 0.000000 0.000000"
					           >
						<Group DEF="group_ME_c_wing1">
							<Shape>
								<Appearance>
									<Material USE="MA_Body" />
								</Appearance>
								<IndexedTriangleSet solid="false"
								                    normalPerVertex="true"
								                    index="0 1 2 0 2 3 4 5 6 4 6 7 8 9 10 8 10 11 12 13 14 12 14 15 16 17 18 16 18 19 20 21 14 20 14 22 23 24 25 23 25 26 27 28 29 27 29 30 31 32 33 31 33 34 35 36 37 35 37 38 39 40 41 39 41 42 16 43 44 16 44 45 46 47 48 46 48 49 50 51 52 50 52 53 54 55 56 54 56 57 58 59 60 58 60 61 62 63 64 62 64 65 66 67 68 66 68 69 70 71 72 70 72 73 58 74 75 58 75 53 76 77 72 76 72 78 79 21 80 79 80 81 82 83 84 82 84 85 86 5 84 86 84 87 88 89 90 88 90 91 92 93 94 92 94 19 95 96 97 95 97 98 99 100 101 99 101 102 95 103 104 95 104 57 105 71 106 105 106 107 108 109 110 108 110 111 112 113 114 112 114 115 116 117 118 116 118 119 120 121 122 120 122 123 124 125 126 124 126 127 128 129 130 128 130 131 132 133 134 132 134 135 136 137 138 136 138 139 140 141 142 140 142 143 144 145 146 144 146 147 148 149 150 148 150 151 152 153 154 152 154 155 156 157 158 156 158 159 160 161 162 160 162 163 164 165 166 164 166 167 168 169 170 168 170 171 "
								                    >
									<Coordinate point="0.121774 -0.559971 -0.271037 -0.002370 -0.277974 0.175060 -0.086343 -0.278223 0.151848 0.037801 -0.560220 -0.294249 0.061899 -0.409137 -0.383048 -0.062246 -0.127141 0.063049 0.002370 0.277974 -0.175060 0.126514 -0.004023 -0.621157 0.126514 -0.004023 -0.621157 0.002370 0.277974 -0.175060 0.086343 0.278223 -0.151848 0.210487 -0.003773 -0.597945 0.128672 -0.516722 -0.296457 0.004528 -0.234725 0.149640 -0.002370 -0.277974 0.175060 0.121774 -0.559971 -0.271037 0.197918 -0.718110 -0.871819 0.262534 -0.312995 -1.109928 0.346507 -0.312746 -1.086716 0.281892 -0.717861 -0.848608 -0.079445 -0.234974 0.126429 -0.086343 -0.278223 0.151848 0.004528 -0.234725 0.149640 0.151472 -0.568511 -0.378383 0.128672 -0.516722 -0.296457 0.121774 -0.559971 -0.271037 0.144574 -0.611760 -0.352964 0.149313 -0.055812 -0.703083 0.126514 -0.004023 -0.621157 0.210487 -0.003773 -0.597945 0.233286 -0.055563 -0.679872 0.084698 -0.460926 -0.464975 0.061899 -0.409137 -0.383048 0.126514 -0.004023 -0.621157 0.149313 -0.055812 -0.703083 0.144574 -0.611760 -0.352964 0.121774 -0.559971 -0.271037 0.037801 -0.560220 -0.294249 0.060600 -0.612009 -0.376175 0.257794 -0.868944 -0.759808 0.204941 -0.748886 -0.569886 0.120967 -0.749135 -0.593097 0.173821 -0.869193 -0.783020 0.145065 -0.598052 -0.681897 0.209680 -0.192937 -0.920005 0.262534 -0.312995 -1.109928 0.262534 -0.312995 -1.109928 0.209680 -0.192937 -0.920005 0.293654 -0.192688 -0.896794 0.346507 -0.312746 -1.086716 0.264692 -0.825695 -0.785228 0.211839 -0.705637 -0.595306 0.204941 -0.748886 -0.569886 0.257794 -0.868944 -0.759808 0.281892 -0.717861 -0.848608 0.229038 -0.597803 -0.658686 0.211839 -0.705637 -0.595306 0.264692 -0.825695 -0.785228 0.173821 -0.869193 -0.783020 0.120967 -0.749135 -0.593097 0.127866 -0.705886 -0.618517 0.180719 -0.825944 -0.808439 0.060600 -0.612009 -0.376175 0.037801 -0.560220 -0.294249 0.044699 -0.516971 -0.319668 0.067498 -0.568760 -0.401595 0.168671 -0.460677 -0.441763 0.145872 -0.408888 -0.359837 0.128672 -0.516722 -0.296457 0.151472 -0.568511 -0.378383 -0.062246 -0.127141 0.063049 -0.079445 -0.234974 0.126429 0.004528 -0.234725 0.149640 0.021728 -0.126891 0.086260 0.180719 -0.825944 -0.808439 0.264692 -0.825695 -0.785228 0.145872 -0.408888 -0.359837 0.021728 -0.126891 0.086260 0.128672 -0.516722 -0.296457 0.037801 -0.560220 -0.294249 -0.079445 -0.234974 0.126429 0.044699 -0.516971 -0.319668 0.210487 -0.003773 -0.597945 0.086343 0.278223 -0.151848 0.021728 -0.126891 0.086260 0.145872 -0.408888 -0.359837 0.002370 0.277974 -0.175060 0.086343 0.278223 -0.151848 0.233286 -0.055563 -0.679872 0.210487 -0.003773 -0.597945 0.145872 -0.408888 -0.359837 0.168671 -0.460677 -0.441763 0.346507 -0.312746 -1.086716 0.293654 -0.192688 -0.896794 0.229038 -0.597803 -0.658686 0.180719 -0.825944 -0.808439 0.127866 -0.705886 -0.618517 0.145065 -0.598052 -0.681897 0.197918 -0.718110 -0.871819 0.067498 -0.568760 -0.401595 0.044699 -0.516971 -0.319668 0.061899 -0.409137 -0.383048 0.084698 -0.460926 -0.464975 0.197918 -0.718110 -0.871819 0.281892 -0.717861 -0.848608 0.044699 -0.516971 -0.319668 -0.062246 -0.127141 0.063049 0.061899 -0.409137 -0.383048 0.127866 -0.705886 -0.618517 0.105066 -0.654097 -0.536591 0.122266 -0.546263 -0.599971 0.145065 -0.598052 -0.681897 0.105066 -0.654097 -0.536591 0.067498 -0.568760 -0.401595 0.084698 -0.460926 -0.464975 0.122266 -0.546263 -0.599971 0.293654 -0.192688 -0.896794 0.270854 -0.140899 -0.814867 0.206239 -0.546014 -0.576759 0.229038 -0.597803 -0.658686 0.270854 -0.140899 -0.814867 0.233286 -0.055563 -0.679872 0.168671 -0.460677 -0.441763 0.206239 -0.546014 -0.576759 0.229038 -0.597803 -0.658686 0.206239 -0.546014 -0.576759 0.189040 -0.653848 -0.513379 0.211839 -0.705637 -0.595306 0.206239 -0.546014 -0.576759 0.168671 -0.460677 -0.441763 0.151472 -0.568511 -0.378383 0.189040 -0.653848 -0.513379 0.120967 -0.749135 -0.593097 0.098168 -0.697346 -0.511171 0.105066 -0.654097 -0.536591 0.127866 -0.705886 -0.618517 0.098168 -0.697346 -0.511171 0.060600 -0.612009 -0.376175 0.067498 -0.568760 -0.401595 0.105066 -0.654097 -0.536591 0.204941 -0.748886 -0.569886 0.182141 -0.697097 -0.487959 0.098168 -0.697346 -0.511171 0.120967 -0.749135 -0.593097 0.182141 -0.697097 -0.487959 0.144574 -0.611760 -0.352964 0.060600 -0.612009 -0.376175 0.098168 -0.697346 -0.511171 0.145065 -0.598052 -0.681897 0.122266 -0.546263 -0.599971 0.186881 -0.141148 -0.838079 0.209680 -0.192937 -0.920005 0.122266 -0.546263 -0.599971 0.084698 -0.460926 -0.464975 0.149313 -0.055812 -0.703083 0.186881 -0.141148 -0.838079 0.209680 -0.192937 -0.920005 0.186881 -0.141148 -0.838079 0.270854 -0.140899 -0.814867 0.293654 -0.192688 -0.896794 0.186881 -0.141148 -0.838079 0.149313 -0.055812 -0.703083 0.233286 -0.055563 -0.679872 0.270854 -0.140899 -0.814867 0.211839 -0.705637 -0.595306 0.189040 -0.653848 -0.513379 0.182141 -0.697097 -0.487959 0.204941 -0.748886 -0.569886 0.189040 -0.653848 -0.513379 0.151472 -0.568511 -0.378383 0.144574 -0.611760 -0.352964 0.182141 -0.697097 -0.487959 " />
									<Normal vector="0.585192 -0.601886 0.543321 0.345622 -0.191137 0.918668 -0.767327 -0.194433 0.611042 -0.777856 -0.605945 0.166570 -0.963836 -0.002838 -0.266396 -0.843440 0.365764 0.393414 -0.610004 0.791742 0.031404 -0.585192 0.601886 -0.543321 -0.585192 0.601886 -0.543321 -0.610004 0.791742 0.031404 0.502914 0.795038 0.339030 0.777856 0.605945 -0.166540 0.963836 0.002838 0.266396 0.519608 0.369793 0.770196 0.345622 -0.191137 0.918668 0.585192 -0.601886 0.543321 -0.519608 -0.369793 -0.770196 -0.345622 0.191137 -0.918668 0.767327 0.194433 -0.611042 0.843440 -0.365764 -0.393414 -0.843440 0.365764 0.393414 -0.767327 -0.194433 0.611042 0.519608 0.369793 0.770196 0.963836 0.002838 0.266396 0.963836 0.002838 0.266396 0.585192 -0.601886 0.543321 0.585192 -0.601886 0.543321 -0.585192 0.601886 -0.543321 -0.585192 0.601886 -0.543321 0.777856 0.605945 -0.166540 0.777856 0.605945 -0.166540 -0.963836 -0.002838 -0.266396 -0.963836 -0.002838 -0.266396 -0.585192 0.601886 -0.543321 -0.585192 0.601886 -0.543321 0.585192 -0.601886 0.543321 0.585192 -0.601886 0.543321 -0.777856 -0.605945 0.166570 -0.777856 -0.605945 0.166570 0.610004 -0.791742 -0.031404 0.585192 -0.601886 0.543321 -0.777856 -0.605945 0.166570 -0.502914 -0.795038 -0.339030 -0.963836 -0.002838 -0.266396 -0.585192 0.601886 -0.543321 -0.345622 0.191137 -0.918668 -0.345622 0.191137 -0.918668 -0.585192 0.601886 -0.543321 0.777856 0.605945 -0.166570 0.767327 0.194433 -0.611042 0.843440 -0.365764 -0.393414 0.963836 0.002838 0.266396 0.585192 -0.601886 0.543321 0.610004 -0.791742 -0.031404 0.843440 -0.365764 -0.393414 0.963836 0.002838 0.266396 0.963836 0.002838 0.266396 0.843440 -0.365764 -0.393414 -0.502914 -0.795038 -0.339030 -0.777856 -0.605945 0.166570 -0.963836 -0.002838 -0.266396 -0.519608 -0.369793 -0.770196 -0.777856 -0.605945 0.166570 -0.777856 -0.605945 0.166570 -0.963836 -0.002838 -0.266396 -0.963836 -0.002838 -0.266396 0.963836 0.002838 0.266396 0.963836 0.002838 0.266396 0.963836 0.002838 0.266396 0.963836 0.002838 0.266396 -0.843440 0.365764 0.393414 -0.843440 0.365764 0.393414 0.519608 0.369793 0.770196 0.519608 0.369793 0.770196 -0.519608 -0.369793 -0.770196 0.843440 -0.365764 -0.393414 0.963836 0.002838 0.266396 0.519608 0.369793 0.770196 0.963836 0.002838 0.266396 -0.777856 -0.605945 0.166570 -0.843440 0.365764 0.393414 -0.963836 -0.002838 -0.266396 0.777856 0.605945 -0.166540 0.502914 0.795038 0.339030 0.519608 0.369793 0.770196 0.963836 0.002838 0.266396 -0.610004 0.791742 0.031404 0.502914 0.795038 0.339030 0.777856 0.605945 -0.166540 0.777856 0.605945 -0.166540 0.963836 0.002838 0.266396 0.963836 0.002838 0.266396 0.767327 0.194433 -0.611042 0.777856 0.605945 -0.166570 0.963836 0.002838 0.266396 -0.519608 -0.369793 -0.770196 -0.963836 -0.002838 -0.266396 -0.963836 -0.002838 -0.266396 -0.519608 -0.369793 -0.770196 -0.963836 -0.002838 -0.266396 -0.963836 -0.002838 -0.266396 -0.963836 -0.002838 -0.266396 -0.963836 -0.002838 -0.266396 -0.519608 -0.369793 -0.770196 0.843440 -0.365764 -0.393414 -0.963836 -0.002838 -0.266396 -0.843440 0.365764 0.393414 -0.963836 -0.002838 -0.266396 -0.963836 -0.002838 -0.266396 -0.963836 -0.002838 -0.266396 -0.963836 -0.002838 -0.266396 -0.963836 -0.002838 -0.266396 -0.963836 -0.002838 -0.266396 -0.963836 -0.002838 -0.266396 -0.963836 -0.002838 -0.266396 -0.963836 -0.002838 -0.266396 0.777856 0.605945 -0.166570 0.777856 0.605945 -0.166570 0.963836 0.002838 0.266396 0.963836 0.002838 0.266396 0.777856 0.605945 -0.166570 0.777856 0.605945 -0.166540 0.963836 0.002838 0.266396 0.963836 0.002838 0.266396 0.963836 0.002838 0.266396 0.963836 0.002838 0.266396 0.963836 0.002838 0.266396 0.963836 0.002838 0.266396 0.963836 0.002838 0.266396 0.963836 0.002838 0.266396 0.963836 0.002838 0.266396 0.963836 0.002838 0.266396 -0.777856 -0.605945 0.166570 -0.777856 -0.605945 0.166570 -0.963836 -0.002838 -0.266396 -0.963836 -0.002838 -0.266396 -0.777856 -0.605945 0.166570 -0.777856 -0.605945 0.166570 -0.963836 -0.002838 -0.266396 -0.963836 -0.002838 -0.266396 0.585192 -0.601886 0.543321 0.585192 -0.601886 0.543321 -0.777856 -0.605945 0.166570 -0.777856 -0.605945 0.166570 0.585192 -0.601886 0.543321 0.585192 -0.601886 0.543321 -0.777856 -0.605945 0.166570 -0.777856 -0.605945 0.166570 -0.963836 -0.002838 -0.266396 -0.963836 -0.002838 -0.266396 -0.585192 0.601886 -0.543321 -0.585192 0.601886 -0.543321 -0.963836 -0.002838 -0.266396 -0.963836 -0.002838 -0.266396 -0.585192 0.601886 -0.543321 -0.585192 0.601886 -0.543321 -0.585192 0.601886 -0.543321 -0.585192 0.601886 -0.543321 0.777856 0.605945 -0.166570 0.777856 0.605945 -0.166570 -0.585192 0.601886 -0.543321 -0.585192 0.601886 -0.543321 0.777856 0.605945 -0.166540 0.777856 0.605945 -0.166570 0.963836 0.002838 0.266396 0.963836 0.002838 0.266396 0.585192 -0.601886 0.543321 0.585192 -0.601886 0.543321 0.963836 0.002838 0.266396 0.963836 0.002838 0.266396 0.585192 -0.601886 0.543321 0.585192 -0.601886 0.543321 " />
									<TextureCoordinate point="0.0286 0.1871 0.2725 0.1871 0.2725 0.3011 0.0286 0.3011 0.0286 0.1871 0.2725 0.1871 0.2725 0.3011 0.0286 0.3011 0.0286 0.1871 0.2725 0.1871 0.2725 0.3011 0.0286 0.3011 0.0286 0.1871 0.2725 0.1871 0.2725 0.3011 0.0286 0.3011 0.0286 0.1871 0.2725 0.1871 0.2725 0.3011 0.0286 0.3011 0.0286 0.1871 0.2725 0.1871 0.0286 0.3011 0.0286 0.1871 0.2725 0.1871 0.2725 0.3011 0.0286 0.3011 0.0286 0.3581 0.2725 0.3581 0.2725 0.5083 0.0286 0.5083 0.0286 0.1871 0.2725 0.1871 0.2725 0.3011 0.0286 0.3011 0.0286 0.1871 0.2725 0.1871 0.2725 0.3011 0.0286 0.3011 0.0286 0.1871 0.2725 0.1871 0.2725 0.3011 0.0286 0.3011 0.2725 0.1871 0.2725 0.3011 0.0286 0.3011 0.0286 0.1871 0.2725 0.1871 0.2725 0.3011 0.0286 0.3011 0.0286 0.1871 0.2725 0.1871 0.2725 0.3011 0.0286 0.3011 0.0286 0.1871 0.2725 0.1871 0.2725 0.3011 0.0286 0.3011 0.0286 0.1871 0.2725 0.1871 0.2725 0.3011 0.0286 0.3011 0.0286 0.1871 0.2725 0.1871 0.2725 0.3011 0.0286 0.3011 0.0286 0.3581 0.2725 0.3581 0.2725 0.5083 0.0286 0.5083 0.0286 0.1871 0.2725 0.1871 0.2725 0.3011 0.0286 0.3011 0.2725 0.1871 0.2725 0.3011 0.0286 0.1871 0.2725 0.1871 0.0286 0.3011 0.0286 0.1871 0.2725 0.3011 0.0286 0.3011 0.0286 0.1871 0.2725 0.1871 0.2725 0.3011 0.0286 0.3011 0.0286 0.1871 0.0286 0.3011 0.0286 0.3581 0.2725 0.3581 0.2725 0.5083 0.0286 0.5083 0.0286 0.1871 0.2725 0.1871 0.2725 0.3011 0.0286 0.1871 0.2725 0.1871 0.2725 0.3011 0.0286 0.3011 0.0286 0.1871 0.2725 0.1871 0.2725 0.3011 0.0286 0.3011 0.2725 0.1871 0.2725 0.3011 0.0286 0.1871 0.2725 0.3011 0.0286 0.3011 0.0286 0.1871 0.2725 0.1871 0.2725 0.3011 0.0286 0.3011 0.0286 0.1871 0.2725 0.1871 0.2725 0.3011 0.0286 0.3011 0.0286 0.3581 0.2725 0.3581 0.2725 0.5083 0.0286 0.5083 0.0286 0.5799 0.2725 0.5799 0.2725 0.7391 0.0286 0.7391 0.0286 0.3581 0.2725 0.3581 0.2725 0.5083 0.0286 0.5083 0.0286 0.3581 0.2725 0.3581 0.2725 0.5083 0.0286 0.5083 0.0286 0.1871 0.2725 0.1871 0.2725 0.3011 0.0286 0.3011 0.0286 0.1871 0.2725 0.1871 0.2725 0.3011 0.0286 0.3011 0.0286 0.1871 0.2725 0.1871 0.2725 0.3011 0.0286 0.3011 0.0286 0.1871 0.2725 0.1871 0.2725 0.3011 0.0286 0.3011 0.0286 0.1871 0.2725 0.1871 0.2725 0.3011 0.0286 0.3011 0.0286 0.1871 0.2725 0.1871 0.2725 0.3011 0.0286 0.3011 0.0286 0.3581 0.2725 0.3581 0.2725 0.5083 0.0286 0.5083 0.0286 0.5799 0.2725 0.5799 0.2725 0.7391 0.0286 0.7391 0.0286 0.1871 0.2725 0.1871 0.2725 0.3011 0.0286 0.3011 0.0286 0.1871 0.2725 0.1871 0.2725 0.3011 0.0286 0.3011 " />
								</IndexedTriangleSet>
							</Shape>
						</Group>
					</Transform>
					<Transform DEF="Cube_002_TRANSFORM"
					           translation="-0.229362 -0.887356 -0.555352"
					           scale="1.000000 1.000000 1.000000"
					           rotation="0.000000 1.000000 0.000000 0.000000"
					           >
						<Transform DEF="Cube_002_ifs_TRANSFORM"
						           translation="0.000000 0.000000 0.000000"
						           scale="1.000000 1.000000 1.000000"
						           rotation="0.000000 1.000000 0.000000 0.000000"
						           >
							<Group DEF="group_ME_Cube_007">
								<Shape>
									<Appearance>
										<Material USE="MA_Body" />
									</Appearance>
									<IndexedTriangleSet solid="false"
									                    normalPerVertex="true"
									                    index="0 1 2 0 2 3 4 5 6 4 6 7 8 9 10 8 10 11 12 13 14 12 14 15 16 17 18 16 18 19 20 5 14 20 14 21 22 23 24 22 24 25 26 27 28 26 28 29 30 31 32 30 32 33 34 35 36 34 36 37 38 39 40 38 40 41 16 42 43 16 43 44 45 46 47 45 47 48 49 50 51 49 51 19 "
									                    >
										<Coordinate point="-0.481706 -0.116213 -1.172189 -0.481706 -0.043478 0.002692 -0.481706 0.043478 -0.002692 -0.481706 -0.029257 -1.177572 -0.481706 -0.029257 -1.177572 -0.481706 0.043478 -0.002692 0.481706 0.043478 -0.002692 0.481706 -0.029257 -1.177572 0.481706 -0.029257 -1.177572 0.481706 0.043478 -0.002692 0.481706 -0.043478 0.002692 0.481706 -0.116213 -1.172189 0.481706 -0.116213 -1.172189 0.481706 -0.043478 0.002692 -0.481706 -0.043478 0.002692 -0.481706 -0.116213 -1.172189 -0.481706 -0.067080 -1.788509 0.481706 -0.067080 -1.788509 0.481706 -0.154036 -1.783126 -0.481706 -0.154036 -1.783126 0.481706 0.043478 -0.002692 0.481706 -0.043478 0.002692 0.481706 -0.135124 -1.477657 0.481706 -0.116213 -1.172189 -0.481706 -0.116213 -1.172189 -0.481706 -0.135124 -1.477657 0.481706 -0.048168 -1.483041 0.481706 -0.029257 -1.177572 0.481706 -0.116213 -1.172189 0.481706 -0.135124 -1.477657 -0.481706 -0.048168 -1.483041 -0.481706 -0.029257 -1.177572 0.481706 -0.029257 -1.177572 0.481706 -0.048168 -1.483041 -0.481706 -0.135124 -1.477657 -0.481706 -0.116213 -1.172189 -0.481706 -0.029257 -1.177572 -0.481706 -0.048168 -1.483041 -0.481706 -0.154036 -1.783126 -0.481706 -0.135124 -1.477657 -0.481706 -0.048168 -1.483041 -0.481706 -0.067080 -1.788509 -0.481706 -0.048168 -1.483041 0.481706 -0.048168 -1.483041 0.481706 -0.067080 -1.788509 0.481706 -0.067080 -1.788509 0.481706 -0.048168 -1.483041 0.481706 -0.135124 -1.477657 0.481706 -0.154036 -1.783126 0.481706 -0.154036 -1.783126 0.481706 -0.135124 -1.477657 -0.481706 -0.135124 -1.477657 " />
										<Normal vector="-0.707083 -0.705741 0.043672 -0.577349 -0.540544 0.611896 -0.577349 0.611896 0.540544 -0.707083 0.705741 -0.043672 -0.707083 0.705741 -0.043672 -0.577349 0.611896 0.540544 0.577349 0.611896 0.540544 0.707083 0.705741 -0.043672 0.707083 0.705741 -0.043672 0.577349 0.611896 0.540544 0.577349 -0.540544 0.611896 0.707083 -0.705741 0.043672 0.707083 -0.705741 0.043672 0.577349 -0.540544 0.611896 -0.577349 -0.540544 0.611896 -0.707083 -0.705741 0.043672 -0.577349 0.540544 -0.611896 0.577349 0.540544 -0.611896 0.577349 -0.611896 -0.540544 -0.577349 -0.611896 -0.540544 0.577349 0.611896 0.540544 0.577349 -0.540544 0.611896 0.707083 -0.705741 0.043672 0.707083 -0.705741 0.043672 -0.707083 -0.705741 0.043672 -0.707083 -0.705741 0.043672 0.707083 0.705741 -0.043672 0.707083 0.705741 -0.043672 0.707083 -0.705741 0.043672 0.707083 -0.705741 0.043672 -0.707083 0.705741 -0.043672 -0.707083 0.705741 -0.043672 0.707083 0.705741 -0.043672 0.707083 0.705741 -0.043672 -0.707083 -0.705741 0.043672 -0.707083 -0.705741 0.043672 -0.707083 0.705741 -0.043672 -0.707083 0.705741 -0.043672 -0.577349 -0.611896 -0.540544 -0.707083 -0.705741 0.043672 -0.707083 0.705741 -0.043672 -0.577349 0.540544 -0.611896 -0.707083 0.705741 -0.043672 0.707083 0.705741 -0.043672 0.577349 0.540544 -0.611896 0.577349 0.540544 -0.611896 0.707083 0.705741 -0.043672 0.707083 -0.705741 0.043672 0.577349 -0.611896 -0.540544 0.577349 -0.611896 -0.540544 0.707083 -0.705741 0.043672 -0.707083 -0.705741 0.043672 " />
										<TextureCoordinate point="0.0286 0.1871 0.2725 0.1871 0.2725 0.3011 0.0286 0.3011 0.0286 0.1871 0.2725 0.1871 0.2725 0.3011 0.0286 0.3011 0.0286 0.1871 0.2725 0.1871 0.2725 0.3011 0.0286 0.3011 0.0286 0.1871 0.2725 0.1871 0.2725 0.3011 0.0286 0.3011 0.0286 0.0398 0.2725 0.0398 0.2725 0.1259 0.0286 0.1259 0.0286 0.1871 0.0286 0.3011 0.0286 0.3938 0.2725 0.3938 0.2725 0.5078 0.0286 0.5078 0.0286 0.3938 0.2725 0.3938 0.2725 0.5078 0.0286 0.5078 0.0286 0.3938 0.2725 0.3938 0.2725 0.5078 0.0286 0.5078 0.0286 0.3938 0.2725 0.3938 0.2725 0.5078 0.0286 0.5078 0.0286 0.0398 0.2725 0.0398 0.2725 0.1259 0.0286 0.1259 0.2725 0.0398 0.2725 0.1259 0.0286 0.1259 0.0286 0.0398 0.2725 0.0398 0.2725 0.1259 0.0286 0.1259 0.0286 0.0398 0.2725 0.0398 0.2725 0.1259 " />
									</IndexedTriangleSet>
								</Shape>
							</Group>
						</Transform>
					</Transform>
					<Transform DEF="Cube_008_TRANSFORM"
					           translation="0.206761 -0.296398 -0.888833"
					           scale="1.000000 1.000000 1.000000"
					           rotation="0.000000 1.000000 0.000000 0.000000"
					           >
						<Transform DEF="Cube_008_ifs_TRANSFORM"
						           translation="0.000000 0.000000 0.000000"
						           scale="1.000000 1.000000 1.000000"
						           rotation="0.000000 1.000000 0.000000 0.000000"
						           >
							<Group DEF="group_ME_Cube_015">
								<Shape>
									<Appearance>
										<Material USE="MA_Body" />
									</Appearance>
									<IndexedTriangleSet solid="false"
									                    normalPerVertex="true"
									                    index="0 1 2 0 2 3 4 5 6 4 6 7 8 9 10 8 10 11 12 13 14 12 14 15 4 16 17 4 17 15 18 5 14 18 14 19 "
									                    >
										<Coordinate point="-0.019664 -0.629555 0.354044 -0.016223 0.003353 0.348108 -0.102061 0.003680 0.333202 -0.105501 -0.629228 0.339139 -0.105501 -0.629228 0.339139 -0.102061 0.003680 0.333202 0.016223 -0.003353 -0.348108 0.012783 -0.636261 -0.342172 0.012783 -0.636261 -0.342172 0.016223 -0.003353 -0.348108 0.102061 -0.003680 -0.333202 0.098620 -0.636588 -0.327266 0.098620 -0.636588 -0.327266 0.102061 -0.003680 -0.333202 -0.016223 0.003353 0.348108 -0.019664 -0.629555 0.354044 0.012783 -0.636261 -0.342172 0.098620 -0.636588 -0.327266 0.016223 -0.003353 -0.348108 0.102061 -0.003680 -0.333202 " />
										<Normal vector="0.466933 -0.573595 0.672994 0.473190 0.581011 0.662160 -0.664418 0.585345 0.464614 -0.670705 -0.569262 0.475417 -0.670705 -0.569262 0.475417 -0.664418 0.585345 0.464614 -0.466933 0.573595 -0.672994 -0.473190 -0.581011 -0.662160 -0.473190 -0.581011 -0.662160 -0.466933 0.573595 -0.672994 0.670705 0.569262 -0.475417 0.664418 -0.585345 -0.464614 0.664418 -0.585345 -0.464614 0.670705 0.569262 -0.475417 0.473190 0.581011 0.662160 0.466933 -0.573595 0.672994 -0.473190 -0.581011 -0.662160 0.664418 -0.585345 -0.464614 -0.466933 0.573595 -0.672994 0.670705 0.569262 -0.475417 " />
										<TextureCoordinate point="0.0286 0.1871 0.2725 0.1871 0.2725 0.3011 0.0286 0.3011 0.0286 0.1871 0.2725 0.1871 0.2725 0.3011 0.0286 0.3011 0.0286 0.1871 0.2725 0.1871 0.2725 0.3011 0.0286 0.3011 0.0286 0.1871 0.2725 0.1871 0.2725 0.3011 0.0286 0.3011 0.2725 0.1871 0.2725 0.3011 0.0286 0.1871 0.0286 0.3011 " />
									</IndexedTriangleSet>
								</Shape>
							</Group>
						</Transform>
					</Transform>
				</Transform>
				<Transform DEF="wing2_TRANSFORM"
				           translation="-0.640255 -0.030549 0.096480"
				           scale="1.000000 1.000000 1.000000"
				           rotation="0.000000 1.000000 0.000000 0.000000"
				           >
					<Transform DEF="wing2_ifs_TRANSFORM"
					           translation="0.000000 0.000000 0.000000"
					           scale="1.000000 1.000000 1.000000"
					           rotation="0.000000 1.000000 0.000000 0.000000"
					           >
						<Group DEF="group_ME_wing2">
							<Shape>
								<Appearance>
									<Material USE="MA_Body" />
								</Appearance>
								<IndexedTriangleSet solid="false"
								                    normalPerVertex="true"
								                    index="0 1 2 0 2 3 4 5 6 4 6 7 8 9 10 8 10 11 12 13 14 12 14 15 16 17 18 16 18 19 20 21 14 20 14 22 23 24 25 23 25 26 27 28 29 27 29 30 31 32 25 31 25 33 34 35 36 34 36 22 37 38 39 37 39 40 41 42 39 41 39 7 43 44 45 43 45 46 47 48 49 47 49 50 51 52 53 51 53 54 55 56 57 55 57 58 59 60 61 59 61 62 63 64 65 63 65 66 67 68 69 67 69 70 71 72 73 71 73 74 75 76 77 75 77 78 79 80 81 79 81 82 83 84 85 83 85 86 87 88 89 87 89 90 91 92 93 91 93 94 95 96 97 95 97 98 99 100 101 99 101 26 102 103 104 102 104 105 106 107 108 106 108 109 110 111 112 110 112 113 114 115 116 114 116 117 118 119 120 118 120 121 122 123 116 122 116 50 124 125 120 124 120 105 126 127 128 126 128 129 130 131 92 130 92 91 132 111 88 132 88 87 133 44 84 133 84 83 134 135 80 134 80 79 16 136 76 16 76 75 137 138 72 137 72 71 139 28 68 139 68 67 140 107 64 140 64 63 27 141 60 27 60 59 142 17 56 142 56 55 143 144 52 143 52 51 "
								                    >
									<Coordinate point="0.111879 -0.032917 0.100966 0.111879 0.032917 0.100966 0.284546 0.032917 0.256789 0.284546 -0.032917 0.256789 -0.417557 0.032917 0.687630 -0.565118 0.032917 0.851141 -0.392451 0.032917 1.006964 -0.244891 0.032917 0.843453 -0.565118 0.032917 0.851141 -0.565118 -0.032917 0.851141 -0.392451 -0.032917 1.006964 -0.392451 0.032917 1.006964 -0.127199 -0.032917 0.365887 0.111879 -0.032917 0.100966 0.284546 -0.032917 0.256789 0.045467 -0.032917 0.521710 -0.813982 0.032917 0.329876 -0.813982 -0.032917 0.329876 -0.961543 -0.032917 0.493386 -0.961543 0.032917 0.493386 0.045467 0.032917 0.521710 0.045467 -0.032917 0.521710 0.284546 0.032917 0.256789 -0.045353 0.032917 0.622347 -0.045353 -0.032917 0.622347 0.045467 -0.032917 0.521710 0.045467 0.032917 0.521710 -0.284546 0.032917 -0.256789 -0.284546 -0.032917 -0.256789 -0.523625 -0.032917 0.008132 -0.523625 0.032917 0.008132 -0.218019 -0.032917 0.466524 -0.127199 -0.032917 0.365887 -0.045353 -0.032917 0.622347 0.111879 0.032917 0.100966 -0.127199 0.032917 0.365887 0.045467 0.032917 0.521710 -0.565118 -0.032917 0.851141 -0.417557 -0.032917 0.687630 -0.244891 -0.032917 0.843453 -0.392451 -0.032917 1.006964 -0.392451 0.032917 1.006964 -0.392451 -0.032917 1.006964 -0.723163 0.032917 0.229239 -0.723163 -0.032917 0.229239 -0.813982 -0.032917 0.329876 -0.813982 0.032917 0.329876 -0.326737 0.032917 0.586994 -0.417557 0.032917 0.687630 -0.244891 0.032917 0.843453 -0.154071 0.032917 0.742817 -0.420230 0.032917 0.502621 -0.511049 0.032917 0.603258 -0.417557 0.032917 0.687630 -0.326737 0.032917 0.586994 -0.658610 -0.032917 0.766769 -0.511049 -0.032917 0.603258 -0.417557 -0.032917 0.687630 -0.565118 -0.032917 0.851141 0.018387 0.032917 0.016594 -0.220691 0.032917 0.281515 -0.127199 0.032917 0.365887 0.111879 0.032917 0.100966 -0.311511 -0.032917 0.382151 -0.220691 -0.032917 0.281515 -0.127199 -0.032917 0.365887 -0.218019 -0.032917 0.466524 -0.220691 -0.032917 0.281515 0.018387 -0.032917 0.016594 0.111879 -0.032917 0.100966 -0.127199 -0.032917 0.365887 -0.658610 0.032917 0.766769 -0.658610 -0.032917 0.766769 -0.565118 -0.032917 0.851141 -0.565118 0.032917 0.851141 -0.511049 0.032917 0.603258 -0.658610 0.032917 0.766769 -0.565118 0.032917 0.851141 -0.417557 0.032917 0.687630 0.018387 -0.032917 0.016594 0.018387 0.032917 0.016594 0.111879 0.032917 0.100966 0.111879 -0.032917 0.100966 -0.511049 -0.032917 0.603258 -0.420230 -0.032917 0.502621 -0.326737 -0.032917 0.586994 -0.417557 -0.032917 0.687630 -0.420230 -0.032917 0.502621 -0.311511 -0.032917 0.382151 -0.218019 -0.032917 0.466524 -0.326737 -0.032917 0.586994 -0.220691 0.032917 0.281515 -0.311511 0.032917 0.382151 -0.218019 0.032917 0.466524 -0.127199 0.032917 0.365887 -0.311511 0.032917 0.382151 -0.420230 0.032917 0.502621 -0.326737 0.032917 0.586994 -0.218019 0.032917 0.466524 -0.127199 0.032917 0.365887 -0.218019 0.032917 0.466524 -0.045353 0.032917 0.622347 -0.218019 0.032917 0.466524 -0.326737 0.032917 0.586994 -0.154071 0.032917 0.742817 -0.045353 0.032917 0.622347 -0.523625 0.032917 0.008132 -0.523625 -0.032917 0.008132 -0.614444 -0.032917 0.108769 -0.614444 0.032917 0.108769 -0.614444 0.032917 0.108769 -0.614444 -0.032917 0.108769 -0.723163 -0.032917 0.229239 -0.723163 0.032917 0.229239 -0.417557 -0.032917 0.687630 -0.326737 -0.032917 0.586994 -0.154071 -0.032917 0.742817 -0.244891 -0.032917 0.843453 -0.326737 -0.032917 0.586994 -0.218019 -0.032917 0.466524 -0.045353 -0.032917 0.622347 -0.154071 -0.032917 0.742817 -0.244891 0.032917 0.843453 -0.244891 -0.032917 0.843453 -0.154071 0.032917 0.742817 -0.154071 -0.032917 0.742817 -0.614444 0.032917 0.108769 -0.723163 0.032917 0.229239 -0.420230 0.032917 0.502621 -0.311511 0.032917 0.382151 -0.523625 0.032917 0.008132 -0.614444 0.032917 0.108769 -0.723163 -0.032917 0.229239 -0.813982 -0.032917 0.329876 -0.284546 -0.032917 -0.256789 -0.284546 0.032917 -0.256789 -0.961543 0.032917 0.493386 -0.961543 0.032917 0.493386 -0.961543 -0.032917 0.493386 -0.523625 -0.032917 0.008132 -0.614444 -0.032917 0.108769 -0.523625 0.032917 0.008132 -0.961543 -0.032917 0.493386 -0.723163 0.032917 0.229239 -0.813982 0.032917 0.329876 " />
									<Normal vector="0.473739 -0.707083 -0.524918 0.473739 0.707083 -0.524918 0.815424 0.577349 -0.041810 0.815424 -0.577349 -0.041810 0.000000 1.000000 0.000000 -0.473739 0.707083 0.524918 0.041810 0.577349 0.815424 0.524918 0.707083 0.473739 -0.473739 0.707083 0.524918 -0.473739 -0.707083 0.524918 0.041810 -0.577349 0.815424 0.041810 0.577349 0.815424 0.000000 -1.000000 0.000000 0.473739 -0.707083 -0.524918 0.815424 -0.577349 -0.041810 0.524918 -0.707083 0.473739 -0.524918 0.707083 -0.473739 -0.524918 -0.707083 -0.473739 -0.815424 -0.577349 0.041810 -0.815424 0.577349 0.041810 0.524918 0.707083 0.473739 0.524918 -0.707083 0.473739 0.815424 0.577349 -0.041810 0.524918 0.707083 0.473739 0.524918 -0.707083 0.473739 0.524918 -0.707083 0.473739 0.524918 0.707083 0.473739 -0.041810 0.577349 -0.815424 -0.041810 -0.577349 -0.815424 -0.524918 -0.707083 -0.473739 -0.524918 0.707083 -0.473739 0.000000 -1.000000 0.000000 0.000000 -1.000000 0.000000 0.524918 -0.707083 0.473739 0.473739 0.707083 -0.524918 0.000000 1.000000 0.000000 0.524918 0.707083 0.473739 -0.473739 -0.707083 0.524918 0.000000 -1.000000 0.000000 0.524918 -0.707083 0.473739 0.041810 -0.577349 0.815424 0.041810 0.577349 0.815424 0.041810 -0.577349 0.815424 -0.524918 0.707083 -0.473739 -0.524918 -0.707083 -0.473739 -0.524918 -0.707083 -0.473739 -0.524918 0.707083 -0.473739 0.000000 1.000000 0.000000 0.000000 1.000000 0.000000 0.524918 0.707083 0.473739 0.524918 0.707083 0.473739 0.000000 1.000000 0.000000 0.000000 1.000000 0.000000 0.000000 1.000000 0.000000 0.000000 1.000000 0.000000 -0.473739 -0.707083 0.524918 0.000000 -1.000000 0.000000 0.000000 -1.000000 0.000000 -0.473739 -0.707083 0.524918 0.473739 0.707083 -0.524918 0.000000 1.000000 0.000000 0.000000 1.000000 0.000000 0.473739 0.707083 -0.524918 0.000000 -1.000000 0.000000 0.000000 -1.000000 0.000000 0.000000 -1.000000 0.000000 0.000000 -1.000000 0.000000 0.000000 -1.000000 0.000000 0.473739 -0.707083 -0.524918 0.473739 -0.707083 -0.524918 0.000000 -1.000000 0.000000 -0.473739 0.707083 0.524918 -0.473739 -0.707083 0.524918 -0.473739 -0.707083 0.524918 -0.473739 0.707083 0.524918 0.000000 1.000000 0.000000 -0.473739 0.707083 0.524918 -0.473739 0.707083 0.524918 0.000000 1.000000 0.000000 0.473739 -0.707083 -0.524918 0.473739 0.707083 -0.524918 0.473739 0.707083 -0.524918 0.473739 -0.707083 -0.524918 0.000000 -1.000000 0.000000 0.000000 -1.000000 0.000000 0.000000 -1.000000 0.000000 0.000000 -1.000000 0.000000 0.000000 -1.000000 0.000000 0.000000 -1.000000 0.000000 0.000000 -1.000000 0.000000 0.000000 -1.000000 0.000000 0.000000 1.000000 0.000000 0.000000 1.000000 0.000000 0.000000 1.000000 0.000000 0.000000 1.000000 0.000000 0.000000 1.000000 0.000000 0.000000 1.000000 0.000000 0.000000 1.000000 0.000000 0.000000 1.000000 0.000000 0.000000 1.000000 0.000000 0.000000 1.000000 0.000000 0.524918 0.707083 0.473739 0.000000 1.000000 0.000000 0.000000 1.000000 0.000000 0.524918 0.707083 0.473739 0.524918 0.707083 0.473739 -0.524918 0.707083 -0.473739 -0.524918 -0.707083 -0.473739 -0.524918 -0.707083 -0.473739 -0.524918 0.707083 -0.473739 -0.524918 0.707083 -0.473739 -0.524918 -0.707083 -0.473739 -0.524918 -0.707083 -0.473739 -0.524918 0.707083 -0.473739 0.000000 -1.000000 0.000000 0.000000 -1.000000 0.000000 0.524918 -0.707083 0.473739 0.524918 -0.707083 0.473739 0.000000 -1.000000 0.000000 0.000000 -1.000000 0.000000 0.524918 -0.707083 0.473739 0.524918 -0.707083 0.473739 0.524918 0.707083 0.473739 0.524918 -0.707083 0.473739 0.524918 0.707083 0.473739 0.524918 -0.707083 0.473739 -0.524918 0.707083 -0.473739 -0.524918 0.707083 -0.473739 0.000000 1.000000 0.000000 0.000000 1.000000 0.000000 -0.524918 0.707083 -0.473739 -0.524918 0.707083 -0.473739 -0.524918 -0.707083 -0.473739 -0.524918 -0.707083 -0.473739 -0.041810 -0.577349 -0.815424 -0.041810 0.577349 -0.815424 -0.815424 0.577349 0.041810 -0.815424 0.577349 0.041810 -0.815424 -0.577349 0.041810 -0.524918 -0.707083 -0.473739 -0.524918 -0.707083 -0.473739 -0.524918 0.707083 -0.473739 -0.815424 -0.577349 0.041810 -0.524918 0.707083 -0.473739 -0.524918 0.707083 -0.473739 " />
									<TextureCoordinate point="0.0286 0.1871 0.0286 0.3011 0.2725 0.3011 0.2725 0.1871 0.0286 0.1871 0.0286 0.3011 0.2725 0.3011 0.2725 0.1871 0.0286 0.1871 0.0286 0.3011 0.2725 0.3011 0.2725 0.1871 0.0286 0.1871 0.0286 0.3011 0.2725 0.3011 0.2725 0.1871 0.0286 0.1871 0.0286 0.3011 0.2725 0.3011 0.2725 0.1871 0.0286 0.1871 0.0286 0.3011 0.2725 0.1871 0.0286 0.1871 0.0286 0.3011 0.2725 0.3011 0.2725 0.1871 0.0286 0.1871 0.0286 0.3011 0.2725 0.3011 0.2725 0.1871 0.0286 0.1871 0.0286 0.3011 0.2725 0.1871 0.0286 0.1871 0.0286 0.3011 0.2725 0.3011 0.0286 0.1871 0.0286 0.3011 0.2725 0.3011 0.2725 0.1871 0.0286 0.1871 0.0286 0.3011 0.0286 0.1871 0.0286 0.3011 0.2725 0.3011 0.2725 0.1871 0.0286 0.1871 0.0286 0.3011 0.2725 0.3011 0.2725 0.1871 0.1506 0.3642 0.1506 0.4783 0.2725 0.4783 0.2725 0.3642 0.1506 0.1871 0.1506 0.3011 0.2725 0.3011 0.2725 0.1871 0.1506 0.1871 0.1506 0.3011 0.2725 0.3011 0.2725 0.1871 0.1506 0.1871 0.1506 0.3011 0.2725 0.3011 0.2725 0.1871 0.1506 0.1871 0.1506 0.3011 0.2725 0.3011 0.2725 0.1871 0.1506 0.1871 0.1506 0.3011 0.2725 0.3011 0.2725 0.1871 0.1506 0.1871 0.1506 0.3011 0.2725 0.3011 0.2725 0.1871 0.1506 0.1871 0.1506 0.3011 0.2725 0.3011 0.2725 0.1871 0.1506 0.1871 0.1506 0.3011 0.2725 0.3011 0.2725 0.1871 0.1506 0.1871 0.1506 0.3011 0.2725 0.3011 0.2725 0.1871 0.1506 0.3642 0.1506 0.4783 0.2725 0.4783 0.2725 0.3642 0.1506 0.3642 0.1506 0.4783 0.2725 0.4783 0.2725 0.3642 0.0286 0.1871 0.0286 0.3011 0.2725 0.3011 0.0286 0.1871 0.0286 0.3011 0.2725 0.3011 0.2725 0.1871 0.0286 0.1871 0.0286 0.3011 0.2725 0.3011 0.2725 0.1871 0.0286 0.1871 0.0286 0.3011 0.2725 0.3011 0.2725 0.1871 0.0286 0.1871 0.0286 0.3011 0.2725 0.3011 0.2725 0.1871 0.0286 0.1871 0.0286 0.3011 0.2725 0.3011 0.2725 0.1871 0.0286 0.1871 0.0286 0.3011 0.0286 0.1871 0.0286 0.3011 0.0729 0.5906 0.0729 0.7047 0.1949 0.7047 0.1949 0.5906 0.0286 0.3642 0.0286 0.4783 0.0286 0.1871 0.0286 0.1871 0.0286 0.1871 0.0286 0.3011 0.0286 0.3011 0.0286 0.1871 0.0286 0.3011 0.0286 0.1871 0.0286 0.1871 0.0286 0.3011 0.0286 0.1871 0.0286 0.3642 0.0286 0.4783 " />
								</IndexedTriangleSet>
							</Shape>
						</Group>
					</Transform>
					<Transform DEF="Cube_021_TRANSFORM"
					           translation="-0.376322 0.000000 0.838401"
					           scale="1.000000 1.000000 1.000000"
					           rotation="0.000000 1.000000 0.000000 0.000000"
					           >
						<Transform DEF="Cube_021_ifs_TRANSFORM"
						           translation="0.000000 0.000000 0.000000"
						           scale="1.000000 1.000000 1.000000"
						           rotation="0.000000 1.000000 0.000000 0.000000"
						           >
							<Group DEF="group_ME_Cube_017">
								<Shape>
									<Appearance>
										<Material USE="MA_Body" />
									</Appearance>
									<IndexedTriangleSet solid="false"
									                    normalPerVertex="true"
									                    index="0 1 2 0 2 3 4 5 6 4 6 7 8 9 10 8 10 11 12 13 14 12 14 15 4 16 17 4 17 18 19 20 14 19 14 21 22 23 24 22 24 7 25 26 27 25 27 28 29 16 24 29 24 30 25 31 32 25 32 33 34 35 36 34 36 21 34 13 37 34 37 38 39 40 41 39 41 33 42 26 41 42 41 43 "
									                    >
										<Coordinate point="0.026192 -0.028090 -0.346381 0.026192 0.028090 -0.346381 -0.026192 0.028090 0.346381 -0.026192 -0.028090 0.346381 -1.266482 0.028090 -0.444127 -1.574083 0.028090 -0.467386 -1.626466 0.028090 0.225375 -1.318865 0.028090 0.248635 -1.574083 0.028090 -0.467386 -1.574083 -0.028090 -0.467386 -1.626466 -0.028090 0.225375 -1.626466 0.028090 0.225375 -1.043463 -0.028090 -0.427263 0.026192 -0.028090 -0.346381 -0.026192 -0.028090 0.346381 -1.095846 -0.028090 0.265498 -1.266482 -0.028090 -0.444127 -1.574083 -0.028090 -0.467386 -1.574083 0.028090 -0.467386 -1.095846 0.028090 0.265498 -1.095846 -0.028090 0.265498 -0.026192 0.028090 0.346381 -1.626466 0.028090 0.225375 -1.626466 -0.028090 0.225375 -1.318865 -0.028090 0.248635 -1.043463 0.028090 -0.427263 -1.043463 -0.028090 -0.427263 -1.266482 -0.028090 -0.444127 -1.266482 0.028090 -0.444127 -1.574083 -0.028090 -0.467386 -1.626466 -0.028090 0.225375 -1.266482 0.028090 -0.444127 -1.318865 0.028090 0.248635 -1.095846 0.028090 0.265498 0.026192 0.028090 -0.346381 -1.043463 0.028090 -0.427263 -1.095846 0.028090 0.265498 -1.043463 -0.028090 -0.427263 -1.043463 0.028090 -0.427263 -1.318865 0.028090 0.248635 -1.318865 -0.028090 0.248635 -1.095846 -0.028090 0.265498 -1.266482 -0.028090 -0.444127 -1.318865 -0.028090 0.248635 " />
										<Normal vector="0.619221 -0.577349 -0.532151 0.619221 0.577349 -0.532151 0.532151 0.577349 0.619221 0.532151 -0.577349 0.619221 0.053316 0.707083 -0.705069 -0.532151 0.577349 -0.619221 -0.619221 0.577349 0.532151 -0.053316 0.707083 0.705069 -0.532151 0.577349 -0.619221 -0.532151 -0.577349 -0.619221 -0.619221 -0.577349 0.532151 -0.619221 0.577349 0.532151 0.053316 -0.707083 -0.705069 0.619221 -0.577349 -0.532151 0.532151 -0.577349 0.619221 -0.053316 -0.707083 0.705069 0.053316 -0.707083 -0.705069 -0.532151 -0.577349 -0.619221 -0.532151 0.577349 -0.619221 -0.053316 0.707083 0.705069 -0.053316 -0.707083 0.705069 0.532151 0.577349 0.619221 -0.619221 0.577349 0.532151 -0.619221 -0.577349 0.532151 -0.053316 -0.707083 0.705069 0.053316 0.707083 -0.705069 0.053316 -0.707083 -0.705069 0.053316 -0.707083 -0.705069 0.053316 0.707083 -0.705069 -0.532151 -0.577349 -0.619221 -0.619221 -0.577349 0.532151 0.053316 0.707083 -0.705069 -0.053316 0.707083 0.705069 -0.053316 0.707083 0.705069 0.619221 0.577349 -0.532151 0.053316 0.707083 -0.705069 -0.053316 0.707083 0.705069 0.053316 -0.707083 -0.705069 0.053316 0.707083 -0.705069 -0.053316 0.707083 0.705069 -0.053316 -0.707083 0.705069 -0.053316 -0.707083 0.705069 0.053316 -0.707083 -0.705069 -0.053316 -0.707083 0.705069 " />
										<TextureCoordinate point="0.0286 0.1871 0.0286 0.3011 0.2725 0.3011 0.2725 0.1871 0.0286 0.0261 0.0286 0.1176 0.2725 0.1176 0.2725 0.0261 0.0286 0.0261 0.0286 0.1176 0.2725 0.1176 0.2725 0.0261 0.0286 0.1871 0.0286 0.3011 0.2725 0.3011 0.2725 0.1871 0.0286 0.1176 0.2725 0.1176 0.2725 0.0261 0.0286 0.1871 0.0286 0.3011 0.2725 0.1871 0.0286 0.0261 0.0286 0.1176 0.2725 0.1176 0.0286 0.3632 0.0286 0.5089 0.2725 0.5089 0.2725 0.3632 0.0286 0.0261 0.2725 0.0261 0.0286 0.5089 0.2725 0.5089 0.2725 0.3632 0.0286 0.1871 0.0286 0.3011 0.2725 0.3011 0.2725 0.3011 0.2725 0.1871 0.0286 0.3632 0.0286 0.5089 0.2725 0.5089 0.0286 0.3632 0.2725 0.3632 " />
									</IndexedTriangleSet>
								</Shape>
							</Group>
						</Transform>
						<Transform DEF="Cube_022_TRANSFORM"
						           translation="-0.131198 -0.000000 0.642972"
						           scale="1.000000 1.000000 1.000000"
						           rotation="0.000000 1.000000 0.000000 0.000000"
						           >
							<Transform DEF="Cube_022_ifs_TRANSFORM"
							           translation="0.000000 0.000000 0.000000"
							           scale="1.000000 1.000000 1.000000"
							           rotation="0.000000 1.000000 0.000000 0.000000"
							           >
								<Group DEF="group_ME_Cube_021">
									<Shape>
										<Appearance>
											<Material USE="MA_Body" />
										</Appearance>
										<IndexedTriangleSet solid="false"
										                    normalPerVertex="true"
										                    index="0 1 2 0 2 3 4 5 6 4 6 7 8 9 10 8 10 11 12 13 14 12 14 15 4 16 17 4 17 18 19 20 14 19 14 21 22 23 24 22 24 25 26 13 27 26 27 28 29 30 24 29 24 31 26 32 33 26 33 21 34 16 35 34 35 36 37 38 35 37 35 7 39 30 40 39 40 41 39 42 43 39 43 25 "
										                    >
											<Coordinate point="0.005001 -0.025120 -0.382355 0.005001 0.025120 -0.382355 -0.005001 0.025120 0.382355 -0.005001 -0.025120 0.382355 -1.328611 0.025120 -0.399797 -1.649401 0.025120 -0.403993 -1.659402 0.025120 0.360717 -1.338613 0.025120 0.364913 -1.649401 0.025120 -0.403993 -1.649401 -0.025120 -0.403993 -1.659402 -0.025120 0.360717 -1.659402 0.025120 0.360717 -1.073484 -0.025120 -0.396460 0.005001 -0.025120 -0.382355 -0.005001 -0.025120 0.382355 -1.083486 -0.025120 0.368250 -1.328611 -0.025120 -0.399797 -1.649401 -0.025120 -0.403993 -1.649401 0.025120 -0.403993 -1.083486 0.025120 0.368250 -1.083486 -0.025120 0.368250 -0.005001 0.025120 0.382355 -1.338613 0.025120 0.364913 -1.338613 -0.025120 0.364913 -1.083486 -0.025120 0.368250 -1.083486 0.025120 0.368250 0.005001 0.025120 -0.382355 -1.073484 -0.025120 -0.396460 -1.073484 0.025120 -0.396460 -1.328611 -0.025120 -0.399797 -1.073484 -0.025120 -0.396460 -1.338613 -0.025120 0.364913 -1.073484 0.025120 -0.396460 -1.083486 0.025120 0.368250 -1.649401 -0.025120 -0.403993 -1.338613 -0.025120 0.364913 -1.659402 -0.025120 0.360717 -1.659402 0.025120 0.360717 -1.659402 -0.025120 0.360717 -1.073484 0.025120 -0.396460 -1.328611 -0.025120 -0.399797 -1.328611 0.025120 -0.399797 -1.328611 0.025120 -0.399797 -1.338613 0.025120 0.364913 " />
											<Normal vector="0.584826 -0.577349 -0.569750 0.584826 0.577349 -0.569750 0.569750 0.577349 0.584826 0.569750 -0.577349 0.584826 0.009247 0.707083 -0.707022 -0.569750 0.577349 -0.584826 -0.584826 0.577349 0.569750 -0.009247 0.707083 0.707022 -0.569750 0.577349 -0.584826 -0.569750 -0.577349 -0.584826 -0.584826 -0.577349 0.569750 -0.584826 0.577349 0.569750 0.009247 -0.707083 -0.707022 0.584826 -0.577349 -0.569750 0.569750 -0.577349 0.584826 -0.009247 -0.707083 0.707022 0.009247 -0.707083 -0.707022 -0.569750 -0.577349 -0.584826 -0.569750 0.577349 -0.584826 -0.009247 0.707083 0.707022 -0.009247 -0.707083 0.707022 0.569750 0.577349 0.584826 -0.009247 0.707083 0.707022 -0.009247 -0.707083 0.707022 -0.009247 -0.707083 0.707022 -0.009247 0.707083 0.707022 0.584826 0.577349 -0.569750 0.009247 -0.707083 -0.707022 0.009247 0.707083 -0.707022 0.009247 -0.707083 -0.707022 0.009247 -0.707083 -0.707022 -0.009247 -0.707083 0.707022 0.009247 0.707083 -0.707022 -0.009247 0.707083 0.707022 -0.569750 -0.577349 -0.584826 -0.009247 -0.707083 0.707022 -0.584826 -0.577349 0.569750 -0.584826 0.577349 0.569750 -0.584826 -0.577349 0.569750 0.009247 0.707083 -0.707022 0.009247 -0.707083 -0.707022 0.009247 0.707083 -0.707022 0.009247 0.707083 -0.707022 -0.009247 0.707083 0.707022 " />
											<TextureCoordinate point="0.0286 0.1871 0.0286 0.3011 0.2725 0.3011 0.2725 0.1871 0.0286 0.0261 0.0286 0.1176 0.2725 0.1176 0.2725 0.0261 0.0286 0.0261 0.0286 0.1176 0.2725 0.1176 0.2725 0.0261 0.0286 0.1871 0.0286 0.3011 0.2725 0.3011 0.2725 0.1871 0.0286 0.1176 0.2725 0.1176 0.2725 0.0261 0.0286 0.1871 0.0286 0.3011 0.2725 0.1871 0.0286 0.3741 0.0286 0.4881 0.2725 0.4881 0.2725 0.3741 0.0286 0.1871 0.2725 0.3011 0.2725 0.1871 0.0286 0.3741 0.0286 0.4881 0.2725 0.3741 0.0286 0.3011 0.2725 0.3011 0.0286 0.0261 0.2725 0.1176 0.2725 0.0261 0.0286 0.0261 0.0286 0.1176 0.0286 0.3741 0.2725 0.4881 0.2725 0.3741 0.0286 0.4881 0.2725 0.4881 " />
										</IndexedTriangleSet>
									</Shape>
								</Group>
							</Transform>
							<Transform DEF="Cube_023_TRANSFORM"
							           translation="-0.153458 0.000000 0.519664"
							           scale="1.000000 1.000000 1.000000"
							           rotation="0.000000 1.000000 0.000000 0.000000"
							           >
								<Transform DEF="Cube_023_ifs_TRANSFORM"
								           translation="0.000000 0.000000 0.000000"
								           scale="1.000000 1.000000 1.000000"
								           rotation="0.000000 1.000000 0.000000 0.000000"
								           >
									<Group DEF="group_ME_Cube_022">
										<Shape>
											<Appearance>
												<Material USE="MA_Body" />
											</Appearance>
											<IndexedTriangleSet solid="false"
											                    normalPerVertex="true"
											                    index="0 1 2 0 2 3 4 5 6 4 6 7 8 9 10 8 10 11 12 13 14 12 14 15 4 16 17 4 17 18 19 20 14 19 14 21 22 23 24 22 24 25 26 13 27 26 27 28 29 30 24 29 24 31 26 32 33 26 33 21 34 16 35 34 35 36 37 38 35 37 35 7 39 30 40 39 40 41 39 42 43 39 43 25 "
											                    >
												<Coordinate point="-0.039947 -0.024498 -0.324025 -0.039947 0.024498 -0.324025 0.039947 0.024498 0.324025 0.039947 -0.024498 0.324025 -1.257713 0.024498 -0.173893 -1.607495 0.024498 -0.130770 -1.527601 0.024498 0.517279 -1.177819 0.024498 0.474157 -1.607495 0.024498 -0.130770 -1.607495 -0.024498 -0.130770 -1.527601 -0.024498 0.517279 -1.527601 0.024498 0.517279 -0.987224 -0.024498 -0.207240 -0.039947 -0.024498 -0.324025 0.039947 -0.024498 0.324025 -0.907330 -0.024498 0.440810 -1.257713 -0.024498 -0.173893 -1.607495 -0.024498 -0.130770 -1.607495 0.024498 -0.130770 -0.907330 0.024498 0.440810 -0.907330 -0.024498 0.440810 0.039947 0.024498 0.324025 -1.177819 0.024498 0.474157 -1.177819 -0.024498 0.474157 -0.907330 -0.024498 0.440810 -0.907330 0.024498 0.440810 -0.039947 0.024498 -0.324025 -0.987224 -0.024498 -0.207240 -0.987224 0.024498 -0.207240 -1.257713 -0.024498 -0.173893 -0.987224 -0.024498 -0.207240 -1.177819 -0.024498 0.474157 -0.987224 0.024498 -0.207240 -0.907330 0.024498 0.440810 -1.607495 -0.024498 -0.130770 -1.177819 -0.024498 0.474157 -1.527601 -0.024498 0.517279 -1.527601 0.024498 0.517279 -1.527601 -0.024498 0.517279 -0.987224 0.024498 -0.207240 -1.257713 -0.024498 -0.173893 -1.257713 0.024498 -0.173893 -1.257713 0.024498 -0.173893 -1.177819 0.024498 0.474157 " />
												<Normal vector="0.502365 -0.577349 -0.643635 0.502365 0.577349 -0.643635 0.643635 0.577349 0.502365 0.643635 -0.577349 0.502365 -0.086520 0.707083 -0.701773 -0.643635 0.577349 -0.502365 -0.502365 0.577349 0.643635 0.086520 0.707083 0.701773 -0.643635 0.577349 -0.502365 -0.643635 -0.577349 -0.502365 -0.502365 -0.577349 0.643635 -0.502365 0.577349 0.643635 -0.086520 -0.707083 -0.701773 0.502365 -0.577349 -0.643635 0.643635 -0.577349 0.502365 0.086520 -0.707083 0.701773 -0.086520 -0.707083 -0.701773 -0.643635 -0.577349 -0.502365 -0.643635 0.577349 -0.502365 0.086520 0.707083 0.701773 0.086520 -0.707083 0.701773 0.643635 0.577349 0.502365 0.086520 0.707083 0.701773 0.086520 -0.707083 0.701773 0.086520 -0.707083 0.701773 0.086520 0.707083 0.701773 0.502365 0.577349 -0.643635 -0.086520 -0.707083 -0.701773 -0.086520 0.707083 -0.701773 -0.086520 -0.707083 -0.701773 -0.086520 -0.707083 -0.701773 0.086520 -0.707083 0.701773 -0.086520 0.707083 -0.701773 0.086520 0.707083 0.701773 -0.643635 -0.577349 -0.502365 0.086520 -0.707083 0.701773 -0.502365 -0.577349 0.643635 -0.502365 0.577349 0.643635 -0.502365 -0.577349 0.643635 -0.086520 0.707083 -0.701773 -0.086520 -0.707083 -0.701773 -0.086520 0.707083 -0.701773 -0.086520 0.707083 -0.701773 0.086520 0.707083 0.701773 " />
												<TextureCoordinate point="0.0286 0.1871 0.0286 0.3011 0.2725 0.3011 0.2725 0.1871 0.0286 0.0261 0.0286 0.1176 0.2725 0.1176 0.2725 0.0261 0.0286 0.0261 0.0286 0.1176 0.2725 0.1176 0.2725 0.0261 0.0286 0.1871 0.0286 0.3011 0.2725 0.3011 0.2725 0.1871 0.0286 0.1176 0.2725 0.1176 0.2725 0.0261 0.0286 0.1871 0.0286 0.3011 0.2725 0.1871 0.0286 0.3741 0.0286 0.4881 0.2725 0.4881 0.2725 0.3741 0.0286 0.1871 0.2725 0.3011 0.2725 0.1871 0.0286 0.3741 0.0286 0.4881 0.2725 0.3741 0.0286 0.3011 0.2725 0.3011 0.0286 0.0261 0.2725 0.1176 0.2725 0.0261 0.0286 0.0261 0.0286 0.1176 0.0286 0.3741 0.2725 0.4881 0.2725 0.3741 0.0286 0.4881 0.2725 0.4881 " />
											</IndexedTriangleSet>
										</Shape>
									</Group>
								</Transform>
							</Transform>
						</Transform>
					</Transform>
				</Transform>
				<Transform DEF="c_wing2_TRANSFORM"
				           translation="-0.706474 0.020260 0.497533"
				           scale="1.000000 1.000000 1.000000"
				           rotation="0.000000 1.000000 0.000000 0.000000"
				           >
					<Transform DEF="c_wing2_ifs_TRANSFORM"
					           translation="0.000000 0.000000 0.000000"
					           scale="1.000000 1.000000 1.000000"
					           rotation="0.000000 1.000000 0.000000 0.000000"
					           >
						<Group DEF="group_ME_c_wing2">
							<Shape>
								<Appearance>
									<Material USE="MA_Body" />
								</Appearance>
								<IndexedTriangleSet solid="false"
								                    normalPerVertex="true"
								                    index="0 1 2 0 2 3 4 5 6 4 6 7 8 9 10 8 10 11 12 13 14 12 14 15 16 17 18 16 18 19 20 21 14 20 14 22 23 24 25 23 25 26 27 28 29 27 29 30 31 32 33 31 33 34 35 36 37 35 37 38 39 40 41 39 41 42 16 43 44 16 44 45 46 47 48 46 48 49 50 51 52 50 52 53 54 55 56 54 56 57 58 59 60 58 60 61 62 63 64 62 64 65 66 67 68 66 68 69 70 71 72 70 72 73 58 51 74 58 74 75 76 77 72 76 72 78 79 80 81 79 81 22 82 83 84 82 84 85 86 87 84 86 84 7 88 89 90 88 90 91 92 17 93 92 93 94 95 96 97 95 97 98 99 100 101 99 101 102 95 55 103 95 103 104 105 106 107 105 107 73 108 109 110 108 110 111 112 113 114 112 114 115 116 117 118 116 118 119 120 121 122 120 122 123 124 125 126 124 126 127 128 129 130 128 130 131 132 133 134 132 134 135 136 137 138 136 138 139 140 141 142 140 142 143 144 145 146 144 146 147 148 149 150 148 150 151 152 153 154 152 154 155 156 157 158 156 158 159 160 161 162 160 162 163 164 165 166 164 166 167 168 169 170 168 170 171 "
								                    >
									<Coordinate point="-0.121774 -0.559971 -0.271037 -0.037801 -0.560220 -0.294249 0.086343 -0.278223 0.151848 0.002370 -0.277974 0.175060 -0.061899 -0.409137 -0.383048 -0.126514 -0.004022 -0.621157 -0.002370 0.277974 -0.175060 0.062246 -0.127141 0.063049 -0.126514 -0.004022 -0.621157 -0.210487 -0.003773 -0.597945 -0.086343 0.278223 -0.151848 -0.002370 0.277974 -0.175060 -0.128672 -0.516722 -0.296457 -0.121774 -0.559971 -0.271037 0.002370 -0.277974 0.175060 -0.004528 -0.234725 0.149640 -0.197918 -0.718110 -0.871819 -0.281892 -0.717861 -0.848608 -0.346507 -0.312746 -1.086716 -0.262534 -0.312995 -1.109928 0.079445 -0.234974 0.126428 -0.004528 -0.234725 0.149640 0.086343 -0.278223 0.151848 -0.151472 -0.568511 -0.378383 -0.144574 -0.611760 -0.352964 -0.121774 -0.559971 -0.271037 -0.128672 -0.516722 -0.296457 -0.149313 -0.055811 -0.703083 -0.233286 -0.055562 -0.679872 -0.210487 -0.003773 -0.597945 -0.126514 -0.004022 -0.621157 -0.084698 -0.460926 -0.464975 -0.149313 -0.055811 -0.703083 -0.126514 -0.004022 -0.621157 -0.061899 -0.409137 -0.383048 -0.144574 -0.611760 -0.352964 -0.060600 -0.612009 -0.376175 -0.037801 -0.560220 -0.294249 -0.121774 -0.559971 -0.271037 -0.257794 -0.868944 -0.759808 -0.173821 -0.869193 -0.783020 -0.120967 -0.749135 -0.593097 -0.204941 -0.748886 -0.569886 -0.262534 -0.312995 -1.109928 -0.209680 -0.192937 -0.920005 -0.145065 -0.598052 -0.681897 -0.262534 -0.312995 -1.109928 -0.346507 -0.312746 -1.086716 -0.293654 -0.192688 -0.896794 -0.209680 -0.192937 -0.920005 -0.264692 -0.825695 -0.785228 -0.257794 -0.868944 -0.759808 -0.204941 -0.748886 -0.569886 -0.211839 -0.705637 -0.595306 -0.281892 -0.717861 -0.848608 -0.264692 -0.825695 -0.785228 -0.211839 -0.705637 -0.595306 -0.229038 -0.597803 -0.658686 -0.173821 -0.869193 -0.783020 -0.180719 -0.825944 -0.808440 -0.127866 -0.705886 -0.618517 -0.120967 -0.749135 -0.593097 -0.060600 -0.612009 -0.376175 -0.067498 -0.568760 -0.401595 -0.044699 -0.516971 -0.319668 -0.037801 -0.560220 -0.294249 -0.168671 -0.460677 -0.441763 -0.151472 -0.568511 -0.378383 -0.128672 -0.516722 -0.296457 -0.145872 -0.408888 -0.359837 0.062246 -0.127141 0.063049 -0.021728 -0.126891 0.086260 -0.004528 -0.234725 0.149640 0.079445 -0.234974 0.126428 -0.264692 -0.825695 -0.785228 -0.180719 -0.825944 -0.808440 -0.145872 -0.408888 -0.359837 -0.128672 -0.516722 -0.296457 -0.021728 -0.126891 0.086260 -0.037801 -0.560220 -0.294249 -0.044699 -0.516971 -0.319668 0.079445 -0.234974 0.126428 -0.210487 -0.003773 -0.597945 -0.145872 -0.408888 -0.359837 -0.021728 -0.126891 0.086260 -0.086343 0.278223 -0.151848 -0.002370 0.277974 -0.175060 -0.086343 0.278223 -0.151848 -0.233286 -0.055562 -0.679872 -0.168671 -0.460677 -0.441763 -0.145872 -0.408888 -0.359837 -0.210487 -0.003773 -0.597945 -0.346507 -0.312746 -1.086716 -0.229038 -0.597803 -0.658686 -0.293654 -0.192688 -0.896794 -0.180719 -0.825944 -0.808440 -0.197918 -0.718110 -0.871819 -0.145065 -0.598052 -0.681897 -0.127866 -0.705886 -0.618517 -0.067498 -0.568760 -0.401595 -0.084698 -0.460926 -0.464975 -0.061899 -0.409137 -0.383048 -0.044699 -0.516971 -0.319668 -0.281892 -0.717861 -0.848608 -0.197918 -0.718110 -0.871819 -0.044699 -0.516971 -0.319668 -0.061899 -0.409137 -0.383048 0.062246 -0.127141 0.063049 -0.127866 -0.705886 -0.618517 -0.145065 -0.598052 -0.681897 -0.122266 -0.546263 -0.599971 -0.105066 -0.654097 -0.536591 -0.105066 -0.654097 -0.536591 -0.122266 -0.546263 -0.599971 -0.084698 -0.460926 -0.464975 -0.067498 -0.568760 -0.401595 -0.293654 -0.192688 -0.896794 -0.229038 -0.597803 -0.658686 -0.206239 -0.546014 -0.576759 -0.270854 -0.140899 -0.814867 -0.270854 -0.140899 -0.814867 -0.206239 -0.546014 -0.576759 -0.168671 -0.460677 -0.441763 -0.233286 -0.055562 -0.679872 -0.229038 -0.597803 -0.658686 -0.211839 -0.705637 -0.595306 -0.189040 -0.653848 -0.513379 -0.206239 -0.546014 -0.576759 -0.206239 -0.546014 -0.576759 -0.189040 -0.653848 -0.513379 -0.151472 -0.568511 -0.378383 -0.168671 -0.460677 -0.441763 -0.120967 -0.749135 -0.593097 -0.127866 -0.705886 -0.618517 -0.105066 -0.654097 -0.536591 -0.098168 -0.697345 -0.511171 -0.098168 -0.697345 -0.511171 -0.105066 -0.654097 -0.536591 -0.067498 -0.568760 -0.401595 -0.060600 -0.612009 -0.376175 -0.204941 -0.748886 -0.569886 -0.120967 -0.749135 -0.593097 -0.098168 -0.697345 -0.511171 -0.182141 -0.697096 -0.487959 -0.182141 -0.697096 -0.487959 -0.098168 -0.697345 -0.511171 -0.060600 -0.612009 -0.376175 -0.144574 -0.611760 -0.352964 -0.145065 -0.598052 -0.681897 -0.209680 -0.192937 -0.920005 -0.186881 -0.141148 -0.838079 -0.122266 -0.546263 -0.599971 -0.122266 -0.546263 -0.599971 -0.186881 -0.141148 -0.838079 -0.149313 -0.055811 -0.703083 -0.084698 -0.460926 -0.464975 -0.209680 -0.192937 -0.920005 -0.293654 -0.192688 -0.896794 -0.270854 -0.140899 -0.814867 -0.186881 -0.141148 -0.838079 -0.186881 -0.141148 -0.838079 -0.270854 -0.140899 -0.814867 -0.233286 -0.055562 -0.679872 -0.149313 -0.055811 -0.703083 -0.211839 -0.705637 -0.595306 -0.204941 -0.748886 -0.569886 -0.182141 -0.697096 -0.487959 -0.189040 -0.653848 -0.513379 -0.189040 -0.653848 -0.513379 -0.182141 -0.697096 -0.487959 -0.144574 -0.611760 -0.352964 -0.151472 -0.568511 -0.378383 " />
									<Normal vector="-0.585192 -0.601886 0.543321 0.777856 -0.605945 0.166570 0.767327 -0.194433 0.611042 -0.345622 -0.191137 0.918668 0.963836 -0.002838 -0.266396 0.585192 0.601886 -0.543321 0.610004 0.791742 0.031404 0.843440 0.365764 0.393414 0.585192 0.601886 -0.543321 -0.777856 0.605945 -0.166540 -0.502914 0.795038 0.339030 0.610004 0.791742 0.031404 -0.963836 0.002838 0.266396 -0.585192 -0.601886 0.543321 -0.345622 -0.191137 0.918668 -0.519608 0.369793 0.770196 0.519608 -0.369793 -0.770196 -0.843440 -0.365764 -0.393414 -0.767327 0.194433 -0.611042 0.345622 0.191137 -0.918668 0.843440 0.365764 0.393414 -0.519608 0.369793 0.770196 0.767327 -0.194433 0.611042 -0.963836 0.002838 0.266396 -0.585192 -0.601886 0.543321 -0.585192 -0.601886 0.543321 -0.963836 0.002838 0.266396 0.585192 0.601886 -0.543321 -0.777856 0.605945 -0.166540 -0.777856 0.605945 -0.166540 0.585192 0.601886 -0.543321 0.963836 -0.002838 -0.266396 0.585192 0.601886 -0.543321 0.585192 0.601886 -0.543321 0.963836 -0.002838 -0.266396 -0.585192 -0.601886 0.543321 0.777856 -0.605945 0.166570 0.777856 -0.605945 0.166570 -0.585192 -0.601886 0.543321 -0.610004 -0.791742 -0.031404 0.502914 -0.795038 -0.339030 0.777856 -0.605945 0.166570 -0.585192 -0.601886 0.543321 0.345622 0.191137 -0.918668 0.585192 0.601886 -0.543321 0.963836 -0.002838 -0.266396 0.345622 0.191137 -0.918668 -0.767327 0.194433 -0.611042 -0.777856 0.605945 -0.166570 0.585192 0.601886 -0.543321 -0.843440 -0.365764 -0.393414 -0.610004 -0.791742 -0.031404 -0.585192 -0.601886 0.543321 -0.963836 0.002838 0.266396 -0.843440 -0.365764 -0.393414 -0.843440 -0.365764 -0.393414 -0.963836 0.002838 0.266396 -0.963836 0.002838 0.266396 0.502914 -0.795038 -0.339030 0.519608 -0.369793 -0.770196 0.963836 -0.002838 -0.266396 0.777856 -0.605945 0.166570 0.777856 -0.605945 0.166570 0.963836 -0.002838 -0.266396 0.963836 -0.002838 -0.266396 0.777856 -0.605945 0.166570 -0.963836 0.002838 0.266396 -0.963836 0.002838 0.266396 -0.963836 0.002838 0.266396 -0.963836 0.002838 0.266396 0.843440 0.365764 0.393414 -0.519608 0.369793 0.770196 -0.519608 0.369793 0.770196 0.843440 0.365764 0.393414 -0.843440 -0.365764 -0.393414 0.519608 -0.369793 -0.770196 -0.963836 0.002838 0.266396 -0.963836 0.002838 0.266396 -0.519608 0.369793 0.770196 0.777856 -0.605945 0.166570 0.963836 -0.002838 -0.266396 0.843440 0.365764 0.393414 -0.777856 0.605945 -0.166540 -0.963836 0.002838 0.266396 -0.519608 0.369793 0.770196 -0.502914 0.795038 0.339030 0.610004 0.791742 0.031404 -0.502914 0.795038 0.339030 -0.777856 0.605945 -0.166540 -0.963836 0.002838 0.266396 -0.963836 0.002838 0.266396 -0.777856 0.605945 -0.166540 -0.767327 0.194433 -0.611042 -0.963836 0.002838 0.266396 -0.777856 0.605945 -0.166570 0.519608 -0.369793 -0.770196 0.519608 -0.369793 -0.770196 0.963836 -0.002838 -0.266396 0.963836 -0.002838 -0.266396 0.963836 -0.002838 -0.266396 0.963836 -0.002838 -0.266396 0.963836 -0.002838 -0.266396 0.963836 -0.002838 -0.266396 -0.843440 -0.365764 -0.393414 0.519608 -0.369793 -0.770196 0.963836 -0.002838 -0.266396 0.963836 -0.002838 -0.266396 0.843440 0.365764 0.393414 0.963836 -0.002838 -0.266396 0.963836 -0.002838 -0.266396 0.963836 -0.002838 -0.266396 0.963836 -0.002838 -0.266396 0.963836 -0.002838 -0.266396 0.963836 -0.002838 -0.266396 0.963836 -0.002838 -0.266396 0.963836 -0.002838 -0.266396 -0.777856 0.605945 -0.166570 -0.963836 0.002838 0.266396 -0.963836 0.002838 0.266396 -0.777856 0.605945 -0.166570 -0.777856 0.605945 -0.166570 -0.963836 0.002838 0.266396 -0.963836 0.002838 0.266396 -0.777856 0.605945 -0.166540 -0.963836 0.002838 0.266396 -0.963836 0.002838 0.266396 -0.963836 0.002838 0.266396 -0.963836 0.002838 0.266396 -0.963836 0.002838 0.266396 -0.963836 0.002838 0.266396 -0.963836 0.002838 0.266396 -0.963836 0.002838 0.266396 0.777856 -0.605945 0.166570 0.963836 -0.002838 -0.266396 0.963836 -0.002838 -0.266396 0.777856 -0.605945 0.166570 0.777856 -0.605945 0.166570 0.963836 -0.002838 -0.266396 0.963836 -0.002838 -0.266396 0.777856 -0.605945 0.166570 -0.585192 -0.601886 0.543321 0.777856 -0.605945 0.166570 0.777856 -0.605945 0.166570 -0.585192 -0.601886 0.543321 -0.585192 -0.601886 0.543321 0.777856 -0.605945 0.166570 0.777856 -0.605945 0.166570 -0.585192 -0.601886 0.543321 0.963836 -0.002838 -0.266396 0.585192 0.601886 -0.543321 0.585192 0.601886 -0.543321 0.963836 -0.002838 -0.266396 0.963836 -0.002838 -0.266396 0.585192 0.601886 -0.543321 0.585192 0.601886 -0.543321 0.963836 -0.002838 -0.266396 0.585192 0.601886 -0.543321 -0.777856 0.605945 -0.166570 -0.777856 0.605945 -0.166570 0.585192 0.601886 -0.543321 0.585192 0.601886 -0.543321 -0.777856 0.605945 -0.166570 -0.777856 0.605945 -0.166540 0.585192 0.601886 -0.543321 -0.963836 0.002838 0.266396 -0.585192 -0.601886 0.543321 -0.585192 -0.601886 0.543321 -0.963836 0.002838 0.266396 -0.963836 0.002838 0.266396 -0.585192 -0.601886 0.543321 -0.585192 -0.601886 0.543321 -0.963836 0.002838 0.266396 " />
									<TextureCoordinate point="0.0286 0.1871 0.0286 0.3011 0.2725 0.3011 0.2725 0.1871 0.0286 0.1871 0.0286 0.3011 0.2725 0.3011 0.2725 0.1871 0.0286 0.1871 0.0286 0.3011 0.2725 0.3011 0.2725 0.1871 0.0286 0.1871 0.0286 0.3011 0.2725 0.3011 0.2725 0.1871 0.0286 0.1871 0.0286 0.3011 0.2725 0.3011 0.2725 0.1871 0.0286 0.1871 0.0286 0.3011 0.2725 0.1871 0.0286 0.1871 0.0286 0.3011 0.2725 0.3011 0.2725 0.1871 0.0286 0.3581 0.0286 0.5083 0.2725 0.5083 0.2725 0.3581 0.0286 0.1871 0.0286 0.3011 0.2725 0.3011 0.2725 0.1871 0.0286 0.1871 0.0286 0.3011 0.2725 0.3011 0.2725 0.1871 0.0286 0.1871 0.0286 0.3011 0.2725 0.3011 0.2725 0.1871 0.0286 0.3011 0.2725 0.3011 0.2725 0.1871 0.0286 0.1871 0.0286 0.3011 0.2725 0.3011 0.2725 0.1871 0.0286 0.1871 0.0286 0.3011 0.2725 0.3011 0.2725 0.1871 0.0286 0.1871 0.0286 0.3011 0.2725 0.3011 0.2725 0.1871 0.0286 0.1871 0.0286 0.3011 0.2725 0.3011 0.2725 0.1871 0.0286 0.1871 0.0286 0.3011 0.2725 0.3011 0.2725 0.1871 0.0286 0.3581 0.0286 0.5083 0.2725 0.5083 0.2725 0.3581 0.0286 0.1871 0.0286 0.3011 0.2725 0.3011 0.2725 0.1871 0.2725 0.3011 0.2725 0.1871 0.0286 0.1871 0.0286 0.3011 0.2725 0.1871 0.0286 0.1871 0.0286 0.3011 0.2725 0.3011 0.0286 0.1871 0.0286 0.3011 0.2725 0.3011 0.2725 0.1871 0.0286 0.1871 0.0286 0.3011 0.0286 0.3581 0.0286 0.5083 0.2725 0.5083 0.2725 0.3581 0.0286 0.1871 0.2725 0.3011 0.2725 0.1871 0.0286 0.1871 0.0286 0.3011 0.2725 0.3011 0.2725 0.1871 0.0286 0.1871 0.0286 0.3011 0.2725 0.3011 0.2725 0.1871 0.2725 0.3011 0.2725 0.1871 0.0286 0.1871 0.0286 0.3011 0.2725 0.3011 0.0286 0.1871 0.0286 0.3011 0.2725 0.3011 0.2725 0.1871 0.0286 0.1871 0.0286 0.3011 0.2725 0.3011 0.2725 0.1871 0.0286 0.3581 0.0286 0.5083 0.2725 0.5083 0.2725 0.3581 0.0286 0.5799 0.0286 0.7391 0.2725 0.7391 0.2725 0.5799 0.0286 0.3581 0.0286 0.5083 0.2725 0.5083 0.2725 0.3581 0.0286 0.3581 0.0286 0.5083 0.2725 0.5083 0.2725 0.3581 0.0286 0.1871 0.0286 0.3011 0.2725 0.3011 0.2725 0.1871 0.0286 0.1871 0.0286 0.3011 0.2725 0.3011 0.2725 0.1871 0.0286 0.1871 0.0286 0.3011 0.2725 0.3011 0.2725 0.1871 0.0286 0.1871 0.0286 0.3011 0.2725 0.3011 0.2725 0.1871 0.0286 0.1871 0.0286 0.3011 0.2725 0.3011 0.2725 0.1871 0.0286 0.1871 0.0286 0.3011 0.2725 0.3011 0.2725 0.1871 0.0286 0.3581 0.0286 0.5083 0.2725 0.5083 0.2725 0.3581 0.0286 0.5799 0.0286 0.7391 0.2725 0.7391 0.2725 0.5799 0.0286 0.1871 0.0286 0.3011 0.2725 0.3011 0.2725 0.1871 0.0286 0.1871 0.0286 0.3011 0.2725 0.3011 0.2725 0.1871 " />
								</IndexedTriangleSet>
							</Shape>
						</Group>
					</Transform>
					<Transform DEF="Cube_024_TRANSFORM"
					           translation="0.229362 -0.887356 -0.555352"
					           scale="1.000000 1.000000 1.000000"
					           rotation="0.000000 1.000000 0.000000 0.000000"
					           >
						<Transform DEF="Cube_024_ifs_TRANSFORM"
						           translation="0.000000 0.000000 0.000000"
						           scale="1.000000 1.000000 1.000000"
						           rotation="0.000000 1.000000 0.000000 0.000000"
						           >
							<Group DEF="group_ME_Cube_025">
								<Shape>
									<Appearance>
										<Material USE="MA_Body" />
									</Appearance>
									<IndexedTriangleSet solid="false"
									                    normalPerVertex="true"
									                    index="0 1 2 0 2 3 4 5 6 4 6 7 8 9 10 8 10 11 12 13 14 12 14 15 16 17 18 16 18 19 20 21 14 20 14 7 22 23 24 22 24 25 26 27 28 26 28 29 30 31 32 30 32 33 34 35 36 34 36 37 38 39 40 38 40 41 16 42 43 16 43 44 45 46 47 45 47 48 49 17 50 49 50 51 "
									                    >
										<Coordinate point="0.481706 -0.116213 -1.172189 0.481706 -0.029257 -1.177572 0.481706 0.043478 -0.002692 0.481706 -0.043478 0.002692 0.481706 -0.029257 -1.177572 -0.481706 -0.029257 -1.177572 -0.481706 0.043478 -0.002692 0.481706 0.043478 -0.002692 -0.481706 -0.029257 -1.177572 -0.481706 -0.116213 -1.172189 -0.481706 -0.043478 0.002692 -0.481706 0.043478 -0.002692 -0.481706 -0.116213 -1.172189 0.481706 -0.116213 -1.172189 0.481706 -0.043478 0.002692 -0.481706 -0.043478 0.002692 0.481706 -0.067079 -1.788509 0.481706 -0.154036 -1.783126 -0.481706 -0.154036 -1.783126 -0.481706 -0.067079 -1.788509 -0.481706 0.043478 -0.002692 -0.481706 -0.043478 0.002692 -0.481706 -0.135124 -1.477657 0.481706 -0.135124 -1.477657 0.481706 -0.116213 -1.172189 -0.481706 -0.116213 -1.172189 -0.481706 -0.048168 -1.483041 -0.481706 -0.135124 -1.477657 -0.481706 -0.116213 -1.172189 -0.481706 -0.029257 -1.177572 0.481706 -0.048168 -1.483041 -0.481706 -0.048168 -1.483041 -0.481706 -0.029257 -1.177572 0.481706 -0.029257 -1.177572 0.481706 -0.135124 -1.477657 0.481706 -0.048168 -1.483041 0.481706 -0.029257 -1.177572 0.481706 -0.116213 -1.172189 0.481706 -0.154036 -1.783126 0.481706 -0.067079 -1.788509 0.481706 -0.048168 -1.483041 0.481706 -0.135124 -1.477657 -0.481706 -0.067079 -1.788509 -0.481706 -0.048168 -1.483041 0.481706 -0.048168 -1.483041 -0.481706 -0.067079 -1.788509 -0.481706 -0.154036 -1.783126 -0.481706 -0.135124 -1.477657 -0.481706 -0.048168 -1.483041 -0.481706 -0.154036 -1.783126 0.481706 -0.135124 -1.477657 -0.481706 -0.135124 -1.477657 " />
										<Normal vector="0.707083 -0.705741 0.043672 0.707083 0.705741 -0.043672 0.577349 0.611896 0.540544 0.577349 -0.540544 0.611896 0.707083 0.705741 -0.043672 -0.707083 0.705741 -0.043672 -0.577349 0.611896 0.540544 0.577349 0.611896 0.540544 -0.707083 0.705741 -0.043672 -0.707083 -0.705741 0.043672 -0.577349 -0.540544 0.611896 -0.577349 0.611896 0.540544 -0.707083 -0.705741 0.043672 0.707083 -0.705741 0.043672 0.577349 -0.540544 0.611896 -0.577349 -0.540544 0.611896 0.577349 0.540544 -0.611896 0.577349 -0.611896 -0.540544 -0.577349 -0.611896 -0.540544 -0.577349 0.540544 -0.611896 -0.577349 0.611896 0.540544 -0.577349 -0.540544 0.611896 -0.707083 -0.705741 0.043672 0.707083 -0.705741 0.043672 0.707083 -0.705741 0.043672 -0.707083 -0.705741 0.043672 -0.707083 0.705741 -0.043672 -0.707083 -0.705741 0.043672 -0.707083 -0.705741 0.043672 -0.707083 0.705741 -0.043672 0.707083 0.705741 -0.043672 -0.707083 0.705741 -0.043672 -0.707083 0.705741 -0.043672 0.707083 0.705741 -0.043672 0.707083 -0.705741 0.043672 0.707083 0.705741 -0.043672 0.707083 0.705741 -0.043672 0.707083 -0.705741 0.043672 0.577349 -0.611896 -0.540544 0.577349 0.540544 -0.611896 0.707083 0.705741 -0.043672 0.707083 -0.705741 0.043672 -0.577349 0.540544 -0.611896 -0.707083 0.705741 -0.043672 0.707083 0.705741 -0.043672 -0.577349 0.540544 -0.611896 -0.577349 -0.611896 -0.540544 -0.707083 -0.705741 0.043672 -0.707083 0.705741 -0.043672 -0.577349 -0.611896 -0.540544 0.707083 -0.705741 0.043672 -0.707083 -0.705741 0.043672 " />
										<TextureCoordinate point="0.0286 0.1871 0.0286 0.3011 0.2725 0.3011 0.2725 0.1871 0.0286 0.1871 0.0286 0.3011 0.2725 0.3011 0.2725 0.1871 0.0286 0.1871 0.0286 0.3011 0.2725 0.3011 0.2725 0.1871 0.0286 0.1871 0.0286 0.3011 0.2725 0.3011 0.2725 0.1871 0.0286 0.0398 0.0286 0.1259 0.2725 0.1259 0.2725 0.0398 0.0286 0.1871 0.0286 0.3011 0.0286 0.3938 0.0286 0.5078 0.2725 0.5078 0.2725 0.3938 0.0286 0.3938 0.0286 0.5078 0.2725 0.5078 0.2725 0.3938 0.0286 0.3938 0.0286 0.5078 0.2725 0.5078 0.2725 0.3938 0.0286 0.3938 0.0286 0.5078 0.2725 0.5078 0.2725 0.3938 0.0286 0.0398 0.0286 0.1259 0.2725 0.1259 0.2725 0.0398 0.0286 0.1259 0.2725 0.1259 0.2725 0.0398 0.0286 0.0398 0.0286 0.1259 0.2725 0.1259 0.2725 0.0398 0.0286 0.0398 0.2725 0.1259 0.2725 0.0398 " />
									</IndexedTriangleSet>
								</Shape>
							</Group>
						</Transform>
					</Transform>
					<Transform DEF="Cube_025_TRANSFORM"
					           translation="-0.206761 -0.296398 -0.888833"
					           scale="1.000000 1.000000 1.000000"
					           rotation="0.000000 1.000000 0.000000 0.000000"
					           >
						<Transform DEF="Cube_025_ifs_TRANSFORM"
						           translation="0.000000 0.000000 0.000000"
						           scale="1.000000 1.000000 1.000000"
						           rotation="0.000000 1.000000 0.000000 0.000000"
						           >
							<Group DEF="group_ME_Cube_026">
								<Shape>
									<Appearance>
										<Material USE="MA_Body" />
									</Appearance>
									<IndexedTriangleSet solid="false"
									                    normalPerVertex="true"
									                    index="0 1 2 0 2 3 4 5 6 4 6 7 8 9 10 8 10 11 12 13 14 12 14 15 4 13 16 4 16 17 18 19 14 18 14 7 "
									                    >
										<Coordinate point="0.019664 -0.629555 0.354044 0.105501 -0.629228 0.339138 0.102061 0.003680 0.333202 0.016223 0.003353 0.348108 0.105501 -0.629228 0.339138 -0.012783 -0.636261 -0.342172 -0.016223 -0.003353 -0.348108 0.102061 0.003680 0.333202 -0.012783 -0.636261 -0.342172 -0.098620 -0.636588 -0.327266 -0.102061 -0.003680 -0.333202 -0.016223 -0.003353 -0.348108 -0.098620 -0.636588 -0.327266 0.019664 -0.629555 0.354044 0.016223 0.003353 0.348108 -0.102061 -0.003680 -0.333202 -0.098620 -0.636588 -0.327266 -0.012783 -0.636261 -0.342172 -0.016223 -0.003353 -0.348108 -0.102061 -0.003680 -0.333202 " />
										<Normal vector="-0.466933 -0.573595 0.672994 0.670705 -0.569262 0.475417 0.664418 0.585345 0.464614 -0.473190 0.581011 0.662160 0.670705 -0.569262 0.475417 0.473190 -0.581011 -0.662160 0.466933 0.573595 -0.672994 0.664418 0.585345 0.464614 0.473190 -0.581011 -0.662160 -0.664418 -0.585345 -0.464614 -0.670705 0.569262 -0.475417 0.466933 0.573595 -0.672994 -0.664418 -0.585345 -0.464614 -0.466933 -0.573595 0.672994 -0.473190 0.581011 0.662160 -0.670705 0.569262 -0.475417 -0.664418 -0.585345 -0.464614 0.473190 -0.581011 -0.662160 0.466933 0.573595 -0.672994 -0.670705 0.569262 -0.475417 " />
										<TextureCoordinate point="0.0286 0.1871 0.0286 0.3011 0.2725 0.3011 0.2725 0.1871 0.0286 0.1871 0.0286 0.3011 0.2725 0.3011 0.2725 0.1871 0.0286 0.1871 0.0286 0.3011 0.2725 0.3011 0.2725 0.1871 0.0286 0.1871 0.0286 0.3011 0.2725 0.3011 0.2725 0.1871 0.2725 0.3011 0.2725 0.1871 0.0286 0.1871 0.0286 0.3011 " />
									</IndexedTriangleSet>
								</Shape>
							</Group>
						</Transform>
					</Transform>
				</Transform>
			</Transform>
			<Transform DEF="leg1_TRANSFORM"
			           translation="0.397389 0.012916 0.089662"
			           scale="1.000000 1.000000 1.000000"
			           rotation="0.000000 1.000000 0.000000 0.000000"
			           >
				<Transform DEF="leg1_ifs_TRANSFORM"
				           translation="0.000000 0.000000 0.000000"
				           scale="1.000000 1.000000 1.000000"
				           rotation="0.000000 1.000000 0.000000 0.000000"
				           >
					<Group DEF="group_ME_leg1">
						<Shape>
							<Appearance>
								<Material USE="MA_Body" />
							</Appearance>
							<IndexedTriangleSet solid="false"
							                    normalPerVertex="true"
							                    index="0 1 2 0 2 3 4 5 6 4 6 7 8 9 10 8 10 11 12 13 14 12 14 15 4 16 17 4 17 15 18 5 14 18 14 19 "
							                    >
								<Coordinate point="-0.093057 -0.096518 -0.439967 -0.093057 -0.096518 0.000000 -0.093057 0.096518 0.000000 -0.093057 0.096518 -0.439967 -0.093057 0.096518 -0.439967 -0.093057 0.096518 0.000000 0.093057 0.096518 0.000000 0.093057 0.096518 -0.439967 0.093057 0.096518 -0.439967 0.093057 0.096518 0.000000 0.093057 -0.096518 0.000000 0.093057 -0.096518 -0.439967 0.093057 -0.096518 -0.439967 0.093057 -0.096518 0.000000 -0.093057 -0.096518 0.000000 -0.093057 -0.096518 -0.439967 0.093057 0.096518 -0.439967 0.093057 -0.096518 -0.439967 0.093057 0.096518 0.000000 0.093057 -0.096518 0.000000 " />
								<Normal vector="-0.577349 -0.577349 -0.577349 -0.577349 -0.577349 0.577349 -0.577349 0.577349 0.577349 -0.577349 0.577349 -0.577349 -0.577349 0.577349 -0.577349 -0.577349 0.577349 0.577349 0.577349 0.577349 0.577349 0.577349 0.577349 -0.577349 0.577349 0.577349 -0.577349 0.577349 0.577349 0.577349 0.577349 -0.577349 0.577349 0.577349 -0.577349 -0.577349 0.577349 -0.577349 -0.577349 0.577349 -0.577349 0.577349 -0.577349 -0.577349 0.577349 -0.577349 -0.577349 -0.577349 0.577349 0.577349 -0.577349 0.577349 -0.577349 -0.577349 0.577349 0.577349 0.577349 0.577349 -0.577349 0.577349 " />
								<TextureCoordinate point="0.0464 0.3567 0.2744 0.3567 0.2744 0.5156 0.0464 0.5156 0.0464 0.3567 0.2744 0.3567 0.2744 0.5156 0.0464 0.5156 0.0464 0.3567 0.2744 0.3567 0.2744 0.5156 0.0464 0.5156 0.0464 0.3567 0.2744 0.3567 0.2744 0.5156 0.0464 0.5156 0.2744 0.3567 0.2744 0.5156 0.0464 0.3567 0.0464 0.5156 " />
							</IndexedTriangleSet>
						</Shape>
					</Group>
				</Transform>
				<Transform DEF="foot1_TRANSFORM"
				           translation="0.000444 -0.012916 -0.394959"
				           scale="1.000000 1.000000 1.000000"
				           rotation="0.000000 1.000000 0.000000 0.000000"
				           >
					<Transform DEF="foot1_ifs_TRANSFORM"
					           translation="0.000000 0.000000 0.000000"
					           scale="1.000000 1.000000 1.000000"
					           rotation="0.000000 1.000000 0.000000 0.000000"
					           >
						<Group DEF="group_ME_foot1">
							<Shape>
								<Appearance>
									<Material USE="MA_Body" />
								</Appearance>
								<IndexedTriangleSet solid="false"
								                    normalPerVertex="true"
								                    index="0 1 2 0 2 3 4 5 6 4 6 7 8 9 10 8 10 11 12 13 14 12 14 15 4 16 17 4 17 15 18 5 14 18 14 19 "
								                    >
									<Coordinate point="-0.165456 -0.754825 -0.227564 -0.165456 -0.754825 0.000000 -0.165456 0.416655 0.000000 -0.165456 0.416655 -0.227564 -0.165456 0.416655 -0.227564 -0.165456 0.416655 0.000000 0.165456 0.416655 0.000000 0.165456 0.416655 -0.227564 0.165456 0.416655 -0.227564 0.165456 0.416655 0.000000 0.165456 -0.754825 0.000000 0.165456 -0.754825 -0.227564 0.165456 -0.754825 -0.227564 0.165456 -0.754825 0.000000 -0.165456 -0.754825 0.000000 -0.165456 -0.754825 -0.227564 0.165456 0.416655 -0.227564 0.165456 -0.754825 -0.227564 0.165456 0.416655 0.000000 0.165456 -0.754825 0.000000 " />
									<Normal vector="-0.577349 -0.577349 -0.577349 -0.577349 -0.577349 0.577349 -0.577349 0.577349 0.577349 -0.577349 0.577349 -0.577349 -0.577349 0.577349 -0.577349 -0.577349 0.577349 0.577349 0.577349 0.577349 0.577349 0.577349 0.577349 -0.577349 0.577349 0.577349 -0.577349 0.577349 0.577349 0.577349 0.577349 -0.577349 0.577349 0.577349 -0.577349 -0.577349 0.577349 -0.577349 -0.577349 0.577349 -0.577349 0.577349 -0.577349 -0.577349 0.577349 -0.577349 -0.577349 -0.577349 0.577349 0.577349 -0.577349 0.577349 -0.577349 -0.577349 0.577349 0.577349 0.577349 0.577349 -0.577349 0.577349 " />
									<TextureCoordinate point="0.0464 0.3567 0.2744 0.3567 0.2744 0.5156 0.0464 0.5156 0.0464 0.3567 0.2744 0.3567 0.2744 0.5156 0.0464 0.5156 0.0464 0.3567 0.2744 0.3567 0.2744 0.5156 0.0464 0.5156 0.0464 0.3567 0.2744 0.3567 0.2744 0.5156 0.0464 0.5156 0.2744 0.3567 0.2744 0.5156 0.0464 0.3567 0.0464 0.5156 " />
								</IndexedTriangleSet>
							</Shape>
						</Group>
					</Transform>
					<Transform DEF="Cube_014_TRANSFORM"
					           translation="-0.000988 -0.720685 -0.154432"
					           scale="1.000000 1.000000 1.000000"
					           rotation="0.000000 1.000000 0.000000 0.000000"
					           >
						<Transform DEF="Cube_014_ifs_TRANSFORM"
						           translation="0.000000 0.000000 0.000000"
						           scale="1.000000 1.000000 1.000000"
						           rotation="0.000000 1.000000 0.000000 0.000000"
						           >
							<Group DEF="group_ME_Cube_023">
								<Shape>
									<Appearance>
										<Material USE="MA_Body" />
									</Appearance>
									<IndexedTriangleSet solid="false"
									                    normalPerVertex="true"
									                    index="0 1 2 0 2 3 4 5 6 4 6 7 8 9 10 8 10 11 12 13 14 12 14 15 4 16 17 4 17 15 18 5 14 18 14 19 "
									                    >
										<Coordinate point="-0.107308 -0.328432 -0.081812 -0.107308 -0.335420 0.045326 -0.107308 -0.003494 0.063569 -0.107308 0.003494 -0.063569 -0.107308 0.003494 -0.063569 -0.107308 -0.003494 0.063569 0.107308 -0.003494 0.063569 0.107308 0.003494 -0.063569 0.107308 0.003494 -0.063569 0.107308 -0.003494 0.063569 0.107308 -0.335420 0.045326 0.107308 -0.328432 -0.081812 0.107308 -0.328432 -0.081812 0.107308 -0.335420 0.045326 -0.107308 -0.335420 0.045326 -0.107308 -0.328432 -0.081812 0.107308 0.003494 -0.063569 0.107308 -0.328432 -0.081812 0.107308 -0.003494 0.063569 0.107308 -0.335420 0.045326 " />
										<Normal vector="-0.577349 -0.544786 -0.608142 -0.577349 -0.608142 0.544786 -0.577349 0.544786 0.608142 -0.577349 0.608142 -0.544786 -0.577349 0.608142 -0.544786 -0.577349 0.544786 0.608142 0.577349 0.544786 0.608142 0.577349 0.608142 -0.544786 0.577349 0.608142 -0.544786 0.577349 0.544786 0.608142 0.577349 -0.608142 0.544786 0.577349 -0.544786 -0.608142 0.577349 -0.544786 -0.608142 0.577349 -0.608142 0.544786 -0.577349 -0.608142 0.544786 -0.577349 -0.544786 -0.608142 0.577349 0.608142 -0.544786 0.577349 -0.544786 -0.608142 0.577349 0.544786 0.608142 0.577349 -0.608142 0.544786 " />
										<TextureCoordinate point="0.0332 0.1854 0.2581 0.1854 0.2581 0.3027 0.0332 0.3027 0.0332 0.1854 0.2581 0.1854 0.2581 0.3027 0.0332 0.3027 0.0332 0.1854 0.2581 0.1854 0.2581 0.3027 0.0332 0.3027 0.0332 0.1854 0.2581 0.1854 0.2581 0.3027 0.0332 0.3027 0.2581 0.1854 0.2581 0.3027 0.0332 0.1854 0.0332 0.3027 " />
									</IndexedTriangleSet>
								</Shape>
							</Group>
						</Transform>
					</Transform>
					<Transform DEF="Cube_015_TRANSFORM"
					           translation="-0.000988 0.395088 -0.146656"
					           scale="1.000000 1.000000 1.000000"
					           rotation="0.000000 1.000000 0.000000 0.000000"
					           >
						<Transform DEF="Cube_015_ifs_TRANSFORM"
						           translation="0.000000 0.000000 0.000000"
						           scale="1.000000 1.000000 1.000000"
						           rotation="0.000000 1.000000 0.000000 0.000000"
						           >
							<Group DEF="group_ME_Cube_024">
								<Shape>
									<Appearance>
										<Material USE="MA_Body" />
									</Appearance>
									<IndexedTriangleSet solid="false"
									                    normalPerVertex="true"
									                    index="0 1 2 0 2 3 4 5 6 4 6 7 8 9 10 8 10 11 12 13 14 12 14 15 4 16 17 4 17 15 18 5 14 18 14 19 "
									                    >
										<Coordinate point="0.107308 0.242668 -0.085113 0.107308 0.250534 0.058006 0.107308 0.003933 0.071559 0.107308 -0.003933 -0.071559 0.107308 -0.003933 -0.071559 0.107308 0.003933 0.071559 -0.107308 0.003933 0.071559 -0.107308 -0.003933 -0.071559 -0.107308 -0.003933 -0.071559 -0.107308 0.003933 0.071559 -0.107308 0.250534 0.058006 -0.107308 0.242668 -0.085113 -0.107308 0.242668 -0.085113 -0.107308 0.250534 0.058006 0.107308 0.250534 0.058006 0.107308 0.242668 -0.085113 -0.107308 -0.003933 -0.071559 -0.107308 0.242668 -0.085113 -0.107308 0.003933 0.071559 -0.107308 0.250534 0.058006 " />
										<Normal vector="0.577349 0.544786 -0.608142 0.577349 0.608142 0.544786 0.577349 -0.544786 0.608142 0.577349 -0.608142 -0.544786 0.577349 -0.608142 -0.544786 0.577349 -0.544786 0.608142 -0.577349 -0.544786 0.608142 -0.577349 -0.608142 -0.544786 -0.577349 -0.608142 -0.544786 -0.577349 -0.544786 0.608142 -0.577349 0.608142 0.544786 -0.577349 0.544786 -0.608142 -0.577349 0.544786 -0.608142 -0.577349 0.608142 0.544786 0.577349 0.608142 0.544786 0.577349 0.544786 -0.608142 -0.577349 -0.608142 -0.544786 -0.577349 0.544786 -0.608142 -0.577349 -0.544786 0.608142 -0.577349 0.608142 0.544786 " />
										<TextureCoordinate point="0.0332 0.1854 0.2581 0.1854 0.2581 0.3027 0.0332 0.3027 0.0332 0.1854 0.2581 0.1854 0.2581 0.3027 0.0332 0.3027 0.0332 0.1854 0.2581 0.1854 0.2581 0.3027 0.0332 0.3027 0.0332 0.1854 0.2581 0.1854 0.2581 0.3027 0.0332 0.3027 0.2581 0.1854 0.2581 0.3027 0.0332 0.1854 0.0332 0.3027 " />
									</IndexedTriangleSet>
								</Shape>
							</Group>
						</Transform>
					</Transform>
				</Transform>
			</Transform>
			<Transform DEF="leg2_TRANSFORM"
			           translation="-0.397389 0.012916 0.089661"
			           scale="1.000000 1.000000 1.000000"
			           rotation="0.000000 1.000000 0.000000 0.000000"
			           >
				<Transform DEF="leg2_ifs_TRANSFORM"
				           translation="0.000000 0.000000 0.000000"
				           scale="1.000000 1.000000 1.000000"
				           rotation="0.000000 1.000000 0.000000 0.000000"
				           >
					<Group DEF="group_ME_leg2">
						<Shape>
							<Appearance>
								<Material USE="MA_Body" />
							</Appearance>
							<IndexedTriangleSet solid="false"
							                    normalPerVertex="true"
							                    index="0 1 2 0 2 3 4 5 6 4 6 7 8 9 10 8 10 11 12 13 14 12 14 15 4 13 16 4 16 17 18 19 14 18 14 7 "
							                    >
								<Coordinate point="0.093057 -0.096518 -0.439967 0.093057 0.096518 -0.439967 0.093057 0.096518 0.000000 0.093057 -0.096518 -0.000000 0.093057 0.096518 -0.439967 -0.093057 0.096518 -0.439967 -0.093057 0.096518 0.000000 0.093057 0.096518 0.000000 -0.093057 0.096518 -0.439967 -0.093057 -0.096518 -0.439967 -0.093057 -0.096518 -0.000000 -0.093057 0.096518 0.000000 -0.093057 -0.096518 -0.439967 0.093057 -0.096518 -0.439967 0.093057 -0.096518 -0.000000 -0.093057 -0.096518 -0.000000 -0.093057 -0.096518 -0.439967 -0.093057 0.096518 -0.439967 -0.093057 0.096518 0.000000 -0.093057 -0.096518 -0.000000 " />
								<Normal vector="0.577349 -0.577349 -0.577349 0.577349 0.577349 -0.577349 0.577349 0.577349 0.577349 0.577349 -0.577349 0.577349 0.577349 0.577349 -0.577349 -0.577349 0.577349 -0.577349 -0.577349 0.577349 0.577349 0.577349 0.577349 0.577349 -0.577349 0.577349 -0.577349 -0.577349 -0.577349 -0.577349 -0.577349 -0.577349 0.577349 -0.577349 0.577349 0.577349 -0.577349 -0.577349 -0.577349 0.577349 -0.577349 -0.577349 0.577349 -0.577349 0.577349 -0.577349 -0.577349 0.577349 -0.577349 -0.577349 -0.577349 -0.577349 0.577349 -0.577349 -0.577349 0.577349 0.577349 -0.577349 -0.577349 0.577349 " />
								<TextureCoordinate point="0.0464 0.3567 0.0464 0.5156 0.2744 0.5156 0.2744 0.3567 0.0464 0.3567 0.0464 0.5156 0.2744 0.5156 0.2744 0.3567 0.0464 0.3567 0.0464 0.5156 0.2744 0.5156 0.2744 0.3567 0.0464 0.3567 0.0464 0.5156 0.2744 0.5156 0.2744 0.3567 0.2744 0.5156 0.2744 0.3567 0.0464 0.3567 0.0464 0.5156 " />
							</IndexedTriangleSet>
						</Shape>
					</Group>
				</Transform>
				<Transform DEF="foot2_TRANSFORM"
				           translation="-0.000444 -0.012916 -0.394959"
				           scale="1.000000 1.000000 1.000000"
				           rotation="0.000000 1.000000 0.000000 0.000000"
				           >
					<Transform DEF="foot2_ifs_TRANSFORM"
					           translation="0.000000 0.000000 0.000000"
					           scale="1.000000 1.000000 1.000000"
					           rotation="0.000000 1.000000 0.000000 0.000000"
					           >
						<Group DEF="group_ME_foot2">
							<Shape>
								<Appearance>
									<Material USE="MA_Body" />
								</Appearance>
								<IndexedTriangleSet solid="false"
								                    normalPerVertex="true"
								                    index="0 1 2 0 2 3 4 5 6 4 6 7 8 9 10 8 10 11 12 13 14 12 14 15 4 13 16 4 16 17 18 19 14 18 14 7 "
								                    >
									<Coordinate point="0.165456 -0.754825 -0.227564 0.165456 0.416655 -0.227564 0.165456 0.416655 0.000000 0.165456 -0.754825 -0.000000 0.165456 0.416655 -0.227564 -0.165456 0.416655 -0.227564 -0.165456 0.416655 0.000000 0.165456 0.416655 0.000000 -0.165456 0.416655 -0.227564 -0.165456 -0.754825 -0.227564 -0.165456 -0.754825 -0.000000 -0.165456 0.416655 0.000000 -0.165456 -0.754825 -0.227564 0.165456 -0.754825 -0.227564 0.165456 -0.754825 -0.000000 -0.165456 -0.754825 -0.000000 -0.165456 -0.754825 -0.227564 -0.165456 0.416655 -0.227564 -0.165456 0.416655 0.000000 -0.165456 -0.754825 -0.000000 " />
									<Normal vector="0.577349 -0.577349 -0.577349 0.577349 0.577349 -0.577349 0.577349 0.577349 0.577349 0.577349 -0.577349 0.577349 0.577349 0.577349 -0.577349 -0.577349 0.577349 -0.577349 -0.577349 0.577349 0.577349 0.577349 0.577349 0.577349 -0.577349 0.577349 -0.577349 -0.577349 -0.577349 -0.577349 -0.577349 -0.577349 0.577349 -0.577349 0.577349 0.577349 -0.577349 -0.577349 -0.577349 0.577349 -0.577349 -0.577349 0.577349 -0.577349 0.577349 -0.577349 -0.577349 0.577349 -0.577349 -0.577349 -0.577349 -0.577349 0.577349 -0.577349 -0.577349 0.577349 0.577349 -0.577349 -0.577349 0.577349 " />
									<TextureCoordinate point="0.0464 0.3567 0.0464 0.5156 0.2744 0.5156 0.2744 0.3567 0.0464 0.3567 0.0464 0.5156 0.2744 0.5156 0.2744 0.3567 0.0464 0.3567 0.0464 0.5156 0.2744 0.5156 0.2744 0.3567 0.0464 0.3567 0.0464 0.5156 0.2744 0.5156 0.2744 0.3567 0.2744 0.5156 0.2744 0.3567 0.0464 0.3567 0.0464 0.5156 " />
								</IndexedTriangleSet>
							</Shape>
						</Group>
					</Transform>
					<Transform DEF="Cube_016_TRANSFORM"
					           translation="0.000988 -0.720685 -0.154432"
					           scale="1.000000 1.000000 1.000000"
					           rotation="0.000000 1.000000 0.000000 0.000000"
					           >
						<Transform DEF="Cube_016_ifs_TRANSFORM"
						           translation="0.000000 0.000000 0.000000"
						           scale="1.000000 1.000000 1.000000"
						           rotation="0.000000 1.000000 0.000000 0.000000"
						           >
							<Group DEF="group_ME_Cube_010">
								<Shape>
									<Appearance>
										<Material USE="MA_Body" />
									</Appearance>
									<IndexedTriangleSet solid="false"
									                    normalPerVertex="true"
									                    index="0 1 2 0 2 3 4 5 6 4 6 7 8 9 10 8 10 11 12 13 14 12 14 15 4 13 16 4 16 17 18 19 14 18 14 7 "
									                    >
										<Coordinate point="0.107308 -0.328432 -0.081812 0.107308 0.003494 -0.063569 0.107308 -0.003494 0.063569 0.107308 -0.335420 0.045326 0.107308 0.003494 -0.063569 -0.107308 0.003494 -0.063569 -0.107308 -0.003494 0.063569 0.107308 -0.003494 0.063569 -0.107308 0.003494 -0.063569 -0.107308 -0.328432 -0.081812 -0.107308 -0.335420 0.045326 -0.107308 -0.003494 0.063569 -0.107308 -0.328432 -0.081812 0.107308 -0.328432 -0.081812 0.107308 -0.335420 0.045326 -0.107308 -0.335420 0.045326 -0.107308 -0.328432 -0.081812 -0.107308 0.003494 -0.063569 -0.107308 -0.003494 0.063569 -0.107308 -0.335420 0.045326 " />
										<Normal vector="0.577349 -0.544786 -0.608142 0.577349 0.608142 -0.544786 0.577349 0.544786 0.608142 0.577349 -0.608142 0.544786 0.577349 0.608142 -0.544786 -0.577349 0.608142 -0.544786 -0.577349 0.544786 0.608142 0.577349 0.544786 0.608142 -0.577349 0.608142 -0.544786 -0.577349 -0.544786 -0.608142 -0.577349 -0.608142 0.544786 -0.577349 0.544786 0.608142 -0.577349 -0.544786 -0.608142 0.577349 -0.544786 -0.608142 0.577349 -0.608142 0.544786 -0.577349 -0.608142 0.544786 -0.577349 -0.544786 -0.608142 -0.577349 0.608142 -0.544786 -0.577349 0.544786 0.608142 -0.577349 -0.608142 0.544786 " />
										<TextureCoordinate point="0.0332 0.1854 0.0332 0.3027 0.2581 0.3027 0.2581 0.1854 0.0332 0.1854 0.0332 0.3027 0.2581 0.3027 0.2581 0.1854 0.0332 0.1854 0.0332 0.3027 0.2581 0.3027 0.2581 0.1854 0.0332 0.1854 0.0332 0.3027 0.2581 0.3027 0.2581 0.1854 0.2581 0.3027 0.2581 0.1854 0.0332 0.1854 0.0332 0.3027 " />
									</IndexedTriangleSet>
								</Shape>
							</Group>
						</Transform>
					</Transform>
					<Transform DEF="Cube_017_TRANSFORM"
					           translation="0.000988 0.395088 -0.146656"
					           scale="1.000000 1.000000 1.000000"
					           rotation="0.000000 1.000000 0.000000 0.000000"
					           >
						<Transform DEF="Cube_017_ifs_TRANSFORM"
						           translation="0.000000 0.000000 0.000000"
						           scale="1.000000 1.000000 1.000000"
						           rotation="0.000000 1.000000 0.000000 0.000000"
						           >
							<Group DEF="group_ME_Cube_011">
								<Shape>
									<Appearance>
										<Material USE="MA_Body" />
									</Appearance>
									<IndexedTriangleSet solid="false"
									                    normalPerVertex="true"
									                    index="0 1 2 0 2 3 4 5 6 4 6 7 8 9 10 8 10 11 12 13 14 12 14 15 4 13 16 4 16 17 18 19 14 18 14 7 "
									                    >
										<Coordinate point="-0.107308 0.242668 -0.085113 -0.107308 -0.003933 -0.071559 -0.107308 0.003933 0.071559 -0.107308 0.250534 0.058006 -0.107308 -0.003933 -0.071559 0.107308 -0.003933 -0.071559 0.107308 0.003933 0.071559 -0.107308 0.003933 0.071559 0.107308 -0.003933 -0.071559 0.107308 0.242668 -0.085113 0.107308 0.250534 0.058006 0.107308 0.003933 0.071559 0.107308 0.242668 -0.085113 -0.107308 0.242668 -0.085113 -0.107308 0.250534 0.058006 0.107308 0.250534 0.058006 0.107308 0.242668 -0.085113 0.107308 -0.003933 -0.071559 0.107308 0.003933 0.071559 0.107308 0.250534 0.058006 " />
										<Normal vector="-0.577349 0.544786 -0.608142 -0.577349 -0.608142 -0.544786 -0.577349 -0.544786 0.608142 -0.577349 0.608142 0.544786 -0.577349 -0.608142 -0.544786 0.577349 -0.608142 -0.544786 0.577349 -0.544786 0.608142 -0.577349 -0.544786 0.608142 0.577349 -0.608142 -0.544786 0.577349 0.544786 -0.608142 0.577349 0.608142 0.544786 0.577349 -0.544786 0.608142 0.577349 0.544786 -0.608142 -0.577349 0.544786 -0.608142 -0.577349 0.608142 0.544786 0.577349 0.608142 0.544786 0.577349 0.544786 -0.608142 0.577349 -0.608142 -0.544786 0.577349 -0.544786 0.608142 0.577349 0.608142 0.544786 " />
										<TextureCoordinate point="0.0332 0.1854 0.0332 0.3027 0.2581 0.3027 0.2581 0.1854 0.0332 0.1854 0.0332 0.3027 0.2581 0.3027 0.2581 0.1854 0.0332 0.1854 0.0332 0.3027 0.2581 0.3027 0.2581 0.1854 0.0332 0.1854 0.0332 0.3027 0.2581 0.3027 0.2581 0.1854 0.2581 0.3027 0.2581 0.1854 0.0332 0.1854 0.0332 0.3027 " />
									</IndexedTriangleSet>
								</Shape>
							</Group>
						</Transform>
					</Transform>
				</Transform>
			</Transform>
		</Transform>
	</Scene>
</X3D>