<?xml version="1.0" encoding="UTF-8"?>
<!DOCTYPE X3D PUBLIC "ISO//Web3D//DTD X3D 3.0//EN" "http://www.web3d.org/specifications/x3d-3.0.dtd">
<X3D version="3.0" profile="Immersive" xmlns:xsd="http://www.w3.org/2001/XMLSchema-instance" xsd:noNamespaceSchemaLocation="http://www.web3d.org/specifications/x3d-3.0.xsd">
	<head>
		<meta name="filename" content="zigzagoon-galar.x3d" />
		<meta name="generator" content="Blender 2.93.18" />
	</head>
	<Scene>
		<NavigationInfo headlight="true"
		                visibilityLimit="0.0"
		                type='"EXAMINE", "ANY"'
		                avatarSize="0.25, 1.75, 0.75"
		                />
		<Background DEF="WO_World"
		            groundColor="0.051 0.051 0.051"
		            skyColor="0.051 0.051 0.051"
		            />
		<Transform DEF="body_TRANSFORM"
		           translation="0.000000 -1.057409 1.286134"
		           scale="1.000000 1.000000 1.000000"
		           rotation="0.000000 0.000000 1.000000 3.141593"
		           >
			<Transform DEF="body_ifs_TRANSFORM"
			           translation="0.000000 0.000000 0.000000"
			           scale="1.000000 1.000000 1.000000"
			           rotation="0.000000 1.000000 0.000000 0.000000"
			           >
				<Group DEF="group_ME_body">
					<Shape>
						<Appearance>
							<Material DEF="MA_Body"
							          diffuseColor="0.800 0.800 0.800"
							          specularColor="0.401 0.401 0.401"
							          emissiveColor="0.000 0.000 0.000"
							          ambientIntensity="0.000"
							          shininess="0.500"
							          transparency="0.0"
							          />
						</Appearance>
						<IndexedTriangleSet solid="false"
						                    normalPerVertex="true"
						                    index="0 1 2 0 2 3 4 5 6 4 6 7 8 9 10 8 10 11 12 13 14 12 14 15 4 16 17 4 17 15 18 5 14 18 14 19 "
						                    >
							<Coordinate point="-0.619870 0.063924 -0.616565 -0.619870 -0.723418 -0.698195 -0.619870 -0.851267 0.534935 -0.619870 -0.063924 0.616565 -0.619870 -0.063924 0.616565 -0.619870 -0.851267 0.534935 0.619870 -0.851267 0.534935 0.619870 -0.063924 0.616565 0.619870 -0.063924 0.616565 0.619870 -0.851267 0.534935 0.619870 -0.723418 -0.698195 0.619870 0.063924 -0.616565 0.619870 0.063924 -0.616565 0.619870 -0.723418 -0.698195 -0.619870 -0.723418 -0.698195 -0.619870 0.063924 -0.616565 0.619870 -0.063924 0.616565 0.619870 0.063924 -0.616565 0.619870 -0.851267 0.534935 0.619870 -0.723418 -0.698195 " />
							<Normal vector="-0.577349 0.633808 -0.514725 -0.577349 -0.514725 -0.633808 -0.577349 -0.633808 0.514725 -0.577349 0.514725 0.633808 -0.577349 0.514725 0.633808 -0.577349 -0.633808 0.514725 0.577349 -0.633808 0.514725 0.577349 0.514725 0.633808 0.577349 0.514725 0.633808 0.577349 -0.633808 0.514725 0.577349 -0.514725 -0.633808 0.577349 0.633808 -0.514725 0.577349 0.633808 -0.514725 0.577349 -0.514725 -0.633808 -0.577349 -0.514725 -0.633808 -0.577349 0.633808 -0.514725 0.577349 0.514725 0.633808 0.577349 0.633808 -0.514725 0.577349 -0.633808 0.514725 0.577349 -0.514725 -0.633808 " />
							<TextureCoordinate point="0.0104 0.7684 0.1308 0.7684 0.1308 0.9819 0.0104 0.9819 0.0104 0.7684 0.1308 0.7684 0.1308 0.9819 0.0104 0.9819 0.0104 0.7684 0.1308 0.7684 0.1308 0.9819 0.0104 0.9819 0.0104 0.7684 0.1308 0.7684 0.1308 0.9819 0.0104 0.9819 0.1308 0.7684 0.1308 0.9819 0.0104 0.7684 0.0104 0.9819 " />
						</IndexedTriangleSet>
					</Shape>
				</Group>
			</Transform>
			<Transform DEF="body1_TRANSFORM"
			           translation="0.000000 -0.577646 -0.103706"
			           scale="1.000000 1.000000 1.000000"
			           rotation="0.000000 1.000000 0.000000 0.000000"
			           >
				<Transform DEF="body1_ifs_TRANSFORM"
				           translation="0.000000 0.000000 0.000000"
				           scale="1.000000 1.000000 1.000000"
				           rotation="0.000000 1.000000 0.000000 0.000000"
				           >
					<Group DEF="group_ME_body1">
						<Shape>
							<Appearance>
								<Material USE="MA_Body" />
							</Appearance>
							<IndexedTriangleSet solid="false"
							                    normalPerVertex="true"
							                    index="0 1 2 0 2 3 4 5 6 4 6 7 8 9 10 8 10 11 12 13 14 12 14 15 4 16 17 4 17 15 18 5 14 18 14 19 "
							                    >
								<Coordinate point="-0.769920 0.064010 -0.686108 -0.769920 -0.704125 -0.757770 -0.769920 -0.837045 0.666972 -0.769920 -0.068910 0.738635 -0.769920 -0.068910 0.738635 -0.769920 -0.837045 0.666972 0.769920 -0.837045 0.666972 0.769920 -0.068910 0.738635 0.769920 -0.068910 0.738635 0.769920 -0.837045 0.666972 0.769920 -0.704125 -0.757770 0.769920 0.064010 -0.686108 0.769920 0.064010 -0.686108 0.769920 -0.704125 -0.757770 -0.769920 -0.704125 -0.757770 -0.769920 0.064010 -0.686108 0.769920 -0.068910 0.738635 0.769920 0.064010 -0.686108 0.769920 -0.837045 0.666972 0.769920 -0.704125 -0.757770 " />
								<Normal vector="-0.577349 0.628468 -0.521195 -0.577349 -0.521195 -0.628468 -0.577349 -0.628468 0.521195 -0.577349 0.521195 0.628468 -0.577349 0.521195 0.628468 -0.577349 -0.628468 0.521195 0.577349 -0.628468 0.521195 0.577349 0.521195 0.628468 0.577349 0.521195 0.628468 0.577349 -0.628468 0.521195 0.577349 -0.521195 -0.628468 0.577349 0.628468 -0.521195 0.577349 0.628468 -0.521195 0.577349 -0.521195 -0.628468 -0.577349 -0.521195 -0.628468 -0.577349 0.628468 -0.521195 0.577349 0.521195 0.628468 0.577349 0.628468 -0.521195 0.577349 -0.628468 0.521195 0.577349 -0.521195 -0.628468 " />
								<TextureCoordinate point="0.0094 0.5169 0.1343 0.5169 0.1343 0.7341 0.0094 0.7341 0.0094 0.5169 0.1343 0.5169 0.1343 0.7341 0.0094 0.7341 0.0094 0.5169 0.1343 0.5169 0.1343 0.7341 0.0094 0.7341 0.0094 0.5169 0.1343 0.5169 0.1343 0.7341 0.0094 0.7341 0.1343 0.5169 0.1343 0.7341 0.0094 0.5169 0.0094 0.7341 " />
							</IndexedTriangleSet>
						</Shape>
					</Group>
				</Transform>
				<Transform DEF="body2_TRANSFORM"
				           translation="0.000000 -0.611350 -0.060992"
				           scale="1.000000 1.000000 1.000000"
				           rotation="0.000000 1.000000 0.000000 0.000000"
				           >
					<Transform DEF="body2_ifs_TRANSFORM"
					           translation="0.000000 0.000000 0.000000"
					           scale="1.000000 1.000000 1.000000"
					           rotation="0.000000 1.000000 0.000000 0.000000"
					           >
						<Group DEF="group_ME_body2">
							<Shape>
								<Appearance>
									<Material USE="MA_Body" />
								</Appearance>
								<IndexedTriangleSet solid="false"
								                    normalPerVertex="true"
								                    index="0 1 2 0 2 3 4 5 6 4 6 7 8 9 10 8 10 11 12 13 14 12 14 15 4 16 17 4 17 15 18 5 14 18 14 19 "
								                    >
									<Coordinate point="-0.779892 0.014746 -0.711379 -0.779892 -0.608598 -0.724300 -0.779892 -0.638090 0.698458 -0.779892 -0.014746 0.711379 -0.779892 -0.014746 0.711379 -0.779892 -0.638090 0.698458 0.779892 -0.638090 0.698458 0.779892 -0.014746 0.711379 0.779892 -0.014746 0.711379 0.779892 -0.638090 0.698458 0.779892 -0.608598 -0.724300 0.779892 0.014746 -0.711379 0.779892 0.014746 -0.711379 0.779892 -0.608598 -0.724300 -0.779892 -0.608598 -0.724300 -0.779892 0.014746 -0.711379 0.779892 -0.014746 0.711379 0.779892 0.014746 -0.711379 0.779892 -0.638090 0.698458 0.779892 -0.608598 -0.724300 " />
									<Normal vector="-0.577349 0.589190 -0.565233 -0.577349 -0.565233 -0.589190 -0.577349 -0.589190 0.565233 -0.577349 0.565233 0.589190 -0.577349 0.565233 0.589190 -0.577349 -0.589190 0.565233 0.577349 -0.589190 0.565233 0.577349 0.565233 0.589190 0.577349 0.565233 0.589190 0.577349 -0.589190 0.565233 0.577349 -0.565233 -0.589190 0.577349 0.589190 -0.565233 0.577349 0.589190 -0.565233 0.577349 -0.565233 -0.589190 -0.577349 -0.565233 -0.589190 -0.577349 0.589190 -0.565233 0.577349 0.565233 0.589190 0.577349 0.589190 -0.565233 0.577349 -0.589190 0.565233 0.577349 -0.565233 -0.589190 " />
									<TextureCoordinate point="0.0104 0.7684 0.1308 0.7684 0.1308 0.9819 0.0104 0.9819 0.0104 0.7684 0.1308 0.7684 0.1308 0.9819 0.0104 0.9819 0.0104 0.7684 0.1308 0.7684 0.1308 0.9819 0.0104 0.9819 0.0104 0.7684 0.1308 0.7684 0.1308 0.9819 0.0104 0.9819 0.1308 0.7684 0.1308 0.9819 0.0104 0.7684 0.0104 0.9819 " />
								</IndexedTriangleSet>
							</Shape>
						</Group>
					</Transform>
					<Transform DEF="body3_TRANSFORM"
					           translation="0.000000 -0.551540 -0.011433"
					           scale="1.000000 1.000000 1.000000"
					           rotation="0.000000 1.000000 0.000000 0.000000"
					           >
						<Transform DEF="body3_ifs_TRANSFORM"
						           translation="0.000000 0.000000 0.000000"
						           scale="1.000000 1.000000 1.000000"
						           rotation="0.000000 1.000000 0.000000 0.000000"
						           >
							<Group DEF="group_ME_body3">
								<Shape>
									<Appearance>
										<Material USE="MA_Body" />
									</Appearance>
									<IndexedTriangleSet solid="false"
									                    normalPerVertex="true"
									                    index="0 1 2 0 2 3 4 5 6 4 6 7 8 9 10 8 10 11 12 13 14 12 14 15 4 16 17 4 17 15 18 5 14 18 14 19 "
									                    >
										<Coordinate point="-0.679943 -0.026376 -0.647029 -0.679943 -0.848819 -0.613502 -0.679943 -0.796067 0.680556 -0.679943 0.026376 0.647029 -0.679943 0.026376 0.647029 -0.679943 -0.796067 0.680556 0.679943 -0.796067 0.680556 0.679943 0.026376 0.647029 0.679943 0.026376 0.647029 0.679943 -0.796067 0.680556 0.679943 -0.848819 -0.613502 0.679943 -0.026376 -0.647029 0.679943 -0.026376 -0.647029 0.679943 -0.848819 -0.613502 -0.679943 -0.848819 -0.613502 -0.679943 -0.026376 -0.647029 0.679943 0.026376 0.647029 0.679943 -0.026376 -0.647029 0.679943 -0.796067 0.680556 0.679943 -0.848819 -0.613502 " />
										<Normal vector="-0.577349 0.553331 -0.600360 -0.577349 -0.600360 -0.553331 -0.577349 -0.553331 0.600360 -0.577349 0.600360 0.553331 -0.577349 0.600360 0.553331 -0.577349 -0.553331 0.600360 0.577349 -0.553331 0.600360 0.577349 0.600360 0.553331 0.577349 0.600360 0.553331 0.577349 -0.553331 0.600360 0.577349 -0.600360 -0.553331 0.577349 0.553331 -0.600360 0.577349 0.553331 -0.600360 0.577349 -0.600360 -0.553331 -0.577349 -0.600360 -0.553331 -0.577349 0.553331 -0.600360 0.577349 0.600360 0.553331 0.577349 0.553331 -0.600360 0.577349 -0.553331 0.600360 0.577349 -0.600360 -0.553331 " />
										<TextureCoordinate point="0.0094 0.5169 0.1343 0.5169 0.1343 0.7341 0.0094 0.7341 0.0094 0.5169 0.1343 0.5169 0.1343 0.7341 0.0094 0.7341 0.0094 0.5169 0.1343 0.5169 0.1343 0.7341 0.0094 0.7341 0.0094 0.5169 0.1343 0.5169 0.1343 0.7341 0.0094 0.7341 0.1343 0.5169 0.1343 0.7341 0.0094 0.5169 0.0094 0.7341 " />
									</IndexedTriangleSet>
								</Shape>
							</Group>
						</Transform>
						<Transform DEF="head_TRANSFORM"
						           translation="0.000000 -0.750785 0.218711"
						           scale="1.000000 1.000000 1.000000"
						           rotation="0.000000 1.000000 0.000000 0.000000"
						           >
							<Transform DEF="head_ifs_TRANSFORM"
							           translation="0.000000 0.000000 0.000000"
							           scale="1.000000 1.000000 1.000000"
							           rotation="0.000000 1.000000 0.000000 0.000000"
							           >
								<Group DEF="group_ME_head">
									<Shape>
										<Appearance>
											<Material USE="MA_Body" />
										</Appearance>
										<IndexedTriangleSet solid="false"
										                    normalPerVertex="true"
										                    index="0 1 2 0 2 3 4 5 6 4 6 7 8 9 10 8 10 11 12 13 14 12 14 15 16 17 18 16 18 19 20 1 14 20 14 21 22 20 21 22 21 23 24 16 19 24 19 25 26 27 13 26 13 12 28 29 5 28 5 4 30 31 32 30 32 33 31 28 4 31 4 32 34 35 36 34 36 37 38 39 40 38 40 41 37 36 42 37 42 25 41 40 43 41 43 44 45 46 47 45 47 48 49 50 39 49 39 38 33 32 51 33 51 52 32 4 7 32 7 51 24 53 54 24 54 55 53 0 3 53 3 54 44 43 56 44 56 57 58 59 53 58 53 24 60 61 8 60 8 46 62 60 46 62 46 45 30 63 16 30 16 24 64 65 20 64 20 22 65 29 1 65 1 20 63 66 17 63 17 16 61 67 9 61 9 8 68 69 1 68 1 0 "
										                    >
											<Coordinate point="-0.659464 -0.528870 0.277354 -0.659464 -0.545366 0.491940 -0.659464 -0.040798 0.530728 -0.659464 -0.024303 0.316142 0.000000 -0.024303 0.316142 0.000000 -0.040798 0.530728 0.659464 -0.040798 0.530728 0.659464 -0.024303 0.316142 0.659464 -0.528870 0.277354 0.659464 -0.545366 0.491940 0.659464 -0.937616 0.461787 0.659464 -0.921120 0.247201 0.000000 -0.921120 0.247201 0.000000 -0.937616 0.461787 -0.659464 -0.937616 0.461787 -0.659464 -0.921120 0.247201 0.000000 -0.463769 -0.569515 0.659464 -0.463769 -0.569515 0.659464 -0.856019 -0.599668 0.000000 -0.856019 -0.599668 0.000000 -0.545366 0.491940 0.000000 -0.937616 0.461787 0.659464 -0.545366 0.491940 0.659464 -0.937616 0.461787 -0.659464 -0.463769 -0.569515 -0.659464 -0.856019 -0.599668 0.659464 -0.921120 0.247201 0.659464 -0.937616 0.461787 -0.659464 -0.024303 0.316142 -0.659464 -0.040798 0.530728 -0.659464 0.040798 -0.530728 -0.659464 0.029173 -0.379492 0.000000 0.029173 -0.379492 0.000000 0.040798 -0.530728 0.659464 -0.856019 -0.599668 0.659464 -0.867645 -0.448433 0.000000 -0.867645 -0.448433 0.000000 -0.856019 -0.599668 0.659464 -0.867645 -0.448433 0.659464 -0.921120 0.247201 0.000000 -0.921120 0.247201 0.000000 -0.867645 -0.448433 -0.659464 -0.867645 -0.448433 -0.659464 -0.921120 0.247201 -0.659464 -0.867645 -0.448433 0.659464 -0.463769 -0.569515 0.659464 -0.475395 -0.418279 0.659464 -0.867645 -0.448433 0.659464 -0.856019 -0.599668 0.659464 -0.475395 -0.418279 0.659464 -0.528870 0.277354 0.659464 0.029173 -0.379492 0.659464 0.040798 -0.530728 -0.659464 -0.475395 -0.418279 -0.659464 0.029173 -0.379492 -0.659464 0.040798 -0.530728 -0.659464 -0.528870 0.277354 -0.659464 -0.475395 -0.418279 -0.659464 -0.856019 -0.599668 -0.659464 -0.867645 -0.448433 0.659464 0.029173 -0.379492 0.659464 -0.024303 0.316142 0.659464 0.040798 -0.530728 0.000000 0.040798 -0.530728 0.659464 -0.040798 0.530728 0.000000 -0.040798 0.530728 0.659464 0.040798 -0.530728 0.659464 -0.040798 0.530728 -0.659464 -0.921120 0.247201 -0.659464 -0.937616 0.461787 " />
											<Normal vector="-1.000000 0.000000 0.000000 -0.707083 -0.054170 0.705008 -0.577349 0.531388 0.619892 -0.707083 0.705008 0.054170 0.000000 0.997040 0.076632 0.000000 0.650807 0.759209 0.577349 0.531388 0.619892 0.707083 0.705008 0.054170 1.000000 0.000000 0.000000 0.707083 -0.054170 0.705008 0.577349 -0.619892 0.531388 0.707083 -0.705008 -0.054170 0.000000 -0.997040 -0.076632 0.000000 -0.759209 0.650807 -0.577349 -0.619892 0.531388 -0.707083 -0.705008 -0.054170 0.000000 0.076632 -0.997040 0.707083 0.054170 -0.705008 0.577349 -0.531388 -0.619892 0.000000 -0.650807 -0.759209 0.000000 -0.076632 0.997040 0.000000 -0.759209 0.650807 0.707083 -0.054170 0.705008 0.577349 -0.619892 0.531388 -0.707083 0.054170 -0.705008 -0.577349 -0.531388 -0.619892 0.707083 -0.705008 -0.054170 0.577349 -0.619892 0.531388 -0.707083 0.705008 0.054170 -0.577349 0.531388 0.619892 -0.577349 0.619892 -0.531388 -0.707083 0.705008 0.054170 0.000000 0.997040 0.076632 0.000000 0.759209 -0.650807 0.577349 -0.531388 -0.619892 0.707083 -0.705008 -0.054170 0.000000 -0.997040 -0.076632 0.000000 -0.650807 -0.759209 0.707083 -0.705008 -0.054170 0.707083 -0.705008 -0.054170 0.000000 -0.997040 -0.076632 0.000000 -0.997040 -0.076632 -0.707083 -0.705008 -0.054170 -0.707083 -0.705008 -0.054170 -0.707083 -0.705008 -0.054170 0.707083 0.054170 -0.705008 1.000000 0.000000 0.000000 0.707083 -0.705008 -0.054170 0.577349 -0.531388 -0.619892 1.000000 0.000000 0.000000 1.000000 0.000000 0.000000 0.707083 0.705008 0.054170 0.577349 0.619892 -0.531388 -1.000000 0.000000 0.000000 -0.707083 0.705008 0.054170 -0.577349 0.619892 -0.531388 -1.000000 0.000000 0.000000 -1.000000 0.000000 0.000000 -0.577349 -0.531388 -0.619892 -0.707083 -0.705008 -0.054170 0.707083 0.705008 0.054170 0.707083 0.705008 0.054170 0.577349 0.619892 -0.531388 0.000000 0.759209 -0.650807 0.577349 0.531388 0.619892 0.000000 0.650807 0.759209 0.577349 0.619892 -0.531388 0.577349 0.531388 0.619892 -0.707083 -0.705008 -0.054170 -0.577349 -0.619892 0.531388 " />
											<TextureCoordinate point="0.0907 0.8751 0.1308 0.8751 0.1308 0.9819 0.0907 0.9819 0.0907 0.8751 0.1308 0.8751 0.1308 0.9819 0.0907 0.9819 0.0907 0.8751 0.1308 0.8751 0.1308 0.9819 0.0907 0.9819 0.0907 0.8751 0.1308 0.8751 0.1308 0.9819 0.0907 0.9819 0.0706 0.8751 0.1308 0.8751 0.1308 0.9819 0.0706 0.9819 0.0706 0.8751 0.0706 0.9819 0.0104 0.8751 0.0104 0.9819 0.0104 0.8751 0.0104 0.9819 0.0907 0.7684 0.1308 0.7684 0.0907 0.7684 0.1308 0.7684 0.0104 0.7684 0.0505 0.7684 0.0505 0.8751 0.0104 0.8751 0.0104 0.7684 0.0505 0.7684 0.0505 0.8751 0.0104 0.8751 0.6605 0.0340 0.6605 0.9110 0.9925 0.9110 0.9925 0.0340 0.0505 0.9819 0.6605 0.9110 0.6605 0.0340 0.0104 0.8751 0.0505 0.8751 0.0505 0.9819 0.0104 0.9819 0.4722 0.0340 0.4722 0.9110 0.0505 0.9819 0.0104 0.9819 0.0505 0.8751 0.0505 0.9819 0.0104 0.9819 0.4722 0.9110 0.4722 0.0340 0.0104 0.7684 0.0505 0.7684 0.0505 0.7684 0.0907 0.7684 0.0104 0.7684 0.0706 0.7684 0.0104 0.7684 0.0706 0.7684 0.1308 0.7684 0.1308 0.7684 0.0907 0.7684 0.1308 0.7684 " />
										</IndexedTriangleSet>
									</Shape>
								</Group>
							</Transform>
							<Transform DEF="mouth_TRANSFORM"
							           translation="0.000000 -0.003417 -0.630956"
							           scale="1.000000 1.000000 1.000000"
							           rotation="0.000000 1.000000 0.000000 0.000000"
							           >
								<Transform DEF="mouth_ifs_TRANSFORM"
								           translation="0.000000 0.000000 0.000000"
								           scale="1.000000 1.000000 1.000000"
								           rotation="0.000000 1.000000 0.000000 0.000000"
								           >
									<Group DEF="group_ME_mouth">
										<Shape>
											<Appearance>
												<Material USE="MA_Body" />
											</Appearance>
											<IndexedTriangleSet solid="false"
											                    normalPerVertex="true"
											                    index="0 1 2 0 2 3 4 5 6 4 6 7 8 9 10 8 10 11 12 13 14 12 14 15 4 16 17 4 17 15 18 19 20 18 20 21 "
											                    >
												<Coordinate point="-0.635045 -0.569956 -0.257350 -0.635045 -0.618118 0.094914 -0.635045 -0.024081 0.176132 -0.635045 0.024081 -0.176132 -0.635045 0.024081 -0.176132 -0.635045 -0.024081 0.176132 0.635045 -0.024081 0.176132 0.635045 0.024081 -0.176132 0.635045 0.024081 -0.176132 0.635045 -0.024081 0.176132 0.635045 -0.618118 0.094914 0.635045 -0.569956 -0.257350 0.635045 -0.569956 -0.257350 0.635045 -0.618118 0.094914 -0.635045 -0.618118 0.094914 -0.635045 -0.569956 -0.257350 0.635045 0.024081 -0.176132 0.635045 -0.569956 -0.257350 0.635045 -0.024081 0.176132 -0.635045 -0.024081 0.176132 -0.635045 -0.618118 0.094914 0.635045 -0.618118 0.094914 " />
												<Normal vector="-0.577349 -0.493789 -0.650227 -0.577349 -0.650227 0.493789 -0.577349 0.493789 0.650227 -0.577349 0.650227 -0.493789 -0.577349 0.650227 -0.493789 -0.577349 0.493789 0.650227 0.577349 0.493789 0.650227 0.577349 0.650227 -0.493789 0.577349 0.650227 -0.493789 0.577349 0.493789 0.650227 0.577349 -0.650227 0.493789 0.577349 -0.493789 -0.650227 0.577349 -0.493789 -0.650227 0.577349 -0.650227 0.493789 -0.577349 -0.650227 0.493789 -0.577349 -0.493789 -0.650227 0.577349 0.650227 -0.493789 0.577349 -0.493789 -0.650227 0.577349 0.493789 0.650227 -0.577349 0.493789 0.650227 -0.577349 -0.650227 0.493789 0.577349 -0.650227 0.493789 " />
												<TextureCoordinate point="0.0104 0.7684 0.1308 0.7684 0.1308 0.9819 0.0104 0.9819 0.0104 0.7684 0.1308 0.7684 0.1308 0.9819 0.0104 0.9819 0.0104 0.7684 0.1308 0.7684 0.1308 0.9819 0.0104 0.9819 0.0104 0.7684 0.1308 0.7684 0.1308 0.9819 0.0104 0.9819 0.1308 0.7684 0.1308 0.9819 0.0104 0.1805 0.1308 0.1805 0.1308 0.2924 0.0104 0.2924 " />
											</IndexedTriangleSet>
										</Shape>
									</Group>
								</Transform>
								<Transform DEF="Object_TRANSFORM"
								           translation="0.000000 -0.513920 -0.133953"
								           scale="1.000000 1.000000 1.000000"
								           rotation="0.000000 1.000000 0.000000 0.000000"
								           >
									<Transform DEF="Object_ifs_TRANSFORM"
									           translation="0.000000 0.000000 0.000000"
									           scale="1.000000 1.000000 1.000000"
									           rotation="0.000000 1.000000 0.000000 0.000000"
									           >
										<Group DEF="group_ME_Cube_044">
											<Shape>
												<Appearance>
													<Material USE="MA_Body" />
												</Appearance>
												<IndexedTriangleSet solid="false"
												                    normalPerVertex="true"
												                    index="0 1 2 0 2 3 4 5 6 4 6 7 8 9 10 8 10 11 12 13 14 12 14 15 4 16 17 4 17 15 18 19 20 18 20 21 "
												                    >
													<Coordinate point="-0.383903 -0.306844 -0.045821 -0.383903 -0.255754 0.175621 -0.383903 0.025545 0.110721 -0.383903 -0.025545 -0.110721 -0.383903 -0.025545 -0.110721 -0.383903 0.025545 0.110721 0.383903 0.025545 0.110721 0.383903 -0.025545 -0.110721 0.383903 -0.025545 -0.110721 0.383903 0.025545 0.110721 0.383903 -0.255754 0.175621 0.383903 -0.306844 -0.045821 0.383903 -0.306844 -0.045821 0.383903 -0.255754 0.175621 -0.383903 -0.255754 0.175621 -0.383903 -0.306844 -0.045821 0.383903 -0.025545 -0.110721 0.383903 -0.306844 -0.045821 0.383903 0.025545 0.110721 -0.383903 0.025545 0.110721 -0.383903 -0.255754 0.175621 0.383903 -0.255754 0.175621 " />
													<Normal vector="-0.577349 -0.692343 -0.432752 -0.577349 -0.432752 0.692343 -0.577349 0.692343 0.432752 -0.577349 0.432752 -0.692343 -0.577349 0.432752 -0.692343 -0.577349 0.692343 0.432752 0.577349 0.692343 0.432752 0.577349 0.432752 -0.692343 0.577349 0.432752 -0.692343 0.577349 0.692343 0.432752 0.577349 -0.432752 0.692343 0.577349 -0.692343 -0.432752 0.577349 -0.692343 -0.432752 0.577349 -0.432752 0.692343 -0.577349 -0.432752 0.692343 -0.577349 -0.692343 -0.432752 0.577349 0.432752 -0.692343 0.577349 -0.692343 -0.432752 0.577349 0.692343 0.432752 -0.577349 0.692343 0.432752 -0.577349 -0.432752 0.692343 0.577349 -0.432752 0.692343 " />
													<TextureCoordinate point="0.0104 0.7684 0.1308 0.7684 0.1308 0.9819 0.0104 0.9819 0.0104 0.7684 0.1308 0.7684 0.1308 0.9819 0.0104 0.9819 0.0104 0.7684 0.1308 0.7684 0.1308 0.9819 0.0104 0.9819 0.0104 0.7684 0.1308 0.7684 0.1308 0.9819 0.0104 0.9819 0.1308 0.7684 0.1308 0.9819 0.0104 0.1805 0.1308 0.1805 0.1308 0.2924 0.0104 0.2924 " />
												</IndexedTriangleSet>
											</Shape>
										</Group>
									</Transform>
									<Transform DEF="Cube_016_TRANSFORM"
									           translation="0.000000 -0.215305 0.041134"
									           scale="1.000000 1.000000 1.000000"
									           rotation="0.000000 1.000000 0.000000 0.000000"
									           >
										<Transform DEF="Cube_016_ifs_TRANSFORM"
										           translation="0.000000 0.000000 0.000000"
										           scale="1.000000 1.000000 1.000000"
										           rotation="0.000000 1.000000 0.000000 0.000000"
										           >
											<Group DEF="group_ME_Cube_054">
												<Shape>
													<Appearance>
														<Material USE="MA_Body" />
													</Appearance>
													<IndexedTriangleSet solid="false"
													                    normalPerVertex="true"
													                    index="0 1 2 0 2 3 4 5 6 4 6 7 8 9 10 8 10 11 12 13 14 12 14 15 4 16 17 4 17 15 18 19 20 18 20 21 "
													                    >
														<Coordinate point="-0.271539 -0.249509 0.130042 -0.271539 -0.118834 0.255037 -0.271539 0.065337 0.062498 -0.271539 -0.065337 -0.062498 -0.271539 -0.065337 -0.062498 -0.271539 0.065337 0.062498 0.271539 0.065337 0.062498 0.271539 -0.065337 -0.062498 0.271539 -0.065337 -0.062498 0.271539 0.065337 0.062498 0.271539 -0.118834 0.255037 0.271539 -0.249509 0.130042 0.271539 -0.249509 0.130042 0.271539 -0.118834 0.255037 -0.271539 -0.118834 0.255037 -0.271539 -0.249509 0.130042 0.271539 -0.065337 -0.062498 0.271539 -0.249509 0.130042 0.271539 0.065337 0.062498 -0.271539 0.065337 0.062498 -0.271539 -0.118834 0.255037 0.271539 -0.118834 0.255037 " />
														<Normal vector="-0.577349 -0.816279 0.018128 -0.577349 0.018128 0.816279 -0.577349 0.816279 -0.018128 -0.577349 -0.018128 -0.816279 -0.577349 -0.018128 -0.816279 -0.577349 0.816279 -0.018128 0.577349 0.816279 -0.018128 0.577349 -0.018128 -0.816279 0.577349 -0.018128 -0.816279 0.577349 0.816279 -0.018128 0.577349 0.018128 0.816279 0.577349 -0.816279 0.018128 0.577349 -0.816279 0.018128 0.577349 0.018128 0.816279 -0.577349 0.018128 0.816279 -0.577349 -0.816279 0.018128 0.577349 -0.018128 -0.816279 0.577349 -0.816279 0.018128 0.577349 0.816279 -0.018128 -0.577349 0.816279 -0.018128 -0.577349 0.018128 0.816279 0.577349 0.018128 0.816279 " />
														<TextureCoordinate point="0.0104 0.7684 0.1308 0.7684 0.1308 0.9819 0.0104 0.9819 0.0104 0.7684 0.1308 0.7684 0.1308 0.9819 0.0104 0.9819 0.0104 0.7684 0.1308 0.7684 0.1308 0.9819 0.0104 0.9819 0.0104 0.7684 0.1308 0.7684 0.1308 0.9819 0.0104 0.9819 0.1308 0.7684 0.1308 0.9819 0.0104 0.1805 0.1308 0.1805 0.1308 0.2924 0.0104 0.2924 " />
													</IndexedTriangleSet>
												</Shape>
											</Group>
										</Transform>
									</Transform>
								</Transform>
								<Transform DEF="l_TRANSFORM"
								           translation="0.000000 -0.413331 0.103371"
								           scale="1.000000 1.000000 1.000000"
								           rotation="0.000000 1.000000 0.000000 0.000000"
								           >
									<Transform DEF="l_ifs_TRANSFORM"
									           translation="0.000000 0.000000 0.000000"
									           scale="1.000000 1.000000 1.000000"
									           rotation="0.000000 1.000000 0.000000 0.000000"
									           >
										<Group DEF="group_ME_l">
											<Shape>
												<Appearance>
													<Material USE="MA_Body" />
												</Appearance>
												<IndexedTriangleSet solid="false"
												                    normalPerVertex="true"
												                    index="0 1 2 0 2 3 4 5 6 4 6 7 8 9 10 8 10 11 12 13 14 12 14 15 4 16 17 4 17 15 18 5 14 18 14 19 "
												                    >
													<Coordinate point="-0.246926 -0.976339 -0.083007 -0.246926 -0.976339 0.083007 -0.246926 0.000000 0.083007 -0.246926 0.000000 -0.083007 -0.246926 0.000000 -0.083007 -0.246926 0.000000 0.083007 0.246926 0.000000 0.083007 0.246926 0.000000 -0.083007 0.246926 0.000000 -0.083007 0.246926 0.000000 0.083007 0.246926 -0.976339 0.083007 0.246926 -0.976339 -0.083007 0.246926 -0.976339 -0.083007 0.246926 -0.976339 0.083007 -0.246926 -0.976339 0.083007 -0.246926 -0.976339 -0.083007 0.246926 0.000000 -0.083007 0.246926 -0.976339 -0.083007 0.246926 0.000000 0.083007 0.246926 -0.976339 0.083007 " />
													<Normal vector="-0.577349 -0.577349 -0.577349 -0.577349 -0.577349 0.577349 -0.577349 0.577349 0.577349 -0.577349 0.577349 -0.577349 -0.577349 0.577349 -0.577349 -0.577349 0.577349 0.577349 0.577349 0.577349 0.577349 0.577349 0.577349 -0.577349 0.577349 0.577349 -0.577349 0.577349 0.577349 0.577349 0.577349 -0.577349 0.577349 0.577349 -0.577349 -0.577349 0.577349 -0.577349 -0.577349 0.577349 -0.577349 0.577349 -0.577349 -0.577349 0.577349 -0.577349 -0.577349 -0.577349 0.577349 0.577349 -0.577349 0.577349 -0.577349 -0.577349 0.577349 0.577349 0.577349 0.577349 -0.577349 0.577349 " />
													<TextureCoordinate point="0.0137 0.0211 0.1250 0.0211 0.1250 0.1324 0.0137 0.1324 0.0137 0.0211 0.1250 0.0211 0.1250 0.1324 0.0137 0.1324 0.0137 0.0211 0.1250 0.0211 0.1250 0.1324 0.0137 0.1324 0.0137 0.0211 0.1250 0.0211 0.1250 0.1324 0.0137 0.1324 0.1250 0.0211 0.1250 0.1324 0.0137 0.0211 0.0137 0.1324 " />
												</IndexedTriangleSet>
											</Shape>
										</Group>
									</Transform>
								</Transform>
							</Transform>
							<Transform DEF="Cube_007_TRANSFORM"
							           translation="0.000000 -0.739230 -0.367164"
							           scale="1.000000 1.000000 1.000000"
							           rotation="0.000000 1.000000 0.000000 0.000000"
							           >
								<Transform DEF="Cube_007_ifs_TRANSFORM"
								           translation="0.000000 0.000000 0.000000"
								           scale="1.000000 1.000000 1.000000"
								           rotation="0.000000 1.000000 0.000000 0.000000"
								           >
									<Group DEF="group_ME_Cube_045">
										<Shape>
											<Appearance>
												<Material USE="MA_Body" />
											</Appearance>
											<IndexedTriangleSet solid="false"
											                    normalPerVertex="true"
											                    index="0 1 2 0 2 3 4 5 6 4 6 7 8 9 10 8 10 11 12 13 14 12 14 15 4 16 17 4 17 15 18 5 14 18 14 19 "
											                    >
												<Coordinate point="-0.360103 -0.310331 -0.274765 -0.360103 -0.399704 0.109718 -0.360103 -0.044686 0.192242 -0.360103 0.044686 -0.192242 -0.360103 0.044686 -0.192242 -0.360103 -0.044686 0.192242 0.360103 -0.044686 0.192242 0.360103 0.044686 -0.192242 0.360103 0.044686 -0.192242 0.360103 -0.044686 0.192242 0.360103 -0.399704 0.109718 0.360103 -0.310331 -0.274765 0.360103 -0.310331 -0.274765 0.360103 -0.399704 0.109718 -0.360103 -0.399704 0.109718 -0.360103 -0.310331 -0.274765 0.360103 0.044686 -0.192242 0.360103 -0.310331 -0.274765 0.360103 -0.044686 0.192242 0.360103 -0.399704 0.109718 " />
												<Normal vector="-0.577349 -0.431623 -0.693075 -0.577349 -0.693075 0.431623 -0.577349 0.431623 0.693075 -0.577349 0.693075 -0.431623 -0.577349 0.693075 -0.431623 -0.577349 0.431623 0.693075 0.577349 0.431623 0.693075 0.577349 0.693075 -0.431623 0.577349 0.693075 -0.431623 0.577349 0.431623 0.693075 0.577349 -0.693075 0.431623 0.577349 -0.431623 -0.693075 0.577349 -0.431623 -0.693075 0.577349 -0.693075 0.431623 -0.577349 -0.693075 0.431623 -0.577349 -0.431623 -0.693075 0.577349 0.693075 -0.431623 0.577349 -0.431623 -0.693075 0.577349 0.431623 0.693075 0.577349 -0.693075 0.431623 " />
												<TextureCoordinate point="0.0104 0.7684 0.1308 0.7684 0.1308 0.9819 0.0104 0.9819 0.0104 0.7684 0.1308 0.7684 0.1308 0.9819 0.0104 0.9819 0.0104 0.7684 0.1308 0.7684 0.1308 0.9819 0.0104 0.9819 0.0104 0.7684 0.1308 0.7684 0.1308 0.9819 0.0104 0.9819 0.1308 0.7684 0.1308 0.9819 0.0104 0.7684 0.0104 0.9819 " />
											</IndexedTriangleSet>
										</Shape>
									</Group>
								</Transform>
								<Transform DEF="Cube_008_TRANSFORM"
								           translation="0.000000 -0.345193 -0.007915"
								           scale="1.000000 1.000000 1.000000"
								           rotation="0.000000 1.000000 0.000000 0.000000"
								           >
									<Transform DEF="Cube_008_ifs_TRANSFORM"
									           translation="0.000000 0.000000 0.000000"
									           scale="1.000000 1.000000 1.000000"
									           rotation="0.000000 1.000000 0.000000 0.000000"
									           >
										<Group DEF="group_ME_Cube_046">
											<Shape>
												<Appearance>
													<Material USE="MA_Body" />
												</Appearance>
												<IndexedTriangleSet solid="false"
												                    normalPerVertex="true"
												                    index="0 1 2 0 2 3 4 5 6 4 6 7 8 9 10 8 10 11 12 13 14 12 14 15 4 16 17 4 17 15 18 5 14 18 14 19 "
												                    >
													<Coordinate point="-0.124339 -0.077097 -0.084465 -0.124339 -0.092345 0.067460 -0.124339 -0.007624 0.075963 -0.124339 0.007624 -0.075963 -0.124339 0.007624 -0.075963 -0.124339 -0.007624 0.075963 0.124339 -0.007624 0.075963 0.124339 0.007624 -0.075963 0.124339 0.007624 -0.075963 0.124339 -0.007624 0.075963 0.124339 -0.092345 0.067460 0.124339 -0.077097 -0.084465 0.124339 -0.077097 -0.084465 0.124339 -0.092345 0.067460 -0.124339 -0.092345 0.067460 -0.124339 -0.077097 -0.084465 0.124339 0.007624 -0.075963 0.124339 -0.077097 -0.084465 0.124339 -0.007624 0.075963 0.124339 -0.092345 0.067460 " />
													<Normal vector="-0.577349 -0.516800 -0.632099 -0.577349 -0.632099 0.516800 -0.577349 0.516800 0.632099 -0.577349 0.632099 -0.516800 -0.577349 0.632099 -0.516800 -0.577349 0.516800 0.632099 0.577349 0.516800 0.632099 0.577349 0.632099 -0.516800 0.577349 0.632099 -0.516800 0.577349 0.516800 0.632099 0.577349 -0.632099 0.516800 0.577349 -0.516800 -0.632099 0.577349 -0.516800 -0.632099 0.577349 -0.632099 0.516800 -0.577349 -0.632099 0.516800 -0.577349 -0.516800 -0.632099 0.577349 0.632099 -0.516800 0.577349 -0.516800 -0.632099 0.577349 0.516800 0.632099 0.577349 -0.632099 0.516800 " />
													<TextureCoordinate point="0.0094 0.5169 0.1343 0.5169 0.1343 0.7341 0.0094 0.7341 0.0094 0.5169 0.1343 0.5169 0.1343 0.7341 0.0094 0.7341 0.0094 0.5169 0.1343 0.5169 0.1343 0.7341 0.0094 0.7341 0.0094 0.5169 0.1343 0.5169 0.1343 0.7341 0.0094 0.7341 0.1343 0.5169 0.1343 0.7341 0.0094 0.5169 0.0094 0.7341 " />
												</IndexedTriangleSet>
											</Shape>
										</Group>
									</Transform>
								</Transform>
							</Transform>
							<Transform DEF="orl1_TRANSFORM"
							           translation="0.521291 -0.314997 -0.024306"
							           scale="1.000000 1.000000 1.000000"
							           rotation="0.000000 1.000000 0.000000 0.000000"
							           >
								<Transform DEF="orl1_ifs_TRANSFORM"
								           translation="0.000000 0.000000 0.000000"
								           scale="1.000000 1.000000 1.000000"
								           rotation="0.000000 1.000000 0.000000 0.000000"
								           >
									<Group DEF="group_ME_orl1">
										<Shape>
											<Appearance>
												<Material USE="MA_Body" />
											</Appearance>
											<IndexedTriangleSet solid="false"
											                    normalPerVertex="true"
											                    index="0 1 2 0 2 3 4 5 6 4 6 7 8 9 10 8 10 11 12 13 14 12 14 15 4 16 17 4 17 15 18 5 14 18 14 19 "
											                    >
												<Coordinate point="0.135414 -0.043605 -0.225494 -0.071555 -0.112131 0.231069 -0.135414 0.043605 0.225494 0.071555 0.112131 -0.231069 0.071555 0.112131 -0.231069 -0.135414 0.043605 0.225494 0.606907 0.361747 0.609753 0.813875 0.430274 0.153190 0.813875 0.430274 0.153190 0.606907 0.361747 0.609753 0.670766 0.206011 0.615327 0.877735 0.274537 0.158764 0.877735 0.274537 0.158764 0.670766 0.206011 0.615327 -0.071555 -0.112131 0.231069 0.135414 -0.043605 -0.225494 0.813875 0.430274 0.153190 0.877735 0.274537 0.158764 0.606907 0.361747 0.609753 0.670766 0.206011 0.615327 " />
												<Normal vector="-0.024079 -0.661061 -0.749931 -0.496445 -0.817438 0.292032 -0.934294 0.250313 0.253822 -0.461928 0.406690 -0.788141 -0.461928 0.406690 -0.788141 -0.934294 0.250313 0.253822 0.024079 0.661061 0.749931 0.496445 0.817438 -0.292032 0.496445 0.817438 -0.292032 0.024079 0.661061 0.749931 0.461928 -0.406690 0.788141 0.934294 -0.250313 -0.253822 0.934294 -0.250313 -0.253822 0.461928 -0.406690 0.788141 -0.496445 -0.817438 0.292032 -0.024079 -0.661061 -0.749931 0.496445 0.817438 -0.292032 0.934294 -0.250313 -0.253822 0.024079 0.661061 0.749931 0.461928 -0.406690 0.788141 " />
												<TextureCoordinate point="0.0104 0.7684 0.1308 0.7684 0.1308 0.9819 0.0104 0.9819 0.0104 0.7684 0.1308 0.7684 0.1308 0.9819 0.0104 0.9819 0.0104 0.7684 0.1308 0.7684 0.1308 0.9819 0.0104 0.9819 0.0104 0.7684 0.1308 0.7684 0.1308 0.9819 0.0104 0.9819 0.1308 0.7684 0.1308 0.9819 0.0104 0.7684 0.0104 0.9819 " />
											</IndexedTriangleSet>
										</Shape>
									</Group>
								</Transform>
								<Transform DEF="Cube_019_TRANSFORM"
								           translation="0.682850 0.294095 0.393720"
								           scale="1.000000 1.000000 1.000000"
								           rotation="0.000000 1.000000 0.000000 0.000000"
								           >
									<Transform DEF="Cube_019_ifs_TRANSFORM"
									           translation="0.000000 0.000000 0.000000"
									           scale="1.000000 1.000000 1.000000"
									           rotation="0.000000 1.000000 0.000000 0.000000"
									           >
										<Group DEF="group_ME_Cube_058">
											<Shape>
												<Appearance>
													<Material USE="MA_Body" />
												</Appearance>
												<IndexedTriangleSet solid="false"
												                    normalPerVertex="true"
												                    index="0 1 2 0 2 3 4 5 6 4 6 7 8 9 10 8 10 11 12 13 14 12 14 15 4 16 17 4 17 15 18 5 14 18 14 19 "
												                    >
													<Coordinate point="0.068201 -0.038946 -0.099508 -0.023775 -0.069399 0.103386 -0.068201 0.038946 0.099508 0.023775 0.069399 -0.103386 0.023775 0.069399 -0.103386 -0.068201 0.038946 0.099508 0.204039 0.155622 0.240432 0.296015 0.186075 0.037538 0.296015 0.186075 0.037538 0.204039 0.155622 0.240432 0.248466 0.047278 0.244310 0.340442 0.077730 0.041416 0.340442 0.077730 0.041416 0.248466 0.047278 0.244310 -0.023775 -0.069399 0.103386 0.068201 -0.038946 -0.099508 0.296015 0.186075 0.037538 0.340442 0.077730 0.041416 0.204039 0.155622 0.240432 0.248466 0.047278 0.244310 " />
													<Normal vector="-0.024079 -0.661061 -0.749931 -0.496445 -0.817438 0.292032 -0.934294 0.250313 0.253822 -0.461928 0.406690 -0.788141 -0.461928 0.406690 -0.788141 -0.934294 0.250313 0.253822 0.024079 0.661061 0.749931 0.496445 0.817438 -0.292032 0.496445 0.817438 -0.292032 0.024079 0.661061 0.749931 0.461928 -0.406690 0.788141 0.934294 -0.250313 -0.253822 0.934294 -0.250313 -0.253822 0.461928 -0.406690 0.788141 -0.496445 -0.817438 0.292032 -0.024079 -0.661061 -0.749931 0.496445 0.817438 -0.292032 0.934294 -0.250313 -0.253822 0.024079 0.661061 0.749931 0.461928 -0.406690 0.788141 " />
													<TextureCoordinate point="0.0104 0.7684 0.1308 0.7684 0.1308 0.9819 0.0104 0.9819 0.0104 0.7684 0.1308 0.7684 0.1308 0.9819 0.0104 0.9819 0.0104 0.7684 0.1308 0.7684 0.1308 0.9819 0.0104 0.9819 0.0104 0.7684 0.1308 0.7684 0.1308 0.9819 0.0104 0.9819 0.1308 0.7684 0.1308 0.9819 0.0104 0.7684 0.0104 0.9819 " />
												</IndexedTriangleSet>
											</Shape>
										</Group>
									</Transform>
								</Transform>
								<Transform DEF="Cube_020_TRANSFORM"
								           translation="0.198460 0.090092 0.243433"
								           scale="1.000000 1.000000 1.000000"
								           rotation="0.000000 1.000000 0.000000 0.000000"
								           >
									<Transform DEF="Cube_020_ifs_TRANSFORM"
									           translation="0.000000 0.000000 0.000000"
									           scale="1.000000 1.000000 1.000000"
									           rotation="0.000000 1.000000 0.000000 0.000000"
									           >
										<Group DEF="group_ME_Cube_059">
											<Shape>
												<Appearance>
													<Material USE="MA_Body" />
												</Appearance>
												<IndexedTriangleSet solid="false"
												                    normalPerVertex="true"
												                    index="0 1 2 0 2 3 4 5 6 4 6 7 8 9 10 8 10 11 12 13 14 12 14 15 4 16 17 4 17 15 18 5 14 18 14 19 "
												                    >
													<Coordinate point="0.102550 -0.030733 -0.062886 -0.068117 -0.070385 0.076301 -0.102550 0.030733 0.062886 0.068117 0.070385 -0.076301 0.068117 0.070385 -0.076301 -0.102550 0.030733 0.062886 0.248919 0.214534 0.546208 0.419586 0.254186 0.407021 0.419586 0.254186 0.407021 0.248919 0.214534 0.546208 0.283352 0.113416 0.559622 0.454019 0.153068 0.420435 0.454019 0.153068 0.420435 0.283352 0.113416 0.559622 -0.068117 -0.070385 0.076301 0.102550 -0.030733 -0.062886 0.419586 0.254186 0.407021 0.454019 0.153068 0.420435 0.248919 0.214534 0.546208 0.283352 0.113416 0.559622 " />
													<Normal vector="0.300424 -0.609668 -0.733482 -0.580218 -0.814295 -0.015229 -0.949522 0.270211 -0.159124 -0.068850 0.474837 -0.877346 -0.068850 0.474837 -0.877346 -0.949522 0.270211 -0.159124 -0.300424 0.609668 0.733482 0.580218 0.814295 0.015229 0.580218 0.814295 0.015229 -0.300424 0.609668 0.733482 0.068850 -0.474837 0.877346 0.949522 -0.270211 0.159124 0.949522 -0.270211 0.159124 0.068850 -0.474837 0.877346 -0.580218 -0.814295 -0.015229 0.300424 -0.609668 -0.733482 0.580218 0.814295 0.015229 0.949522 -0.270211 0.159124 -0.300424 0.609668 0.733482 0.068850 -0.474837 0.877346 " />
													<TextureCoordinate point="0.0104 0.7684 0.1308 0.7684 0.1308 0.9819 0.0104 0.9819 0.0104 0.7684 0.1308 0.7684 0.1308 0.9819 0.0104 0.9819 0.0104 0.7684 0.1308 0.7684 0.1308 0.9819 0.0104 0.9819 0.0104 0.7684 0.1308 0.7684 0.1308 0.9819 0.0104 0.9819 0.1308 0.7684 0.1308 0.9819 0.0104 0.7684 0.0104 0.9819 " />
												</IndexedTriangleSet>
											</Shape>
										</Group>
									</Transform>
								</Transform>
								<Transform DEF="Cube_021_TRANSFORM"
								           translation="0.234636 0.116533 -0.027364"
								           scale="1.000000 1.000000 1.000000"
								           rotation="0.000000 1.000000 0.000000 0.000000"
								           >
									<Transform DEF="Cube_021_ifs_TRANSFORM"
									           translation="0.000000 0.000000 0.000000"
									           scale="1.000000 1.000000 1.000000"
									           rotation="0.000000 1.000000 0.000000 0.000000"
									           >
										<Group DEF="group_ME_Cube_060">
											<Shape>
												<Appearance>
													<Material USE="MA_Body" />
												</Appearance>
												<IndexedTriangleSet solid="false"
												                    normalPerVertex="true"
												                    index="0 1 2 0 2 3 4 5 6 4 6 7 8 9 10 8 10 11 12 13 14 12 14 15 4 16 17 4 17 15 18 5 14 18 14 19 "
												                    >
													<Coordinate point="0.030311 -0.044382 -0.084234 0.010078 -0.055399 0.082542 -0.030311 0.044382 0.084234 -0.010078 0.055399 -0.082542 -0.010078 0.055399 -0.082542 -0.030311 0.044382 0.084234 0.662409 0.323042 0.186680 0.682642 0.334059 0.019904 0.682642 0.334059 0.019904 0.662409 0.323042 0.186680 0.702798 0.223260 0.184988 0.723031 0.234278 0.018212 0.723031 0.234278 0.018212 0.702798 0.223260 0.184988 0.010078 -0.055399 0.082542 0.030311 -0.044382 -0.084234 0.682642 0.334059 0.019904 0.723031 0.234278 0.018212 0.662409 0.323042 0.186680 0.702798 0.223260 0.184988 " />
													<Normal vector="-0.244667 -0.710776 -0.659444 -0.383435 -0.786340 0.484359 -0.816614 0.283822 0.502487 -0.677877 0.359386 -0.641316 -0.677877 0.359386 -0.641316 -0.816614 0.283822 0.502487 0.244667 0.710776 0.659444 0.383435 0.786340 -0.484359 0.383435 0.786340 -0.484359 0.244667 0.710776 0.659444 0.677877 -0.359386 0.641316 0.816645 -0.283822 -0.502487 0.816645 -0.283822 -0.502487 0.677877 -0.359386 0.641316 -0.383435 -0.786340 0.484359 -0.244667 -0.710776 -0.659444 0.383435 0.786340 -0.484359 0.816645 -0.283822 -0.502487 0.244667 0.710776 0.659444 0.677877 -0.359386 0.641316 " />
													<TextureCoordinate point="0.0104 0.7684 0.1308 0.7684 0.1308 0.9819 0.0104 0.9819 0.0104 0.7684 0.1308 0.7684 0.1308 0.9819 0.0104 0.9819 0.0104 0.7684 0.1308 0.7684 0.1308 0.9819 0.0104 0.9819 0.0104 0.7684 0.1308 0.7684 0.1308 0.9819 0.0104 0.9819 0.1308 0.7684 0.1308 0.9819 0.0104 0.7684 0.0104 0.9819 " />
												</IndexedTriangleSet>
											</Shape>
										</Group>
									</Transform>
								</Transform>
							</Transform>
							<Transform DEF="Cube_006_TRANSFORM"
							           translation="0.000000 -1.024416 -0.618265"
							           scale="1.000000 1.000000 1.000000"
							           rotation="0.000000 1.000000 0.000000 0.000000"
							           >
								<Transform DEF="Cube_006_ifs_TRANSFORM"
								           translation="0.000000 0.000000 0.000000"
								           scale="1.000000 1.000000 1.000000"
								           rotation="0.000000 1.000000 0.000000 0.000000"
								           >
									<Group DEF="group_ME_Cube_055">
										<Shape>
											<Appearance>
												<Material USE="MA_Body" />
											</Appearance>
											<IndexedTriangleSet solid="false"
											                    normalPerVertex="true"
											                    index="0 1 2 0 2 3 4 5 6 4 6 7 8 9 10 8 10 11 12 13 14 12 14 15 4 16 17 4 17 15 18 5 14 18 14 19 "
											                    >
												<Coordinate point="-0.103019 0.092692 -0.081504 -0.103019 0.056859 -0.109553 -0.103019 -0.017917 -0.014024 -0.103019 0.017917 0.014024 -0.103019 0.017917 0.014024 -0.103019 -0.017917 -0.014024 0.103019 -0.017917 -0.014024 0.103019 0.017917 0.014024 0.103019 0.017917 0.014024 0.103019 -0.017917 -0.014024 0.103019 0.056859 -0.109553 0.103019 0.092692 -0.081504 0.103019 0.092692 -0.081504 0.103019 0.056859 -0.109553 -0.103019 0.056859 -0.109553 -0.103019 0.092692 -0.081504 0.103019 0.017917 0.014024 0.103019 0.092692 -0.081504 0.103019 -0.017917 -0.014024 0.103019 0.056859 -0.109553 " />
												<Normal vector="-0.577349 0.810480 -0.098758 -0.577349 -0.098758 -0.810480 -0.577349 -0.810480 0.098758 -0.577349 0.098758 0.810480 -0.577349 0.098758 0.810480 -0.577349 -0.810480 0.098758 0.577349 -0.810480 0.098758 0.577349 0.098758 0.810480 0.577349 0.098758 0.810480 0.577349 -0.810480 0.098758 0.577349 -0.098758 -0.810480 0.577349 0.810480 -0.098758 0.577349 0.810480 -0.098758 0.577349 -0.098758 -0.810480 -0.577349 -0.098758 -0.810480 -0.577349 0.810480 -0.098758 0.577349 0.098758 0.810480 0.577349 0.810480 -0.098758 0.577349 -0.810480 0.098758 0.577349 -0.098758 -0.810480 " />
												<TextureCoordinate point="0.0139 0.7686 0.1242 0.7686 0.1242 0.9755 0.0139 0.9755 0.0139 0.7686 0.1242 0.7686 0.1242 0.9755 0.0139 0.9755 0.0139 0.7686 0.1242 0.7686 0.1242 0.9755 0.0139 0.9755 0.0139 0.7686 0.1242 0.7686 0.1242 0.9755 0.0139 0.9755 0.1242 0.7686 0.1242 0.9755 0.0139 0.7686 0.0139 0.9755 " />
											</IndexedTriangleSet>
										</Shape>
									</Group>
								</Transform>
							</Transform>
							<Transform DEF="Cube_017_TRANSFORM"
							           translation="0.272285 -0.953823 -0.593889"
							           scale="1.000000 1.000000 1.000000"
							           rotation="0.000000 1.000000 0.000000 0.000000"
							           >
								<Transform DEF="Cube_017_ifs_TRANSFORM"
								           translation="0.000000 0.000000 0.000000"
								           scale="1.000000 1.000000 1.000000"
								           rotation="0.000000 1.000000 0.000000 0.000000"
								           >
									<Group DEF="group_ME_Cube_056">
										<Shape>
											<Appearance>
												<Material USE="MA_Body" />
											</Appearance>
											<IndexedTriangleSet solid="false"
											                    normalPerVertex="true"
											                    index="0 1 2 0 2 3 4 5 6 4 6 7 8 9 10 8 10 11 12 13 14 12 14 15 4 16 17 4 17 15 18 5 14 18 14 19 "
											                    >
												<Coordinate point="-0.163958 0.038259 -0.089297 -0.133238 -0.004315 -0.136195 -0.097939 -0.086981 -0.038028 -0.128659 -0.044406 0.008870 -0.128659 -0.044406 0.008870 -0.097939 -0.086981 -0.038028 0.128659 0.044406 -0.008870 0.097939 0.086981 0.038028 0.097939 0.086981 0.038028 0.128659 0.044406 -0.008870 0.093360 0.127071 -0.107037 0.062640 0.169646 -0.060139 0.062640 0.169646 -0.060139 0.093360 0.127071 -0.107037 -0.133238 -0.004315 -0.136195 -0.163958 0.038259 -0.089297 0.097939 0.086981 0.038028 0.062640 0.169646 -0.060139 0.128659 0.044406 -0.008870 0.093360 0.127071 -0.107037 " />
												<Normal vector="-0.901456 0.419904 -0.105045 -0.397534 -0.278420 -0.874294 -0.091311 -0.995544 -0.022675 -0.595203 -0.297220 0.746544 -0.595203 -0.297220 0.746544 -0.091311 -0.995544 -0.022675 0.901456 -0.419904 0.105045 0.397534 0.278420 0.874294 0.397534 0.278420 0.874294 0.901456 -0.419904 0.105045 0.595203 0.297220 -0.746544 0.091311 0.995544 0.022675 0.091311 0.995544 0.022675 0.595203 0.297220 -0.746544 -0.397534 -0.278420 -0.874294 -0.901456 0.419904 -0.105045 0.397534 0.278420 0.874294 0.091311 0.995544 0.022675 0.901456 -0.419904 0.105045 0.595203 0.297220 -0.746544 " />
												<TextureCoordinate point="0.0104 0.7684 0.1308 0.7684 0.1308 0.9819 0.0104 0.9819 0.0104 0.7684 0.1308 0.7684 0.1308 0.9819 0.0104 0.9819 0.0104 0.7684 0.1308 0.7684 0.1308 0.9819 0.0104 0.9819 0.0104 0.7684 0.1308 0.7684 0.1308 0.9819 0.0104 0.9819 0.1308 0.7684 0.1308 0.9819 0.0104 0.7684 0.0104 0.9819 " />
											</IndexedTriangleSet>
										</Shape>
									</Group>
								</Transform>
							</Transform>
							<Transform DEF="Cube_018_TRANSFORM"
							           translation="0.515269 -0.711418 -0.568755"
							           scale="1.000000 1.000000 1.000000"
							           rotation="0.000000 1.000000 0.000000 0.000000"
							           >
								<Transform DEF="Cube_018_ifs_TRANSFORM"
								           translation="0.000000 0.000000 0.000000"
								           scale="1.000000 1.000000 1.000000"
								           rotation="0.000000 1.000000 0.000000 0.000000"
								           >
									<Group DEF="group_ME_Cube_057">
										<Shape>
											<Appearance>
												<Material USE="MA_Body" />
											</Appearance>
											<IndexedTriangleSet solid="false"
											                    normalPerVertex="true"
											                    index="0 1 2 0 2 3 4 5 6 4 6 7 8 9 10 8 10 11 12 13 14 12 14 15 4 16 17 4 17 15 18 5 14 18 14 19 "
											                    >
												<Coordinate point="-0.177088 -0.066162 -0.127179 -0.151026 -0.087257 -0.146593 -0.095099 -0.139422 -0.014833 -0.121161 -0.118327 0.004581 -0.121161 -0.118327 0.004581 -0.095099 -0.139422 -0.014833 0.121161 0.118327 -0.004581 0.095099 0.139422 0.014833 0.095099 0.139422 0.014833 0.121161 0.118327 -0.004581 0.065235 0.170492 -0.136341 0.039172 0.191587 -0.116927 0.039172 0.191587 -0.116927 0.065235 0.170492 -0.136341 -0.151026 -0.087257 -0.146593 -0.177088 -0.066162 -0.127179 0.095099 0.139422 0.014833 0.039172 0.191587 -0.116927 0.121161 0.118327 -0.004581 0.065235 0.170492 -0.136341 " />
												<Normal vector="-0.971221 0.069948 -0.227607 -0.194494 -0.558733 -0.806207 0.229377 -0.954100 0.192419 -0.547319 -0.325419 0.771020 -0.547319 -0.325419 0.771020 0.229377 -0.954100 0.192419 0.971221 -0.069948 0.227607 0.194494 0.558733 0.806207 0.194494 0.558733 0.806207 0.971221 -0.069948 0.227607 0.547319 0.325419 -0.771020 -0.229377 0.954100 -0.192419 -0.229377 0.954100 -0.192419 0.547319 0.325419 -0.771020 -0.194494 -0.558733 -0.806207 -0.971221 0.069948 -0.227607 0.194494 0.558733 0.806207 -0.229377 0.954100 -0.192419 0.971221 -0.069948 0.227607 0.547319 0.325419 -0.771020 " />
												<TextureCoordinate point="0.0104 0.7684 0.1308 0.7684 0.1308 0.9819 0.0104 0.9819 0.0104 0.7684 0.1308 0.7684 0.1308 0.9819 0.0104 0.9819 0.0104 0.7684 0.1308 0.7684 0.1308 0.9819 0.0104 0.9819 0.0104 0.7684 0.1308 0.7684 0.1308 0.9819 0.0104 0.9819 0.1308 0.7684 0.1308 0.9819 0.0104 0.7684 0.0104 0.9819 " />
											</IndexedTriangleSet>
										</Shape>
									</Group>
								</Transform>
							</Transform>
							<Transform DEF="Plane_TRANSFORM"
							           translation="0.000000 -0.357751 0.495628"
							           scale="1.000000 1.000000 1.000000"
							           rotation="0.000000 1.000000 0.000000 0.000000"
							           >
								<Transform DEF="Plane_ifs_TRANSFORM"
								           translation="0.000000 0.000000 0.000000"
								           scale="1.000000 1.000000 1.000000"
								           rotation="0.000000 1.000000 0.000000 0.000000"
								           >
									<Group DEF="group_ME_Plane">
										<Shape>
											<Appearance>
												<Material USE="MA_Body" />
											</Appearance>
											<IndexedTriangleSet solid="false"
											                    normalPerVertex="true"
											                    index="0 1 2 0 2 3 "
											                    >
												<Coordinate point="-0.256614 0.000000 0.000000 0.256614 0.000000 0.000000 0.256614 0.572596 0.365400 -0.256614 0.572596 0.365400 " />
												<Normal vector="0.000000 -0.537919 0.842952 0.000000 -0.537919 0.842952 0.000000 -0.537919 0.842952 0.000000 -0.537919 0.842952 " />
												<TextureCoordinate point="0.0084 0.7798 0.1297 0.7798 0.1297 0.9767 0.0084 0.9767 " />
											</IndexedTriangleSet>
										</Shape>
									</Group>
								</Transform>
							</Transform>
							<Transform DEF="Plane_001_TRANSFORM"
							           translation="0.428762 -0.357751 0.391415"
							           scale="1.000000 1.000000 1.000000"
							           rotation="0.000000 1.000000 0.000000 0.000000"
							           >
								<Transform DEF="Plane_001_ifs_TRANSFORM"
								           translation="0.000000 0.000000 0.000000"
								           scale="1.000000 1.000000 1.000000"
								           rotation="0.000000 1.000000 0.000000 0.000000"
								           >
									<Group DEF="group_ME_Plane_001">
										<Shape>
											<Appearance>
												<Material USE="MA_Body" />
											</Appearance>
											<IndexedTriangleSet solid="false"
											                    normalPerVertex="true"
											                    index="0 1 2 0 2 3 "
											                    >
												<Coordinate point="-0.232663 0.006232 0.108074 0.232663 -0.006232 -0.108074 0.391950 0.577173 0.201199 -0.073376 0.589637 0.417348 " />
												<Normal vector="0.350658 -0.511551 0.784417 0.350658 -0.511551 0.784417 0.350658 -0.511551 0.784417 0.350658 -0.511551 0.784417 " />
												<TextureCoordinate point="0.0084 0.7798 0.1297 0.7798 0.1297 0.9767 0.0084 0.9767 " />
											</IndexedTriangleSet>
										</Shape>
									</Group>
								</Transform>
							</Transform>
							<Transform DEF="Plane_002_TRANSFORM"
							           translation="0.423899 -0.577745 -0.303303"
							           scale="1.000000 1.000000 1.000000"
							           rotation="0.000000 1.000000 0.000000 0.000000"
							           >
								<Transform DEF="Plane_002_ifs_TRANSFORM"
								           translation="0.000000 0.000000 0.000000"
								           scale="1.000000 1.000000 1.000000"
								           rotation="0.000000 1.000000 0.000000 0.000000"
								           >
									<Group DEF="group_ME_Plane_002">
										<Shape>
											<Appearance>
												<Material USE="MA_Body" />
											</Appearance>
											<IndexedTriangleSet solid="false"
											                    normalPerVertex="true"
											                    index="0 1 2 0 2 3 "
											                    >
												<Coordinate point="0.050362 0.011575 0.214305 -0.050362 -0.011575 -0.214305 0.561030 1.117599 -0.418971 0.661755 1.140748 0.009639 " />
												<Normal vector="0.852473 -0.493057 -0.173681 0.852473 -0.493057 -0.173681 0.852473 -0.493057 -0.173681 0.852473 -0.493057 -0.173681 " />
												<TextureCoordinate point="0.0084 0.7798 0.1297 0.7798 0.1297 0.9767 0.0084 0.9767 " />
											</IndexedTriangleSet>
										</Shape>
									</Group>
								</Transform>
							</Transform>
							<Transform DEF="Plane_003_TRANSFORM"
							           translation="0.461106 -0.519085 -0.055356"
							           scale="1.000000 1.000000 1.000000"
							           rotation="0.000000 1.000000 0.000000 0.000000"
							           >
								<Transform DEF="Plane_003_ifs_TRANSFORM"
								           translation="0.000000 0.000000 0.000000"
								           scale="1.000000 1.000000 1.000000"
								           rotation="0.000000 1.000000 0.000000 0.000000"
								           >
									<Group DEF="group_ME_Plane_003">
										<Shape>
											<Appearance>
												<Material USE="MA_Body" />
											</Appearance>
											<IndexedTriangleSet solid="false"
											                    normalPerVertex="true"
											                    index="0 1 2 0 2 3 "
											                    >
												<Coordinate point="-0.035476 0.019455 0.188255 0.035476 -0.019455 -0.188255 0.604991 0.963173 -0.182480 0.534039 1.002082 0.194031 " />
												<Normal vector="0.845332 -0.491165 0.210059 0.845332 -0.491165 0.210059 0.845332 -0.491165 0.210059 0.845332 -0.491165 0.210059 " />
												<TextureCoordinate point="0.0084 0.7798 0.1297 0.7798 0.1297 0.9767 0.0084 0.9767 " />
											</IndexedTriangleSet>
										</Shape>
									</Group>
								</Transform>
							</Transform>
							<Transform DEF="Plane_004_TRANSFORM"
							           translation="0.615490 -0.279161 0.049334"
							           scale="1.000000 1.000000 1.000000"
							           rotation="0.000000 1.000000 0.000000 0.000000"
							           >
								<Transform DEF="Plane_004_ifs_TRANSFORM"
								           translation="0.000000 0.000000 0.000000"
								           scale="1.000000 1.000000 1.000000"
								           rotation="0.000000 1.000000 0.000000 0.000000"
								           >
									<Group DEF="group_ME_Plane_004">
										<Shape>
											<Appearance>
												<Material USE="MA_Body" />
											</Appearance>
											<IndexedTriangleSet solid="false"
											                    normalPerVertex="true"
											                    index="0 1 2 0 2 3 "
											                    >
												<Coordinate point="-0.041859 -0.047198 0.129332 0.041859 0.047198 -0.129332 0.256019 0.524096 0.114020 0.172300 0.429700 0.372685 " />
												<Normal vector="0.881710 -0.456557 0.118748 0.881710 -0.456557 0.118748 0.881710 -0.456557 0.118748 0.881710 -0.456557 0.118748 " />
												<TextureCoordinate point="0.0084 0.7798 0.1297 0.7798 0.1297 0.9767 0.0084 0.9767 " />
											</IndexedTriangleSet>
										</Shape>
									</Group>
								</Transform>
							</Transform>
							<Transform DEF="Plane_005_TRANSFORM"
							           translation="0.588328 -0.321978 -0.462511"
							           scale="1.000000 1.000000 1.000000"
							           rotation="0.000000 1.000000 0.000000 0.000000"
							           >
								<Transform DEF="Plane_005_ifs_TRANSFORM"
								           translation="0.000000 0.000000 0.000000"
								           scale="1.000000 1.000000 1.000000"
								           rotation="0.000000 1.000000 0.000000 0.000000"
								           >
									<Group DEF="group_ME_Plane_005">
										<Shape>
											<Appearance>
												<Material USE="MA_Body" />
											</Appearance>
											<IndexedTriangleSet solid="false"
											                    normalPerVertex="true"
											                    index="0 1 2 0 2 3 "
											                    >
												<Coordinate point="0.029118 0.128016 0.155092 -0.029118 -0.128016 -0.155092 0.254255 0.436569 -0.674314 0.312492 0.692601 -0.364131 " />
												<Normal vector="0.927000 -0.355480 0.119358 0.927000 -0.355480 0.119358 0.927000 -0.355480 0.119358 0.927000 -0.355480 0.119358 " />
												<TextureCoordinate point="0.0084 0.7798 0.1297 0.7798 0.1297 0.9767 0.0084 0.9767 " />
											</IndexedTriangleSet>
										</Shape>
									</Group>
								</Transform>
							</Transform>
							<Transform DEF="Plane_006_TRANSFORM"
							           translation="0.151709 -0.462353 -0.863907"
							           scale="1.000000 1.000000 1.000000"
							           rotation="0.000000 1.000000 0.000000 0.000000"
							           >
								<Transform DEF="Plane_006_ifs_TRANSFORM"
								           translation="0.000000 0.000000 0.000000"
								           scale="1.000000 1.000000 1.000000"
								           rotation="0.000000 1.000000 0.000000 0.000000"
								           >
									<Group DEF="group_ME_Plane_006">
										<Shape>
											<Appearance>
												<Material USE="MA_Body" />
											</Appearance>
											<IndexedTriangleSet solid="false"
											                    normalPerVertex="true"
											                    index="0 1 2 0 2 3 "
											                    >
												<Coordinate point="-0.190904 0.000000 -0.022343 -0.169288 0.576606 -0.207034 0.212520 0.576606 -0.162348 0.190904 -0.000000 0.022343 " />
												<Normal vector="0.110630 -0.306925 -0.945280 0.110630 -0.306925 -0.945280 0.110630 -0.306925 -0.945280 0.110630 -0.306925 -0.945280 " />
												<TextureCoordinate point="0.0084 0.7798 0.0084 0.9767 0.1297 0.9767 0.1297 0.7798 " />
											</IndexedTriangleSet>
										</Shape>
									</Group>
								</Transform>
							</Transform>
							<Transform DEF="Plane_007_TRANSFORM"
							           translation="0.525058 -0.410902 -0.755196"
							           scale="1.000000 1.000000 1.000000"
							           rotation="0.000000 1.000000 0.000000 0.000000"
							           >
								<Transform DEF="Plane_007_ifs_TRANSFORM"
								           translation="0.000000 0.000000 0.000000"
								           scale="1.000000 1.000000 1.000000"
								           rotation="0.000000 1.000000 0.000000 0.000000"
								           >
									<Group DEF="group_ME_Plane_007">
										<Shape>
											<Appearance>
												<Material USE="MA_Body" />
											</Appearance>
											<IndexedTriangleSet solid="false"
											                    normalPerVertex="true"
											                    index="0 1 2 0 2 3 "
											                    >
												<Coordinate point="-0.145609 -0.016449 -0.124383 0.021951 0.502103 -0.389111 0.313168 0.535001 -0.140344 0.145609 0.016449 0.124383 " />
												<Normal vector="0.591266 -0.509995 -0.624714 0.591266 -0.509995 -0.624714 0.591266 -0.509995 -0.624714 0.591266 -0.509995 -0.624714 " />
												<TextureCoordinate point="0.0084 0.7798 0.0084 0.9767 0.1297 0.9767 0.1297 0.7798 " />
											</IndexedTriangleSet>
										</Shape>
									</Group>
								</Transform>
							</Transform>
							<Transform DEF="Plane_008_TRANSFORM"
							           translation="0.146553 -0.324162 0.293094"
							           scale="1.000000 1.000000 1.000000"
							           rotation="0.000000 1.000000 0.000000 0.000000"
							           >
								<Transform DEF="Plane_008_ifs_TRANSFORM"
								           translation="0.000000 0.000000 0.000000"
								           scale="1.000000 1.000000 1.000000"
								           rotation="0.000000 1.000000 0.000000 0.000000"
								           >
									<Group DEF="group_ME_Plane_008">
										<Shape>
											<Appearance>
												<Material USE="MA_Body" />
											</Appearance>
											<IndexedTriangleSet solid="false"
											                    normalPerVertex="true"
											                    index="0 1 2 0 2 3 "
											                    >
												<Coordinate point="-0.175093 0.068832 0.043925 0.175093 -0.068832 -0.043925 0.530323 0.573304 0.365851 0.180136 0.710967 0.453701 " />
												<Normal vector="0.000000 -0.537919 0.842952 0.000000 -0.537919 0.842952 0.000000 -0.537919 0.842952 0.000000 -0.537919 0.842952 " />
												<TextureCoordinate point="0.0084 0.7798 0.1297 0.7798 0.1297 0.9767 0.0084 0.9767 " />
											</IndexedTriangleSet>
										</Shape>
									</Group>
								</Transform>
							</Transform>
							<Transform DEF="eye_TRANSFORM"
							           translation="0.000000 -0.886381 -0.068138"
							           scale="1.000000 1.000000 1.000000"
							           rotation="0.000000 1.000000 0.000000 0.000000"
							           >
								<Transform DEF="eye_ifs_TRANSFORM"
								           translation="0.000000 0.000000 0.000000"
								           scale="1.000000 1.000000 1.000000"
								           rotation="0.000000 1.000000 0.000000 0.000000"
								           >
									<Group DEF="group_ME_head_001">
										<Shape>
											<Appearance>
												<Material DEF="MA_Head"
												          diffuseColor="0.800 0.800 0.800"
												          specularColor="0.401 0.401 0.401"
												          emissiveColor="0.000 0.000 0.000"
												          ambientIntensity="0.000"
												          shininess="0.500"
												          transparency="0.0"
												          />
											</Appearance>
											<IndexedTriangleSet solid="false"
											                    normalPerVertex="true"
											                    index="0 1 2 0 2 3 "
											                    >
												<Coordinate point="0.650712 0.007225 -0.256960 0.650712 -0.023606 0.144118 0.256436 -0.023606 0.144118 0.256436 0.007225 -0.256960 " />
												<Normal vector="0.000000 -0.997040 -0.076632 0.000000 -0.997040 -0.076632 0.000000 -0.997040 -0.076632 0.000000 -0.997040 -0.076632 " />
												<TextureCoordinate point="0.9999 0.4779 0.9999 0.9591 0.0001 0.9591 0.0001 0.4779 " />
											</IndexedTriangleSet>
										</Shape>
									</Group>
								</Transform>
							</Transform>
							<Transform DEF="eye_001_TRANSFORM"
							           translation="0.000000 -0.886381 -0.068138"
							           scale="1.000000 1.000000 1.000000"
							           rotation="0.000000 1.000000 0.000000 0.000000"
							           >
								<Transform DEF="eye_001_ifs_TRANSFORM"
								           translation="0.000000 0.000000 0.000000"
								           scale="1.000000 1.000000 1.000000"
								           rotation="0.000000 1.000000 0.000000 0.000000"
								           >
									<Group DEF="group_ME_head_002">
										<Shape>
											<Appearance>
												<Material USE="MA_Head" />
											</Appearance>
											<IndexedTriangleSet solid="false"
											                    normalPerVertex="true"
											                    index="0 1 2 0 2 3 "
											                    >
												<Coordinate point="-0.650712 0.007225 -0.256960 -0.256436 0.007225 -0.256960 -0.256436 -0.023606 0.144118 -0.650712 -0.023606 0.144118 " />
												<Normal vector="0.000000 -0.997040 -0.076632 0.000000 -0.997040 -0.076632 0.000000 -0.997040 -0.076632 0.000000 -0.997040 -0.076632 " />
												<TextureCoordinate point="0.9999 0.4779 0.0001 0.4779 0.0001 0.9591 0.9999 0.9591 " />
											</IndexedTriangleSet>
										</Shape>
									</Group>
								</Transform>
							</Transform>
							<Transform DEF="orl2_TRANSFORM"
							           translation="-0.521291 -0.314997 -0.024306"
							           scale="1.000000 1.000000 1.000000"
							           rotation="0.000000 1.000000 0.000000 0.000000"
							           >
								<Transform DEF="orl2_ifs_TRANSFORM"
								           translation="0.000000 0.000000 0.000000"
								           scale="1.000000 1.000000 1.000000"
								           rotation="0.000000 1.000000 0.000000 0.000000"
								           >
									<Group DEF="group_ME_orl2">
										<Shape>
											<Appearance>
												<Material USE="MA_Body" />
											</Appearance>
											<IndexedTriangleSet solid="false"
											                    normalPerVertex="true"
											                    index="0 1 2 0 2 3 4 5 6 4 6 7 8 9 10 8 10 11 12 13 14 12 14 15 4 13 16 4 16 17 18 19 14 18 14 7 "
											                    >
												<Coordinate point="-0.135414 -0.043605 -0.225494 -0.071555 0.112131 -0.231069 0.135414 0.043605 0.225494 0.071555 -0.112131 0.231069 -0.071555 0.112131 -0.231069 -0.813875 0.430274 0.153190 -0.606907 0.361747 0.609753 0.135414 0.043605 0.225494 -0.813875 0.430274 0.153190 -0.877735 0.274537 0.158764 -0.670766 0.206011 0.615327 -0.606907 0.361747 0.609753 -0.877735 0.274537 0.158764 -0.135414 -0.043605 -0.225494 0.071555 -0.112131 0.231069 -0.670766 0.206011 0.615327 -0.877735 0.274537 0.158764 -0.813875 0.430274 0.153190 -0.606907 0.361747 0.609753 -0.670766 0.206011 0.615327 " />
												<Normal vector="0.024079 -0.661061 -0.749931 0.461928 0.406690 -0.788141 0.934294 0.250313 0.253822 0.496445 -0.817438 0.292032 0.461928 0.406690 -0.788141 -0.496445 0.817438 -0.292032 -0.024079 0.661061 0.749931 0.934294 0.250313 0.253822 -0.496445 0.817438 -0.292032 -0.934294 -0.250313 -0.253822 -0.461928 -0.406690 0.788141 -0.024079 0.661061 0.749931 -0.934294 -0.250313 -0.253822 0.024079 -0.661061 -0.749931 0.496445 -0.817438 0.292032 -0.461928 -0.406690 0.788141 -0.934294 -0.250313 -0.253822 -0.496445 0.817438 -0.292032 -0.024079 0.661061 0.749931 -0.461928 -0.406690 0.788141 " />
												<TextureCoordinate point="0.0104 0.7684 0.0104 0.9819 0.1308 0.9819 0.1308 0.7684 0.0104 0.7684 0.0104 0.9819 0.1308 0.9819 0.1308 0.7684 0.0104 0.7684 0.0104 0.9819 0.1308 0.9819 0.1308 0.7684 0.0104 0.7684 0.0104 0.9819 0.1308 0.9819 0.1308 0.7684 0.1308 0.9819 0.1308 0.7684 0.0104 0.7684 0.0104 0.9819 " />
											</IndexedTriangleSet>
										</Shape>
									</Group>
								</Transform>
								<Transform DEF="Cube_003_TRANSFORM"
								           translation="-0.682850 0.294095 0.393720"
								           scale="1.000000 1.000000 1.000000"
								           rotation="0.000000 1.000000 0.000000 0.000000"
								           >
									<Transform DEF="Cube_003_ifs_TRANSFORM"
									           translation="0.000000 0.000000 0.000000"
									           scale="1.000000 1.000000 1.000000"
									           rotation="0.000000 1.000000 0.000000 0.000000"
									           >
										<Group DEF="group_ME_Cube_003">
											<Shape>
												<Appearance>
													<Material USE="MA_Body" />
												</Appearance>
												<IndexedTriangleSet solid="false"
												                    normalPerVertex="true"
												                    index="0 1 2 0 2 3 4 5 6 4 6 7 8 9 10 8 10 11 12 13 14 12 14 15 4 13 16 4 16 17 18 19 14 18 14 7 "
												                    >
													<Coordinate point="-0.068201 -0.038946 -0.099508 -0.023775 0.069399 -0.103386 0.068201 0.038946 0.099508 0.023775 -0.069399 0.103386 -0.023775 0.069399 -0.103386 -0.296015 0.186075 0.037538 -0.204039 0.155622 0.240432 0.068201 0.038946 0.099508 -0.296015 0.186075 0.037538 -0.340442 0.077730 0.041416 -0.248466 0.047278 0.244310 -0.204039 0.155622 0.240432 -0.340442 0.077730 0.041416 -0.068201 -0.038946 -0.099508 0.023775 -0.069399 0.103386 -0.248466 0.047278 0.244310 -0.340442 0.077730 0.041416 -0.296015 0.186075 0.037538 -0.204039 0.155622 0.240432 -0.248466 0.047278 0.244310 " />
													<Normal vector="0.024079 -0.661061 -0.749931 0.461928 0.406690 -0.788141 0.934294 0.250313 0.253822 0.496445 -0.817438 0.292032 0.461928 0.406690 -0.788141 -0.496445 0.817438 -0.292032 -0.024079 0.661061 0.749931 0.934294 0.250313 0.253822 -0.496445 0.817438 -0.292032 -0.934294 -0.250313 -0.253822 -0.461928 -0.406690 0.788141 -0.024079 0.661061 0.749931 -0.934294 -0.250313 -0.253822 0.024079 -0.661061 -0.749931 0.496445 -0.817438 0.292032 -0.461928 -0.406690 0.788141 -0.934294 -0.250313 -0.253822 -0.496445 0.817438 -0.292032 -0.024079 0.661061 0.749931 -0.461928 -0.406690 0.788141 " />
													<TextureCoordinate point="0.0104 0.7684 0.0104 0.9819 0.1308 0.9819 0.1308 0.7684 0.0104 0.7684 0.0104 0.9819 0.1308 0.9819 0.1308 0.7684 0.0104 0.7684 0.0104 0.9819 0.1308 0.9819 0.1308 0.7684 0.0104 0.7684 0.0104 0.9819 0.1308 0.9819 0.1308 0.7684 0.1308 0.9819 0.1308 0.7684 0.0104 0.7684 0.0104 0.9819 " />
												</IndexedTriangleSet>
											</Shape>
										</Group>
									</Transform>
								</Transform>
								<Transform DEF="Cube_004_TRANSFORM"
								           translation="-0.198460 0.090092 0.243433"
								           scale="1.000000 1.000000 1.000000"
								           rotation="0.000000 1.000000 0.000000 0.000000"
								           >
									<Transform DEF="Cube_004_ifs_TRANSFORM"
									           translation="0.000000 0.000000 0.000000"
									           scale="1.000000 1.000000 1.000000"
									           rotation="0.000000 1.000000 0.000000 0.000000"
									           >
										<Group DEF="group_ME_Cube_004">
											<Shape>
												<Appearance>
													<Material USE="MA_Body" />
												</Appearance>
												<IndexedTriangleSet solid="false"
												                    normalPerVertex="true"
												                    index="0 1 2 0 2 3 4 5 6 4 6 7 8 9 10 8 10 11 12 13 14 12 14 15 4 13 16 4 16 17 18 19 14 18 14 7 "
												                    >
													<Coordinate point="-0.102550 -0.030733 -0.062886 -0.068117 0.070385 -0.076301 0.102550 0.030733 0.062886 0.068117 -0.070385 0.076301 -0.068117 0.070385 -0.076301 -0.419586 0.254186 0.407021 -0.248919 0.214534 0.546208 0.102550 0.030733 0.062886 -0.419586 0.254186 0.407021 -0.454019 0.153068 0.420435 -0.283352 0.113416 0.559622 -0.248919 0.214534 0.546208 -0.454019 0.153068 0.420435 -0.102550 -0.030733 -0.062886 0.068117 -0.070385 0.076301 -0.283352 0.113416 0.559622 -0.454019 0.153068 0.420435 -0.419586 0.254186 0.407021 -0.248919 0.214534 0.546208 -0.283352 0.113416 0.559622 " />
													<Normal vector="-0.300424 -0.609668 -0.733482 0.068850 0.474837 -0.877346 0.949522 0.270211 -0.159124 0.580218 -0.814295 -0.015229 0.068850 0.474837 -0.877346 -0.580218 0.814295 0.015229 0.300424 0.609668 0.733482 0.949522 0.270211 -0.159124 -0.580218 0.814295 0.015229 -0.949522 -0.270211 0.159124 -0.068850 -0.474837 0.877346 0.300424 0.609668 0.733482 -0.949522 -0.270211 0.159124 -0.300424 -0.609668 -0.733482 0.580218 -0.814295 -0.015229 -0.068850 -0.474837 0.877346 -0.949522 -0.270211 0.159124 -0.580218 0.814295 0.015229 0.300424 0.609668 0.733482 -0.068850 -0.474837 0.877346 " />
													<TextureCoordinate point="0.0104 0.7684 0.0104 0.9819 0.1308 0.9819 0.1308 0.7684 0.0104 0.7684 0.0104 0.9819 0.1308 0.9819 0.1308 0.7684 0.0104 0.7684 0.0104 0.9819 0.1308 0.9819 0.1308 0.7684 0.0104 0.7684 0.0104 0.9819 0.1308 0.9819 0.1308 0.7684 0.1308 0.9819 0.1308 0.7684 0.0104 0.7684 0.0104 0.9819 " />
												</IndexedTriangleSet>
											</Shape>
										</Group>
									</Transform>
								</Transform>
								<Transform DEF="Cube_005_TRANSFORM"
								           translation="-0.234636 0.116533 -0.027364"
								           scale="1.000000 1.000000 1.000000"
								           rotation="0.000000 1.000000 0.000000 0.000000"
								           >
									<Transform DEF="Cube_005_ifs_TRANSFORM"
									           translation="0.000000 0.000000 0.000000"
									           scale="1.000000 1.000000 1.000000"
									           rotation="0.000000 1.000000 0.000000 0.000000"
									           >
										<Group DEF="group_ME_Cube_005">
											<Shape>
												<Appearance>
													<Material USE="MA_Body" />
												</Appearance>
												<IndexedTriangleSet solid="false"
												                    normalPerVertex="true"
												                    index="0 1 2 0 2 3 4 5 6 4 6 7 8 9 10 8 10 11 12 13 14 12 14 15 4 13 16 4 16 17 18 19 14 18 14 7 "
												                    >
													<Coordinate point="-0.030311 -0.044382 -0.084234 0.010078 0.055400 -0.082542 0.030311 0.044382 0.084234 -0.010078 -0.055400 0.082542 0.010078 0.055400 -0.082542 -0.682642 0.334059 0.019904 -0.662409 0.323042 0.186680 0.030311 0.044382 0.084234 -0.682642 0.334059 0.019904 -0.723031 0.234278 0.018212 -0.702798 0.223260 0.184988 -0.662409 0.323042 0.186680 -0.723031 0.234278 0.018212 -0.030311 -0.044382 -0.084234 -0.010078 -0.055400 0.082542 -0.702798 0.223260 0.184988 -0.723031 0.234278 0.018212 -0.682642 0.334059 0.019904 -0.662409 0.323042 0.186680 -0.702798 0.223260 0.184988 " />
													<Normal vector="0.244667 -0.710776 -0.659444 0.677877 0.359386 -0.641316 0.816614 0.283822 0.502487 0.383435 -0.786340 0.484359 0.677877 0.359386 -0.641316 -0.383435 0.786340 -0.484359 -0.244667 0.710776 0.659444 0.816614 0.283822 0.502487 -0.383435 0.786340 -0.484359 -0.816645 -0.283822 -0.502487 -0.677877 -0.359386 0.641316 -0.244667 0.710776 0.659444 -0.816645 -0.283822 -0.502487 0.244667 -0.710776 -0.659444 0.383435 -0.786340 0.484359 -0.677877 -0.359386 0.641316 -0.816645 -0.283822 -0.502487 -0.383435 0.786340 -0.484359 -0.244667 0.710776 0.659444 -0.677877 -0.359386 0.641316 " />
													<TextureCoordinate point="0.0104 0.7684 0.0104 0.9819 0.1308 0.9819 0.1308 0.7684 0.0104 0.7684 0.0104 0.9819 0.1308 0.9819 0.1308 0.7684 0.0104 0.7684 0.0104 0.9819 0.1308 0.9819 0.1308 0.7684 0.0104 0.7684 0.0104 0.9819 0.1308 0.9819 0.1308 0.7684 0.1308 0.9819 0.1308 0.7684 0.0104 0.7684 0.0104 0.9819 " />
												</IndexedTriangleSet>
											</Shape>
										</Group>
									</Transform>
								</Transform>
							</Transform>
							<Transform DEF="Cube_001_TRANSFORM"
							           translation="-0.272285 -0.953823 -0.593889"
							           scale="1.000000 1.000000 1.000000"
							           rotation="0.000000 1.000000 0.000000 0.000000"
							           >
								<Transform DEF="Cube_001_ifs_TRANSFORM"
								           translation="0.000000 0.000000 0.000000"
								           scale="1.000000 1.000000 1.000000"
								           rotation="0.000000 1.000000 0.000000 0.000000"
								           >
									<Group DEF="group_ME_Cube_001">
										<Shape>
											<Appearance>
												<Material USE="MA_Body" />
											</Appearance>
											<IndexedTriangleSet solid="false"
											                    normalPerVertex="true"
											                    index="0 1 2 0 2 3 4 5 6 4 6 7 8 9 10 8 10 11 12 13 14 12 14 15 4 13 16 4 16 17 18 19 14 18 14 7 "
											                    >
												<Coordinate point="0.163958 0.038259 -0.089297 0.128659 -0.044406 0.008870 0.097939 -0.086981 -0.038028 0.133238 -0.004315 -0.136195 0.128659 -0.044406 0.008870 -0.097939 0.086981 0.038028 -0.128659 0.044406 -0.008870 0.097939 -0.086981 -0.038028 -0.097939 0.086981 0.038028 -0.062640 0.169646 -0.060139 -0.093360 0.127071 -0.107037 -0.128659 0.044406 -0.008870 -0.062640 0.169646 -0.060139 0.163958 0.038259 -0.089297 0.133238 -0.004315 -0.136195 -0.093360 0.127071 -0.107037 -0.062640 0.169646 -0.060139 -0.097939 0.086981 0.038028 -0.128659 0.044406 -0.008870 -0.093360 0.127071 -0.107037 " />
												<Normal vector="0.901456 0.419904 -0.105045 0.595203 -0.297220 0.746544 0.091311 -0.995544 -0.022675 0.397534 -0.278420 -0.874294 0.595203 -0.297220 0.746544 -0.397534 0.278420 0.874294 -0.901456 -0.419904 0.105045 0.091311 -0.995544 -0.022675 -0.397534 0.278420 0.874294 -0.091311 0.995544 0.022675 -0.595203 0.297220 -0.746544 -0.901456 -0.419904 0.105045 -0.091311 0.995544 0.022675 0.901456 0.419904 -0.105045 0.397534 -0.278420 -0.874294 -0.595203 0.297220 -0.746544 -0.091311 0.995544 0.022675 -0.397534 0.278420 0.874294 -0.901456 -0.419904 0.105045 -0.595203 0.297220 -0.746544 " />
												<TextureCoordinate point="0.0104 0.7684 0.0104 0.9819 0.1308 0.9819 0.1308 0.7684 0.0104 0.7684 0.0104 0.9819 0.1308 0.9819 0.1308 0.7684 0.0104 0.7684 0.0104 0.9819 0.1308 0.9819 0.1308 0.7684 0.0104 0.7684 0.0104 0.9819 0.1308 0.9819 0.1308 0.7684 0.1308 0.9819 0.1308 0.7684 0.0104 0.7684 0.0104 0.9819 " />
											</IndexedTriangleSet>
										</Shape>
									</Group>
								</Transform>
							</Transform>
							<Transform DEF="Cube_002_TRANSFORM"
							           translation="-0.515269 -0.711418 -0.568755"
							           scale="1.000000 1.000000 1.000000"
							           rotation="0.000000 1.000000 0.000000 0.000000"
							           >
								<Transform DEF="Cube_002_ifs_TRANSFORM"
								           translation="0.000000 0.000000 0.000000"
								           scale="1.000000 1.000000 1.000000"
								           rotation="0.000000 1.000000 0.000000 0.000000"
								           >
									<Group DEF="group_ME_Cube_002">
										<Shape>
											<Appearance>
												<Material USE="MA_Body" />
											</Appearance>
											<IndexedTriangleSet solid="false"
											                    normalPerVertex="true"
											                    index="0 1 2 0 2 3 4 5 6 4 6 7 8 9 10 8 10 11 12 13 14 12 14 15 4 13 16 4 16 17 18 19 14 18 14 7 "
											                    >
												<Coordinate point="0.177088 -0.066162 -0.127179 0.121161 -0.118327 0.004581 0.095099 -0.139422 -0.014833 0.151026 -0.087257 -0.146593 0.121161 -0.118327 0.004581 -0.095099 0.139422 0.014833 -0.121161 0.118327 -0.004581 0.095099 -0.139422 -0.014833 -0.095099 0.139422 0.014833 -0.039172 0.191588 -0.116927 -0.065235 0.170492 -0.136341 -0.121161 0.118327 -0.004581 -0.039172 0.191588 -0.116927 0.177088 -0.066162 -0.127179 0.151026 -0.087257 -0.146593 -0.065235 0.170492 -0.136341 -0.039172 0.191588 -0.116927 -0.095099 0.139422 0.014833 -0.121161 0.118327 -0.004581 -0.065235 0.170492 -0.136341 " />
												<Normal vector="0.971221 0.069948 -0.227607 0.547319 -0.325419 0.771020 -0.229377 -0.954100 0.192419 0.194494 -0.558733 -0.806207 0.547319 -0.325419 0.771020 -0.194494 0.558733 0.806207 -0.971221 -0.069948 0.227607 -0.229377 -0.954100 0.192419 -0.194494 0.558733 0.806207 0.229377 0.954100 -0.192419 -0.547319 0.325419 -0.771020 -0.971221 -0.069948 0.227607 0.229377 0.954100 -0.192419 0.971221 0.069948 -0.227607 0.194494 -0.558733 -0.806207 -0.547319 0.325419 -0.771020 0.229377 0.954100 -0.192419 -0.194494 0.558733 0.806207 -0.971221 -0.069948 0.227607 -0.547319 0.325419 -0.771020 " />
												<TextureCoordinate point="0.0104 0.7684 0.0104 0.9819 0.1308 0.9819 0.1308 0.7684 0.0104 0.7684 0.0104 0.9819 0.1308 0.9819 0.1308 0.7684 0.0104 0.7684 0.0104 0.9819 0.1308 0.9819 0.1308 0.7684 0.0104 0.7684 0.0104 0.9819 0.1308 0.9819 0.1308 0.7684 0.1308 0.9819 0.1308 0.7684 0.0104 0.7684 0.0104 0.9819 " />
											</IndexedTriangleSet>
										</Shape>
									</Group>
								</Transform>
							</Transform>
							<Transform DEF="Plane_034_TRANSFORM"
							           translation="-0.428762 -0.357751 0.391415"
							           scale="1.000000 1.000000 1.000000"
							           rotation="0.000000 1.000000 0.000000 0.000000"
							           >
								<Transform DEF="Plane_034_ifs_TRANSFORM"
								           translation="0.000000 0.000000 0.000000"
								           scale="1.000000 1.000000 1.000000"
								           rotation="0.000000 1.000000 0.000000 0.000000"
								           >
									<Group DEF="group_ME_Plane_047">
										<Shape>
											<Appearance>
												<Material USE="MA_Body" />
											</Appearance>
											<IndexedTriangleSet solid="false"
											                    normalPerVertex="true"
											                    index="0 1 2 0 2 3 "
											                    >
												<Coordinate point="0.232663 0.006232 0.108074 0.073376 0.589637 0.417348 -0.391950 0.577173 0.201199 -0.232663 -0.006232 -0.108074 " />
												<Normal vector="-0.350658 -0.511551 0.784417 -0.350658 -0.511551 0.784417 -0.350658 -0.511551 0.784417 -0.350658 -0.511551 0.784417 " />
												<TextureCoordinate point="0.0084 0.7798 0.0084 0.9767 0.1297 0.9767 0.1297 0.7798 " />
											</IndexedTriangleSet>
										</Shape>
									</Group>
								</Transform>
							</Transform>
							<Transform DEF="Plane_037_TRANSFORM"
							           translation="-0.423899 -0.577745 -0.303303"
							           scale="1.000000 1.000000 1.000000"
							           rotation="0.000000 1.000000 0.000000 0.000000"
							           >
								<Transform DEF="Plane_037_ifs_TRANSFORM"
								           translation="0.000000 0.000000 0.000000"
								           scale="1.000000 1.000000 1.000000"
								           rotation="0.000000 1.000000 0.000000 0.000000"
								           >
									<Group DEF="group_ME_Plane_048">
										<Shape>
											<Appearance>
												<Material USE="MA_Body" />
											</Appearance>
											<IndexedTriangleSet solid="false"
											                    normalPerVertex="true"
											                    index="0 1 2 0 2 3 "
											                    >
												<Coordinate point="-0.050362 0.011575 0.214305 -0.661755 1.140748 0.009639 -0.561030 1.117599 -0.418971 0.050362 -0.011575 -0.214305 " />
												<Normal vector="-0.852473 -0.493057 -0.173681 -0.852473 -0.493057 -0.173681 -0.852473 -0.493057 -0.173681 -0.852473 -0.493057 -0.173681 " />
												<TextureCoordinate point="0.0084 0.7798 0.0084 0.9767 0.1297 0.9767 0.1297 0.7798 " />
											</IndexedTriangleSet>
										</Shape>
									</Group>
								</Transform>
							</Transform>
							<Transform DEF="Plane_042_TRANSFORM"
							           translation="-0.461106 -0.519085 -0.055356"
							           scale="1.000000 1.000000 1.000000"
							           rotation="0.000000 1.000000 0.000000 0.000000"
							           >
								<Transform DEF="Plane_042_ifs_TRANSFORM"
								           translation="0.000000 0.000000 0.000000"
								           scale="1.000000 1.000000 1.000000"
								           rotation="0.000000 1.000000 0.000000 0.000000"
								           >
									<Group DEF="group_ME_Plane_049">
										<Shape>
											<Appearance>
												<Material USE="MA_Body" />
											</Appearance>
											<IndexedTriangleSet solid="false"
											                    normalPerVertex="true"
											                    index="0 1 2 0 2 3 "
											                    >
												<Coordinate point="0.035476 0.019455 0.188255 -0.534039 1.002082 0.194031 -0.604991 0.963173 -0.182480 -0.035476 -0.019455 -0.188255 " />
												<Normal vector="-0.845332 -0.491165 0.210059 -0.845332 -0.491165 0.210059 -0.845332 -0.491165 0.210059 -0.845332 -0.491165 0.210059 " />
												<TextureCoordinate point="0.0084 0.7798 0.0084 0.9767 0.1297 0.9767 0.1297 0.7798 " />
											</IndexedTriangleSet>
										</Shape>
									</Group>
								</Transform>
							</Transform>
							<Transform DEF="Plane_047_TRANSFORM"
							           translation="-0.588328 -0.321978 -0.462511"
							           scale="1.000000 1.000000 1.000000"
							           rotation="0.000000 1.000000 0.000000 0.000000"
							           >
								<Transform DEF="Plane_047_ifs_TRANSFORM"
								           translation="0.000000 0.000000 0.000000"
								           scale="1.000000 1.000000 1.000000"
								           rotation="0.000000 1.000000 0.000000 0.000000"
								           >
									<Group DEF="group_ME_Plane_050">
										<Shape>
											<Appearance>
												<Material USE="MA_Body" />
											</Appearance>
											<IndexedTriangleSet solid="false"
											                    normalPerVertex="true"
											                    index="0 1 2 0 2 3 "
											                    >
												<Coordinate point="-0.029118 0.128016 0.155092 -0.312492 0.692601 -0.364131 -0.254255 0.436569 -0.674314 0.029118 -0.128016 -0.155092 " />
												<Normal vector="-0.927000 -0.355480 0.119358 -0.927000 -0.355480 0.119358 -0.927000 -0.355480 0.119358 -0.927000 -0.355480 0.119358 " />
												<TextureCoordinate point="0.0084 0.7798 0.0084 0.9767 0.1297 0.9767 0.1297 0.7798 " />
											</IndexedTriangleSet>
										</Shape>
									</Group>
								</Transform>
							</Transform>
							<Transform DEF="Plane_048_TRANSFORM"
							           translation="-0.151709 -0.462353 -0.863907"
							           scale="1.000000 1.000000 1.000000"
							           rotation="0.000000 1.000000 0.000000 0.000000"
							           >
								<Transform DEF="Plane_048_ifs_TRANSFORM"
								           translation="0.000000 0.000000 0.000000"
								           scale="1.000000 1.000000 1.000000"
								           rotation="0.000000 1.000000 0.000000 0.000000"
								           >
									<Group DEF="group_ME_Plane_051">
										<Shape>
											<Appearance>
												<Material USE="MA_Body" />
											</Appearance>
											<IndexedTriangleSet solid="false"
											                    normalPerVertex="true"
											                    index="0 1 2 0 2 3 "
											                    >
												<Coordinate point="0.190904 0.000000 -0.022343 -0.190904 -0.000000 0.022343 -0.212520 0.576606 -0.162347 0.169288 0.576606 -0.207034 " />
												<Normal vector="-0.110630 -0.306925 -0.945280 -0.110630 -0.306925 -0.945280 -0.110630 -0.306925 -0.945280 -0.110630 -0.306925 -0.945280 " />
												<TextureCoordinate point="0.0084 0.7798 0.1297 0.7798 0.1297 0.9767 0.0084 0.9767 " />
											</IndexedTriangleSet>
										</Shape>
									</Group>
								</Transform>
							</Transform>
							<Transform DEF="Plane_049_TRANSFORM"
							           translation="-0.525058 -0.410902 -0.755196"
							           scale="1.000000 1.000000 1.000000"
							           rotation="0.000000 1.000000 0.000000 0.000000"
							           >
								<Transform DEF="Plane_049_ifs_TRANSFORM"
								           translation="0.000000 0.000000 0.000000"
								           scale="1.000000 1.000000 1.000000"
								           rotation="0.000000 1.000000 0.000000 0.000000"
								           >
									<Group DEF="group_ME_Plane_052">
										<Shape>
											<Appearance>
												<Material USE="MA_Body" />
											</Appearance>
											<IndexedTriangleSet solid="false"
											                    normalPerVertex="true"
											                    index="0 1 2 0 2 3 "
											                    >
												<Coordinate point="0.145609 -0.016449 -0.124383 -0.145609 0.016449 0.124383 -0.313168 0.535001 -0.140344 -0.021951 0.502103 -0.389111 " />
												<Normal vector="-0.591266 -0.509995 -0.624714 -0.591266 -0.509995 -0.624714 -0.591266 -0.509995 -0.624714 -0.591266 -0.509995 -0.624714 " />
												<TextureCoordinate point="0.0084 0.7798 0.1297 0.7798 0.1297 0.9767 0.0084 0.9767 " />
											</IndexedTriangleSet>
										</Shape>
									</Group>
								</Transform>
							</Transform>
							<Transform DEF="Plane_078_TRANSFORM"
							           translation="-0.615490 -0.279161 0.049334"
							           scale="1.000000 1.000000 1.000000"
							           rotation="0.000000 1.000000 0.000000 0.000000"
							           >
								<Transform DEF="Plane_078_ifs_TRANSFORM"
								           translation="0.000000 0.000000 0.000000"
								           scale="1.000000 1.000000 1.000000"
								           rotation="0.000000 1.000000 0.000000 0.000000"
								           >
									<Group DEF="group_ME_Plane_081">
										<Shape>
											<Appearance>
												<Material USE="MA_Body" />
											</Appearance>
											<IndexedTriangleSet solid="false"
											                    normalPerVertex="true"
											                    index="0 1 2 0 2 3 "
											                    >
												<Coordinate point="0.041859 -0.047198 0.129332 -0.172300 0.429700 0.372685 -0.256019 0.524096 0.114020 -0.041859 0.047198 -0.129332 " />
												<Normal vector="-0.881710 -0.456557 0.118748 -0.881710 -0.456557 0.118748 -0.881710 -0.456557 0.118748 -0.881710 -0.456557 0.118748 " />
												<TextureCoordinate point="0.0084 0.7798 0.0084 0.9767 0.1297 0.9767 0.1297 0.7798 " />
											</IndexedTriangleSet>
										</Shape>
									</Group>
								</Transform>
							</Transform>
							<Transform DEF="Plane_079_TRANSFORM"
							           translation="-0.146553 -0.324162 0.293094"
							           scale="1.000000 1.000000 1.000000"
							           rotation="0.000000 1.000000 0.000000 0.000000"
							           >
								<Transform DEF="Plane_079_ifs_TRANSFORM"
								           translation="0.000000 0.000000 0.000000"
								           scale="1.000000 1.000000 1.000000"
								           rotation="0.000000 1.000000 0.000000 0.000000"
								           >
									<Group DEF="group_ME_Plane_082">
										<Shape>
											<Appearance>
												<Material USE="MA_Body" />
											</Appearance>
											<IndexedTriangleSet solid="false"
											                    normalPerVertex="true"
											                    index="0 1 2 0 2 3 "
											                    >
												<Coordinate point="0.175093 0.068832 0.043925 -0.180136 0.710967 0.453701 -0.530323 0.573304 0.365852 -0.175093 -0.068832 -0.043925 " />
												<Normal vector="0.000000 -0.537919 0.842952 0.000000 -0.537919 0.842952 0.000000 -0.537919 0.842952 0.000000 -0.537919 0.842952 " />
												<TextureCoordinate point="0.0084 0.7798 0.0084 0.9767 0.1297 0.9767 0.1297 0.7798 " />
											</IndexedTriangleSet>
										</Shape>
									</Group>
								</Transform>
							</Transform>
						</Transform>
						<Transform DEF="Plane_009_TRANSFORM"
						           translation="0.000000 -0.592057 0.639476"
						           scale="1.000000 1.000000 1.000000"
						           rotation="0.000000 1.000000 0.000000 0.000000"
						           >
							<Transform DEF="Plane_009_ifs_TRANSFORM"
							           translation="0.000000 0.000000 0.000000"
							           scale="1.000000 1.000000 1.000000"
							           rotation="0.000000 1.000000 0.000000 0.000000"
							           >
								<Group DEF="group_ME_Plane_009">
									<Shape>
										<Appearance>
											<Material USE="MA_Body" />
										</Appearance>
										<IndexedTriangleSet solid="false"
										                    normalPerVertex="true"
										                    index="0 1 2 0 2 3 "
										                    >
											<Coordinate point="-0.261381 0.000000 0.000000 0.261381 0.000000 0.000000 0.261381 0.776160 0.536488 -0.261381 0.776160 0.536488 " />
											<Normal vector="0.000000 -0.568590 0.822596 0.000000 -0.568590 0.822596 0.000000 -0.568590 0.822596 0.000000 -0.568590 0.822596 " />
											<TextureCoordinate point="0.0084 0.5287 0.1297 0.5287 0.1297 0.7255 0.0084 0.7255 " />
										</IndexedTriangleSet>
									</Shape>
								</Group>
							</Transform>
						</Transform>
						<Transform DEF="Plane_010_TRANSFORM"
						           translation="0.486543 -0.592057 0.568824"
						           scale="1.000000 1.000000 1.000000"
						           rotation="0.000000 1.000000 0.000000 0.000000"
						           >
							<Transform DEF="Plane_010_ifs_TRANSFORM"
							           translation="0.000000 0.000000 0.000000"
							           scale="1.000000 1.000000 1.000000"
							           rotation="0.000000 1.000000 0.000000 0.000000"
							           >
								<Group DEF="group_ME_Plane_010">
									<Shape>
										<Appearance>
											<Material USE="MA_Body" />
										</Appearance>
										<IndexedTriangleSet solid="false"
										                    normalPerVertex="true"
										                    index="0 1 2 0 2 3 "
										                    >
											<Coordinate point="-0.221907 -0.042112 0.060925 0.221907 0.042112 -0.060925 0.221907 0.709732 0.400539 -0.221907 0.625508 0.522389 " />
											<Normal vector="0.316568 -0.539323 0.780297 0.316568 -0.539323 0.780297 0.316568 -0.539323 0.780297 0.316568 -0.539323 0.780297 " />
											<TextureCoordinate point="0.0084 0.5287 0.1297 0.5287 0.1297 0.7255 0.0084 0.7255 " />
										</IndexedTriangleSet>
									</Shape>
								</Group>
							</Transform>
						</Transform>
						<Transform DEF="Plane_011_TRANSFORM"
						           translation="0.538355 -0.592057 0.500483"
						           scale="1.000000 1.000000 1.000000"
						           rotation="0.000000 1.000000 0.000000 0.000000"
						           >
							<Transform DEF="Plane_011_ifs_TRANSFORM"
							           translation="0.000000 0.000000 0.000000"
							           scale="1.000000 1.000000 1.000000"
							           rotation="0.000000 1.000000 0.000000 0.000000"
							           >
								<Group DEF="group_ME_Plane_011">
									<Shape>
										<Appearance>
											<Material USE="MA_Body" />
										</Appearance>
										<IndexedTriangleSet solid="false"
										                    normalPerVertex="true"
										                    index="0 1 2 0 2 3 "
										                    >
											<Coordinate point="-0.116120 -0.004200 0.146446 0.116120 0.004200 -0.146446 0.566377 0.901351 0.236303 0.334138 0.892951 0.529194 " />
											<Normal vector="0.662191 -0.549608 0.509293 0.662191 -0.549608 0.509293 0.662191 -0.549608 0.509293 0.662191 -0.549608 0.509293 " />
											<TextureCoordinate point="0.0084 0.5287 0.1297 0.5287 0.1297 0.7255 0.0084 0.7255 " />
										</IndexedTriangleSet>
									</Shape>
								</Group>
							</Transform>
						</Transform>
						<Transform DEF="Plane_012_TRANSFORM"
						           translation="0.544356 -0.634751 0.137848"
						           scale="1.000000 1.000000 1.000000"
						           rotation="0.000000 1.000000 0.000000 0.000000"
						           >
							<Transform DEF="Plane_012_ifs_TRANSFORM"
							           translation="0.000000 0.000000 0.000000"
							           scale="1.000000 1.000000 1.000000"
							           rotation="0.000000 1.000000 0.000000 0.000000"
							           >
								<Group DEF="group_ME_Plane_012">
									<Shape>
										<Appearance>
											<Material USE="MA_Body" />
										</Appearance>
										<IndexedTriangleSet solid="false"
										                    normalPerVertex="true"
										                    index="0 1 2 0 2 3 "
										                    >
											<Coordinate point="-0.041044 -0.030139 0.289229 0.041044 0.030139 -0.289229 0.680240 0.995415 -0.097937 0.598152 0.935138 0.480522 " />
											<Normal vector="0.826868 -0.559252 0.059053 0.826868 -0.559252 0.059053 0.826868 -0.559252 0.059053 0.826868 -0.559252 0.059053 " />
											<TextureCoordinate point="0.0084 0.5287 0.1297 0.5287 0.1297 0.7255 0.0084 0.7255 " />
										</IndexedTriangleSet>
									</Shape>
								</Group>
							</Transform>
						</Transform>
						<Transform DEF="Plane_013_TRANSFORM"
						           translation="0.544356 -0.634751 -0.238095"
						           scale="1.000000 1.000000 1.000000"
						           rotation="0.000000 1.000000 0.000000 0.000000"
						           >
							<Transform DEF="Plane_013_ifs_TRANSFORM"
							           translation="0.000000 0.000000 0.000000"
							           scale="1.000000 1.000000 1.000000"
							           rotation="0.000000 1.000000 0.000000 0.000000"
							           >
								<Group DEF="group_ME_Plane_013">
									<Shape>
										<Appearance>
											<Material USE="MA_Body" />
										</Appearance>
										<IndexedTriangleSet solid="false"
										                    normalPerVertex="true"
										                    index="0 1 2 0 2 3 "
										                    >
											<Coordinate point="0.067859 0.004946 0.285687 -0.067859 -0.004946 -0.285687 0.517291 0.862627 -0.439696 0.653008 0.872519 0.131679 " />
											<Normal vector="0.800348 -0.571795 -0.180181 0.800348 -0.571795 -0.180181 0.800348 -0.571795 -0.180181 0.800348 -0.571795 -0.180181 " />
											<TextureCoordinate point="0.0084 0.5287 0.1297 0.5287 0.1297 0.7255 0.0084 0.7255 " />
										</IndexedTriangleSet>
									</Shape>
								</Group>
							</Transform>
						</Transform>
						<Transform DEF="Plane_014_TRANSFORM"
						           translation="0.538355 -0.592057 -0.493877"
						           scale="1.000000 1.000000 1.000000"
						           rotation="0.000000 1.000000 0.000000 0.000000"
						           >
							<Transform DEF="Plane_014_ifs_TRANSFORM"
							           translation="0.000000 0.000000 0.000000"
							           scale="1.000000 1.000000 1.000000"
							           rotation="0.000000 1.000000 0.000000 0.000000"
							           >
								<Group DEF="group_ME_Plane_014">
									<Shape>
										<Appearance>
											<Material USE="MA_Body" />
										</Appearance>
										<IndexedTriangleSet solid="false"
										                    normalPerVertex="true"
										                    index="0 1 2 0 2 3 "
										                    >
											<Coordinate point="-0.116120 -0.004200 -0.146446 0.293569 0.866024 -0.496254 0.525808 0.874425 -0.203362 0.116120 0.004200 0.146446 " />
											<Normal vector="0.673727 -0.525864 -0.519120 0.673727 -0.525864 -0.519120 0.673727 -0.525864 -0.519120 0.673727 -0.525864 -0.519120 " />
											<TextureCoordinate point="0.0084 0.5287 0.0084 0.7255 0.1297 0.7255 0.1297 0.5287 " />
										</IndexedTriangleSet>
									</Shape>
								</Group>
							</Transform>
						</Transform>
						<Transform DEF="Plane_015_TRANSFORM"
						           translation="0.000000 -0.663434 -0.614025"
						           scale="1.000000 1.000000 1.000000"
						           rotation="0.000000 1.000000 0.000000 0.000000"
						           >
							<Transform DEF="Plane_015_ifs_TRANSFORM"
							           translation="0.000000 0.000000 0.000000"
							           scale="1.000000 1.000000 1.000000"
							           rotation="0.000000 1.000000 0.000000 0.000000"
							           >
								<Group DEF="group_ME_Plane_015">
									<Shape>
										<Appearance>
											<Material USE="MA_Body" />
										</Appearance>
										<IndexedTriangleSet solid="false"
										                    normalPerVertex="true"
										                    index="0 1 2 0 2 3 "
										                    >
											<Coordinate point="-0.261381 -0.000000 0.000000 -0.261381 0.752080 -0.254359 0.261381 0.752080 -0.254359 0.261381 0.000000 0.000000 " />
											<Normal vector="0.000000 -0.320353 -0.947264 0.000000 -0.320353 -0.947264 0.000000 -0.320353 -0.947264 0.000000 -0.320353 -0.947264 " />
											<TextureCoordinate point="0.0084 0.5287 0.0084 0.7255 0.1297 0.7255 0.1297 0.5287 " />
										</IndexedTriangleSet>
									</Shape>
								</Group>
							</Transform>
						</Transform>
						<Transform DEF="Plane_016_TRANSFORM"
						           translation="0.486543 -0.683316 -0.612036"
						           scale="1.000000 1.000000 1.000000"
						           rotation="0.000000 1.000000 0.000000 0.000000"
						           >
							<Transform DEF="Plane_016_ifs_TRANSFORM"
							           translation="0.000000 0.000000 0.000000"
							           scale="1.000000 1.000000 1.000000"
							           rotation="0.000000 1.000000 0.000000 0.000000"
							           >
								<Group DEF="group_ME_Plane_016">
									<Shape>
										<Appearance>
											<Material USE="MA_Body" />
										</Appearance>
										<IndexedTriangleSet solid="false"
										                    normalPerVertex="true"
										                    index="0 1 2 0 2 3 "
										                    >
											<Coordinate point="-0.221907 -0.023265 -0.070313 -0.221907 0.991939 -0.406215 0.221907 1.038468 -0.265588 0.221907 0.023265 0.070313 " />
											<Normal vector="0.316568 -0.297952 -0.900540 0.316568 -0.297952 -0.900540 0.316568 -0.297952 -0.900540 0.316568 -0.297952 -0.900540 " />
											<TextureCoordinate point="0.0084 0.5287 0.0084 0.7255 0.1297 0.7255 0.1297 0.5287 " />
										</IndexedTriangleSet>
									</Shape>
								</Group>
							</Transform>
						</Transform>
						<Transform DEF="Plane_050_TRANSFORM"
						           translation="-0.486543 -0.592057 0.568824"
						           scale="1.000000 1.000000 1.000000"
						           rotation="0.000000 1.000000 0.000000 0.000000"
						           >
							<Transform DEF="Plane_050_ifs_TRANSFORM"
							           translation="0.000000 0.000000 0.000000"
							           scale="1.000000 1.000000 1.000000"
							           rotation="0.000000 1.000000 0.000000 0.000000"
							           >
								<Group DEF="group_ME_Plane_053">
									<Shape>
										<Appearance>
											<Material USE="MA_Body" />
										</Appearance>
										<IndexedTriangleSet solid="false"
										                    normalPerVertex="true"
										                    index="0 1 2 0 2 3 "
										                    >
											<Coordinate point="0.221907 -0.042112 0.060925 0.221907 0.625508 0.522389 -0.221907 0.709732 0.400539 -0.221907 0.042112 -0.060925 " />
											<Normal vector="-0.316568 -0.539323 0.780297 -0.316568 -0.539323 0.780297 -0.316568 -0.539323 0.780297 -0.316568 -0.539323 0.780297 " />
											<TextureCoordinate point="0.0084 0.5287 0.0084 0.7255 0.1297 0.7255 0.1297 0.5287 " />
										</IndexedTriangleSet>
									</Shape>
								</Group>
							</Transform>
						</Transform>
						<Transform DEF="Plane_051_TRANSFORM"
						           translation="-0.538355 -0.592057 0.500483"
						           scale="1.000000 1.000000 1.000000"
						           rotation="0.000000 1.000000 0.000000 0.000000"
						           >
							<Transform DEF="Plane_051_ifs_TRANSFORM"
							           translation="0.000000 0.000000 0.000000"
							           scale="1.000000 1.000000 1.000000"
							           rotation="0.000000 1.000000 0.000000 0.000000"
							           >
								<Group DEF="group_ME_Plane_054">
									<Shape>
										<Appearance>
											<Material USE="MA_Body" />
										</Appearance>
										<IndexedTriangleSet solid="false"
										                    normalPerVertex="true"
										                    index="0 1 2 0 2 3 "
										                    >
											<Coordinate point="0.116120 -0.004200 0.146446 -0.334138 0.892951 0.529194 -0.566377 0.901351 0.236303 -0.116120 0.004200 -0.146446 " />
											<Normal vector="-0.662191 -0.549608 0.509293 -0.662191 -0.549608 0.509293 -0.662191 -0.549608 0.509293 -0.662191 -0.549608 0.509293 " />
											<TextureCoordinate point="0.0084 0.5287 0.0084 0.7255 0.1297 0.7255 0.1297 0.5287 " />
										</IndexedTriangleSet>
									</Shape>
								</Group>
							</Transform>
						</Transform>
						<Transform DEF="Plane_052_TRANSFORM"
						           translation="-0.544356 -0.634751 0.137848"
						           scale="1.000000 1.000000 1.000000"
						           rotation="0.000000 1.000000 0.000000 0.000000"
						           >
							<Transform DEF="Plane_052_ifs_TRANSFORM"
							           translation="0.000000 0.000000 0.000000"
							           scale="1.000000 1.000000 1.000000"
							           rotation="0.000000 1.000000 0.000000 0.000000"
							           >
								<Group DEF="group_ME_Plane_055">
									<Shape>
										<Appearance>
											<Material USE="MA_Body" />
										</Appearance>
										<IndexedTriangleSet solid="false"
										                    normalPerVertex="true"
										                    index="0 1 2 0 2 3 "
										                    >
											<Coordinate point="0.041044 -0.030139 0.289229 -0.598152 0.935138 0.480522 -0.680240 0.995415 -0.097937 -0.041044 0.030139 -0.289229 " />
											<Normal vector="-0.826868 -0.559252 0.059053 -0.826868 -0.559252 0.059053 -0.826868 -0.559252 0.059053 -0.826868 -0.559252 0.059053 " />
											<TextureCoordinate point="0.0084 0.5287 0.0084 0.7255 0.1297 0.7255 0.1297 0.5287 " />
										</IndexedTriangleSet>
									</Shape>
								</Group>
							</Transform>
						</Transform>
						<Transform DEF="Plane_053_TRANSFORM"
						           translation="-0.544356 -0.634751 -0.238095"
						           scale="1.000000 1.000000 1.000000"
						           rotation="0.000000 1.000000 0.000000 0.000000"
						           >
							<Transform DEF="Plane_053_ifs_TRANSFORM"
							           translation="0.000000 0.000000 0.000000"
							           scale="1.000000 1.000000 1.000000"
							           rotation="0.000000 1.000000 0.000000 0.000000"
							           >
								<Group DEF="group_ME_Plane_056">
									<Shape>
										<Appearance>
											<Material USE="MA_Body" />
										</Appearance>
										<IndexedTriangleSet solid="false"
										                    normalPerVertex="true"
										                    index="0 1 2 0 2 3 "
										                    >
											<Coordinate point="-0.067859 0.004946 0.285687 -0.653008 0.872519 0.131679 -0.517291 0.862627 -0.439696 0.067859 -0.004946 -0.285687 " />
											<Normal vector="-0.800348 -0.571795 -0.180181 -0.800348 -0.571795 -0.180181 -0.800348 -0.571795 -0.180181 -0.800348 -0.571795 -0.180181 " />
											<TextureCoordinate point="0.0084 0.5287 0.0084 0.7255 0.1297 0.7255 0.1297 0.5287 " />
										</IndexedTriangleSet>
									</Shape>
								</Group>
							</Transform>
						</Transform>
						<Transform DEF="Plane_054_TRANSFORM"
						           translation="-0.538355 -0.592057 -0.493877"
						           scale="1.000000 1.000000 1.000000"
						           rotation="0.000000 1.000000 0.000000 0.000000"
						           >
							<Transform DEF="Plane_054_ifs_TRANSFORM"
							           translation="0.000000 0.000000 0.000000"
							           scale="1.000000 1.000000 1.000000"
							           rotation="0.000000 1.000000 0.000000 0.000000"
							           >
								<Group DEF="group_ME_Plane_057">
									<Shape>
										<Appearance>
											<Material USE="MA_Body" />
										</Appearance>
										<IndexedTriangleSet solid="false"
										                    normalPerVertex="true"
										                    index="0 1 2 0 2 3 "
										                    >
											<Coordinate point="0.116120 -0.004200 -0.146446 -0.116120 0.004200 0.146446 -0.525808 0.874425 -0.203362 -0.293569 0.866024 -0.496254 " />
											<Normal vector="-0.673727 -0.525864 -0.519120 -0.673727 -0.525864 -0.519120 -0.673727 -0.525864 -0.519120 -0.673727 -0.525864 -0.519120 " />
											<TextureCoordinate point="0.0084 0.5287 0.1297 0.5287 0.1297 0.7255 0.0084 0.7255 " />
										</IndexedTriangleSet>
									</Shape>
								</Group>
							</Transform>
						</Transform>
						<Transform DEF="Plane_055_TRANSFORM"
						           translation="-0.486543 -0.683314 -0.612036"
						           scale="1.000000 1.000000 1.000000"
						           rotation="0.000000 1.000000 0.000000 0.000000"
						           >
							<Transform DEF="Plane_055_ifs_TRANSFORM"
							           translation="0.000000 0.000000 0.000000"
							           scale="1.000000 1.000000 1.000000"
							           rotation="0.000000 1.000000 0.000000 0.000000"
							           >
								<Group DEF="group_ME_Plane_058">
									<Shape>
										<Appearance>
											<Material USE="MA_Body" />
										</Appearance>
										<IndexedTriangleSet solid="false"
										                    normalPerVertex="true"
										                    index="0 1 2 0 2 3 "
										                    >
											<Coordinate point="0.221907 -0.023265 -0.070313 0.221907 0.991939 -0.406215 -0.221907 1.038468 -0.265588 -0.221907 0.023265 0.070313 " />
											<Normal vector="0.316568 0.297952 0.900540 0.316568 0.297952 0.900540 0.316568 0.297952 0.900540 0.316568 0.297952 0.900540 " />
											<TextureCoordinate point="0.0084 0.5287 0.0084 0.7255 0.1297 0.7255 0.1297 0.5287 " />
										</IndexedTriangleSet>
									</Shape>
								</Group>
							</Transform>
						</Transform>
					</Transform>
					<Transform DEF="foot1_TRANSFORM"
					           translation="0.519739 -0.469782 -0.687140"
					           scale="1.000000 1.000000 1.000000"
					           rotation="0.000000 1.000000 0.000000 0.000000"
					           >
						<Transform DEF="foot1_ifs_TRANSFORM"
						           translation="0.000000 0.000000 0.000000"
						           scale="1.000000 1.000000 1.000000"
						           rotation="0.000000 1.000000 0.000000 0.000000"
						           >
							<Group DEF="group_ME_foot1">
								<Shape>
									<Appearance>
										<Material USE="MA_Body" />
									</Appearance>
									<IndexedTriangleSet solid="false"
									                    normalPerVertex="true"
									                    index="0 1 2 0 2 3 4 5 6 4 6 7 8 9 10 8 10 11 12 13 14 12 14 15 4 16 17 4 17 15 18 5 14 18 14 19 "
									                    >
										<Coordinate point="-0.306120 -0.833002 -0.002339 -0.306120 0.137951 0.000387 -0.306120 0.139211 -0.448197 -0.306120 -0.831742 -0.450923 -0.306120 -0.831742 -0.450923 -0.306120 0.139211 -0.448197 0.306120 0.139211 -0.448197 0.306120 -0.831742 -0.450923 0.306120 -0.831742 -0.450923 0.306120 0.139211 -0.448197 0.306120 0.137951 0.000387 0.306120 -0.833002 -0.002339 0.306120 -0.833002 -0.002339 0.306120 0.137951 0.000387 -0.306120 0.137951 0.000387 -0.306120 -0.833002 -0.002339 0.306120 -0.831742 -0.450923 0.306120 -0.833002 -0.002339 0.306120 0.139211 -0.448197 0.306120 0.137951 0.000387 " />
										<Normal vector="-0.577349 -0.578967 0.575701 -0.577349 0.575701 0.578967 -0.577349 0.578967 -0.575701 -0.577349 -0.575701 -0.578967 -0.577349 -0.575701 -0.578967 -0.577349 0.578967 -0.575701 0.577349 0.578967 -0.575701 0.577349 -0.575701 -0.578967 0.577349 -0.575701 -0.578967 0.577349 0.578967 -0.575701 0.577349 0.575701 0.578967 0.577349 -0.578967 0.575701 0.577349 -0.578967 0.575701 0.577349 0.575701 0.578967 -0.577349 0.575701 0.578967 -0.577349 -0.578967 0.575701 0.577349 -0.575701 -0.578967 0.577349 -0.578967 0.575701 0.577349 0.578967 -0.575701 0.577349 0.575701 0.578967 " />
										<TextureCoordinate point="0.0094 0.5169 0.1343 0.5169 0.1343 0.7341 0.0094 0.7341 0.0094 0.5169 0.1343 0.5169 0.1343 0.7341 0.0094 0.7341 0.0094 0.5169 0.1343 0.5169 0.1343 0.7341 0.0094 0.7341 0.0094 0.5169 0.1343 0.5169 0.1343 0.7341 0.0094 0.7341 0.1343 0.5169 0.1343 0.7341 0.0094 0.5169 0.0094 0.7341 " />
									</IndexedTriangleSet>
								</Shape>
							</Group>
						</Transform>
						<Transform DEF="Cube_022_TRANSFORM"
						           translation="-0.021554 -0.783708 -0.203615"
						           scale="1.000000 1.000000 1.000000"
						           rotation="0.000000 1.000000 0.000000 0.000000"
						           >
							<Transform DEF="Cube_022_ifs_TRANSFORM"
							           translation="0.000000 0.000000 0.000000"
							           scale="1.000000 1.000000 1.000000"
							           rotation="0.000000 1.000000 0.000000 0.000000"
							           >
								<Group DEF="group_ME_Cube_061">
									<Shape>
										<Appearance>
											<Material USE="MA_Body" />
										</Appearance>
										<IndexedTriangleSet solid="false"
										                    normalPerVertex="true"
										                    index="0 1 2 0 2 3 4 5 6 4 6 7 8 9 10 8 10 11 12 13 14 12 14 15 4 16 17 4 17 15 18 5 14 18 14 19 20 21 22 20 22 23 24 25 26 24 26 27 28 29 30 28 30 31 32 33 34 32 34 35 24 36 37 24 37 35 38 25 34 38 34 39 40 41 42 40 42 43 44 45 46 44 46 47 48 49 50 48 50 51 52 53 54 52 54 55 44 56 57 44 57 55 58 45 54 58 54 59 "
										                    >
											<Coordinate point="-0.076196 -0.192310 0.029146 -0.076196 -0.008599 0.056905 -0.076196 0.008599 -0.056905 -0.076196 -0.175113 -0.084665 -0.076196 -0.175113 -0.084665 -0.076196 0.008599 -0.056905 0.076196 0.008599 -0.056905 0.076196 -0.175113 -0.084665 0.076196 -0.175113 -0.084665 0.076196 0.008599 -0.056905 0.076196 -0.008599 0.056905 0.076196 -0.192310 0.029146 0.076196 -0.192310 0.029146 0.076196 -0.008599 0.056905 -0.076196 -0.008599 0.056905 -0.076196 -0.192310 0.029146 0.076196 -0.175113 -0.084665 0.076196 -0.192310 0.029146 0.076196 0.008599 -0.056905 0.076196 -0.008599 0.056905 0.106214 -0.198905 0.029128 0.089277 -0.015976 0.056885 0.087721 0.001150 -0.056926 0.104659 -0.181780 -0.084683 0.104659 -0.181780 -0.084683 0.087721 0.001150 -0.056926 0.239464 0.015194 -0.056887 0.256402 -0.167736 -0.084644 0.256402 -0.167736 -0.084644 0.239464 0.015194 -0.056887 0.241020 -0.001932 0.056924 0.257957 -0.184861 0.029167 0.257957 -0.184861 0.029167 0.241020 -0.001932 0.056924 0.089277 -0.015976 0.056885 0.106214 -0.198905 0.029128 0.256402 -0.167736 -0.084644 0.257957 -0.184861 0.029167 0.239464 0.015194 -0.056887 0.241020 -0.001932 0.056924 -0.239627 -0.177241 0.029188 -0.214906 0.004800 0.056943 -0.212636 0.021844 -0.056868 -0.237357 -0.160197 -0.084623 -0.237357 -0.160197 -0.084623 -0.212636 0.021844 -0.056868 -0.078940 0.003696 -0.056919 -0.103661 -0.178345 -0.084674 -0.103661 -0.178345 -0.084674 -0.078940 0.003696 -0.056919 -0.081210 -0.013347 0.056892 -0.105931 -0.195389 0.029138 -0.105931 -0.195389 0.029138 -0.081210 -0.013347 0.056892 -0.214906 0.004800 0.056943 -0.239627 -0.177241 0.029188 -0.103661 -0.178345 -0.084674 -0.105931 -0.195389 0.029138 -0.078940 0.003696 -0.056919 -0.081210 -0.013347 0.056892 " />
											<Normal vector="-0.577349 -0.657125 0.484603 -0.577349 0.484603 0.657125 -0.577349 0.657125 -0.484603 -0.577349 -0.484603 -0.657125 -0.577349 -0.484603 -0.657125 -0.577349 0.657125 -0.484603 0.577349 0.657125 -0.484603 0.577349 -0.484603 -0.657125 0.577349 -0.484603 -0.657125 0.577349 0.657125 -0.484603 0.577349 0.484603 0.657125 0.577349 -0.657125 0.484603 0.577349 -0.657125 0.484603 0.577349 0.484603 0.657125 -0.577349 0.484603 0.657125 -0.577349 -0.657125 0.484603 0.577349 -0.484603 -0.657125 0.577349 -0.657125 0.484603 0.577349 0.657125 -0.484603 0.577349 0.484603 0.657125 -0.514450 -0.707541 0.484451 -0.619709 0.429304 0.656972 -0.635304 0.601123 -0.484756 -0.530045 -0.535722 -0.657247 -0.530045 -0.535722 -0.657247 -0.635304 0.601123 -0.484756 0.514450 0.707541 -0.484451 0.619709 -0.429304 -0.656972 0.619709 -0.429304 -0.656972 0.514450 0.707541 -0.484451 0.530045 0.535722 0.657247 0.635304 -0.601123 0.484756 0.635304 -0.601123 0.484756 0.530045 0.535722 0.657247 -0.619709 0.429304 0.656972 -0.514450 -0.707541 0.484451 0.619709 -0.429304 -0.656972 0.635304 -0.601123 0.484756 0.514450 0.707541 -0.484451 0.530045 0.535722 0.657247 -0.660298 -0.573504 0.484817 -0.506668 0.557817 0.657308 -0.483871 0.728813 -0.484390 -0.637532 -0.402509 -0.656880 -0.637532 -0.402509 -0.656880 -0.483871 0.728813 -0.484390 0.660298 0.573504 -0.484817 0.506668 -0.557817 -0.657308 0.506668 -0.557817 -0.657308 0.660298 0.573504 -0.484817 0.637532 0.402509 0.656880 0.483871 -0.728813 0.484390 0.483871 -0.728813 0.484390 0.637532 0.402509 0.656880 -0.506668 0.557817 0.657308 -0.660298 -0.573504 0.484817 0.506668 -0.557817 -0.657308 0.483871 -0.728813 0.484390 0.660298 0.573504 -0.484817 0.637532 0.402509 0.656880 " />
											<TextureCoordinate point="0.0066 0.3268 0.1297 0.3268 0.1297 0.4839 0.0066 0.4839 0.0066 0.3268 0.1297 0.3268 0.1297 0.4839 0.0066 0.4839 0.0066 0.3268 0.1297 0.3268 0.1297 0.4839 0.0066 0.4839 0.0066 0.3268 0.1297 0.3268 0.1297 0.4839 0.0066 0.4839 0.1297 0.3268 0.1297 0.4839 0.0066 0.3268 0.0066 0.4839 0.0066 0.3268 0.1297 0.3268 0.1297 0.4839 0.0066 0.4839 0.0066 0.3268 0.1297 0.3268 0.1297 0.4839 0.0066 0.4839 0.0066 0.3268 0.1297 0.3268 0.1297 0.4839 0.0066 0.4839 0.0066 0.3268 0.1297 0.3268 0.1297 0.4839 0.0066 0.4839 0.1297 0.3268 0.1297 0.4839 0.0066 0.3268 0.0066 0.4839 0.0066 0.3268 0.1297 0.3268 0.1297 0.4839 0.0066 0.4839 0.0066 0.3268 0.1297 0.3268 0.1297 0.4839 0.0066 0.4839 0.0066 0.3268 0.1297 0.3268 0.1297 0.4839 0.0066 0.4839 0.0066 0.3268 0.1297 0.3268 0.1297 0.4839 0.0066 0.4839 0.1297 0.3268 0.1297 0.4839 0.0066 0.3268 0.0066 0.4839 " />
										</IndexedTriangleSet>
									</Shape>
								</Group>
							</Transform>
						</Transform>
					</Transform>
					<Transform DEF="Plane_017_TRANSFORM"
					           translation="0.245270 -0.676131 0.638585"
					           scale="1.000000 1.000000 1.000000"
					           rotation="0.000000 1.000000 0.000000 0.000000"
					           >
						<Transform DEF="Plane_017_ifs_TRANSFORM"
						           translation="0.000000 0.000000 0.000000"
						           scale="1.000000 1.000000 1.000000"
						           rotation="0.000000 1.000000 0.000000 0.000000"
						           >
							<Group DEF="group_ME_Plane_017">
								<Shape>
									<Appearance>
										<Material USE="MA_Body" />
									</Appearance>
									<IndexedTriangleSet solid="false"
									                    normalPerVertex="true"
									                    index="0 1 2 0 2 3 "
									                    >
										<Coordinate point="-0.269625 -0.023016 0.039938 0.269625 0.023016 -0.039938 0.269625 1.158527 0.614460 -0.269625 1.112494 0.694336 " />
										<Normal vector="0.168493 -0.492172 0.853999 0.168493 -0.492172 0.853999 0.168493 -0.492172 0.853999 0.168493 -0.492172 0.853999 " />
										<TextureCoordinate point="0.0084 0.7798 0.1297 0.7798 0.1297 0.9767 0.0084 0.9767 " />
									</IndexedTriangleSet>
								</Shape>
							</Group>
						</Transform>
					</Transform>
					<Transform DEF="Plane_018_TRANSFORM"
					           translation="0.471081 -0.637520 0.571587"
					           scale="1.000000 1.000000 1.000000"
					           rotation="0.000000 1.000000 0.000000 0.000000"
					           >
						<Transform DEF="Plane_018_ifs_TRANSFORM"
						           translation="0.000000 0.000000 0.000000"
						           scale="1.000000 1.000000 1.000000"
						           rotation="0.000000 1.000000 0.000000 0.000000"
						           >
							<Group DEF="group_ME_Plane_018">
								<Shape>
									<Appearance>
										<Material USE="MA_Body" />
									</Appearance>
									<IndexedTriangleSet solid="false"
									                    normalPerVertex="true"
									                    index="0 1 2 0 2 3 "
									                    >
										<Coordinate point="-0.149173 0.013064 0.036964 0.149173 -0.013064 -0.036964 0.360342 0.948362 0.475442 0.061996 0.974490 0.549369 " />
										<Normal vector="0.168493 -0.492172 0.853999 0.168493 -0.492172 0.853999 0.168493 -0.492172 0.853999 0.168493 -0.492172 0.853999 " />
										<TextureCoordinate point="0.0084 0.7798 0.1297 0.7798 0.1297 0.9767 0.0084 0.9767 " />
									</IndexedTriangleSet>
								</Shape>
							</Group>
						</Transform>
					</Transform>
					<Transform DEF="Plane_019_TRANSFORM"
					           translation="0.668763 -0.649246 0.594994"
					           scale="1.000000 1.000000 1.000000"
					           rotation="0.000000 1.000000 0.000000 0.000000"
					           >
						<Transform DEF="Plane_019_ifs_TRANSFORM"
						           translation="0.000000 0.000000 0.000000"
						           scale="1.000000 1.000000 1.000000"
						           rotation="0.000000 1.000000 0.000000 0.000000"
						           >
							<Group DEF="group_ME_Plane_019">
								<Shape>
									<Appearance>
										<Material USE="MA_Body" />
									</Appearance>
									<IndexedTriangleSet solid="false"
									                    normalPerVertex="true"
									                    index="0 1 2 0 2 3 "
									                    >
										<Coordinate point="-0.197488 0.036641 0.185684 0.197488 -0.036641 -0.185684 0.690136 1.084060 0.117132 0.295161 1.157343 0.488501 " />
										<Normal vector="0.571062 -0.438520 0.693899 0.571062 -0.438520 0.693899 0.571062 -0.438520 0.693899 0.571062 -0.438520 0.693899 " />
										<TextureCoordinate point="0.0084 0.7798 0.1297 0.7798 0.1297 0.9767 0.0084 0.9767 " />
									</IndexedTriangleSet>
								</Shape>
							</Group>
						</Transform>
					</Transform>
					<Transform DEF="Plane_020_TRANSFORM"
					           translation="0.710153 -0.600235 0.225543"
					           scale="1.000000 1.000000 1.000000"
					           rotation="0.000000 1.000000 0.000000 0.000000"
					           >
						<Transform DEF="Plane_020_ifs_TRANSFORM"
						           translation="0.000000 0.000000 0.000000"
						           scale="1.000000 1.000000 1.000000"
						           rotation="0.000000 1.000000 0.000000 0.000000"
						           >
							<Group DEF="group_ME_Plane_020">
								<Shape>
									<Appearance>
										<Material USE="MA_Body" />
									</Appearance>
									<IndexedTriangleSet solid="false"
									                    normalPerVertex="true"
									                    index="0 1 2 0 2 3 "
									                    >
										<Coordinate point="-0.072724 -0.002923 0.196327 0.072724 0.002923 -0.196327 0.626376 0.970265 0.023164 0.480927 0.964418 0.415817 " />
										<Normal vector="0.801141 -0.524064 0.288949 0.801141 -0.524064 0.288949 0.801141 -0.524064 0.288949 0.801141 -0.524064 0.288949 " />
										<TextureCoordinate point="0.0084 0.7798 0.1297 0.7798 0.1297 0.9767 0.0084 0.9767 " />
									</IndexedTriangleSet>
								</Shape>
							</Group>
						</Transform>
					</Transform>
					<Transform DEF="Plane_021_TRANSFORM"
					           translation="0.710153 -0.600234 -0.083717"
					           scale="1.000000 1.000000 1.000000"
					           rotation="0.000000 1.000000 0.000000 0.000000"
					           >
						<Transform DEF="Plane_021_ifs_TRANSFORM"
						           translation="0.000000 0.000000 0.000000"
						           scale="1.000000 1.000000 1.000000"
						           rotation="0.000000 1.000000 0.000000 0.000000"
						           >
							<Group DEF="group_ME_Plane_021">
								<Shape>
									<Appearance>
										<Material USE="MA_Body" />
									</Appearance>
									<IndexedTriangleSet solid="false"
									                    normalPerVertex="true"
									                    index="0 1 2 0 2 3 "
									                    >
										<Coordinate point="-0.010680 0.025436 -0.207558 0.668640 1.063079 -0.115349 0.690000 1.012206 0.299767 0.010680 -0.025436 0.207558 " />
										<Normal vector="0.836055 -0.537675 -0.108890 0.836055 -0.537675 -0.108890 0.836055 -0.537675 -0.108890 0.836055 -0.537675 -0.108890 " />
										<TextureCoordinate point="0.0084 0.7798 0.0084 0.9767 0.1297 0.9767 0.1297 0.7798 " />
									</IndexedTriangleSet>
								</Shape>
							</Group>
						</Transform>
					</Transform>
					<Transform DEF="Plane_022_TRANSFORM"
					           translation="0.452109 -0.547927 -0.433997"
					           scale="1.000000 1.000000 1.000000"
					           rotation="0.000000 1.000000 0.000000 0.000000"
					           >
						<Transform DEF="Plane_022_ifs_TRANSFORM"
						           translation="0.000000 0.000000 0.000000"
						           scale="1.000000 1.000000 1.000000"
						           rotation="0.000000 1.000000 0.000000 0.000000"
						           >
							<Group DEF="group_ME_Plane_022">
								<Shape>
									<Appearance>
										<Material USE="MA_Body" />
									</Appearance>
									<IndexedTriangleSet solid="false"
									                    normalPerVertex="true"
									                    index="0 1 2 0 2 3 "
									                    >
										<Coordinate point="-0.083073 0.043644 -0.256046 0.848785 0.850592 -0.420834 1.014931 0.763304 0.091258 0.083073 -0.043644 0.256046 " />
										<Normal vector="0.588000 -0.743889 -0.317576 0.588000 -0.743889 -0.317576 0.588000 -0.743889 -0.317576 0.588000 -0.743889 -0.317576 " />
										<TextureCoordinate point="0.0084 0.7798 0.0084 0.9767 0.1297 0.9767 0.1297 0.7798 " />
									</IndexedTriangleSet>
								</Shape>
							</Group>
						</Transform>
					</Transform>
					<Transform DEF="Plane_023_TRANSFORM"
					           translation="0.245270 -0.668342 -0.619917"
					           scale="1.000000 1.000000 1.000000"
					           rotation="0.000000 1.000000 0.000000 0.000000"
					           >
						<Transform DEF="Plane_023_ifs_TRANSFORM"
						           translation="0.000000 0.000000 0.000000"
						           scale="1.000000 1.000000 1.000000"
						           rotation="0.000000 1.000000 0.000000 0.000000"
						           >
							<Group DEF="group_ME_Plane_023">
								<Shape>
									<Appearance>
										<Material USE="MA_Body" />
									</Appearance>
									<IndexedTriangleSet solid="false"
									                    normalPerVertex="true"
									                    index="0 1 2 0 2 3 "
									                    >
										<Coordinate point="-0.269626 -0.014591 -0.043725 -0.269626 1.228601 -0.458569 0.269625 1.257782 -0.371118 0.269626 0.014591 0.043725 " />
										<Normal vector="0.168493 -0.311991 -0.934996 0.168493 -0.311991 -0.934996 0.168493 -0.311991 -0.934996 0.168493 -0.311991 -0.934996 " />
										<TextureCoordinate point="0.0084 0.7798 0.0084 0.9767 0.1297 0.9767 0.1297 0.7798 " />
									</IndexedTriangleSet>
								</Shape>
							</Group>
						</Transform>
					</Transform>
					<Transform DEF="Plane_024_TRANSFORM"
					           translation="0.471081 -0.643865 -0.630343"
					           scale="1.000000 1.000000 1.000000"
					           rotation="0.000000 1.000000 0.000000 0.000000"
					           >
						<Transform DEF="Plane_024_ifs_TRANSFORM"
						           translation="0.000000 0.000000 0.000000"
						           scale="1.000000 1.000000 1.000000"
						           rotation="0.000000 1.000000 0.000000 0.000000"
						           >
							<Group DEF="group_ME_Plane_024">
								<Shape>
									<Appearance>
										<Material USE="MA_Body" />
									</Appearance>
									<IndexedTriangleSet solid="false"
									                    normalPerVertex="true"
									                    index="0 1 2 0 2 3 "
									                    >
										<Coordinate point="-0.149173 0.020172 -0.033617 0.061996 1.064463 -0.344030 0.360342 1.024118 -0.276797 0.149173 -0.020172 0.033617 " />
										<Normal vector="0.168493 -0.311991 -0.934996 0.168493 -0.311991 -0.934996 0.168493 -0.311991 -0.934996 0.168493 -0.311991 -0.934996 " />
										<TextureCoordinate point="0.0084 0.7798 0.0084 0.9767 0.1297 0.9767 0.1297 0.7798 " />
									</IndexedTriangleSet>
								</Shape>
							</Group>
						</Transform>
					</Transform>
					<Transform DEF="Plane_025_TRANSFORM"
					           translation="0.668763 -0.650689 -0.655619"
					           scale="1.000000 1.000000 1.000000"
					           rotation="0.000000 1.000000 0.000000 0.000000"
					           >
						<Transform DEF="Plane_025_ifs_TRANSFORM"
						           translation="0.000000 0.000000 0.000000"
						           scale="1.000000 1.000000 1.000000"
						           rotation="0.000000 1.000000 0.000000 0.000000"
						           >
							<Group DEF="group_ME_Plane_025">
								<Shape>
									<Appearance>
										<Material USE="MA_Body" />
									</Appearance>
									<IndexedTriangleSet solid="false"
									                    normalPerVertex="true"
									                    index="0 1 2 0 2 3 "
									                    >
										<Coordinate point="-0.144408 0.031195 -0.119305 0.174494 1.003377 -0.251105 0.463309 0.940987 -0.012496 0.144408 -0.031195 0.119305 " />
										<Normal vector="0.571062 -0.291360 -0.767418 0.571062 -0.291360 -0.767418 0.571062 -0.291360 -0.767418 0.571062 -0.291360 -0.767418 " />
										<TextureCoordinate point="0.0084 0.7798 0.0084 0.9767 0.1297 0.9767 0.1297 0.7798 " />
									</IndexedTriangleSet>
								</Shape>
							</Group>
						</Transform>
					</Transform>
					<Transform DEF="foot2_TRANSFORM"
					           translation="-0.519739 -0.469782 -0.687140"
					           scale="1.000000 1.000000 1.000000"
					           rotation="0.000000 1.000000 0.000000 0.000000"
					           >
						<Transform DEF="foot2_ifs_TRANSFORM"
						           translation="0.000000 0.000000 0.000000"
						           scale="1.000000 1.000000 1.000000"
						           rotation="0.000000 1.000000 0.000000 0.000000"
						           >
							<Group DEF="group_ME_foot2">
								<Shape>
									<Appearance>
										<Material USE="MA_Body" />
									</Appearance>
									<IndexedTriangleSet solid="false"
									                    normalPerVertex="true"
									                    index="0 1 2 0 2 3 4 5 6 4 6 7 8 9 10 8 10 11 12 13 14 12 14 15 4 13 16 4 16 17 18 19 14 18 14 7 "
									                    >
										<Coordinate point="0.306120 -0.833002 -0.002339 0.306120 -0.831742 -0.450923 0.306120 0.139211 -0.448197 0.306120 0.137951 0.000387 0.306120 -0.831742 -0.450923 -0.306120 -0.831742 -0.450923 -0.306120 0.139211 -0.448197 0.306120 0.139211 -0.448197 -0.306120 -0.831742 -0.450923 -0.306120 -0.833002 -0.002339 -0.306120 0.137951 0.000387 -0.306120 0.139211 -0.448197 -0.306120 -0.833002 -0.002339 0.306120 -0.833002 -0.002339 0.306120 0.137951 0.000387 -0.306120 0.137951 0.000387 -0.306120 -0.833002 -0.002339 -0.306120 -0.831742 -0.450923 -0.306120 0.139211 -0.448197 -0.306120 0.137951 0.000387 " />
										<Normal vector="0.577349 -0.578967 0.575701 0.577349 -0.575701 -0.578967 0.577349 0.578967 -0.575701 0.577349 0.575701 0.578967 0.577349 -0.575701 -0.578967 -0.577349 -0.575701 -0.578967 -0.577349 0.578967 -0.575701 0.577349 0.578967 -0.575701 -0.577349 -0.575701 -0.578967 -0.577349 -0.578967 0.575701 -0.577349 0.575701 0.578967 -0.577349 0.578967 -0.575701 -0.577349 -0.578967 0.575701 0.577349 -0.578967 0.575701 0.577349 0.575701 0.578967 -0.577349 0.575701 0.578967 -0.577349 -0.578967 0.575701 -0.577349 -0.575701 -0.578967 -0.577349 0.578967 -0.575701 -0.577349 0.575701 0.578967 " />
										<TextureCoordinate point="0.0094 0.5169 0.0094 0.7341 0.1343 0.7341 0.1343 0.5169 0.0094 0.5169 0.0094 0.7341 0.1343 0.7341 0.1343 0.5169 0.0094 0.5169 0.0094 0.7341 0.1343 0.7341 0.1343 0.5169 0.0094 0.5169 0.0094 0.7341 0.1343 0.7341 0.1343 0.5169 0.1343 0.7341 0.1343 0.5169 0.0094 0.5169 0.0094 0.7341 " />
									</IndexedTriangleSet>
								</Shape>
							</Group>
						</Transform>
						<Transform DEF="Cube_009_TRANSFORM"
						           translation="0.021554 -0.783708 -0.203615"
						           scale="1.000000 1.000000 1.000000"
						           rotation="0.000000 1.000000 0.000000 0.000000"
						           >
							<Transform DEF="Cube_009_ifs_TRANSFORM"
							           translation="0.000000 0.000000 0.000000"
							           scale="1.000000 1.000000 1.000000"
							           rotation="0.000000 1.000000 0.000000 0.000000"
							           >
								<Group DEF="group_ME_Cube_006">
									<Shape>
										<Appearance>
											<Material USE="MA_Body" />
										</Appearance>
										<IndexedTriangleSet solid="false"
										                    normalPerVertex="true"
										                    index="0 1 2 0 2 3 4 5 6 4 6 7 8 9 10 8 10 11 12 13 14 12 14 15 4 13 16 4 16 17 18 19 14 18 14 7 20 21 22 20 22 23 24 25 26 24 26 27 28 29 30 28 30 31 32 33 34 32 34 35 24 33 36 24 36 37 38 39 34 38 34 27 40 41 42 40 42 43 44 45 46 44 46 47 48 49 50 48 50 51 52 53 54 52 54 55 44 53 56 44 56 57 58 59 54 58 54 47 "
										                    >
											<Coordinate point="0.076196 -0.192310 0.029146 0.076196 -0.175113 -0.084665 0.076196 0.008599 -0.056905 0.076196 -0.008599 0.056905 0.076196 -0.175113 -0.084665 -0.076196 -0.175113 -0.084665 -0.076196 0.008599 -0.056905 0.076196 0.008599 -0.056905 -0.076196 -0.175113 -0.084665 -0.076196 -0.192310 0.029146 -0.076196 -0.008599 0.056905 -0.076196 0.008599 -0.056905 -0.076196 -0.192310 0.029146 0.076196 -0.192310 0.029146 0.076196 -0.008599 0.056905 -0.076196 -0.008599 0.056905 -0.076196 -0.192310 0.029146 -0.076196 -0.175113 -0.084665 -0.076196 0.008599 -0.056905 -0.076196 -0.008599 0.056905 -0.106214 -0.198905 0.029128 -0.104659 -0.181780 -0.084684 -0.087721 0.001150 -0.056926 -0.089277 -0.015976 0.056885 -0.104659 -0.181780 -0.084684 -0.256402 -0.167736 -0.084644 -0.239464 0.015194 -0.056887 -0.087721 0.001150 -0.056926 -0.256402 -0.167736 -0.084644 -0.257957 -0.184861 0.029167 -0.241020 -0.001932 0.056924 -0.239464 0.015194 -0.056887 -0.257957 -0.184861 0.029167 -0.106214 -0.198905 0.029128 -0.089277 -0.015976 0.056885 -0.241020 -0.001932 0.056924 -0.257957 -0.184861 0.029167 -0.256402 -0.167736 -0.084644 -0.239464 0.015194 -0.056887 -0.241020 -0.001932 0.056924 0.239627 -0.177241 0.029188 0.237357 -0.160197 -0.084623 0.212636 0.021844 -0.056868 0.214906 0.004800 0.056943 0.237357 -0.160197 -0.084623 0.103661 -0.178345 -0.084674 0.078940 0.003696 -0.056919 0.212636 0.021844 -0.056868 0.103661 -0.178345 -0.084674 0.105931 -0.195389 0.029137 0.081210 -0.013347 0.056892 0.078940 0.003696 -0.056919 0.105931 -0.195389 0.029137 0.239627 -0.177241 0.029188 0.214906 0.004800 0.056943 0.081210 -0.013347 0.056892 0.105931 -0.195389 0.029137 0.103661 -0.178345 -0.084674 0.078940 0.003696 -0.056919 0.081210 -0.013347 0.056892 " />
											<Normal vector="0.577349 -0.657125 0.484603 0.577349 -0.484603 -0.657125 0.577349 0.657125 -0.484603 0.577349 0.484603 0.657125 0.577349 -0.484603 -0.657125 -0.577349 -0.484603 -0.657125 -0.577349 0.657125 -0.484603 0.577349 0.657125 -0.484603 -0.577349 -0.484603 -0.657125 -0.577349 -0.657125 0.484603 -0.577349 0.484603 0.657125 -0.577349 0.657125 -0.484603 -0.577349 -0.657125 0.484603 0.577349 -0.657125 0.484603 0.577349 0.484603 0.657125 -0.577349 0.484603 0.657125 -0.577349 -0.657125 0.484603 -0.577349 -0.484603 -0.657125 -0.577349 0.657125 -0.484603 -0.577349 0.484603 0.657125 0.514450 -0.707541 0.484451 0.530045 -0.535722 -0.657247 0.635304 0.601123 -0.484756 0.619709 0.429304 0.656972 0.530045 -0.535722 -0.657247 -0.619709 -0.429304 -0.656972 -0.514450 0.707541 -0.484451 0.635304 0.601123 -0.484756 -0.619709 -0.429304 -0.656972 -0.635304 -0.601123 0.484756 -0.530045 0.535722 0.657247 -0.514450 0.707541 -0.484451 -0.635304 -0.601123 0.484756 0.514450 -0.707541 0.484451 0.619709 0.429304 0.656972 -0.530045 0.535722 0.657247 -0.635304 -0.601123 0.484756 -0.619709 -0.429304 -0.656972 -0.514450 0.707541 -0.484451 -0.530045 0.535722 0.657247 0.660298 -0.573504 0.484817 0.637532 -0.402509 -0.656880 0.483871 0.728813 -0.484390 0.506668 0.557817 0.657308 0.637532 -0.402509 -0.656880 -0.506668 -0.557817 -0.657308 -0.660298 0.573504 -0.484817 0.483871 0.728813 -0.484390 -0.506668 -0.557817 -0.657308 -0.483871 -0.728813 0.484390 -0.637532 0.402509 0.656880 -0.660298 0.573504 -0.484817 -0.483871 -0.728813 0.484390 0.660298 -0.573504 0.484817 0.506668 0.557817 0.657308 -0.637532 0.402509 0.656880 -0.483871 -0.728813 0.484390 -0.506668 -0.557817 -0.657308 -0.660298 0.573504 -0.484817 -0.637532 0.402509 0.656880 " />
											<TextureCoordinate point="0.0066 0.3268 0.0066 0.4839 0.1297 0.4839 0.1297 0.3268 0.0066 0.3268 0.0066 0.4839 0.1297 0.4839 0.1297 0.3268 0.0066 0.3268 0.0066 0.4839 0.1297 0.4839 0.1297 0.3268 0.0066 0.3268 0.0066 0.4839 0.1297 0.4839 0.1297 0.3268 0.1297 0.4839 0.1297 0.3268 0.0066 0.3268 0.0066 0.4839 0.0066 0.3268 0.0066 0.4839 0.1297 0.4839 0.1297 0.3268 0.0066 0.3268 0.0066 0.4839 0.1297 0.4839 0.1297 0.3268 0.0066 0.3268 0.0066 0.4839 0.1297 0.4839 0.1297 0.3268 0.0066 0.3268 0.0066 0.4839 0.1297 0.4839 0.1297 0.3268 0.1297 0.4839 0.1297 0.3268 0.0066 0.3268 0.0066 0.4839 0.0066 0.3268 0.0066 0.4839 0.1297 0.4839 0.1297 0.3268 0.0066 0.3268 0.0066 0.4839 0.1297 0.4839 0.1297 0.3268 0.0066 0.3268 0.0066 0.4839 0.1297 0.4839 0.1297 0.3268 0.0066 0.3268 0.0066 0.4839 0.1297 0.4839 0.1297 0.3268 0.1297 0.4839 0.1297 0.3268 0.0066 0.3268 0.0066 0.4839 " />
										</IndexedTriangleSet>
									</Shape>
								</Group>
							</Transform>
						</Transform>
					</Transform>
					<Transform DEF="Plane_056_TRANSFORM"
					           translation="-0.245270 -0.676131 0.638585"
					           scale="1.000000 1.000000 1.000000"
					           rotation="0.000000 1.000000 0.000000 0.000000"
					           >
						<Transform DEF="Plane_056_ifs_TRANSFORM"
						           translation="0.000000 0.000000 0.000000"
						           scale="1.000000 1.000000 1.000000"
						           rotation="0.000000 1.000000 0.000000 0.000000"
						           >
							<Group DEF="group_ME_Plane_059">
								<Shape>
									<Appearance>
										<Material USE="MA_Body" />
									</Appearance>
									<IndexedTriangleSet solid="false"
									                    normalPerVertex="true"
									                    index="0 1 2 0 2 3 "
									                    >
										<Coordinate point="0.269625 -0.023016 0.039938 0.269625 1.112494 0.694336 -0.269625 1.158527 0.614460 -0.269625 0.023016 -0.039938 " />
										<Normal vector="-0.168493 -0.492172 0.853999 -0.168493 -0.492172 0.853999 -0.168493 -0.492172 0.853999 -0.168493 -0.492172 0.853999 " />
										<TextureCoordinate point="0.0084 0.7798 0.0084 0.9767 0.1297 0.9767 0.1297 0.7798 " />
									</IndexedTriangleSet>
								</Shape>
							</Group>
						</Transform>
					</Transform>
					<Transform DEF="Plane_057_TRANSFORM"
					           translation="-0.471081 -0.637520 0.571587"
					           scale="1.000000 1.000000 1.000000"
					           rotation="0.000000 1.000000 0.000000 0.000000"
					           >
						<Transform DEF="Plane_057_ifs_TRANSFORM"
						           translation="0.000000 0.000000 0.000000"
						           scale="1.000000 1.000000 1.000000"
						           rotation="0.000000 1.000000 0.000000 0.000000"
						           >
							<Group DEF="group_ME_Plane_060">
								<Shape>
									<Appearance>
										<Material USE="MA_Body" />
									</Appearance>
									<IndexedTriangleSet solid="false"
									                    normalPerVertex="true"
									                    index="0 1 2 0 2 3 "
									                    >
										<Coordinate point="0.149173 0.013064 0.036964 -0.061996 0.974490 0.549369 -0.360342 0.948362 0.475442 -0.149173 -0.013064 -0.036964 " />
										<Normal vector="-0.168493 -0.492172 0.853999 -0.168493 -0.492172 0.853999 -0.168493 -0.492172 0.853999 -0.168493 -0.492172 0.853999 " />
										<TextureCoordinate point="0.0084 0.7798 0.0084 0.9767 0.1297 0.9767 0.1297 0.7798 " />
									</IndexedTriangleSet>
								</Shape>
							</Group>
						</Transform>
					</Transform>
					<Transform DEF="Plane_058_TRANSFORM"
					           translation="-0.668763 -0.649246 0.594994"
					           scale="1.000000 1.000000 1.000000"
					           rotation="0.000000 1.000000 0.000000 0.000000"
					           >
						<Transform DEF="Plane_058_ifs_TRANSFORM"
						           translation="0.000000 0.000000 0.000000"
						           scale="1.000000 1.000000 1.000000"
						           rotation="0.000000 1.000000 0.000000 0.000000"
						           >
							<Group DEF="group_ME_Plane_061">
								<Shape>
									<Appearance>
										<Material USE="MA_Body" />
									</Appearance>
									<IndexedTriangleSet solid="false"
									                    normalPerVertex="true"
									                    index="0 1 2 0 2 3 "
									                    >
										<Coordinate point="0.197488 0.036641 0.185684 -0.295161 1.157343 0.488501 -0.690136 1.084060 0.117133 -0.197488 -0.036641 -0.185684 " />
										<Normal vector="-0.571062 -0.438520 0.693899 -0.571062 -0.438520 0.693899 -0.571062 -0.438520 0.693899 -0.571062 -0.438520 0.693899 " />
										<TextureCoordinate point="0.0084 0.7798 0.0084 0.9767 0.1297 0.9767 0.1297 0.7798 " />
									</IndexedTriangleSet>
								</Shape>
							</Group>
						</Transform>
					</Transform>
					<Transform DEF="Plane_059_TRANSFORM"
					           translation="-0.710153 -0.600235 0.225543"
					           scale="1.000000 1.000000 1.000000"
					           rotation="0.000000 1.000000 0.000000 0.000000"
					           >
						<Transform DEF="Plane_059_ifs_TRANSFORM"
						           translation="0.000000 0.000000 0.000000"
						           scale="1.000000 1.000000 1.000000"
						           rotation="0.000000 1.000000 0.000000 0.000000"
						           >
							<Group DEF="group_ME_Plane_062">
								<Shape>
									<Appearance>
										<Material USE="MA_Body" />
									</Appearance>
									<IndexedTriangleSet solid="false"
									                    normalPerVertex="true"
									                    index="0 1 2 0 2 3 "
									                    >
										<Coordinate point="0.072724 -0.002923 0.196327 -0.480927 0.964418 0.415817 -0.626376 0.970265 0.023164 -0.072724 0.002923 -0.196327 " />
										<Normal vector="-0.801141 -0.524064 0.288949 -0.801141 -0.524064 0.288949 -0.801141 -0.524064 0.288949 -0.801141 -0.524064 0.288949 " />
										<TextureCoordinate point="0.0084 0.7798 0.0084 0.9767 0.1297 0.9767 0.1297 0.7798 " />
									</IndexedTriangleSet>
								</Shape>
							</Group>
						</Transform>
					</Transform>
					<Transform DEF="Plane_060_TRANSFORM"
					           translation="-0.710153 -0.600235 -0.083717"
					           scale="1.000000 1.000000 1.000000"
					           rotation="0.000000 1.000000 0.000000 0.000000"
					           >
						<Transform DEF="Plane_060_ifs_TRANSFORM"
						           translation="0.000000 0.000000 0.000000"
						           scale="1.000000 1.000000 1.000000"
						           rotation="0.000000 1.000000 0.000000 0.000000"
						           >
							<Group DEF="group_ME_Plane_063">
								<Shape>
									<Appearance>
										<Material USE="MA_Body" />
									</Appearance>
									<IndexedTriangleSet solid="false"
									                    normalPerVertex="true"
									                    index="0 1 2 0 2 3 "
									                    >
										<Coordinate point="0.010680 0.025436 -0.207558 -0.010680 -0.025436 0.207558 -0.690000 1.012206 0.299767 -0.668640 1.063079 -0.115349 " />
										<Normal vector="-0.836055 -0.537675 -0.108890 -0.836055 -0.537675 -0.108890 -0.836055 -0.537675 -0.108890 -0.836055 -0.537675 -0.108890 " />
										<TextureCoordinate point="0.0084 0.7798 0.1297 0.7798 0.1297 0.9767 0.0084 0.9767 " />
									</IndexedTriangleSet>
								</Shape>
							</Group>
						</Transform>
					</Transform>
					<Transform DEF="Plane_061_TRANSFORM"
					           translation="-0.452109 -0.547927 -0.433997"
					           scale="1.000000 1.000000 1.000000"
					           rotation="0.000000 1.000000 0.000000 0.000000"
					           >
						<Transform DEF="Plane_061_ifs_TRANSFORM"
						           translation="0.000000 0.000000 0.000000"
						           scale="1.000000 1.000000 1.000000"
						           rotation="0.000000 1.000000 0.000000 0.000000"
						           >
							<Group DEF="group_ME_Plane_064">
								<Shape>
									<Appearance>
										<Material USE="MA_Body" />
									</Appearance>
									<IndexedTriangleSet solid="false"
									                    normalPerVertex="true"
									                    index="0 1 2 0 2 3 "
									                    >
										<Coordinate point="0.083073 0.043644 -0.256046 -0.083073 -0.043644 0.256046 -1.014931 0.763304 0.091259 -0.848785 0.850592 -0.420834 " />
										<Normal vector="-0.588000 -0.743889 -0.317576 -0.588000 -0.743889 -0.317576 -0.588000 -0.743889 -0.317576 -0.588000 -0.743889 -0.317576 " />
										<TextureCoordinate point="0.0084 0.7798 0.1297 0.7798 0.1297 0.9767 0.0084 0.9767 " />
									</IndexedTriangleSet>
								</Shape>
							</Group>
						</Transform>
					</Transform>
					<Transform DEF="Plane_062_TRANSFORM"
					           translation="-0.245270 -0.668342 -0.619917"
					           scale="1.000000 1.000000 1.000000"
					           rotation="0.000000 1.000000 0.000000 0.000000"
					           >
						<Transform DEF="Plane_062_ifs_TRANSFORM"
						           translation="0.000000 0.000000 0.000000"
						           scale="1.000000 1.000000 1.000000"
						           rotation="0.000000 1.000000 0.000000 0.000000"
						           >
							<Group DEF="group_ME_Plane_065">
								<Shape>
									<Appearance>
										<Material USE="MA_Body" />
									</Appearance>
									<IndexedTriangleSet solid="false"
									                    normalPerVertex="true"
									                    index="0 1 2 0 2 3 "
									                    >
										<Coordinate point="0.269626 -0.014591 -0.043725 -0.269626 0.014591 0.043725 -0.269625 1.257782 -0.371118 0.269626 1.228601 -0.458569 " />
										<Normal vector="-0.168493 -0.311991 -0.934996 -0.168493 -0.311991 -0.934996 -0.168493 -0.311991 -0.934996 -0.168493 -0.311991 -0.934996 " />
										<TextureCoordinate point="0.0084 0.7798 0.1297 0.7798 0.1297 0.9767 0.0084 0.9767 " />
									</IndexedTriangleSet>
								</Shape>
							</Group>
						</Transform>
					</Transform>
					<Transform DEF="Plane_063_TRANSFORM"
					           translation="-0.471081 -0.643865 -0.630343"
					           scale="1.000000 1.000000 1.000000"
					           rotation="0.000000 1.000000 0.000000 0.000000"
					           >
						<Transform DEF="Plane_063_ifs_TRANSFORM"
						           translation="0.000000 0.000000 0.000000"
						           scale="1.000000 1.000000 1.000000"
						           rotation="0.000000 1.000000 0.000000 0.000000"
						           >
							<Group DEF="group_ME_Plane_066">
								<Shape>
									<Appearance>
										<Material USE="MA_Body" />
									</Appearance>
									<IndexedTriangleSet solid="false"
									                    normalPerVertex="true"
									                    index="0 1 2 0 2 3 "
									                    >
										<Coordinate point="0.149173 0.020172 -0.033617 -0.149173 -0.020172 0.033617 -0.360342 1.024118 -0.276797 -0.061996 1.064463 -0.344030 " />
										<Normal vector="-0.168493 -0.311991 -0.934996 -0.168493 -0.311991 -0.934996 -0.168493 -0.311991 -0.934996 -0.168493 -0.311991 -0.934996 " />
										<TextureCoordinate point="0.0084 0.7798 0.1297 0.7798 0.1297 0.9767 0.0084 0.9767 " />
									</IndexedTriangleSet>
								</Shape>
							</Group>
						</Transform>
					</Transform>
					<Transform DEF="Plane_064_TRANSFORM"
					           translation="-0.668763 -0.650689 -0.655619"
					           scale="1.000000 1.000000 1.000000"
					           rotation="0.000000 1.000000 0.000000 0.000000"
					           >
						<Transform DEF="Plane_064_ifs_TRANSFORM"
						           translation="0.000000 0.000000 0.000000"
						           scale="1.000000 1.000000 1.000000"
						           rotation="0.000000 1.000000 0.000000 0.000000"
						           >
							<Group DEF="group_ME_Plane_067">
								<Shape>
									<Appearance>
										<Material USE="MA_Body" />
									</Appearance>
									<IndexedTriangleSet solid="false"
									                    normalPerVertex="true"
									                    index="0 1 2 0 2 3 "
									                    >
										<Coordinate point="0.144408 0.031195 -0.119305 -0.144408 -0.031195 0.119305 -0.463309 0.940987 -0.012496 -0.174494 1.003377 -0.251105 " />
										<Normal vector="-0.571062 -0.291360 -0.767418 -0.571062 -0.291360 -0.767418 -0.571062 -0.291360 -0.767418 -0.571062 -0.291360 -0.767418 " />
										<TextureCoordinate point="0.0084 0.7798 0.1297 0.7798 0.1297 0.9767 0.0084 0.9767 " />
									</IndexedTriangleSet>
								</Shape>
							</Group>
						</Transform>
					</Transform>
				</Transform>
				<Transform DEF="Plane_026_TRANSFORM"
				           translation="0.000000 -0.673442 0.567052"
				           scale="1.000000 1.000000 1.000000"
				           rotation="0.000000 1.000000 0.000000 0.000000"
				           >
					<Transform DEF="Plane_026_ifs_TRANSFORM"
					           translation="0.000000 0.000000 0.000000"
					           scale="1.000000 1.000000 1.000000"
					           rotation="0.000000 1.000000 0.000000 0.000000"
					           >
						<Group DEF="group_ME_Plane_026">
							<Shape>
								<Appearance>
									<Material USE="MA_Body" />
								</Appearance>
								<IndexedTriangleSet solid="false"
								                    normalPerVertex="true"
								                    index="0 1 2 0 2 3 "
								                    >
									<Coordinate point="-0.351522 0.000000 0.000000 0.351522 0.000000 0.000000 0.351522 1.176397 0.507088 -0.351522 1.176397 0.507088 " />
									<Normal vector="0.000000 -0.395825 0.918302 0.000000 -0.395825 0.918302 0.000000 -0.395825 0.918302 0.000000 -0.395825 0.918302 " />
									<TextureCoordinate point="0.0084 0.5225 0.1297 0.5225 0.1297 0.7193 0.0084 0.7193 " />
								</IndexedTriangleSet>
							</Shape>
						</Group>
					</Transform>
				</Transform>
				<Transform DEF="Plane_027_TRANSFORM"
				           translation="0.473254 -0.673442 0.567052"
				           scale="1.000000 1.000000 1.000000"
				           rotation="0.000000 1.000000 0.000000 0.000000"
				           >
					<Transform DEF="Plane_027_ifs_TRANSFORM"
					           translation="0.000000 0.000000 0.000000"
					           scale="1.000000 1.000000 1.000000"
					           rotation="0.000000 1.000000 0.000000 0.000000"
					           >
						<Group DEF="group_ME_Plane_027">
							<Shape>
								<Appearance>
									<Material USE="MA_Body" />
								</Appearance>
								<IndexedTriangleSet solid="false"
								                    normalPerVertex="true"
								                    index="0 1 2 0 2 3 "
								                    >
									<Coordinate point="-0.278938 -0.014286 0.121955 0.278938 0.014286 -0.121955 0.367680 1.307713 0.232530 -0.190197 1.279142 0.476440 " />
									<Normal vector="0.397443 -0.267800 0.877651 0.397443 -0.267800 0.877651 0.397443 -0.267800 0.877651 0.397443 -0.267800 0.877651 " />
									<TextureCoordinate point="0.0084 0.5225 0.1297 0.5225 0.1297 0.7193 0.0084 0.7193 " />
								</IndexedTriangleSet>
							</Shape>
						</Group>
					</Transform>
				</Transform>
				<Transform DEF="Plane_028_TRANSFORM"
				           translation="0.594583 -0.673255 -0.266042"
				           scale="1.000000 1.000000 1.000000"
				           rotation="0.000000 1.000000 0.000000 0.000000"
				           >
					<Transform DEF="Plane_028_ifs_TRANSFORM"
					           translation="0.000000 0.000000 0.000000"
					           scale="1.000000 1.000000 1.000000"
					           rotation="0.000000 1.000000 0.000000 0.000000"
					           >
						<Group DEF="group_ME_Plane_028">
							<Shape>
								<Appearance>
									<Material USE="MA_Body" />
								</Appearance>
								<IndexedTriangleSet solid="false"
								                    normalPerVertex="true"
								                    index="0 1 2 0 2 3 "
								                    >
									<Coordinate point="-0.025901 -0.033941 0.291666 0.025901 0.033941 -0.291666 0.638347 1.268466 -0.093617 0.586544 1.200584 0.489715 " />
									<Normal vector="0.893735 -0.447737 0.027253 0.893735 -0.447737 0.027253 0.893735 -0.447737 0.027253 0.893735 -0.447737 0.027253 " />
									<TextureCoordinate point="0.0084 0.5225 0.1297 0.5225 0.1297 0.7193 0.0084 0.7193 " />
								</IndexedTriangleSet>
							</Shape>
						</Group>
					</Transform>
				</Transform>
				<Transform DEF="Plane_029_TRANSFORM"
				           translation="0.588472 -0.686104 -0.548076"
				           scale="1.000000 1.000000 1.000000"
				           rotation="0.000000 1.000000 0.000000 0.000000"
				           >
					<Transform DEF="Plane_029_ifs_TRANSFORM"
					           translation="0.000000 0.000000 0.000000"
					           scale="1.000000 1.000000 1.000000"
					           rotation="0.000000 1.000000 0.000000 0.000000"
					           >
						<Group DEF="group_ME_Plane_029">
							<Shape>
								<Appearance>
									<Material USE="MA_Body" />
								</Appearance>
								<IndexedTriangleSet solid="false"
								                    normalPerVertex="true"
								                    index="0 1 2 0 2 3 "
								                    >
									<Coordinate point="-0.097571 -0.026832 -0.197302 0.254726 1.066937 -0.520270 0.449869 1.120602 -0.125667 0.097571 0.026832 0.197302 " />
									<Normal vector="0.848079 -0.381664 -0.367473 0.848079 -0.381664 -0.367473 0.848079 -0.381664 -0.367473 0.848079 -0.381664 -0.367473 " />
									<TextureCoordinate point="0.0084 0.5225 0.0084 0.7193 0.1297 0.7193 0.1297 0.5225 " />
								</IndexedTriangleSet>
							</Shape>
						</Group>
					</Transform>
				</Transform>
				<Transform DEF="Plane_030_TRANSFORM"
				           translation="0.588472 -0.686104 0.189996"
				           scale="1.000000 1.000000 1.000000"
				           rotation="0.000000 1.000000 0.000000 0.000000"
				           >
					<Transform DEF="Plane_030_ifs_TRANSFORM"
					           translation="0.000000 0.000000 0.000000"
					           scale="1.000000 1.000000 1.000000"
					           rotation="0.000000 1.000000 0.000000 0.000000"
					           >
						<Group DEF="group_ME_Plane_030">
							<Shape>
								<Appearance>
									<Material USE="MA_Body" />
								</Appearance>
								<IndexedTriangleSet solid="false"
								                    normalPerVertex="true"
								                    index="0 1 2 0 2 3 "
								                    >
									<Coordinate point="-0.097571 -0.026832 0.197302 0.097571 0.026832 -0.197302 0.449868 1.120602 0.125666 0.254725 1.066938 0.520270 " />
									<Normal vector="0.848079 -0.381664 0.367473 0.848079 -0.381664 0.367473 0.848079 -0.381664 0.367473 0.848079 -0.381664 0.367473 " />
									<TextureCoordinate point="0.0084 0.5225 0.1297 0.5225 0.1297 0.7193 0.0084 0.7193 " />
								</IndexedTriangleSet>
							</Shape>
						</Group>
					</Transform>
				</Transform>
				<Transform DEF="Plane_031_TRANSFORM"
				           translation="0.000000 -0.434052 -0.752258"
				           scale="1.000000 1.000000 1.000000"
				           rotation="0.000000 1.000000 0.000000 0.000000"
				           >
					<Transform DEF="Plane_031_ifs_TRANSFORM"
					           translation="0.000000 0.000000 0.000000"
					           scale="1.000000 1.000000 1.000000"
					           rotation="0.000000 1.000000 0.000000 0.000000"
					           >
						<Group DEF="group_ME_Plane_031">
							<Shape>
								<Appearance>
									<Material USE="MA_Body" />
								</Appearance>
								<IndexedTriangleSet solid="false"
								                    normalPerVertex="true"
								                    index="0 1 2 0 2 3 "
								                    >
									<Coordinate point="-0.214887 -0.000000 0.000000 -0.214887 0.752080 -0.254359 0.214887 0.752080 -0.254359 0.214887 0.000000 0.000000 " />
									<Normal vector="0.000000 -0.320353 -0.947264 0.000000 -0.320353 -0.947264 0.000000 -0.320353 -0.947264 0.000000 -0.320353 -0.947264 " />
									<TextureCoordinate point="0.0084 0.5287 0.0084 0.7255 0.1297 0.7255 0.1297 0.5287 " />
								</IndexedTriangleSet>
							</Shape>
						</Group>
					</Transform>
				</Transform>
				<Transform DEF="Plane_065_TRANSFORM"
				           translation="-0.473254 -0.673442 0.567052"
				           scale="1.000000 1.000000 1.000000"
				           rotation="0.000000 1.000000 0.000000 0.000000"
				           >
					<Transform DEF="Plane_065_ifs_TRANSFORM"
					           translation="0.000000 0.000000 0.000000"
					           scale="1.000000 1.000000 1.000000"
					           rotation="0.000000 1.000000 0.000000 0.000000"
					           >
						<Group DEF="group_ME_Plane_068">
							<Shape>
								<Appearance>
									<Material USE="MA_Body" />
								</Appearance>
								<IndexedTriangleSet solid="false"
								                    normalPerVertex="true"
								                    index="0 1 2 0 2 3 "
								                    >
									<Coordinate point="0.278938 -0.014286 0.121955 0.190197 1.279142 0.476440 -0.367680 1.307713 0.232531 -0.278938 0.014286 -0.121955 " />
									<Normal vector="-0.397443 -0.267800 0.877651 -0.397443 -0.267800 0.877651 -0.397443 -0.267800 0.877651 -0.397443 -0.267800 0.877651 " />
									<TextureCoordinate point="0.0084 0.5225 0.0084 0.7193 0.1297 0.7193 0.1297 0.5225 " />
								</IndexedTriangleSet>
							</Shape>
						</Group>
					</Transform>
				</Transform>
				<Transform DEF="Plane_066_TRANSFORM"
				           translation="-0.594583 -0.673255 -0.266042"
				           scale="1.000000 1.000000 1.000000"
				           rotation="0.000000 1.000000 0.000000 0.000000"
				           >
					<Transform DEF="Plane_066_ifs_TRANSFORM"
					           translation="0.000000 0.000000 0.000000"
					           scale="1.000000 1.000000 1.000000"
					           rotation="0.000000 1.000000 0.000000 0.000000"
					           >
						<Group DEF="group_ME_Plane_069">
							<Shape>
								<Appearance>
									<Material USE="MA_Body" />
								</Appearance>
								<IndexedTriangleSet solid="false"
								                    normalPerVertex="true"
								                    index="0 1 2 0 2 3 "
								                    >
									<Coordinate point="0.025901 -0.033941 0.291666 -0.586544 1.200584 0.489715 -0.638347 1.268466 -0.093617 -0.025901 0.033941 -0.291666 " />
									<Normal vector="-0.893735 -0.447737 0.027253 -0.893735 -0.447737 0.027253 -0.893735 -0.447737 0.027253 -0.893735 -0.447737 0.027253 " />
									<TextureCoordinate point="0.0084 0.5225 0.0084 0.7193 0.1297 0.7193 0.1297 0.5225 " />
								</IndexedTriangleSet>
							</Shape>
						</Group>
					</Transform>
				</Transform>
				<Transform DEF="Plane_067_TRANSFORM"
				           translation="-0.588472 -0.686104 -0.548076"
				           scale="1.000000 1.000000 1.000000"
				           rotation="0.000000 1.000000 0.000000 0.000000"
				           >
					<Transform DEF="Plane_067_ifs_TRANSFORM"
					           translation="0.000000 0.000000 0.000000"
					           scale="1.000000 1.000000 1.000000"
					           rotation="0.000000 1.000000 0.000000 0.000000"
					           >
						<Group DEF="group_ME_Plane_070">
							<Shape>
								<Appearance>
									<Material USE="MA_Body" />
								</Appearance>
								<IndexedTriangleSet solid="false"
								                    normalPerVertex="true"
								                    index="0 1 2 0 2 3 "
								                    >
									<Coordinate point="0.097571 -0.026832 -0.197302 -0.097571 0.026832 0.197302 -0.449869 1.120602 -0.125667 -0.254726 1.066937 -0.520270 " />
									<Normal vector="-0.848079 -0.381664 -0.367473 -0.848079 -0.381664 -0.367473 -0.848079 -0.381664 -0.367473 -0.848079 -0.381664 -0.367473 " />
									<TextureCoordinate point="0.0084 0.5225 0.1297 0.5225 0.1297 0.7193 0.0084 0.7193 " />
								</IndexedTriangleSet>
							</Shape>
						</Group>
					</Transform>
				</Transform>
				<Transform DEF="Plane_068_TRANSFORM"
				           translation="-0.588472 -0.686104 0.189996"
				           scale="1.000000 1.000000 1.000000"
				           rotation="0.000000 1.000000 0.000000 0.000000"
				           >
					<Transform DEF="Plane_068_ifs_TRANSFORM"
					           translation="0.000000 0.000000 0.000000"
					           scale="1.000000 1.000000 1.000000"
					           rotation="0.000000 1.000000 0.000000 0.000000"
					           >
						<Group DEF="group_ME_Plane_071">
							<Shape>
								<Appearance>
									<Material USE="MA_Body" />
								</Appearance>
								<IndexedTriangleSet solid="false"
								                    normalPerVertex="true"
								                    index="0 1 2 0 2 3 "
								                    >
									<Coordinate point="0.097571 -0.026832 0.197302 -0.254725 1.066938 0.520270 -0.449868 1.120602 0.125666 -0.097571 0.026832 -0.197302 " />
									<Normal vector="-0.848079 -0.381664 0.367473 -0.848079 -0.381664 0.367473 -0.848079 -0.381664 0.367473 -0.848079 -0.381664 0.367473 " />
									<TextureCoordinate point="0.0084 0.5225 0.0084 0.7193 0.1297 0.7193 0.1297 0.5225 " />
								</IndexedTriangleSet>
							</Shape>
						</Group>
					</Transform>
				</Transform>
			</Transform>
			<Transform DEF="foot4_TRANSFORM"
			           translation="0.385554 -0.299668 -0.553584"
			           scale="1.000000 1.000000 1.000000"
			           rotation="0.000000 1.000000 0.000000 0.000000"
			           >
				<Transform DEF="foot4_ifs_TRANSFORM"
				           translation="0.000000 0.000000 0.000000"
				           scale="1.000000 1.000000 1.000000"
				           rotation="0.000000 1.000000 0.000000 0.000000"
				           >
					<Group DEF="group_ME_foot4">
						<Shape>
							<Appearance>
								<Material USE="MA_Body" />
							</Appearance>
							<IndexedTriangleSet solid="false"
							                    normalPerVertex="true"
							                    index="0 1 2 0 2 3 4 5 6 4 6 7 8 9 10 8 10 11 12 13 14 12 14 15 4 16 17 4 17 15 18 5 14 18 14 19 "
							                    >
								<Coordinate point="-0.340070 -0.764700 -0.439274 -0.340070 0.126640 0.072747 -0.340070 0.337490 -0.294307 -0.340070 -0.553850 -0.806328 -0.340070 -0.553850 -0.806328 -0.340070 0.337490 -0.294307 0.340070 0.337490 -0.294307 0.340070 -0.553850 -0.806328 0.340070 -0.553850 -0.806328 0.340070 0.337490 -0.294307 0.340070 0.126640 0.072747 0.340070 -0.764700 -0.439274 0.340070 -0.764700 -0.439274 0.340070 0.126640 0.072747 -0.340070 0.126640 0.072747 -0.340070 -0.764700 -0.439274 0.340070 -0.553850 -0.806328 0.340070 -0.764700 -0.439274 0.340070 0.337490 -0.294307 0.340070 0.126640 0.072747 " />
								<Normal vector="-0.577349 -0.788202 0.213019 -0.577349 0.213019 0.788202 -0.577349 0.788202 -0.213019 -0.577349 -0.213019 -0.788202 -0.577349 -0.213019 -0.788202 -0.577349 0.788202 -0.213019 0.577349 0.788202 -0.213019 0.577349 -0.213019 -0.788202 0.577349 -0.213019 -0.788202 0.577349 0.788202 -0.213019 0.577349 0.213019 0.788202 0.577349 -0.788202 0.213019 0.577349 -0.788202 0.213019 0.577349 0.213019 0.788202 -0.577349 0.213019 0.788202 -0.577349 -0.788202 0.213019 0.577349 -0.213019 -0.788202 0.577349 -0.788202 0.213019 0.577349 0.788202 -0.213019 0.577349 0.213019 0.788202 " />
								<TextureCoordinate point="0.0104 0.7684 0.1308 0.7684 0.1308 0.9819 0.0104 0.9819 0.0104 0.7684 0.1308 0.7684 0.1308 0.9819 0.0104 0.9819 0.0104 0.7684 0.1308 0.7684 0.1308 0.9819 0.0104 0.9819 0.0104 0.7684 0.1308 0.7684 0.1308 0.9819 0.0104 0.9819 0.1308 0.7684 0.1308 0.9819 0.0104 0.7684 0.0104 0.9819 " />
							</IndexedTriangleSet>
						</Shape>
					</Group>
				</Transform>
				<Transform DEF="Cube_023_TRANSFORM"
				           translation="-0.010423 -0.641563 -0.592589"
				           scale="1.000000 1.000000 1.000000"
				           rotation="0.000000 1.000000 0.000000 0.000000"
				           >
					<Transform DEF="Cube_023_ifs_TRANSFORM"
					           translation="0.000000 0.000000 0.000000"
					           scale="1.000000 1.000000 1.000000"
					           rotation="0.000000 1.000000 0.000000 0.000000"
					           >
						<Group DEF="group_ME_Cube_062">
							<Shape>
								<Appearance>
									<Material USE="MA_Body" />
								</Appearance>
								<IndexedTriangleSet solid="false"
								                    normalPerVertex="true"
								                    index="0 1 2 0 2 3 4 5 6 4 6 7 8 9 10 8 10 11 12 13 14 12 14 15 4 16 17 4 17 15 18 5 14 18 14 19 20 21 22 20 22 23 24 25 26 24 26 27 28 29 30 28 30 31 32 33 34 32 34 35 24 36 37 24 37 35 38 25 34 38 34 39 40 41 42 40 42 43 44 45 46 44 46 47 48 49 50 48 50 51 52 53 54 52 54 55 44 56 57 44 57 55 58 45 54 58 54 59 "
								                    >
									<Coordinate point="-0.067664 -0.166135 -0.047264 -0.067664 -0.027903 0.042818 -0.067664 0.027903 -0.042818 -0.067664 -0.110329 -0.132900 -0.067664 -0.110329 -0.132900 -0.067664 0.027903 -0.042818 0.067664 0.027903 -0.042818 0.067664 -0.110329 -0.132900 0.067664 -0.110329 -0.132900 0.067664 0.027903 -0.042818 0.067664 -0.027903 0.042818 0.067664 -0.166135 -0.047264 0.067664 -0.166135 -0.047264 0.067664 -0.027903 0.042818 -0.067664 -0.027903 0.042818 -0.067664 -0.166135 -0.047264 0.067664 -0.110329 -0.132900 0.067664 -0.166135 -0.047264 0.067664 0.027903 -0.042818 0.067664 -0.027903 0.042818 0.094321 -0.171458 -0.049707 0.079280 -0.033857 0.040085 0.077899 0.021891 -0.045578 0.092940 -0.115709 -0.135370 0.092940 -0.115709 -0.135370 0.077899 0.021891 -0.045578 0.212652 0.033226 -0.040374 0.227693 -0.104375 -0.130166 0.227693 -0.104375 -0.130166 0.212652 0.033226 -0.040374 0.214033 -0.022523 0.045288 0.229074 -0.160123 -0.044504 0.229074 -0.160123 -0.044504 0.214033 -0.022523 0.045288 0.079280 -0.033857 0.040085 0.094321 -0.171458 -0.049707 0.227693 -0.104375 -0.130166 0.229074 -0.160123 -0.044504 0.212652 0.033226 -0.040374 0.214033 -0.022523 0.045288 -0.212796 -0.153973 -0.041680 -0.190843 -0.017090 0.047782 -0.188827 0.038593 -0.037910 -0.210780 -0.098291 -0.127373 -0.210780 -0.098291 -0.127373 -0.188827 0.038593 -0.037910 -0.070101 0.023947 -0.044634 -0.092054 -0.112937 -0.134097 -0.092054 -0.112937 -0.134097 -0.070101 0.023947 -0.044634 -0.072117 -0.031736 0.041058 -0.094070 -0.168620 -0.048404 -0.094070 -0.168620 -0.048404 -0.072117 -0.031736 0.041058 -0.190843 -0.017090 0.047782 -0.212796 -0.153973 -0.041680 -0.092054 -0.112937 -0.134097 -0.094070 -0.168620 -0.048404 -0.070101 0.023947 -0.044634 -0.072117 -0.031736 0.041058 " />
									<Normal vector="-0.577349 -0.798914 0.168462 -0.577349 0.168462 0.798914 -0.577349 0.798914 -0.168462 -0.577349 -0.168462 -0.798914 -0.577349 -0.168462 -0.798914 -0.577349 0.798914 -0.168462 0.577349 0.798914 -0.168462 0.577349 -0.168462 -0.798914 0.577349 -0.168462 -0.798914 0.577349 0.798914 -0.168462 0.577349 0.168462 0.798914 0.577349 -0.798914 0.168462 0.577349 -0.798914 0.168462 0.577349 0.168462 0.798914 -0.577349 0.168462 0.798914 -0.577349 -0.798914 0.168462 0.577349 -0.168462 -0.798914 0.577349 -0.798914 0.168462 0.577349 0.798914 -0.168462 0.577349 0.168462 0.798914 -0.514450 -0.844722 0.147435 -0.619709 0.118229 0.775842 -0.635304 0.748009 -0.191839 -0.530045 -0.214942 -0.820246 -0.530045 -0.214942 -0.820246 -0.635304 0.748009 -0.191839 0.514450 0.844722 -0.147435 0.619709 -0.118229 -0.775842 0.619709 -0.118229 -0.775842 0.514450 0.844722 -0.147435 0.530045 0.214942 0.820246 0.635304 -0.748009 0.191839 0.635304 -0.748009 0.191839 0.530045 0.214942 0.820246 -0.619709 0.118229 0.775842 -0.514450 -0.844722 0.147435 0.619709 -0.118229 -0.775842 0.635304 -0.748009 0.191839 0.514450 0.844722 -0.147435 0.530045 0.214942 0.820246 -0.660298 -0.722922 0.203375 -0.506668 0.235023 0.829463 -0.483871 0.864071 -0.138554 -0.637532 -0.093875 -0.764672 -0.637532 -0.093875 -0.764672 -0.483871 0.864071 -0.138554 0.660298 0.722922 -0.203375 0.506668 -0.235023 -0.829463 0.506668 -0.235023 -0.829463 0.660298 0.722922 -0.203375 0.637532 0.093875 0.764672 0.483871 -0.864071 0.138554 0.483871 -0.864071 0.138554 0.637532 0.093875 0.764672 -0.506668 0.235023 0.829463 -0.660298 -0.722922 0.203375 0.506668 -0.235023 -0.829463 0.483871 -0.864071 0.138554 0.660298 0.722922 -0.203375 0.637532 0.093875 0.764672 " />
									<TextureCoordinate point="0.0066 0.5204 0.1297 0.5204 0.1297 0.7306 0.0066 0.7306 0.0066 0.5204 0.1297 0.5204 0.1297 0.7306 0.0066 0.7306 0.0066 0.5204 0.1297 0.5204 0.1297 0.7306 0.0066 0.7306 0.0066 0.5204 0.1297 0.5204 0.1297 0.7306 0.0066 0.7306 0.1297 0.5204 0.1297 0.7306 0.0066 0.5204 0.0066 0.7306 0.0066 0.5204 0.1297 0.5204 0.1297 0.7306 0.0066 0.7306 0.0066 0.5204 0.1297 0.5204 0.1297 0.7306 0.0066 0.7306 0.0066 0.5204 0.1297 0.5204 0.1297 0.7306 0.0066 0.7306 0.0066 0.5204 0.1297 0.5204 0.1297 0.7306 0.0066 0.7306 0.1297 0.5204 0.1297 0.7306 0.0066 0.5204 0.0066 0.7306 0.0066 0.5204 0.1297 0.5204 0.1297 0.7306 0.0066 0.7306 0.0066 0.5204 0.1297 0.5204 0.1297 0.7306 0.0066 0.7306 0.0066 0.5204 0.1297 0.5204 0.1297 0.7306 0.0066 0.7306 0.0066 0.5204 0.1297 0.5204 0.1297 0.7306 0.0066 0.7306 0.1297 0.5204 0.1297 0.7306 0.0066 0.5204 0.0066 0.7306 " />
								</IndexedTriangleSet>
							</Shape>
						</Group>
					</Transform>
				</Transform>
			</Transform>
			<Transform DEF="tail_TRANSFORM"
			           translation="0.000000 -0.086301 0.002085"
			           scale="1.000000 1.000000 1.000000"
			           rotation="0.000000 1.000000 0.000000 0.000000"
			           >
				<Transform DEF="tail_ifs_TRANSFORM"
				           translation="0.000000 0.000000 0.000000"
				           scale="1.000000 1.000000 1.000000"
				           rotation="0.000000 1.000000 0.000000 0.000000"
				           >
					<Group DEF="group_ME_tail">
						<Shape>
							<Appearance>
								<Material USE="MA_Body" />
							</Appearance>
							<IndexedTriangleSet solid="false"
							                    normalPerVertex="true"
							                    index="0 1 2 0 2 3 4 5 6 4 6 7 8 9 10 8 10 11 12 13 14 12 14 15 4 16 17 4 17 15 18 5 14 18 14 19 "
							                    >
								<Coordinate point="-0.333354 -0.004703 -0.341152 -0.333354 0.004703 0.341152 -0.333354 0.195886 0.338516 -0.333354 0.186480 -0.343788 -0.333354 0.186480 -0.343788 -0.333354 0.195886 0.338516 0.333354 0.195886 0.338516 0.333354 0.186480 -0.343788 0.333354 0.186480 -0.343788 0.333354 0.195886 0.338516 0.333354 0.004703 0.341152 0.333354 -0.004703 -0.341152 0.333354 -0.004703 -0.341152 0.333354 0.004703 0.341152 -0.333354 0.004703 0.341152 -0.333354 -0.004703 -0.341152 0.333354 0.186480 -0.343788 0.333354 -0.004703 -0.341152 0.333354 0.195886 0.338516 0.333354 0.004703 0.341152 " />
								<Normal vector="-0.577349 -0.585253 -0.569323 -0.577349 -0.569323 0.585253 -0.577349 0.585253 0.569323 -0.577349 0.569323 -0.585253 -0.577349 0.569323 -0.585253 -0.577349 0.585253 0.569323 0.577349 0.585253 0.569323 0.577349 0.569323 -0.585253 0.577349 0.569323 -0.585253 0.577349 0.585253 0.569323 0.577349 -0.569323 0.585253 0.577349 -0.585253 -0.569323 0.577349 -0.585253 -0.569323 0.577349 -0.569323 0.585253 -0.577349 -0.569323 0.585253 -0.577349 -0.585253 -0.569323 0.577349 0.569323 -0.585253 0.577349 -0.585253 -0.569323 0.577349 0.585253 0.569323 0.577349 -0.569323 0.585253 " />
								<TextureCoordinate point="0.0104 0.7684 0.1308 0.7684 0.1308 0.9819 0.0104 0.9819 0.0104 0.7684 0.1308 0.7684 0.1308 0.9819 0.0104 0.9819 0.0104 0.7684 0.1308 0.7684 0.1308 0.9819 0.0104 0.9819 0.0104 0.7684 0.1308 0.7684 0.1308 0.9819 0.0104 0.9819 0.1308 0.7684 0.1308 0.9819 0.0104 0.7684 0.0104 0.9819 " />
							</IndexedTriangleSet>
						</Shape>
					</Group>
				</Transform>
				<Transform DEF="tail1_TRANSFORM"
				           translation="0.000000 0.143744 -0.001982"
				           scale="1.000000 1.000000 1.000000"
				           rotation="0.000000 1.000000 0.000000 0.000000"
				           >
					<Transform DEF="tail1_ifs_TRANSFORM"
					           translation="0.000000 0.000000 0.000000"
					           scale="1.000000 1.000000 1.000000"
					           rotation="0.000000 1.000000 0.000000 0.000000"
					           >
						<Group DEF="group_ME_tail1">
							<Shape>
								<Appearance>
									<Material USE="MA_Body" />
								</Appearance>
								<IndexedTriangleSet solid="false"
								                    normalPerVertex="true"
								                    index="0 1 2 0 2 3 4 5 6 4 6 7 8 9 10 8 10 11 12 13 14 12 14 15 4 16 17 4 17 15 18 5 14 18 14 19 "
								                    >
									<Coordinate point="-0.409446 0.008950 -0.418969 -0.409446 -0.008950 0.418969 -0.409446 0.371203 0.427090 -0.409446 0.389104 -0.410847 -0.409446 0.389104 -0.410847 -0.409446 0.371203 0.427090 0.409446 0.371203 0.427090 0.409446 0.389104 -0.410847 0.409446 0.389104 -0.410847 0.409446 0.371203 0.427090 0.409446 -0.008950 0.418969 0.409446 0.008950 -0.418969 0.409446 0.008950 -0.418969 0.409446 -0.008950 0.418969 -0.409446 -0.008950 0.418969 -0.409446 0.008950 -0.418969 0.409446 0.389104 -0.410847 0.409446 0.008950 -0.418969 0.409446 0.371203 0.427090 0.409446 -0.008950 0.418969 " />
									<Normal vector="-0.577349 -0.564867 -0.589526 -0.577349 -0.589526 0.564867 -0.577349 0.564867 0.589526 -0.577349 0.589526 -0.564867 -0.577349 0.589526 -0.564867 -0.577349 0.564867 0.589526 0.577349 0.564867 0.589526 0.577349 0.589526 -0.564867 0.577349 0.589526 -0.564867 0.577349 0.564867 0.589526 0.577349 -0.589526 0.564867 0.577349 -0.564867 -0.589526 0.577349 -0.564867 -0.589526 0.577349 -0.589526 0.564867 -0.577349 -0.589526 0.564867 -0.577349 -0.564867 -0.589526 0.577349 0.589526 -0.564867 0.577349 -0.564867 -0.589526 0.577349 0.564867 0.589526 0.577349 -0.589526 0.564867 " />
									<TextureCoordinate point="0.0104 0.7684 0.1308 0.7684 0.1308 0.9819 0.0104 0.9819 0.0104 0.7684 0.1308 0.7684 0.1308 0.9819 0.0104 0.9819 0.0104 0.7684 0.1308 0.7684 0.1308 0.9819 0.0104 0.9819 0.0104 0.7684 0.1308 0.7684 0.1308 0.9819 0.0104 0.9819 0.1308 0.7684 0.1308 0.9819 0.0104 0.7684 0.0104 0.9819 " />
								</IndexedTriangleSet>
							</Shape>
						</Group>
					</Transform>
					<Transform DEF="tail2_TRANSFORM"
					           translation="0.000000 0.305192 0.022866"
					           scale="1.000000 1.000000 1.000000"
					           rotation="0.000000 1.000000 0.000000 0.000000"
					           >
						<Transform DEF="tail2_ifs_TRANSFORM"
						           translation="0.000000 0.000000 0.000000"
						           scale="1.000000 1.000000 1.000000"
						           rotation="0.000000 1.000000 0.000000 0.000000"
						           >
							<Group DEF="group_ME_tail2">
								<Shape>
									<Appearance>
										<Material USE="MA_Body" />
									</Appearance>
									<IndexedTriangleSet solid="false"
									                    normalPerVertex="true"
									                    index="0 1 2 0 2 3 4 5 6 4 6 7 8 9 10 8 10 11 12 13 14 12 14 15 16 17 18 16 18 19 20 21 22 20 22 23 24 5 1 24 1 25 4 26 27 4 27 0 28 29 30 28 30 31 32 33 34 32 34 35 "
									                    >
										<Coordinate point="-0.501367 0.611437 -0.633503 -0.501367 0.573747 0.667829 -0.501367 0.749615 0.672922 -0.501367 0.787305 -0.628409 -0.501367 0.787305 -0.628409 -0.501367 0.749615 0.672922 0.501367 0.749615 0.672922 0.501367 0.787305 -0.628409 0.501367 0.611437 -0.633503 0.501367 0.573747 0.667829 0.501367 -0.018845 0.650666 0.501367 0.018845 -0.650666 0.501367 0.018845 -0.650666 0.501367 -0.018845 0.650666 -0.501367 -0.018845 0.650666 -0.501367 0.018845 -0.650666 -0.501367 0.611437 -0.633503 0.501367 0.611437 -0.633503 0.501367 0.018845 -0.650666 -0.501367 0.018845 -0.650666 0.501367 0.573747 0.667829 -0.501367 0.573747 0.667829 -0.501367 -0.018845 0.650666 0.501367 -0.018845 0.650666 0.501367 0.749615 0.672922 0.501367 0.573747 0.667829 0.501367 0.787305 -0.628409 0.501367 0.611437 -0.633503 0.501367 0.787305 -0.628409 0.501367 0.749615 0.672922 0.501367 0.573747 0.667829 0.501367 0.611437 -0.633503 -0.501367 0.018845 -0.650666 -0.501367 -0.018845 0.650666 -0.501367 0.573747 0.667829 -0.501367 0.611437 -0.633503 " />
										<Normal vector="-0.707083 0.020447 -0.706809 -0.707083 -0.020447 0.706809 -0.577349 0.560381 0.593799 -0.577349 0.593799 -0.560381 -0.577349 0.593799 -0.560381 -0.577349 0.560381 0.593799 0.577349 0.560381 0.593799 0.577349 0.593799 -0.560381 0.707083 0.020447 -0.706809 0.707083 -0.020447 0.706809 0.577349 -0.593799 0.560381 0.577349 -0.560381 -0.593799 0.577349 -0.560381 -0.593799 0.577349 -0.593799 0.560381 -0.577349 -0.593799 0.560381 -0.577349 -0.560381 -0.593799 -0.707083 0.020447 -0.706809 0.707083 0.020447 -0.706809 0.577349 -0.560381 -0.593799 -0.577349 -0.560381 -0.593799 0.707083 -0.020447 0.706809 -0.707083 -0.020447 0.706809 -0.577349 -0.593799 0.560381 0.577349 -0.593799 0.560381 0.577349 0.560381 0.593799 0.707083 -0.020447 0.706809 0.577349 0.593799 -0.560381 0.707083 0.020447 -0.706809 0.577349 0.593799 -0.560381 0.577349 0.560381 0.593799 0.707083 -0.020447 0.706809 0.707083 0.020447 -0.706809 -0.577349 -0.560381 -0.593799 -0.577349 -0.593799 0.560381 -0.707083 -0.020447 0.706809 -0.707083 0.020447 -0.706809 " />
										<TextureCoordinate point="0.0104 0.6271 0.1308 0.6271 0.1308 0.7338 0.0104 0.7338 0.0104 0.5204 0.1308 0.5204 0.1308 0.7338 0.0104 0.7338 0.1510 0.8993 0.1510 0.1007 0.4181 0.1007 0.4181 0.8993 0.0104 0.7684 0.1308 0.7684 0.1308 0.9819 0.0104 0.9819 0.1510 0.8993 0.1510 0.1007 0.4181 0.1007 0.4181 0.8993 0.1510 0.8993 0.1510 0.1007 0.4181 0.1007 0.4181 0.8993 0.0104 0.5204 0.0104 0.6271 0.1308 0.5204 0.1308 0.6271 0.0104 0.5204 0.1308 0.5204 0.1308 0.6271 0.0104 0.6271 0.4181 0.1007 0.4181 0.8993 0.1510 0.8993 0.1510 0.1007 " />
									</IndexedTriangleSet>
								</Shape>
							</Group>
						</Transform>
						<Transform DEF="Cube_015_TRANSFORM"
						           translation="0.000000 0.718166 0.020800"
						           scale="1.000000 1.000000 1.000000"
						           rotation="0.000000 1.000000 0.000000 0.000000"
						           >
							<Transform DEF="Cube_015_ifs_TRANSFORM"
							           translation="0.000000 0.000000 0.000000"
							           scale="1.000000 1.000000 1.000000"
							           rotation="0.000000 1.000000 0.000000 0.000000"
							           >
								<Group DEF="group_ME_Cube_053">
									<Shape>
										<Appearance>
											<Material USE="MA_Body" />
										</Appearance>
										<IndexedTriangleSet solid="false"
										                    normalPerVertex="true"
										                    index="0 1 2 0 2 3 4 5 6 4 6 7 8 9 10 8 10 11 12 13 14 12 14 15 4 16 17 4 17 15 18 5 14 18 14 19 "
										                    >
											<Coordinate point="-0.689080 0.023664 -0.817062 -0.689080 -0.023664 0.817062 -0.689080 0.389965 0.829041 -0.689080 0.437293 -0.805082 -0.689080 0.437293 -0.805082 -0.689080 0.389965 0.829041 0.689080 0.389965 0.829041 0.689080 0.437293 -0.805082 0.689080 0.437293 -0.805082 0.689080 0.389965 0.829041 0.689080 -0.023664 0.817062 0.689080 0.023664 -0.817062 0.689080 0.023664 -0.817062 0.689080 -0.023664 0.817062 -0.689080 -0.023664 0.817062 -0.689080 0.023664 -0.817062 0.689080 0.437293 -0.805082 0.689080 0.023664 -0.817062 0.689080 0.389965 0.829041 0.689080 -0.023664 0.817062 " />
											<Normal vector="-0.577349 -0.560381 -0.593799 -0.577349 -0.593799 0.560381 -0.577349 0.560381 0.593799 -0.577349 0.593799 -0.560381 -0.577349 0.593799 -0.560381 -0.577349 0.560381 0.593799 0.577349 0.560381 0.593799 0.577349 0.593799 -0.560381 0.577349 0.593799 -0.560381 0.577349 0.560381 0.593799 0.577349 -0.593799 0.560381 0.577349 -0.560381 -0.593799 0.577349 -0.560381 -0.593799 0.577349 -0.593799 0.560381 -0.577349 -0.593799 0.560381 -0.577349 -0.560381 -0.593799 0.577349 0.593799 -0.560381 0.577349 -0.560381 -0.593799 0.577349 0.560381 0.593799 0.577349 -0.593799 0.560381 " />
											<TextureCoordinate point="0.0094 0.5169 0.1343 0.5169 0.1343 0.7341 0.0094 0.7341 0.0094 0.5169 0.1343 0.5169 0.1343 0.7341 0.0094 0.7341 0.0094 0.5169 0.1343 0.5169 0.1343 0.7341 0.0094 0.7341 0.0094 0.5169 0.1343 0.5169 0.1343 0.7341 0.0094 0.7341 0.1343 0.5169 0.1343 0.7341 0.0094 0.5169 0.0094 0.7341 " />
										</IndexedTriangleSet>
									</Shape>
								</Group>
							</Transform>
							<Transform DEF="Plane_032_TRANSFORM"
							           translation="0.000000 0.091669 0.688776"
							           scale="1.000000 1.000000 1.000000"
							           rotation="0.000000 1.000000 0.000000 0.000000"
							           >
								<Transform DEF="Plane_032_ifs_TRANSFORM"
								           translation="0.000000 0.000000 0.000000"
								           scale="1.000000 1.000000 1.000000"
								           rotation="0.000000 1.000000 0.000000 0.000000"
								           >
									<Group DEF="group_ME_Plane_032">
										<Shape>
											<Appearance>
												<Material USE="MA_Body" />
											</Appearance>
											<IndexedTriangleSet solid="false"
											                    normalPerVertex="true"
											                    index="0 1 2 0 2 3 "
											                    >
												<Coordinate point="-0.243781 0.000000 0.000000 0.243781 0.000000 0.000000 0.243781 0.711814 0.374966 -0.243781 0.711814 0.374966 " />
												<Normal vector="0.000000 -0.466048 0.884732 0.000000 -0.466048 0.884732 0.000000 -0.466048 0.884732 0.000000 -0.466048 0.884732 " />
												<TextureCoordinate point="0.0084 0.5225 0.1297 0.5225 0.1297 0.7193 0.0084 0.7193 " />
											</IndexedTriangleSet>
										</Shape>
									</Group>
								</Transform>
							</Transform>
							<Transform DEF="Plane_033_TRANSFORM"
							           translation="0.000000 0.333180 -0.775093"
							           scale="1.000000 1.000000 1.000000"
							           rotation="0.000000 1.000000 0.000000 0.000000"
							           >
								<Transform DEF="Plane_033_ifs_TRANSFORM"
								           translation="0.000000 0.000000 0.000000"
								           scale="1.000000 1.000000 1.000000"
								           rotation="0.000000 1.000000 0.000000 0.000000"
								           >
									<Group DEF="group_ME_Plane_033">
										<Shape>
											<Appearance>
												<Material USE="MA_Body" />
											</Appearance>
											<IndexedTriangleSet solid="false"
											                    normalPerVertex="true"
											                    index="0 1 2 0 2 3 "
											                    >
												<Coordinate point="0.186918 -0.000000 -0.000000 -0.186918 0.000000 0.000000 -0.186918 0.434976 -0.222921 0.186918 0.434975 -0.222921 " />
												<Normal vector="0.000000 -0.456069 -0.889920 0.000000 -0.456069 -0.889920 0.000000 -0.456069 -0.889920 0.000000 -0.456069 -0.889920 " />
												<TextureCoordinate point="0.0084 0.5225 0.1297 0.5225 0.1297 0.7193 0.0084 0.7193 " />
											</IndexedTriangleSet>
										</Shape>
									</Group>
								</Transform>
							</Transform>
							<Transform DEF="Plane_035_TRANSFORM"
							           translation="0.589029 0.258902 0.036016"
							           scale="1.000000 1.000000 1.000000"
							           rotation="0.000000 1.000000 0.000000 0.000000"
							           >
								<Transform DEF="Plane_035_ifs_TRANSFORM"
								           translation="0.000000 0.000000 0.000000"
								           scale="1.000000 1.000000 1.000000"
								           rotation="0.000000 1.000000 0.000000 0.000000"
								           >
									<Group DEF="group_ME_Plane_035">
										<Shape>
											<Appearance>
												<Material USE="MA_Body" />
											</Appearance>
											<IndexedTriangleSet solid="false"
											                    normalPerVertex="true"
											                    index="0 1 2 0 2 3 "
											                    >
												<Coordinate point="-0.001830 0.007393 0.238429 0.001830 -0.007393 -0.238429 0.454079 0.486461 -0.250269 0.450418 0.501246 0.226588 " />
												<Normal vector="0.737541 -0.674764 0.026582 0.737541 -0.674764 0.026582 0.737541 -0.674764 0.026582 0.737541 -0.674764 0.026582 " />
												<TextureCoordinate point="0.0084 0.5225 0.1297 0.5225 0.1297 0.7193 0.0084 0.7193 " />
											</IndexedTriangleSet>
										</Shape>
									</Group>
								</Transform>
							</Transform>
							<Transform DEF="Plane_036_TRANSFORM"
							           translation="0.608687 0.260571 0.417363"
							           scale="1.000000 1.000000 1.000000"
							           rotation="0.000000 1.000000 0.000000 0.000000"
							           >
								<Transform DEF="Plane_036_ifs_TRANSFORM"
								           translation="0.000000 0.000000 0.000000"
								           scale="1.000000 1.000000 1.000000"
								           rotation="0.000000 1.000000 0.000000 0.000000"
								           >
									<Group DEF="group_ME_Plane_036">
										<Shape>
											<Appearance>
												<Material USE="MA_Body" />
											</Appearance>
											<IndexedTriangleSet solid="false"
											                    normalPerVertex="true"
											                    index="0 1 2 0 2 3 4 5 6 4 6 7 "
											                    >
												<Coordinate point="-0.011900 0.009081 0.118894 0.011900 -0.009081 -0.118894 0.181494 0.248672 -0.121607 0.157693 0.266835 0.116182 -0.325977 -0.021892 0.395963 -0.088051 -0.053025 0.103960 0.126825 0.324816 0.238757 -0.111101 0.355949 0.530760 " />
												<Normal vector="0.829463 -0.544450 0.124607 0.829463 -0.544450 0.124607 0.829463 -0.544450 0.124607 0.829463 -0.544450 0.124607 0.617054 -0.551256 0.561541 0.617054 -0.551256 0.561541 0.617054 -0.551256 0.561541 0.617054 -0.551256 0.561541 " />
												<TextureCoordinate point="0.0084 0.5225 0.1297 0.5225 0.1297 0.7193 0.0084 0.7193 0.0084 0.5225 0.1297 0.5225 0.1297 0.7193 0.0084 0.7193 " />
											</IndexedTriangleSet>
										</Shape>
									</Group>
								</Transform>
							</Transform>
							<Transform DEF="Plane_038_TRANSFORM"
							           translation="0.567666 0.360124 -0.603675"
							           scale="1.000000 1.000000 1.000000"
							           rotation="0.000000 1.000000 0.000000 0.000000"
							           >
								<Transform DEF="Plane_038_ifs_TRANSFORM"
								           translation="0.000000 0.000000 0.000000"
								           scale="1.000000 1.000000 1.000000"
								           rotation="0.000000 1.000000 0.000000 0.000000"
								           >
									<Group DEF="group_ME_Plane_038">
										<Shape>
											<Appearance>
												<Material USE="MA_Body" />
											</Appearance>
											<IndexedTriangleSet solid="false"
											                    normalPerVertex="true"
											                    index="0 1 2 0 2 3 "
											                    >
												<Coordinate point="0.106609 -0.004345 0.113561 -0.106609 0.004345 -0.113561 0.095213 0.388178 -0.288345 0.308432 0.379489 -0.061223 " />
												<Normal vector="0.587848 -0.570330 -0.573687 0.587848 -0.570330 -0.573687 0.587848 -0.570330 -0.573687 0.587848 -0.570330 -0.573687 " />
												<TextureCoordinate point="0.0084 0.5225 0.1297 0.5225 0.1297 0.7193 0.0084 0.7193 " />
											</IndexedTriangleSet>
										</Shape>
									</Group>
								</Transform>
							</Transform>
							<Transform DEF="Plane_039_TRANSFORM"
							           translation="0.137078 0.326060 0.063046"
							           scale="1.000000 1.000000 1.000000"
							           rotation="0.000000 1.000000 0.000000 0.000000"
							           >
								<Transform DEF="Plane_039_ifs_TRANSFORM"
								           translation="0.000000 0.000000 0.000000"
								           scale="1.000000 1.000000 1.000000"
								           rotation="0.000000 1.000000 0.000000 0.000000"
								           >
									<Group DEF="group_ME_Plane_039">
										<Shape>
											<Appearance>
												<Material USE="MA_Body" />
											</Appearance>
											<IndexedTriangleSet solid="false"
											                    normalPerVertex="true"
											                    index="0 1 2 0 2 3 4 5 6 4 6 7 "
											                    >
												<Coordinate point="0.030949 -0.005299 0.151613 -0.030949 0.005299 -0.151613 0.242333 0.313434 -0.196629 0.304231 0.302836 0.106597 -0.146267 -0.111038 0.293632 0.126062 -0.119419 0.176697 0.210491 0.327616 0.341278 -0.061838 0.335998 0.458213 " />
												<Normal vector="0.724540 -0.667592 -0.171209 0.724540 -0.667592 -0.171209 0.724540 -0.667592 -0.171209 0.724540 -0.667592 -0.171209 0.354808 -0.381268 0.853633 0.354808 -0.381268 0.853633 0.354808 -0.381268 0.853633 0.354808 -0.381268 0.853633 " />
												<TextureCoordinate point="0.0084 0.5225 0.1297 0.5225 0.1297 0.7193 0.0084 0.7193 0.0084 0.5225 0.1297 0.5225 0.1297 0.7193 0.0084 0.7193 " />
											</IndexedTriangleSet>
										</Shape>
									</Group>
								</Transform>
							</Transform>
							<Transform DEF="Plane_040_TRANSFORM"
							           translation="0.431823 0.324206 0.116114"
							           scale="1.000000 1.000000 1.000000"
							           rotation="0.000000 1.000000 0.000000 0.000000"
							           >
								<Transform DEF="Plane_040_ifs_TRANSFORM"
								           translation="0.000000 0.000000 0.000000"
								           scale="1.000000 1.000000 1.000000"
								           rotation="0.000000 1.000000 0.000000 0.000000"
								           >
									<Group DEF="group_ME_Plane_040">
										<Shape>
											<Appearance>
												<Material USE="MA_Body" />
											</Appearance>
											<IndexedTriangleSet solid="false"
											                    normalPerVertex="true"
											                    index="0 1 2 0 2 3 "
											                    >
												<Coordinate point="-0.005451 0.022302 0.119567 0.005451 -0.022302 -0.119567 0.247666 0.309954 -0.170498 0.236764 0.354558 0.068635 " />
												<Normal vector="0.810053 -0.568621 0.142979 0.810053 -0.568621 0.142979 0.810053 -0.568621 0.142979 0.810053 -0.568621 0.142979 " />
												<TextureCoordinate point="0.0084 0.5225 0.1297 0.5225 0.1297 0.7193 0.0084 0.7193 " />
											</IndexedTriangleSet>
										</Shape>
									</Group>
								</Transform>
							</Transform>
							<Transform DEF="Plane_041_TRANSFORM"
							           translation="0.415278 0.210832 0.298211"
							           scale="1.000000 1.000000 1.000000"
							           rotation="0.000000 1.000000 0.000000 0.000000"
							           >
								<Transform DEF="Plane_041_ifs_TRANSFORM"
								           translation="0.000000 0.000000 0.000000"
								           scale="1.000000 1.000000 1.000000"
								           rotation="0.000000 1.000000 0.000000 0.000000"
								           >
									<Group DEF="group_ME_Plane_041">
										<Shape>
											<Appearance>
												<Material USE="MA_Body" />
											</Appearance>
											<IndexedTriangleSet solid="false"
											                    normalPerVertex="true"
											                    index="0 1 2 0 2 3 "
											                    >
												<Coordinate point="-0.101233 0.008474 0.067107 0.101233 -0.008474 -0.067107 0.215275 0.369961 0.057142 0.012810 0.386908 0.191357 " />
												<Normal vector="0.482559 -0.401044 0.778619 0.482559 -0.401044 0.778619 0.482559 -0.401044 0.778619 0.482559 -0.401044 0.778619 " />
												<TextureCoordinate point="0.0084 0.5225 0.1297 0.5225 0.1297 0.7193 0.0084 0.7193 " />
											</IndexedTriangleSet>
										</Shape>
									</Group>
								</Transform>
							</Transform>
							<Transform DEF="Plane_043_TRANSFORM"
							           translation="0.443305 0.277229 -0.135737"
							           scale="1.000000 1.000000 1.000000"
							           rotation="0.000000 1.000000 0.000000 0.000000"
							           >
								<Transform DEF="Plane_043_ifs_TRANSFORM"
								           translation="0.000000 0.000000 0.000000"
								           scale="1.000000 1.000000 1.000000"
								           rotation="0.000000 1.000000 0.000000 0.000000"
								           >
									<Group DEF="group_ME_Plane_043">
										<Shape>
											<Appearance>
												<Material USE="MA_Body" />
											</Appearance>
											<IndexedTriangleSet solid="false"
											                    normalPerVertex="true"
											                    index="0 1 2 0 2 3 4 5 6 4 6 7 "
											                    >
												<Coordinate point="0.022076 0.000901 0.119729 -0.022077 -0.000902 -0.119729 0.252346 0.304958 -0.172632 0.296498 0.306761 0.066826 0.224151 0.087973 -0.087169 0.140448 0.094000 -0.311662 0.310042 0.345504 -0.368143 0.393745 0.339477 -0.143650 " />
												<Normal vector="0.726890 -0.674490 -0.128941 0.726890 -0.674490 -0.128941 0.726890 -0.674490 -0.128941 0.726890 -0.674490 -0.128941 0.758873 -0.578753 -0.298471 0.758873 -0.578753 -0.298471 0.758873 -0.578753 -0.298471 0.758873 -0.578753 -0.298471 " />
												<TextureCoordinate point="0.0084 0.5225 0.1297 0.5225 0.1297 0.7193 0.0084 0.7193 0.0084 0.5225 0.1297 0.5225 0.1297 0.7193 0.0084 0.7193 " />
											</IndexedTriangleSet>
										</Shape>
									</Group>
								</Transform>
							</Transform>
							<Transform DEF="Plane_044_TRANSFORM"
							           translation="0.306645 0.330106 -0.622477"
							           scale="1.000000 1.000000 1.000000"
							           rotation="0.000000 1.000000 0.000000 0.000000"
							           >
								<Transform DEF="Plane_044_ifs_TRANSFORM"
								           translation="0.000000 0.000000 0.000000"
								           scale="1.000000 1.000000 1.000000"
								           rotation="0.000000 1.000000 0.000000 0.000000"
								           >
									<Group DEF="group_ME_Plane_044">
										<Shape>
											<Appearance>
												<Material USE="MA_Body" />
											</Appearance>
											<IndexedTriangleSet solid="false"
											                    normalPerVertex="true"
											                    index="0 1 2 0 2 3 "
											                    >
												<Coordinate point="0.098643 0.006764 0.029720 -0.098643 -0.006764 -0.029720 -0.042741 0.242578 -0.272009 0.154545 0.256105 -0.212570 " />
												<Normal vector="0.248878 -0.703055 -0.666097 0.248878 -0.703055 -0.666097 0.248878 -0.703055 -0.666097 0.248878 -0.703055 -0.666097 " />
												<TextureCoordinate point="0.0084 0.5225 0.1297 0.5225 0.1297 0.7193 0.0084 0.7193 " />
											</IndexedTriangleSet>
										</Shape>
									</Group>
								</Transform>
							</Transform>
							<Transform DEF="Plane_045_TRANSFORM"
							           translation="0.121279 0.435790 -0.437545"
							           scale="1.000000 1.000000 1.000000"
							           rotation="0.000000 1.000000 0.000000 0.000000"
							           >
								<Transform DEF="Plane_045_ifs_TRANSFORM"
								           translation="0.000000 0.000000 0.000000"
								           scale="1.000000 1.000000 1.000000"
								           rotation="0.000000 1.000000 0.000000 0.000000"
								           >
									<Group DEF="group_ME_Plane_045">
										<Shape>
											<Appearance>
												<Material USE="MA_Body" />
											</Appearance>
											<IndexedTriangleSet solid="false"
											                    normalPerVertex="true"
											                    index="0 1 2 0 2 3 "
											                    >
												<Coordinate point="0.121059 0.023825 0.052450 -0.121059 -0.023825 -0.052450 -0.012416 0.104904 -0.361684 0.229703 0.152555 -0.256785 " />
												<Normal vector="0.299051 -0.913663 -0.275246 0.299051 -0.913663 -0.275246 0.299051 -0.913663 -0.275246 0.299051 -0.913663 -0.275246 " />
												<TextureCoordinate point="0.0084 0.5225 0.1297 0.5225 0.1297 0.7193 0.0084 0.7193 " />
											</IndexedTriangleSet>
										</Shape>
									</Group>
								</Transform>
							</Transform>
							<Transform DEF="Plane_046_TRANSFORM"
							           translation="0.000000 0.337600 -0.205834"
							           scale="1.000000 1.000000 1.000000"
							           rotation="0.000000 1.000000 0.000000 0.000000"
							           >
								<Transform DEF="Plane_046_ifs_TRANSFORM"
								           translation="0.000000 0.000000 0.000000"
								           scale="1.000000 1.000000 1.000000"
								           rotation="0.000000 1.000000 0.000000 0.000000"
								           >
									<Group DEF="group_ME_Plane_046">
										<Shape>
											<Appearance>
												<Material USE="MA_Body" />
											</Appearance>
											<IndexedTriangleSet solid="false"
											                    normalPerVertex="true"
											                    index="0 1 2 0 2 3 "
											                    >
												<Coordinate point="0.209865 -0.000000 -0.000000 -0.209865 0.000000 0.000000 -0.209865 0.670985 -0.097788 0.209865 0.670985 -0.097789 " />
												<Normal vector="0.000000 -0.144200 -0.989532 0.000000 -0.144200 -0.989532 0.000000 -0.144200 -0.989532 0.000000 -0.144200 -0.989532 " />
												<TextureCoordinate point="0.0084 0.5225 0.1297 0.5225 0.1297 0.7193 0.0084 0.7193 " />
											</IndexedTriangleSet>
										</Shape>
									</Group>
								</Transform>
							</Transform>
							<Transform DEF="Plane_069_TRANSFORM"
							           translation="-0.589029 0.258902 0.036016"
							           scale="1.000000 1.000000 1.000000"
							           rotation="0.000000 1.000000 0.000000 0.000000"
							           >
								<Transform DEF="Plane_069_ifs_TRANSFORM"
								           translation="0.000000 0.000000 0.000000"
								           scale="1.000000 1.000000 1.000000"
								           rotation="0.000000 1.000000 0.000000 0.000000"
								           >
									<Group DEF="group_ME_Plane_072">
										<Shape>
											<Appearance>
												<Material USE="MA_Body" />
											</Appearance>
											<IndexedTriangleSet solid="false"
											                    normalPerVertex="true"
											                    index="0 1 2 0 2 3 "
											                    >
												<Coordinate point="0.001830 0.007393 0.238429 -0.450418 0.501246 0.226588 -0.454079 0.486461 -0.250269 -0.001830 -0.007393 -0.238429 " />
												<Normal vector="-0.737541 -0.674764 0.026582 -0.737541 -0.674764 0.026582 -0.737541 -0.674764 0.026582 -0.737541 -0.674764 0.026582 " />
												<TextureCoordinate point="0.0084 0.5225 0.0084 0.7193 0.1297 0.7193 0.1297 0.5225 " />
											</IndexedTriangleSet>
										</Shape>
									</Group>
								</Transform>
							</Transform>
							<Transform DEF="Plane_070_TRANSFORM"
							           translation="-0.608687 0.260571 0.417363"
							           scale="1.000000 1.000000 1.000000"
							           rotation="0.000000 1.000000 0.000000 0.000000"
							           >
								<Transform DEF="Plane_070_ifs_TRANSFORM"
								           translation="0.000000 0.000000 0.000000"
								           scale="1.000000 1.000000 1.000000"
								           rotation="0.000000 1.000000 0.000000 0.000000"
								           >
									<Group DEF="group_ME_Plane_073">
										<Shape>
											<Appearance>
												<Material USE="MA_Body" />
											</Appearance>
											<IndexedTriangleSet solid="false"
											                    normalPerVertex="true"
											                    index="0 1 2 0 2 3 4 5 6 4 6 7 "
											                    >
												<Coordinate point="0.011900 0.009081 0.118894 -0.157693 0.266835 0.116182 -0.181494 0.248672 -0.121607 -0.011900 -0.009081 -0.118894 0.325977 -0.021892 0.395963 0.111101 0.355949 0.530760 -0.126825 0.324816 0.238757 0.088051 -0.053025 0.103960 " />
												<Normal vector="-0.829463 -0.544450 0.124607 -0.829463 -0.544450 0.124607 -0.829463 -0.544450 0.124607 -0.829463 -0.544450 0.124607 -0.617054 -0.551256 0.561541 -0.617054 -0.551256 0.561541 -0.617054 -0.551256 0.561541 -0.617054 -0.551256 0.561541 " />
												<TextureCoordinate point="0.0084 0.5225 0.0084 0.7193 0.1297 0.7193 0.1297 0.5225 0.0084 0.5225 0.0084 0.7193 0.1297 0.7193 0.1297 0.5225 " />
											</IndexedTriangleSet>
										</Shape>
									</Group>
								</Transform>
							</Transform>
							<Transform DEF="Plane_071_TRANSFORM"
							           translation="-0.567666 0.360124 -0.603675"
							           scale="1.000000 1.000000 1.000000"
							           rotation="0.000000 1.000000 0.000000 0.000000"
							           >
								<Transform DEF="Plane_071_ifs_TRANSFORM"
								           translation="0.000000 0.000000 0.000000"
								           scale="1.000000 1.000000 1.000000"
								           rotation="0.000000 1.000000 0.000000 0.000000"
								           >
									<Group DEF="group_ME_Plane_074">
										<Shape>
											<Appearance>
												<Material USE="MA_Body" />
											</Appearance>
											<IndexedTriangleSet solid="false"
											                    normalPerVertex="true"
											                    index="0 1 2 0 2 3 "
											                    >
												<Coordinate point="-0.106609 -0.004345 0.113561 -0.308432 0.379489 -0.061223 -0.095213 0.388178 -0.288345 0.106609 0.004345 -0.113561 " />
												<Normal vector="-0.587848 -0.570330 -0.573687 -0.587848 -0.570330 -0.573687 -0.587848 -0.570330 -0.573687 -0.587848 -0.570330 -0.573687 " />
												<TextureCoordinate point="0.0084 0.5225 0.0084 0.7193 0.1297 0.7193 0.1297 0.5225 " />
											</IndexedTriangleSet>
										</Shape>
									</Group>
								</Transform>
							</Transform>
							<Transform DEF="Plane_072_TRANSFORM"
							           translation="-0.137078 0.326060 0.063046"
							           scale="1.000000 1.000000 1.000000"
							           rotation="0.000000 1.000000 0.000000 0.000000"
							           >
								<Transform DEF="Plane_072_ifs_TRANSFORM"
								           translation="0.000000 0.000000 0.000000"
								           scale="1.000000 1.000000 1.000000"
								           rotation="0.000000 1.000000 0.000000 0.000000"
								           >
									<Group DEF="group_ME_Plane_075">
										<Shape>
											<Appearance>
												<Material USE="MA_Body" />
											</Appearance>
											<IndexedTriangleSet solid="false"
											                    normalPerVertex="true"
											                    index="0 1 2 0 2 3 4 5 6 4 6 7 "
											                    >
												<Coordinate point="-0.030949 -0.005299 0.151613 -0.304231 0.302836 0.106597 -0.242333 0.313434 -0.196629 0.030949 0.005299 -0.151613 0.146267 -0.111038 0.293632 0.061838 0.335998 0.458213 -0.210491 0.327616 0.341278 -0.126062 -0.119420 0.176697 " />
												<Normal vector="-0.724540 -0.667592 -0.171209 -0.724540 -0.667592 -0.171209 -0.724540 -0.667592 -0.171209 -0.724540 -0.667592 -0.171209 -0.354808 -0.381268 0.853633 -0.354808 -0.381268 0.853633 -0.354808 -0.381268 0.853633 -0.354808 -0.381268 0.853633 " />
												<TextureCoordinate point="0.0084 0.5225 0.0084 0.7193 0.1297 0.7193 0.1297 0.5225 0.0084 0.5225 0.0084 0.7193 0.1297 0.7193 0.1297 0.5225 " />
											</IndexedTriangleSet>
										</Shape>
									</Group>
								</Transform>
							</Transform>
							<Transform DEF="Plane_073_TRANSFORM"
							           translation="-0.431823 0.324206 0.116114"
							           scale="1.000000 1.000000 1.000000"
							           rotation="0.000000 1.000000 0.000000 0.000000"
							           >
								<Transform DEF="Plane_073_ifs_TRANSFORM"
								           translation="0.000000 0.000000 0.000000"
								           scale="1.000000 1.000000 1.000000"
								           rotation="0.000000 1.000000 0.000000 0.000000"
								           >
									<Group DEF="group_ME_Plane_076">
										<Shape>
											<Appearance>
												<Material USE="MA_Body" />
											</Appearance>
											<IndexedTriangleSet solid="false"
											                    normalPerVertex="true"
											                    index="0 1 2 0 2 3 "
											                    >
												<Coordinate point="0.005451 0.022302 0.119567 -0.236764 0.354558 0.068635 -0.247666 0.309954 -0.170498 -0.005451 -0.022302 -0.119567 " />
												<Normal vector="-0.810053 -0.568621 0.142979 -0.810053 -0.568621 0.142979 -0.810053 -0.568621 0.142979 -0.810053 -0.568621 0.142979 " />
												<TextureCoordinate point="0.0084 0.5225 0.0084 0.7193 0.1297 0.7193 0.1297 0.5225 " />
											</IndexedTriangleSet>
										</Shape>
									</Group>
								</Transform>
							</Transform>
							<Transform DEF="Plane_074_TRANSFORM"
							           translation="-0.415278 0.210832 0.298211"
							           scale="1.000000 1.000000 1.000000"
							           rotation="0.000000 1.000000 0.000000 0.000000"
							           >
								<Transform DEF="Plane_074_ifs_TRANSFORM"
								           translation="0.000000 0.000000 0.000000"
								           scale="1.000000 1.000000 1.000000"
								           rotation="0.000000 1.000000 0.000000 0.000000"
								           >
									<Group DEF="group_ME_Plane_077">
										<Shape>
											<Appearance>
												<Material USE="MA_Body" />
											</Appearance>
											<IndexedTriangleSet solid="false"
											                    normalPerVertex="true"
											                    index="0 1 2 0 2 3 "
											                    >
												<Coordinate point="0.101233 0.008474 0.067107 -0.012810 0.386908 0.191357 -0.215275 0.369961 0.057142 -0.101233 -0.008474 -0.067107 " />
												<Normal vector="-0.482559 -0.401044 0.778619 -0.482559 -0.401044 0.778619 -0.482559 -0.401044 0.778619 -0.482559 -0.401044 0.778619 " />
												<TextureCoordinate point="0.0084 0.5225 0.0084 0.7193 0.1297 0.7193 0.1297 0.5225 " />
											</IndexedTriangleSet>
										</Shape>
									</Group>
								</Transform>
							</Transform>
							<Transform DEF="Plane_075_TRANSFORM"
							           translation="-0.443305 0.277229 -0.135737"
							           scale="1.000000 1.000000 1.000000"
							           rotation="0.000000 1.000000 0.000000 0.000000"
							           >
								<Transform DEF="Plane_075_ifs_TRANSFORM"
								           translation="0.000000 0.000000 0.000000"
								           scale="1.000000 1.000000 1.000000"
								           rotation="0.000000 1.000000 0.000000 0.000000"
								           >
									<Group DEF="group_ME_Plane_078">
										<Shape>
											<Appearance>
												<Material USE="MA_Body" />
											</Appearance>
											<IndexedTriangleSet solid="false"
											                    normalPerVertex="true"
											                    index="0 1 2 0 2 3 4 5 6 4 6 7 "
											                    >
												<Coordinate point="-0.022076 0.000901 0.119729 -0.296498 0.306761 0.066827 -0.252346 0.304958 -0.172632 0.022077 -0.000902 -0.119729 -0.224151 0.087973 -0.087169 -0.393745 0.339477 -0.143650 -0.310042 0.345504 -0.368143 -0.140448 0.094000 -0.311662 " />
												<Normal vector="-0.726890 -0.674490 -0.128941 -0.726890 -0.674490 -0.128941 -0.726890 -0.674490 -0.128941 -0.726890 -0.674490 -0.128941 -0.758873 -0.578753 -0.298471 -0.758873 -0.578753 -0.298471 -0.758873 -0.578753 -0.298471 -0.758873 -0.578753 -0.298471 " />
												<TextureCoordinate point="0.0084 0.5225 0.0084 0.7193 0.1297 0.7193 0.1297 0.5225 0.0084 0.5225 0.0084 0.7193 0.1297 0.7193 0.1297 0.5225 " />
											</IndexedTriangleSet>
										</Shape>
									</Group>
								</Transform>
							</Transform>
							<Transform DEF="Plane_076_TRANSFORM"
							           translation="-0.306645 0.330106 -0.622477"
							           scale="1.000000 1.000000 1.000000"
							           rotation="0.000000 1.000000 0.000000 0.000000"
							           >
								<Transform DEF="Plane_076_ifs_TRANSFORM"
								           translation="0.000000 0.000000 0.000000"
								           scale="1.000000 1.000000 1.000000"
								           rotation="0.000000 1.000000 0.000000 0.000000"
								           >
									<Group DEF="group_ME_Plane_079">
										<Shape>
											<Appearance>
												<Material USE="MA_Body" />
											</Appearance>
											<IndexedTriangleSet solid="false"
											                    normalPerVertex="true"
											                    index="0 1 2 0 2 3 "
											                    >
												<Coordinate point="-0.098643 0.006764 0.029720 -0.154545 0.256106 -0.212570 0.042741 0.242578 -0.272009 0.098643 -0.006764 -0.029720 " />
												<Normal vector="-0.248878 -0.703055 -0.666097 -0.248878 -0.703055 -0.666097 -0.248878 -0.703055 -0.666097 -0.248878 -0.703055 -0.666097 " />
												<TextureCoordinate point="0.0084 0.5225 0.0084 0.7193 0.1297 0.7193 0.1297 0.5225 " />
											</IndexedTriangleSet>
										</Shape>
									</Group>
								</Transform>
							</Transform>
							<Transform DEF="Plane_077_TRANSFORM"
							           translation="-0.121279 0.435790 -0.437545"
							           scale="1.000000 1.000000 1.000000"
							           rotation="0.000000 1.000000 0.000000 0.000000"
							           >
								<Transform DEF="Plane_077_ifs_TRANSFORM"
								           translation="0.000000 0.000000 0.000000"
								           scale="1.000000 1.000000 1.000000"
								           rotation="0.000000 1.000000 0.000000 0.000000"
								           >
									<Group DEF="group_ME_Plane_080">
										<Shape>
											<Appearance>
												<Material USE="MA_Body" />
											</Appearance>
											<IndexedTriangleSet solid="false"
											                    normalPerVertex="true"
											                    index="0 1 2 0 2 3 "
											                    >
												<Coordinate point="-0.121059 0.023825 0.052450 -0.229703 0.152555 -0.256785 0.012416 0.104905 -0.361684 0.121059 -0.023825 -0.052450 " />
												<Normal vector="-0.299051 -0.913663 -0.275246 -0.299051 -0.913633 -0.275246 -0.299051 -0.913663 -0.275246 -0.299051 -0.913663 -0.275246 " />
												<TextureCoordinate point="0.0084 0.5225 0.0084 0.7193 0.1297 0.7193 0.1297 0.5225 " />
											</IndexedTriangleSet>
										</Shape>
									</Group>
								</Transform>
							</Transform>
						</Transform>
					</Transform>
				</Transform>
			</Transform>
			<Transform DEF="foot3_TRANSFORM"
			           translation="-0.385554 -0.299668 -0.553584"
			           scale="1.000000 1.000000 1.000000"
			           rotation="0.000000 1.000000 0.000000 0.000000"
			           >
				<Transform DEF="foot3_ifs_TRANSFORM"
				           translation="0.000000 0.000000 0.000000"
				           scale="1.000000 1.000000 1.000000"
				           rotation="0.000000 1.000000 0.000000 0.000000"
				           >
					<Group DEF="group_ME_foot3">
						<Shape>
							<Appearance>
								<Material USE="MA_Body" />
							</Appearance>
							<IndexedTriangleSet solid="false"
							                    normalPerVertex="true"
							                    index="0 1 2 0 2 3 4 5 6 4 6 7 8 9 10 8 10 11 12 13 14 12 14 15 4 13 16 4 16 17 18 19 14 18 14 7 "
							                    >
								<Coordinate point="0.340070 -0.764700 -0.439274 0.340070 -0.553850 -0.806328 0.340070 0.337490 -0.294307 0.340070 0.126640 0.072747 0.340070 -0.553850 -0.806328 -0.340070 -0.553850 -0.806328 -0.340070 0.337490 -0.294307 0.340070 0.337490 -0.294307 -0.340070 -0.553850 -0.806328 -0.340070 -0.764700 -0.439274 -0.340070 0.126640 0.072747 -0.340070 0.337490 -0.294307 -0.340070 -0.764700 -0.439274 0.340070 -0.764700 -0.439274 0.340070 0.126640 0.072747 -0.340070 0.126640 0.072747 -0.340070 -0.764700 -0.439274 -0.340070 -0.553850 -0.806328 -0.340070 0.337490 -0.294307 -0.340070 0.126640 0.072747 " />
								<Normal vector="0.577349 -0.788202 0.213019 0.577349 -0.213019 -0.788202 0.577349 0.788202 -0.213019 0.577349 0.213019 0.788202 0.577349 -0.213019 -0.788202 -0.577349 -0.213019 -0.788202 -0.577349 0.788202 -0.213019 0.577349 0.788202 -0.213019 -0.577349 -0.213019 -0.788202 -0.577349 -0.788202 0.213019 -0.577349 0.213019 0.788202 -0.577349 0.788202 -0.213019 -0.577349 -0.788202 0.213019 0.577349 -0.788202 0.213019 0.577349 0.213019 0.788202 -0.577349 0.213019 0.788202 -0.577349 -0.788202 0.213019 -0.577349 -0.213019 -0.788202 -0.577349 0.788202 -0.213019 -0.577349 0.213019 0.788202 " />
								<TextureCoordinate point="0.0104 0.7684 0.0104 0.9819 0.1308 0.9819 0.1308 0.7684 0.0104 0.7684 0.0104 0.9819 0.1308 0.9819 0.1308 0.7684 0.0104 0.7684 0.0104 0.9819 0.1308 0.9819 0.1308 0.7684 0.0104 0.7684 0.0104 0.9819 0.1308 0.9819 0.1308 0.7684 0.1308 0.9819 0.1308 0.7684 0.0104 0.7684 0.0104 0.9819 " />
							</IndexedTriangleSet>
						</Shape>
					</Group>
				</Transform>
				<Transform DEF="Cube_010_TRANSFORM"
				           translation="0.010423 -0.641563 -0.592589"
				           scale="1.000000 1.000000 1.000000"
				           rotation="0.000000 1.000000 0.000000 0.000000"
				           >
					<Transform DEF="Cube_010_ifs_TRANSFORM"
					           translation="0.000000 0.000000 0.000000"
					           scale="1.000000 1.000000 1.000000"
					           rotation="0.000000 1.000000 0.000000 0.000000"
					           >
						<Group DEF="group_ME_Cube_007">
							<Shape>
								<Appearance>
									<Material USE="MA_Body" />
								</Appearance>
								<IndexedTriangleSet solid="false"
								                    normalPerVertex="true"
								                    index="0 1 2 0 2 3 4 5 6 4 6 7 8 9 10 8 10 11 12 13 14 12 14 15 4 13 16 4 16 17 18 19 14 18 14 7 20 21 22 20 22 23 24 25 26 24 26 27 28 29 30 28 30 31 32 33 34 32 34 35 24 33 36 24 36 37 38 39 34 38 34 27 40 41 42 40 42 43 44 45 46 44 46 47 48 49 50 48 50 51 52 53 54 52 54 55 44 53 56 44 56 57 58 59 54 58 54 47 "
								                    >
									<Coordinate point="0.067664 -0.166135 -0.047264 0.067664 -0.110329 -0.132900 0.067664 0.027903 -0.042818 0.067664 -0.027903 0.042818 0.067664 -0.110329 -0.132900 -0.067664 -0.110329 -0.132900 -0.067664 0.027903 -0.042818 0.067664 0.027903 -0.042818 -0.067664 -0.110329 -0.132900 -0.067664 -0.166135 -0.047264 -0.067664 -0.027903 0.042818 -0.067664 0.027903 -0.042818 -0.067664 -0.166135 -0.047264 0.067664 -0.166135 -0.047264 0.067664 -0.027903 0.042818 -0.067664 -0.027903 0.042818 -0.067664 -0.166135 -0.047264 -0.067664 -0.110329 -0.132900 -0.067664 0.027903 -0.042818 -0.067664 -0.027903 0.042818 -0.094321 -0.171458 -0.049707 -0.092940 -0.115709 -0.135370 -0.077899 0.021891 -0.045578 -0.079280 -0.033857 0.040085 -0.092940 -0.115709 -0.135370 -0.227693 -0.104375 -0.130166 -0.212652 0.033226 -0.040374 -0.077899 0.021891 -0.045578 -0.227693 -0.104375 -0.130166 -0.229074 -0.160123 -0.044504 -0.214033 -0.022523 0.045288 -0.212652 0.033226 -0.040374 -0.229074 -0.160123 -0.044504 -0.094321 -0.171458 -0.049707 -0.079280 -0.033857 0.040085 -0.214033 -0.022523 0.045288 -0.229074 -0.160123 -0.044504 -0.227693 -0.104375 -0.130166 -0.212652 0.033226 -0.040374 -0.214033 -0.022523 0.045288 0.212796 -0.153973 -0.041680 0.210780 -0.098291 -0.127373 0.188827 0.038593 -0.037910 0.190843 -0.017090 0.047782 0.210780 -0.098291 -0.127373 0.092054 -0.112937 -0.134097 0.070101 0.023947 -0.044634 0.188827 0.038593 -0.037910 0.092054 -0.112937 -0.134097 0.094070 -0.168620 -0.048404 0.072117 -0.031736 0.041058 0.070101 0.023947 -0.044634 0.094070 -0.168620 -0.048404 0.212796 -0.153973 -0.041680 0.190843 -0.017090 0.047782 0.072117 -0.031736 0.041058 0.094070 -0.168620 -0.048404 0.092054 -0.112937 -0.134097 0.070101 0.023947 -0.044634 0.072117 -0.031736 0.041058 " />
									<Normal vector="0.577349 -0.798914 0.168462 0.577349 -0.168462 -0.798914 0.577349 0.798914 -0.168462 0.577349 0.168462 0.798914 0.577349 -0.168462 -0.798914 -0.577349 -0.168462 -0.798914 -0.577349 0.798914 -0.168462 0.577349 0.798914 -0.168462 -0.577349 -0.168462 -0.798914 -0.577349 -0.798914 0.168462 -0.577349 0.168462 0.798914 -0.577349 0.798914 -0.168462 -0.577349 -0.798914 0.168462 0.577349 -0.798914 0.168462 0.577349 0.168462 0.798914 -0.577349 0.168462 0.798914 -0.577349 -0.798914 0.168462 -0.577349 -0.168462 -0.798914 -0.577349 0.798914 -0.168462 -0.577349 0.168462 0.798914 0.514450 -0.844722 0.147435 0.530045 -0.214942 -0.820246 0.635304 0.748009 -0.191839 0.619709 0.118229 0.775842 0.530045 -0.214942 -0.820246 -0.619709 -0.118229 -0.775842 -0.514450 0.844722 -0.147435 0.635304 0.748009 -0.191839 -0.619709 -0.118229 -0.775842 -0.635304 -0.748009 0.191839 -0.530045 0.214942 0.820246 -0.514450 0.844722 -0.147435 -0.635304 -0.748009 0.191839 0.514450 -0.844722 0.147435 0.619709 0.118229 0.775842 -0.530045 0.214942 0.820246 -0.635304 -0.748009 0.191839 -0.619709 -0.118229 -0.775842 -0.514450 0.844722 -0.147435 -0.530045 0.214942 0.820246 0.660298 -0.722922 0.203375 0.637532 -0.093875 -0.764672 0.483871 0.864071 -0.138554 0.506668 0.235023 0.829463 0.637532 -0.093875 -0.764672 -0.506668 -0.235023 -0.829463 -0.660298 0.722922 -0.203375 0.483871 0.864071 -0.138554 -0.506668 -0.235023 -0.829463 -0.483871 -0.864071 0.138554 -0.637532 0.093875 0.764672 -0.660298 0.722922 -0.203375 -0.483871 -0.864071 0.138554 0.660298 -0.722922 0.203375 0.506668 0.235023 0.829463 -0.637532 0.093875 0.764672 -0.483871 -0.864071 0.138554 -0.506668 -0.235023 -0.829463 -0.660298 0.722922 -0.203375 -0.637532 0.093875 0.764672 " />
									<TextureCoordinate point="0.0066 0.5204 0.0066 0.7306 0.1297 0.7306 0.1297 0.5204 0.0066 0.5204 0.0066 0.7306 0.1297 0.7306 0.1297 0.5204 0.0066 0.5204 0.0066 0.7306 0.1297 0.7306 0.1297 0.5204 0.0066 0.5204 0.0066 0.7306 0.1297 0.7306 0.1297 0.5204 0.1297 0.7306 0.1297 0.5204 0.0066 0.5204 0.0066 0.7306 0.0066 0.5204 0.0066 0.7306 0.1297 0.7306 0.1297 0.5204 0.0066 0.5204 0.0066 0.7306 0.1297 0.7306 0.1297 0.5204 0.0066 0.5204 0.0066 0.7306 0.1297 0.7306 0.1297 0.5204 0.0066 0.5204 0.0066 0.7306 0.1297 0.7306 0.1297 0.5204 0.1297 0.7306 0.1297 0.5204 0.0066 0.5204 0.0066 0.7306 0.0066 0.5204 0.0066 0.7306 0.1297 0.7306 0.1297 0.5204 0.0066 0.5204 0.0066 0.7306 0.1297 0.7306 0.1297 0.5204 0.0066 0.5204 0.0066 0.7306 0.1297 0.7306 0.1297 0.5204 0.0066 0.5204 0.0066 0.7306 0.1297 0.7306 0.1297 0.5204 0.1297 0.7306 0.1297 0.5204 0.0066 0.5204 0.0066 0.7306 " />
								</IndexedTriangleSet>
							</Shape>
						</Group>
					</Transform>
				</Transform>
			</Transform>
		</Transform>
	</Scene>
</X3D>